stage_id,stage_name,agency_id,source_id,raw_file_id
MTC_STAGE_0002_100_FEET_ROAD_JN,100 FEET ROAD JN.,MTC,MTC_OFFICIAL,MTC_OFFICIAL_STAGES_20260918
MTC_STAGE_0003_12_THJN_OF_III_AND_1,12 THJN OF III AND 1ST AVE,MTC,MTC_OFFICIAL,MTC_OFFICIAL_STAGES_20260918
MTC_STAGE_0004_230_K_V_TOWER,230 K.V.TOWER,MTC,MTC_OFFICIAL,MTC_OFFICIAL_STAGES_20260918
MTC_STAGE_0005_2ND_WATER_TANK_ON_SE,2ND WATER TANK ON SECOND AVE.,MTC,MTC_OFFICIAL,MTC_OFFICIAL_STAGES_20260918
MTC_STAGE_0006_A_G_S_OFFICER_S_COLO,A.G.S.OFFICER'S COLONY,MTC,MTC_OFFICIAL,MTC_OFFICIAL_STAGES_20260918
MTC_STAGE_0007_A_M_S_HOSPITAL,A.M.S.HOSPITAL,MTC,MTC_OFFICIAL,MTC_OFFICIAL_STAGES_20260918
MTC_STAGE_0008_A_V_CONSTRUCTION,A.V.CONSTRUCTION,MTC,MTC_OFFICIAL,MTC_OFFICIAL_STAGES_20260918
MTC_STAGE_0009_AACHI_MASALA_FOODS,AACHI MASALA FOODS,MTC,MTC_OFFICIAL,MTC_OFFICIAL_STAGES_20260918
MTC_STAGE_0010_AAFS_CROSS_ROAD,AAFS CROSS ROAD,MTC,MTC_OFFICIAL,MTC_OFFICIAL_STAGES_20260918
MTC_STAGE_0011_AAR_COLONY,AAR COLONY,MTC,MTC_OFFICIAL,MTC_OFFICIAL_STAGES_20260918
MTC_STAGE_0012_AAYA_KOLATHUR,AAYA KOLATHUR,MTC,MTC_OFFICIAL,MTC_OFFICIAL_STAGES_20260918
MTC_STAGE_0013_AAYURVEDA_ASHRAMAM,AAYURVEDA ASHRAMAM,MTC,MTC_OFFICIAL,MTC_OFFICIAL_STAGES_20260918
MTC_STAGE_0014_ABIRAMI_MADAM,ABIRAMI MADAM,MTC,MTC_OFFICIAL,MTC_OFFICIAL_STAGES_20260918
MTC_STAGE_0015_ACS_HOSPITAL,ACS HOSPITAL,MTC,MTC_OFFICIAL,MTC_OFFICIAL_STAGES_20260918
MTC_STAGE_0016_ADAMBAKKAM,ADAMBAKKAM,MTC,MTC_OFFICIAL,MTC_OFFICIAL_STAGES_20260918
MTC_STAGE_0017_ADAMBAKKAM_P_S,ADAMBAKKAM P.S,MTC,MTC_OFFICIAL,MTC_OFFICIAL_STAGES_20260918
MTC_STAGE_0018_ADI_DRAVIDAR_HOSTEL,ADI DRAVIDAR HOSTEL,MTC,MTC_OFFICIAL,MTC_OFFICIAL_STAGES_20260918
MTC_STAGE_0019_ADYAR_B_S,ADYAR B.S.,MTC,MTC_OFFICIAL,MTC_OFFICIAL_STAGES_20260918
MTC_STAGE_0020_ADYAR_B_T,ADYAR B.T,MTC,MTC_OFFICIAL,MTC_OFFICIAL_STAGES_20260918
MTC_STAGE_0021_ADYAR_BRIDGE_INDRA_N,ADYAR BRIDGE INDRA NAGAR RD,MTC,MTC_OFFICIAL,MTC_OFFICIAL_STAGES_20260918
MTC_STAGE_0022_ADYAR_DEPOT,ADYAR DEPOT,MTC,MTC_OFFICIAL,MTC_OFFICIAL_STAGES_20260918
MTC_STAGE_0023_ADYAR_GANDHI_NAGAR,ADYAR GANDHI NAGAR,MTC,MTC_OFFICIAL,MTC_OFFICIAL_STAGES_20260918
MTC_STAGE_0024_ADYAR_GATE,ADYAR GATE,MTC,MTC_OFFICIAL,MTC_OFFICIAL_STAGES_20260918
MTC_STAGE_0025_ADYAR_O_T,ADYAR O.T.,MTC,MTC_OFFICIAL,MTC_OFFICIAL_STAGES_20260918
MTC_STAGE_0026_AGARAM,AGARAM,MTC,MTC_OFFICIAL,MTC_OFFICIAL_STAGES_20260918
MTC_STAGE_0027_AGARAM_KANDIGAI,AGARAM KANDIGAI,MTC,MTC_OFFICIAL,MTC_OFFICIAL_STAGES_20260918
MTC_STAGE_0028_AGARAMTHEN,AGARAMTHEN,MTC,MTC_OFFICIAL,MTC_OFFICIAL_STAGES_20260918
MTC_STAGE_0029_AIR_NAGAR,AIR NAGAR,MTC,MTC_OFFICIAL,MTC_OFFICIAL_STAGES_20260918
MTC_STAGE_0030_AIRFORCE_STATION,AIRFORCE STATION,MTC,MTC_OFFICIAL,MTC_OFFICIAL_STAGES_20260918
MTC_STAGE_0031_AIRPORT_METRO,AIRPORT METRO,MTC,MTC_OFFICIAL,MTC_OFFICIAL_STAGES_20260918
MTC_STAGE_0032_AKARAMBAKKAM,AKARAMBAKKAM,MTC,MTC_OFFICIAL,MTC_OFFICIAL_STAGES_20260918
MTC_STAGE_0033_ALAGESA_NAGAR,ALAGESA NAGAR,MTC,MTC_OFFICIAL,MTC_OFFICIAL_STAGES_20260918
MTC_STAGE_0034_ALAGESAN_NAGAR,ALAGESAN NAGAR,MTC,MTC_OFFICIAL,MTC_OFFICIAL_STAGES_20260918
MTC_STAGE_0035_ALAMADHI,ALAMADHI,MTC,MTC_OFFICIAL,MTC_OFFICIAL_STAGES_20260918
MTC_STAGE_0036_ALAMADHI_OLD,ALAMADHI OLD,MTC,MTC_OFFICIAL,MTC_OFFICIAL_STAGES_20260918
MTC_STAGE_0037_ALAMARAM_RD__JN,ALAMARAM RD. JN.,MTC,MTC_OFFICIAL,MTC_OFFICIAL_STAGES_20260918
MTC_STAGE_0038_ALAMATHI,ALAMATHI,MTC,MTC_OFFICIAL,MTC_OFFICIAL_STAGES_20260918
MTC_STAGE_0039_ALANDUR_GANDHI_MARKE,ALANDUR GANDHI MARKET,MTC,MTC_OFFICIAL,MTC_OFFICIAL_STAGES_20260918
MTC_STAGE_0040_ALANDUR_METRO_R_S,ALANDUR METRO R.S.,MTC,MTC_OFFICIAL,MTC_OFFICIAL_STAGES_20260918
MTC_STAGE_0041_ALAPAKKAM,ALAPAKKAM,MTC,MTC_OFFICIAL,MTC_OFFICIAL_STAGES_20260918
MTC_STAGE_0042_ALLIKULAM,ALLIKULAM,MTC,MTC_OFFICIAL,MTC_OFFICIAL_STAGES_20260918
MTC_STAGE_0043_ALWAR_THIRUNAGAR,ALWAR THIRUNAGAR,MTC,MTC_OFFICIAL,MTC_OFFICIAL_STAGES_20260918
MTC_STAGE_0044_AMANAMBAKKAM,AMANAMBAKKAM,MTC,MTC_OFFICIAL,MTC_OFFICIAL_STAGES_20260918
MTC_STAGE_0045_AMARAMBEDU,AMARAMBEDU,MTC,MTC_OFFICIAL,MTC_OFFICIAL_STAGES_20260918
MTC_STAGE_0046_AMARAMBEDU_CHATRAM,AMARAMBEDU CHATRAM,MTC,MTC_OFFICIAL,MTC_OFFICIAL_STAGES_20260918
MTC_STAGE_0047_AMARAMBEDU_EAST,AMARAMBEDU EAST,MTC,MTC_OFFICIAL,MTC_OFFICIAL_STAGES_20260918
MTC_STAGE_0048_AMARAMBEDU_JN,AMARAMBEDU JN,MTC,MTC_OFFICIAL,MTC_OFFICIAL_STAGES_20260918
MTC_STAGE_0049_AMARAMBEDU_ROAD,AMARAMBEDU ROAD,MTC,MTC_OFFICIAL,MTC_OFFICIAL_STAGES_20260918
MTC_STAGE_0050_AMARAMBEDU_VILLAGE,AMARAMBEDU VILLAGE,MTC,MTC_OFFICIAL,MTC_OFFICIAL_STAGES_20260918
MTC_STAGE_0051_AMBATTUR_I_E,AMBATTUR I.E,MTC,MTC_OFFICIAL,MTC_OFFICIAL_STAGES_20260918
MTC_STAGE_0052_AMBATTUR_I_E,AMBATTUR I.E.,MTC,MTC_OFFICIAL,MTC_OFFICIAL_STAGES_20260918
MTC_STAGE_0053_AMBATTUR_O_T,AMBATTUR O.T,MTC,MTC_OFFICIAL,MTC_OFFICIAL_STAGES_20260918
MTC_STAGE_0054_AMBATTUR_O_T,AMBATTUR O.T.,MTC,MTC_OFFICIAL,MTC_OFFICIAL_STAGES_20260918
MTC_STAGE_0055_AMBATTUR_R_S,AMBATTUR R.S.,MTC,MTC_OFFICIAL,MTC_OFFICIAL_STAGES_20260918
MTC_STAGE_0056_AMBEDKAR_GROUND,AMBEDKAR GROUND,MTC,MTC_OFFICIAL,MTC_OFFICIAL_STAGES_20260918
MTC_STAGE_0057_AMBEDKAR_NAGAR,AMBEDKAR NAGAR,MTC,MTC_OFFICIAL,MTC_OFFICIAL_STAGES_20260918
MTC_STAGE_0058_AMBEDKAR_STATUE,AMBEDKAR STATUE,MTC,MTC_OFFICIAL,MTC_OFFICIAL_STAGES_20260918
MTC_STAGE_0059_AMINJIKARAI,AMINJIKARAI,MTC,MTC_OFFICIAL,MTC_OFFICIAL_STAGES_20260918
MTC_STAGE_0060_AMIRTHANALLUR,AMIRTHANALLUR,MTC,MTC_OFFICIAL,MTC_OFFICIAL_STAGES_20260918
MTC_STAGE_0061_AMMA_NAGAR,AMMA NAGAR,MTC,MTC_OFFICIAL,MTC_OFFICIAL_STAGES_20260918
MTC_STAGE_0062_AMMAN_KULAM,AMMAN KULAM,MTC,MTC_OFFICIAL,MTC_OFFICIAL_STAGES_20260918
MTC_STAGE_0063_AMMANAMBAKKAM,AMMANAMBAKKAM,MTC,MTC_OFFICIAL,MTC_OFFICIAL_STAGES_20260918
MTC_STAGE_0064_AMMUR_COLONY,AMMUR COLONY,MTC,MTC_OFFICIAL,MTC_OFFICIAL_STAGES_20260918
MTC_STAGE_0065_AMUDHAM_NAGAR,AMUDHAM NAGAR,MTC,MTC_OFFICIAL,MTC_OFFICIAL_STAGES_20260918
MTC_STAGE_0066_AMUDURMEDU,AMUDURMEDU,MTC,MTC_OFFICIAL,MTC_OFFICIAL_STAGES_20260918
MTC_STAGE_0067_AMUTHAM_STORES,AMUTHAM STORES,MTC,MTC_OFFICIAL,MTC_OFFICIAL_STAGES_20260918
MTC_STAGE_0068_AMUTHAMBEDU_II,AMUTHAMBEDU-II,MTC,MTC_OFFICIAL,MTC_OFFICIAL_STAGES_20260918
MTC_STAGE_0069_ANAIKATTUCHERY_DIV_S,ANAIKATTUCHERY(DIV STAGE),MTC,MTC_OFFICIAL,MTC_OFFICIAL_STAGES_20260918
MTC_STAGE_0070_ANAKAPUTHUR,ANAKAPUTHUR,MTC,MTC_OFFICIAL,MTC_OFFICIAL_STAGES_20260918
MTC_STAGE_0071_ANAKAPUTHUR_AMMANKOV,ANAKAPUTHUR AMMANKOVIL,MTC,MTC_OFFICIAL,MTC_OFFICIAL_STAGES_20260918
MTC_STAGE_0072_ANDAL_NAGAR,ANDAL NAGAR,MTC,MTC_OFFICIAL,MTC_OFFICIAL_STAGES_20260918
MTC_STAGE_0073_ANDARKUPPAM,ANDARKUPPAM,MTC,MTC_OFFICIAL,MTC_OFFICIAL_STAGES_20260918
MTC_STAGE_0074_ANDERSONPET,ANDERSONPET,MTC,MTC_OFFICIAL,MTC_OFFICIAL_STAGES_20260918
MTC_STAGE_0075_ANGADU,ANGADU,MTC,MTC_OFFICIAL,MTC_OFFICIAL_STAGES_20260918
MTC_STAGE_0076_ANGALAMMAN_KOIL,ANGALAMMAN KOIL,MTC,MTC_OFFICIAL,MTC_OFFICIAL_STAGES_20260918
MTC_STAGE_0077_ANGALAMMAN_KOIL_ARAS,ANGALAMMAN KOIL(ARASAMARAM),MTC,MTC_OFFICIAL,MTC_OFFICIAL_STAGES_20260918
MTC_STAGE_0078_ANGALAMMAN_TEMPLE,ANGALAMMAN TEMPLE,MTC,MTC_OFFICIAL,MTC_OFFICIAL_STAGES_20260918
MTC_STAGE_0079_ANJATHAMMAN_KOIL,ANJATHAMMAN KOIL,MTC,MTC_OFFICIAL,MTC_OFFICIAL_STAGES_20260918
MTC_STAGE_0080_ANJUGAM_SCHOOL,ANJUGAM SCHOOL,MTC,MTC_OFFICIAL,MTC_OFFICIAL_STAGES_20260918
MTC_STAGE_0081_ANNA_NAGAR,ANNA NAGAR,MTC,MTC_OFFICIAL,MTC_OFFICIAL_STAGES_20260918
MTC_STAGE_0082_ANNA_NAGAR_CIRCLE,ANNA NAGAR CIRCLE,MTC,MTC_OFFICIAL,MTC_OFFICIAL_STAGES_20260918
MTC_STAGE_0083_ANNA_NAGAR_COLONY,ANNA NAGAR COLONY,MTC,MTC_OFFICIAL,MTC_OFFICIAL_STAGES_20260918
MTC_STAGE_0084_ANNA_NAGAR_EAST,ANNA NAGAR EAST,MTC,MTC_OFFICIAL,MTC_OFFICIAL_STAGES_20260918
MTC_STAGE_0085_ANNA_NAGAR_WEST,ANNA NAGAR WEST,MTC,MTC_OFFICIAL,MTC_OFFICIAL_STAGES_20260918
MTC_STAGE_0086_ANNA_POORNA_HOTEL_DA,ANNA POORNA HOTEL/DAMS RD,MTC,MTC_OFFICIAL,MTC_OFFICIAL_STAGES_20260918
MTC_STAGE_0087_ANNA_ROAD_P_O__DAMS_,ANNA ROAD P.O./DAMS ROAD,MTC,MTC_OFFICIAL,MTC_OFFICIAL_STAGES_20260918
MTC_STAGE_0088_ANNA_SQUARE,ANNA SQUARE,MTC,MTC_OFFICIAL,MTC_OFFICIAL_STAGES_20260918
MTC_STAGE_0089_ANNA_UNIVERSITY,ANNA UNIVERSITY,MTC,MTC_OFFICIAL,MTC_OFFICIAL_STAGES_20260918
MTC_STAGE_0090_ANNAI_SATHYA_NAGAR,ANNAI SATHYA NAGAR,MTC,MTC_OFFICIAL,MTC_OFFICIAL_STAGES_20260918
MTC_STAGE_0091_ANNAIKATTU_CHERY,ANNAIKATTU CHERY,MTC,MTC_OFFICIAL,MTC_OFFICIAL_STAGES_20260918
MTC_STAGE_0092_ANNAIKATTUCHERY,ANNAIKATTUCHERY,MTC,MTC_OFFICIAL,MTC_OFFICIAL_STAGES_20260918
MTC_STAGE_0093_ANNAMALAICHERY,ANNAMALAICHERY,MTC,MTC_OFFICIAL,MTC_OFFICIAL_STAGES_20260918
MTC_STAGE_0094_ANNANOOR_R_S,ANNANOOR R.S,MTC,MTC_OFFICIAL,MTC_OFFICIAL_STAGES_20260918
MTC_STAGE_0095_ANUPPAMPATTU_R_S,ANUPPAMPATTU R.S,MTC,MTC_OFFICIAL,MTC_OFFICIAL_STAGES_20260918
MTC_STAGE_0096_ARAKKAMBAKKAM,ARAKKAMBAKKAM,MTC,MTC_OFFICIAL,MTC_OFFICIAL_STAGES_20260918
MTC_STAGE_0097_ARAKKAMBAKKAM_RD_JN,ARAKKAMBAKKAM RD.JN.,MTC,MTC_OFFICIAL,MTC_OFFICIAL_STAGES_20260918
MTC_STAGE_0098_ARANI,ARANI,MTC,MTC_OFFICIAL,MTC_OFFICIAL_STAGES_20260918
MTC_STAGE_0099_ARANVOYAL,ARANVOYAL,MTC,MTC_OFFICIAL,MTC_OFFICIAL_STAGES_20260918
MTC_STAGE_0100_ARANVOYAL_KUPPAM,ARANVOYAL KUPPAM,MTC,MTC_OFFICIAL,MTC_OFFICIAL_STAGES_20260918
MTC_STAGE_0101_ARASANKAZHANI,ARASANKAZHANI,MTC,MTC_OFFICIAL,MTC_OFFICIAL_STAGES_20260918
MTC_STAGE_0102_ARIKABEDU,ARIKABEDU,MTC,MTC_OFFICIAL,MTC_OFFICIAL_STAGES_20260918
MTC_STAGE_0103_ARIKAMBEDU,ARIKAMBEDU,MTC,MTC_OFFICIAL,MTC_OFFICIAL_STAGES_20260918
MTC_STAGE_0104_ARIYALUR,ARIYALUR,MTC,MTC_OFFICIAL,MTC_OFFICIAL_STAGES_20260918
MTC_STAGE_0105_ARIYAPAKKAM,ARIYAPAKKAM,MTC,MTC_OFFICIAL,MTC_OFFICIAL_STAGES_20260918
MTC_STAGE_0106_ARMY_CAMP,ARMY CAMP,MTC,MTC_OFFICIAL,MTC_OFFICIAL_STAGES_20260918
MTC_STAGE_0107_ARUMANDAI_RD_JN,ARUMANDAI RD.JN.,MTC,MTC_OFFICIAL,MTC_OFFICIAL_STAGES_20260918
MTC_STAGE_0108_ARUMBAKKAM,ARUMBAKKAM,MTC,MTC_OFFICIAL,MTC_OFFICIAL_STAGES_20260918
MTC_STAGE_0109_ARUNGAL,ARUNGAL,MTC,MTC_OFFICIAL,MTC_OFFICIAL_STAGES_20260918
MTC_STAGE_0110_ARUNODHAYA_NAGAR,ARUNODHAYA NAGAR,MTC,MTC_OFFICIAL,MTC_OFFICIAL_STAGES_20260918
MTC_STAGE_0111_ASHOK_LEYLAND,ASHOK LEYLAND,MTC,MTC_OFFICIAL,MTC_OFFICIAL_STAGES_20260918
MTC_STAGE_0112_ASHOK_LEYLAND_MARK_D,ASHOK LEYLAND MARK.DIV.,MTC,MTC_OFFICIAL,MTC_OFFICIAL_STAGES_20260918
MTC_STAGE_0113_ASHOK_NAGAR_METRO_R_,ASHOK NAGAR METRO R.S.,MTC,MTC_OFFICIAL,MTC_OFFICIAL_STAGES_20260918
MTC_STAGE_0114_ASHOK_PILLAR,ASHOK PILLAR,MTC,MTC_OFFICIAL,MTC_OFFICIAL_STAGES_20260918
MTC_STAGE_0115_ASTHINAPURAM,ASTHINAPURAM,MTC,MTC_OFFICIAL,MTC_OFFICIAL_STAGES_20260918
MTC_STAGE_0116_ATHANOOR_RD_JN,ATHANOOR RD JN,MTC,MTC_OFFICIAL,MTC_OFFICIAL_STAGES_20260918
MTC_STAGE_0117_ATHANOOR_RD_JN,ATHANOOR RD.JN,MTC,MTC_OFFICIAL,MTC_OFFICIAL_STAGES_20260918
MTC_STAGE_0118_ATHIPATTU_KRISHANER_,ATHIPATTU KRISHANER KOIL,MTC,MTC_OFFICIAL,MTC_OFFICIAL_STAGES_20260918
MTC_STAGE_0119_ATHIPATTU_KRISHANER_,ATHIPATTU KRISHANER TEMPLE,MTC,MTC_OFFICIAL,MTC_OFFICIAL_STAGES_20260918
MTC_STAGE_0120_ATHIPATTU_PUDU_NAGAR,ATHIPATTU PUDU NAGAR,MTC,MTC_OFFICIAL,MTC_OFFICIAL_STAGES_20260918
MTC_STAGE_0121_ATHIPEDU_CAMP_ROAD,ATHIPEDU CAMP ROAD,MTC,MTC_OFFICIAL,MTC_OFFICIAL_STAGES_20260918
MTC_STAGE_0122_ATHIPET_I_C_F__COLON,ATHIPET I.C.F. COLONY,MTC,MTC_OFFICIAL,MTC_OFFICIAL_STAGES_20260918
MTC_STAGE_0123_ATHIPET_JN,ATHIPET JN,MTC,MTC_OFFICIAL,MTC_OFFICIAL_STAGES_20260918
MTC_STAGE_0124_ATHUPAKKAM,ATHUPAKKAM,MTC,MTC_OFFICIAL,MTC_OFFICIAL_STAGES_20260918
MTC_STAGE_0125_ATHUR,ATHUR,MTC,MTC_OFFICIAL,MTC_OFFICIAL_STAGES_20260918
MTC_STAGE_0126_AVADI,AVADI,MTC,MTC_OFFICIAL,MTC_OFFICIAL_STAGES_20260918
MTC_STAGE_0127_AVADI_B_T,AVADI B.T,MTC,MTC_OFFICIAL,MTC_OFFICIAL_STAGES_20260918
MTC_STAGE_0128_AVADI_CIRCLE,AVADI CIRCLE,MTC,MTC_OFFICIAL,MTC_OFFICIAL_STAGES_20260918
MTC_STAGE_0129_AVADI_MOSQUE,AVADI MOSQUE,MTC,MTC_OFFICIAL,MTC_OFFICIAL_STAGES_20260918
MTC_STAGE_0130_AVADI_RD_JN,AVADI RD.JN.,MTC,MTC_OFFICIAL,MTC_OFFICIAL_STAGES_20260918
MTC_STAGE_0131_AVADI_ROAD_JN,AVADI ROAD JN.,MTC,MTC_OFFICIAL,MTC_OFFICIAL_STAGES_20260918
MTC_STAGE_0132_AVENJIPETTAI,AVENJIPETTAI,MTC,MTC_OFFICIAL,MTC_OFFICIAL_STAGES_20260918
MTC_STAGE_0133_AVOOR,AVOOR,MTC,MTC_OFFICIAL,MTC_OFFICIAL_STAGES_20260918
MTC_STAGE_0134_AVVAI_HOME,AVVAI HOME,MTC,MTC_OFFICIAL,MTC_OFFICIAL_STAGES_20260918
MTC_STAGE_0135_AYAICHERI,AYAICHERI,MTC,MTC_OFFICIAL,MTC_OFFICIAL_STAGES_20260918
MTC_STAGE_0136_AYALACHERI,AYALACHERI,MTC,MTC_OFFICIAL,MTC_OFFICIAL_STAGES_20260918
MTC_STAGE_0137_AYALOOR,AYALOOR,MTC,MTC_OFFICIAL,MTC_OFFICIAL_STAGES_20260918
MTC_STAGE_0138_AYANALLUR,AYANALLUR,MTC,MTC_OFFICIAL,MTC_OFFICIAL_STAGES_20260918
MTC_STAGE_0139_AYANAMBAKKAM_MOOVAR_,AYANAMBAKKAM MOOVAR STATUE,MTC,MTC_OFFICIAL,MTC_OFFICIAL_STAGES_20260918
MTC_STAGE_0140_AYANAVARAM_B_S,AYANAVARAM B.S.,MTC,MTC_OFFICIAL,MTC_OFFICIAL_STAGES_20260918
MTC_STAGE_0141_AYAPAKKAM_GOVT_SCHOO,AYAPAKKAM GOVT SCHOOL,MTC,MTC_OFFICIAL,MTC_OFFICIAL_STAGES_20260918
MTC_STAGE_0142_AYAPPAKKAM,AYAPPAKKAM,MTC,MTC_OFFICIAL,MTC_OFFICIAL_STAGES_20260918
MTC_STAGE_0143_AYAPPAKKAM_TNHB,AYAPPAKKAM TNHB,MTC,MTC_OFFICIAL,MTC_OFFICIAL_STAGES_20260918
MTC_STAGE_0144_AYATHUR_CHATHIRAM,AYATHUR CHATHIRAM,MTC,MTC_OFFICIAL,MTC_OFFICIAL_STAGES_20260918
MTC_STAGE_0145_AYNAMBAKKAM_3STATUE_,AYNAMBAKKAM(3STATUE JN.),MTC,MTC_OFFICIAL,MTC_OFFICIAL_STAGES_20260918
MTC_STAGE_0146_AYURVEDA_ASHRAMAM,AYURVEDA ASHRAMAM,MTC,MTC_OFFICIAL,MTC_OFFICIAL_STAGES_20260918
MTC_STAGE_0147_AYURVEDHA_ASHARAMAM,AYURVEDHA ASHARAMAM,MTC,MTC_OFFICIAL,MTC_OFFICIAL_STAGES_20260918
MTC_STAGE_0148_AYYAPPA_NAGAR,AYYAPPA NAGAR,MTC,MTC_OFFICIAL,MTC_OFFICIAL_STAGES_20260918
MTC_STAGE_0149_AZEEZEE_NAGAR,AZEEZEE NAGAR,MTC,MTC_OFFICIAL,MTC_OFFICIAL_STAGES_20260918
MTC_STAGE_0150_AZHAKESAN_NAGAR,AZHAKESAN NAGAR,MTC,MTC_OFFICIAL,MTC_OFFICIAL_STAGES_20260918
MTC_STAGE_0151_AZHINJIVAKKAM_RD_JN,AZHINJIVAKKAM RD.JN.,MTC,MTC_OFFICIAL,MTC_OFFICIAL_STAGES_20260918
MTC_STAGE_0152_AZHINJIVAKKAM_VILLAG,AZHINJIVAKKAM VILLAGE,MTC,MTC_OFFICIAL,MTC_OFFICIAL_STAGES_20260918
MTC_STAGE_0153_BABU_ROAD_JN,BABU ROAD JN.,MTC,MTC_OFFICIAL,MTC_OFFICIAL_STAGES_20260918
MTC_STAGE_0154_BACK_WATER_BRIDGE,BACK WATER BRIDGE,MTC,MTC_OFFICIAL,MTC_OFFICIAL_STAGES_20260918
MTC_STAGE_0155_BALAJI_NAGAR,BALAJI NAGAR,MTC,MTC_OFFICIAL,MTC_OFFICIAL_STAGES_20260918
MTC_STAGE_0156_BALAJI_NAGAR__BHARAT,BALAJI NAGAR (BHARATH ENG COL),MTC,MTC_OFFICIAL,MTC_OFFICIAL_STAGES_20260918
MTC_STAGE_0157_BALAJI_NAGAR__PUZHUT,BALAJI NAGAR (PUZHUTHIVAKKAM),MTC,MTC_OFFICIAL,MTC_OFFICIAL_STAGES_20260918
MTC_STAGE_0158_BALAMMA_NAGAR,BALAMMA NAGAR,MTC,MTC_OFFICIAL,MTC_OFFICIAL_STAGES_20260918
MTC_STAGE_0159_BAMPAN_SWAMY_RD_JN,BAMPAN SWAMY RD.JN.,MTC,MTC_OFFICIAL,MTC_OFFICIAL_STAGES_20260918
MTC_STAGE_0160_BANGARUPET,BANGARUPET,MTC,MTC_OFFICIAL,MTC_OFFICIAL_STAGES_20260918
MTC_STAGE_0161_BARATHI_NAGAR,BARATHI NAGAR,MTC,MTC_OFFICIAL,MTC_OFFICIAL_STAGES_20260918
MTC_STAGE_0162_BDO_OFFICE,BDO OFFICE,MTC,MTC_OFFICIAL,MTC_OFFICIAL_STAGES_20260918
MTC_STAGE_0163_BEEMANTHANGAL,BEEMANTHANGAL,MTC,MTC_OFFICIAL,MTC_OFFICIAL_STAGES_20260918
MTC_STAGE_0164_BESANT_NAGAR,BESANT NAGAR,MTC,MTC_OFFICIAL,MTC_OFFICIAL_STAGES_20260918
MTC_STAGE_0165_BHARANIPUTHUR,BHARANIPUTHUR,MTC,MTC_OFFICIAL,MTC_OFFICIAL_STAGES_20260918
MTC_STAGE_0166_BHARATH_ENGG__COLL,BHARATH ENGG. COLL,MTC,MTC_OFFICIAL,MTC_OFFICIAL_STAGES_20260918
MTC_STAGE_0167_BHARATH_ENGINEERING_,BHARATH ENGINEERING COLLEGE,MTC,MTC_OFFICIAL,MTC_OFFICIAL_STAGES_20260918
MTC_STAGE_0168_BHARATHI_NAGAR,BHARATHI NAGAR,MTC,MTC_OFFICIAL,MTC_OFFICIAL_STAGES_20260918
MTC_STAGE_0169_BHARATHI_NAGAR_PERIY,BHARATHI NAGAR(PERIYAR PATAHI),MTC,MTC_OFFICIAL,MTC_OFFICIAL_STAGES_20260918
MTC_STAGE_0170_BHAVANI_AMMAN_TEMPLE,BHAVANI AMMAN TEMPLE,MTC,MTC_OFFICIAL,MTC_OFFICIAL_STAGES_20260918
MTC_STAGE_0171_BHONDHUR,BHONDHUR,MTC,MTC_OFFICIAL,MTC_OFFICIAL_STAGES_20260918
MTC_STAGE_0172_BILLROTH_HOSPITAL,BILLROTH HOSPITAL,MTC,MTC_OFFICIAL,MTC_OFFICIAL_STAGES_20260918
MTC_STAGE_0173_BOLLINENI_NOOKAMPALA,BOLLINENI/NOOKAMPALAYAM RD JN,MTC,MTC_OFFICIAL,MTC_OFFICIAL_STAGES_20260918
MTC_STAGE_0174_BOORIVAKKAM_SCHOOL,BOORIVAKKAM SCHOOL,MTC,MTC_OFFICIAL,MTC_OFFICIAL_STAGES_20260918
MTC_STAGE_0175_BRINDAVAN_COLONY,BRINDAVAN COLONY,MTC,MTC_OFFICIAL,MTC_OFFICIAL_STAGES_20260918
MTC_STAGE_0176_BRINDAVAN_NAGAR,BRINDAVAN NAGAR,MTC,MTC_OFFICIAL,MTC_OFFICIAL_STAGES_20260918
MTC_STAGE_0177_BRITANIA_NAGAR,BRITANIA NAGAR,MTC,MTC_OFFICIAL,MTC_OFFICIAL_STAGES_20260918
MTC_STAGE_0178_BROADWAY,BROADWAY,MTC,MTC_OFFICIAL,MTC_OFFICIAL_STAGES_20260918
MTC_STAGE_0179_BSNL_OFFICE,BSNL OFFICE,MTC,MTC_OFFICIAL,MTC_OFFICIAL_STAGES_20260918
MTC_STAGE_0180_BUDUR,BUDUR,MTC,MTC_OFFICIAL,MTC_OFFICIAL_STAGES_20260918
MTC_STAGE_0181_BUILDERS_INDUSTRY,BUILDERS INDUSTRY,MTC,MTC_OFFICIAL,MTC_OFFICIAL_STAGES_20260918
MTC_STAGE_0182_BURIAL_GROUND,BURIAL GROUND,MTC,MTC_OFFICIAL,MTC_OFFICIAL_STAGES_20260918
MTC_STAGE_0183_BURMAH_SHELL_PETROL_,BURMAH SHELL PETROL BUNK,MTC,MTC_OFFICIAL,MTC_OFFICIAL_STAGES_20260918
MTC_STAGE_0184_BUS_BAY_17TH_KM,BUS BAY-17TH KM,MTC,MTC_OFFICIAL,MTC_OFFICIAL_STAGES_20260918
MTC_STAGE_0185_BUTT_ROAD,BUTT ROAD,MTC,MTC_OFFICIAL,MTC_OFFICIAL_STAGES_20260918
MTC_STAGE_0186_C_I_T_COLONY,C.I.T.COLONY,MTC,MTC_OFFICIAL,MTC_OFFICIAL_STAGES_20260918
MTC_STAGE_0187_C_K_C,C.K.C.,MTC,MTC_OFFICIAL,MTC_OFFICIAL_STAGES_20260918
MTC_STAGE_0188_C_R_P_CROSS_RD,C.R.P.CROSS RD.,MTC,MTC_OFFICIAL,MTC_OFFICIAL_STAGES_20260918
MTC_STAGE_0189_C_R_P_F,C.R.P.F,MTC,MTC_OFFICIAL,MTC_OFFICIAL_STAGES_20260918
MTC_STAGE_0190_C_R_P_F__K_V_SCHOOL,C.R.P.F. K.V.SCHOOL,MTC,MTC_OFFICIAL,MTC_OFFICIAL_STAGES_20260918
MTC_STAGE_0191_C_V_D_MITNAMALLEE_RD,C.V.D.MITNAMALLEE RD.JN.,MTC,MTC_OFFICIAL,MTC_OFFICIAL_STAGES_20260918
MTC_STAGE_0192_CAMP_ROAD,CAMP ROAD,MTC,MTC_OFFICIAL,MTC_OFFICIAL_STAGES_20260918
MTC_STAGE_0193_CANCER_HOSPITAL_SCAN,CANCER HOSPITAL SCAN CENTRE,MTC,MTC_OFFICIAL,MTC_OFFICIAL_STAGES_20260918
MTC_STAGE_0194_CEMENT_ROAD,CEMENT ROAD,MTC,MTC_OFFICIAL,MTC_OFFICIAL_STAGES_20260918
MTC_STAGE_0195_CENTRAL,CENTRAL,MTC,MTC_OFFICIAL,MTC_OFFICIAL_STAGES_20260918
MTC_STAGE_0196_CHATHIRAM,CHATHIRAM,MTC,MTC_OFFICIAL,MTC_OFFICIAL_STAGES_20260918
MTC_STAGE_0197_CHELLIAMMAN_NAGAR,CHELLIAMMAN NAGAR,MTC,MTC_OFFICIAL,MTC_OFFICIAL_STAGES_20260918
MTC_STAGE_0198_CHEMBAKKAM_JUNCTION,CHEMBAKKAM JUNCTION,MTC,MTC_OFFICIAL,MTC_OFFICIAL_STAGES_20260918
MTC_STAGE_0199_CHEMBAKKAM_VILLAGE,CHEMBAKKAM VILLAGE,MTC,MTC_OFFICIAL,MTC_OFFICIAL_STAGES_20260918
MTC_STAGE_0200_CHEMBARAMBAKKAM,CHEMBARAMBAKKAM,MTC,MTC_OFFICIAL,MTC_OFFICIAL_STAGES_20260918
MTC_STAGE_0201_CHEMBARAMBAKKAM_RD_J,CHEMBARAMBAKKAM RD.JN.,MTC,MTC_OFFICIAL,MTC_OFFICIAL_STAGES_20260918
MTC_STAGE_0202_CHENGALIAMMAN_KOVIL_,CHENGALIAMMAN KOVIL KANDIGAI,MTC,MTC_OFFICIAL,MTC_OFFICIAL_STAGES_20260918
MTC_STAGE_0203_CHENGALPET_N_T,CHENGALPET N.T.,MTC,MTC_OFFICIAL,MTC_OFFICIAL_STAGES_20260918
MTC_STAGE_0204_CHENGALPET_O_T,CHENGALPET O.T.,MTC,MTC_OFFICIAL,MTC_OFFICIAL_STAGES_20260918
MTC_STAGE_0205_CHENGAMMAL_RD__JN,CHENGAMMAL RD. JN.,MTC,MTC_OFFICIAL,MTC_OFFICIAL_STAGES_20260918
MTC_STAGE_0206_CHENGANMAL_RD_JN,CHENGANMAL RD.JN.,MTC,MTC_OFFICIAL,MTC_OFFICIAL_STAGES_20260918
MTC_STAGE_0207_CHENNAI_AIRPORT,CHENNAI AIRPORT,MTC,MTC_OFFICIAL,MTC_OFFICIAL_STAGES_20260918
MTC_STAGE_0208_CHENNANG_KARANAI,CHENNANG KARANAI,MTC,MTC_OFFICIAL,MTC_OFFICIAL_STAGES_20260918
MTC_STAGE_0209_CHEPAUK,CHEPAUK,MTC,MTC_OFFICIAL,MTC_OFFICIAL_STAGES_20260918
MTC_STAGE_0210_CHETPET,CHETPET,MTC,MTC_OFFICIAL,MTC_OFFICIAL_STAGES_20260918
MTC_STAGE_0211_CHETTIMEDU,CHETTIMEDU,MTC,MTC_OFFICIAL,MTC_OFFICIAL_STAGES_20260918
MTC_STAGE_0212_CHETTIPEDU,CHETTIPEDU,MTC,MTC_OFFICIAL,MTC_OFFICIAL_STAGES_20260918
MTC_STAGE_0213_CHEVVAIPETTAI_R_S,CHEVVAIPETTAI R.S.,MTC,MTC_OFFICIAL,MTC_OFFICIAL_STAGES_20260918
MTC_STAGE_0214_CHIDAMBARAM_STORES,CHIDAMBARAM STORES,MTC,MTC_OFFICIAL,MTC_OFFICIAL_STAGES_20260918
MTC_STAGE_0215_CHIKKARAYAPURAM,CHIKKARAYAPURAM,MTC,MTC_OFFICIAL,MTC_OFFICIAL_STAGES_20260918
MTC_STAGE_0216_CHINAMBEDU_COLONY,CHINAMBEDU COLONY,MTC,MTC_OFFICIAL,MTC_OFFICIAL_STAGES_20260918
MTC_STAGE_0217_CHINMAYA_NAGAR,CHINMAYA NAGAR,MTC,MTC_OFFICIAL,MTC_OFFICIAL_STAGES_20260918
MTC_STAGE_0218_CHINNA_KODUNGAIYUR,CHINNA KODUNGAIYUR,MTC,MTC_OFFICIAL,MTC_OFFICIAL_STAGES_20260918
MTC_STAGE_0219_CHINNA_MANGODU,CHINNA MANGODU,MTC,MTC_OFFICIAL,MTC_OFFICIAL_STAGES_20260918
MTC_STAGE_0220_CHINNAKUVANAM,CHINNAKUVANAM,MTC,MTC_OFFICIAL,MTC_OFFICIAL_STAGES_20260918
MTC_STAGE_0221_CHINNAMADIYOOR,CHINNAMADIYOOR,MTC,MTC_OFFICIAL,MTC_OFFICIAL_STAGES_20260918
MTC_STAGE_0222_CHINNAMBEDU_VILLAGE,CHINNAMBEDU VILLAGE,MTC,MTC_OFFICIAL,MTC_OFFICIAL_STAGES_20260918
MTC_STAGE_0223_CHIRUTHAVOOR_JN,CHIRUTHAVOOR JN.,MTC,MTC_OFFICIAL,MTC_OFFICIAL_STAGES_20260918
MTC_STAGE_0224_CHITALAPAKKAM_PU_OFF,CHITALAPAKKAM PU OFFICE,MTC,MTC_OFFICIAL,MTC_OFFICIAL_STAGES_20260918
MTC_STAGE_0225_CHITHAKADU__DIV_STAG,CHITHAKADU (DIV STAGE),MTC,MTC_OFFICIAL,MTC_OFFICIAL_STAGES_20260918
MTC_STAGE_0226_CHITHALAPAKKAM,CHITHALAPAKKAM,MTC,MTC_OFFICIAL,MTC_OFFICIAL_STAGES_20260918
MTC_STAGE_0227_CHITHALAPAKKAM_JUNCT,CHITHALAPAKKAM JUNCTION,MTC,MTC_OFFICIAL,MTC_OFFICIAL_STAGES_20260918
MTC_STAGE_0228_CHITHALAPAKKAM_TNHB,CHITHALAPAKKAM TNHB,MTC,MTC_OFFICIAL,MTC_OFFICIAL_STAGES_20260918
MTC_STAGE_0229_CHITHATHUR_COLONY,CHITHATHUR COLONY,MTC,MTC_OFFICIAL,MTC_OFFICIAL_STAGES_20260918
MTC_STAGE_0230_CHITLAPAKKAM,CHITLAPAKKAM,MTC,MTC_OFFICIAL,MTC_OFFICIAL_STAGES_20260918
MTC_STAGE_0231_CHITTUKADU,CHITTUKADU,MTC,MTC_OFFICIAL,MTC_OFFICIAL_STAGES_20260918
MTC_STAGE_0232_CHOKANALLUR_CHATHIRA,CHOKANALLUR CHATHIRAM,MTC,MTC_OFFICIAL,MTC_OFFICIAL_STAGES_20260918
MTC_STAGE_0233_CHOLA_MANDAL,CHOLA MANDAL,MTC,MTC_OFFICIAL,MTC_OFFICIAL_STAGES_20260918
MTC_STAGE_0234_CHOOLAI_MILL,CHOOLAI MILL,MTC,MTC_OFFICIAL,MTC_OFFICIAL_STAGES_20260918
MTC_STAGE_0235_CHOOLAI_P_O,CHOOLAI P.O,MTC,MTC_OFFICIAL,MTC_OFFICIAL_STAGES_20260918
MTC_STAGE_0236_CHOOLAIMENI,CHOOLAIMENI,MTC,MTC_OFFICIAL,MTC_OFFICIAL_STAGES_20260918
MTC_STAGE_0237_CHRIST_KING_CONVENT,CHRIST KING CONVENT,MTC,MTC_OFFICIAL,MTC_OFFICIAL_STAGES_20260918
MTC_STAGE_0238_CHRISTHU_KANDIKAI,CHRISTHU KANDIKAI,MTC,MTC_OFFICIAL,MTC_OFFICIAL_STAGES_20260918
MTC_STAGE_0239_CHROMEPET,CHROMEPET,MTC,MTC_OFFICIAL,MTC_OFFICIAL_STAGES_20260918
MTC_STAGE_0240_CHROMEPET_ESI,CHROMEPET ESI,MTC,MTC_OFFICIAL,MTC_OFFICIAL_STAGES_20260918
MTC_STAGE_0241_CHURCH,CHURCH,MTC,MTC_OFFICIAL,MTC_OFFICIAL_STAGES_20260918
MTC_STAGE_0242_CIPET,CIPET,MTC,MTC_OFFICIAL,MTC_OFFICIAL_STAGES_20260918
MTC_STAGE_0243_CLIVE_BATTERY,CLIVE BATTERY,MTC,MTC_OFFICIAL,MTC_OFFICIAL_STAGES_20260918
MTC_STAGE_0244_COLLECTOR_NAGAR,COLLECTOR NAGAR,MTC,MTC_OFFICIAL,MTC_OFFICIAL_STAGES_20260918
MTC_STAGE_0245_COLLEGE_ROAD,COLLEGE ROAD,MTC,MTC_OFFICIAL,MTC_OFFICIAL_STAGES_20260918
MTC_STAGE_0246_COLLEGE_ROAD_METROLO,COLLEGE ROAD/METROLOG. DEPT.,MTC,MTC_OFFICIAL,MTC_OFFICIAL_STAGES_20260918
MTC_STAGE_0247_CONCORD,CONCORD,MTC,MTC_OFFICIAL,MTC_OFFICIAL_STAGES_20260918
MTC_STAGE_0248_CONCORDE,CONCORDE,MTC,MTC_OFFICIAL,MTC_OFFICIAL_STAGES_20260918
MTC_STAGE_0249_CONVENT,CONVENT,MTC,MTC_OFFICIAL,MTC_OFFICIAL_STAGES_20260918
MTC_STAGE_0250_CORBORUNDUM_UNIVERSA,CORBORUNDUM UNIVERSAL,MTC,MTC_OFFICIAL,MTC_OFFICIAL_STAGES_20260918
MTC_STAGE_0251_CORPN__PLAY_GROUND,CORPN. PLAY GROUND,MTC,MTC_OFFICIAL,MTC_OFFICIAL_STAGES_20260918
MTC_STAGE_0252_CORPORATION_OFFICE_S,CORPORATION OFFICE/STERLING RD,MTC,MTC_OFFICIAL,MTC_OFFICIAL_STAGES_20260918
MTC_STAGE_0253_CORPORATION_SCHOOL,CORPORATION SCHOOL,MTC,MTC_OFFICIAL,MTC_OFFICIAL_STAGES_20260918
MTC_STAGE_0254_COWL_BAZAAR,COWL BAZAAR,MTC,MTC_OFFICIAL,MTC_OFFICIAL_STAGES_20260918
MTC_STAGE_0255_CRP_TRUNING,CRP TRUNING,MTC,MTC_OFFICIAL,MTC_OFFICIAL_STAGES_20260918
MTC_STAGE_0256_CYCLE_SHOP,CYCLE SHOP,MTC,MTC_OFFICIAL,MTC_OFFICIAL_STAGES_20260918
MTC_STAGE_0257_D_G_VAISHNAV_COLLEGE,D.G VAISHNAV COLLEGE,MTC,MTC_OFFICIAL,MTC_OFFICIAL_STAGES_20260918
MTC_STAGE_0258_D_J_MAT_SCHOOL,D.J.MAT.SCHOOL,MTC,MTC_OFFICIAL,MTC_OFFICIAL_STAGES_20260918
MTC_STAGE_0259_D_L_F,D.L.F.,MTC,MTC_OFFICIAL,MTC_OFFICIAL_STAGES_20260918
MTC_STAGE_0260_D_M_S,D.M.S,MTC,MTC_OFFICIAL,MTC_OFFICIAL_STAGES_20260918
MTC_STAGE_0261_D_M_S,D.M.S.,MTC,MTC_OFFICIAL,MTC_OFFICIAL_STAGES_20260918
MTC_STAGE_0262_D_M_S__METRO,D.M.S. METRO,MTC,MTC_OFFICIAL,MTC_OFFICIAL_STAGES_20260918
MTC_STAGE_0263_D_P_I,D.P.I,MTC,MTC_OFFICIAL,MTC_OFFICIAL_STAGES_20260918
MTC_STAGE_0264_D1_POLICE_STATION_DA,D1 POLICE STATION/DAMS ROAD,MTC,MTC_OFFICIAL,MTC_OFFICIAL_STAGES_20260918
MTC_STAGE_0265_DAMS_ROAD,DAMS ROAD,MTC,MTC_OFFICIAL,MTC_OFFICIAL_STAGES_20260918
MTC_STAGE_0266_DASAMAHAN,DASAMAHAN,MTC,MTC_OFFICIAL,MTC_OFFICIAL_STAGES_20260918
MTC_STAGE_0267_DASAPRAKASH,DASAPRAKASH,MTC,MTC_OFFICIAL,MTC_OFFICIAL_STAGES_20260918
MTC_STAGE_0268_DASARATHAPURAM,DASARATHAPURAM,MTC,MTC_OFFICIAL,MTC_OFFICIAL_STAGES_20260918
MTC_STAGE_0269_DEFENCE_COLONY,DEFENCE COLONY,MTC,MTC_OFFICIAL,MTC_OFFICIAL_STAGES_20260918
MTC_STAGE_0270_DEFENCE_QUARTERS,DEFENCE QUARTERS,MTC,MTC_OFFICIAL,MTC_OFFICIAL_STAGES_20260918
MTC_STAGE_0271_DEVAMBEDU,DEVAMBEDU,MTC,MTC_OFFICIAL,MTC_OFFICIAL_STAGES_20260918
MTC_STAGE_0272_DEVAR_NAGAR__SIVASHA,DEVAR NAGAR (SIVASHAKTHI),MTC,MTC_OFFICIAL,MTC_OFFICIAL_STAGES_20260918
MTC_STAGE_0273_DEVARIYAMBAKKAM,DEVARIYAMBAKKAM,MTC,MTC_OFFICIAL,MTC_OFFICIAL_STAGES_20260918
MTC_STAGE_0274_DEVIK_ESWARI_NAGAR,DEVIK ESWARI NAGAR,MTC,MTC_OFFICIAL,MTC_OFFICIAL_STAGES_20260918
MTC_STAGE_0275_DHARGAS,DHARGAS,MTC,MTC_OFFICIAL,MTC_OFFICIAL_STAGES_20260918
MTC_STAGE_0276_DHARGAS_NAGAR,DHARGAS NAGAR,MTC,MTC_OFFICIAL,MTC_OFFICIAL_STAGES_20260918
MTC_STAGE_0277_DHARGAS_KOLLAMEDU_JN,DHARGAS/KOLLAMEDU JN.,MTC,MTC_OFFICIAL,MTC_OFFICIAL_STAGES_20260918
MTC_STAGE_0278_DHARMAPRAKASH_PETROL,DHARMAPRAKASH/PETROL BUNK,MTC,MTC_OFFICIAL,MTC_OFFICIAL_STAGES_20260918
MTC_STAGE_0279_DHARMAPURAM_KANDIGAI,DHARMAPURAM KANDIGAI,MTC,MTC_OFFICIAL,MTC_OFFICIAL_STAGES_20260918
MTC_STAGE_0280_DOVETON,DOVETON,MTC,MTC_OFFICIAL,MTC_OFFICIAL_STAGES_20260918
MTC_STAGE_0281_DR_AMBEDHAR_BRIDGE,DR.AMBEDHAR BRIDGE,MTC,MTC_OFFICIAL,MTC_OFFICIAL_STAGES_20260918
MTC_STAGE_0282_DR_AMBEDKAR_LAW_UNIV,DR.AMBEDKAR LAW UNIV,MTC,MTC_OFFICIAL,MTC_OFFICIAL_STAGES_20260918
MTC_STAGE_0283_DRY_CATTLLE_FORM,DRY CATTLLE FORM,MTC,MTC_OFFICIAL,MTC_OFFICIAL_STAGES_20260918
MTC_STAGE_0284_DUKKANAMPATTU,DUKKANAMPATTU,MTC,MTC_OFFICIAL,MTC_OFFICIAL_STAGES_20260918
MTC_STAGE_0285_DUNLOP,DUNLOP,MTC,MTC_OFFICIAL,MTC_OFFICIAL_STAGES_20260918
MTC_STAGE_0286_DURGA_NAGAR,DURGA NAGAR,MTC,MTC_OFFICIAL,MTC_OFFICIAL_STAGES_20260918
MTC_STAGE_0287_DURGAS,DURGAS,MTC,MTC_OFFICIAL,MTC_OFFICIAL_STAGES_20260918
MTC_STAGE_0288_E_B_STATION_500E,E.B.STATION 500E,MTC,MTC_OFFICIAL,MTC_OFFICIAL_STAGES_20260918
MTC_STAGE_0289_EASWARAN_TEMPLE_PTC_,EASWARAN TEMPLE/PTC QRTS.,MTC,MTC_OFFICIAL,MTC_OFFICIAL_STAGES_20260918
MTC_STAGE_0290_EB_TRANSFORMER,EB TRANSFORMER,MTC,MTC_OFFICIAL,MTC_OFFICIAL_STAGES_20260918
MTC_STAGE_0291_ECHANKADU,ECHANKADU,MTC,MTC_OFFICIAL,MTC_OFFICIAL_STAGES_20260918
MTC_STAGE_0292_ECHANKARANAI,ECHANKARANAI,MTC,MTC_OFFICIAL,MTC_OFFICIAL_STAGES_20260918
MTC_STAGE_0293_ECHANKUZHI,ECHANKUZHI,MTC,MTC_OFFICIAL,MTC_OFFICIAL_STAGES_20260918
MTC_STAGE_0294_ECHANKUZHI__MANALI_N,ECHANKUZHI /MANALI NEW TOWN RD,MTC,MTC_OFFICIAL,MTC_OFFICIAL_STAGES_20260918
MTC_STAGE_0295_ECHUR_JN,ECHUR JN.,MTC,MTC_OFFICIAL,MTC_OFFICIAL_STAGES_20260918
MTC_STAGE_0296_EGMORE,EGMORE,MTC,MTC_OFFICIAL,MTC_OFFICIAL_STAGES_20260918
MTC_STAGE_0297_EGMORE_MUSEUM,EGMORE MUSEUM,MTC,MTC_OFFICIAL,MTC_OFFICIAL_STAGES_20260918
MTC_STAGE_0298_EGMORE_NORTH_R_S,EGMORE NORTH R.S.,MTC,MTC_OFFICIAL,MTC_OFFICIAL_STAGES_20260918
MTC_STAGE_0299_EGMORE_R_S,EGMORE R.S,MTC,MTC_OFFICIAL,MTC_OFFICIAL_STAGES_20260918
MTC_STAGE_0300_EKKADU_CSI_HOSPITAL,EKKADU CSI HOSPITAL,MTC,MTC_OFFICIAL,MTC_OFFICIAL_STAGES_20260918
MTC_STAGE_0301_EKKADU_KANDIGAI,EKKADU KANDIGAI,MTC,MTC_OFFICIAL,MTC_OFFICIAL_STAGES_20260918
MTC_STAGE_0302_EKKADU_WATER_TANK_TE,EKKADU WATER TANK(TEACHERS COL,MTC,MTC_OFFICIAL,MTC_OFFICIAL_STAGES_20260918
MTC_STAGE_0303_EKKATTUTHANGAL,EKKATTUTHANGAL,MTC,MTC_OFFICIAL,MTC_OFFICIAL_STAGES_20260918
MTC_STAGE_0304_ELAMBAKKAM,ELAMBAKKAM,MTC,MTC_OFFICIAL,MTC_OFFICIAL_STAGES_20260918
MTC_STAGE_0305_ELAMBAKKAM_COLONY,ELAMBAKKAM COLONY,MTC,MTC_OFFICIAL,MTC_OFFICIAL_STAGES_20260918
MTC_STAGE_0306_ELANGO_NAGAR_OFF_COL,ELANGO NAGAR OFF.COLONY,MTC,MTC_OFFICIAL,MTC_OFFICIAL_STAGES_20260918
MTC_STAGE_0307_ELAVAMBEDU,ELAVAMBEDU,MTC,MTC_OFFICIAL,MTC_OFFICIAL_STAGES_20260918
MTC_STAGE_0308_ELAVUR,ELAVUR,MTC,MTC_OFFICIAL,MTC_OFFICIAL_STAGES_20260918
MTC_STAGE_0309_ELLAIAMMAN_KOIL,ELLAIAMMAN KOIL,MTC,MTC_OFFICIAL,MTC_OFFICIAL_STAGES_20260918
MTC_STAGE_0310_ELLAIAMMAN_KOVIL,ELLAIAMMAN KOVIL,MTC,MTC_OFFICIAL,MTC_OFFICIAL_STAGES_20260918
MTC_STAGE_0311_ELLAIAMMAN_NAGAR,ELLAIAMMAN NAGAR,MTC,MTC_OFFICIAL,MTC_OFFICIAL_STAGES_20260918
MTC_STAGE_0312_ELLAIMMAN_KOIL,ELLAIMMAN KOIL,MTC,MTC_OFFICIAL,MTC_OFFICIAL_STAGES_20260918
MTC_STAGE_0313_ELLAMPETTAI,ELLAMPETTAI,MTC,MTC_OFFICIAL,MTC_OFFICIAL_STAGES_20260918
MTC_STAGE_0314_ENAMBAKKAM,ENAMBAKKAM,MTC,MTC_OFFICIAL,MTC_OFFICIAL_STAGES_20260918
MTC_STAGE_0315_ENG_COLLEGE,ENG.COLLEGE,MTC,MTC_OFFICIAL,MTC_OFFICIAL_STAGES_20260918
MTC_STAGE_0316_ENNORE,ENNORE,MTC,MTC_OFFICIAL,MTC_OFFICIAL_STAGES_20260918
MTC_STAGE_0317_ENNORE_E_B__MAIN_GAT,ENNORE E.B. MAIN GATE,MTC,MTC_OFFICIAL,MTC_OFFICIAL_STAGES_20260918
MTC_STAGE_0318_ENNORE_PORT_MAIN_GAT,ENNORE PORT MAIN GATE,MTC,MTC_OFFICIAL,MTC_OFFICIAL_STAGES_20260918
MTC_STAGE_0319_ENNORE_THERMAL_POWER,ENNORE THERMAL POWER,MTC,MTC_OFFICIAL,MTC_OFFICIAL_STAGES_20260918
MTC_STAGE_0320_EQUVARPALAYAM,EQUVARPALAYAM,MTC,MTC_OFFICIAL,MTC_OFFICIAL_STAGES_20260918
MTC_STAGE_0321_ERAIYUR_JUNCTION,ERAIYUR JUNCTION,MTC,MTC_OFFICIAL,MTC_OFFICIAL_STAGES_20260918
MTC_STAGE_0322_ERANKUPPAM,ERANKUPPAM,MTC,MTC_OFFICIAL,MTC_OFFICIAL_STAGES_20260918
MTC_STAGE_0323_ERIKARAI,ERIKARAI,MTC,MTC_OFFICIAL,MTC_OFFICIAL_STAGES_20260918
MTC_STAGE_0324_ERNAVOOR,ERNAVOOR,MTC,MTC_OFFICIAL,MTC_OFFICIAL_STAGES_20260918
MTC_STAGE_0325_ERNAVOOR_GATE,ERNAVOOR GATE,MTC,MTC_OFFICIAL,MTC_OFFICIAL_STAGES_20260918
MTC_STAGE_0326_ERUMAIYUR_II,ERUMAIYUR-II,MTC,MTC_OFFICIAL,MTC_OFFICIAL_STAGES_20260918
MTC_STAGE_0327_ETTAYAPURAM,ETTAYAPURAM,MTC,MTC_OFFICIAL,MTC_OFFICIAL_STAGES_20260918
MTC_STAGE_0328_EZHICHUR_ROAD_JN,EZHICHUR ROAD JN,MTC,MTC_OFFICIAL,MTC_OFFICIAL_STAGES_20260918
MTC_STAGE_0329_EZHIL_NAGAR,EZHIL NAGAR,MTC,MTC_OFFICIAL,MTC_OFFICIAL_STAGES_20260918
MTC_STAGE_0330_F_C_I_OLD,F.C.I OLD,MTC,MTC_OFFICIAL,MTC_OFFICIAL_STAGES_20260918
MTC_STAGE_0331_FIRE_STATION,FIRE STATION,MTC,MTC_OFFICIAL,MTC_OFFICIAL_STAGES_20260918
MTC_STAGE_0332_FISH_MARKET,FISH MARKET,MTC,MTC_OFFICIAL,MTC_OFFICIAL_STAGES_20260918
MTC_STAGE_0333_FORD,FORD,MTC,MTC_OFFICIAL,MTC_OFFICIAL_STAGES_20260918
MTC_STAGE_0334_FORE_SHORE_ESTATE,FORE SHORE ESTATE,MTC,MTC_OFFICIAL,MTC_OFFICIAL_STAGES_20260918
MTC_STAGE_0335_FORESHORE_ESTATE,FORESHORE ESTATE,MTC,MTC_OFFICIAL,MTC_OFFICIAL_STAGES_20260918
MTC_STAGE_0336_FORT_RAILWAY_STATION,FORT RAILWAY STATION,MTC,MTC_OFFICIAL,MTC_OFFICIAL_STAGES_20260918
MTC_STAGE_0337_FORT_ST_GEORGE_MUSEU,FORT ST.GEORGE MUSEUM SECRETRA,MTC,MTC_OFFICIAL,MTC_OFFICIAL_STAGES_20260918
MTC_STAGE_0338_G_R_KANDIKAI,G.R.KANDIKAI,MTC,MTC_OFFICIAL,MTC_OFFICIAL_STAGES_20260918
MTC_STAGE_0339_GANDHI_ROAD,GANDHI ROAD,MTC,MTC_OFFICIAL,MTC_OFFICIAL_STAGES_20260918
MTC_STAGE_0340_GANDHI_STATUE,GANDHI STATUE,MTC,MTC_OFFICIAL,MTC_OFFICIAL_STAGES_20260918
MTC_STAGE_0341_GANESH_BHAVAN,GANESH BHAVAN,MTC,MTC_OFFICIAL,MTC_OFFICIAL_STAGES_20260918
MTC_STAGE_0342_GANESH_PURAM,GANESH PURAM,MTC,MTC_OFFICIAL,MTC_OFFICIAL_STAGES_20260918
MTC_STAGE_0343_GANGAI_ADI_KUPPAM,GANGAI ADI KUPPAM,MTC,MTC_OFFICIAL,MTC_OFFICIAL_STAGES_20260918
MTC_STAGE_0344_GAS_COMPANY,GAS COMPANY,MTC,MTC_OFFICIAL,MTC_OFFICIAL_STAGES_20260918
MTC_STAGE_0345_GASSGI_RATE_COMPANY,GASSGI RATE COMPANY,MTC,MTC_OFFICIAL,MTC_OFFICIAL_STAGES_20260918
MTC_STAGE_0346_GEEYEE_HOUSING,GEEYEE HOUSING,MTC,MTC_OFFICIAL,MTC_OFFICIAL_STAGES_20260918
MTC_STAGE_0347_GEMINI,GEMINI,MTC,MTC_OFFICIAL,MTC_OFFICIAL_STAGES_20260918
MTC_STAGE_0348_GEMINI_P_H,GEMINI P.H,MTC,MTC_OFFICIAL,MTC_OFFICIAL_STAGES_20260918
MTC_STAGE_0349_GIRUGAMBAKKAM_MURUGA,GIRUGAMBAKKAM MURUGAN TEMPLE,MTC,MTC_OFFICIAL,MTC_OFFICIAL_STAGES_20260918
MTC_STAGE_0350_GNAYARU,GNAYARU,MTC,MTC_OFFICIAL,MTC_OFFICIAL_STAGES_20260918
MTC_STAGE_0351_GOLDEN_FLAT,GOLDEN FLAT,MTC,MTC_OFFICIAL,MTC_OFFICIAL_STAGES_20260918
MTC_STAGE_0352_GOLDEN_FLATS,GOLDEN FLATS,MTC,MTC_OFFICIAL,MTC_OFFICIAL_STAGES_20260918
MTC_STAGE_0353_GOVARDANAGIRI,GOVARDANAGIRI,MTC,MTC_OFFICIAL,MTC_OFFICIAL_STAGES_20260918
MTC_STAGE_0354_GOVERNMENT_SCHOOL___,GOVERNMENT SCHOOL / HOSPITAL,MTC,MTC_OFFICIAL,MTC_OFFICIAL_STAGES_20260918
MTC_STAGE_0355_GOVINDARAJAPURAM,GOVINDARAJAPURAM,MTC,MTC_OFFICIAL,MTC_OFFICIAL_STAGES_20260918
MTC_STAGE_0356_GOVT_ESTATE_METRO_R_,GOVT ESTATE METRO R.S,MTC,MTC_OFFICIAL,MTC_OFFICIAL_STAGES_20260918
MTC_STAGE_0357_GOVT__GIRLS_H_SC,GOVT. GIRLS H.SC,MTC,MTC_OFFICIAL,MTC_OFFICIAL_STAGES_20260918
MTC_STAGE_0358_GOVT_GIRLS_SCHOOL,GOVT.GIRLS SCHOOL,MTC,MTC_OFFICIAL,MTC_OFFICIAL_STAGES_20260918
MTC_STAGE_0359_GOVT_HARJNHOSTL,GOVT.HARJNHOSTL,MTC,MTC_OFFICIAL,MTC_OFFICIAL_STAGES_20260918
MTC_STAGE_0360_GOVT_HOSTEL,GOVT.HOSTEL,MTC,MTC_OFFICIAL,MTC_OFFICIAL_STAGES_20260918
MTC_STAGE_0361_GOVT_RURAL_HEALTH_CE,GOVT.RURAL HEALTH CENNTER,MTC,MTC_OFFICIAL,MTC_OFFICIAL_STAGES_20260918
MTC_STAGE_0362_GOVT_SCHOOL_HOSPITAL,GOVT.SCHOOL/HOSPITAL,MTC,MTC_OFFICIAL,MTC_OFFICIAL_STAGES_20260918
MTC_STAGE_0363_GRAND_LINE,GRAND LINE,MTC,MTC_OFFICIAL,MTC_OFFICIAL_STAGES_20260918
MTC_STAGE_0364_GUDALOOR_TEA_SHOP,GUDALOOR TEA SHOP,MTC,MTC_OFFICIAL,MTC_OFFICIAL_STAGES_20260918
MTC_STAGE_0365_GUDUVANCHERY,GUDUVANCHERY,MTC,MTC_OFFICIAL,MTC_OFFICIAL_STAGES_20260918
MTC_STAGE_0366_GUINDY,GUINDY,MTC,MTC_OFFICIAL,MTC_OFFICIAL_STAGES_20260918
MTC_STAGE_0367_GUINDY_CIPET,GUINDY CIPET,MTC,MTC_OFFICIAL,MTC_OFFICIAL_STAGES_20260918
MTC_STAGE_0368_GUINDY_G_H,GUINDY G.H,MTC,MTC_OFFICIAL,MTC_OFFICIAL_STAGES_20260918
MTC_STAGE_0369_GUINDY_METRO,GUINDY METRO,MTC,MTC_OFFICIAL,MTC_OFFICIAL_STAGES_20260918
MTC_STAGE_0370_GUINDY_R_S,GUINDY R.S,MTC,MTC_OFFICIAL,MTC_OFFICIAL_STAGES_20260918
MTC_STAGE_0371_GUINDY_RACE_COURSE,GUINDY RACE COURSE,MTC,MTC_OFFICIAL,MTC_OFFICIAL_STAGES_20260918
MTC_STAGE_0372_GUINDY_RACE_COURSE_O,GUINDY RACE COURSE OFFICE,MTC,MTC_OFFICIAL,MTC_OFFICIAL_STAGES_20260918
MTC_STAGE_0373_GUINDY_TVK_ESTATE,GUINDY TVK ESTATE,MTC,MTC_OFFICIAL,MTC_OFFICIAL_STAGES_20260918
MTC_STAGE_0374_GUMMIDIPOONDI,GUMMIDIPOONDI,MTC,MTC_OFFICIAL,MTC_OFFICIAL_STAGES_20260918
MTC_STAGE_0375_GUMMUDIPOONDI_R_S,GUMMUDIPOONDI R.S.,MTC,MTC_OFFICIAL,MTC_OFFICIAL_STAGES_20260918
MTC_STAGE_0376_GUNDUMEDU_ANNA_NAGAR,GUNDUMEDU ANNA NAGAR,MTC,MTC_OFFICIAL,MTC_OFFICIAL_STAGES_20260918
MTC_STAGE_0377_GURUNANAK_COLLEGE,GURUNANAK COLLEGE,MTC,MTC_OFFICIAL,MTC_OFFICIAL_STAGES_20260918
MTC_STAGE_0378_GURUVOYAL_KARANIBATT,GURUVOYAL KARANIBATTAI,MTC,MTC_OFFICIAL,MTC_OFFICIAL_STAGES_20260918
MTC_STAGE_0379_GURUVOYAL_VILLAGE,GURUVOYAL VILLAGE,MTC,MTC_OFFICIAL,MTC_OFFICIAL_STAGES_20260918
MTC_STAGE_0380_H_V_F_MAIN_GATE,H.V.F.MAIN GATE,MTC,MTC_OFFICIAL,MTC_OFFICIAL_STAGES_20260918
MTC_STAGE_0381_HAPPY_SHOPPY,HAPPY SHOPPY,MTC,MTC_OFFICIAL,MTC_OFFICIAL_STAGES_20260918
MTC_STAGE_0382_HASTHINAPURAM,HASTHINAPURAM,MTC,MTC_OFFICIAL,MTC_OFFICIAL_STAGES_20260918
MTC_STAGE_0383_HIGH_COURT,HIGH COURT,MTC,MTC_OFFICIAL,MTC_OFFICIAL_STAGES_20260918
MTC_STAGE_0384_HINDU_VIDYALAYA,HINDU VIDYALAYA,MTC,MTC_OFFICIAL,MTC_OFFICIAL_STAGES_20260918
MTC_STAGE_0385_HINDUSTAN_ENG__COLLE,HINDUSTAN ENG. COLLEGE,MTC,MTC_OFFICIAL,MTC_OFFICIAL_STAGES_20260918
MTC_STAGE_0386_HINDY_VIDYALAYA,HINDY VIDYALAYA,MTC,MTC_OFFICIAL,MTC_OFFICIAL_STAGES_20260918
MTC_STAGE_0387_HOTEL_ARUN,HOTEL ARUN,MTC,MTC_OFFICIAL,MTC_OFFICIAL_STAGES_20260918
MTC_STAGE_0388_I_C_F,I.C.F,MTC,MTC_OFFICIAL,MTC_OFFICIAL_STAGES_20260918
MTC_STAGE_0389_I_C_F,I.C.F.,MTC,MTC_OFFICIAL,MTC_OFFICIAL_STAGES_20260918
MTC_STAGE_0390_I_C_F_COLONY,I.C.F.COLONY,MTC,MTC_OFFICIAL,MTC_OFFICIAL_STAGES_20260918
MTC_STAGE_0391_I_C_I,I.C.I.,MTC,MTC_OFFICIAL,MTC_OFFICIAL_STAGES_20260918
MTC_STAGE_0392_I_O_C,I.O.C.,MTC,MTC_OFFICIAL,MTC_OFFICIAL_STAGES_20260918
MTC_STAGE_0393_I_R_T__RD_JN,I.R.T. RD.JN,MTC,MTC_OFFICIAL,MTC_OFFICIAL_STAGES_20260918
MTC_STAGE_0394_I_R_T__RD_JN,I.R.T. RD.JN.,MTC,MTC_OFFICIAL,MTC_OFFICIAL_STAGES_20260918
MTC_STAGE_0395_ICF_ANNEXE,ICF ANNEXE,MTC,MTC_OFFICIAL,MTC_OFFICIAL_STAGES_20260918
MTC_STAGE_0396_II_ND_MAIN_ROAD,II ND MAIN ROAD,MTC,MTC_OFFICIAL,MTC_OFFICIAL_STAGES_20260918
MTC_STAGE_0397_IIT,IIT,MTC,MTC_OFFICIAL,MTC_OFFICIAL_STAGES_20260918
MTC_STAGE_0398_ILLALUR_JUNCTION,ILLALUR JUNCTION,MTC,MTC_OFFICIAL,MTC_OFFICIAL_STAGES_20260918
MTC_STAGE_0399_ILLANTHOPE,ILLANTHOPE,MTC,MTC_OFFICIAL,MTC_OFFICIAL_STAGES_20260918
MTC_STAGE_0400_INAM_AGARAM,INAM AGARAM,MTC,MTC_OFFICIAL,MTC_OFFICIAL_STAGES_20260918
MTC_STAGE_0401_INDIA_CEMENT,INDIA CEMENT,MTC,MTC_OFFICIAL,MTC_OFFICIAL_STAGES_20260918
MTC_STAGE_0402_INDIRA_COLONY,INDIRA COLONY,MTC,MTC_OFFICIAL,MTC_OFFICIAL_STAGES_20260918
MTC_STAGE_0403_INDIRA_NAGAR,INDIRA NAGAR,MTC,MTC_OFFICIAL,MTC_OFFICIAL_STAGES_20260918
MTC_STAGE_0404_INDIRA_NAGAR_KULAM,INDIRA NAGAR KULAM,MTC,MTC_OFFICIAL,MTC_OFFICIAL_STAGES_20260918
MTC_STAGE_0405_INDIRA_NAGAR_WATER_T,INDIRA NAGAR WATER TANK,MTC,MTC_OFFICIAL,MTC_OFFICIAL_STAGES_20260918
MTC_STAGE_0406_INDRA_GANDHI_STATUE,INDRA GANDHI STATUE,MTC,MTC_OFFICIAL,MTC_OFFICIAL_STAGES_20260918
MTC_STAGE_0407_INDRA_NAGAR_KULAM,INDRA NAGAR KULAM,MTC,MTC_OFFICIAL,MTC_OFFICIAL_STAGES_20260918
MTC_STAGE_0408_IRANKUPPAM,IRANKUPPAM,MTC,MTC_OFFICIAL,MTC_OFFICIAL_STAGES_20260918
MTC_STAGE_0409_IRULAPALAYAM,IRULAPALAYAM,MTC,MTC_OFFICIAL,MTC_OFFICIAL_STAGES_20260918
MTC_STAGE_0410_IRULAPALAYAM_RD_JN,IRULAPALAYAM RD JN.,MTC,MTC_OFFICIAL,MTC_OFFICIAL_STAGES_20260918
MTC_STAGE_0411_IRUMBULIYUR,IRUMBULIYUR,MTC,MTC_OFFICIAL,MTC_OFFICIAL_STAGES_20260918
MTC_STAGE_0412_IRUNKATTUKOTTAI,IRUNKATTUKOTTAI,MTC,MTC_OFFICIAL,MTC_OFFICIAL_STAGES_20260918
MTC_STAGE_0413_ISLAND_GROUND,ISLAND GROUND,MTC,MTC_OFFICIAL,MTC_OFFICIAL_STAGES_20260918
MTC_STAGE_0414_IYYAPPANMADAM,IYYAPPANMADAM,MTC,MTC_OFFICIAL,MTC_OFFICIAL_STAGES_20260918
MTC_STAGE_0415_IYYAPPANTHANGAL,IYYAPPANTHANGAL,MTC,MTC_OFFICIAL,MTC_OFFICIAL_STAGES_20260918
MTC_STAGE_0416_J_J_NAGAR_EAST,J.J.NAGAR EAST,MTC,MTC_OFFICIAL,MTC_OFFICIAL_STAGES_20260918
MTC_STAGE_0417_J_J_NAGAR_WEST,J.J.NAGAR WEST,MTC,MTC_OFFICIAL,MTC_OFFICIAL_STAGES_20260918
MTC_STAGE_0418_J_S_GRAND_PALACE,J.S.GRAND PALACE,MTC,MTC_OFFICIAL,MTC_OFFICIAL_STAGES_20260918
MTC_STAGE_0419_JAFFARKHAN_PET,JAFFARKHAN PET,MTC,MTC_OFFICIAL,MTC_OFFICIAL_STAGES_20260918
MTC_STAGE_0420_JAFFARKHANPET,JAFFARKHANPET,MTC,MTC_OFFICIAL,MTC_OFFICIAL_STAGES_20260918
MTC_STAGE_0421_JAIGOPAL_GARODIA_HR_,JAIGOPAL GARODIA HR.SEC.SCH,MTC,MTC_OFFICIAL,MTC_OFFICIAL_STAGES_20260918
MTC_STAGE_0422_JAIHIND_INDUSTRIES,JAIHIND INDUSTRIES,MTC,MTC_OFFICIAL,MTC_OFFICIAL_STAGES_20260918
MTC_STAGE_0423_JAMALAYA,JAMALAYA,MTC,MTC_OFFICIAL,MTC_OFFICIAL_STAGES_20260918
MTC_STAGE_0424_JAMALIA,JAMALIA,MTC,MTC_OFFICIAL,MTC_OFFICIAL_STAGES_20260918
MTC_STAGE_0425_JANAPPANCHATRAM_RD_J,JANAPPANCHATRAM RD.JN,MTC,MTC_OFFICIAL,MTC_OFFICIAL_STAGES_20260918
MTC_STAGE_0426_JEEVA_PARK,JEEVA PARK,MTC,MTC_OFFICIAL,MTC_OFFICIAL_STAGES_20260918
MTC_STAGE_0427_JEYAPURAM,JEYAPURAM,MTC,MTC_OFFICIAL,MTC_OFFICIAL_STAGES_20260918
MTC_STAGE_0428_JN_OF_3RD_AND_1ST_AV,JN OF 3RD AND 1ST AVENUE,MTC,MTC_OFFICIAL,MTC_OFFICIAL_STAGES_20260918
MTC_STAGE_0429_JN_OF_III_AND_1ST_AV,JN OF III AND 1ST AVE,MTC,MTC_OFFICIAL,MTC_OFFICIAL_STAGES_20260918
MTC_STAGE_0430_JN_OF_P_T_R_ROAD_KAM,JN OF P.T.R ROAD/KAMARAJ RD,MTC,MTC_OFFICIAL,MTC_OFFICIAL_STAGES_20260918
MTC_STAGE_0431_JN__OF_R_GARDEN__AMP,"JN. OF R.GARDEN &amp; PEVR H.RD.,",MTC,MTC_OFFICIAL,MTC_OFFICIAL_STAGES_20260918
MTC_STAGE_0432_JN__OF_PONNERI_RD__A,"JN.,OF PONNERI RD,&amp;ERANOOR",MTC,MTC_OFFICIAL,MTC_OFFICIAL_STAGES_20260918
MTC_STAGE_0433_JN_OF_BAJANAI_KOIL_S,JN.OF BAJANAI KOIL ST.,MTC,MTC_OFFICIAL,MTC_OFFICIAL_STAGES_20260918
MTC_STAGE_0434_JN_OF_CENTRAL_AVENUE,JN.OF CENTRAL AVENUE&amp;ERIKARAI,MTC,MTC_OFFICIAL,MTC_OFFICIAL_STAGES_20260918
MTC_STAGE_0435_JN_OF_MAMBAKKAM__AMP,JN.OF MAMBAKKAM &amp; O.BAKKAM RD.,MTC,MTC_OFFICIAL,MTC_OFFICIAL_STAGES_20260918
MTC_STAGE_0436_JN_OF_MAMBAKKAM_RD__,JN.OF MAMBAKKAM RD &amp; ATANOORRD,MTC,MTC_OFFICIAL,MTC_OFFICIAL_STAGES_20260918
MTC_STAGE_0437_JN_OF_MAMBAKKAM_RD__,JN.OF MAMBAKKAM RD &amp; ATHANOOR,MTC,MTC_OFFICIAL,MTC_OFFICIAL_STAGES_20260918
MTC_STAGE_0438_JN_OF_MANALI_RD_CHIN,JN.OF MANALI RD.CHINNA KODUNR,MTC,MTC_OFFICIAL,MTC_OFFICIAL_STAGES_20260918
MTC_STAGE_0439_JN_OF_RACE_COURSE,JN.OF RACE COURSE,MTC,MTC_OFFICIAL,MTC_OFFICIAL_STAGES_20260918
MTC_STAGE_0440_JN_OF_RACE_COURSE_RD,JN.OF RACE COURSE RD,MTC,MTC_OFFICIAL,MTC_OFFICIAL_STAGES_20260918
MTC_STAGE_0441_JN_OF_ORAKADU_RD__AM,JN.OF.ORAKADU RD &amp; S/VARAM RD,MTC,MTC_OFFICIAL,MTC_OFFICIAL_STAGES_20260918
MTC_STAGE_0442_JN_OF_PALAVANTHANGAL,JN.OF.PALAVANTHANGAL &amp;GST RD,MTC,MTC_OFFICIAL,MTC_OFFICIAL_STAGES_20260918
MTC_STAGE_0443_JN_OF_VLY_TBM_RD_AMP,JN.OF.VLY-TBM RD&amp;MVKM-K.K,MTC,MTC_OFFICIAL,MTC_OFFICIAL_STAGES_20260918
MTC_STAGE_0444_JOTHI_NAGAR_MADAMBAK,JOTHI NAGAR MADAMBAKKAM,MTC,MTC_OFFICIAL,MTC_OFFICIAL_STAGES_20260918
MTC_STAGE_0445_JN_OF_P_T_R_RD_KAMAR,Jn.OF P.T.R Rd/KAMARAJ Rd,MTC,MTC_OFFICIAL,MTC_OFFICIAL_STAGES_20260918
MTC_STAGE_0446_K_K_NAGAR,K.K.NAGAR,MTC,MTC_OFFICIAL,MTC_OFFICIAL_STAGES_20260918
MTC_STAGE_0447_K_K_NAGAR_B_S,K.K.NAGAR B.S.,MTC,MTC_OFFICIAL,MTC_OFFICIAL_STAGES_20260918
MTC_STAGE_0448_K_K_NAGAR_WEST,K.K.NAGAR WEST,MTC,MTC_OFFICIAL,MTC_OFFICIAL_STAGES_20260918
MTC_STAGE_0449_K_KANNADASAN_NAGAR,K.KANNADASAN NAGAR,MTC,MTC_OFFICIAL,MTC_OFFICIAL_STAGES_20260918
MTC_STAGE_0450_K_M_C,K.M.C,MTC,MTC_OFFICIAL,MTC_OFFICIAL_STAGES_20260918
MTC_STAGE_0451_K_M_C,K.M.C.,MTC,MTC_OFFICIAL,MTC_OFFICIAL_STAGES_20260918
MTC_STAGE_0452_KADAMBUR,KADAMBUR,MTC,MTC_OFFICIAL,MTC_OFFICIAL_STAGES_20260918
MTC_STAGE_0453_KADAPAKKAM,KADAPAKKAM,MTC,MTC_OFFICIAL,MTC_OFFICIAL_STAGES_20260918
MTC_STAGE_0454_KADAPERI,KADAPERI,MTC,MTC_OFFICIAL,MTC_OFFICIAL_STAGES_20260918
MTC_STAGE_0455_KADHAVOOR,KADHAVOOR,MTC,MTC_OFFICIAL,MTC_OFFICIAL_STAGES_20260918
MTC_STAGE_0456_KADHAVOOR_RD_JN,KADHAVOOR RD.JN.,MTC,MTC_OFFICIAL,MTC_OFFICIAL_STAGES_20260918
MTC_STAGE_0457_KADUMBADIAMMAN_KOIL,KADUMBADIAMMAN KOIL,MTC,MTC_OFFICIAL,MTC_OFFICIAL_STAGES_20260918
MTC_STAGE_0458_KADUMPADIAMMAN_KOIL,KADUMPADIAMMAN KOIL,MTC,MTC_OFFICIAL,MTC_OFFICIAL_STAGES_20260918
MTC_STAGE_0459_KAIVELI,KAIVELI,MTC,MTC_OFFICIAL,MTC_OFFICIAL_STAGES_20260918
MTC_STAGE_0460_KAKKALUR,KAKKALUR,MTC,MTC_OFFICIAL,MTC_OFFICIAL_STAGES_20260918
MTC_STAGE_0461_KAKKAN_BRIDGE,KAKKAN BRIDGE,MTC,MTC_OFFICIAL,MTC_OFFICIAL_STAGES_20260918
MTC_STAGE_0462_KALAINGER_KARUNANIDH,KALAINGER KARUNANIDHI NAGAR,MTC,MTC_OFFICIAL,MTC_OFFICIAL_STAGES_20260918
MTC_STAGE_0463_KALAVAKKAM,KALAVAKKAM,MTC,MTC_OFFICIAL,MTC_OFFICIAL_STAGES_20260918
MTC_STAGE_0464_KALAVAKKAM_TEA_STALL,KALAVAKKAM TEA STALL,MTC,MTC_OFFICIAL,MTC_OFFICIAL_STAGES_20260918
MTC_STAGE_0465_KALAYANAKUPPAM_RD_JN,KALAYANAKUPPAM RD JN.,MTC,MTC_OFFICIAL,MTC_OFFICIAL_STAGES_20260918
MTC_STAGE_0466_KALAYANAKUPPAM_VILLA,KALAYANAKUPPAM VILLAGE,MTC,MTC_OFFICIAL,MTC_OFFICIAL_STAGES_20260918
MTC_STAGE_0467_KALIVANTHAPATTU,KALIVANTHAPATTU,MTC,MTC_OFFICIAL,MTC_OFFICIAL_STAGES_20260918
MTC_STAGE_0468_KALLIKUPPAM,KALLIKUPPAM,MTC,MTC_OFFICIAL,MTC_OFFICIAL_STAGES_20260918
MTC_STAGE_0469_KALLIKUPPAM_RED_HILL,KALLIKUPPAM RED HILLS RD.JN.,MTC,MTC_OFFICIAL,MTC_OFFICIAL_STAGES_20260918
MTC_STAGE_0470_KALLUR,KALLUR,MTC,MTC_OFFICIAL,MTC_OFFICIAL_STAGES_20260918
MTC_STAGE_0471_KALPANA_LAMPS,KALPANA LAMPS,MTC,MTC_OFFICIAL,MTC_OFFICIAL_STAGES_20260918
MTC_STAGE_0472_KALPANA_LAMPS_MADHAV,KALPANA LAMPS/MADHAVARAM,MTC,MTC_OFFICIAL,MTC_OFFICIAL_STAGES_20260918
MTC_STAGE_0473_KALSAR_ENG_COLLEGE,KALSAR ENG.COLLEGE,MTC,MTC_OFFICIAL,MTC_OFFICIAL_STAGES_20260918
MTC_STAGE_0474_KALYANAKUPPAM,KALYANAKUPPAM,MTC,MTC_OFFICIAL,MTC_OFFICIAL_STAGES_20260918
MTC_STAGE_0475_KAMABAR_ARANGAM,KAMABAR ARANGAM,MTC,MTC_OFFICIAL,MTC_OFFICIAL_STAGES_20260918
MTC_STAGE_0476_KAMARAJ_NAGAR,KAMARAJ NAGAR,MTC,MTC_OFFICIAL,MTC_OFFICIAL_STAGES_20260918
MTC_STAGE_0477_KAMARAJAPURAM,KAMARAJAPURAM,MTC,MTC_OFFICIAL,MTC_OFFICIAL_STAGES_20260918
MTC_STAGE_0478_KAMATCHI_HOSPITAL,KAMATCHI HOSPITAL,MTC,MTC_OFFICIAL,MTC_OFFICIAL_STAGES_20260918
MTC_STAGE_0479_KAMBAR_ARANGAM,KAMBAR ARANGAM,MTC,MTC_OFFICIAL,MTC_OFFICIAL_STAGES_20260918
MTC_STAGE_0480_KANADASAN_NAGAR,KANADASAN NAGAR,MTC,MTC_OFFICIAL,MTC_OFFICIAL_STAGES_20260918
MTC_STAGE_0481_KANAKAM_MAIN_ROAD,KANAKAM MAIN ROAD,MTC,MTC_OFFICIAL,MTC_OFFICIAL_STAGES_20260918
MTC_STAGE_0482_KANATHUR,KANATHUR,MTC,MTC_OFFICIAL,MTC_OFFICIAL_STAGES_20260918
MTC_STAGE_0483_KANCHI_SWEETS__SRINI,KANCHI SWEETS (SRINIVASA NAGAR,MTC,MTC_OFFICIAL,MTC_OFFICIAL_STAGES_20260918
MTC_STAGE_0484_KANCHIVOYAL,KANCHIVOYAL,MTC,MTC_OFFICIAL,MTC_OFFICIAL_STAGES_20260918
MTC_STAGE_0485_KANDAN_KOLLAI,KANDAN KOLLAI,MTC,MTC_OFFICIAL,MTC_OFFICIAL_STAGES_20260918
MTC_STAGE_0486_KANDANCHAVADI,KANDANCHAVADI,MTC,MTC_OFFICIAL,MTC_OFFICIAL_STAGES_20260918
MTC_STAGE_0487_KANDIGAI,KANDIGAI,MTC,MTC_OFFICIAL,MTC_OFFICIAL_STAGES_20260918
MTC_STAGE_0488_KANDIGAI_JUNCTION,KANDIGAI JUNCTION,MTC,MTC_OFFICIAL,MTC_OFFICIAL_STAGES_20260918
MTC_STAGE_0489_KANDIGAI_SCHOOL,KANDIGAI SCHOOL,MTC,MTC_OFFICIAL,MTC_OFFICIAL_STAGES_20260918
MTC_STAGE_0490_KANIGAPURAM,KANIGAPURAM,MTC,MTC_OFFICIAL,MTC_OFFICIAL_STAGES_20260918
MTC_STAGE_0491_KANNACHERY,KANNACHERY,MTC,MTC_OFFICIAL,MTC_OFFICIAL_STAGES_20260918
MTC_STAGE_0492_KANNADAPALAYAM,KANNADAPALAYAM,MTC,MTC_OFFICIAL,MTC_OFFICIAL_STAGES_20260918
MTC_STAGE_0493_KANNAGI_NAGAR_S_C_B,KANNAGI NAGAR S.C.B.,MTC,MTC_OFFICIAL,MTC_OFFICIAL_STAGES_20260918
MTC_STAGE_0494_KANNAGI_STATUE,KANNAGI STATUE,MTC,MTC_OFFICIAL,MTC_OFFICIAL_STAGES_20260918
MTC_STAGE_0495_KANNAN_THEATRE,KANNAN THEATRE,MTC,MTC_OFFICIAL,MTC_OFFICIAL_STAGES_20260918
MTC_STAGE_0496_KANNAPALAYAM,KANNAPALAYAM,MTC,MTC_OFFICIAL,MTC_OFFICIAL_STAGES_20260918
MTC_STAGE_0497_KANNAPALAYAM_AYALCHE,KANNAPALAYAM AYALCHERY JN.,MTC,MTC_OFFICIAL,MTC_OFFICIAL_STAGES_20260918
MTC_STAGE_0498_KANNIAMMAN_NAGAR,KANNIAMMAN NAGAR,MTC,MTC_OFFICIAL,MTC_OFFICIAL_STAGES_20260918
MTC_STAGE_0499_KANNIAMPALAYAM,KANNIAMPALAYAM,MTC,MTC_OFFICIAL,MTC_OFFICIAL_STAGES_20260918
MTC_STAGE_0500_KANNIGAIPEIR,KANNIGAIPEIR,MTC,MTC_OFFICIAL,MTC_OFFICIAL_STAGES_20260918
MTC_STAGE_0501_KANNIGAPURAM,KANNIGAPURAM,MTC,MTC_OFFICIAL,MTC_OFFICIAL_STAGES_20260918
MTC_STAGE_0502_KANNIVAKKAM,KANNIVAKKAM,MTC,MTC_OFFICIAL,MTC_OFFICIAL_STAGES_20260918
MTC_STAGE_0503_KANNIYAMMAN_KOIL,KANNIYAMMAN KOIL,MTC,MTC_OFFICIAL,MTC_OFFICIAL_STAGES_20260918
MTC_STAGE_0504_KARANAI,KARANAI,MTC,MTC_OFFICIAL,MTC_OFFICIAL_STAGES_20260918
MTC_STAGE_0505_KARANAI_MEPPEDU,KARANAI MEPPEDU,MTC,MTC_OFFICIAL,MTC_OFFICIAL_STAGES_20260918
MTC_STAGE_0506_KARANODAI,KARANODAI,MTC,MTC_OFFICIAL,MTC_OFFICIAL_STAGES_20260918
MTC_STAGE_0507_KARANODAI_SCHOOL,KARANODAI SCHOOL,MTC,MTC_OFFICIAL,MTC_OFFICIAL_STAGES_20260918
MTC_STAGE_0508_KARAPAKKAM,KARAPAKKAM,MTC,MTC_OFFICIAL,MTC_OFFICIAL_STAGES_20260918
MTC_STAGE_0509_KARASANGAL,KARASANGAL,MTC,MTC_OFFICIAL,MTC_OFFICIAL_STAGES_20260918
MTC_STAGE_0510_KARAYANCAHVADI,KARAYANCAHVADI,MTC,MTC_OFFICIAL,MTC_OFFICIAL_STAGES_20260918
MTC_STAGE_0511_KARAYANMEDU,KARAYANMEDU,MTC,MTC_OFFICIAL,MTC_OFFICIAL_STAGES_20260918
MTC_STAGE_0512_KARGIL_NAGAR,KARGIL NAGAR,MTC,MTC_OFFICIAL,MTC_OFFICIAL_STAGES_20260918
MTC_STAGE_0513_KARGIL_NAGAR_JUMPING,KARGIL NAGAR(JUMPING STG),MTC,MTC_OFFICIAL,MTC_OFFICIAL_STAGES_20260918
MTC_STAGE_0514_KARIMEDU,KARIMEDU,MTC,MTC_OFFICIAL,MTC_OFFICIAL_STAGES_20260918
MTC_STAGE_0515_KARISHMA_NAGAR_WATER,KARISHMA NAGAR WATER BRG,MTC,MTC_OFFICIAL,MTC_OFFICIAL_STAGES_20260918
MTC_STAGE_0516_KARUKKU,KARUKKU,MTC,MTC_OFFICIAL,MTC_OFFICIAL_STAGES_20260918
MTC_STAGE_0517_KARUMANOOR_KANDIGAI,KARUMANOOR KANDIGAI,MTC,MTC_OFFICIAL,MTC_OFFICIAL_STAGES_20260918
MTC_STAGE_0518_KARUMARI_AMMAN_ARCH,KARUMARI AMMAN ARCH,MTC,MTC_OFFICIAL,MTC_OFFICIAL_STAGES_20260918
MTC_STAGE_0519_KARUMBAKKAM,KARUMBAKKAM,MTC,MTC_OFFICIAL,MTC_OFFICIAL_STAGES_20260918
MTC_STAGE_0520_KARUNAKARACHERY,KARUNAKARACHERY,MTC,MTC_OFFICIAL,MTC_OFFICIAL_STAGES_20260918
MTC_STAGE_0521_KARUNEELAM_ROAD_JN,KARUNEELAM ROAD JN,MTC,MTC_OFFICIAL,MTC_OFFICIAL_STAGES_20260918
MTC_STAGE_0522_KARUNGUDI_PALLAM,KARUNGUDI PALLAM,MTC,MTC_OFFICIAL,MTC_OFFICIAL_STAGES_20260918
MTC_STAGE_0523_KARUNGUDIPALLAM,KARUNGUDIPALLAM,MTC,MTC_OFFICIAL,MTC_OFFICIAL_STAGES_20260918
MTC_STAGE_0524_KARUNYA_NAGAR,KARUNYA NAGAR,MTC,MTC_OFFICIAL,MTC_OFFICIAL_STAGES_20260918
MTC_STAGE_0525_KASANOOR,KASANOOR,MTC,MTC_OFFICIAL,MTC_OFFICIAL_STAGES_20260918
MTC_STAGE_0526_KATHIRVEDU,KATHIRVEDU,MTC,MTC_OFFICIAL,MTC_OFFICIAL_STAGES_20260918
MTC_STAGE_0527_KATHIVAKKAM_J_J_NAGA,KATHIVAKKAM J.J.NAGAR,MTC,MTC_OFFICIAL,MTC_OFFICIAL_STAGES_20260918
MTC_STAGE_0528_KATRAMBAKKAM,KATRAMBAKKAM,MTC,MTC_OFFICIAL,MTC_OFFICIAL_STAGES_20260918
MTC_STAGE_0529_KATTU_ROAD_JN,KATTU ROAD JN,MTC,MTC_OFFICIAL,MTC_OFFICIAL_STAGES_20260918
MTC_STAGE_0530_KATTUPALLI,KATTUPALLI,MTC,MTC_OFFICIAL,MTC_OFFICIAL_STAGES_20260918
MTC_STAGE_0531_KATTUPALLIVILLA,KATTUPALLIVILLA,MTC,MTC_OFFICIAL,MTC_OFFICIAL_STAGES_20260918
MTC_STAGE_0532_KATTUR,KATTUR,MTC,MTC_OFFICIAL,MTC_OFFICIAL_STAGES_20260918
MTC_STAGE_0533_KATTUR_CROSS_ROAD,KATTUR CROSS ROAD,MTC,MTC_OFFICIAL,MTC_OFFICIAL_STAGES_20260918
MTC_STAGE_0534_KATTUR_ROAD_JN,KATTUR ROAD JN.,MTC,MTC_OFFICIAL,MTC_OFFICIAL_STAGES_20260918
MTC_STAGE_0535_KAVAL_CHERRY_MIDDLE_,KAVAL CHERRY MIDDLE SCHOOL,MTC,MTC_OFFICIAL,MTC_OFFICIAL_STAGES_20260918
MTC_STAGE_0536_KAVALPATHY,KAVALPATHY,MTC,MTC_OFFICIAL,MTC_OFFICIAL_STAGES_20260918
MTC_STAGE_0537_KAVANGARAI,KAVANGARAI,MTC,MTC_OFFICIAL,MTC_OFFICIAL_STAGES_20260918
MTC_STAGE_0538_KAVANOOR,KAVANOOR,MTC,MTC_OFFICIAL,MTC_OFFICIAL_STAGES_20260918
MTC_STAGE_0539_KAVANOOR_KOOT_ROAD,KAVANOOR KOOT ROAD,MTC,MTC_OFFICIAL,MTC_OFFICIAL_STAGES_20260918
MTC_STAGE_0540_KAVARAIPALAYAM,KAVARAIPALAYAM,MTC,MTC_OFFICIAL,MTC_OFFICIAL_STAGES_20260918
MTC_STAGE_0541_KAVARAPED,KAVARAPED,MTC,MTC_OFFICIAL,MTC_OFFICIAL_STAGES_20260918
MTC_STAGE_0542_KAVARAPETTAI,KAVARAPETTAI,MTC,MTC_OFFICIAL,MTC_OFFICIAL_STAGES_20260918
MTC_STAGE_0543_KAYAAR,KAYAAR,MTC,MTC_OFFICIAL,MTC_OFFICIAL_STAGES_20260918
MTC_STAGE_0544_KAYALARMEDU,KAYALARMEDU,MTC,MTC_OFFICIAL,MTC_OFFICIAL_STAGES_20260918
MTC_STAGE_0545_KCBT___KILAMBAKKAM,KCBT - KILAMBAKKAM,MTC,MTC_OFFICIAL,MTC_OFFICIAL_STAGES_20260918
MTC_STAGE_0546_KEELKATTALAI,KEELKATTALAI,MTC,MTC_OFFICIAL,MTC_OFFICIAL_STAGES_20260918
MTC_STAGE_0547_KEELMANI,KEELMANI,MTC,MTC_OFFICIAL,MTC_OFFICIAL_STAGES_20260918
MTC_STAGE_0548_KEERAPAKKAM,KEERAPAKKAM,MTC,MTC_OFFICIAL,MTC_OFFICIAL_STAGES_20260918
MTC_STAGE_0549_KEERAPAKKAM_HOUSING_,KEERAPAKKAM HOUSING BOARD,MTC,MTC_OFFICIAL,MTC_OFFICIAL_STAGES_20260918
MTC_STAGE_0550_KEERAPAKKAM_TNUHDB,KEERAPAKKAM TNUHDB,MTC,MTC_OFFICIAL,MTC_OFFICIAL_STAGES_20260918
MTC_STAGE_0551_KELAMBAKKAM,KELAMBAKKAM,MTC,MTC_OFFICIAL,MTC_OFFICIAL_STAGES_20260918
MTC_STAGE_0552_KELAMBAKKAM_RD_JN,KELAMBAKKAM RD JN.,MTC,MTC_OFFICIAL,MTC_OFFICIAL_STAGES_20260918
MTC_STAGE_0553_KELAMBAKKAM_RD_JN,KELAMBAKKAM RD.JN.,MTC,MTC_OFFICIAL,MTC_OFFICIAL_STAGES_20260918
MTC_STAGE_0554_KELLEYS,KELLEYS,MTC,MTC_OFFICIAL,MTC_OFFICIAL_STAGES_20260918
MTC_STAGE_0555_KELLYS,KELLYS,MTC,MTC_OFFICIAL,MTC_OFFICIAL_STAGES_20260918
MTC_STAGE_0556_KESAVA_CROSS_ROAD,KESAVA CROSS ROAD,MTC,MTC_OFFICIAL,MTC_OFFICIAL_STAGES_20260918
MTC_STAGE_0557_KILAMBAKKAM_B_S,KILAMBAKKAM B.S.,MTC,MTC_OFFICIAL,MTC_OFFICIAL_STAGES_20260918
MTC_STAGE_0558_KILAMBAKKAM_JN,KILAMBAKKAM JN.,MTC,MTC_OFFICIAL,MTC_OFFICIAL_STAGES_20260918
MTC_STAGE_0559_KILAMBAKKAM_WATER_TA,KILAMBAKKAM WATER TANK,MTC,MTC_OFFICIAL,MTC_OFFICIAL_STAGES_20260918
MTC_STAGE_0560_KILKATTALAI,KILKATTALAI,MTC,MTC_OFFICIAL,MTC_OFFICIAL_STAGES_20260918
MTC_STAGE_0561_KILKONDAIYUR,KILKONDAIYUR,MTC,MTC_OFFICIAL,MTC_OFFICIAL_STAGES_20260918
MTC_STAGE_0562_KILPAUK_GARDEN,KILPAUK GARDEN,MTC,MTC_OFFICIAL,MTC_OFFICIAL_STAGES_20260918
MTC_STAGE_0563_KIMALUR,KIMALUR,MTC,MTC_OFFICIAL,MTC_OFFICIAL_STAGES_20260918
MTC_STAGE_0564_KIZH_NALLATHUR,KIZH NALLATHUR,MTC,MTC_OFFICIAL,MTC_OFFICIAL_STAGES_20260918
MTC_STAGE_0565_KIZHACHERI_MEPPADU,KIZHACHERI MEPPADU,MTC,MTC_OFFICIAL,MTC_OFFICIAL_STAGES_20260918
MTC_STAGE_0566_KIZHANOOR,KIZHANOOR,MTC,MTC_OFFICIAL,MTC_OFFICIAL_STAGES_20260918
MTC_STAGE_0567_KIZHKALVOY,KIZHKALVOY,MTC,MTC_OFFICIAL,MTC_OFFICIAL_STAGES_20260918
MTC_STAGE_0568_KODUNGAIYUR_O_T,KODUNGAIYUR O.T.,MTC,MTC_OFFICIAL,MTC_OFFICIAL_STAGES_20260918
MTC_STAGE_0569_KODUNGAIYUR_PARVATHI,KODUNGAIYUR PARVATHI NAGA,MTC,MTC_OFFICIAL,MTC_OFFICIAL_STAGES_20260918
MTC_STAGE_0570_KOILPATHAGAI_RD_JN,KOILPATHAGAI RD.JN.,MTC,MTC_OFFICIAL,MTC_OFFICIAL_STAGES_20260918
MTC_STAGE_0571_KOILPATHAGAI_BHARATH,KOILPATHAGAI(BHARATHI NAGAR),MTC,MTC_OFFICIAL,MTC_OFFICIAL_STAGES_20260918
MTC_STAGE_0572_KOLACHERY,KOLACHERY,MTC,MTC_OFFICIAL,MTC_OFFICIAL_STAGES_20260918
MTC_STAGE_0573_KOLADI_GROUND,KOLADI GROUND,MTC,MTC_OFFICIAL,MTC_OFFICIAL_STAGES_20260918
MTC_STAGE_0574_KOLADI_SCHOOL,KOLADI SCHOOL,MTC,MTC_OFFICIAL,MTC_OFFICIAL_STAGES_20260918
MTC_STAGE_0575_KOLAPAKKAM,KOLAPAKKAM,MTC,MTC_OFFICIAL,MTC_OFFICIAL_STAGES_20260918
MTC_STAGE_0576_KOLAPAKKAM_PUO,KOLAPAKKAM PUO,MTC,MTC_OFFICIAL,MTC_OFFICIAL_STAGES_20260918
MTC_STAGE_0577_KOLAPAKKAM_RD_JN,KOLAPAKKAM RD.JN.,MTC,MTC_OFFICIAL,MTC_OFFICIAL_STAGES_20260918
MTC_STAGE_0578_KOLAPPANCHERY,KOLAPPANCHERY,MTC,MTC_OFFICIAL,MTC_OFFICIAL_STAGES_20260918
MTC_STAGE_0579_KOLATHUR,KOLATHUR,MTC,MTC_OFFICIAL,MTC_OFFICIAL_STAGES_20260918
MTC_STAGE_0580_KOLATHUR_NEHRU_NAGAR,KOLATHUR NEHRU NAGAR RD.JN.,MTC,MTC_OFFICIAL,MTC_OFFICIAL_STAGES_20260918
MTC_STAGE_0581_KOLATHUR_NEHRU_RD_JN,KOLATHUR/NEHRU RD JN,MTC,MTC_OFFICIAL,MTC_OFFICIAL_STAGES_20260918
MTC_STAGE_0582_KOLLACHERY_LAKE,KOLLACHERY LAKE,MTC,MTC_OFFICIAL,MTC_OFFICIAL_STAGES_20260918
MTC_STAGE_0583_KOLLAICHERI,KOLLAICHERI,MTC,MTC_OFFICIAL,MTC_OFFICIAL_STAGES_20260918
MTC_STAGE_0584_KOLLUMEDU,KOLLUMEDU,MTC,MTC_OFFICIAL,MTC_OFFICIAL_STAGES_20260918
MTC_STAGE_0585_KOLUR,KOLUR,MTC,MTC_OFFICIAL,MTC_OFFICIAL_STAGES_20260918
MTC_STAGE_0586_KOLUR_KALVOY,KOLUR KALVOY,MTC,MTC_OFFICIAL,MTC_OFFICIAL_STAGES_20260918
MTC_STAGE_0587_KOMAN_NAGAR_RD_JN,KOMAN NAGAR RD JN.,MTC,MTC_OFFICIAL,MTC_OFFICIAL_STAGES_20260918
MTC_STAGE_0588_KONDAKKARAI,KONDAKKARAI,MTC,MTC_OFFICIAL,MTC_OFFICIAL_STAGES_20260918
MTC_STAGE_0589_KONDANCHERY_CHRISTHU,KONDANCHERY CHRISTHUVA SABAI,MTC,MTC_OFFICIAL,MTC_OFFICIAL_STAGES_20260918
MTC_STAGE_0590_KONIMEDU,KONIMEDU,MTC,MTC_OFFICIAL,MTC_OFFICIAL_STAGES_20260918
MTC_STAGE_0591_KONIMEDU_RD__JN,KONIMEDU RD. JN.,MTC,MTC_OFFICIAL,MTC_OFFICIAL_STAGES_20260918
MTC_STAGE_0592_KOOTHAVAKKAM_SCHOOL,KOOTHAVAKKAM SCHOOL,MTC,MTC_OFFICIAL,MTC_OFFICIAL_STAGES_20260918
MTC_STAGE_0593_KOOVAM,KOOVAM,MTC,MTC_OFFICIAL,MTC_OFFICIAL_STAGES_20260918
MTC_STAGE_0594_KOPPUR_SCHOOL,KOPPUR SCHOOL,MTC,MTC_OFFICIAL,MTC_OFFICIAL_STAGES_20260918
MTC_STAGE_0595_KORATTUR,KORATTUR,MTC,MTC_OFFICIAL,MTC_OFFICIAL_STAGES_20260918
MTC_STAGE_0596_KORATTUR_B_S,KORATTUR B.S.,MTC,MTC_OFFICIAL,MTC_OFFICIAL_STAGES_20260918
MTC_STAGE_0597_KORATTUR_WATER_CANAL,KORATTUR WATER CANAL,MTC,MTC_OFFICIAL,MTC_OFFICIAL_STAGES_20260918
MTC_STAGE_0598_KORUKKUPET,KORUKKUPET,MTC,MTC_OFFICIAL,MTC_OFFICIAL_STAGES_20260918
MTC_STAGE_0599_KORUKKUPET_R_S,KORUKKUPET R.S.,MTC,MTC_OFFICIAL,MTC_OFFICIAL_STAGES_20260918
MTC_STAGE_0600_KOSAPALAYAM,KOSAPALAYAM,MTC,MTC_OFFICIAL,MTC_OFFICIAL_STAGES_20260918
MTC_STAGE_0601_KOSAPPUR,KOSAPPUR,MTC,MTC_OFFICIAL,MTC_OFFICIAL_STAGES_20260918
MTC_STAGE_0602_KOSAPPUR_ROAD,KOSAPPUR ROAD,MTC,MTC_OFFICIAL,MTC_OFFICIAL_STAGES_20260918
MTC_STAGE_0603_KOSAPUR_RD__JN,"KOSAPUR RD. JN.,",MTC,MTC_OFFICIAL,MTC_OFFICIAL_STAGES_20260918
MTC_STAGE_0604_KOSAVAMPETTAI,KOSAVAMPETTAI,MTC,MTC_OFFICIAL,MTC_OFFICIAL_STAGES_20260918
MTC_STAGE_0605_KOTHARI,KOTHARI,MTC,MTC_OFFICIAL,MTC_OFFICIAL_STAGES_20260918
MTC_STAGE_0606_KOTTIVAKKAM,KOTTIVAKKAM,MTC,MTC_OFFICIAL,MTC_OFFICIAL_STAGES_20260918
MTC_STAGE_0607_KOTTUR_NSK_STATUE,KOTTUR NSK STATUE,MTC,MTC_OFFICIAL,MTC_OFFICIAL_STAGES_20260918
MTC_STAGE_0608_KOTTURPURAM,KOTTURPURAM,MTC,MTC_OFFICIAL,MTC_OFFICIAL_STAGES_20260918
MTC_STAGE_0609_KOTTURPURAM_R_S,KOTTURPURAM R.S,MTC,MTC_OFFICIAL,MTC_OFFICIAL_STAGES_20260918
MTC_STAGE_0610_KOTTURPURAM_RD_JN,KOTTURPURAM RD.JN,MTC,MTC_OFFICIAL,MTC_OFFICIAL_STAGES_20260918
MTC_STAGE_0611_KOTYAMEDU,KOTYAMEDU,MTC,MTC_OFFICIAL,MTC_OFFICIAL_STAGES_20260918
MTC_STAGE_0612_KOVALAM,KOVALAM,MTC,MTC_OFFICIAL,MTC_OFFICIAL_STAGES_20260918
MTC_STAGE_0613_KOVILAMBAKKAM,KOVILAMBAKKAM,MTC,MTC_OFFICIAL,MTC_OFFICIAL_STAGES_20260918
MTC_STAGE_0614_KOVILAMCHERRY_VILLAG,KOVILAMCHERRY VILLAGE,MTC,MTC_OFFICIAL,MTC_OFFICIAL_STAGES_20260918
MTC_STAGE_0615_KOVOOR,KOVOOR,MTC,MTC_OFFICIAL,MTC_OFFICIAL_STAGES_20260918
MTC_STAGE_0616_KOVOOR_RD_JN,KOVOOR RD JN,MTC,MTC_OFFICIAL,MTC_OFFICIAL_STAGES_20260918
MTC_STAGE_0617_KOVUR_EB,KOVUR EB,MTC,MTC_OFFICIAL,MTC_OFFICIAL_STAGES_20260918
MTC_STAGE_0618_KOYAMBAKKAM,KOYAMBAKKAM,MTC,MTC_OFFICIAL,MTC_OFFICIAL_STAGES_20260918
MTC_STAGE_0619_KOYAMBEDU,KOYAMBEDU,MTC,MTC_OFFICIAL,MTC_OFFICIAL_STAGES_20260918
MTC_STAGE_0620_KOYAMBEDU_CHATRAM,KOYAMBEDU CHATRAM,MTC,MTC_OFFICIAL,MTC_OFFICIAL_STAGES_20260918
MTC_STAGE_0621_KOYAMBEDU_MARKET,KOYAMBEDU MARKET,MTC,MTC_OFFICIAL,MTC_OFFICIAL_STAGES_20260918
MTC_STAGE_0622_KOYAMBEDU_P_S,KOYAMBEDU P.S,MTC,MTC_OFFICIAL,MTC_OFFICIAL_STAGES_20260918
MTC_STAGE_0623_KOYAMBEDU_SCHOOL,KOYAMBEDU SCHOOL,MTC,MTC_OFFICIAL,MTC_OFFICIAL_STAGES_20260918
MTC_STAGE_0624_KRISHNA_KARANAI,KRISHNA KARANAI,MTC,MTC_OFFICIAL,MTC_OFFICIAL_STAGES_20260918
MTC_STAGE_0625_KRISHNAN_TEMPLE_POND,KRISHNAN TEMPLE/PONDY BAZAR,MTC,MTC_OFFICIAL,MTC_OFFICIAL_STAGES_20260918
MTC_STAGE_0626_KRISHNAPURAM,KRISHNAPURAM,MTC,MTC_OFFICIAL,MTC_OFFICIAL_STAGES_20260918
MTC_STAGE_0627_KRISHNAR_KOVIL,KRISHNAR KOVIL,MTC,MTC_OFFICIAL,MTC_OFFICIAL_STAGES_20260918
MTC_STAGE_0628_KRS_PALLAVAN_PHARM_C,KRS PALLAVAN PHARM COLLEGE,MTC,MTC_OFFICIAL,MTC_OFFICIAL_STAGES_20260918
MTC_STAGE_0629_KUMANANCHAVADI,KUMANANCHAVADI,MTC,MTC_OFFICIAL,MTC_OFFICIAL_STAGES_20260918
MTC_STAGE_0630_KUMARAN_KUNDRAM,KUMARAN KUNDRAM,MTC,MTC_OFFICIAL,MTC_OFFICIAL_STAGES_20260918
MTC_STAGE_0631_KUMARAN_NAGAR,KUMARAN NAGAR,MTC,MTC_OFFICIAL,MTC_OFFICIAL_STAGES_20260918
MTC_STAGE_0632_KUMIZHI,KUMIZHI,MTC,MTC_OFFICIAL,MTC_OFFICIAL_STAGES_20260918
MTC_STAGE_0633_KUMMANUR,KUMMANUR,MTC,MTC_OFFICIAL,MTC_OFFICIAL_STAGES_20260918
MTC_STAGE_0634_KUMUNANCHAVADI,KUMUNANCHAVADI,MTC,MTC_OFFICIAL,MTC_OFFICIAL_STAGES_20260918
MTC_STAGE_0635_KUNDRATHUR_B_S,KUNDRATHUR B.S,MTC,MTC_OFFICIAL,MTC_OFFICIAL_STAGES_20260918
MTC_STAGE_0636_KUNDRATHUR_B_S,KUNDRATHUR B.S.,MTC,MTC_OFFICIAL,MTC_OFFICIAL_STAGES_20260918
MTC_STAGE_0637_KUNDRATHUR_B_T,KUNDRATHUR B.T,MTC,MTC_OFFICIAL,MTC_OFFICIAL_STAGES_20260918
MTC_STAGE_0638_KUNDRATHUR_DEPOT,KUNDRATHUR DEPOT,MTC,MTC_OFFICIAL,MTC_OFFICIAL_STAGES_20260918
MTC_STAGE_0639_KUNDRATHUR_MURUGAN_T,KUNDRATHUR MURUGAN TEMPLE,MTC,MTC_OFFICIAL,MTC_OFFICIAL_STAGES_20260918
MTC_STAGE_0640_KUNDRATHUR_REGISTER_,KUNDRATHUR REGISTER OFFICE,MTC,MTC_OFFICIAL,MTC_OFFICIAL_STAGES_20260918
MTC_STAGE_0641_KUNNAM,KUNNAM,MTC,MTC_OFFICIAL,MTC_OFFICIAL_STAGES_20260918
MTC_STAGE_0642_KUNNAM_VILLAGE,KUNNAM VILLAGE,MTC,MTC_OFFICIAL,MTC_OFFICIAL_STAGES_20260918
MTC_STAGE_0643_KUNNAVAKKAM,KUNNAVAKKAM,MTC,MTC_OFFICIAL,MTC_OFFICIAL_STAGES_20260918
MTC_STAGE_0644_KUPPAM,KUPPAM,MTC,MTC_OFFICIAL,MTC_OFFICIAL_STAGES_20260918
MTC_STAGE_0645_KUPPAMMA_NAGAR,KUPPAMMA NAGAR,MTC,MTC_OFFICIAL,MTC_OFFICIAL_STAGES_20260918
MTC_STAGE_0646_KURUVIAGARAM_JN,KURUVIAGARAM JN,MTC,MTC_OFFICIAL,MTC_OFFICIAL_STAGES_20260918
MTC_STAGE_0647_KUTHAMBAKKAM,KUTHAMBAKKAM,MTC,MTC_OFFICIAL,MTC_OFFICIAL_STAGES_20260918
MTC_STAGE_0648_KUTHAMKULAM,KUTHAMKULAM,MTC,MTC_OFFICIAL,MTC_OFFICIAL_STAGES_20260918
MTC_STAGE_0649_KUTHANOOR_ROAD_JN,KUTHANOOR ROAD JN.,MTC,MTC_OFFICIAL,MTC_OFFICIAL_STAGES_20260918
MTC_STAGE_0650_L_AMP_T_CORNER,L&amp;T CORNER,MTC,MTC_OFFICIAL,MTC_OFFICIAL_STAGES_20260918
MTC_STAGE_0651_L_AMP_T_HARBOUR,L&amp;T HARBOUR,MTC,MTC_OFFICIAL,MTC_OFFICIAL_STAGES_20260918
MTC_STAGE_0652_LADY_MCTM_SCHOOL_MIL,LADY MCTM SCHOOL/MILLERS RD,MTC,MTC_OFFICIAL,MTC_OFFICIAL_STAGES_20260918
MTC_STAGE_0653_LAKSHMI_APPARTMENTS,LAKSHMI APPARTMENTS,MTC,MTC_OFFICIAL,MTC_OFFICIAL_STAGES_20260918
MTC_STAGE_0654_LAKSHMIPURAM,LAKSHMIPURAM,MTC,MTC_OFFICIAL,MTC_OFFICIAL_STAGES_20260918
MTC_STAGE_0655_LAKSHMIPURAM_JN__ARO,LAKSHMIPURAM JN./AROBINDO SCHL,MTC,MTC_OFFICIAL,MTC_OFFICIAL_STAGES_20260918
MTC_STAGE_0656_LAKSHMIPURAM_SCHOOL,LAKSHMIPURAM SCHOOL,MTC,MTC_OFFICIAL,MTC_OFFICIAL_STAGES_20260918
MTC_STAGE_0657_LATTICE_BRIDGE_ROAD_,LATTICE BRIDGE ROAD JN.,MTC,MTC_OFFICIAL,MTC_OFFICIAL_STAGES_20260918
MTC_STAGE_0658_LIFT_GATE,LIFT GATE,MTC,MTC_OFFICIAL,MTC_OFFICIAL_STAGES_20260918
MTC_STAGE_0659_LIGHT_HOUSE,LIGHT HOUSE,MTC,MTC_OFFICIAL,MTC_OFFICIAL_STAGES_20260918
MTC_STAGE_0660_LINGAPPAN_PETTAI,LINGAPPAN PETTAI,MTC,MTC_OFFICIAL,MTC_OFFICIAL_STAGES_20260918
MTC_STAGE_0661_LITTLE_MOUNT_METRO,LITTLE MOUNT METRO,MTC,MTC_OFFICIAL,MTC_OFFICIAL_STAGES_20260918
MTC_STAGE_0662_LOCO_BRIDGE,LOCO BRIDGE,MTC,MTC_OFFICIAL,MTC_OFFICIAL_STAGES_20260918
MTC_STAGE_0663_LOYOLA_COLLEGE,LOYOLA COLLEGE,MTC,MTC_OFFICIAL,MTC_OFFICIAL_STAGES_20260918
MTC_STAGE_0664_LUCAS_TVS,LUCAS TVS,MTC,MTC_OFFICIAL,MTC_OFFICIAL_STAGES_20260918
MTC_STAGE_0665_LUZ,LUZ,MTC,MTC_OFFICIAL,MTC_OFFICIAL_STAGES_20260918
MTC_STAGE_0666_M_F_L,M.F.L,MTC,MTC_OFFICIAL,MTC_OFFICIAL_STAGES_20260918
MTC_STAGE_0667_M_F_L,M.F.L.,MTC,MTC_OFFICIAL,MTC_OFFICIAL_STAGES_20260918
MTC_STAGE_0668_M_F_L__NAGAR_JUMPING,M.F.L. NAGAR(JUMPING STG),MTC,MTC_OFFICIAL,MTC_OFFICIAL_STAGES_20260918
MTC_STAGE_0669_M_G_R_CENTRAL,M.G.R.CENTRAL,MTC,MTC_OFFICIAL,MTC_OFFICIAL_STAGES_20260918
MTC_STAGE_0670_M_G_R_KOYAMBEDU,M.G.R.KOYAMBEDU,MTC,MTC_OFFICIAL,MTC_OFFICIAL_STAGES_20260918
MTC_STAGE_0671_M_G_R_NAGAR,M.G.R.NAGAR,MTC,MTC_OFFICIAL,MTC_OFFICIAL_STAGES_20260918
MTC_STAGE_0672_M_K_B_NAGAR,M.K.B.NAGAR,MTC,MTC_OFFICIAL,MTC_OFFICIAL_STAGES_20260918
MTC_STAGE_0673_M_K_B_NAGAR_EAST,M.K.B.NAGAR EAST,MTC,MTC_OFFICIAL,MTC_OFFICIAL_STAGES_20260918
MTC_STAGE_0674_M_M_B_T,M.M.B.T.,MTC,MTC_OFFICIAL,MTC_OFFICIAL_STAGES_20260918
MTC_STAGE_0675_M_M_C,M.M.C,MTC,MTC_OFFICIAL,MTC_OFFICIAL_STAGES_20260918
MTC_STAGE_0676_M_M_D_A_COLONY,M.M.D.A.COLONY,MTC,MTC_OFFICIAL,MTC_OFFICIAL_STAGES_20260918
MTC_STAGE_0677_M_M_D_A_COLONY_RD_JN,M.M.D.A.COLONY RD.JN,MTC,MTC_OFFICIAL,MTC_OFFICIAL_STAGES_20260918
MTC_STAGE_0678_M_M_D_A_COLONY_RD_JN,M.M.D.A.COLONY RD.JN.,MTC,MTC_OFFICIAL,MTC_OFFICIAL_STAGES_20260918
MTC_STAGE_0679_MADAMBAKKAM,MADAMBAKKAM,MTC,MTC_OFFICIAL,MTC_OFFICIAL_STAGES_20260918
MTC_STAGE_0680_MADAMBAKKAM_KOIL,MADAMBAKKAM KOIL,MTC,MTC_OFFICIAL,MTC_OFFICIAL_STAGES_20260918
MTC_STAGE_0681_MADAMBAKKAM_RICE_MIL,MADAMBAKKAM RICE MILL,MTC,MTC_OFFICIAL,MTC_OFFICIAL_STAGES_20260918
MTC_STAGE_0682_MADANAKUPPAM,MADANAKUPPAM,MTC,MTC_OFFICIAL,MTC_OFFICIAL_STAGES_20260918
MTC_STAGE_0683_MADARAPAKKAM,MADARAPAKKAM,MTC,MTC_OFFICIAL,MTC_OFFICIAL_STAGES_20260918
MTC_STAGE_0684_MADARAPAKKAM_CROSS_R,MADARAPAKKAM CROSS ROAD,MTC,MTC_OFFICIAL,MTC_OFFICIAL_STAGES_20260918
MTC_STAGE_0685_MADHAVARAM,MADHAVARAM,MTC,MTC_OFFICIAL,MTC_OFFICIAL_STAGES_20260918
MTC_STAGE_0686_MADHAVARAM_B_S,MADHAVARAM B.S.,MTC,MTC_OFFICIAL,MTC_OFFICIAL_STAGES_20260918
MTC_STAGE_0687_MADHAVARAM_B_T,MADHAVARAM B.T,MTC,MTC_OFFICIAL,MTC_OFFICIAL_STAGES_20260918
MTC_STAGE_0688_MADHAVARAM_MILLK_COL,MADHAVARAM MILLK COLONY,MTC,MTC_OFFICIAL,MTC_OFFICIAL_STAGES_20260918
MTC_STAGE_0689_MADHAVARAM_POST_BOX,MADHAVARAM POST BOX,MTC,MTC_OFFICIAL,MTC_OFFICIAL_STAGES_20260918
MTC_STAGE_0690_MADHAVARAM_VILLAGE,MADHAVARAM VILLAGE,MTC,MTC_OFFICIAL,MTC_OFFICIAL_STAGES_20260918
MTC_STAGE_0691_MADHURAMANGALAM_ROAD,MADHURAMANGALAM ROAD JN,MTC,MTC_OFFICIAL,MTC_OFFICIAL_STAGES_20260918
MTC_STAGE_0692_MADHYAKAILASH,MADHYAKAILASH,MTC,MTC_OFFICIAL,MTC_OFFICIAL_STAGES_20260918
MTC_STAGE_0693_MADIPAKKAM_B_S,MADIPAKKAM B.S.,MTC,MTC_OFFICIAL,MTC_OFFICIAL_STAGES_20260918
MTC_STAGE_0694_MADIPAKKAM_RD__JN,MADIPAKKAM RD. JN.,MTC,MTC_OFFICIAL,MTC_OFFICIAL_STAGES_20260918
MTC_STAGE_0695_MADIPAKKAM_RD__JN__P,MADIPAKKAM RD. JN./POONIAMMAN,MTC,MTC_OFFICIAL,MTC_OFFICIAL_STAGES_20260918
MTC_STAGE_0696_MADIPAKKAM_RD_JN,MADIPAKKAM RD.JN,MTC,MTC_OFFICIAL,MTC_OFFICIAL_STAGES_20260918
MTC_STAGE_0697_MADIPAKKAM_RD_JN,MADIPAKKAM RD.JN.,MTC,MTC_OFFICIAL,MTC_OFFICIAL_STAGES_20260918
MTC_STAGE_0698_MADURAPAKKAM,MADURAPAKKAM,MTC,MTC_OFFICIAL,MTC_OFFICIAL_STAGES_20260918
MTC_STAGE_0699_MADURAPAKKAM_RD_JN,MADURAPAKKAM RD.JN.,MTC,MTC_OFFICIAL,MTC_OFFICIAL_STAGES_20260918
MTC_STAGE_0700_MADURAVOYAL,MADURAVOYAL,MTC,MTC_OFFICIAL,MTC_OFFICIAL_STAGES_20260918
MTC_STAGE_0701_MADURAVOYAL_ERIKARAI,MADURAVOYAL ERIKARAI,MTC,MTC_OFFICIAL,MTC_OFFICIAL_STAGES_20260918
MTC_STAGE_0702_MADURAVOYAL_JN,MADURAVOYAL JN,MTC,MTC_OFFICIAL,MTC_OFFICIAL_STAGES_20260918
MTC_STAGE_0703_MADURAVOYAL_MARKET,MADURAVOYAL MARKET,MTC,MTC_OFFICIAL,MTC_OFFICIAL_STAGES_20260918
MTC_STAGE_0704_MADUVANKARAI,MADUVANKARAI,MTC,MTC_OFFICIAL,MTC_OFFICIAL_STAGES_20260918
MTC_STAGE_0705_MAGARAL_KANDIGAI,MAGARAL KANDIGAI,MTC,MTC_OFFICIAL,MTC_OFFICIAL_STAGES_20260918
MTC_STAGE_0706_MAHALAKSHMI_NAGAR,MAHALAKSHMI NAGAR,MTC,MTC_OFFICIAL,MTC_OFFICIAL_STAGES_20260918
MTC_STAGE_0707_MAHALINGAPURAM,MAHALINGAPURAM,MTC,MTC_OFFICIAL,MTC_OFFICIAL_STAGES_20260918
MTC_STAGE_0708_MAHARANI,MAHARANI,MTC,MTC_OFFICIAL,MTC_OFFICIAL_STAGES_20260918
MTC_STAGE_0709_MAHENDRA_CITY_MAIN_G,MAHENDRA CITY MAIN GATE,MTC,MTC_OFFICIAL,MTC_OFFICIAL_STAGES_20260918
MTC_STAGE_0710_MAHENDRA_CITY_CHETTY,MAHENDRA CITY(CHETTY PUNNIYAM),MTC,MTC_OFFICIAL,MTC_OFFICIAL_STAGES_20260918
MTC_STAGE_0711_MAHINDRA_IND_PARK,MAHINDRA IND.PARK,MTC,MTC_OFFICIAL,MTC_OFFICIAL_STAGES_20260918
MTC_STAGE_0712_MALAI_PATTU,MALAI PATTU,MTC,MTC_OFFICIAL,MTC_OFFICIAL_STAGES_20260918
MTC_STAGE_0713_MALANTHUR,MALANTHUR,MTC,MTC_OFFICIAL,MTC_OFFICIAL_STAGES_20260918
MTC_STAGE_0714_MALAYAMBAKKAM_EAST,MALAYAMBAKKAM EAST,MTC,MTC_OFFICIAL,MTC_OFFICIAL_STAGES_20260918
MTC_STAGE_0715_MALLIGAI_NAGAR_AVE,MALLIGAI NAGAR AVE,MTC,MTC_OFFICIAL,MTC_OFFICIAL_STAGES_20260918
MTC_STAGE_0716_MALLIGAI_NAGAR_AVENU,MALLIGAI NAGAR AVENUE,MTC,MTC_OFFICIAL,MTC_OFFICIAL_STAGES_20260918
MTC_STAGE_0717_MALROSAPURAM,MALROSAPURAM,MTC,MTC_OFFICIAL,MTC_OFFICIAL_STAGES_20260918
MTC_STAGE_0718_MAMALLAPURAM,MAMALLAPURAM,MTC,MTC_OFFICIAL,MTC_OFFICIAL_STAGES_20260918
MTC_STAGE_0719_MAMBAKKAM,MAMBAKKAM,MTC,MTC_OFFICIAL,MTC_OFFICIAL_STAGES_20260918
MTC_STAGE_0720_MAMBAKKAM_KOOT_ROAD,MAMBAKKAM KOOT ROAD,MTC,MTC_OFFICIAL,MTC_OFFICIAL_STAGES_20260918
MTC_STAGE_0721_MAMBAKKAM_RICE_MILL,MAMBAKKAM RICE MILL,MTC,MTC_OFFICIAL,MTC_OFFICIAL_STAGES_20260918
MTC_STAGE_0722_MAMBAKKAM_TEMPLE,MAMBAKKAM TEMPLE,MTC,MTC_OFFICIAL,MTC_OFFICIAL_STAGES_20260918
MTC_STAGE_0723_MAMPALLAM,MAMPALLAM,MTC,MTC_OFFICIAL,MTC_OFFICIAL_STAGES_20260918
MTC_STAGE_0724_MANALAI_SEEKADU,MANALAI SEEKADU,MTC,MTC_OFFICIAL,MTC_OFFICIAL_STAGES_20260918
MTC_STAGE_0725_MANALI,MANALI,MTC,MTC_OFFICIAL,MTC_OFFICIAL_STAGES_20260918
MTC_STAGE_0726_MANALI_ARIYALUR_RD_J,MANALI ARIYALUR RD JN.,MTC,MTC_OFFICIAL,MTC_OFFICIAL_STAGES_20260918
MTC_STAGE_0727_MANALI_MARKET,MANALI MARKET,MTC,MTC_OFFICIAL,MTC_OFFICIAL_STAGES_20260918
MTC_STAGE_0728_MANALI_NEW_TOWN,MANALI NEW TOWN,MTC,MTC_OFFICIAL,MTC_OFFICIAL_STAGES_20260918
MTC_STAGE_0729_MANALI_RD_JN,MANALI RD JN.,MTC,MTC_OFFICIAL,MTC_OFFICIAL_STAGES_20260918
MTC_STAGE_0730_MANALI_SEKADU,MANALI SEKADU,MTC,MTC_OFFICIAL,MTC_OFFICIAL_STAGES_20260918
MTC_STAGE_0731_MANALLUR,MANALLUR,MTC,MTC_OFFICIAL,MTC_OFFICIAL_STAGES_20260918
MTC_STAGE_0732_MANAMATHI,MANAMATHI,MTC,MTC_OFFICIAL,MTC_OFFICIAL_STAGES_20260918
MTC_STAGE_0733_MANAMATHI_JN,MANAMATHI JN.,MTC,MTC_OFFICIAL,MTC_OFFICIAL_STAGES_20260918
MTC_STAGE_0734_MANAMATHI_ROAD_JN,MANAMATHI ROAD JN,MTC,MTC_OFFICIAL,MTC_OFFICIAL_STAGES_20260918
MTC_STAGE_0735_MANAMATHI_SCHOOL,MANAMATHI SCHOOL,MTC,MTC_OFFICIAL,MTC_OFFICIAL_STAGES_20260918
MTC_STAGE_0736_MANAPAKKAM_P_U_O,MANAPAKKAM P.U.O,MTC,MTC_OFFICIAL,MTC_OFFICIAL_STAGES_20260918
MTC_STAGE_0737_MANAPAKKAM_RD_JN,MANAPAKKAM RD.JN.,MTC,MTC_OFFICIAL,MTC_OFFICIAL_STAGES_20260918
MTC_STAGE_0738_MANAPAKKAM_VILLAGE,MANAPAKKAM VILLAGE,MTC,MTC_OFFICIAL,MTC_OFFICIAL_STAGES_20260918
MTC_STAGE_0739_MANAVALAN_NAGAR,MANAVALAN NAGAR,MTC,MTC_OFFICIAL,MTC_OFFICIAL_STAGES_20260918
MTC_STAGE_0740_MANCHANKARANAI,MANCHANKARANAI,MTC,MTC_OFFICIAL,MTC_OFFICIAL_STAGES_20260918
MTC_STAGE_0741_MANDAVELI,MANDAVELI,MTC,MTC_OFFICIAL,MTC_OFFICIAL_STAGES_20260918
MTC_STAGE_0742_MANDAVELI__OONAMANCH,MANDAVELI (OONAMANCHERI),MTC,MTC_OFFICIAL,MTC_OFFICIAL_STAGES_20260918
MTC_STAGE_0743_MANGADU,MANGADU,MTC,MTC_OFFICIAL,MTC_OFFICIAL_STAGES_20260918
MTC_STAGE_0744_MANGADU_RD_JN,MANGADU RD JN,MTC,MTC_OFFICIAL,MTC_OFFICIAL_STAGES_20260918
MTC_STAGE_0745_MANIMANGALAM,MANIMANGALAM,MTC,MTC_OFFICIAL,MTC_OFFICIAL_STAGES_20260918
MTC_STAGE_0746_MANIMANGALAM_RD__JN,MANIMANGALAM RD. JN.,MTC,MTC_OFFICIAL,MTC_OFFICIAL_STAGES_20260918
MTC_STAGE_0747_MANIMANGALAM_VILLAGE,MANIMANGALAM VILLAGE,MTC,MTC_OFFICIAL,MTC_OFFICIAL_STAGES_20260918
MTC_STAGE_0748_MANIMEDU__AKASH_NAGA,MANIMEDU (AKASH NAGAR),MTC,MTC_OFFICIAL,MTC_OFFICIAL_STAGES_20260918
MTC_STAGE_0749_MANJAMBAKKAM_LINK_RD,MANJAMBAKKAM LINK RD.,MTC,MTC_OFFICIAL,MTC_OFFICIAL_STAGES_20260918
MTC_STAGE_0750_MANJAMBAKKAM_RD_JN,MANJAMBAKKAM RD JN.,MTC,MTC_OFFICIAL,MTC_OFFICIAL_STAGES_20260918
MTC_STAGE_0751_MANNIVAKKAM,MANNIVAKKAM,MTC,MTC_OFFICIAL,MTC_OFFICIAL_STAGES_20260918
MTC_STAGE_0752_MANNIVAKKAM_EXTN,MANNIVAKKAM EXTN,MTC,MTC_OFFICIAL,MTC_OFFICIAL_STAGES_20260918
MTC_STAGE_0753_MANNIVAKKAM_P_S,MANNIVAKKAM P.S,MTC,MTC_OFFICIAL,MTC_OFFICIAL_STAGES_20260918
MTC_STAGE_0754_MANNIVAKKAM_RD_JN,MANNIVAKKAM RD.JN.,MTC,MTC_OFFICIAL,MTC_OFFICIAL_STAGES_20260918
MTC_STAGE_0755_MANNIVAKKAM_ROAD_JN,MANNIVAKKAM ROAD JN.,MTC,MTC_OFFICIAL,MTC_OFFICIAL_STAGES_20260918
MTC_STAGE_0756_MANNIVAKKAM_W_TANK,MANNIVAKKAM W.TANK,MTC,MTC_OFFICIAL,MTC_OFFICIAL_STAGES_20260918
MTC_STAGE_0757_MANNUR,MANNUR,MTC,MTC_OFFICIAL,MTC_OFFICIAL_STAGES_20260918
MTC_STAGE_0758_MANNUR_VILLAGE,MANNUR VILLAGE,MTC,MTC_OFFICIAL,MTC_OFFICIAL_STAGES_20260918
MTC_STAGE_0759_MANTHOPU,MANTHOPU,MTC,MTC_OFFICIAL,MTC_OFFICIAL_STAGES_20260918
MTC_STAGE_0760_MAPPEDU_RD__JN,MAPPEDU RD. JN.,MTC,MTC_OFFICIAL,MTC_OFFICIAL_STAGES_20260918
MTC_STAGE_0761_MARAIMALAI_NAGAR,MARAIMALAI NAGAR,MTC,MTC_OFFICIAL,MTC_OFFICIAL_STAGES_20260918
MTC_STAGE_0762_MARAIMALAI_NAGAR_I_E,MARAIMALAI NAGAR I.E.,MTC,MTC_OFFICIAL,MTC_OFFICIAL_STAGES_20260918
MTC_STAGE_0763_MARAIMALAI_NAGAR_P_S,MARAIMALAI NAGAR P.S.JN.,MTC,MTC_OFFICIAL,MTC_OFFICIAL_STAGES_20260918
MTC_STAGE_0764_MARINA_BEACH_MADRAS_,MARINA BEACH/MADRAS UNIVERSITY,MTC,MTC_OFFICIAL,MTC_OFFICIAL_STAGES_20260918
MTC_STAGE_0765_MARKET,MARKET,MTC,MTC_OFFICIAL,MTC_OFFICIAL_STAGES_20260918
MTC_STAGE_0766_MATERNITY_HOSPITAL,MATERNITY HOSPITAL,MTC,MTC_OFFICIAL,MTC_OFFICIAL_STAGES_20260918
MTC_STAGE_0767_MATHUR,MATHUR,MTC,MTC_OFFICIAL,MTC_OFFICIAL_STAGES_20260918
MTC_STAGE_0768_MATHUR_M_M_D_A,MATHUR M.M.D.A.,MTC,MTC_OFFICIAL,MTC_OFFICIAL_STAGES_20260918
MTC_STAGE_0769_MATHUR_M_M_D_A__GATE,MATHUR M.M.D.A. GATE,MTC,MTC_OFFICIAL,MTC_OFFICIAL_STAGES_20260918
MTC_STAGE_0770_MATHUR_RD__JN,"MATHUR RD. JN.,",MTC,MTC_OFFICIAL,MTC_OFFICIAL_STAGES_20260918
MTC_STAGE_0771_MATHUR_ROAD,MATHUR ROAD,MTC,MTC_OFFICIAL,MTC_OFFICIAL_STAGES_20260918
MTC_STAGE_0772_MAXWORTH_NAGAR,MAXWORTH NAGAR,MTC,MTC_OFFICIAL,MTC_OFFICIAL_STAGES_20260918
MTC_STAGE_0773_MAYLAIAMMAN_KOIL,MAYLAIAMMAN KOIL,MTC,MTC_OFFICIAL,MTC_OFFICIAL_STAGES_20260918
MTC_STAGE_0774_MEDAVAKKAM,MEDAVAKKAM,MTC,MTC_OFFICIAL,MTC_OFFICIAL_STAGES_20260918
MTC_STAGE_0775_MEDAVAKKAM_COLONY,MEDAVAKKAM COLONY,MTC,MTC_OFFICIAL,MTC_OFFICIAL_STAGES_20260918
MTC_STAGE_0776_MEDAVAKKAM_PULIYAMAR,MEDAVAKKAM PULIYAMARAM,MTC,MTC_OFFICIAL,MTC_OFFICIAL_STAGES_20260918
MTC_STAGE_0777_MEDAVAKKAM_RD_JN,MEDAVAKKAM RD.JN,MTC,MTC_OFFICIAL,MTC_OFFICIAL_STAGES_20260918
MTC_STAGE_0778_MEDAVAKKAM_RD_JN,MEDAVAKKAM RD.JN.,MTC,MTC_OFFICIAL,MTC_OFFICIAL_STAGES_20260918
MTC_STAGE_0779_MEDHUR,MEDHUR,MTC,MTC_OFFICIAL,MTC_OFFICIAL_STAGES_20260918
MTC_STAGE_0780_MEDURAMALAICHERYJN,MEDURAMALAICHERYJN,MTC,MTC_OFFICIAL,MTC_OFFICIAL_STAGES_20260918
MTC_STAGE_0781_MEENAKSHI_AMMAN_DENT,MEENAKSHI AMMAN DENTAL COLL,MTC,MTC_OFFICIAL,MTC_OFFICIAL_STAGES_20260918
MTC_STAGE_0782_MEENAMABAKKAM_OLD_AI,MEENAMABAKKAM OLD AIRPORT,MTC,MTC_OFFICIAL,MTC_OFFICIAL_STAGES_20260918
MTC_STAGE_0783_MEENAMBAKKAM_OLD_AIR,MEENAMBAKKAM OLD AIRPORT,MTC,MTC_OFFICIAL,MTC_OFFICIAL_STAGES_20260918
MTC_STAGE_0784_MEL_AYNAMBAKKAM,MEL AYNAMBAKKAM,MTC,MTC_OFFICIAL,MTC_OFFICIAL_STAGES_20260918
MTC_STAGE_0785_MEL_SEMBEDU,MEL SEMBEDU,MTC,MTC_OFFICIAL,MTC_OFFICIAL_STAGES_20260918
MTC_STAGE_0786_MELAPPEDU,MELAPPEDU,MTC,MTC_OFFICIAL,MTC_OFFICIAL_STAGES_20260918
MTC_STAGE_0787_MELKALVOY,MELKALVOY,MTC,MTC_OFFICIAL,MTC_OFFICIAL_STAGES_20260918
MTC_STAGE_0788_MELKONDAIYUR,MELKONDAIYUR,MTC,MTC_OFFICIAL,MTC_OFFICIAL_STAGES_20260918
MTC_STAGE_0789_MELKOTTIYUR,MELKOTTIYUR,MTC,MTC_OFFICIAL,MTC_OFFICIAL_STAGES_20260918
MTC_STAGE_0790_MELMALLIKAIPATTU,MELMALLIKAIPATTU,MTC,MTC_OFFICIAL,MTC_OFFICIAL_STAGES_20260918
MTC_STAGE_0791_MELNALLATHUR,MELNALLATHUR,MTC,MTC_OFFICIAL,MTC_OFFICIAL_STAGES_20260918
MTC_STAGE_0792_MELPAKKAM,MELPAKKAM,MTC,MTC_OFFICIAL,MTC_OFFICIAL_STAGES_20260918
MTC_STAGE_0793_MELPAKKAM_RD__JN,MELPAKKAM RD. JN.,MTC,MTC_OFFICIAL,MTC_OFFICIAL_STAGES_20260918
MTC_STAGE_0794_MENAMBEDU,MENAMBEDU,MTC,MTC_OFFICIAL,MTC_OFFICIAL_STAGES_20260918
MTC_STAGE_0795_MEPPADU_HOSPITAL,MEPPADU HOSPITAL,MTC,MTC_OFFICIAL,MTC_OFFICIAL_STAGES_20260918
MTC_STAGE_0796_MEPPEDU,MEPPEDU,MTC,MTC_OFFICIAL,MTC_OFFICIAL_STAGES_20260918
MTC_STAGE_0797_MEPPEDU_HOSPITAL,MEPPEDU HOSPITAL,MTC,MTC_OFFICIAL,MTC_OFFICIAL_STAGES_20260918
MTC_STAGE_0798_MEPPEDU_JN,MEPPEDU JN.,MTC,MTC_OFFICIAL,MTC_OFFICIAL_STAGES_20260918
MTC_STAGE_0799_MEPPEDU_RD_JN,MEPPEDU RD.JN.,MTC,MTC_OFFICIAL,MTC_OFFICIAL_STAGES_20260918
MTC_STAGE_0800_MEPPEDU_ROAD_JN,MEPPEDU ROAD JN,MTC,MTC_OFFICIAL,MTC_OFFICIAL_STAGES_20260918
MTC_STAGE_0801_MEPPUR,MEPPUR,MTC,MTC_OFFICIAL,MTC_OFFICIAL_STAGES_20260918
MTC_STAGE_0802_MEPZ,MEPZ,MTC,MTC_OFFICIAL,MTC_OFFICIAL_STAGES_20260918
MTC_STAGE_0803_METHA_NAGAR_ENTRANCE,METHA NAGAR ENTRANCE(ADKUPM),MTC,MTC_OFFICIAL,MTC_OFFICIAL_STAGES_20260918
MTC_STAGE_0804_METRO_GRAND_CITY,METRO GRAND CITY,MTC,MTC_OFFICIAL,MTC_OFFICIAL_STAGES_20260918
MTC_STAGE_0805_METTU_SEKANYAM,METTU SEKANYAM,MTC,MTC_OFFICIAL,MTC_OFFICIAL_STAGES_20260918
MTC_STAGE_0806_METTU_STREET__NUMBAL,METTU STREET (NUMBAL RD.JN),MTC,MTC_OFFICIAL,MTC_OFFICIAL_STAGES_20260918
MTC_STAGE_0807_METTUKANDIGAI,METTUKANDIGAI,MTC,MTC_OFFICIAL,MTC_OFFICIAL_STAGES_20260918
MTC_STAGE_0808_METTUPALAYAM,METTUPALAYAM,MTC,MTC_OFFICIAL,MTC_OFFICIAL_STAGES_20260918
MTC_STAGE_0809_METTUPALAYAM_ROAD_JN,METTUPALAYAM ROAD JN.,MTC,MTC_OFFICIAL,MTC_OFFICIAL_STAGES_20260918
MTC_STAGE_0810_MEVALURKUPPAM_GOVERN,MEVALURKUPPAM GOVERNMENT SCHOO,MTC,MTC_OFFICIAL,MTC_OFFICIAL_STAGES_20260918
MTC_STAGE_0811_MEYYUR,MEYYUR,MTC,MTC_OFFICIAL,MTC_OFFICIAL_STAGES_20260918
MTC_STAGE_0812_MILITARY_CAMP,MILITARY CAMP,MTC,MTC_OFFICIAL,MTC_OFFICIAL_STAGES_20260918
MTC_STAGE_0813_MILLERS_ROAD,MILLERS ROAD,MTC,MTC_OFFICIAL,MTC_OFFICIAL_STAGES_20260918
MTC_STAGE_0814_MINERVA,MINERVA,MTC,MTC_OFFICIAL,MTC_OFFICIAL_STAGES_20260918
MTC_STAGE_0815_MINJUR,MINJUR,MTC,MTC_OFFICIAL,MTC_OFFICIAL_STAGES_20260918
MTC_STAGE_0816_MINJUR_B_D_O,MINJUR B.D.O,MTC,MTC_OFFICIAL,MTC_OFFICIAL_STAGES_20260918
MTC_STAGE_0817_MINJUR_N_T,MINJUR N.T,MTC,MTC_OFFICIAL,MTC_OFFICIAL_STAGES_20260918
MTC_STAGE_0818_MINJUR_N_T,MINJUR N.T.,MTC,MTC_OFFICIAL,MTC_OFFICIAL_STAGES_20260918
MTC_STAGE_0819_MINJUR_O_T,MINJUR O.T,MTC,MTC_OFFICIAL,MTC_OFFICIAL_STAGES_20260918
MTC_STAGE_0820_MITTANAMALLEE,MITTANAMALLEE,MTC,MTC_OFFICIAL,MTC_OFFICIAL_STAGES_20260918
MTC_STAGE_0821_MITTANAMALLEE_TURNIN,MITTANAMALLEE TURNING,MTC,MTC_OFFICIAL,MTC_OFFICIAL_STAGES_20260918
MTC_STAGE_0822_MOGAIPAIR_ROAD_JN,MOGAIPAIR ROAD JN.,MTC,MTC_OFFICIAL,MTC_OFFICIAL_STAGES_20260918
MTC_STAGE_0823_MOGALIVAKKAM,MOGALIVAKKAM,MTC,MTC_OFFICIAL,MTC_OFFICIAL_STAGES_20260918
MTC_STAGE_0824_MOGALIVAKKAM___MARI_,MOGALIVAKKAM / MARI AMMN KOIL,MTC,MTC_OFFICIAL,MTC_OFFICIAL_STAGES_20260918
MTC_STAGE_0825_MOGAPPAIR_RD_JN,MOGAPPAIR RD.JN.,MTC,MTC_OFFICIAL,MTC_OFFICIAL_STAGES_20260918
MTC_STAGE_0826_MOGAPPAIR_ROAD_JN,MOGAPPAIR ROAD JN,MTC,MTC_OFFICIAL,MTC_OFFICIAL_STAGES_20260918
MTC_STAGE_0827_MOOLACHATHIRAM,MOOLACHATHIRAM,MTC,MTC_OFFICIAL,MTC_OFFICIAL_STAGES_20260918
MTC_STAGE_0828_MOOLAI_ROAD,MOOLAI ROAD,MTC,MTC_OFFICIAL,MTC_OFFICIAL_STAGES_20260918
MTC_STAGE_0829_MOOLAKADAI,MOOLAKADAI,MTC,MTC_OFFICIAL,MTC_OFFICIAL_STAGES_20260918
MTC_STAGE_0830_MOOLAKARAI,MOOLAKARAI,MTC,MTC_OFFICIAL,MTC_OFFICIAL_STAGES_20260918
MTC_STAGE_0831_MOONDRAM_KATTALAI,MOONDRAM KATTALAI,MTC,MTC_OFFICIAL,MTC_OFFICIAL_STAGES_20260918
MTC_STAGE_0832_MOOTAKARAN_CHAVADI,MOOTAKARAN CHAVADI,MTC,MTC_OFFICIAL,MTC_OFFICIAL_STAGES_20260918
MTC_STAGE_0833_MOOVAR_STATUE,MOOVAR STATUE,MTC,MTC_OFFICIAL,MTC_OFFICIAL_STAGES_20260918
MTC_STAGE_0834_MOOVARASAMPET,MOOVARASAMPET,MTC,MTC_OFFICIAL,MTC_OFFICIAL_STAGES_20260918
MTC_STAGE_0835_MOOVARASANPET,MOOVARASANPET,MTC,MTC_OFFICIAL,MTC_OFFICIAL_STAGES_20260918
MTC_STAGE_0836_MORAI,MORAI,MTC,MTC_OFFICIAL,MTC_OFFICIAL_STAGES_20260918
MTC_STAGE_0837_MOULIVAKKAM,MOULIVAKKAM,MTC,MTC_OFFICIAL,MTC_OFFICIAL_STAGES_20260918
MTC_STAGE_0838_MOULIVAKKAM_BAI_KADA,MOULIVAKKAM BAI KADAI,MTC,MTC_OFFICIAL,MTC_OFFICIAL_STAGES_20260918
MTC_STAGE_0839_MOULIVAKKAM_RD_JN,MOULIVAKKAM RD.JN.,MTC,MTC_OFFICIAL,MTC_OFFICIAL_STAGES_20260918
MTC_STAGE_0840_MOULIVAKKAM_MANGAU_R,MOULIVAKKAM/MANGAU RD JN,MTC,MTC_OFFICIAL,MTC_OFFICIAL_STAGES_20260918
MTC_STAGE_0841_MOUNT_ROAD_T_V_S,MOUNT ROAD T.V.S,MTC,MTC_OFFICIAL,MTC_OFFICIAL_STAGES_20260918
MTC_STAGE_0842_MRL_CPCL,MRL/CPCL,MTC,MTC_OFFICIAL,MTC_OFFICIAL_STAGES_20260918
MTC_STAGE_0843_MUDHUKUR_CROSS_ROAD,MUDHUKUR CROSS ROAD,MTC,MTC_OFFICIAL,MTC_OFFICIAL_STAGES_20260918
MTC_STAGE_0844_MUDICHUR,MUDICHUR,MTC,MTC_OFFICIAL,MTC_OFFICIAL_STAGES_20260918
MTC_STAGE_0845_MUDICHUR_RD_JN,MUDICHUR RD JN.,MTC,MTC_OFFICIAL,MTC_OFFICIAL_STAGES_20260918
MTC_STAGE_0846_MUDICHUR_RD_JN,MUDICHUR RD.JN,MTC,MTC_OFFICIAL,MTC_OFFICIAL_STAGES_20260918
MTC_STAGE_0847_MUDICHUR_RD_JN,MUDICHUR RD.JN.,MTC,MTC_OFFICIAL,MTC_OFFICIAL_STAGES_20260918
MTC_STAGE_0848_MUDICHUR_VILLAGE,MUDICHUR VILLAGE,MTC,MTC_OFFICIAL,MTC_OFFICIAL_STAGES_20260918
MTC_STAGE_0849_MUGALIVAKKAM,MUGALIVAKKAM,MTC,MTC_OFFICIAL,MTC_OFFICIAL_STAGES_20260918
MTC_STAGE_0850_MUGALIVAKKAM_ARASAMA,MUGALIVAKKAM ARASAMARAM,MTC,MTC_OFFICIAL,MTC_OFFICIAL_STAGES_20260918
MTC_STAGE_0851_MUGALIVAKKAM_RD__JN,MUGALIVAKKAM RD. JN.,MTC,MTC_OFFICIAL,MTC_OFFICIAL_STAGES_20260918
MTC_STAGE_0852_MULLAI_NAGAR,MULLAI NAGAR,MTC,MTC_OFFICIAL,MTC_OFFICIAL_STAGES_20260918
MTC_STAGE_0853_MULLIPAKKAM,MULLIPAKKAM,MTC,MTC_OFFICIAL,MTC_OFFICIAL_STAGES_20260918
MTC_STAGE_0854_MURUGAN_KALYANA_MAND,MURUGAN KALYANA MANDABAM,MTC,MTC_OFFICIAL,MTC_OFFICIAL_STAGES_20260918
MTC_STAGE_0855_MURUGAN_KOIL___GIRUG,MURUGAN KOIL / GIRUGAMBAKKAM,MTC,MTC_OFFICIAL,MTC_OFFICIAL_STAGES_20260918
MTC_STAGE_0856_MURUKKANCHERI,MURUKKANCHERI,MTC,MTC_OFFICIAL,MTC_OFFICIAL_STAGES_20260918
MTC_STAGE_0857_MUTHAMIL_NAGAR,MUTHAMIL NAGAR,MTC,MTC_OFFICIAL,MTC_OFFICIAL_STAGES_20260918
MTC_STAGE_0858_MUTHAPUDUPET,MUTHAPUDUPET,MTC,MTC_OFFICIAL,MTC_OFFICIAL_STAGES_20260918
MTC_STAGE_0859_MUTHUMARIAMMAN_KOIL,MUTHUMARIAMMAN KOIL,MTC,MTC_OFFICIAL,MTC_OFFICIAL_STAGES_20260918
MTC_STAGE_0860_MUTHUMARIAMMAN_KOVIL,MUTHUMARIAMMAN KOVIL,MTC,MTC_OFFICIAL,MTC_OFFICIAL_STAGES_20260918
MTC_STAGE_0861_MUTTUKKADU,MUTTUKKADU,MTC,MTC_OFFICIAL,MTC_OFFICIAL_STAGES_20260918
MTC_STAGE_0862_MUTTUKKADU_BOAT_YARD,MUTTUKKADU BOAT YARD,MTC,MTC_OFFICIAL,MTC_OFFICIAL_STAGES_20260918
MTC_STAGE_0863_MYLAI_ROAD_JN,MYLAI ROAD JN,MTC,MTC_OFFICIAL,MTC_OFFICIAL_STAGES_20260918
MTC_STAGE_0864_MYLAPORE,MYLAPORE,MTC,MTC_OFFICIAL,MTC_OFFICIAL_STAGES_20260918
MTC_STAGE_0865_N_BAKKAM_KALAIGNAR_N,N.BAKKAM KALAIGNAR NAGAR,MTC,MTC_OFFICIAL,MTC_OFFICIAL_STAGES_20260918
MTC_STAGE_0866_N_G_O_COLONY,N.G.O.COLONY,MTC,MTC_OFFICIAL,MTC_OFFICIAL_STAGES_20260918
MTC_STAGE_0867_N_S_K_NAGAR,N.S.K NAGAR,MTC,MTC_OFFICIAL,MTC_OFFICIAL_STAGES_20260918
MTC_STAGE_0868_N4_POLICE_STATION,N4 POLICE STATION,MTC,MTC_OFFICIAL,MTC_OFFICIAL_STAGES_20260918
MTC_STAGE_0869_NADUVANKARAI,NADUVANKARAI,MTC,MTC_OFFICIAL,MTC_OFFICIAL_STAGES_20260918
MTC_STAGE_0870_NADUVEERAPATTU,NADUVEERAPATTU,MTC,MTC_OFFICIAL,MTC_OFFICIAL_STAGES_20260918
MTC_STAGE_0871_NAGALKENI,NAGALKENI,MTC,MTC_OFFICIAL,MTC_OFFICIAL_STAGES_20260918
MTC_STAGE_0872_NAGARAJKANDIGAI,NAGARAJKANDIGAI,MTC,MTC_OFFICIAL,MTC_OFFICIAL_STAGES_20260918
MTC_STAGE_0873_NAGATHAMMAL_KOIL,NAGATHAMMAL KOIL,MTC,MTC_OFFICIAL,MTC_OFFICIAL_STAGES_20260918
MTC_STAGE_0874_NALAMBUR_SERVICE_RD,NALAMBUR SERVICE RD,MTC,MTC_OFFICIAL,MTC_OFFICIAL_STAGES_20260918
MTC_STAGE_0875_NALLAMBAKKAM,NALLAMBAKKAM,MTC,MTC_OFFICIAL,MTC_OFFICIAL_STAGES_20260918
MTC_STAGE_0876_NALLUR,NALLUR,MTC,MTC_OFFICIAL,MTC_OFFICIAL_STAGES_20260918
MTC_STAGE_0877_NALLUR_PUDU_NAGAR,NALLUR PUDU NAGAR,MTC,MTC_OFFICIAL,MTC_OFFICIAL_STAGES_20260918
MTC_STAGE_0878_NANDAMBAKKAM,NANDAMBAKKAM,MTC,MTC_OFFICIAL,MTC_OFFICIAL_STAGES_20260918
MTC_STAGE_0879_NANDAMBAKKAM_VILLAGE,NANDAMBAKKAM VILLAGE,MTC,MTC_OFFICIAL,MTC_OFFICIAL_STAGES_20260918
MTC_STAGE_0880_NANDANAM_S_H_B,NANDANAM S.H.B,MTC,MTC_OFFICIAL,MTC_OFFICIAL_STAGES_20260918
MTC_STAGE_0881_NANGANALLUR,NANGANALLUR,MTC,MTC_OFFICIAL,MTC_OFFICIAL_STAGES_20260918
MTC_STAGE_0882_NAPALAYAM,NAPALAYAM,MTC,MTC_OFFICIAL,MTC_OFFICIAL_STAGES_20260918
MTC_STAGE_0883_NARAYANAPURAM,NARAYANAPURAM,MTC,MTC_OFFICIAL,MTC_OFFICIAL_STAGES_20260918
MTC_STAGE_0884_NASARATHPET,NASARATHPET,MTC,MTC_OFFICIAL,MTC_OFFICIAL_STAGES_20260918
MTC_STAGE_0885_NASIC_NAGAR,NASIC NAGAR,MTC,MTC_OFFICIAL,MTC_OFFICIAL_STAGES_20260918
MTC_STAGE_0886_NATHAMBEDU_COLONY,NATHAMBEDU COLONY,MTC,MTC_OFFICIAL,MTC_OFFICIAL_STAGES_20260918
MTC_STAGE_0887_NATHAMBEDU_ROAD_JN,NATHAMBEDU ROAD JN.,MTC,MTC_OFFICIAL,MTC_OFFICIAL_STAGES_20260918
MTC_STAGE_0888_NATHAMUNI_TALKIES,NATHAMUNI TALKIES,MTC,MTC_OFFICIAL,MTC_OFFICIAL_STAGES_20260918
MTC_STAGE_0889_NATHANALLUR,NATHANALLUR,MTC,MTC_OFFICIAL,MTC_OFFICIAL_STAGES_20260918
MTC_STAGE_0890_NATURE_CARE_HOSPITAL,NATURE CARE HOSPITAL,MTC,MTC_OFFICIAL,MTC_OFFICIAL_STAGES_20260918
MTC_STAGE_0891_NAVALUR,NAVALUR,MTC,MTC_OFFICIAL,MTC_OFFICIAL_STAGES_20260918
MTC_STAGE_0892_NAVALUR_CHURCH,NAVALUR CHURCH,MTC,MTC_OFFICIAL,MTC_OFFICIAL_STAGES_20260918
MTC_STAGE_0893_NAVALUR_SCB,NAVALUR SCB,MTC,MTC_OFFICIAL,MTC_OFFICIAL_STAGES_20260918
MTC_STAGE_0894_NAYAPAKKAM_VILLAGE,NAYAPAKKAM VILLAGE,MTC,MTC_OFFICIAL,MTC_OFFICIAL_STAGES_20260918
MTC_STAGE_0895_NAZARATHPET,NAZARATHPET,MTC,MTC_OFFICIAL,MTC_OFFICIAL_STAGES_20260918
MTC_STAGE_0896_NCTPS,NCTPS,MTC,MTC_OFFICIAL,MTC_OFFICIAL_STAGES_20260918
MTC_STAGE_0897_NEDUGUNDRAM,NEDUGUNDRAM,MTC,MTC_OFFICIAL,MTC_OFFICIAL_STAGES_20260918
MTC_STAGE_0898_NEELAMANGALAM,NEELAMANGALAM,MTC,MTC_OFFICIAL,MTC_OFFICIAL_STAGES_20260918
MTC_STAGE_0899_NEELANKARAI,NEELANKARAI,MTC,MTC_OFFICIAL,MTC_OFFICIAL_STAGES_20260918
MTC_STAGE_0900_NEITHAVOYAL,NEITHAVOYAL,MTC,MTC_OFFICIAL,MTC_OFFICIAL_STAGES_20260918
MTC_STAGE_0901_NELLIKUPPAM,NELLIKUPPAM,MTC,MTC_OFFICIAL,MTC_OFFICIAL_STAGES_20260918
MTC_STAGE_0902_NEMAM,NEMAM,MTC,MTC_OFFICIAL,MTC_OFFICIAL_STAGES_20260918
MTC_STAGE_0903_NEMILICHERI,NEMILICHERI,MTC,MTC_OFFICIAL,MTC_OFFICIAL_STAGES_20260918
MTC_STAGE_0904_NERKUNDRAM,NERKUNDRAM,MTC,MTC_OFFICIAL,MTC_OFFICIAL_STAGES_20260918
MTC_STAGE_0905_NESAMANI_NAGAR,NESAMANI NAGAR,MTC,MTC_OFFICIAL,MTC_OFFICIAL_STAGES_20260918
MTC_STAGE_0906_NESAPAKKAM,NESAPAKKAM,MTC,MTC_OFFICIAL,MTC_OFFICIAL_STAGES_20260918
MTC_STAGE_0907_NESAPAKKAM_MGR_STATU,NESAPAKKAM MGR STATUE,MTC,MTC_OFFICIAL,MTC_OFFICIAL_STAGES_20260918
MTC_STAGE_0908_NEW_AVENUE,NEW AVENUE,MTC,MTC_OFFICIAL,MTC_OFFICIAL_STAGES_20260918
MTC_STAGE_0909_NEW_ERUMAIVETTIPALAY,NEW ERUMAIVETTIPALAYAM,MTC,MTC_OFFICIAL,MTC_OFFICIAL_STAGES_20260918
MTC_STAGE_0910_NEW_NAGAR,NEW NAGAR,MTC,MTC_OFFICIAL,MTC_OFFICIAL_STAGES_20260918
MTC_STAGE_0911_NEW_ROAD,NEW ROAD,MTC,MTC_OFFICIAL,MTC_OFFICIAL_STAGES_20260918
MTC_STAGE_0912_NEYVELI,NEYVELI,MTC,MTC_OFFICIAL,MTC_OFFICIAL_STAGES_20260918
MTC_STAGE_0913_NOLAMBUR_SAKTHI_NAGA,NOLAMBUR SAKTHI NAGAR,MTC,MTC_OFFICIAL,MTC_OFFICIAL_STAGES_20260918
MTC_STAGE_0914_NOLAMBUR_SERVICE_RD,NOLAMBUR SERVICE RD,MTC,MTC_OFFICIAL,MTC_OFFICIAL_STAGES_20260918
MTC_STAGE_0915_NOOTHANCHERI,NOOTHANCHERI,MTC,MTC_OFFICIAL,MTC_OFFICIAL_STAGES_20260918
MTC_STAGE_0916_NOOTHANCHERI_CROSS_R,NOOTHANCHERI CROSS RD.,MTC,MTC_OFFICIAL,MTC_OFFICIAL_STAGES_20260918
MTC_STAGE_0917_NORTH_PRAKASH_NAGAR,NORTH PRAKASH NAGAR,MTC,MTC_OFFICIAL,MTC_OFFICIAL_STAGES_20260918
MTC_STAGE_0918_NUCLEUS_COMPANY,NUCLEUS COMPANY,MTC,MTC_OFFICIAL,MTC_OFFICIAL_STAGES_20260918
MTC_STAGE_0919_NUNGAMBAKKAM_R_S,NUNGAMBAKKAM R.S.,MTC,MTC_OFFICIAL,MTC_OFFICIAL_STAGES_20260918
MTC_STAGE_0920_ODEANMANI,ODEANMANI,MTC,MTC_OFFICIAL,MTC_OFFICIAL_STAGES_20260918
MTC_STAGE_0921_OIL_MILL,OIL MILL,MTC,MTC_OFFICIAL,MTC_OFFICIAL_STAGES_20260918
MTC_STAGE_0922_OILCHERY,OILCHERY,MTC,MTC_OFFICIAL,MTC_OFFICIAL_STAGES_20260918
MTC_STAGE_0923_OKK_THORAIPAKM_SEC_C,OKK.THORAIPAKM SEC.COLONY,MTC,MTC_OFFICIAL,MTC_OFFICIAL_STAGES_20260918
MTC_STAGE_0924_OLD_ERUMAI_VETTI_PAL,OLD ERUMAI VETTI PALAYAM,MTC,MTC_OFFICIAL,MTC_OFFICIAL_STAGES_20260918
MTC_STAGE_0925_OLD_PERUNGALATHUR,OLD PERUNGALATHUR,MTC,MTC_OFFICIAL,MTC_OFFICIAL_STAGES_20260918
MTC_STAGE_0926_OLD_AMP_NEW_ERUMAI_V,OLD&amp;NEW ERUMAI VETTI PALAYAM,MTC,MTC_OFFICIAL,MTC_OFFICIAL_STAGES_20260918
MTC_STAGE_0927_OONAMANCHERI,OONAMANCHERI,MTC,MTC_OFFICIAL,MTC_OFFICIAL_STAGES_20260918
MTC_STAGE_0928_OOTHUKADU_CROSS_RD,OOTHUKADU CROSS RD,MTC,MTC_OFFICIAL,MTC_OFFICIAL_STAGES_20260918
MTC_STAGE_0929_ORAGADAM,ORAGADAM,MTC,MTC_OFFICIAL,MTC_OFFICIAL_STAGES_20260918
MTC_STAGE_0930_ORAGADAM_O_T,ORAGADAM O.T.,MTC,MTC_OFFICIAL,MTC_OFFICIAL_STAGES_20260918
MTC_STAGE_0931_ORAGADAM_POLICE_STAT,ORAGADAM POLICE STATION,MTC,MTC_OFFICIAL,MTC_OFFICIAL_STAGES_20260918
MTC_STAGE_0932_ORAGADAM_RD_JN,ORAGADAM RD JN,MTC,MTC_OFFICIAL,MTC_OFFICIAL_STAGES_20260918
MTC_STAGE_0933_ORAGADAM_ROAD_JN,ORAGADAM ROAD JN,MTC,MTC_OFFICIAL,MTC_OFFICIAL_STAGES_20260918
MTC_STAGE_0934_ORAKKADU,ORAKKADU,MTC,MTC_OFFICIAL,MTC_OFFICIAL_STAGES_20260918
MTC_STAGE_0935_OTTIAMBAKKAM,OTTIAMBAKKAM,MTC,MTC_OFFICIAL,MTC_OFFICIAL_STAGES_20260918
MTC_STAGE_0936_P_OR__AMP__SONS,P.OR &amp; SONS,MTC,MTC_OFFICIAL,MTC_OFFICIAL_STAGES_20260918
MTC_STAGE_0937_P1_POLICE_STATION,P1.POLICE STATION,MTC,MTC_OFFICIAL,MTC_OFFICIAL_STAGES_20260918
MTC_STAGE_0938_P1_PULIYANTHOPE_POLI,P1.PULIYANTHOPE POLICE STATION,MTC,MTC_OFFICIAL,MTC_OFFICIAL_STAGES_20260918
MTC_STAGE_0939_PADAPPAI,PADAPPAI,MTC,MTC_OFFICIAL,MTC_OFFICIAL_STAGES_20260918
MTC_STAGE_0940_PADAVATTAMMAN_KOIL,PADAVATTAMMAN KOIL,MTC,MTC_OFFICIAL,MTC_OFFICIAL_STAGES_20260918
MTC_STAGE_0941_PADAVATTAMMAN_KOVIL,PADAVATTAMMAN KOVIL,MTC,MTC_OFFICIAL,MTC_OFFICIAL_STAGES_20260918
MTC_STAGE_0942_PADAVATTAMMAN_SCHOOL,PADAVATTAMMAN SCHOOL,MTC,MTC_OFFICIAL,MTC_OFFICIAL_STAGES_20260918
MTC_STAGE_0943_PADI_RD__EAST_AVENUE,PADI RD. EAST AVENUE RD.JN.,MTC,MTC_OFFICIAL,MTC_OFFICIAL_STAGES_20260918
MTC_STAGE_0944_PADIKUPPAM,PADIKUPPAM,MTC,MTC_OFFICIAL,MTC_OFFICIAL_STAGES_20260918
MTC_STAGE_0945_PADIYANALLUR,PADIYANALLUR,MTC,MTC_OFFICIAL,MTC_OFFICIAL_STAGES_20260918
MTC_STAGE_0946_PADURMEDU,PADURMEDU,MTC,MTC_OFFICIAL,MTC_OFFICIAL_STAGES_20260918
MTC_STAGE_0947_PAGALMEDU,PAGALMEDU,MTC,MTC_OFFICIAL,MTC_OFFICIAL_STAGES_20260918
MTC_STAGE_0948_PAKKAM,PAKKAM,MTC,MTC_OFFICIAL,MTC_OFFICIAL_STAGES_20260918
MTC_STAGE_0949_PAKKAM_RD_JN,PAKKAM RD.JN.,MTC,MTC_OFFICIAL,MTC_OFFICIAL_STAGES_20260918
MTC_STAGE_0950_PAKKAM_VILLAGE,PAKKAM VILLAGE,MTC,MTC_OFFICIAL,MTC_OFFICIAL_STAGES_20260918
MTC_STAGE_0951_PALACE_GARDEN,PALACE GARDEN,MTC,MTC_OFFICIAL,MTC_OFFICIAL_STAGES_20260918
MTC_STAGE_0952_PALAKKA_COMPANY,PALAKKA COMPANY,MTC,MTC_OFFICIAL,MTC_OFFICIAL_STAGES_20260918
MTC_STAGE_0953_PALAVAKKAM,PALAVAKKAM,MTC,MTC_OFFICIAL,MTC_OFFICIAL_STAGES_20260918
MTC_STAGE_0954_PALAVAKKAM_CROSS_ROA,PALAVAKKAM CROSS ROAD,MTC,MTC_OFFICIAL,MTC_OFFICIAL_STAGES_20260918
MTC_STAGE_0955_PALAVASTHIC_CHEMICAL,PALAVASTHIC CHEMICALS,MTC,MTC_OFFICIAL,MTC_OFFICIAL_STAGES_20260918
MTC_STAGE_0956_PALAVEDU,PALAVEDU,MTC,MTC_OFFICIAL,MTC_OFFICIAL_STAGES_20260918
MTC_STAGE_0957_PALLAKANDIGAI,PALLAKANDIGAI,MTC,MTC_OFFICIAL,MTC_OFFICIAL_STAGES_20260918
MTC_STAGE_0958_PALLAVAN_HOUSE,PALLAVAN HOUSE,MTC,MTC_OFFICIAL,MTC_OFFICIAL_STAGES_20260918
MTC_STAGE_0959_PALLAVAN_NAGAR,PALLAVAN NAGAR,MTC,MTC_OFFICIAL,MTC_OFFICIAL_STAGES_20260918
MTC_STAGE_0960_PALLAVARAM,PALLAVARAM,MTC,MTC_OFFICIAL,MTC_OFFICIAL_STAGES_20260918
MTC_STAGE_0961_PALLAVARAM_GATE,PALLAVARAM GATE,MTC,MTC_OFFICIAL,MTC_OFFICIAL_STAGES_20260918
MTC_STAGE_0962_PALLAVARAM_NEW_BRIDG,PALLAVARAM NEW BRIDGE,MTC,MTC_OFFICIAL,MTC_OFFICIAL_STAGES_20260918
MTC_STAGE_0963_PALLAVARAM_R_S,PALLAVARAM R.S,MTC,MTC_OFFICIAL,MTC_OFFICIAL_STAGES_20260918
MTC_STAGE_0964_PALLAVARAM_R_S,PALLAVARAM R.S.,MTC,MTC_OFFICIAL,MTC_OFFICIAL_STAGES_20260918
MTC_STAGE_0965_PAMMADU_KULAM_RD_JN,PAMMADU KULAM RD.JN.,MTC,MTC_OFFICIAL,MTC_OFFICIAL_STAGES_20260918
MTC_STAGE_0966_PAMMADUKULAM,PAMMADUKULAM,MTC,MTC_OFFICIAL,MTC_OFFICIAL_STAGES_20260918
MTC_STAGE_0967_PAMMADUKULAM_COLONY,PAMMADUKULAM COLONY,MTC,MTC_OFFICIAL,MTC_OFFICIAL_STAGES_20260918
MTC_STAGE_0968_PAMMAL,PAMMAL,MTC,MTC_OFFICIAL,MTC_OFFICIAL_STAGES_20260918
MTC_STAGE_0969_PAMMAL_ADAYAR_BRIDGE,PAMMAL ADAYAR BRIDGE,MTC,MTC_OFFICIAL,MTC_OFFICIAL_STAGES_20260918
MTC_STAGE_0970_PAMMAL_KAMARAJAPURAM,PAMMAL KAMARAJAPURAM,MTC,MTC_OFFICIAL,MTC_OFFICIAL_STAGES_20260918
MTC_STAGE_0971_PAMMAL_RD_JN,PAMMAL RD.JN.,MTC,MTC_OFFICIAL,MTC_OFFICIAL_STAGES_20260918
MTC_STAGE_0972_PAMMAL_SANKAR_NAGAR,PAMMAL SANKAR NAGAR,MTC,MTC_OFFICIAL,MTC_OFFICIAL_STAGES_20260918
MTC_STAGE_0973_PANAIYUR,PANAIYUR,MTC,MTC_OFFICIAL,MTC_OFFICIAL_STAGES_20260918
MTC_STAGE_0974_PANAPAKKAM,PANAPAKKAM,MTC,MTC_OFFICIAL,MTC_OFFICIAL_STAGES_20260918
MTC_STAGE_0975_PANAPAKKAMEDU,PANAPAKKAMEDU,MTC,MTC_OFFICIAL,MTC_OFFICIAL_STAGES_20260918
MTC_STAGE_0976_PANCHALAI,PANCHALAI,MTC,MTC_OFFICIAL,MTC_OFFICIAL_STAGES_20260918
MTC_STAGE_0977_PANDESWARAM,PANDESWARAM,MTC,MTC_OFFICIAL,MTC_OFFICIAL_STAGES_20260918
MTC_STAGE_0978_PANDHITHAMEDU,PANDHITHAMEDU,MTC,MTC_OFFICIAL,MTC_OFFICIAL_STAGES_20260918
MTC_STAGE_0979_PANDITHAMEDU,PANDITHAMEDU,MTC,MTC_OFFICIAL,MTC_OFFICIAL_STAGES_20260918
MTC_STAGE_0980_PANDY_KAVANOOR_JN,PANDY KAVANOOR JN.,MTC,MTC_OFFICIAL,MTC_OFFICIAL_STAGES_20260918
MTC_STAGE_0981_PANIMALAR_MEDICAL_CO,PANIMALAR MEDICAL COLLEGE,MTC,MTC_OFFICIAL,MTC_OFFICIAL_STAGES_20260918
MTC_STAGE_0982_PANJALAI_VILLAGE,PANJALAI VILLAGE,MTC,MTC_OFFICIAL,MTC_OFFICIAL_STAGES_20260918
MTC_STAGE_0983_PANJETTI,PANJETTI,MTC,MTC_OFFICIAL,MTC_OFFICIAL_STAGES_20260918
MTC_STAGE_0984_PANRUTTI,PANRUTTI,MTC,MTC_OFFICIAL,MTC_OFFICIAL_STAGES_20260918
MTC_STAGE_0985_PAPPANCHATRAM,PAPPANCHATRAM,MTC,MTC_OFFICIAL,MTC_OFFICIAL_STAGES_20260918
MTC_STAGE_0986_PAPPARAMPAKKAM,PAPPARAMPAKKAM,MTC,MTC_OFFICIAL,MTC_OFFICIAL_STAGES_20260918
MTC_STAGE_0987_PARAMESWARI_NAGAR,PARAMESWARI NAGAR,MTC,MTC_OFFICIAL,MTC_OFFICIAL_STAGES_20260918
MTC_STAGE_0988_PARATHUR,PARATHUR,MTC,MTC_OFFICIAL,MTC_OFFICIAL_STAGES_20260918
MTC_STAGE_0989_PARIVAKKAM,PARIVAKKAM,MTC,MTC_OFFICIAL,MTC_OFFICIAL_STAGES_20260918
MTC_STAGE_0990_PARIVAKKAM_JN,PARIVAKKAM JN.,MTC,MTC_OFFICIAL,MTC_OFFICIAL_STAGES_20260918
MTC_STAGE_0991_PARIVAKKAM_ROAD_JN,PARIVAKKAM ROAD JN.,MTC,MTC_OFFICIAL,MTC_OFFICIAL_STAGES_20260918
MTC_STAGE_0992_PARK_RAILWAY_STATION,PARK RAILWAY STATION,MTC,MTC_OFFICIAL,MTC_OFFICIAL_STAGES_20260918
MTC_STAGE_0993_PARRYS,PARRYS,MTC,MTC_OFFICIAL,MTC_OFFICIAL_STAGES_20260918
MTC_STAGE_0994_PARRYS_CORNER,PARRYS CORNER,MTC,MTC_OFFICIAL,MTC_OFFICIAL_STAGES_20260918
MTC_STAGE_0995_PARRYS_BROADWAY,PARRYS\BROADWAY,MTC,MTC_OFFICIAL,MTC_OFFICIAL_STAGES_20260918
MTC_STAGE_0996_PARUTHIPATTU_RD__JN,PARUTHIPATTU RD. JN.,MTC,MTC_OFFICIAL,MTC_OFFICIAL_STAGES_20260918
MTC_STAGE_0997_PATAMANTHIR,PATAMANTHIR,MTC,MTC_OFFICIAL,MTC_OFFICIAL_STAGES_20260918
MTC_STAGE_0998_PATHIRIVEDU,PATHIRIVEDU,MTC,MTC_OFFICIAL,MTC_OFFICIAL_STAGES_20260918
MTC_STAGE_0999_PATTABIRAM,PATTABIRAM,MTC,MTC_OFFICIAL,MTC_OFFICIAL_STAGES_20260918
MTC_STAGE_1000_PATTAMANDHRI,PATTAMANDHRI,MTC,MTC_OFFICIAL,MTC_OFFICIAL_STAGES_20260918
MTC_STAGE_1001_PATTAMANDIRI,PATTAMANDIRI,MTC,MTC_OFFICIAL,MTC_OFFICIAL_STAGES_20260918
MTC_STAGE_1002_PATTIKULAM_COLONY,PATTIKULAM COLONY,MTC,MTC_OFFICIAL,MTC_OFFICIAL_STAGES_20260918
MTC_STAGE_1003_PATTINATHAMMAN_KOVIL,PATTINATHAMMAN KOVIL,MTC,MTC_OFFICIAL,MTC_OFFICIAL_STAGES_20260918
MTC_STAGE_1004_PATTUNOOL_CHATRAM,PATTUNOOL CHATRAM,MTC,MTC_OFFICIAL,MTC_OFFICIAL_STAGES_20260918
MTC_STAGE_1005_PATTUR,PATTUR,MTC,MTC_OFFICIAL,MTC_OFFICIAL_STAGES_20260918
MTC_STAGE_1006_PAVENTHER_SALAI,PAVENTHER SALAI,MTC,MTC_OFFICIAL,MTC_OFFICIAL_STAGES_20260918
MTC_STAGE_1007_PAYYANOOR,PAYYANOOR,MTC,MTC_OFFICIAL,MTC_OFFICIAL_STAGES_20260918
MTC_STAGE_1008_PAZAVANTHANGAL_ROAD_,PAZAVANTHANGAL ROAD JN.,MTC,MTC_OFFICIAL,MTC_OFFICIAL_STAGES_20260918
MTC_STAGE_1009_PAZHANTHANDALAM,PAZHANTHANDALAM,MTC,MTC_OFFICIAL,MTC_OFFICIAL_STAGES_20260918
MTC_STAGE_1010_PAZHANTHANDALAM_ROAD,PAZHANTHANDALAM ROAD JN.,MTC,MTC_OFFICIAL,MTC_OFFICIAL_STAGES_20260918
MTC_STAGE_1011_PAZHAVERKADU,PAZHAVERKADU,MTC,MTC_OFFICIAL,MTC_OFFICIAL_STAGES_20260918
MTC_STAGE_1012_PENNALUR_E_B,PENNALUR E.B.,MTC,MTC_OFFICIAL,MTC_OFFICIAL_STAGES_20260918
MTC_STAGE_1013_PERAMBAKKAM,PERAMBAKKAM,MTC,MTC_OFFICIAL,MTC_OFFICIAL_STAGES_20260918
MTC_STAGE_1014_PERAMBAKKAM_L_N_KOIL,PERAMBAKKAM L.N.KOIL,MTC,MTC_OFFICIAL,MTC_OFFICIAL_STAGES_20260918
MTC_STAGE_1015_PERAMBUR,PERAMBUR,MTC,MTC_OFFICIAL,MTC_OFFICIAL_STAGES_20260918
MTC_STAGE_1016_PERAMBUR_MARKET,PERAMBUR MARKET,MTC,MTC_OFFICIAL,MTC_OFFICIAL_STAGES_20260918
MTC_STAGE_1017_PERATHUR,PERATHUR,MTC,MTC_OFFICIAL,MTC_OFFICIAL_STAGES_20260918
MTC_STAGE_1018_PERATHUR_COLONY,PERATHUR COLONY,MTC,MTC_OFFICIAL,MTC_OFFICIAL_STAGES_20260918
MTC_STAGE_1019_PERAVALLUR_KUMARAN_N,PERAVALLUR KUMARAN NAGAR,MTC,MTC_OFFICIAL,MTC_OFFICIAL_STAGES_20260918
MTC_STAGE_1020_PERIAMULLAIVOYAL,PERIAMULLAIVOYAL,MTC,MTC_OFFICIAL,MTC_OFFICIAL_STAGES_20260918
MTC_STAGE_1021_PERIMAL_KOIL,PERIMAL KOIL,MTC,MTC_OFFICIAL,MTC_OFFICIAL_STAGES_20260918
MTC_STAGE_1022_PERIYA_ARUNGAL,PERIYA ARUNGAL,MTC,MTC_OFFICIAL,MTC_OFFICIAL_STAGES_20260918
MTC_STAGE_1023_PERIYA_COLONY,PERIYA COLONY,MTC,MTC_OFFICIAL,MTC_OFFICIAL_STAGES_20260918
MTC_STAGE_1024_PERIYA_KOTTAMEDU,PERIYA KOTTAMEDU,MTC,MTC_OFFICIAL,MTC_OFFICIAL_STAGES_20260918
MTC_STAGE_1025_PERIYAL_NEMBILI_VILL,PERIYAL NEMBILI VILLAGE,MTC,MTC_OFFICIAL,MTC_OFFICIAL_STAGES_20260918
MTC_STAGE_1026_PERIYAPALAYAM,PERIYAPALAYAM,MTC,MTC_OFFICIAL,MTC_OFFICIAL_STAGES_20260918
MTC_STAGE_1027_PERIYAPALAYAM_RD_JN,PERIYAPALAYAM RD JN.,MTC,MTC_OFFICIAL,MTC_OFFICIAL_STAGES_20260918
MTC_STAGE_1028_PERIYAPANICHERI,PERIYAPANICHERI,MTC,MTC_OFFICIAL,MTC_OFFICIAL_STAGES_20260918
MTC_STAGE_1029_PERIYAR_BRIDGE,PERIYAR BRIDGE,MTC,MTC_OFFICIAL,MTC_OFFICIAL_STAGES_20260918
MTC_STAGE_1030_PERIYAR_NAGAR,PERIYAR NAGAR,MTC,MTC_OFFICIAL,MTC_OFFICIAL_STAGES_20260918
MTC_STAGE_1031_PERLIYAMBAKKAM,PERLIYAMBAKKAM,MTC,MTC_OFFICIAL,MTC_OFFICIAL_STAGES_20260918
MTC_STAGE_1032_PERUMAL_KOIL,PERUMAL KOIL,MTC,MTC_OFFICIAL,MTC_OFFICIAL_STAGES_20260918
MTC_STAGE_1033_PERUMAL_NAGAR_JN,PERUMAL NAGAR JN.,MTC,MTC_OFFICIAL,MTC_OFFICIAL_STAGES_20260918
MTC_STAGE_1034_PERUMALPATTU,PERUMALPATTU,MTC,MTC_OFFICIAL,MTC_OFFICIAL_STAGES_20260918
MTC_STAGE_1035_PERUMATTU_NALLUR,PERUMATTU NALLUR,MTC,MTC_OFFICIAL,MTC_OFFICIAL_STAGES_20260918
MTC_STAGE_1036_PERUMBAKKAM_HOUSING_,PERUMBAKKAM HOUSING BOARD,MTC,MTC_OFFICIAL,MTC_OFFICIAL_STAGES_20260918
MTC_STAGE_1037_PERUMBAKKAM_LIMIT,PERUMBAKKAM LIMIT,MTC,MTC_OFFICIAL,MTC_OFFICIAL_STAGES_20260918
MTC_STAGE_1038_PERUMBEDU,PERUMBEDU,MTC,MTC_OFFICIAL,MTC_OFFICIAL_STAGES_20260918
MTC_STAGE_1039_PERUMBEDUKUPPAM,PERUMBEDUKUPPAM,MTC,MTC_OFFICIAL,MTC_OFFICIAL_STAGES_20260918
MTC_STAGE_1040_PERUMBUR,PERUMBUR,MTC,MTC_OFFICIAL,MTC_OFFICIAL_STAGES_20260918
MTC_STAGE_1041_PERUMPAKKAM_S_C_B,PERUMPAKKAM S.C.B.,MTC,MTC_OFFICIAL,MTC_OFFICIAL_STAGES_20260918
MTC_STAGE_1042_PERUNGALATHUR,PERUNGALATHUR,MTC,MTC_OFFICIAL,MTC_OFFICIAL_STAGES_20260918
MTC_STAGE_1043_PERUNGAVOOR,PERUNGAVOOR,MTC,MTC_OFFICIAL,MTC_OFFICIAL_STAGES_20260918
MTC_STAGE_1044_PERUNGUDI,PERUNGUDI,MTC,MTC_OFFICIAL,MTC_OFFICIAL_STAGES_20260918
MTC_STAGE_1045_PERUNTHANDALAM_JN,PERUNTHANDALAM JN,MTC,MTC_OFFICIAL,MTC_OFFICIAL_STAGES_20260918
MTC_STAGE_1046_PERUVOYAL,PERUVOYAL,MTC,MTC_OFFICIAL,MTC_OFFICIAL_STAGES_20260918
MTC_STAGE_1047_PETAI_PALAYAPAL,PETAI/PALAYAPAL,MTC,MTC_OFFICIAL,MTC_OFFICIAL_STAGES_20260918
MTC_STAGE_1048_PETROL_BUNK,PETROL BUNK,MTC,MTC_OFFICIAL,MTC_OFFICIAL_STAGES_20260918
MTC_STAGE_1049_PETTAI,PETTAI,MTC,MTC_OFFICIAL,MTC_OFFICIAL_STAGES_20260918
MTC_STAGE_1050_PILLAIPAKKAM,PILLAIPAKKAM,MTC,MTC_OFFICIAL,MTC_OFFICIAL_STAGES_20260918
MTC_STAGE_1051_PILLAIPAKKAM_ROAD_JN,PILLAIPAKKAM ROAD JN,MTC,MTC_OFFICIAL,MTC_OFFICIAL_STAGES_20260918
MTC_STAGE_1052_PILLAYAR_KOIL,PILLAYAR KOIL,MTC,MTC_OFFICIAL,MTC_OFFICIAL_STAGES_20260918
MTC_STAGE_1053_PILLI_LINE,PILLI LINE,MTC,MTC_OFFICIAL,MTC_OFFICIAL_STAGES_20260918
MTC_STAGE_1054_POGALMEDU,POGALMEDU,MTC,MTC_OFFICIAL,MTC_OFFICIAL_STAGES_20260918
MTC_STAGE_1055_POLICE_QUARTERS,POLICE QUARTERS,MTC,MTC_OFFICIAL,MTC_OFFICIAL_STAGES_20260918
MTC_STAGE_1056_POLIVAKKAM,POLIVAKKAM,MTC,MTC_OFFICIAL,MTC_OFFICIAL_STAGES_20260918
MTC_STAGE_1057_POLLACHIAMMANKULAM,POLLACHIAMMANKULAM,MTC,MTC_OFFICIAL,MTC_OFFICIAL_STAGES_20260918
MTC_STAGE_1058_POLYTECHNIC,POLYTECHNIC,MTC,MTC_OFFICIAL,MTC_OFFICIAL_STAGES_20260918
MTC_STAGE_1059_PONDY_BAZAAR,PONDY BAZAAR,MTC,MTC_OFFICIAL,MTC_OFFICIAL_STAGES_20260918
MTC_STAGE_1060_PONDY_BAZAAR_VIVEK__,PONDY BAZAAR/VIVEK &amp; CO,MTC,MTC_OFFICIAL,MTC_OFFICIAL_STAGES_20260918
MTC_STAGE_1061_PONMAR,PONMAR,MTC,MTC_OFFICIAL,MTC_OFFICIAL_STAGES_20260918
MTC_STAGE_1062_PONNERI,PONNERI,MTC,MTC_OFFICIAL,MTC_OFFICIAL_STAGES_20260918
MTC_STAGE_1063_PONNIAMMAN_KOIL_RD__,PONNIAMMAN KOIL RD. JN.,MTC,MTC_OFFICIAL,MTC_OFFICIAL_STAGES_20260918
MTC_STAGE_1064_POOCHIATHIPEDU,POOCHIATHIPEDU,MTC,MTC_OFFICIAL,MTC_OFFICIAL_STAGES_20260918
MTC_STAGE_1065_POOMPUHAR,POOMPUHAR,MTC,MTC_OFFICIAL,MTC_OFFICIAL_STAGES_20260918
MTC_STAGE_1066_POONAMALLEE,POONAMALLEE,MTC,MTC_OFFICIAL,MTC_OFFICIAL_STAGES_20260918
MTC_STAGE_1067_POONAMALLEE_B_T,POONAMALLEE B.T,MTC,MTC_OFFICIAL,MTC_OFFICIAL_STAGES_20260918
MTC_STAGE_1068_POONAMALLEE_RD_JN,POONAMALLEE RD JN.,MTC,MTC_OFFICIAL,MTC_OFFICIAL_STAGES_20260918
MTC_STAGE_1069_POONATHANDALAM,POONATHANDALAM,MTC,MTC_OFFICIAL,MTC_OFFICIAL_STAGES_20260918
MTC_STAGE_1070_POONCHERY_RD_JN,POONCHERY RD.JN.,MTC,MTC_OFFICIAL,MTC_OFFICIAL_STAGES_20260918
MTC_STAGE_1071_POONCHERY_ROAD_JN,POONCHERY ROAD JN,MTC,MTC_OFFICIAL,MTC_OFFICIAL_STAGES_20260918
MTC_STAGE_1072_POONGERI_JN,POONGERI JN.,MTC,MTC_OFFICIAL,MTC_OFFICIAL_STAGES_20260918
MTC_STAGE_1073_POONGULAM_COLONY,POONGULAM COLONY,MTC,MTC_OFFICIAL,MTC_OFFICIAL_STAGES_20260918
MTC_STAGE_1074_POONTHANDALAM,POONTHANDALAM,MTC,MTC_OFFICIAL,MTC_OFFICIAL_STAGES_20260918
MTC_STAGE_1075_POONTHANDALAM_RD_JN,POONTHANDALAM RD.JN.,MTC,MTC_OFFICIAL,MTC_OFFICIAL_STAGES_20260918
MTC_STAGE_1076_POOVALAMBEDU,POOVALAMBEDU,MTC,MTC_OFFICIAL,MTC_OFFICIAL_STAGES_20260918
MTC_STAGE_1077_POOVALLI_KUPPAM,POOVALLI KUPPAM,MTC,MTC_OFFICIAL,MTC_OFFICIAL_STAGES_20260918
MTC_STAGE_1078_PORUR,PORUR,MTC,MTC_OFFICIAL,MTC_OFFICIAL_STAGES_20260918
MTC_STAGE_1079_PORUR_GARDEN,PORUR GARDEN,MTC,MTC_OFFICIAL,MTC_OFFICIAL_STAGES_20260918
MTC_STAGE_1080_PORUR_JN,PORUR JN,MTC,MTC_OFFICIAL,MTC_OFFICIAL_STAGES_20260918
MTC_STAGE_1081_POSTAL_AUDIT_OFFICE,POSTAL AUDIT OFFICE,MTC,MTC_OFFICIAL,MTC_OFFICIAL_STAGES_20260918
MTC_STAGE_1082_POSTAL_COLONY,POSTAL COLONY,MTC,MTC_OFFICIAL,MTC_OFFICIAL_STAGES_20260918
MTC_STAGE_1083_POTHERI_EAST,POTHERI EAST,MTC,MTC_OFFICIAL,MTC_OFFICIAL_STAGES_20260918
MTC_STAGE_1084_POTHUR,POTHUR,MTC,MTC_OFFICIAL,MTC_OFFICIAL_STAGES_20260918
MTC_STAGE_1085_POZHICHALUR,POZHICHALUR,MTC,MTC_OFFICIAL,MTC_OFFICIAL_STAGES_20260918
MTC_STAGE_1086_PRATHYANGIRA_DEVI_TE,PRATHYANGIRA DEVI TEMPLE,MTC,MTC_OFFICIAL,MTC_OFFICIAL_STAGES_20260918
MTC_STAGE_1087_PREETHI_NAGAR,PREETHI NAGAR,MTC,MTC_OFFICIAL,MTC_OFFICIAL_STAGES_20260918
MTC_STAGE_1088_PTC_QUARTER___ESWARA,PTC QUARTER / ESWARANTEMPLE,MTC,MTC_OFFICIAL,MTC_OFFICIAL_STAGES_20260918
MTC_STAGE_1089_PUDHU_NAGAR,PUDHU NAGAR,MTC,MTC_OFFICIAL,MTC_OFFICIAL_STAGES_20260918
MTC_STAGE_1090_PUDHUCHERYMEDU,PUDHUCHERYMEDU,MTC,MTC_OFFICIAL,MTC_OFFICIAL_STAGES_20260918
MTC_STAGE_1091_PUDU_COLONY,PUDU COLONY,MTC,MTC_OFFICIAL,MTC_OFFICIAL_STAGES_20260918
MTC_STAGE_1092_PUDU_NALLUR,PUDU NALLUR,MTC,MTC_OFFICIAL,MTC_OFFICIAL_STAGES_20260918
MTC_STAGE_1093_PUDUKUPPAM,PUDUKUPPAM,MTC,MTC_OFFICIAL,MTC_OFFICIAL_STAGES_20260918
MTC_STAGE_1094_PUDUNALLUR,PUDUNALLUR,MTC,MTC_OFFICIAL,MTC_OFFICIAL_STAGES_20260918
MTC_STAGE_1095_PUDUNALLUR_RD_JN,PUDUNALLUR RD.JN.,MTC,MTC_OFFICIAL,MTC_OFFICIAL_STAGES_20260918
MTC_STAGE_1096_PUDUPAKKAM,PUDUPAKKAM,MTC,MTC_OFFICIAL,MTC_OFFICIAL_STAGES_20260918
MTC_STAGE_1097_PUDUPAKKAM_LAW_COLLE,PUDUPAKKAM LAW COLLEGE,MTC,MTC_OFFICIAL,MTC_OFFICIAL_STAGES_20260918
MTC_STAGE_1098_PUDUPAKKAM_P_U_O,PUDUPAKKAM P.U.O.,MTC,MTC_OFFICIAL,MTC_OFFICIAL_STAGES_20260918
MTC_STAGE_1099_PUDUPAKKAM_P_U_OFFIC,PUDUPAKKAM P.U.OFFICE,MTC,MTC_OFFICIAL,MTC_OFFICIAL_STAGES_20260918
MTC_STAGE_1100_PUDUPAKKAM_RD_JN,PUDUPAKKAM RD.JN,MTC,MTC_OFFICIAL,MTC_OFFICIAL_STAGES_20260918
MTC_STAGE_1101_PUDUPAKKAM_VANDALOOR,PUDUPAKKAM/VANDALOOR RD.J,MTC,MTC_OFFICIAL,MTC_OFFICIAL_STAGES_20260918
MTC_STAGE_1102_PUDUPATTU_ROAD_JN,PUDUPATTU ROAD JN,MTC,MTC_OFFICIAL,MTC_OFFICIAL_STAGES_20260918
MTC_STAGE_1103_PUDUPATTU_VILLAGE,PUDUPATTU VILLAGE,MTC,MTC_OFFICIAL,MTC_OFFICIAL_STAGES_20260918
MTC_STAGE_1104_PUDUPEDU_RD_JN_SOMAN,PUDUPEDU RD JN/SOMANGALAM,MTC,MTC_OFFICIAL,MTC_OFFICIAL_STAGES_20260918
MTC_STAGE_1105_PUDUPEDU_RD_JN,PUDUPEDU RD.JN.,MTC,MTC_OFFICIAL,MTC_OFFICIAL_STAGES_20260918
MTC_STAGE_1106_PUDUPEIR_ROAD_JN,PUDUPEIR ROAD JN,MTC,MTC_OFFICIAL,MTC_OFFICIAL_STAGES_20260918
MTC_STAGE_1107_PUDUR,PUDUR,MTC,MTC_OFFICIAL,MTC_OFFICIAL_STAGES_20260918
MTC_STAGE_1108_PUDUR_HIGH_SCHOOL,PUDUR HIGH SCHOOL,MTC,MTC_OFFICIAL,MTC_OFFICIAL_STAGES_20260918
MTC_STAGE_1109_PUDUVALLUR_JN,PUDUVALLUR JN.,MTC,MTC_OFFICIAL,MTC_OFFICIAL_STAGES_20260918
MTC_STAGE_1110_PUDUVOYAL,PUDUVOYAL,MTC,MTC_OFFICIAL,MTC_OFFICIAL_STAGES_20260918
MTC_STAGE_1111_PULICUT_PANCHAYAT_LI,PULICUT PANCHAYAT LIMIT,MTC,MTC_OFFICIAL,MTC_OFFICIAL_STAGES_20260918
MTC_STAGE_1112_PULIKULAM,PULIKULAM,MTC,MTC_OFFICIAL,MTC_OFFICIAL_STAGES_20260918
MTC_STAGE_1113_PULIPAKKAM,PULIPAKKAM,MTC,MTC_OFFICIAL,MTC_OFFICIAL_STAGES_20260918
MTC_STAGE_1114_PULIYUR,PULIYUR,MTC,MTC_OFFICIAL,MTC_OFFICIAL_STAGES_20260918
MTC_STAGE_1115_PULIYUR_KANDIGAI,PULIYUR KANDIGAI,MTC,MTC_OFFICIAL,MTC_OFFICIAL_STAGES_20260918
MTC_STAGE_1116_PUSHPA_NAGAR,PUSHPA NAGAR,MTC,MTC_OFFICIAL,MTC_OFFICIAL_STAGES_20260918
MTC_STAGE_1117_PUSHPAGIRI,PUSHPAGIRI,MTC,MTC_OFFICIAL,MTC_OFFICIAL_STAGES_20260918
MTC_STAGE_1118_PUSHPAGIRI_RD__JN,PUSHPAGIRI RD. JN.,MTC,MTC_OFFICIAL,MTC_OFFICIAL_STAGES_20260918
MTC_STAGE_1119_PUTHAGARAM,PUTHAGARAM,MTC,MTC_OFFICIAL,MTC_OFFICIAL_STAGES_20260918
MTC_STAGE_1120_PUTHUCHATHIRAM,PUTHUCHATHIRAM,MTC,MTC_OFFICIAL,MTC_OFFICIAL_STAGES_20260918
MTC_STAGE_1121_PUTHUPAKKAM_VANDALUR,PUTHUPAKKAM/VANDALUR RD.JN.,MTC,MTC_OFFICIAL,MTC_OFFICIAL_STAGES_20260918
MTC_STAGE_1122_PUTHUR_MEPPEDU_6TH_S,PUTHUR MEPPEDU 6TH STREET,MTC,MTC_OFFICIAL,MTC_OFFICIAL_STAGES_20260918
MTC_STAGE_1123_PUTHUR_POLICE_OUTPOS,PUTHUR POLICE OUTPOST,MTC,MTC_OFFICIAL,MTC_OFFICIAL_STAGES_20260918
MTC_STAGE_1124_PUZHITHIVAKKAM_MRTS,PUZHITHIVAKKAM MRTS,MTC,MTC_OFFICIAL,MTC_OFFICIAL_STAGES_20260918
MTC_STAGE_1125_PUZHITHIVAKKAM_RD_JN,PUZHITHIVAKKAM RD JN.,MTC,MTC_OFFICIAL,MTC_OFFICIAL_STAGES_20260918
MTC_STAGE_1126_PUZHUTHIVAKKAM,PUZHUTHIVAKKAM,MTC,MTC_OFFICIAL,MTC_OFFICIAL_STAGES_20260918
MTC_STAGE_1127_PUZHUTHIVAKKAM_RD_JN,PUZHUTHIVAKKAM RD.JN,MTC,MTC_OFFICIAL,MTC_OFFICIAL_STAGES_20260918
MTC_STAGE_1128_Q_M_ARTS__MEN,Q.M ARTS (MEN),MTC,MTC_OFFICIAL,MTC_OFFICIAL_STAGES_20260918
MTC_STAGE_1129_Q_M_ARTS_COLLEGE,Q.M.ARTS COLLEGE,MTC,MTC_OFFICIAL,MTC_OFFICIAL_STAGES_20260918
MTC_STAGE_1130_Q_M_C,Q.M.C,MTC,MTC_OFFICIAL,MTC_OFFICIAL_STAGES_20260918
MTC_STAGE_1131_QUEEN_MARRY_S_ARTS_C,QUEEN MARRY'S ARTS COLLEGE,MTC,MTC_OFFICIAL,MTC_OFFICIAL_STAGES_20260918
MTC_STAGE_1132_R_A_PURAM_3RD_CROSS_,R.A.PURAM 3RD CROSS STREET,MTC,MTC_OFFICIAL,MTC_OFFICIAL_STAGES_20260918
MTC_STAGE_1133_R_R_KANDIGAI,R.R.KANDIGAI,MTC,MTC_OFFICIAL,MTC_OFFICIAL_STAGES_20260918
MTC_STAGE_1134_RAIL_NAGAR_SRIDEVI_K,RAIL NAGAR/SRIDEVI KARUMARIAMM,MTC,MTC_OFFICIAL,MTC_OFFICIAL_STAGES_20260918
MTC_STAGE_1135_RAJANKUPPAM_PERUMAL_,RAJANKUPPAM PERUMAL KOVIL,MTC,MTC_OFFICIAL,MTC_OFFICIAL_STAGES_20260918
MTC_STAGE_1136_RAJAPALAYAM,RAJAPALAYAM,MTC,MTC_OFFICIAL,MTC_OFFICIAL_STAGES_20260918
MTC_STAGE_1137_RAJESWARI_NAGAR,RAJESWARI NAGAR,MTC,MTC_OFFICIAL,MTC_OFFICIAL_STAGES_20260918
MTC_STAGE_1138_RAMAPURAM,RAMAPURAM,MTC,MTC_OFFICIAL,MTC_OFFICIAL_STAGES_20260918
MTC_STAGE_1139_RAMAPURAM_JN,RAMAPURAM JN.,MTC,MTC_OFFICIAL,MTC_OFFICIAL_STAGES_20260918
MTC_STAGE_1140_RAMAPURAM_MIOT,RAMAPURAM MIOT,MTC,MTC_OFFICIAL,MTC_OFFICIAL_STAGES_20260918
MTC_STAGE_1141_RAMAPURAM_PILLAIYAR_,RAMAPURAM PILLAIYAR KOIL,MTC,MTC_OFFICIAL,MTC_OFFICIAL_STAGES_20260918
MTC_STAGE_1142_RAMASAMY_NAGAR,RAMASAMY NAGAR,MTC,MTC_OFFICIAL,MTC_OFFICIAL_STAGES_20260918
MTC_STAGE_1143_RATION_SHOP,RATION SHOP,MTC,MTC_OFFICIAL,MTC_OFFICIAL_STAGES_20260918
MTC_STAGE_1144_REDDYPALAYAM,REDDYPALAYAM,MTC,MTC_OFFICIAL,MTC_OFFICIAL_STAGES_20260918
MTC_STAGE_1145_REDHILLS,REDHILLS,MTC,MTC_OFFICIAL,MTC_OFFICIAL_STAGES_20260918
MTC_STAGE_1146_REGAL,REGAL,MTC,MTC_OFFICIAL,MTC_OFFICIAL_STAGES_20260918
MTC_STAGE_1147_RETTAMBEDU,RETTAMBEDU,MTC,MTC_OFFICIAL,MTC_OFFICIAL_STAGES_20260918
MTC_STAGE_1148_RETTERI,RETTERI,MTC,MTC_OFFICIAL,MTC_OFFICIAL_STAGES_20260918
MTC_STAGE_1149_ROYAL_NAGAR_MAC_NAGA,ROYAL NAGAR/MAC NAGAR,MTC,MTC_OFFICIAL,MTC_OFFICIAL_STAGES_20260918
MTC_STAGE_1150_ROYAPETTA_HOSPITAL,ROYAPETTA HOSPITAL,MTC,MTC_OFFICIAL,MTC_OFFICIAL_STAGES_20260918
MTC_STAGE_1151_ROYAPURAM_B_S,ROYAPURAM B.S,MTC,MTC_OFFICIAL,MTC_OFFICIAL_STAGES_20260918
MTC_STAGE_1152_ROYAPURAM_P_S,ROYAPURAM P.S,MTC,MTC_OFFICIAL,MTC_OFFICIAL_STAGES_20260918
MTC_STAGE_1153_S_H_B,S.H.B,MTC,MTC_OFFICIAL,MTC_OFFICIAL_STAGES_20260918
MTC_STAGE_1154_S_I_V_E_T,S.I.V.E.T,MTC,MTC_OFFICIAL,MTC_OFFICIAL_STAGES_20260918
MTC_STAGE_1155_S_P__KOIL_RAILWAY_GA,S.P. KOIL RAILWAY GATE,MTC,MTC_OFFICIAL,MTC_OFFICIAL_STAGES_20260918
MTC_STAGE_1156_S_P_HOSPITAL,S.P.HOSPITAL,MTC,MTC_OFFICIAL,MTC_OFFICIAL_STAGES_20260918
MTC_STAGE_1157_S_R_GATE,S.R.GATE,MTC,MTC_OFFICIAL,MTC_OFFICIAL_STAGES_20260918
MTC_STAGE_1158_S_R_KANDIGAI,S.R.KANDIGAI,MTC,MTC_OFFICIAL,MTC_OFFICIAL_STAGES_20260918
MTC_STAGE_1159_S_R_P_TOOLS,S.R.P TOOLS,MTC,MTC_OFFICIAL,MTC_OFFICIAL_STAGES_20260918
MTC_STAGE_1160_S_R_P__COLONY,S.R.P. COLONY,MTC,MTC_OFFICIAL,MTC_OFFICIAL_STAGES_20260918
MTC_STAGE_1161_S_S_MOTOR,S.S.MOTOR,MTC,MTC_OFFICIAL,MTC_OFFICIAL_STAGES_20260918
MTC_STAGE_1162_SADANANDAPURAM,SADANANDAPURAM,MTC,MTC_OFFICIAL,MTC_OFFICIAL_STAGES_20260918
MTC_STAGE_1163_SAI_BABA_KOVIL,SAI BABA KOVIL,MTC,MTC_OFFICIAL,MTC_OFFICIAL_STAGES_20260918
MTC_STAGE_1164_SAIDAPET,SAIDAPET,MTC,MTC_OFFICIAL,MTC_OFFICIAL_STAGES_20260918
MTC_STAGE_1165_SAIDAPET_WEST,SAIDAPET WEST,MTC,MTC_OFFICIAL,MTC_OFFICIAL_STAGES_20260918
MTC_STAGE_1166_SAIDAPET_WEST__JAYAR,SAIDAPET WEST (JAYARAJ THE),MTC,MTC_OFFICIAL,MTC_OFFICIAL_STAGES_20260918
MTC_STAGE_1167_SAIDAPET_WEST_PARSN_,SAIDAPET WEST PARSN NAGAR,MTC,MTC_OFFICIAL,MTC_OFFICIAL_STAGES_20260918
MTC_STAGE_1168_SAKTHI_VINAYAGAR_KOI,SAKTHI VINAYAGAR KOIL,MTC,MTC_OFFICIAL,MTC_OFFICIAL_STAGES_20260918
MTC_STAGE_1169_SALAIYANKANDIGI,SALAIYANKANDIGI,MTC,MTC_OFFICIAL,MTC_OFFICIAL_STAGES_20260918
MTC_STAGE_1170_SALAMANGALAM_ROAD_JN,SALAMANGALAM ROAD JN,MTC,MTC_OFFICIAL,MTC_OFFICIAL_STAGES_20260918
MTC_STAGE_1171_SALAVANKUPPAM_DEVANO,SALAVANKUPPAM/DEVANORI,MTC,MTC_OFFICIAL,MTC_OFFICIAL_STAGES_20260918
MTC_STAGE_1172_SALIGRAMAM,SALIGRAMAM,MTC,MTC_OFFICIAL,MTC_OFFICIAL_STAGES_20260918
MTC_STAGE_1173_SALT_OFFICE,SALT OFFICE,MTC,MTC_OFFICIAL,MTC_OFFICIAL_STAGES_20260918
MTC_STAGE_1174_SAMIYAR_PANNAI,SAMIYAR PANNAI,MTC,MTC_OFFICIAL,MTC_OFFICIAL_STAGES_20260918
MTC_STAGE_1175_SAMSUNG_ELECTRIC_CO,SAMSUNG ELECTRIC CO,MTC,MTC_OFFICIAL,MTC_OFFICIAL_STAGES_20260918
MTC_STAGE_1176_SANAPUTHUR,SANAPUTHUR,MTC,MTC_OFFICIAL,MTC_OFFICIAL_STAGES_20260918
MTC_STAGE_1177_SANKARA_HEALTH_CENTR,SANKARA HEALTH CENTRE,MTC,MTC_OFFICIAL,MTC_OFFICIAL_STAGES_20260918
MTC_STAGE_1178_SANTHOME_CHURCH,SANTHOME CHURCH,MTC,MTC_OFFICIAL,MTC_OFFICIAL_STAGES_20260918
MTC_STAGE_1179_SANTHOME_P_O,SANTHOME P.O,MTC,MTC_OFFICIAL,MTC_OFFICIAL_STAGES_20260918
MTC_STAGE_1180_SANTHOSH_NAGAR,SANTHOSH NAGAR,MTC,MTC_OFFICIAL,MTC_OFFICIAL_STAGES_20260918
MTC_STAGE_1181_SARAPANCHERY,SARAPANCHERY,MTC,MTC_OFFICIAL,MTC_OFFICIAL_STAGES_20260918
MTC_STAGE_1182_SARMA_NAGAR,SARMA NAGAR,MTC,MTC_OFFICIAL,MTC_OFFICIAL_STAGES_20260918
MTC_STAGE_1183_SATHANKUPPAM,SATHANKUPPAM,MTC,MTC_OFFICIAL,MTC_OFFICIAL_STAGES_20260918
MTC_STAGE_1184_SATHIYAMOORTHY_NAGAR,SATHIYAMOORTHY NAGAR,MTC,MTC_OFFICIAL,MTC_OFFICIAL_STAGES_20260918
MTC_STAGE_1185_SATHUMA_NAGAR,SATHUMA NAGAR,MTC,MTC_OFFICIAL,MTC_OFFICIAL_STAGES_20260918
MTC_STAGE_1186_SATHYA_LOK_GURUKULAM,SATHYA LOK GURUKULAM,MTC,MTC_OFFICIAL,MTC_OFFICIAL_STAGES_20260918
MTC_STAGE_1187_SATHYAMURTHY_NAGAR,SATHYAMURTHY NAGAR,MTC,MTC_OFFICIAL,MTC_OFFICIAL_STAGES_20260918
MTC_STAGE_1188_SAYANI,SAYANI,MTC,MTC_OFFICIAL,MTC_OFFICIAL_STAGES_20260918
MTC_STAGE_1189_SAYANI_AYNAVARAM,SAYANI/AYNAVARAM,MTC,MTC_OFFICIAL,MTC_OFFICIAL_STAGES_20260918
MTC_STAGE_1190_SBI_COLONY,SBI COLONY,MTC,MTC_OFFICIAL,MTC_OFFICIAL_STAGES_20260918
MTC_STAGE_1191_SCREW_FACTORY,SCREW FACTORY,MTC,MTC_OFFICIAL,MTC_OFFICIAL_STAGES_20260918
MTC_STAGE_1192_SCULPTURE_ARTS_COLLE,SCULPTURE ARTS COLLEGE,MTC,MTC_OFFICIAL,MTC_OFFICIAL_STAGES_20260918
MTC_STAGE_1193_SEAVOIL,SEAVOIL,MTC,MTC_OFFICIAL,MTC_OFFICIAL_STAGES_20260918
MTC_STAGE_1194_SECRETARIAT,SECRETARIAT,MTC,MTC_OFFICIAL,MTC_OFFICIAL_STAGES_20260918
MTC_STAGE_1195_SECRETARIAT_COLONY,SECRETARIAT COLONY,MTC,MTC_OFFICIAL,MTC_OFFICIAL_STAGES_20260918
MTC_STAGE_1196_SEEMAVARAM,SEEMAVARAM,MTC,MTC_OFFICIAL,MTC_OFFICIAL_STAGES_20260918
MTC_STAGE_1197_SEKANYAM,SEKANYAM,MTC,MTC_OFFICIAL,MTC_OFFICIAL_STAGES_20260918
MTC_STAGE_1198_SELLIMEDU_RD_JN,SELLIMEDU RD JN,MTC,MTC_OFFICIAL,MTC_OFFICIAL_STAGES_20260918
MTC_STAGE_1199_SELVAM_SCHOOL,SELVAM SCHOOL,MTC,MTC_OFFICIAL,MTC_OFFICIAL_STAGES_20260918
MTC_STAGE_1200_SEMILIVARAM,SEMILIVARAM,MTC,MTC_OFFICIAL,MTC_OFFICIAL_STAGES_20260918
MTC_STAGE_1201_SEMILIVARAM_CHENGALI,SEMILIVARAM CHENGALIAMMAN TEMP,MTC,MTC_OFFICIAL,MTC_OFFICIAL_STAGES_20260918
MTC_STAGE_1202_SEMMANCHERI,SEMMANCHERI,MTC,MTC_OFFICIAL,MTC_OFFICIAL_STAGES_20260918
MTC_STAGE_1203_SEMMANCHERI_ALAMARAM,SEMMANCHERI ALAMARAM,MTC,MTC_OFFICIAL,MTC_OFFICIAL_STAGES_20260918
MTC_STAGE_1204_SEMMANCHERI_KUPPAM,SEMMANCHERI KUPPAM,MTC,MTC_OFFICIAL,MTC_OFFICIAL_STAGES_20260918
MTC_STAGE_1205_SEMMANCHERI_S_C_B,SEMMANCHERI S.C.B.,MTC,MTC_OFFICIAL,MTC_OFFICIAL_STAGES_20260918
MTC_STAGE_1206_SEMMENCHERI_KUPPAM,SEMMENCHERI KUPPAM,MTC,MTC_OFFICIAL,MTC_OFFICIAL_STAGES_20260918
MTC_STAGE_1207_SEMMOZHI_POONGA,SEMMOZHI POONGA,MTC,MTC_OFFICIAL,MTC_OFFICIAL_STAGES_20260918
MTC_STAGE_1208_SENKADU,SENKADU,MTC,MTC_OFFICIAL,MTC_OFFICIAL_STAGES_20260918
MTC_STAGE_1209_SENNEERKUPPAM,SENNEERKUPPAM,MTC,MTC_OFFICIAL,MTC_OFFICIAL_STAGES_20260918
MTC_STAGE_1210_SENTHIL_NAGAR,SENTHIL NAGAR,MTC,MTC_OFFICIAL,MTC_OFFICIAL_STAGES_20260918
MTC_STAGE_1211_SETC_QUARTERS,SETC QUARTERS,MTC,MTC_OFFICIAL,MTC_OFFICIAL_STAGES_20260918
MTC_STAGE_1212_SETHUPAKKAM,SETHUPAKKAM,MTC,MTC_OFFICIAL,MTC_OFFICIAL_STAGES_20260918
MTC_STAGE_1213_SETTIMEDU,SETTIMEDU,MTC,MTC_OFFICIAL,MTC_OFFICIAL_STAGES_20260918
MTC_STAGE_1214_SHAKTHI_NAGAR,SHAKTHI NAGAR,MTC,MTC_OFFICIAL,MTC_OFFICIAL_STAGES_20260918
MTC_STAGE_1215_SHANTHI_DAMS_RD,SHANTHI/DAMS RD.,MTC,MTC_OFFICIAL,MTC_OFFICIAL_STAGES_20260918
MTC_STAGE_1216_SHARMA_NAGAR,SHARMA NAGAR,MTC,MTC_OFFICIAL,MTC_OFFICIAL_STAGES_20260918
MTC_STAGE_1217_SHIVASHANMUGAPURAM,SHIVASHANMUGAPURAM,MTC,MTC_OFFICIAL,MTC_OFFICIAL_STAGES_20260918
MTC_STAGE_1218_SHOLAVARAM,SHOLAVARAM,MTC,MTC_OFFICIAL,MTC_OFFICIAL_STAGES_20260918
MTC_STAGE_1219_SHOLAVARAM_P_S,SHOLAVARAM P.S.,MTC,MTC_OFFICIAL,MTC_OFFICIAL_STAGES_20260918
MTC_STAGE_1220_SHOLINGANALLUR,SHOLINGANALLUR,MTC,MTC_OFFICIAL,MTC_OFFICIAL_STAGES_20260918
MTC_STAGE_1221_SHOLINGANALLUR_P_U_O,SHOLINGANALLUR P.U.OFFICE,MTC,MTC_OFFICIAL,MTC_OFFICIAL_STAGES_20260918
MTC_STAGE_1222_SHOZHANGANALLUR,SHOZHANGANALLUR,MTC,MTC_OFFICIAL,MTC_OFFICIAL_STAGES_20260918
MTC_STAGE_1223_SHOZHANGANALLUR_P_U_,SHOZHANGANALLUR P.U.OFFICE,MTC,MTC_OFFICIAL,MTC_OFFICIAL_STAGES_20260918
MTC_STAGE_1224_SHOZHIPALAYAM,SHOZHIPALAYAM,MTC,MTC_OFFICIAL,MTC_OFFICIAL_STAGES_20260918
MTC_STAGE_1225_SIDCO,SIDCO,MTC,MTC_OFFICIAL,MTC_OFFICIAL_STAGES_20260918
MTC_STAGE_1226_SIDCO_ESTATE_PHASE_I,SIDCO ESTATE PHASE II,MTC,MTC_OFFICIAL,MTC_OFFICIAL_STAGES_20260918
MTC_STAGE_1227_SIDCO_NAGAR,SIDCO NAGAR,MTC,MTC_OFFICIAL,MTC_OFFICIAL_STAGES_20260918
MTC_STAGE_1228_SIKKARAYAPURAM,SIKKARAYAPURAM,MTC,MTC_OFFICIAL,MTC_OFFICIAL_STAGES_20260918
MTC_STAGE_1229_SILANTHIKUTTAI,SILANTHIKUTTAI,MTC,MTC_OFFICIAL,MTC_OFFICIAL_STAGES_20260918
MTC_STAGE_1230_SIMPSON,SIMPSON,MTC,MTC_OFFICIAL,MTC_OFFICIAL_STAGES_20260918
MTC_STAGE_1231_SINGAPERUMALL_KOIL,SINGAPERUMALL KOIL,MTC,MTC_OFFICIAL,MTC_OFFICIAL_STAGES_20260918
MTC_STAGE_1232_SIPCOT,SIPCOT,MTC,MTC_OFFICIAL,MTC_OFFICIAL_STAGES_20260918
MTC_STAGE_1233_SIRANJEEVI_NAGAR,SIRANJEEVI NAGAR,MTC,MTC_OFFICIAL,MTC_OFFICIAL_STAGES_20260918
MTC_STAGE_1234_SIRUCHERI,SIRUCHERI,MTC,MTC_OFFICIAL,MTC_OFFICIAL_STAGES_20260918
MTC_STAGE_1235_SIRUKALATHUR,SIRUKALATHUR,MTC,MTC_OFFICIAL,MTC_OFFICIAL_STAGES_20260918
MTC_STAGE_1236_SIRUKUNDRAM_ROAD_JN,SIRUKUNDRAM ROAD JN,MTC,MTC_OFFICIAL,MTC_OFFICIAL_STAGES_20260918
MTC_STAGE_1237_SIRUNIAM_RD_JN,SIRUNIAM RD.JN.,MTC,MTC_OFFICIAL,MTC_OFFICIAL_STAGES_20260918
MTC_STAGE_1238_SIRUSERI_I_T_PARK,SIRUSERI I.T PARK,MTC,MTC_OFFICIAL,MTC_OFFICIAL_STAGES_20260918
MTC_STAGE_1239_SIRUSERI_I_T_PARK,SIRUSERI I.T.PARK,MTC,MTC_OFFICIAL,MTC_OFFICIAL_STAGES_20260918
MTC_STAGE_1240_SIRUSERI_SIPCOT,SIRUSERI SIPCOT,MTC,MTC_OFFICIAL,MTC_OFFICIAL_STAGES_20260918
MTC_STAGE_1241_SIRUVADA,SIRUVADA,MTC,MTC_OFFICIAL,MTC_OFFICIAL_STAGES_20260918
MTC_STAGE_1242_SITHUKADU,SITHUKADU,MTC,MTC_OFFICIAL,MTC_OFFICIAL_STAGES_20260918
MTC_STAGE_1243_SIVAN_TEMPLE_1,SIVAN TEMPLE-1,MTC,MTC_OFFICIAL,MTC_OFFICIAL_STAGES_20260918
MTC_STAGE_1244_SLUM_CLEARANCE_BOARD,SLUM CLEARANCE BOARD,MTC,MTC_OFFICIAL,MTC_OFFICIAL_STAGES_20260918
MTC_STAGE_1245_SOKANDI,SOKANDI,MTC,MTC_OFFICIAL,MTC_OFFICIAL_STAGES_20260918
MTC_STAGE_1246_SOLAMANGALAM_RD_JN,SOLAMANGALAM RD JN,MTC,MTC_OFFICIAL,MTC_OFFICIAL_STAGES_20260918
MTC_STAGE_1247_SOMANGALAM,SOMANGALAM,MTC,MTC_OFFICIAL,MTC_OFFICIAL_STAGES_20260918
MTC_STAGE_1248_SOMANGALAM_RD__AMARA,SOMANGALAM RD /AMARAMBEDU RDJN,MTC,MTC_OFFICIAL,MTC_OFFICIAL_STAGES_20260918
MTC_STAGE_1249_SOMANGALAM_RD_JN_N_V,SOMANGALAM RD JN/N.V.R.D.JN.,MTC,MTC_OFFICIAL,MTC_OFFICIAL_STAGES_20260918
MTC_STAGE_1250_SONALUR___PUDUR,SONALUR / PUDUR,MTC,MTC_OFFICIAL,MTC_OFFICIAL_STAGES_20260918
MTC_STAGE_1251_SORANJERI,SORANJERI,MTC,MTC_OFFICIAL,MTC_OFFICIAL_STAGES_20260918
MTC_STAGE_1252_SORPONDERIKARAI,SORPONDERIKARAI,MTC,MTC_OFFICIAL,MTC_OFFICIAL_STAGES_20260918
MTC_STAGE_1253_SOTHUPERMEDU,SOTHUPERMEDU,MTC,MTC_OFFICIAL,MTC_OFFICIAL_STAGES_20260918
MTC_STAGE_1254_SOUTH_MALAYAMBAKKAM,SOUTH MALAYAMBAKKAM,MTC,MTC_OFFICIAL,MTC_OFFICIAL_STAGES_20260918
MTC_STAGE_1255_SOWBAKKIYA_NAGAR,SOWBAKKIYA NAGAR,MTC,MTC_OFFICIAL,MTC_OFFICIAL_STAGES_20260918
MTC_STAGE_1256_SOZHIPALAYAM,SOZHIPALAYAM,MTC,MTC_OFFICIAL,MTC_OFFICIAL_STAGES_20260918
MTC_STAGE_1257_SPORTS_UNIVERSITY,SPORTS UNIVERSITY,MTC,MTC_OFFICIAL,MTC_OFFICIAL_STAGES_20260918
MTC_STAGE_1258_SRI_RAM_ENGG_COLLEGE,SRI RAM ENGG.COLLEGE,MTC,MTC_OFFICIAL,MTC_OFFICIAL_STAGES_20260918
MTC_STAGE_1259_SRINIKETAN_SCHOOL,SRINIKETAN SCHOOL,MTC,MTC_OFFICIAL,MTC_OFFICIAL_STAGES_20260918
MTC_STAGE_1260_SRINIVASA_NAGAR,SRINIVASA NAGAR,MTC,MTC_OFFICIAL,MTC_OFFICIAL_STAGES_20260918
MTC_STAGE_1261_SRINIVASA_PERUMAL_KO,SRINIVASA PERUMAL KOIL,MTC,MTC_OFFICIAL,MTC_OFFICIAL_STAGES_20260918
MTC_STAGE_1262_SRINIVASA_THEATER,SRINIVASA THEATER,MTC,MTC_OFFICIAL,MTC_OFFICIAL_STAGES_20260918
MTC_STAGE_1263_SRIPERUMBUDUR,SRIPERUMBUDUR,MTC,MTC_OFFICIAL,MTC_OFFICIAL_STAGES_20260918
MTC_STAGE_1264_SRIUNGAVOOR,SRIUNGAVOOR,MTC,MTC_OFFICIAL,MTC_OFFICIAL_STAGES_20260918
MTC_STAGE_1265_SRP_COLONY,SRP COLONY,MTC,MTC_OFFICIAL,MTC_OFFICIAL_STAGES_20260918
MTC_STAGE_1266_SRP_TOOLS,SRP TOOLS,MTC,MTC_OFFICIAL,MTC_OFFICIAL_STAGES_20260918
MTC_STAGE_1267_SSM_NAGAR,SSM NAGAR,MTC,MTC_OFFICIAL,MTC_OFFICIAL_STAGES_20260918
MTC_STAGE_1268_ST_THOMAS_MOUNT_METR,ST THOMAS MOUNT METRO R.S,MTC,MTC_OFFICIAL,MTC_OFFICIAL_STAGES_20260918
MTC_STAGE_1269_ST_THOMAS_MOUNT_PO,ST THOMAS MOUNT PO,MTC,MTC_OFFICIAL,MTC_OFFICIAL_STAGES_20260918
MTC_STAGE_1270_ST_THOMAS_MOUNT_R_S,ST THOMAS MOUNT R.S,MTC,MTC_OFFICIAL,MTC_OFFICIAL_STAGES_20260918
MTC_STAGE_1271_ST_THOMAS_MOUNT_P_O,ST.THOMAS MOUNT P.O,MTC,MTC_OFFICIAL,MTC_OFFICIAL_STAGES_20260918
MTC_STAGE_1272_STEPHEN_CHURCH,STEPHEN CHURCH,MTC,MTC_OFFICIAL,MTC_OFFICIAL_STAGES_20260918
MTC_STAGE_1273_STERLING_RD__METROLO,STERLING RD./METROLOG. DEPT.,MTC,MTC_OFFICIAL,MTC_OFFICIAL_STAGES_20260918
MTC_STAGE_1274_STERLING_ROAD,STERLING ROAD,MTC,MTC_OFFICIAL,MTC_OFFICIAL_STAGES_20260918
MTC_STAGE_1275_SULERIKADU,SULERIKADU,MTC,MTC_OFFICIAL,MTC_OFFICIAL_STAGES_20260918
MTC_STAGE_1276_SUMENTHIRAMEDU_ROAD_,SUMENTHIRAMEDU ROAD JN,MTC,MTC_OFFICIAL,MTC_OFFICIAL_STAGES_20260918
MTC_STAGE_1277_SUN_THEATER,SUN THEATER,MTC,MTC_OFFICIAL,MTC_OFFICIAL_STAGES_20260918
MTC_STAGE_1278_SUNDARASOZHAPURAM,SUNDARASOZHAPURAM,MTC,MTC_OFFICIAL,MTC_OFFICIAL_STAGES_20260918
MTC_STAGE_1279_SUNGUVARCHATHIRAM,SUNGUVARCHATHIRAM,MTC,MTC_OFFICIAL,MTC_OFFICIAL_STAGES_20260918
MTC_STAGE_1280_SUNNAMBU_KALVOY,SUNNAMBU KALVOY,MTC,MTC_OFFICIAL,MTC_OFFICIAL_STAGES_20260918
MTC_STAGE_1281_SUNNAMBU_KOLATHUR,SUNNAMBU KOLATHUR,MTC,MTC_OFFICIAL,MTC_OFFICIAL_STAGES_20260918
MTC_STAGE_1282_SUNNAMBUKULAM,SUNNAMBUKULAM,MTC,MTC_OFFICIAL,MTC_OFFICIAL_STAGES_20260918
MTC_STAGE_1283_SURAPEDU,SURAPEDU,MTC,MTC_OFFICIAL,MTC_OFFICIAL_STAGES_20260918
MTC_STAGE_1284_T_B_INSTITUTE,T.B.INSTITUTE,MTC,MTC_OFFICIAL,MTC_OFFICIAL_STAGES_20260918
MTC_STAGE_1285_T_B_SANATORIUM,T.B.SANATORIUM,MTC,MTC_OFFICIAL,MTC_OFFICIAL_STAGES_20260918
MTC_STAGE_1286_T_N_C_F,T.N.C.F,MTC,MTC_OFFICIAL,MTC_OFFICIAL_STAGES_20260918
MTC_STAGE_1287_T_N_H_B_RD_JN,T.N.H.B RD JN,MTC,MTC_OFFICIAL,MTC_OFFICIAL_STAGES_20260918
MTC_STAGE_1288_T_NAGAR,T.NAGAR,MTC,MTC_OFFICIAL,MTC_OFFICIAL_STAGES_20260918
MTC_STAGE_1289_T_V_K_NAGAR,T.V.K.NAGAR,MTC,MTC_OFFICIAL,MTC_OFFICIAL_STAGES_20260918
MTC_STAGE_1290_T_V_S,T.V.S,MTC,MTC_OFFICIAL,MTC_OFFICIAL_STAGES_20260918
MTC_STAGE_1291_T_V_T_RLY_GATE,T.V.T RLY GATE,MTC,MTC_OFFICIAL,MTC_OFFICIAL_STAGES_20260918
MTC_STAGE_1292_TAMARAIPAKKAM,TAMARAIPAKKAM,MTC,MTC_OFFICIAL,MTC_OFFICIAL_STAGES_20260918
MTC_STAGE_1293_TAMARAIPAKKAM_RD_JN,TAMARAIPAKKAM RD.JN.,MTC,MTC_OFFICIAL,MTC_OFFICIAL_STAGES_20260918
MTC_STAGE_1294_TAMARAPAKKAM_KOOT_RD,TAMARAPAKKAM KOOT RD,MTC,MTC_OFFICIAL,MTC_OFFICIAL_STAGES_20260918
MTC_STAGE_1295_TAMBARAM,TAMBARAM,MTC,MTC_OFFICIAL,MTC_OFFICIAL_STAGES_20260918
MTC_STAGE_1296_TAMBARAM_EAST,TAMBARAM EAST,MTC,MTC_OFFICIAL,MTC_OFFICIAL_STAGES_20260918
MTC_STAGE_1297_TAMBARAM_KULAM,TAMBARAM KULAM,MTC,MTC_OFFICIAL,MTC_OFFICIAL_STAGES_20260918
MTC_STAGE_1298_TAMBARAM_NEW_TERMINU,TAMBARAM NEW TERMINUS,MTC,MTC_OFFICIAL,MTC_OFFICIAL_STAGES_20260918
MTC_STAGE_1299_TAMBARAM_SANATORIUM,TAMBARAM SANATORIUM,MTC,MTC_OFFICIAL,MTC_OFFICIAL_STAGES_20260918
MTC_STAGE_1300_TAMBARAM_TOWN_LIMIT,TAMBARAM TOWN LIMIT,MTC,MTC_OFFICIAL,MTC_OFFICIAL_STAGES_20260918
MTC_STAGE_1301_TAMBARAM_WEST,TAMBARAM WEST,MTC,MTC_OFFICIAL,MTC_OFFICIAL_STAGES_20260918
MTC_STAGE_1302_TARAMANI,TARAMANI,MTC,MTC_OFFICIAL,MTC_OFFICIAL_STAGES_20260918
MTC_STAGE_1303_TAYLORS_ROAD,TAYLORS ROAD,MTC,MTC_OFFICIAL,MTC_OFFICIAL_STAGES_20260918
MTC_STAGE_1304_TEACHERS_COLONY,TEACHERS COLONY,MTC,MTC_OFFICIAL,MTC_OFFICIAL_STAGES_20260918
MTC_STAGE_1305_TELEPHONE_COLONY_1ST,TELEPHONE COLONY 1ST STREET,MTC,MTC_OFFICIAL,MTC_OFFICIAL_STAGES_20260918
MTC_STAGE_1306_TEMPLE_JN,TEMPLE JN.,MTC,MTC_OFFICIAL,MTC_OFFICIAL_STAGES_20260918
MTC_STAGE_1307_TEMPLE_TOWER,TEMPLE TOWER,MTC,MTC_OFFICIAL,MTC_OFFICIAL_STAGES_20260918
MTC_STAGE_1308_THAI_MOOGAMBIGAI,THAI MOOGAMBIGAI,MTC,MTC_OFFICIAL,MTC_OFFICIAL_STAGES_20260918
MTC_STAGE_1309_THAILAPURAM,THAILAPURAM,MTC,MTC_OFFICIAL,MTC_OFFICIAL_STAGES_20260918
MTC_STAGE_1310_THAIYUR_KOMAN_NAGAR,THAIYUR KOMAN NAGAR,MTC,MTC_OFFICIAL,MTC_OFFICIAL_STAGES_20260918
MTC_STAGE_1311_THALAMBUR,THALAMBUR,MTC,MTC_OFFICIAL,MTC_OFFICIAL_STAGES_20260918
MTC_STAGE_1312_THALAYARIPALAYM,THALAYARIPALAYM,MTC,MTC_OFFICIAL,MTC_OFFICIAL_STAGES_20260918
MTC_STAGE_1313_THAMBUCHETTY_ST,THAMBUCHETTY ST,MTC,MTC_OFFICIAL,MTC_OFFICIAL_STAGES_20260918
MTC_STAGE_1314_THANDALACHERI,THANDALACHERI,MTC,MTC_OFFICIAL,MTC_OFFICIAL_STAGES_20260918
MTC_STAGE_1315_THANDALAM,THANDALAM,MTC,MTC_OFFICIAL,MTC_OFFICIAL_STAGES_20260918
MTC_STAGE_1316_THANDALAM_RD_JN,THANDALAM RD JN.,MTC,MTC_OFFICIAL,MTC_OFFICIAL_STAGES_20260918
MTC_STAGE_1317_THANDALAM_RD_JN,THANDALAM RD.JN,MTC,MTC_OFFICIAL,MTC_OFFICIAL_STAGES_20260918
MTC_STAGE_1318_THANDALAM_VILLAGE,THANDALAM VILLAGE,MTC,MTC_OFFICIAL,MTC_OFFICIAL_STAGES_20260918
MTC_STAGE_1319_THANDARAI,THANDARAI,MTC,MTC_OFFICIAL,MTC_OFFICIAL_STAGES_20260918
MTC_STAGE_1320_THANDAVARAYAN_PALAYA,THANDAVARAYAN PALAYAM,MTC,MTC_OFFICIAL,MTC_OFFICIAL_STAGES_20260918
MTC_STAGE_1321_THANGAL,THANGAL,MTC,MTC_OFFICIAL,MTC_OFFICIAL_STAGES_20260918
MTC_STAGE_1322_THANGAL_ERIKKARAI,THANGAL ERIKKARAI,MTC,MTC_OFFICIAL,MTC_OFFICIAL_STAGES_20260918
MTC_STAGE_1323_THANGAL_TOLLGATE,THANGAL TOLLGATE,MTC,MTC_OFFICIAL,MTC_OFFICIAL_STAGES_20260918
MTC_STAGE_1324_THANI_POONDI,THANI POONDI,MTC,MTC_OFFICIAL,MTC_OFFICIAL_STAGES_20260918
MTC_STAGE_1325_THANIKACHALAM_NAGAR,THANIKACHALAM NAGAR,MTC,MTC_OFFICIAL,MTC_OFFICIAL_STAGES_20260918
MTC_STAGE_1326_THANTHONI_AMMAN_NAGA,THANTHONI AMMAN NAGAR,MTC,MTC_OFFICIAL,MTC_OFFICIAL_STAGES_20260918
MTC_STAGE_1327_THAPAL_PETTI__MADHAV,THAPAL PETTI (MADHAVARAM),MTC,MTC_OFFICIAL,MTC_OFFICIAL_STAGES_20260918
MTC_STAGE_1328_THARAPAKKAM_MAIN_RD,THARAPAKKAM MAIN RD,MTC,MTC_OFFICIAL,MTC_OFFICIAL_STAGES_20260918
MTC_STAGE_1329_THARATCHI_COLONY,THARATCHI COLONY,MTC,MTC_OFFICIAL,MTC_OFFICIAL_STAGES_20260918
MTC_STAGE_1330_THATCHUR_ROAD_JN,THATCHUR ROAD JN,MTC,MTC_OFFICIAL,MTC_OFFICIAL_STAGES_20260918
MTC_STAGE_1331_THATHANKUPPAM,THATHANKUPPAM,MTC,MTC_OFFICIAL,MTC_OFFICIAL_STAGES_20260918
MTC_STAGE_1332_THATHANMANJI,THATHANMANJI,MTC,MTC_OFFICIAL,MTC_OFFICIAL_STAGES_20260918
MTC_STAGE_1333_THAZHAMBEDU,THAZHAMBEDU,MTC,MTC_OFFICIAL,MTC_OFFICIAL_STAGES_20260918
MTC_STAGE_1334_THAZHAMBUR_PANCHAYAT,THAZHAMBUR PANCHAYAT OFFICE,MTC,MTC_OFFICIAL,MTC_OFFICIAL_STAGES_20260918
MTC_STAGE_1335_THAZHAMBUR_ROAD_JN,THAZHAMBUR ROAD JN,MTC,MTC_OFFICIAL,MTC_OFFICIAL_STAGES_20260918
MTC_STAGE_1336_THAZHANKUPPAM,THAZHANKUPPAM,MTC,MTC_OFFICIAL,MTC_OFFICIAL_STAGES_20260918
MTC_STAGE_1337_THEAGARAYA_COLLEGE,THEAGARAYA COLLEGE,MTC,MTC_OFFICIAL,MTC_OFFICIAL_STAGES_20260918
MTC_STAGE_1338_THENDRAL_NAGAR,THENDRAL NAGAR,MTC,MTC_OFFICIAL,MTC_OFFICIAL_STAGES_20260918
MTC_STAGE_1339_THERASAPURAM,THERASAPURAM,MTC,MTC_OFFICIAL,MTC_OFFICIAL_STAGES_20260918
MTC_STAGE_1340_THEYAMPAKKAM,THEYAMPAKKAM,MTC,MTC_OFFICIAL,MTC_OFFICIAL_STAGES_20260918
MTC_STAGE_1341_THIAGARAYA_NAGAR,THIAGARAYA NAGAR,MTC,MTC_OFFICIAL,MTC_OFFICIAL_STAGES_20260918
MTC_STAGE_1342_THIDEER_NAGAR,THIDEER NAGAR,MTC,MTC_OFFICIAL,MTC_OFFICIAL_STAGES_20260918
MTC_STAGE_1343_THIDEERKUPPAM_THOPPU,THIDEERKUPPAM(THOPPU),MTC,MTC_OFFICIAL,MTC_OFFICIAL_STAGES_20260918
MTC_STAGE_1344_THILAIGANGA_SUBWAY,THILAIGANGA SUBWAY,MTC,MTC_OFFICIAL,MTC_OFFICIAL_STAGES_20260918
MTC_STAGE_1345_THILLAI_GANGA_NAGAR_,THILLAI GANGA NAGAR SUBWAY,MTC,MTC_OFFICIAL,MTC_OFFICIAL_STAGES_20260918
MTC_STAGE_1346_THILLAIGAANGA_NAGAR_,THILLAIGAANGA NAGAR SUBWAY,MTC,MTC_OFFICIAL,MTC_OFFICIAL_STAGES_20260918
MTC_STAGE_1347_THIRISULAM_SAKHI_NAG,THIRISULAM SAKHI NAGAR,MTC,MTC_OFFICIAL,MTC_OFFICIAL_STAGES_20260918
MTC_STAGE_1348_THIRU_VI_KA_NAGAR,THIRU.VI.KA.NAGAR,MTC,MTC_OFFICIAL,MTC_OFFICIAL_STAGES_20260918
MTC_STAGE_1349_THIRUMANAM_SIVAN_KOI,THIRUMANAM SIVAN KOIL,MTC,MTC_OFFICIAL,MTC_OFFICIAL_STAGES_20260918
MTC_STAGE_1350_THIRUMANAN,THIRUMANAN,MTC,MTC_OFFICIAL,MTC_OFFICIAL_STAGES_20260918
MTC_STAGE_1351_THIRUMANGALAM,THIRUMANGALAM,MTC,MTC_OFFICIAL,MTC_OFFICIAL_STAGES_20260918
MTC_STAGE_1352_THIRUMANGALAM_METRO_,THIRUMANGALAM METRO R.S.,MTC,MTC_OFFICIAL,MTC_OFFICIAL_STAGES_20260918
MTC_STAGE_1353_THIRUMANGALAM_SUNGAV,THIRUMANGALAM SUNGAVA,MTC,MTC_OFFICIAL,MTC_OFFICIAL_STAGES_20260918
MTC_STAGE_1354_THIRUMAZHISAI,THIRUMAZHISAI,MTC,MTC_OFFICIAL,MTC_OFFICIAL_STAGES_20260918
MTC_STAGE_1355_THIRUMUDIVAKKAM,THIRUMUDIVAKKAM,MTC,MTC_OFFICIAL,MTC_OFFICIAL_STAGES_20260918
MTC_STAGE_1356_THIRUMUDIVAKKAM_SIDC,THIRUMUDIVAKKAM SIDCO,MTC,MTC_OFFICIAL,MTC_OFFICIAL_STAGES_20260918
MTC_STAGE_1357_THIRUMUDIVAKKAM_SIDC,THIRUMUDIVAKKAM SIDCO-I,MTC,MTC_OFFICIAL,MTC_OFFICIAL_STAGES_20260918
MTC_STAGE_1358_THIRUMULLAIVOYAL,THIRUMULLAIVOYAL,MTC,MTC_OFFICIAL,MTC_OFFICIAL_STAGES_20260918
MTC_STAGE_1359_THIRUMULLAIVOYAL_COL,THIRUMULLAIVOYAL COLONY,MTC,MTC_OFFICIAL,MTC_OFFICIAL_STAGES_20260918
MTC_STAGE_1360_THIRUMULLAIVOYAL_SID,THIRUMULLAIVOYAL SIDCO,MTC,MTC_OFFICIAL,MTC_OFFICIAL_STAGES_20260918
MTC_STAGE_1361_THIRUNEERMALAI,THIRUNEERMALAI,MTC,MTC_OFFICIAL,MTC_OFFICIAL_STAGES_20260918
MTC_STAGE_1362_THIRUNEERMALAI_MADHU,THIRUNEERMALAI MADHURAVOYAL JN,MTC,MTC_OFFICIAL,MTC_OFFICIAL_STAGES_20260918
MTC_STAGE_1363_THIRUNEERMALAI_RD_JN,THIRUNEERMALAI RD JN.,MTC,MTC_OFFICIAL,MTC_OFFICIAL_STAGES_20260918
MTC_STAGE_1364_THIRUNEERMALAI_RD_JN,THIRUNEERMALAI RD.JN.,MTC,MTC_OFFICIAL,MTC_OFFICIAL_STAGES_20260918
MTC_STAGE_1365_THIRUNILAI,THIRUNILAI,MTC,MTC_OFFICIAL,MTC_OFFICIAL_STAGES_20260918
MTC_STAGE_1366_THIRUNILLAI_RD_JN,THIRUNILLAI RD.JN.,MTC,MTC_OFFICIAL,MTC_OFFICIAL_STAGES_20260918
MTC_STAGE_1367_THIRUNILLAI_WATER_TA,THIRUNILLAI WATER TANK,MTC,MTC_OFFICIAL,MTC_OFFICIAL_STAGES_20260918
MTC_STAGE_1368_THIRUNINDRAVOOR,THIRUNINDRAVOOR,MTC,MTC_OFFICIAL,MTC_OFFICIAL_STAGES_20260918
MTC_STAGE_1369_THIRUNINDRAVOOR_B_S,THIRUNINDRAVOOR B.S.,MTC,MTC_OFFICIAL,MTC_OFFICIAL_STAGES_20260918
MTC_STAGE_1370_THIRUNINDRAVOOR_R_S,THIRUNINDRAVOOR R.S.,MTC,MTC_OFFICIAL,MTC_OFFICIAL_STAGES_20260918
MTC_STAGE_1371_THIRUPALAIVANAM,THIRUPALAIVANAM,MTC,MTC_OFFICIAL,MTC_OFFICIAL_STAGES_20260918
MTC_STAGE_1372_THIRUPORUR,THIRUPORUR,MTC,MTC_OFFICIAL,MTC_OFFICIAL_STAGES_20260918
MTC_STAGE_1373_THIRUSOOLAM,THIRUSOOLAM,MTC,MTC_OFFICIAL,MTC_OFFICIAL_STAGES_20260918
MTC_STAGE_1374_THIRUSOOLAM_NATIONAL,THIRUSOOLAM NATIONAL AIRPORT,MTC,MTC_OFFICIAL,MTC_OFFICIAL_STAGES_20260918
MTC_STAGE_1375_THIRUTHUVELI,THIRUTHUVELI,MTC,MTC_OFFICIAL,MTC_OFFICIAL_STAGES_20260918
MTC_STAGE_1376_THIRUVALLUR,THIRUVALLUR,MTC,MTC_OFFICIAL,MTC_OFFICIAL_STAGES_20260918
MTC_STAGE_1377_THIRUVALLUR_COLLECTO,THIRUVALLUR COLLECTOR OFF,MTC,MTC_OFFICIAL,MTC_OFFICIAL_STAGES_20260918
MTC_STAGE_1378_THIRUVALUVAR_RD_JN,THIRUVALUVAR RD.JN.,MTC,MTC_OFFICIAL,MTC_OFFICIAL_STAGES_20260918
MTC_STAGE_1379_THIRUVANMIYUR,THIRUVANMIYUR,MTC,MTC_OFFICIAL,MTC_OFFICIAL_STAGES_20260918
MTC_STAGE_1380_THIRUVANMIYUR_R_S,THIRUVANMIYUR R.S.,MTC,MTC_OFFICIAL,MTC_OFFICIAL_STAGES_20260918
MTC_STAGE_1381_THIRUVEDANTHAI,THIRUVEDANTHAI,MTC,MTC_OFFICIAL,MTC_OFFICIAL_STAGES_20260918
MTC_STAGE_1382_THIRUVERKADU,THIRUVERKADU,MTC,MTC_OFFICIAL,MTC_OFFICIAL_STAGES_20260918
MTC_STAGE_1383_THIRUVETRIYUR_B_S,THIRUVETRIYUR B.S,MTC,MTC_OFFICIAL,MTC_OFFICIAL_STAGES_20260918
MTC_STAGE_1384_THIRUVIDANTHAI,THIRUVIDANTHAI,MTC,MTC_OFFICIAL,MTC_OFFICIAL_STAGES_20260918
MTC_STAGE_1385_THIRUVOTRIYUR,THIRUVOTRIYUR,MTC,MTC_OFFICIAL,MTC_OFFICIAL_STAGES_20260918
MTC_STAGE_1386_THIRUVOTRIYUR_B_T,THIRUVOTRIYUR B.T,MTC,MTC_OFFICIAL,MTC_OFFICIAL_STAGES_20260918
MTC_STAGE_1387_THIRUVOTRIYUR_RAILWA,THIRUVOTRIYUR RAILWAY QUARTERS,MTC,MTC_OFFICIAL,MTC_OFFICIAL_STAGES_20260918
MTC_STAGE_1388_THIRUVOTRIYUR_TEMPLE,THIRUVOTRIYUR TEMPLE,MTC,MTC_OFFICIAL,MTC_OFFICIAL_STAGES_20260918
MTC_STAGE_1389_THOLKAPPIAR_PARK,THOLKAPPIAR PARK,MTC,MTC_OFFICIAL,MTC_OFFICIAL_STAGES_20260918
MTC_STAGE_1390_THOMAS_MUNRO_STATUE,THOMAS MUNRO STATUE,MTC,MTC_OFFICIAL,MTC_OFFICIAL_STAGES_20260918
MTC_STAGE_1391_THOMMARAM_BEDU,THOMMARAM BEDU,MTC,MTC_OFFICIAL,MTC_OFFICIAL_STAGES_20260918
MTC_STAGE_1392_THORAIPAKKAM,THORAIPAKKAM,MTC,MTC_OFFICIAL,MTC_OFFICIAL_STAGES_20260918
MTC_STAGE_1393_THORAIPAKKAM_CHECKPO,THORAIPAKKAM CHECKPOST,MTC,MTC_OFFICIAL,MTC_OFFICIAL_STAGES_20260918
MTC_STAGE_1394_THORAIPAKKAM_TEA_SHO,THORAIPAKKAM TEA SHOP,MTC,MTC_OFFICIAL,MTC_OFFICIAL_STAGES_20260918
MTC_STAGE_1395_THORAPAKKAM_CHECKPOS,THORAPAKKAM CHECKPOST,MTC,MTC_OFFICIAL,MTC_OFFICIAL_STAGES_20260918
MTC_STAGE_1396_THORAPPAKKAM_P_T_C_C,THORAPPAKKAM P.T.C COLONY,MTC,MTC_OFFICIAL,MTC_OFFICIAL_STAGES_20260918
MTC_STAGE_1397_THORAPPAKKAM_TEA_SHO,THORAPPAKKAM TEA SHOP,MTC,MTC_OFFICIAL,MTC_OFFICIAL_STAGES_20260918
MTC_STAGE_1398_THOTTIKALAI_JN,THOTTIKALAI JN.,MTC,MTC_OFFICIAL,MTC_OFFICIAL_STAGES_20260918
MTC_STAGE_1399_THOZHUDUR,THOZHUDUR,MTC,MTC_OFFICIAL,MTC_OFFICIAL_STAGES_20260918
MTC_STAGE_1400_THREE_STATUE__AYANAM,THREE STATUE (AYANAMBAKKAM),MTC,MTC_OFFICIAL,MTC_OFFICIAL_STAGES_20260918
MTC_STAGE_1401_THRUVOTRIYUR_TEMPLE,THRUVOTRIYUR TEMPLE,MTC,MTC_OFFICIAL,MTC_OFFICIAL_STAGES_20260918
MTC_STAGE_1402_THUMBAKKAM,THUMBAKKAM,MTC,MTC_OFFICIAL,MTC_OFFICIAL_STAGES_20260918
MTC_STAGE_1403_THUNDARAI_KULAM,THUNDARAI KULAM,MTC,MTC_OFFICIAL,MTC_OFFICIAL_STAGES_20260918
MTC_STAGE_1404_THYAGARAYA_NAGAR,THYAGARAYA NAGAR,MTC,MTC_OFFICIAL,MTC_OFFICIAL_STAGES_20260918
MTC_STAGE_1405_TIRUSULAM_AIRPORT,TIRUSULAM AIRPORT,MTC,MTC_OFFICIAL,MTC_OFFICIAL_STAGES_20260918
MTC_STAGE_1406_TOLL_PLAZA,TOLL PLAZA,MTC,MTC_OFFICIAL,MTC_OFFICIAL_STAGES_20260918
MTC_STAGE_1407_TOLLGATE,TOLLGATE,MTC,MTC_OFFICIAL,MTC_OFFICIAL_STAGES_20260918
MTC_STAGE_1408_TONDAIAYRPET,TONDAIAYRPET,MTC,MTC_OFFICIAL,MTC_OFFICIAL_STAGES_20260918
MTC_STAGE_1409_TONDIARPET,TONDIARPET,MTC,MTC_OFFICIAL,MTC_OFFICIAL_STAGES_20260918
MTC_STAGE_1410_TORREN_GAS_COMPANY,TORREN GAS COMPANY,MTC,MTC_OFFICIAL,MTC_OFFICIAL_STAGES_20260918
MTC_STAGE_1411_TRAFFIC_AID_POST,TRAFFIC AID POST,MTC,MTC_OFFICIAL,MTC_OFFICIAL_STAGES_20260918
MTC_STAGE_1412_TRAVELLERS_BANGALOW,TRAVELLERS BANGALOW,MTC,MTC_OFFICIAL,MTC_OFFICIAL_STAGES_20260918
MTC_STAGE_1413_TRIPLICANE,TRIPLICANE,MTC,MTC_OFFICIAL,MTC_OFFICIAL_STAGES_20260918
MTC_STAGE_1414_TRUSTPURAM,TRUSTPURAM,MTC,MTC_OFFICIAL,MTC_OFFICIAL_STAGES_20260918
MTC_STAGE_1415_TSR_RAJALAKSHMI_NAGA,TSR RAJALAKSHMI NAGAR,MTC,MTC_OFFICIAL,MTC_OFFICIAL_STAGES_20260918
MTC_STAGE_1416_TULUKATHAMMAN_KOIL,TULUKATHAMMAN KOIL,MTC,MTC_OFFICIAL,MTC_OFFICIAL_STAGES_20260918
MTC_STAGE_1417_TVS_MCC_MOTORS,TVS MCC MOTORS,MTC,MTC_OFFICIAL,MTC_OFFICIAL_STAGES_20260918
MTC_STAGE_1418_U_S_I_S,U.S.I.S.,MTC,MTC_OFFICIAL,MTC_OFFICIAL_STAGES_20260918
MTC_STAGE_1419_ULLAGARAM,ULLAGARAM,MTC,MTC_OFFICIAL,MTC_OFFICIAL_STAGES_20260918
MTC_STAGE_1420_UNIVESITY_CLUB__MINE,UNIVESITY CLUB/ MINERVA,MTC,MTC_OFFICIAL,MTC_OFFICIAL_STAGES_20260918
MTC_STAGE_1421_UPPALAYAM,UPPALAYAM,MTC,MTC_OFFICIAL,MTC_OFFICIAL_STAGES_20260918
MTC_STAGE_1422_UPPARA_PALAYAM,UPPARA PALAYAM,MTC,MTC_OFFICIAL,MTC_OFFICIAL_STAGES_20260918
MTC_STAGE_1423_UPPARAPALAYAM__AMP__,UPPARAPALAYAM &amp; POTHUR,MTC,MTC_OFFICIAL,MTC_OFFICIAL_STAGES_20260918
MTC_STAGE_1424_URAPAKKAM,URAPAKKAM,MTC,MTC_OFFICIAL,MTC_OFFICIAL_STAGES_20260918
MTC_STAGE_1425_URAPAKKAM_BRIDGE,URAPAKKAM BRIDGE,MTC,MTC_OFFICIAL,MTC_OFFICIAL_STAGES_20260918
MTC_STAGE_1426_URAPAKKAM_SCHOOL,URAPAKKAM SCHOOL,MTC,MTC_OFFICIAL,MTC_OFFICIAL_STAGES_20260918
MTC_STAGE_1427_UTHAMAR_GANDHISALAI_,UTHAMAR GANDHISALAI (CORP.OFF),MTC,MTC_OFFICIAL,MTC_OFFICIAL_STAGES_20260918
MTC_STAGE_1428_UTHANDI_VILLAGE,UTHANDI VILLAGE,MTC,MTC_OFFICIAL,MTC_OFFICIAL_STAGES_20260918
MTC_STAGE_1429_UTHUKOTTAI,UTHUKOTTAI,MTC,MTC_OFFICIAL,MTC_OFFICIAL_STAGES_20260918
MTC_STAGE_1430_UTI_BANK_MADIPAKKAM_,UTI BANK/MADIPAKKAM RD.JN.,MTC,MTC_OFFICIAL,MTC_OFFICIAL_STAGES_20260918
MTC_STAGE_1431_V_G_P,V.G.P.,MTC,MTC_OFFICIAL,MTC_OFFICIAL_STAGES_20260918
MTC_STAGE_1432_V_HOUSE_P_S,V.HOUSE P.S,MTC,MTC_OFFICIAL,MTC_OFFICIAL_STAGES_20260918
MTC_STAGE_1433_V_M_STREET,V.M STREET,MTC,MTC_OFFICIAL,MTC_OFFICIAL_STAGES_20260918
MTC_STAGE_1434_V_M_STREET,V.M.STREET,MTC,MTC_OFFICIAL,MTC_OFFICIAL_STAGES_20260918
MTC_STAGE_1435_V_S_B_GARDEN,V.S.B.GARDEN,MTC,MTC_OFFICIAL,MTC_OFFICIAL_STAGES_20260918
MTC_STAGE_1436_VAANAGARAM,VAANAGARAM,MTC,MTC_OFFICIAL,MTC_OFFICIAL_STAGES_20260918
MTC_STAGE_1437_VADAKKU_MALAIAMBAKKA,VADAKKU MALAIAMBAKKAM,MTC,MTC_OFFICIAL,MTC_OFFICIAL_STAGES_20260918
MTC_STAGE_1438_VADAMADURAI,VADAMADURAI,MTC,MTC_OFFICIAL,MTC_OFFICIAL_STAGES_20260918
MTC_STAGE_1439_VADAMADURAI_KANDIGAI,VADAMADURAI KANDIGAI,MTC,MTC_OFFICIAL,MTC_OFFICIAL_STAGES_20260918
MTC_STAGE_1440_VADAMANGALAM_ROAD_JN,VADAMANGALAM ROAD JN,MTC,MTC_OFFICIAL,MTC_OFFICIAL_STAGES_20260918
MTC_STAGE_1441_VADANEMILI,VADANEMILI,MTC,MTC_OFFICIAL,MTC_OFFICIAL_STAGES_20260918
MTC_STAGE_1442_VADANOOMBAL,VADANOOMBAL,MTC,MTC_OFFICIAL,MTC_OFFICIAL_STAGES_20260918
MTC_STAGE_1443_VADAPALANI,VADAPALANI,MTC,MTC_OFFICIAL,MTC_OFFICIAL_STAGES_20260918
MTC_STAGE_1444_VADAPALANI_P_S,VADAPALANI P.S.,MTC,MTC_OFFICIAL,MTC_OFFICIAL_STAGES_20260918
MTC_STAGE_1445_VADAPERUMBAKKAM,VADAPERUMBAKKAM,MTC,MTC_OFFICIAL,MTC_OFFICIAL_STAGES_20260918
MTC_STAGE_1446_VADATHUR,VADATHUR,MTC,MTC_OFFICIAL,MTC_OFFICIAL_STAGES_20260918
MTC_STAGE_1447_VADHATTUR_JN,VADHATTUR JN.,MTC,MTC_OFFICIAL,MTC_OFFICIAL_STAGES_20260918
MTC_STAGE_1448_VALARPURAM,VALARPURAM,MTC,MTC_OFFICIAL,MTC_OFFICIAL_STAGES_20260918
MTC_STAGE_1449_VALASAI_ELLUPAI_RD_J,VALASAI ELLUPAI RD JN,MTC,MTC_OFFICIAL,MTC_OFFICIAL_STAGES_20260918
MTC_STAGE_1450_VALASARAVAKKAM,VALASARAVAKKAM,MTC,MTC_OFFICIAL,MTC_OFFICIAL_STAGES_20260918
MTC_STAGE_1451_VALLAKKOTTAI,VALLAKKOTTAI,MTC,MTC_OFFICIAL,MTC_OFFICIAL_STAGES_20260918
MTC_STAGE_1452_VALLALAR_NAGAR,VALLALAR NAGAR,MTC,MTC_OFFICIAL,MTC_OFFICIAL_STAGES_20260918
MTC_STAGE_1453_VALLAM,VALLAM,MTC,MTC_OFFICIAL,MTC_OFFICIAL_STAGES_20260918
MTC_STAGE_1454_VALLANUR_P_U_O,VALLANUR P.U.O,MTC,MTC_OFFICIAL,MTC_OFFICIAL_STAGES_20260918
MTC_STAGE_1455_VALLIYUR_SCHOOL,VALLIYUR SCHOOL,MTC,MTC_OFFICIAL,MTC_OFFICIAL_STAGES_20260918
MTC_STAGE_1456_VALLUR,VALLUR,MTC,MTC_OFFICIAL,MTC_OFFICIAL_STAGES_20260918
MTC_STAGE_1457_VALLUVAR_KOTTAM,VALLUVAR KOTTAM,MTC,MTC_OFFICIAL,MTC_OFFICIAL_STAGES_20260918
MTC_STAGE_1458_VANAGARAM,VANAGARAM,MTC,MTC_OFFICIAL,MTC_OFFICIAL_STAGES_20260918
MTC_STAGE_1459_VANDALUR_GATE,VANDALUR GATE,MTC,MTC_OFFICIAL,MTC_OFFICIAL_STAGES_20260918
MTC_STAGE_1460_VANDALUR_ROAD_JN,VANDALUR ROAD.JN.,MTC,MTC_OFFICIAL,MTC_OFFICIAL_STAGES_20260918
MTC_STAGE_1461_VANDALUR_ZOO,VANDALUR ZOO,MTC,MTC_OFFICIAL,MTC_OFFICIAL_STAGES_20260918
MTC_STAGE_1462_VANIMAHAL,VANIMAHAL,MTC,MTC_OFFICIAL,MTC_OFFICIAL_STAGES_20260918
MTC_STAGE_1463_VANJIVANCHERY,VANJIVANCHERY,MTC,MTC_OFFICIAL,MTC_OFFICIAL_STAGES_20260918
MTC_STAGE_1464_VANUVAMBEDU,VANUVAMBEDU,MTC,MTC_OFFICIAL,MTC_OFFICIAL_STAGES_20260918
MTC_STAGE_1465_VANUVAMPET,VANUVAMPET,MTC,MTC_OFFICIAL,MTC_OFFICIAL_STAGES_20260918
MTC_STAGE_1466_VANUVAMPET_R_S,VANUVAMPET R.S.,MTC,MTC_OFFICIAL,MTC_OFFICIAL_STAGES_20260918
MTC_STAGE_1467_VARADARAJA_PURAM,VARADARAJA PURAM,MTC,MTC_OFFICIAL,MTC_OFFICIAL_STAGES_20260918
MTC_STAGE_1468_VARADHARAJA_THEATER,VARADHARAJA THEATER,MTC,MTC_OFFICIAL,MTC_OFFICIAL_STAGES_20260918
MTC_STAGE_1469_VARANAVASI,VARANAVASI,MTC,MTC_OFFICIAL,MTC_OFFICIAL_STAGES_20260918
MTC_STAGE_1470_VARATHARAJA_THEATER,VARATHARAJA THEATER,MTC,MTC_OFFICIAL,MTC_OFFICIAL_STAGES_20260918
MTC_STAGE_1471_VASANTHAM_NAGAR,VASANTHAM NAGAR,MTC,MTC_OFFICIAL,MTC_OFFICIAL_STAGES_20260918
MTC_STAGE_1472_VASANTHI_AMMAN_KOIL,VASANTHI AMMAN KOIL,MTC,MTC_OFFICIAL,MTC_OFFICIAL_STAGES_20260918
MTC_STAGE_1473_VATTAMBAKKAM,VATTAMBAKKAM,MTC,MTC_OFFICIAL,MTC_OFFICIAL_STAGES_20260918
MTC_STAGE_1474_VATTAMBAKKAM_RD_JN,VATTAMBAKKAM RD JN,MTC,MTC_OFFICIAL,MTC_OFFICIAL_STAGES_20260918
MTC_STAGE_1475_VAYALUR,VAYALUR,MTC,MTC_OFFICIAL,MTC_OFFICIAL_STAGES_20260918
MTC_STAGE_1476_VAYALUR_CROSS_ROAD,VAYALUR CROSS ROAD,MTC,MTC_OFFICIAL,MTC_OFFICIAL_STAGES_20260918
MTC_STAGE_1477_VAZHATHALAMBEDU,VAZHATHALAMBEDU,MTC,MTC_OFFICIAL,MTC_OFFICIAL_STAGES_20260918
MTC_STAGE_1478_VAZHUTHALAMBEDU,VAZHUTHALAMBEDU,MTC,MTC_OFFICIAL,MTC_OFFICIAL_STAGES_20260918
MTC_STAGE_1479_VAZHUTHALAMBEDU_RD__,VAZHUTHALAMBEDU RD. JN,MTC,MTC_OFFICIAL,MTC_OFFICIAL_STAGES_20260918
MTC_STAGE_1480_VAZHUTHIGAIMEDU,VAZHUTHIGAIMEDU,MTC,MTC_OFFICIAL,MTC_OFFICIAL_STAGES_20260918
MTC_STAGE_1481_VEENUS,VEENUS,MTC,MTC_OFFICIAL,MTC_OFFICIAL_STAGES_20260918
MTC_STAGE_1482_VEERABADRA_NAGAR,VEERABADRA NAGAR,MTC,MTC_OFFICIAL,MTC_OFFICIAL_STAGES_20260918
MTC_STAGE_1483_VEERAPURAM,VEERAPURAM,MTC,MTC_OFFICIAL,MTC_OFFICIAL_STAGES_20260918
MTC_STAGE_1484_VEERAPURAM_RD_JN,VEERAPURAM RD JN.,MTC,MTC_OFFICIAL,MTC_OFFICIAL_STAGES_20260918
MTC_STAGE_1485_VELACHERY,VELACHERY,MTC,MTC_OFFICIAL,MTC_OFFICIAL_STAGES_20260918
MTC_STAGE_1486_VELACHERY_B_T,VELACHERY B.T,MTC,MTC_OFFICIAL,MTC_OFFICIAL_STAGES_20260918
MTC_STAGE_1487_VELACHERY_MRTS,VELACHERY MRTS,MTC,MTC_OFFICIAL,MTC_OFFICIAL_STAGES_20260918
MTC_STAGE_1488_VELACHERY_R_S,VELACHERY R.S.,MTC,MTC_OFFICIAL,MTC_OFFICIAL_STAGES_20260918
MTC_STAGE_1489_VELACHERY_VIJAYA_NAG,VELACHERY VIJAYA NAGAR,MTC,MTC_OFFICIAL,MTC_OFFICIAL_STAGES_20260918
MTC_STAGE_1490_VELANGADUPAKKAM,VELANGADUPAKKAM,MTC,MTC_OFFICIAL,MTC_OFFICIAL_STAGES_20260918
MTC_STAGE_1491_VELAPPANCHAVADI,VELAPPANCHAVADI,MTC,MTC_OFFICIAL,MTC_OFFICIAL_STAGES_20260918
MTC_STAGE_1492_VELLAI_KULAM_AMBEDKA,VELLAI KULAM AMBEDKAR STATUJN,MTC,MTC_OFFICIAL,MTC_OFFICIAL_STAGES_20260918
MTC_STAGE_1493_VELLAIKAL,VELLAIKAL,MTC,MTC_OFFICIAL,MTC_OFFICIAL_STAGES_20260918
MTC_STAGE_1494_VELLAKULAM_JN,VELLAKULAM JN.,MTC,MTC_OFFICIAL,MTC_OFFICIAL_STAGES_20260918
MTC_STAGE_1495_VELLAVEDU,VELLAVEDU,MTC,MTC_OFFICIAL,MTC_OFFICIAL_STAGES_20260918
MTC_STAGE_1496_VELLERITHANGAL,VELLERITHANGAL,MTC,MTC_OFFICIAL,MTC_OFFICIAL_STAGES_20260918
MTC_STAGE_1497_VELS_UNIVERSITY,VELS UNIVERSITY,MTC,MTC_OFFICIAL,MTC_OFFICIAL_STAGES_20260918
MTC_STAGE_1498_VEMBAKKAM,VEMBAKKAM,MTC,MTC_OFFICIAL,MTC_OFFICIAL_STAGES_20260918
MTC_STAGE_1499_VEMBEDU,VEMBEDU,MTC,MTC_OFFICIAL,MTC_OFFICIAL_STAGES_20260918
MTC_STAGE_1500_VENBAKKAM,VENBAKKAM,MTC,MTC_OFFICIAL,MTC_OFFICIAL_STAGES_20260918
MTC_STAGE_1501_VENGADU_ROAD_JN,VENGADU ROAD JN,MTC,MTC_OFFICIAL,MTC_OFFICIAL_STAGES_20260918
MTC_STAGE_1502_VENGAIVASAL_P_H_CENT,VENGAIVASAL P.H.CENTRE,MTC,MTC_OFFICIAL,MTC_OFFICIAL_STAGES_20260918
MTC_STAGE_1503_VENGAIVASAL_RD_JN,VENGAIVASAL RD JN,MTC,MTC_OFFICIAL,MTC_OFFICIAL_STAGES_20260918
MTC_STAGE_1504_VENGAIVASAL_RD_JN,VENGAIVASAL RD.JN.,MTC,MTC_OFFICIAL,MTC_OFFICIAL_STAGES_20260918
MTC_STAGE_1505_VENGAL,VENGAL,MTC,MTC_OFFICIAL,MTC_OFFICIAL_STAGES_20260918
MTC_STAGE_1506_VENGAL_CROSS_ROAD,VENGAL CROSS ROAD,MTC,MTC_OFFICIAL,MTC_OFFICIAL_STAGES_20260918
MTC_STAGE_1507_VENGALKUPPAM,VENGALKUPPAM,MTC,MTC_OFFICIAL,MTC_OFFICIAL_STAGES_20260918
MTC_STAGE_1508_VENGAMBAKKAM,VENGAMBAKKAM,MTC,MTC_OFFICIAL,MTC_OFFICIAL_STAGES_20260918
MTC_STAGE_1509_VENGAMBAKKAM___V_RD_,VENGAMBAKKAM / V.RD JN,MTC,MTC_OFFICIAL,MTC_OFFICIAL_STAGES_20260918
MTC_STAGE_1510_VENGAMBAKKAM_RD_JN,VENGAMBAKKAM RD JN.,MTC,MTC_OFFICIAL,MTC_OFFICIAL_STAGES_20260918
MTC_STAGE_1511_VENGAMBAKKAM_RD_JN,VENGAMBAKKAM RD.JN,MTC,MTC_OFFICIAL,MTC_OFFICIAL_STAGES_20260918
MTC_STAGE_1512_VENGATAPURAM,VENGATAPURAM,MTC,MTC_OFFICIAL,MTC_OFFICIAL_STAGES_20260918
MTC_STAGE_1513_VENGATHUR,VENGATHUR,MTC,MTC_OFFICIAL,MTC_OFFICIAL_STAGES_20260918
MTC_STAGE_1514_VENGATHUR_JN,VENGATHUR Jn.,MTC,MTC_OFFICIAL,MTC_OFFICIAL_STAGES_20260918
MTC_STAGE_1515_VENGOOR_JUNCTION,VENGOOR JUNCTION,MTC,MTC_OFFICIAL,MTC_OFFICIAL_STAGES_20260918
MTC_STAGE_1516_VENKADAMANGALAM,VENKADAMANGALAM,MTC,MTC_OFFICIAL,MTC_OFFICIAL_STAGES_20260918
MTC_STAGE_1517_VENKADU,VENKADU,MTC,MTC_OFFICIAL,MTC_OFFICIAL_STAGES_20260918
MTC_STAGE_1518_VENKAMBAKKAM,VENKAMBAKKAM,MTC,MTC_OFFICIAL,MTC_OFFICIAL_STAGES_20260918
MTC_STAGE_1519_VENKAMPAKKAM_VILLAGE,VENKAMPAKKAM VILLAGE,MTC,MTC_OFFICIAL,MTC_OFFICIAL_STAGES_20260918
MTC_STAGE_1520_VENKATACHALAM_NAGAR,VENKATACHALAM NAGAR,MTC,MTC_OFFICIAL,MTC_OFFICIAL_STAGES_20260918
MTC_STAGE_1521_VENKATAMANGALAM,VENKATAMANGALAM,MTC,MTC_OFFICIAL,MTC_OFFICIAL_STAGES_20260918
MTC_STAGE_1522_VENKATAPURAM,VENKATAPURAM,MTC,MTC_OFFICIAL,MTC_OFFICIAL_STAGES_20260918
MTC_STAGE_1523_VENKATESAPERUMAL_KOI,VENKATESAPERUMAL KOIL,MTC,MTC_OFFICIAL,MTC_OFFICIAL_STAGES_20260918
MTC_STAGE_1524_VENKATESAPURAM,VENKATESAPURAM,MTC,MTC_OFFICIAL,MTC_OFFICIAL_STAGES_20260918
MTC_STAGE_1525_VENKATHAKULAM,VENKATHAKULAM,MTC,MTC_OFFICIAL,MTC_OFFICIAL_STAGES_20260918
MTC_STAGE_1526_VENKATHUR,VENKATHUR,MTC,MTC_OFFICIAL,MTC_OFFICIAL_STAGES_20260918
MTC_STAGE_1527_VENUS,VENUS,MTC,MTC_OFFICIAL,MTC_OFFICIAL_STAGES_20260918
MTC_STAGE_1528_VEPPAMPATTU_E_WARAN_,VEPPAMPATTU E.WARAN NAGAR,MTC,MTC_OFFICIAL,MTC_OFFICIAL_STAGES_20260918
MTC_STAGE_1529_VEPPAMPATTU_R_S,VEPPAMPATTU R.S.,MTC,MTC_OFFICIAL,MTC_OFFICIAL_STAGES_20260918
MTC_STAGE_1530_VEPPATHUR,VEPPATHUR,MTC,MTC_OFFICIAL,MTC_OFFICIAL_STAGES_20260918
MTC_STAGE_1531_VEPPUMPATTU_PULIYAMA,VEPPUMPATTU PULIYAMARAM,MTC,MTC_OFFICIAL,MTC_OFFICIAL_STAGES_20260918
MTC_STAGE_1532_VERKADU,VERKADU,MTC,MTC_OFFICIAL,MTC_OFFICIAL_STAGES_20260918
MTC_STAGE_1533_VETERINARY_HOSPITAL,VETERINARY HOSPITAL,MTC,MTC_OFFICIAL,MTC_OFFICIAL_STAGES_20260918
MTC_STAGE_1534_VETTUVANKENI,VETTUVANKENI,MTC,MTC_OFFICIAL,MTC_OFFICIAL_STAGES_20260918
MTC_STAGE_1535_VIASHNAVA_COLLEGE,VIASHNAVA COLLEGE,MTC,MTC_OFFICIAL,MTC_OFFICIAL_STAGES_20260918
MTC_STAGE_1536_VICHOOR,VICHOOR,MTC,MTC_OFFICIAL,MTC_OFFICIAL_STAGES_20260918
MTC_STAGE_1537_VICHOOR_ECHAKUZHI,VICHOOR ECHAKUZHI,MTC,MTC_OFFICIAL,MTC_OFFICIAL_STAGES_20260918
MTC_STAGE_1538_VICTORIA_TEACHERS_CO,VICTORIA TEACHERS COLONY,MTC,MTC_OFFICIAL,MTC_OFFICIAL_STAGES_20260918
MTC_STAGE_1539_VIDYODAYA,VIDYODAYA,MTC,MTC_OFFICIAL,MTC_OFFICIAL_STAGES_20260918
MTC_STAGE_1540_VIJAYA_NAGAR,VIJAYA NAGAR,MTC,MTC_OFFICIAL,MTC_OFFICIAL_STAGES_20260918
MTC_STAGE_1541_VIJAYALAKSHMI_APARTM,VIJAYALAKSHMI APARTMENTS,MTC,MTC_OFFICIAL,MTC_OFFICIAL_STAGES_20260918
MTC_STAGE_1542_VILAMBAKKAM,VILAMBAKKAM,MTC,MTC_OFFICIAL,MTC_OFFICIAL_STAGES_20260918
MTC_STAGE_1543_VILINJAMBAKKAM_AMMAN,VILINJAMBAKKAM AMMAN KOIL,MTC,MTC_OFFICIAL,MTC_OFFICIAL_STAGES_20260918
MTC_STAGE_1544_VILLIVAKKAM,VILLIVAKKAM,MTC,MTC_OFFICIAL,MTC_OFFICIAL_STAGES_20260918
MTC_STAGE_1545_VINAYAGAPURAM,VINAYAGAPURAM,MTC,MTC_OFFICIAL,MTC_OFFICIAL_STAGES_20260918
MTC_STAGE_1546_VINAYAGAR_KOIL,VINAYAGAR KOIL,MTC,MTC_OFFICIAL,MTC_OFFICIAL_STAGES_20260918
MTC_STAGE_1547_VIRUGAMBAKKAM,VIRUGAMBAKKAM,MTC,MTC_OFFICIAL,MTC_OFFICIAL_STAGES_20260918
MTC_STAGE_1548_VIRUGAMBAKKAM_MARKET,VIRUGAMBAKKAM MARKET,MTC,MTC_OFFICIAL,MTC_OFFICIAL_STAGES_20260918
MTC_STAGE_1549_VISHNUVAKKAM,VISHNUVAKKAM,MTC,MTC_OFFICIAL,MTC_OFFICIAL_STAGES_20260918
MTC_STAGE_1550_VIVEK__AMP__CO__KRIS,VIVEK &amp; CO (KRISHNAN KOIL),MTC,MTC_OFFICIAL,MTC_OFFICIAL_STAGES_20260918
MTC_STAGE_1551_VIVEKANANDA_HOUSE,VIVEKANANDA HOUSE,MTC,MTC_OFFICIAL,MTC_OFFICIAL_STAGES_20260918
MTC_STAGE_1552_VIVEKANANDA_NAGAR,VIVEKANANDA NAGAR,MTC,MTC_OFFICIAL,MTC_OFFICIAL_STAGES_20260918
MTC_STAGE_1553_VYASARPADI,VYASARPADI,MTC,MTC_OFFICIAL,MTC_OFFICIAL_STAGES_20260918
MTC_STAGE_1554_VYASARPADI_SATHYAMUR,VYASARPADI/SATHYAMURTHY NGR,MTC,MTC_OFFICIAL,MTC_OFFICIAL_STAGES_20260918
MTC_STAGE_1555_WALAJABAD,WALAJABAD,MTC,MTC_OFFICIAL,MTC_OFFICIAL_STAGES_20260918
MTC_STAGE_1556_WAR_MEMORIAL,WAR MEMORIAL,MTC,MTC_OFFICIAL,MTC_OFFICIAL_STAGES_20260918
MTC_STAGE_1557_WATER_PIPE_THATHANKU,WATER PIPE THATHANKUPPAM,MTC,MTC_OFFICIAL,MTC_OFFICIAL_STAGES_20260918
MTC_STAGE_1558_WATER_SUPPLY_HEAD_WO,WATER SUPPLY HEAD WORK,MTC,MTC_OFFICIAL,MTC_OFFICIAL_STAGES_20260918
MTC_STAGE_1559_WEELS_INDIA_RD_JN,WEELS INDIA RD.JN.,MTC,MTC_OFFICIAL,MTC_OFFICIAL_STAGES_20260918
MTC_STAGE_1560_WESLEY_H_S,WESLEY H.S,MTC,MTC_OFFICIAL,MTC_OFFICIAL_STAGES_20260918
MTC_STAGE_1561_WHEELS_INDIA_RD_JN,WHEELS INDIA RD.JN,MTC,MTC_OFFICIAL,MTC_OFFICIAL_STAGES_20260918
MTC_STAGE_1562_WOMEN_S_POLYTECHNIC,WOMEN'S POLYTECHNIC,MTC,MTC_OFFICIAL,MTC_OFFICIAL_STAGES_20260918
MTC_STAGE_1563_Y_M_I_A,Y.M.I.A,MTC,MTC_OFFICIAL,MTC_OFFICIAL_STAGES_20260918
