language,id,query,response_changed,baseline_category,verified_category,issue_type,notes
hindi,HI200_001,सैदापेट से नंदनम तक मेट्रो पकड़कर पहुँचने का रास्ता समझा दीजिए।,False,safe_limitation,safe_limitation,matched_source_limitation;counterfactual_endpoint_role_error,"Correct metro-route topology refusal. Returned origin=METRO_NANDANAM is the supplied destination, with no Saidapet origin; this is a masked endpoint-role error, not a completed journey. Evidence: status=unavailable; intent=point_to_point_route; operation=PLAN_ROUTE; clarification_reason=None; slots={""origin"": ""METRO_NANDANAM"", ""transport_mode"": ""metro""}."
hindi,HI200_002,"ब्रॉडवे से अडयार बस में जाना है; कहाँ चढ़ूँ, कहाँ उतरूँ?",False,recognition_failure,recognition_failure,wrong_intent_family,Single bus journey is classified multimodal and refused for missing cross-mode graph. The safe refusal is for the wrong requested family. Evidence: status=unavailable; intent=multimodal_route; operation=PLAN_MULTIMODAL_ROUTE; clarification_reason=None; slots={}.
hindi,HI200_003,चेन्नई बीच से तिरुवान्मियूर एमआरटीएस लेकर कैसे पहुँचूँ?,False,safe_limitation,safe_limitation,matched_source_limitation,"Correct MRTS point-to-point topology limitation, without invented route. Unreturned endpoints do not prove extraction failure under terminal preflight. Evidence: status=unavailable; intent=point_to_point_route; operation=PLAN_ROUTE; clarification_reason=None; slots={""transport_mode"": ""mrts""}."
hindi,HI200_004,"गिंडी से चेन्नई हवाई अड्डे तक मेट्रो वाला रास्ता बताइए, जल्दी में हूँ।",False,recognition_failure,recognition_failure,wrong_intent_family,Explicit metro-only journey becomes multimodal; missing cross-mode graph does not answer the requested metro route. Evidence: status=unavailable; intent=multimodal_route; operation=PLAN_MULTIMODAL_ROUTE; clarification_reason=None; slots={}.
hindi,HI200_005,अन्ना नगर से कोयम्बेडु जाने का सीधा बस मार्ग चाहिए।,False,legitimate_clarification,legitimate_clarification,genuine_physical_bus_stop_ambiguity,"Anna Nagar/Koyambedu bus references can denote several physical stops; the reply retains bus and direct_only and asks which physical location is meant, providing candidates. Evidence: status=clarification; intent=point_to_point_route; operation=None; clarification_reason=entity_ambiguity; slots={""preference"": ""direct_only"", ""transport_mode"": ""bus""}."
hindi,HI200_006,ताम्बरम से चेन्नई बीच उपनगरीय रेल में सफर कैसे करूँ?,True,recognition_failure,safe_limitation,mode_consistent_source_limit,Explicit suburban mode now survives. Correct journey family refuses absent topology; endpoints remain unverified under terminal source preflight.
hindi,HI200_007,"एग्मोर से वडपलनी पहुँचने की राह बता दो, भैया।",False,recognition_failure,recognition_failure,supplied_native_destination_unrecognized,"Egmore origin is retained, but supplied Vadapalani destination is lost and requested again. Evidence: status=clarification; intent=point_to_point_route; operation=PLAN_ROUTE; clarification_reason=missing_slot; slots={""origin"": ""HUB_CHENNAI_EGMORE""}."
hindi,HI200_008,मुझे मेट्रो से आलंदूर पहुँचना है।,False,safe_limitation,safe_limitation,matched_source_limitation;counterfactual_endpoint_role_error,"Correct terminal metro topology refusal is safe even with missing journey origin. Returned origin=METRO_ARIGNAR_ANNA_ALANDUR misuses the supplied destination; no route was executed. Evidence: status=unavailable; intent=point_to_point_route; operation=PLAN_ROUTE; clarification_reason=None; slots={""origin"": ""METRO_ARIGNAR_ANNA_ALANDUR"", ""transport_mode"": ""metro""}."
hindi,HI200_009,मेट्रो में गिंडी से निकलूँगा; आगे कैसे जाऊँ?,False,recognition_failure,recognition_failure,wrong_intent_family,Metro-only incomplete journey is mislabeled multimodal; cross-mode refusal is not a missing-destination clarification or the correct source limitation. Evidence: status=unavailable; intent=multimodal_route; operation=PLAN_MULTIMODAL_ROUTE; clarification_reason=None; slots={}.
hindi,HI200_010,ब्रॉडवे से मरीना बीच तक कम से कम खर्च वाले सार्वजनिक रास्ते की जानकारी चाहिए।,False,recognition_failure,recognition_failure,cheapest_route_confused_with_fare,Request for cheapest public journey becomes fare_calculation; no cheapest-route preference retained. Subsequent entity clarification is in the wrong goal family. Evidence: status=clarification; intent=fare_calculation; operation=None; clarification_reason=entity_ambiguity; slots={}.
hindi,HI200_011,"सेंट्रल से हवाई अड्डा: मेट्रो से पहुँचने का मार्ग, कृपया!",False,safe_limitation,safe_limitation,matched_source_limitation,"Correct metro journey topology refusal. No fabricated journey or travel-time claim; this is not goal success. Evidence: status=unavailable; intent=point_to_point_route; operation=PLAN_ROUTE; clarification_reason=None; slots={""transport_mode"": ""metro""}."
hindi,HI200_012,"गिंडी से नंदनम मेट्रो से पहुँचने का रास्ता चाहिए, किराया नहीं पूछ रहा।",True,unsafe_or_wrong_answer,recognition_failure,negated_prediction_guarded,"Excluded fare no longer produces INR20. Positive route goal is explicit, but the unchanged classifier chooses fare and the guard asks intent again. Safer, still a recognition failure."
hindi,HI200_013,"ताम्बरम से अन्ना नगर तक पहले लोकल रेल, फिर मेट्रो लेकर पूरा सफर कैसे बनेगा?",False,safe_limitation,safe_limitation,matched_source_limitation,Correct multimodal family and explicit absence of a confirmed cross-mode graph; no invented rail/metro itinerary. Evidence: status=unavailable; intent=multimodal_route; operation=PLAN_MULTIMODAL_ROUTE; clarification_reason=None; slots={}.
hindi,HI200_014,"कोयम्बेडु से तिरुवान्मियूर जाना है, बस और मेट्रो मिलाकर रास्ता बनाइए।",False,safe_limitation,safe_limitation,matched_source_limitation,Correct bus-plus-metro planning refusal for missing confirmed graph; endpoints are not fabricated. Evidence: status=unavailable; intent=multimodal_route; operation=PLAN_MULTIMODAL_ROUTE; clarification_reason=None; slots={}.
hindi,HI200_015,अडयार से हवाई अड्डे के लिए बस से मेट्रो जोड़कर यात्रा सुझा दो।,False,safe_limitation,safe_limitation,matched_source_limitation,"Correct combined bus/metro itinerary limitation, rather than invented airport transfer routing. Evidence: status=unavailable; intent=multimodal_route; operation=PLAN_MULTIMODAL_ROUTE; clarification_reason=None; slots={}."
hindi,HI200_016,चेन्नई बीच से वडपलनी रेल बदलकर मेट्रो पकड़ूँ तो पूरा मार्ग क्या होगा?,False,recognition_failure,recognition_failure,multimodal_goal_collapsed_to_single_mode,"Full rail-then-metro journey is classified point_to_point_route with metro only, so its source refusal is for a narrower goal. Evidence: status=unavailable; intent=point_to_point_route; operation=PLAN_ROUTE; clarification_reason=None; slots={""transport_mode"": ""metro""}."
hindi,HI200_017,पेरम्बूर से गिंडी तक लोकल ट्रेन और बस दोनों का उपयोग करके पहुँचाना है।,False,safe_limitation,safe_limitation,matched_source_limitation,Correct combined local train/bus itinerary refusal due to absent cross-mode graph. Evidence: status=unavailable; intent=multimodal_route; operation=PLAN_MULTIMODAL_ROUTE; clarification_reason=None; slots={}.
hindi,HI200_018,मरीना बीच से कोयम्बेडु तक एमआरटीएस और बस की जोड़ वाली यात्रा बताइए।,False,safe_limitation,safe_limitation,matched_source_limitation,Correct MRTS-plus-bus journey family and missing cross-mode graph refusal. Evidence: status=unavailable; intent=multimodal_route; operation=PLAN_MULTIMODAL_ROUTE; clarification_reason=None; slots={}.
hindi,HI200_019,ब्रॉडवे से शोलिंगनल्लूर तक बस-मेट्रो-बस में कहाँ-कहाँ बदलूँ?,False,safe_limitation,safe_limitation,matched_source_limitation,Correct three-leg bus/metro/bus itinerary goal; no unverified transfer points are supplied. Evidence: status=unavailable; intent=multimodal_route; operation=PLAN_MULTIMODAL_ROUTE; clarification_reason=None; slots={}.
hindi,HI200_020,गिंडी से चेन्नई बीच तक बस के बाद उपनगरीय रेल वाली योजना चाहिए।,False,safe_limitation,safe_limitation,matched_source_limitation,Correct ordered bus/suburban-rail itinerary family and explicit graph limitation. Evidence: status=unavailable; intent=multimodal_route; operation=PLAN_MULTIMODAL_ROUTE; clarification_reason=None; slots={}.
hindi,HI200_021,सेंट्रल से आईआईटी मद्रास तक मेट्रो और बस जोड़कर पूरा रास्ता समझाओ।,False,safe_limitation,safe_limitation,matched_source_limitation,"Correct metro-plus-bus journey to IIT Madras is refused for absent confirmed graph, without inventing landmark routing. Evidence: status=unavailable; intent=multimodal_route; operation=PLAN_MULTIMODAL_ROUTE; clarification_reason=None; slots={}."
hindi,HI200_022,अन्ना नगर से ताम्बरम पहुँचने में मेट्रो के साथ लोकल ट्रेन भी जोड़ सकते हैं; यात्रा बनाइए।,False,safe_limitation,safe_limitation,matched_source_limitation,Correct combined metro/local-train planning family; source limitation is explicit. Evidence: status=unavailable; intent=multimodal_route; operation=PLAN_MULTIMODAL_ROUTE; clarification_reason=None; slots={}.
hindi,HI200_023,"बस और मेट्रो मिलाकर गिंडी पहुँचना है, रास्ता कहाँ से शुरू करूँ यह अभी नहीं बताया।",False,safe_limitation,safe_limitation,matched_source_limitation_with_incomplete_context,"Missing origin is real, but terminal graph absence independently prevents any multimodal plan. Correct source refusal is safe, without inventing origin. Evidence: status=unavailable; intent=multimodal_route; operation=PLAN_MULTIMODAL_ROUTE; clarification_reason=None; slots={}."
hindi,HI200_024,कोयम्बेडु से एमआरटीएस जोड़कर बस में आगे जाना है; अभी मंजिल तय नहीं है।,False,recognition_failure,recognition_failure,wrong_intent_family,Incomplete full mixed-mode itinerary becomes interchange_transfer. A station-interchange source refusal is not the intended planning limitation or missing-destination prompt. Evidence: status=unavailable; intent=interchange_transfer; operation=GET_INTERCHANGE_DETAILS; clarification_reason=None; slots={}.
hindi,HI200_025,बस रूट २१जी के शुरू से आखिर तक सारे पड़ाव क्रम में लिखिए।,False,safe_limitation,safe_limitation,partial_published_route_coverage,"Preserves route21G and bus, and returns ordered published sequences. Explicit partial topology excludes route variants/links, so a complete start-to-end list is not established. Evidence: status=ok; intent=route_stop_sequence; operation=LIST_ROUTE_STOPS; clarification_reason=None; slots={""route_number"": ""21G"", ""transport_mode"": ""bus""}."
hindi,HI200_026,१०२ए बस किन-किन ठहरावों से होकर निकलती है? पूरी सूची चाहिए।,False,goal_correct,goal_correct,published_structured_stop_sequence,"Preserves 102A bus suffix and supplies both published ordered stop variants (34/36 stops) in API data with no coverage gaps. Text previews first8 stops; full data supports the sequence goal with provisional-source qualification. Evidence: status=ok; intent=route_stop_sequence; operation=LIST_ROUTE_STOPS; clarification_reason=None; slots={""route_number"": ""102A"", ""transport_mode"": ""bus""}."
hindi,HI200_027,रूट ५७० में पहला पड़ाव कौन सा है और उसके बाद सारे पड़ाव किस क्रम में आते हैं?,False,safe_limitation,safe_limitation,partial_published_route_coverage,"Correct570 sequence family and route, with ordered variants. Explicit uncovered route IDs mean the full route list is source-limited, not fully achieved. Evidence: status=ok; intent=route_stop_sequence; operation=LIST_ROUTE_STOPS; clarification_reason=None; slots={""route_number"": ""570""}."
hindi,HI200_028,नीली लाइन के स्टेशनों का सिलसिला बताइए।,False,recognition_failure,recognition_failure,supplied_native_line_unrecognized,"नीली लाइन is explicitly supplied, but no line_name is extracted and route/line is asked again. Evidence: status=clarification; intent=route_stop_sequence; operation=LIST_ROUTE_STOPS; clarification_reason=missing_slot; slots={}."
hindi,HI200_029,"हरी मेट्रो लाइन पर एक स्टेशन के बाद कौन सा स्टेशन पड़ता है, पूरा क्रम बताओ।",False,safe_limitation,safe_limitation,matched_source_limitation,"Correct metro stop-sequence topology refusal. Missing returned Green Line slot is not scored as a failure under terminal source preflight. Evidence: status=unavailable; intent=route_stop_sequence; operation=LIST_ROUTE_STOPS; clarification_reason=None; slots={""transport_mode"": ""metro""}."
hindi,HI200_030,बस नंबर २७डी के रास्ते के सभी स्टॉप दिखाइए; सिर्फ आखिरी स्टॉप नहीं।,False,goal_correct,goal_correct,published_structured_stop_sequence,"Correct27D bus sequence despite negated last-stop phrase; API data contains all published ordered variants with no coverage gaps. Text renders the first variant, while complete variants remain in structured data. Evidence: status=ok; intent=route_stop_sequence; operation=LIST_ROUTE_STOPS; clarification_reason=None; slots={""route_number"": ""27D"", ""transport_mode"": ""bus""}."
hindi,HI200_031,"मुझे १०२ के पड़ावों की सूची चाहिए, १०२ए की नहीं।",False,recognition_failure,recognition_failure,supplied_route_and_negation_unrecognized,Positive route102 and explicitly excluded102A yield no route slot and a request for route/line again; the supplied positive scope was not retained. Evidence: status=clarification; intent=route_stop_sequence; operation=LIST_ROUTE_STOPS; clarification_reason=missing_slot; slots={}.
hindi,HI200_032,"रूट ४७ए — रुकने की जगहें एक-एक करके, कृपया।",False,goal_correct,goal_correct,published_structured_stop_sequence,"Correct47A suffix and ordered published variants (8/10/7/10 stops), with no reported topology gaps. Structured data supplies the stop-order goal. Evidence: status=ok; intent=route_stop_sequence; operation=LIST_ROUTE_STOPS; clarification_reason=None; slots={""route_number"": ""47A""}."
hindi,HI200_033,एमआरटीएस लाइन के सभी स्टेशन यात्रा के क्रम में बता सकते हो?,False,safe_limitation,safe_limitation,matched_source_limitation,"Correct MRTS sequence family and honest lack of mode-consistent topology; no false station list. Evidence: status=unavailable; intent=route_stop_sequence; operation=LIST_ROUTE_STOPS; clarification_reason=None; slots={""transport_mode"": ""mrts""}."
hindi,HI200_034,इस बस के पूरे रास्ते के पड़ाव बता दो।,False,legitimate_clarification,legitimate_clarification,genuine_missing_route,"This bus has no identified route or line. Asking for route/line is necessary and preserves bus mode. Evidence: status=clarification; intent=route_stop_sequence; operation=LIST_ROUTE_STOPS; clarification_reason=missing_slot; slots={""transport_mode"": ""bus""}."
hindi,HI200_035,बस रूट २१ जी कहाँ-कहाँ रुकता है? सूची बनाओ।,False,safe_limitation,safe_limitation,partial_published_route_coverage,"Spaced Devanagari21 जी is correctly normalized21G, but explicit omitted route variants/links prevent a complete sequence guarantee. Evidence: status=ok; intent=route_stop_sequence; operation=LIST_ROUTE_STOPS; clarification_reason=None; slots={""route_number"": ""21G"", ""transport_mode"": ""bus""}."
hindi,HI200_036,१०२के# बस के हर पड़ाव का क्रम देखना है।,False,recognition_failure,recognition_failure,supplied_route_suffix_unrecognized,"Full102K# route is supplied, yet route slot is empty and assistant requests a supported route suffix again; preservation/normalization failed before source lookup. Evidence: status=clarification; intent=route_stop_sequence; operation=LIST_ROUTE_STOPS; clarification_reason=missing_slot; slots={""transport_mode"": ""bus""}."
hindi,HI200_037,क्या २१जी बस सैदापेट के स्टॉप पर ठहरती है?,False,recognition_failure,recognition_failure,supplied_native_stop_unrecognized,"Preserves21G bus but asks the stop to check despite the explicit Saidapet stop. Evidence: status=clarification; intent=route_stop_membership; operation=CHECK_STOP_ON_ROUTE; clarification_reason=missing_slot; slots={""route_number"": ""21G"", ""transport_mode"": ""bus""}."
hindi,HI200_038,१०२ए में अडयार वाला पड़ाव शामिल है या नहीं?,False,recognition_failure,recognition_failure,supplied_native_route_and_stop_unrecognized,Supplied102A and Adyar membership request produce neither slot and both are requested again. Evidence: status=clarification; intent=route_stop_membership; operation=CHECK_STOP_ON_ROUTE; clarification_reason=missing_slot; slots={}.
hindi,HI200_039,गिंडी मेट्रो स्टेशन नीली लाइन में आता है क्या?,False,safe_limitation,safe_limitation,matched_source_limitation,"Correct metro membership family and Guindy stop, safely refused because metro topology is absent. Unreturned Blue Line is not proof of extraction failure under terminal preflight. Evidence: status=unavailable; intent=route_stop_membership; operation=CHECK_STOP_ON_ROUTE; clarification_reason=None; slots={""stop"": ""METRO_GUINDY"", ""transport_mode"": ""metro""}."
hindi,HI200_040,एग्मोर हरी लाइन का स्टेशन है? सिर्फ हाँ या नहीं की पुष्टि चाहिए।,False,recognition_failure,recognition_failure,membership_confused_with_sequence,Egmore membership of Green Line becomes route_stop_sequence; asking for missing line also ignores the supplied native line. Evidence: status=clarification; intent=route_stop_sequence; operation=LIST_ROUTE_STOPS; clarification_reason=missing_slot; slots={}.
hindi,HI200_041,"बस ५७० से शोलिंगनल्लूर पर उतर सकते हैं, यह स्टॉप उस रूट पर है?",False,recognition_failure,recognition_failure,supplied_native_stop_unrecognized,"Preserves bus570 but loses supplied Sholinganallur stop and asks for it again. Evidence: status=clarification; intent=route_stop_membership; operation=CHECK_STOP_ON_ROUTE; clarification_reason=missing_slot; slots={""route_number"": ""570"", ""transport_mode"": ""bus""}."
hindi,HI200_042,रूट २७डी वडपलनी में नहीं रुकता क्या?,False,recognition_failure,recognition_failure,supplied_native_stop_unrecognized,"Preserves27D but fails to retain Vadapalani and asks which stop, instead of evaluating the negative membership question. Evidence: status=clarification; intent=route_stop_membership; operation=CHECK_STOP_ON_ROUTE; clarification_reason=missing_slot; slots={""route_number"": ""27D""}."
hindi,HI200_043,तिरुवान्मियूर एमआरटीएस लाइन के स्टेशनों में गिना जाता है?,False,recognition_failure,recognition_failure,membership_confused_with_sequence,"Question whether Thiruvanmiyur belongs to MRTS becomes an MRTS stop-list refusal; correct source limits do not excuse wrong family. Evidence: status=unavailable; intent=route_stop_sequence; operation=LIST_ROUTE_STOPS; clarification_reason=None; slots={""transport_mode"": ""mrts""}."
hindi,HI200_044,१०२के# में कन्नगी नगर वाला ठहराव है या किसी दूसरी बस में?,False,recognition_failure,recognition_failure,wrong_intent_family_and_route_suffix,"Single102K# Kannagi Nagar membership becomes route_stop_sequence with no route preserved, then requests route again. Evidence: status=clarification; intent=route_stop_sequence; operation=LIST_ROUTE_STOPS; clarification_reason=missing_slot; slots={""transport_mode"": ""bus""}."
hindi,HI200_045,४७ए बस अन्ना नगर पर रुकती है; इसकी पुष्टि कर दो।,False,recognition_failure,recognition_failure,supplied_native_stop_unrecognized,"Preserves47A bus, but asks for the explicitly supplied Anna Nagar stop instead of checking membership. Evidence: status=clarification; intent=route_stop_membership; operation=CHECK_STOP_ON_ROUTE; clarification_reason=missing_slot; slots={""route_number"": ""47A"", ""transport_mode"": ""bus""}."
hindi,HI200_046,इस रूट में ताम्बरम वाला स्टॉप आता है क्या?,False,legitimate_clarification,legitimate_clarification,genuine_missing_route;secondary_supplied_stop_loss,"Route is genuinely unspecified, so route clarification is appropriate. Asking for stop as well unnecessarily loses the supplied Tambaram reference; no membership facts are asserted. Evidence: status=clarification; intent=route_stop_membership; operation=CHECK_STOP_ON_ROUTE; clarification_reason=missing_slot; slots={}."
hindi,HI200_047,२१जी पर यह जगह पड़ती है क्या?,False,legitimate_clarification,legitimate_clarification,genuine_missing_stop;secondary_supplied_route_loss,"The referent यह जगह is genuinely unspecified, so stop clarification is appropriate. The prompt also asks route although21G was supplied; note collateral route recognition loss. Evidence: status=clarification; intent=route_stop_membership; operation=CHECK_STOP_ON_ROUTE; clarification_reason=missing_slot; slots={}."
hindi,HI200_048,१०२ बस अडयार पर रुकती है? किराया नहीं चाहिए।,False,recognition_failure,recognition_failure,supplied_native_stop_unrecognized,"Correct membership family despite negated fare, but Adyar stop is supplied and requested again; no membership answer is produced. Evidence: status=clarification; intent=route_stop_membership; operation=CHECK_STOP_ON_ROUTE; clarification_reason=missing_slot; slots={""route_number"": ""102"", ""transport_mode"": ""bus""}."
hindi,HI200_049,गिंडी मेट्रो से दिन की सबसे पहली गाड़ी कब निकलती है?,False,safe_limitation,safe_limitation,matched_source_limitation,"Correct first-service metro goal, station and timing_type, with explicit absent metro timetable. Evidence: status=unavailable; intent=first_and_last_service; operation=GET_FIRST_LAST_SERVICE; clarification_reason=None; slots={""station"": ""METRO_GUINDY"", ""timing_type"": ""first"", ""transport_mode"": ""metro""}."
hindi,HI200_050,वडपलनी मेट्रो की आखिरी रात वाली सेवा कितने बजे छूटती है?,False,safe_limitation,safe_limitation,matched_source_limitation,"Correct last-service metro goal and last timing, with absent metro timetable; no live or invented departure time. Evidence: status=unavailable; intent=first_and_last_service; operation=GET_FIRST_LAST_SERVICE; clarification_reason=None; slots={""timing_type"": ""last"", ""transport_mode"": ""metro""}."
hindi,HI200_051,ताम्बरम से चेन्नई बीच जाने वाली लोकल रेल का पहला फेरा बताइए।,True,recognition_failure,safe_limitation,mode_consistent_source_limit,Local rail phrase now retains suburban mode and first-service timing; false कल is gone. Published suburban schedules are absent; station recognition is bypassed/unverified.
hindi,HI200_052,ब्रॉडवे से २१जी बस की अंतिम रवाना होने की घड़ी क्या है?,False,recognition_failure,recognition_failure,false_multiple_scope_guard,"One21G last departure from Broadway is treated as multiple execution scopes. No actual second goal, route, or time is requested. Evidence: status=clarification; intent=first_and_last_service; operation=None; clarification_reason=multiple_goals; slots={}."
hindi,HI200_053,सेंट्रल मेट्रो पर पहली और आखिरी ट्रेन का समय एक साथ चाहिए।,False,safe_limitation,safe_limitation,matched_source_limitation;counterfactual_mode_inconsistent_station,"Correct metro first-and-last goal and source refusal. Returned station=RAIL_CHENNAI_CENTRAL contradicts explicit metro qualification; masked by absent metro schedules. Evidence: status=unavailable; intent=first_and_last_service; operation=GET_FIRST_LAST_SERVICE; clarification_reason=None; slots={""station"": ""RAIL_CHENNAI_CENTRAL"", ""transport_mode"": ""metro""}."
hindi,HI200_054,नीली लाइन की हवाई अड्डा मेट्रो से सुबह सबसे पहले निकलने वाली सेवा बताओ।,False,safe_limitation,safe_limitation,matched_source_limitation,"Correct metro first-service family and missing metro schedule refusal. Empty line/station/timing extraction is not penalized under terminal source limitation. Evidence: status=unavailable; intent=first_and_last_service; operation=GET_FIRST_LAST_SERVICE; clarification_reason=None; slots={""transport_mode"": ""metro""}."
hindi,HI200_055,"आलंदूर से अंतिम मेट्रो कब मिलती है, देर हो जाए तो जानना है।",False,recognition_failure,recognition_failure,false_multiple_scope_guard,Single Alandur last-metro question triggers multiple_goals; no additional independently requested scope exists. Evidence: status=clarification; intent=first_and_last_service; operation=None; clarification_reason=multiple_goals; slots={}.
hindi,HI200_056,चेन्नई बीच स्टेशन से एमआरटीएस की दिन की शुरुआती ट्रेन का वक्त चाहिए।,False,safe_limitation,safe_limitation,matched_source_limitation,"Correct first MRTS service family and explicit absence of mode-consistent schedule. Evidence: status=unavailable; intent=first_and_last_service; operation=GET_FIRST_LAST_SERVICE; clarification_reason=None; slots={""transport_mode"": ""mrts""}."
hindi,HI200_057,बस रूट ५७० का गिंडी से आखिरी फेरा किस समय छूटता है?,False,legitimate_clarification,legitimate_clarification,genuine_physical_bus_stop_ambiguity,"Guindy with bus570 can refer to multiple physical boarding stops. Route, bus, and last timing survive; physical-stop clarification with candidates avoids arbitrary scheduling. Evidence: status=clarification; intent=first_and_last_service; operation=None; clarification_reason=entity_ambiguity; slots={""route_number"": ""570"", ""timing_type"": ""last"", ""transport_mode"": ""bus""}."
hindi,HI200_058,पहली बस का समय बता दो।,False,legitimate_clarification,legitimate_clarification,genuine_missing_boarding_stop,"First bus time lacks boarding station/stop. Correct first_service family and useful stop clarification; no fabricated system-wide departure. Evidence: status=clarification; intent=first_and_last_service; operation=GET_FIRST_LAST_SERVICE; clarification_reason=missing_slot; slots={""timing_type"": ""first"", ""transport_mode"": ""bus""}."
hindi,HI200_059,ताम्बरम से रविवार की आखिरी उपनगरीय रेल कब रवाना होती है?,True,recognition_failure,safe_limitation,mode_consistent_source_limit,Suburban mode and last timing survive. No timetable is invented. Sunday/station extraction is not established by the source preflight.
hindi,HI200_060,"गिंडी मेट्रो की आखिरी ट्रेन बताइए, उसके आखिरी स्टेशन की सूची नहीं।",False,recognition_failure,recognition_failure,negated_sequence_controls_intent,"User asks last metro and excludes last-station list, but gets route_stop_sequence topology refusal instead of first_and_last_service. Evidence: status=unavailable; intent=route_stop_sequence; operation=LIST_ROUTE_STOPS; clarification_reason=None; slots={""transport_mode"": ""metro""}."
hindi,HI200_061,गिंडी मेट्रो पर नीली लाइन की दो गाड़ियों के बीच कितना अंतर रहता है?,False,safe_limitation,safe_limitation,matched_source_limitation,"Correct metro frequency family and Guindy station, with honest absence of metro published schedules. Evidence: status=unavailable; intent=service_frequency; operation=GET_SERVICE_FREQUENCY; clarification_reason=None; slots={""station"": ""METRO_GUINDY"", ""transport_mode"": ""metro""}."
hindi,HI200_062,ब्रॉडवे से २१जी बस कितनी-कितनी देर में मिलती है?,False,recognition_failure,recognition_failure,supplied_native_boarding_stop_unrecognized,"Bus21G is retained but Broadway is supplied and requested again as missing station/stop. Evidence: status=clarification; intent=service_frequency; operation=GET_SERVICE_FREQUENCY; clarification_reason=missing_slot; slots={""route_number"": ""21G"", ""transport_mode"": ""bus""}."
hindi,HI200_063,ताम्बरम से चेन्नई बीच की दक्षिण लाइन पर लोकल रेल कितनी नियमित आती है?,True,recognition_failure,recognition_failure,wrong_family_with_corrected_substring,"False कल and missing suburban mode are fixed, but frequency still becomes availability. Wrong-family source refusal remains failure."
hindi,HI200_064,हरी मेट्रो लाइन में एग्मोर से अगली गाड़ी के लिए आम तौर पर कितने मिनट रुकना पड़ता है?,False,safe_limitation,safe_limitation,matched_source_limitation,"Typical Green Line metro wait is correctly frequency, safely limited by absent metro schedules rather than asserted as live wait. Evidence: status=unavailable; intent=service_frequency; operation=GET_SERVICE_FREQUENCY; clarification_reason=None; slots={""transport_mode"": ""metro""}."
hindi,HI200_065,रूट ५७० की गिंडी से बसों का औसत अंतराल बताइए।,False,recognition_failure,recognition_failure,frequency_confused_with_departure,"Explicit average interval request for570 becomes scheduled_departure. Physical-stop ambiguity does not excuse wrong user-goal family. Evidence: status=clarification; intent=scheduled_departure; operation=None; clarification_reason=entity_ambiguity; slots={""route_number"": ""570"", ""transport_mode"": ""bus""}."
hindi,HI200_066,वडपलनी पर हरी लाइन की मेट्रो का फेरा कितनी देर बाद दोहराता है?,False,safe_limitation,safe_limitation,matched_source_limitation,"Correct Green Line metro frequency family and absent metro timetable limitation. Evidence: status=unavailable; intent=service_frequency; operation=GET_SERVICE_FREQUENCY; clarification_reason=None; slots={""transport_mode"": ""metro""}."
hindi,HI200_067,सैदापेट से २७डी बस का अंतराल क्या रहता है?,False,recognition_failure,recognition_failure,false_multiple_scope_guard,One Saidapet27D headway request is incorrectly treated as multiple scopes; no second goal/time is present. Evidence: status=clarification; intent=service_frequency; operation=None; clarification_reason=multiple_goals; slots={}.
hindi,HI200_068,चेन्नई बीच पर एमआरटीएस गाड़ियाँ एक घंटे में लगभग कितनी बार आती हैं?,False,safe_limitation,safe_limitation,matched_source_limitation,"Correct MRTS frequency family and source refusal; no guessed trips-per-hour figure. Evidence: status=unavailable; intent=service_frequency; operation=GET_SERVICE_FREQUENCY; clarification_reason=None; slots={""transport_mode"": ""mrts""}."
hindi,HI200_069,गिंडी मेट्रो की नीली लाइन सुबह के व्यस्त समय में कितनी देर-देर में चलती है?,False,safe_limitation,safe_limitation,matched_source_limitation,"Correct peak-period metro frequency family with absent published metro schedules; no guessed peak headway. Evidence: status=unavailable; intent=service_frequency; operation=GET_SERVICE_FREQUENCY; clarification_reason=None; slots={""station"": ""METRO_GUINDY"", ""transport_mode"": ""metro""}."
hindi,HI200_070,बसों के बीच कितना अंतर रहता है?,False,legitimate_clarification,legitimate_clarification,genuine_missing_route_and_stop,"Generic bus intervals lack route/line and boarding stop. Both requested execution facts are genuinely missing. Evidence: status=clarification; intent=service_frequency; operation=GET_SERVICE_FREQUENCY; clarification_reason=missing_slot; slots={""transport_mode"": ""bus""}."
hindi,HI200_071,नीली लाइन की मेट्रो कितनी-कितनी देर में आती है?,False,safe_limitation,safe_limitation,matched_source_limitation_with_incomplete_context,"Correct Blue Line metro frequency cannot execute even after supplying station because source timetable is absent. Terminal refusal is safe, without arbitrary estimate. Evidence: status=unavailable; intent=service_frequency; operation=GET_SERVICE_FREQUENCY; clarification_reason=None; slots={""transport_mode"": ""metro""}."
hindi,HI200_072,२१जी बस की ब्रॉडवे पर आवृत्ति चाहिए; पहली बस का समय मत बताना।,False,recognition_failure,recognition_failure,negated_first_service_controls_intent,"User asks21G frequency and says not first-bus time; reply chooses first_and_last_service and first timing. Evidence: status=clarification; intent=first_and_last_service; operation=GET_FIRST_LAST_SERVICE; clarification_reason=missing_slot; slots={""route_number"": ""21G"", ""timing_type"": ""first"", ""transport_mode"": ""bus""}."
hindi,HI200_073,गिंडी मेट्रो से सुबह ७:१५ के बाद रवाना होने वाली गाड़ियों की समय-सारणी दिखाओ।,False,safe_limitation,safe_limitation,matched_source_limitation,"Correct metro scheduled departures, Guindy, and normalized07:15 are preserved, with absent metro schedule limitation. Evidence: status=unavailable; intent=scheduled_departure; operation=GET_SCHEDULED_DEPARTURES; clarification_reason=None; slots={""station"": ""METRO_GUINDY"", ""time"": ""07:15:00"", ""transport_mode"": ""metro""}."
hindi,HI200_074,ब्रॉडवे से २१जी बस के शाम ६ बजे बाद के छूटने के समय लिखिए।,False,recognition_failure,recognition_failure,supplied_native_boarding_stop_unrecognized,"Preserves21G bus and18:00, but Broadway boarding stop is explicitly supplied and requested again. Evidence: status=clarification; intent=scheduled_departure; operation=GET_SCHEDULED_DEPARTURES; clarification_reason=missing_slot; slots={""route_number"": ""21G"", ""time"": ""18:00:00"", ""transport_mode"": ""bus""}."
hindi,HI200_075,ताम्बरम स्टेशन से चेन्नई बीच की लोकल रेल के निर्धारित प्रस्थान बताओ।,True,recognition_failure,safe_limitation,mode_consistent_source_limit,"Suburban mode retained, false कल removed; correct scheduled-departure family discloses absent published schedules."
hindi,HI200_076,एग्मोर मेट्रो की दोपहर २:३० के बाद वाली समय-सूची चाहिए।,True,safe_limitation,safe_limitation,source_limit_with_corrected_period,"दोपहर२:३० now yields14:30. Correct metro schedule source refusal remains source-limited, not a timetable answer."
hindi,HI200_077,चेन्नई बीच से एमआरटीएस की समय-सारणी कहाँ तक उपलब्ध है? रवाना होने के समय बताइए।,False,safe_limitation,safe_limitation,matched_source_limitation,"Correct MRTS published-departure goal is safely refused for absent schedules; no real-time substitution. Evidence: status=unavailable; intent=scheduled_departure; operation=GET_SCHEDULED_DEPARTURES; clarification_reason=None; slots={""transport_mode"": ""mrts""}."
hindi,HI200_078,गिंडी से बस ५७० के रात ९ बजे के बाद के निर्धारित फेरे दिखाओ।,False,legitimate_clarification,legitimate_clarification,genuine_physical_bus_stop_ambiguity,"Retains570, bus,21:00 after threshold. Guindy boarding-node ambiguity is clarified with candidates before any departure answer. Evidence: status=clarification; intent=scheduled_departure; operation=None; clarification_reason=entity_ambiguity; slots={""route_number"": ""570"", ""time"": ""21:00:00"", ""transport_mode"": ""bus""}."
hindi,HI200_079,गिंडी मेट्रो से ८ बजे के बाद कौन-कौन सी गाड़ियाँ छूटेंगी?,False,recognition_failure,recognition_failure,wrong_intent_and_false_multiple_scope_guard,"Bare8 legitimately needs AM/PM clarification, but system selects first_and_last_service and calls it multiple goals instead of scheduled_departure temporal ambiguity. Evidence: status=clarification; intent=first_and_last_service; operation=None; clarification_reason=multiple_goals; slots={}."
hindi,HI200_080,सेंट्रल मेट्रो से कल की समय-सारणी बताओ।,False,safe_limitation,safe_limitation,matched_source_limitation;counterfactual_mode_inconsistent_station,"Correct metro schedule source refusal safely prevents resolving ambiguous कल. Returned RAIL_CHENNAI_CENTRAL is incompatible with explicit metro station; no schedule executed. Evidence: status=unavailable; intent=scheduled_departure; operation=GET_SCHEDULED_DEPARTURES; clarification_reason=None; slots={""station"": ""RAIL_CHENNAI_CENTRAL"", ""temporal_relative"": ""कल"", ""transport_mode"": ""metro""}."
hindi,HI200_081,"मेट्रो की समय-सारणी चाहिए, स्टेशन अभी नहीं लिखा है।",False,safe_limitation,safe_limitation,matched_source_limitation_with_incomplete_context,"Station is genuinely unspecified, but absent metro schedules independently prevent a timetable; correct family source refusal invents no station. Evidence: status=unavailable; intent=scheduled_departure; operation=GET_SCHEDULED_DEPARTURES; clarification_reason=None; slots={""transport_mode"": ""metro""}."
hindi,HI200_082,गिंडी मेट्रो से रात २५:६१ पर रवाना होने वाली ट्रेन बताओ।,False,safe_limitation,safe_limitation,matched_source_limitation_with_invalid_clock,"Correct metro timetable source refusal makes no claim about25:61. It does not demonstrate proper invalid-clock recognition; no valid time was invented or used. Evidence: status=unavailable; intent=scheduled_departure; operation=GET_SCHEDULED_DEPARTURES; clarification_reason=None; slots={""station"": ""METRO_GUINDY"", ""transport_mode"": ""metro""}."
hindi,HI200_083,एग्मोर मेट्रो से सुबह ६ बजे से ८ बजे तक के प्रस्थान बताइए।,False,recognition_failure,recognition_failure,time_range_misread_as_multiple_goals,"06:00-to08:00 is a single schedule range, not two independent goals. Multiple-goals clarification does not explain unsupported range semantics. Evidence: status=clarification; intent=scheduled_departure; operation=None; clarification_reason=multiple_goals; slots={}."
hindi,HI200_084,गिंडी से रात १० बजे से पहले छूटने वाली मेट्रो की समय-सारणी चाहिए।,False,recognition_failure,recognition_failure,single_before_bound_misread_as_multiple_goals,"One before22:00 schedule request is mislabeled multiple scopes, instead of respecting before-bound or explaining its unsupported operation scope. Evidence: status=clarification; intent=scheduled_departure; operation=None; clarification_reason=multiple_goals; slots={}."
hindi,HI200_085,सैदापेट से नंदनम तक सीधी मेट्रो सेवा है क्या?,False,safe_limitation,safe_limitation,matched_source_limitation;counterfactual_endpoint_role_error,"Correct metro availability source refusal. Returned origin=Nandanam reverses supplied destination role and omits Saidapet; no connection was falsely asserted. Evidence: status=unavailable; intent=mode_availability; operation=CHECK_SERVICE_AVAILABILITY; clarification_reason=None; slots={""origin"": ""METRO_NANDANAM"", ""transport_mode"": ""metro""}."
hindi,HI200_086,ब्रॉडवे और अडयार के बीच बस चलती है या नहीं?,False,recognition_failure,recognition_failure,supplied_native_endpoints_unrecognized,"Both Broadway and Adyar are supplied in a bus existence question, but reply asks for both endpoints again. Evidence: status=clarification; intent=mode_availability; operation=CHECK_SERVICE_AVAILABILITY; clarification_reason=missing_slot; slots={""transport_mode"": ""bus""}."
hindi,HI200_087,ताम्बरम से चेन्नई बीच तक उपनगरीय रेल उपलब्ध है?,True,recognition_failure,safe_limitation,mode_consistent_source_limit,Correct suburban availability family and mode now disclose missing topology; does not assert a connection exists.
hindi,HI200_088,चेन्नई बीच से तिरुवान्मियूर जाने को एमआरटीएस सेवा मिलती है क्या?,False,safe_limitation,safe_limitation,matched_source_limitation,"Correct MRTS existence question and explicit missing mode topology; no unsupported service absence assertion. Evidence: status=unavailable; intent=mode_availability; operation=CHECK_SERVICE_AVAILABILITY; clarification_reason=None; slots={""transport_mode"": ""mrts""}."
hindi,HI200_089,कोयम्बेडु से वडपलनी मेट्रो की सुविधा मिल जाएगी?,False,safe_limitation,safe_limitation,matched_source_limitation,"Correct metro availability family; safely refuses absent metro topology rather than interpreting service existence as a route itinerary. Evidence: status=unavailable; intent=mode_availability; operation=CHECK_SERVICE_AVAILABILITY; clarification_reason=None; slots={""transport_mode"": ""metro""}."
hindi,HI200_090,"गिंडी से हवाई अड्डे की सीधी बस है, इस बात की पुष्टि चाहिए।",False,legitimate_clarification,legitimate_clarification,genuine_physical_bus_stop_ambiguity,"Guindy bus origin can denote multiple physical bus stops. Mode is preserved and clarification avoids treating user direct-bus assertion as verified connection. Evidence: status=clarification; intent=mode_availability; operation=None; clarification_reason=entity_ambiguity; slots={""transport_mode"": ""bus""}."
hindi,HI200_091,पेरम्बूर से सेंट्रल के बीच लोकल रेल नहीं चलती क्या?,True,recognition_failure,safe_limitation,source_limit_with_secondary_endpoint_issue,"Negative availability question is retained as availability, with suburban mode and no false कल. Source absence blocks connection facts. Returned origin=Central still misuses the supplied destination; no completed OD extraction is claimed."
hindi,HI200_092,अन्ना नगर से आलंदूर तक मेट्रो सेवा उपलब्ध है या बस ही लेनी होगी?,False,recognition_failure,recognition_failure,alternative_mode_scope_misread,"Primary question is whether metro service exists, with bus as fallback. Reply asks to choose one mode and stores Alandur as origin rather than preserving the requested metro connection. Evidence: status=clarification; intent=mode_availability; operation=None; clarification_reason=missing_slot; slots={""origin"": ""HUB_ALANDUR""}."
hindi,HI200_093,सेंट्रल से हवाई अड्डे मेट्रो अभी रात ११ बजे चलती है क्या?,False,recognition_failure,recognition_failure,wrong_intent_and_false_multiple_scope_guard,A single availability-at23:00 question becomes first_and_last_service with multiple_goals; no valid availability scope limitation is given. Evidence: status=clarification; intent=first_and_last_service; operation=None; clarification_reason=multiple_goals; slots={}.
hindi,HI200_094,अडयार तक बस मिलती है क्या?,False,legitimate_clarification,legitimate_clarification,genuine_missing_origin;secondary_supplied_destination_loss,"Origin is genuinely missing in bus-to-Adyar availability. Origin clarification is necessary; prompt also unnecessarily asks destination despite supplied Adyar. Evidence: status=clarification; intent=mode_availability; operation=CHECK_SERVICE_AVAILABILITY; clarification_reason=missing_slot; slots={""transport_mode"": ""bus""}."
hindi,HI200_095,गिंडी से सीधी मेट्रो है क्या?,False,safe_limitation,safe_limitation,matched_source_limitation_with_incomplete_context,"Destination is genuinely missing, but terminal metro topology absence independently blocks confirmation. Correct source refusal preserves Guindy origin without inventing destination. Evidence: status=unavailable; intent=mode_availability; operation=CHECK_SERVICE_AVAILABILITY; clarification_reason=None; slots={""origin"": ""METRO_GUINDY"", ""transport_mode"": ""metro""}."
hindi,HI200_096,गिंडी से नंदनम मेट्रो चलती है? रास्ते का विवरण नहीं चाहिए।,False,safe_limitation,safe_limitation,matched_source_limitation,"Correct metro availability and both endpoints are preserved despite negated route-detail phrase; absent topology is explicit. Evidence: status=unavailable; intent=mode_availability; operation=CHECK_SERVICE_AVAILABILITY; clarification_reason=None; slots={""destination"": ""METRO_NANDANAM"", ""origin"": ""METRO_GUINDY"", ""transport_mode"": ""metro""}."
hindi,HI200_097,साधारण बस में चार स्टेज के सफर का किराया कितना होगा?,True,recognition_failure,goal_correct,dated_published_stage_tariff,Ordinary class and spelled stage4 retained; INR8 is a dated official2018 tariff with source and current-fare caveat.
hindi,HI200_098,एक्सप्रेस बस के ६ स्टेज का किराया बताइए।,True,recognition_failure,goal_correct,dated_published_stage_tariff,"Express class and Devanagari stage6 retained; dated official2018 INR15 tariff, source and current-fare caveat supplied."
hindi,HI200_099,डीलक्स बस में आठ चरण चलने पर कितने रुपये लगते हैं?,True,recognition_failure,goal_correct,dated_published_stage_tariff,Deluxe class and आठ चरण=8 retained; dated official INR25 tariff supplied with source/effective date and current-fare caveat.
hindi,HI200_100,रात्रि सेवा की बस में पाँच स्टेज का भाड़ा जानना है।,True,recognition_failure,goal_correct,dated_published_stage_tariff,"रात्रि सेवा now maps explicitly to Night, and पाँच=5. Dated Night INR19 tariff is supplied; Ordinary fallback seen in the intermediate postfix run is corrected."
hindi,HI200_101,"वातानुकूलित बस से १० स्टेज का सफर, टिकट के कितने पैसे बनेंगे?",True,recognition_failure,safe_limitation,requested_class_source_absent,"AC and stage10 retained. No verified AC tariff exists for this scope, so source limitation replaces the unnecessary stage prompt."
hindi,HI200_102,गिंडी मेट्रो से हवाई अड्डा मेट्रो तक एक यात्रा के टिकट की कीमत क्या है?,False,recognition_failure,recognition_failure,supplied_native_destination_unrecognized,"Metro Guindy origin retained, but Chennai Airport destination supplied in Hindi is lost and requested again. Evidence: status=clarification; intent=fare_calculation; operation=CALCULATE_FARE; clarification_reason=missing_slot; slots={""origin"": ""METRO_GUINDY"", ""transport_mode"": ""metro""}."
hindi,HI200_103,"एग्मोर मेट्रो से नंदनम मेट्रो का किराया बताओ, रास्ता मत समझाना।",False,recognition_failure,recognition_failure,mode_qualified_entity_and_role_error,"Explicit Egmore metro origin yields rail/bus/hub ambiguity, while Nandanam destination is wrongly stored as origin. This is recognition/role failure, not genuine user ambiguity. Evidence: status=clarification; intent=fare_calculation; operation=None; clarification_reason=entity_ambiguity; slots={""origin"": ""METRO_NANDANAM"", ""transport_mode"": ""metro""}."
hindi,HI200_104,"साधारण एमटीसी बस में तीन स्टेज, किराया?",True,recognition_failure,goal_correct,dated_published_stage_tariff,Ordinary and तीन=3 retained; dated official INR7 tariff is returned with source/effective date and current-fare caveat.
hindi,HI200_105,बस में ४ स्टेज जाने के पैसे कितने होंगे? सेवा का प्रकार नहीं मालूम।,True,recognition_failure,legitimate_clarification,genuine_unknown_service_class,Stage4 preserved; explicitly unknown service class now prompts for class rather than silently defaulting Ordinary.
hindi,HI200_106,"मेरा बस किराया निकाल दो, दूरी और स्टेज अभी नहीं बताए हैं।",False,recognition_failure,recognition_failure,fare_goal_confused_with_ticket_policy,"Incomplete fare calculation is classified ticketing_and_passes and refused for missing policy table, rather than requesting fare basis. Evidence: status=unavailable; intent=ticketing_and_passes; operation=GET_TICKETING_POLICY; clarification_reason=None; slots={}."
hindi,HI200_107,साधारण बस में ० स्टेज का किराया क्या है?,True,legitimate_clarification,legitimate_clarification,invalid_stage_clarified,"Invalid zero stage now requests a valid stage, without fare execution."
hindi,HI200_108,साधारण बस के इकतीस स्टेज के किराए की रकम बताओ।,True,legitimate_clarification,legitimate_clarification,invalid_stage_clarified,31 is outside supported1–30 stages; valid-stage clarification does not truncate to a supported number.
hindi,HI200_109,मेट्रो स्मार्ट कार्ड में कम से कम कितना रिचार्ज कराना पड़ता है?,False,safe_limitation,safe_limitation,matched_source_limitation,"Correct smart-card minimum-recharge policy goal, honestly refused for absent authoritative ticket/pass policy. Evidence: status=unavailable; intent=ticketing_and_passes; operation=GET_TICKETING_POLICY; clarification_reason=None; slots={}."
hindi,HI200_110,मेट्रो का क्यूआर टिकट खरीदने का नियम समझाइए।,False,safe_limitation,safe_limitation,matched_source_limitation,Correct QR-ticket policy goal with source limitation; no invented purchase rule. Evidence: status=unavailable; intent=ticketing_and_passes; operation=GET_TICKETING_POLICY; clarification_reason=None; slots={}.
hindi,HI200_111,एमटीसी का मासिक पास किन बसों में मान्य होता है?,False,safe_limitation,safe_limitation,matched_source_limitation,Correct monthly-pass validity family and absent authoritative policy limitation. Evidence: status=unavailable; intent=ticketing_and_passes; operation=GET_TICKETING_POLICY; clarification_reason=None; slots={}.
hindi,HI200_112,उपनगरीय रेल का सीजन पास लेने के लिए कौन से कागज चाहिए?,False,safe_limitation,safe_limitation,matched_source_limitation,Correct suburban season-pass documents goal and policy source refusal. Evidence: status=unavailable; intent=ticketing_and_passes; operation=GET_TICKETING_POLICY; clarification_reason=None; slots={}.
hindi,HI200_113,एनसीएमसी कार्ड मेट्रो में चलाने के नियम क्या हैं?,False,safe_limitation,safe_limitation,matched_source_limitation,Correct NCMC ticketing-policy family and explicit missing authoritative policy. Evidence: status=unavailable; intent=ticketing_and_passes; operation=GET_TICKETING_POLICY; clarification_reason=None; slots={}.
hindi,HI200_114,मेट्रो टोकन खो जाए तो बदलवाने का तरीका बताओ।,False,safe_limitation,safe_limitation,matched_source_limitation,Correct lost-token replacement policy family; no guessed replacement rules. Evidence: status=unavailable; intent=ticketing_and_passes; operation=GET_TICKETING_POLICY; clarification_reason=None; slots={}.
hindi,HI200_115,पर्यटक पास एक ही दिन में कितनी यात्राओं के लिए चलता है?,False,recognition_failure,recognition_failure,pass_policy_confused_with_service_frequency,"Tourist-pass journey allowance is classified service_frequency and asks boarding stop/line, which are irrelevant policy execution facts. Evidence: status=clarification; intent=service_frequency; operation=GET_SERVICE_FREQUENCY; clarification_reason=missing_slot; slots={}."
hindi,HI200_116,बच्चों को मेट्रो टिकट में छूट किस उम्र तक मिलती है?,False,safe_limitation,safe_limitation,matched_source_limitation,"Correct child concession ticket-rule family, with no unsupported age limit or percentage. Evidence: status=unavailable; intent=ticketing_and_passes; operation=GET_TICKETING_POLICY; clarification_reason=None; slots={}."
hindi,HI200_117,मेट्रो स्मार्ट कार्ड की बची रकम वापस मिलने का नियम क्या है?,False,safe_limitation,safe_limitation,matched_source_limitation,Correct smart-card refund policy family and explicit absent policy source. Evidence: status=unavailable; intent=ticketing_and_passes; operation=GET_TICKETING_POLICY; clarification_reason=None; slots={}.
hindi,HI200_118,"मेट्रो टिकट नकद लें या कार्ड से, कौन-कौन से भुगतान तरीके मान्य हैं?",False,safe_limitation,safe_limitation,matched_source_limitation,"Correct payment-method policy family, refused due to absent authoritative ticket policy. Evidence: status=unavailable; intent=ticketing_and_passes; operation=GET_TICKETING_POLICY; clarification_reason=None; slots={}."
hindi,HI200_119,बस का मासिक पास दूसरे व्यक्ति को देना मना है क्या?,False,safe_limitation,safe_limitation,matched_source_limitation,"Correct pass transferability policy, safely refuses absent authoritative allowed/disallowed rules. Evidence: status=unavailable; intent=ticketing_and_passes; operation=GET_TICKETING_POLICY; clarification_reason=None; slots={}."
hindi,HI200_120,"क्यूआर टिकट कब तक मान्य रहता है, कीमत नहीं पूछ रहा।",False,safe_limitation,safe_limitation,matched_source_limitation,Correct QR validity policy despite negated price; absent policy source prevents unsupported validity claim. Evidence: status=unavailable; intent=ticketing_and_passes; operation=GET_TICKETING_POLICY; clarification_reason=None; slots={}.
hindi,HI200_121,गिंडी मेट्रो स्टेशन पर बाइक खड़ी करने की पार्किंग मिलती है?,False,safe_limitation,safe_limitation,matched_source_limitation,"Correct bike-parking facility goal, explicitly unverified rather than affirmative parking claim. Evidence: status=unavailable; intent=station_facilities; operation=GET_STATION_FACILITY; clarification_reason=None; slots={}."
hindi,HI200_122,एग्मोर मेट्रो में पीने के पानी की जगह है क्या?,False,safe_limitation,safe_limitation,matched_source_limitation,Correct drinking-water facility family with unverified-source refusal. Evidence: status=unavailable; intent=station_facilities; operation=GET_STATION_FACILITY; clarification_reason=None; slots={}.
hindi,HI200_123,कोयम्बेडु मेट्रो स्टेशन के अंदर शौचालय उपलब्ध हैं?,False,safe_limitation,safe_limitation,matched_source_limitation,"Correct general restroom facility family, safely refuses absent verification. Evidence: status=unavailable; intent=station_facilities; operation=GET_STATION_FACILITY; clarification_reason=None; slots={}."
hindi,HI200_124,वडपलनी मेट्रो पर यात्रियों के लिए बैठकर प्रतीक्षा करने का कमरा है?,False,safe_limitation,safe_limitation,matched_source_limitation,Correct waiting-room facility family and honest missing verification. Evidence: status=unavailable; intent=station_facilities; operation=GET_STATION_FACILITY; clarification_reason=None; slots={}.
hindi,HI200_125,चेन्नई सेंट्रल मेट्रो में सामान रखने का क्लोक रूम मिलेगा?,False,safe_limitation,safe_limitation,matched_source_limitation,Correct cloakroom facility family and source refusal; no fabricated luggage-storage availability. Evidence: status=unavailable; intent=station_facilities; operation=GET_STATION_FACILITY; clarification_reason=None; slots={}.
hindi,HI200_126,आलंदूर मेट्रो स्टेशन पर एटीएम लगा है क्या?,False,recognition_failure,recognition_failure,facility_confused_with_interchange,ATM query becomes interchange_transfer and receives missing-interchange refusal; safe wording belongs to wrong family. Evidence: status=unavailable; intent=interchange_transfer; operation=GET_INTERCHANGE_DETAILS; clarification_reason=None; slots={}.
hindi,HI200_127,हवाई अड्डा मेट्रो स्टेशन में वाई-फाई मिलता है?,False,recognition_failure,recognition_failure,facility_confused_with_mode_availability,"Airport-station Wi-Fi is classified mode_availability and refused for absent metro topology, not station facility evidence. Evidence: status=unavailable; intent=mode_availability; operation=CHECK_SERVICE_AVAILABILITY; clarification_reason=None; slots={""transport_mode"": ""metro""}."
hindi,HI200_128,नंदनम मेट्रो के पास कार पार्क करने की सुविधा पूछनी है।,False,safe_limitation,safe_limitation,matched_source_limitation,Correct Nandanam car-parking facility family with unverified availability. Evidence: status=unavailable; intent=station_facilities; operation=GET_STATION_FACILITY; clarification_reason=None; slots={}.
hindi,HI200_129,ताम्बरम रेलवे स्टेशन पर प्रतीक्षालय की सुविधा है या नहीं?,False,safe_limitation,safe_limitation,matched_source_limitation,Correct Tambaram waiting-room station facility family with absent verification. Evidence: status=unavailable; intent=station_facilities; operation=GET_STATION_FACILITY; clarification_reason=None; slots={}.
hindi,HI200_130,मेट्रो स्टेशन पर पानी और शौचालय की सुविधाएँ हैं क्या? स्टेशन नहीं बताया।,False,safe_limitation,safe_limitation,matched_source_limitation_with_incomplete_context,"Station is genuinely unspecified, but terminal facility-source absence prevents an answer independently. Correct refusal picks no arbitrary station. Evidence: status=unavailable; intent=station_facilities; operation=GET_STATION_FACILITY; clarification_reason=None; slots={}."
hindi,HI200_131,"गिंडी मेट्रो की पार्किंग पूछ रहा हूँ, व्हीलचेयर की जानकारी नहीं।",False,safe_limitation,safe_limitation,matched_source_limitation,Correct parking family despite explicitly excluded wheelchair goal; no false accessibility or parking answer. Evidence: status=unavailable; intent=station_facilities; operation=GET_STATION_FACILITY; clarification_reason=None; slots={}.
hindi,HI200_132,एग्मोर मेट्रो: बाथरूम है? जल्दी बता दीजिए।,False,recognition_failure,recognition_failure,colloquial_restroom_confused_with_interchange,Egmore bathroom query is classified interchange_transfer; missing-interchange records do not address bathroom facility evidence. Evidence: status=unavailable; intent=interchange_transfer; operation=GET_INTERCHANGE_DETAILS; clarification_reason=None; slots={}.
hindi,HI200_133,गिंडी मेट्रो में व्हीलचेयर लेकर भीतर जाना संभव है?,False,safe_limitation,safe_limitation,matched_source_limitation,Correct wheelchair accessibility goal and explicit absence of verified accessibility feature values. Evidence: status=unavailable; intent=station_accessibility; operation=GET_ACCESSIBILITY_INFO; clarification_reason=None; slots={}.
hindi,HI200_134,एग्मोर मेट्रो स्टेशन में सीढ़ियाँ चढ़े बिना जाने के लिए लिफ्ट है क्या?,False,safe_limitation,safe_limitation,matched_source_limitation,"Correct lift/step-free accessibility family and missing feature-value source, without guessed availability. Evidence: status=unavailable; intent=station_accessibility; operation=GET_ACCESSIBILITY_INFO; clarification_reason=None; slots={}."
hindi,HI200_135,कोयम्बेडु मेट्रो पर व्हीलचेयर के लिए ढलान वाला रैंप बना है?,False,safe_limitation,safe_limitation,matched_source_limitation,Correct ramp accessibility family and absence of verified feature values. Evidence: status=unavailable; intent=station_accessibility; operation=GET_ACCESSIBILITY_INFO; clarification_reason=None; slots={}.
hindi,HI200_136,वडपलनी मेट्रो में चलती सीढ़ी की सुविधा मिलती है?,False,safe_limitation,safe_limitation,matched_source_limitation,चलती सीढ़ी is correctly understood as accessibility; source refusal makes no unsupported escalator assertion. Evidence: status=unavailable; intent=station_accessibility; operation=GET_ACCESSIBILITY_INFO; clarification_reason=None; slots={}.
hindi,HI200_137,आलंदूर मेट्रो पर दृष्टिबाधित यात्रियों के लिए स्पर्श पथ है?,False,safe_limitation,safe_limitation,matched_source_limitation,Correct tactile-path accessibility family and explicit missing verified feature values. Evidence: status=unavailable; intent=station_accessibility; operation=GET_ACCESSIBILITY_INFO; clarification_reason=None; slots={}.
hindi,HI200_138,हवाई अड्डा मेट्रो में दिव्यांगों के उपयोग वाला शौचालय है क्या?,False,safe_limitation,safe_limitation,matched_source_limitation,Correct accessible-toilet accessibility family rather than general facility; absent verified values disclosed. Evidence: status=unavailable; intent=station_accessibility; operation=GET_ACCESSIBILITY_INFO; clarification_reason=None; slots={}.
hindi,HI200_139,नंदनम मेट्रो पर बुज़ुर्गों के लिए सीढ़ी के बजाय लिफ्ट मिलेगी?,False,safe_limitation,safe_limitation,matched_source_limitation,Correct lift accessibility goal for elderly access and honest missing verified values. Evidence: status=unavailable; intent=station_accessibility; operation=GET_ACCESSIBILITY_INFO; clarification_reason=None; slots={}.
hindi,HI200_140,सैदापेट मेट्रो में व्हीलचेयर से प्लेटफॉर्म तक पहुँचने की सुविधा की पुष्टि करो।,False,safe_limitation,safe_limitation,matched_source_limitation,Correct wheelchair-platform access family; no unsupported affirmative confirmation. Evidence: status=unavailable; intent=station_accessibility; operation=GET_ACCESSIBILITY_INFO; clarification_reason=None; slots={}.
hindi,HI200_141,ताम्बरम रेल स्टेशन पर दिव्यांग रैंप उपलब्ध है?,False,safe_limitation,safe_limitation,matched_source_limitation,Correct suburban ramp accessibility family; terminal verified-feature-value absence stated. Evidence: status=unavailable; intent=station_accessibility; operation=GET_ACCESSIBILITY_INFO; clarification_reason=None; slots={}.
hindi,HI200_142,व्हीलचेयर के अनुकूल मेट्रो स्टेशन है क्या?,False,recognition_failure,recognition_failure,accessibility_confused_with_nearest,"Station is genuinely missing, but wheelchair-accessibility question becomes nearest_transport and asks for landmark/locality rather than station. Evidence: status=clarification; intent=nearest_transport; operation=FIND_NEAREST_STATION; clarification_reason=missing_slot; slots={""transport_mode"": ""metro""}."
hindi,HI200_143,गिंडी मेट्रो पर लिफ्ट है? पार्किंग नहीं पूछी है।,True,recognition_failure,recognition_failure,negated_prediction_guarded,Excluded parking/facility prediction is guarded. Explicit lift/accessibility goal still not recognized by unchanged classifier; asking intent again remains failure.
hindi,HI200_144,सेंट्रल मेट्रो में बिना सीढ़ी चढ़े प्लेटफॉर्म पहुँचा जा सकता है?,False,safe_limitation,safe_limitation,matched_source_limitation,"Implicit step-free platform access correctly classified accessibility, with no unverified assurance. Evidence: status=unavailable; intent=station_accessibility; operation=GET_ACCESSIBILITY_INFO; clarification_reason=None; slots={}."
hindi,HI200_145,गिंडी पर मेट्रो से लोकल ट्रेन बदलने की जगह कहाँ है?,False,safe_limitation,safe_limitation,matched_source_limitation,Correct metro-to-local-train interchange goal and missing confirmed interchange records; no invented connection directions. Evidence: status=unavailable; intent=interchange_transfer; operation=GET_INTERCHANGE_DETAILS; clarification_reason=None; slots={}.
hindi,HI200_146,आलंदूर मेट्रो में नीली लाइन से हरी लाइन पर कैसे बदलूँ?,False,safe_limitation,safe_limitation,matched_source_limitation,Correct Alandur Blue-to-Green line transfer family; confirmed interchange source missing. Evidence: status=unavailable; intent=interchange_transfer; operation=GET_INTERCHANGE_DETAILS; clarification_reason=None; slots={}.
hindi,HI200_147,चेन्नई सेंट्रल पर उपनगरीय रेल छोड़कर मेट्रो में जाने का जुड़ाव बताइए।,False,recognition_failure,recognition_failure,station_transfer_confused_with_full_multimodal_route,"Central rail-to-metro physical connection becomes multimodal_route, refusing a whole journey graph rather than transfer records. Evidence: status=unavailable; intent=multimodal_route; operation=PLAN_MULTIMODAL_ROUTE; clarification_reason=None; slots={}."
hindi,HI200_148,कोयम्बेडु में बस अड्डे और मेट्रो स्टेशन के बीच बदलने का इंतजाम क्या है?,False,recognition_failure,recognition_failure,interchange_confused_with_facility,Bus-terminal/metro transfer arrangement becomes generic station_facilities; no correct interchange limitation given. Evidence: status=unavailable; intent=station_facilities; operation=GET_STATION_FACILITY; clarification_reason=None; slots={}.
hindi,HI200_149,चेन्नई बीच पर लोकल रेल से एमआरटीएस में स्थानांतरण कहाँ होता है?,False,safe_limitation,safe_limitation,matched_source_limitation,Correct Chennai Beach rail-to-MRTS interchange family; source refuses unconfirmed transfer connection. Evidence: status=unavailable; intent=interchange_transfer; operation=GET_INTERCHANGE_DETAILS; clarification_reason=None; slots={}.
hindi,HI200_150,सेंट्रल मेट्रो में एक मेट्रो लाइन से दूसरी लाइन का इंटरचेंज समझाइए।,False,safe_limitation,safe_limitation,matched_source_limitation,Correct same-mode metro-line interchange family and missing confirmed transfer records. Evidence: status=unavailable; intent=interchange_transfer; operation=GET_INTERCHANGE_DETAILS; clarification_reason=None; slots={}.
hindi,HI200_151,ताम्बरम में ट्रेन से उतरकर बस पकड़ने वाला स्थानांतरण बिंदु है?,False,recognition_failure,recognition_failure,station_transfer_confused_with_full_multimodal_route,Tambaram rail-to-bus transfer point becomes full multimodal_route; refusal uses wrong operation/source family. Evidence: status=unavailable; intent=multimodal_route; operation=PLAN_MULTIMODAL_ROUTE; clarification_reason=None; slots={}.
hindi,HI200_152,गिंडी स्टेशन पर बस से मेट्रो में बदलने की जानकारी चाहिए।,False,recognition_failure,recognition_failure,station_transfer_confused_with_full_multimodal_route,Guindy bus-to-metro physical transfer information becomes multimodal_route rather than interchange_transfer. Evidence: status=unavailable; intent=multimodal_route; operation=PLAN_MULTIMODAL_ROUTE; clarification_reason=None; slots={}.
hindi,HI200_153,एग्मोर में रेल प्लेटफॉर्म से मेट्रो का जुड़ाव सीधा है क्या?,False,recognition_failure,recognition_failure,interchange_confused_with_mode_availability,"Egmore rail-platform-to-metro connection becomes mode_availability; topology absence does not address physical transfer records. Evidence: status=unavailable; intent=mode_availability; operation=CHECK_SERVICE_AVAILABILITY; clarification_reason=None; slots={""transport_mode"": ""metro""}."
hindi,HI200_154,मेट्रो से बस में कहाँ बदलना होता है?,False,safe_limitation,safe_limitation,matched_source_limitation,Correct metro-to-bus transfer family without specified station; terminal missing interchange records prevents any factual transfer guidance. Evidence: status=unavailable; intent=interchange_transfer; operation=GET_INTERCHANGE_DETAILS; clarification_reason=None; slots={}.
hindi,HI200_155,यहाँ गाड़ी बदलने की सुविधा कहाँ है?,False,recognition_failure,recognition_failure,incomplete_interchange_confused_with_facility,"Here and both transfer modes are unspecified, but changing vehicle is an interchange goal. Reply assumes generic facility rather than asking station/modes or correct interchange source limit. Evidence: status=unavailable; intent=station_facilities; operation=GET_STATION_FACILITY; clarification_reason=None; slots={}."
hindi,HI200_156,"आलंदूर में लाइन बदलने का तरीका चाहिए, वहाँ की पार्किंग नहीं।",True,recognition_failure,recognition_failure,negated_prediction_guarded,"Excluded parking prediction is guarded; explicit line-transfer goal remains unrecognized, so intent clarification does not fulfill it."
hindi,HI200_157,मरीना बीच के सबसे पास का बस स्टॉप कौन सा पड़ेगा?,False,goal_correct,goal_correct,published_nearest_with_scope_qualification,"Correct Marina Beach bus-mode anchor; source returns bus stop Kannagi Statue/Presidency College277m and explicitly labels straight-line distance with walking access unverified. Evidence: status=ok; intent=nearest_transport; operation=FIND_NEAREST_STATION; clarification_reason=None; slots={""landmark"": ""OSM_POI_12137617372"", ""transport_mode"": ""bus""}."
hindi,HI200_158,आईआईटी मद्रास से नज़दीकी मेट्रो स्टेशन बताइए।,False,recognition_failure,recognition_failure,supplied_native_landmark_unrecognized,"IIT Madras landmark and metro mode are explicit; mode survives but landmark/locality is asked again. Evidence: status=clarification; intent=nearest_transport; operation=FIND_NEAREST_STATION; clarification_reason=missing_slot; slots={""transport_mode"": ""metro""}."
hindi,HI200_159,अन्ना नगर इलाके के पास सबसे निकट रेल स्टेशन कौन सा है?,False,recognition_failure,recognition_failure,supplied_native_locality_and_mode_unrecognized,"Anna Nagar locality and rail station request are supplied; both anchor and rail mode are lost, and locality is requested again. Evidence: status=clarification; intent=nearest_transport; operation=FIND_NEAREST_STATION; clarification_reason=missing_slot; slots={}."
hindi,HI200_160,अपोलो अस्पताल ग्रीम्स रोड के आसपास सबसे पास वाली बस पकड़ने की जगह बताओ।,False,recognition_failure,recognition_failure,supplied_native_landmark_unrecognized,"Full Apollo Hospital Greams Road landmark is supplied with bus mode; assistant asks landmark/locality again. Evidence: status=clarification; intent=nearest_transport; operation=FIND_NEAREST_STATION; clarification_reason=missing_slot; slots={""transport_mode"": ""bus""}."
hindi,HI200_161,अडयार में निकटतम सार्वजनिक परिवहन स्टेशन ढूँढ़ दीजिए।,False,recognition_failure,recognition_failure,supplied_native_locality_unrecognized,Adyar locality is explicit but no spatial anchor is retained and locality is requested again. Evidence: status=clarification; intent=nearest_transport; operation=FIND_NEAREST_STATION; clarification_reason=missing_slot; slots={}.
hindi,HI200_162,चेपॉक स्टेडियम के नज़दीक कौन सा एमआरटीएस स्टेशन है?,False,recognition_failure,recognition_failure,supplied_native_landmark_unrecognized,"Chepauk stadium landmark is supplied; MRTS mode is retained but reference landmark/locality is requested again. Evidence: status=clarification; intent=nearest_transport; operation=FIND_NEAREST_STATION; clarification_reason=missing_slot; slots={""transport_mode"": ""mrts""}."
hindi,HI200_163,फीनिक्स मार्केटसिटी के पास उतरने के लिए सबसे निकट बस स्टॉप क्या है?,False,recognition_failure,recognition_failure,supplied_native_landmark_unrecognized,"Phoenix Marketcity is supplied as landmark but lost; nearest bus query asks location again. Evidence: status=clarification; intent=nearest_transport; operation=FIND_NEAREST_STATION; clarification_reason=missing_slot; slots={""transport_mode"": ""bus""}."
hindi,HI200_164,वेलाचेरी इलाके में सबसे पास का मेट्रो ठहराव बताओ।,False,recognition_failure,recognition_failure,supplied_native_locality_unrecognized,"Velachery locality is explicit; nearest metro query requests an already supplied location. Evidence: status=clarification; intent=nearest_transport; operation=FIND_NEAREST_STATION; clarification_reason=missing_slot; slots={""transport_mode"": ""metro""}."
hindi,HI200_165,मरीना बीच से सबसे नज़दीकी उपनगरीय रेल स्टेशन कितना दूर है?,True,unsafe_or_wrong_answer,needs_review,published_rail_mode_labels_need_source_audit,Requested suburban mode now filters the actual source records and no bus is returned. Published RAIL_THIRUVALLIKENI/RAIL_LIGHT_HOUSE are labelled suburban_rail in the unchanged snapshot. Their separation from MRTS needs an independent source audit; no factual mode-correct success is claimed.
hindi,HI200_166,"पास का बस स्टॉप बता दो, जगह अभी नहीं लिखी है।",False,recognition_failure,recognition_failure,nearest_goal_confused_with_sequence,"A nearest bus stop with missing location becomes route_stop_sequence and asks route/line rather than nearby landmark/locality. Evidence: status=clarification; intent=route_stop_sequence; operation=LIST_ROUTE_STOPS; clarification_reason=missing_slot; slots={""transport_mode"": ""bus""}."
hindi,HI200_167,मरीना बीच का सबसे पास मेट्रो स्टेशन चाहिए; वहाँ पहुँचने का रास्ता नहीं पूछ रहा।,False,goal_correct,goal_correct,published_nearest_with_scope_qualification,"Correct Marina Beach nearest metro goal despite excluded route request. Returns metro stop Lighthouse1121m with explicit straight-line/provisional and unverified-walking qualifications. Evidence: status=ok; intent=nearest_transport; operation=FIND_NEAREST_STATION; clarification_reason=None; slots={""landmark"": ""OSM_POI_12137617372"", ""transport_mode"": ""metro""}."
hindi,HI200_168,"गिंडी इलाके के आसपास निकटतम स्टेशन, कृपया... मेट्रो वाला।",False,recognition_failure,recognition_failure,locality_anchor_confused_with_physical_stop,"User specifies Guindy locality and metro result, but anchor resolution returns bus/hub/rail/metro station ambiguity. It does not use the supplied locality as geographic reference. Evidence: status=clarification; intent=nearest_transport; operation=None; clarification_reason=entity_ambiguity; slots={""transport_mode"": ""metro""}."
hindi,HI200_169,"२१जी बस इस वक्त कहाँ पहुँची है, उसकी जीपीएस स्थिति दिखाओ।",False,safe_limitation,safe_limitation,matched_external_source_limitation,Correct live21G GPS-location family and explicit lack of live transport status; no fabricated vehicle position. Evidence: status=unavailable; intent=realtime_status_query; operation=REJECT_UNSUPPORTED_REALTIME; clarification_reason=None; slots={}.
hindi,HI200_170,गिंडी मेट्रो अभी कितनी देरी से चल रही है?,False,recognition_failure,recognition_failure,realtime_delay_confused_with_first_last,"Current metro delay is classified first_and_last_service; missing published timetable refusal does not explain unavailable live delay feed. Evidence: status=unavailable; intent=first_and_last_service; operation=GET_FIRST_LAST_SERVICE; clarification_reason=None; slots={""station"": ""METRO_GUINDY"", ""transport_mode"": ""metro""}."
hindi,HI200_171,सेंट्रल मेट्रो में अभी यात्रियों की भीड़ कितनी है?,False,recognition_failure,recognition_failure,realtime_crowd_confused_with_frequency,"Current Central metro crowd level becomes service_frequency and timetable-source refusal, not realtime source limitation. Evidence: status=unavailable; intent=service_frequency; operation=GET_SERVICE_FREQUENCY; clarification_reason=None; slots={""station"": ""RAIL_CHENNAI_CENTRAL"", ""transport_mode"": ""metro""}."
hindi,HI200_172,ताम्बरम से चेन्नई बीच वाली लोकल ट्रेन इस समय कहाँ रुकी है?,False,recognition_failure,recognition_failure,realtime_location_confused_with_interchange,"Current Tambaram–Beach train position is classified interchange_transfer, producing irrelevant transfer-record refusal. Evidence: status=unavailable; intent=interchange_transfer; operation=GET_INTERCHANGE_DETAILS; clarification_reason=None; slots={}."
hindi,HI200_173,हवाई अड्डा मेट्रो की सेवा अभी बंद पड़ी है या सामान्य चल रही है?,False,recognition_failure,recognition_failure,realtime_disruption_confused_with_static_availability,"Current airport-metro shutdown/running status becomes mode_availability, with static topology refusal instead of live source explanation. Evidence: status=unavailable; intent=mode_availability; operation=CHECK_SERVICE_AVAILABILITY; clarification_reason=None; slots={""transport_mode"": ""metro""}."
hindi,HI200_174,"बस ५७० का अभी अगला आगमन कितने मिनट में होगा, लाइव बताइए।",False,safe_limitation,safe_limitation,matched_external_source_limitation,"Correct live570 ETA family, explicit unavailable live transport status, and no scheduled-time-as-actual-arrival substitution. Evidence: status=unavailable; intent=realtime_status_query; operation=REJECT_UNSUPPORTED_REALTIME; clarification_reason=None; slots={}."
hindi,HI200_175,नीली लाइन पर अभी कोई दुर्घटना से रुकावट है क्या?,False,recognition_failure,recognition_failure,realtime_incident_confused_with_interchange,Present Blue Line accident/disruption becomes interchange_transfer and irrelevant source refusal. Evidence: status=unavailable; intent=interchange_transfer; operation=GET_INTERCHANGE_DETAILS; clarification_reason=None; slots={}.
hindi,HI200_176,वडपलनी मेट्रो की लिफ्ट आज अभी काम कर रही है?,False,recognition_failure,recognition_failure,live_equipment_status_confused_with_static_accessibility,"User asks if lift is working right now; classification station_accessibility addresses static feature evidence, not live equipment status. Evidence: status=unavailable; intent=station_accessibility; operation=GET_ACCESSIBILITY_INFO; clarification_reason=None; slots={}."
hindi,HI200_177,"मेट्रो की इस समय की असली देरी चाहिए, समय-सारणी वाली नहीं।",False,recognition_failure,recognition_failure,negated_schedule_controls_realtime_intent,"User asks actual present delay and excludes timetable, yet scheduled_departure selected and timetable absence refused. Evidence: status=unavailable; intent=scheduled_departure; operation=GET_SCHEDULED_DEPARTURES; clarification_reason=None; slots={""transport_mode"": ""metro""}."
hindi,HI200_178,चेन्नई बीच से एमआरटीएस ट्रेन अभी निकल चुकी है या नहीं?,False,recognition_failure,recognition_failure,realtime_departure_confused_with_first_last_and_false_scope,Actual MRTS departure already happened is realtime; reply selects first_and_last_service with multiple_goals despite one present-status question. Evidence: status=clarification; intent=first_and_last_service; operation=None; clarification_reason=multiple_goals; slots={}.
hindi,HI200_179,२७डी बस में अभी सीट खाली मिलेगी? बस की मौजूदा भीड़ पूछ रहा हूँ।,False,recognition_failure,recognition_failure,realtime_capacity_confused_with_ticketing,"Current27D crowd/seat availability becomes ticketing_and_passes and missing ticket policy, not live capacity source need. Evidence: status=unavailable; intent=ticketing_and_passes; operation=GET_TICKETING_POLICY; clarification_reason=None; slots={}."
hindi,HI200_180,"आलंदूर में अभी मेट्रो प्लेटफॉर्म बंद है क्या, तुरंत की स्थिति बताओ।",False,recognition_failure,recognition_failure,realtime_platform_closure_confused_with_interchange,Current Alandur platform closure is classified interchange_transfer; confirmed-interchange source absence is irrelevant to live closure status. Evidence: status=unavailable; intent=interchange_transfer; operation=GET_INTERCHANGE_DETAILS; clarification_reason=None; slots={}.
hindi,HI200_181,"चेन्नई में कल बारिश होगी क्या, मौसम बताइए।",False,recognition_failure,recognition_failure,weather_confused_with_first_last,"Future rain/weather is out of scope but becomes first_and_last_service with day clarification. Irrelevant transport family is a failure even without weather hallucination. Evidence: status=clarification; intent=first_and_last_service; operation=None; clarification_reason=temporal_ambiguity; slots={""temporal_relative"": ""कल""}."
hindi,HI200_182,हवाई अड्डे के लिए मेरे नाम से टैक्सी बुक कर दो।,False,safe_limitation,safe_limitation,correct_out_of_scope_rejection,Taxi booking is correctly rejected as outside Chennai public-transport scope; requested transaction remains unfulfilled and no booking is claimed. Evidence: status=out_of_scope; intent=out_of_scope; operation=REJECT_OUT_OF_SCOPE; clarification_reason=None; slots={}.
hindi,HI200_183,मुझे एग्मोर के पास अच्छा होटल आरक्षित करके दे दो।,False,safe_limitation,safe_limitation,correct_out_of_scope_rejection,"Hotel reservation is correctly rejected without fabricated booking. Safe domain boundary, not completed user booking goal. Evidence: status=out_of_scope; intent=out_of_scope; operation=REJECT_OUT_OF_SCOPE; clarification_reason=None; slots={}."
hindi,HI200_184,चेन्नई से दिल्ली की उड़ान का टिकट खरीदो।,False,recognition_failure,recognition_failure,flight_purchase_confused_with_ticket_policy,Delhi flight purchase becomes ticketing_and_passes and policy-source refusal instead of correct out_of_scope transaction rejection. Evidence: status=unavailable; intent=ticketing_and_passes; operation=GET_TICKETING_POLICY; clarification_reason=None; slots={}.
hindi,HI200_185,बैंगलुरु जाने वाली लंबी दूरी की ट्रेन में सीट आरक्षित करो।,False,recognition_failure,recognition_failure,intercity_reservation_confused_with_ticket_policy,Bangalore intercity rail-seat reservation becomes ticketing_and_passes; missing local policy is the wrong rejection reason/family. Evidence: status=unavailable; intent=ticketing_and_passes; operation=GET_TICKETING_POLICY; clarification_reason=None; slots={}.
hindi,HI200_186,मेरे लिए सेंट्रल मेट्रो के दो टिकट अभी खरीदकर भुगतान कर दो।,False,recognition_failure,recognition_failure,ticket_purchase_transaction_confused_with_information,User asks actual metro ticket purchase/payment; API chooses informational ticket policy and absent source instead of out_of_scope transaction boundary. Evidence: status=unavailable; intent=ticketing_and_passes; operation=GET_TICKETING_POLICY; clarification_reason=None; slots={}.
hindi,HI200_187,"घर का बिजली बिल कितना बाकी है, जाँच दो।",False,recognition_failure,recognition_failure,utility_bill_confused_with_transit_fare,Electric bill account query becomes fare_calculation and asks fare endpoints/stages; irrelevant transportation workflow. Evidence: status=clarification; intent=fare_calculation; operation=CALCULATE_FARE; clarification_reason=missing_slot; slots={}.
hindi,HI200_188,चेन्नई की सबसे स्वादिष्ट बिरयानी कहाँ मिलेगी?,False,safe_limitation,safe_limitation,correct_out_of_scope_rejection,Food recommendation is correctly rejected as outside transport scope; no unsupported restaurant recommendation is provided and original goal remains unfulfilled. Evidence: status=out_of_scope; intent=out_of_scope; operation=REJECT_OUT_OF_SCOPE; clarification_reason=None; slots={}.
hindi,HI200_189,मेरी मोबाइल लोकेशन से पता करो मैं अभी कहाँ हूँ।,False,recognition_failure,recognition_failure,device_location_confused_with_transport_realtime,"User asks own phone location, but realtime transport status refusal is selected; correct device/scope boundary is not recognized. Evidence: status=unavailable; intent=realtime_status_query; operation=REJECT_UNSUPPORTED_REALTIME; clarification_reason=None; slots={}."
hindi,HI200_190,"मेट्रो विषय छोड़ो, मुझे गणित का सवाल हल करके दो: सात गुणा आठ कितना?",False,recognition_failure,recognition_failure,unrelated_arithmetic_confused_with_ticketing,"Explicitly excluded metro topic and arithmetic question become ticketing_and_passes, with unrelated policy refusal. Evidence: status=unavailable; intent=ticketing_and_passes; operation=GET_TICKETING_POLICY; clarification_reason=None; slots={}."
hindi,HI200_191,मेरे स्मार्ट कार्ड से बैंक खाते में पैसे भेज दो।,False,recognition_failure,recognition_failure,financial_transaction_confused_with_ticket_policy,"Bank money-transfer request is classified ticketing policy, instead of out_of_scope transaction rejection; no transfer is falsely claimed. Evidence: status=unavailable; intent=ticketing_and_passes; operation=GET_TICKETING_POLICY; clarification_reason=None; slots={}."
hindi,HI200_192,नमस्ते! आज का राशिफल सुनाओ।,False,recognition_failure,recognition_failure,horoscope_confused_with_transport_realtime,Horoscope request becomes realtime_status_query; missing live transport feed is not an appropriate domain rejection. Evidence: status=unavailable; intent=realtime_status_query; operation=REJECT_UNSUPPORTED_REALTIME; clarification_reason=None; slots={}.
hindi,HI200_193,गिंडी मेट्रो से हवाई अड्डे का किराया बताइए और पहली ट्रेन का समय भी बताइए।,False,legitimate_clarification,legitimate_clarification,genuine_multiple_goals,Fare and first-service time are independently requested; correct null intent/operation and multiple_goals clarification ask which to answer first. Evidence: status=clarification; intent=None; operation=None; clarification_reason=multiple_goals; slots={}.
hindi,HI200_194,ब्रॉडवे से २१जी बस के सभी स्टॉप बताओ और अभी बस कहाँ है यह भी बताओ।,True,unsafe_or_wrong_answer,legitimate_clarification,genuine_multiple_goals,Stop list plus live bus position are both retained as candidate families. Neither is partially executed; asks which to answer first.
hindi,HI200_195,"आलंदूर मेट्रो में लिफ्ट है क्या, और पार्किंग की सुविधा भी बताओ।",False,legitimate_clarification,legitimate_clarification,genuine_multiple_goals,Lift accessibility and parking facility are independently requested; null intent/operation with multiple_goals correctly asks which goal first. Evidence: status=clarification; intent=None; operation=None; clarification_reason=multiple_goals; slots={}.
hindi,HI200_196,मरीना बीच के पास का बस स्टॉप बताइए और सेंट्रल से वहाँ पहुँचने का रास्ता बताइए।,False,recognition_failure,recognition_failure,multiple_goals_unrecognized_wrong_sequence_goal,"Nearest bus stop and full journey are independently requested. Reply instead assumes route_stop_sequence and asks route/line, neither requested clarification nor appropriate family. Evidence: status=clarification; intent=route_stop_sequence; operation=LIST_ROUTE_STOPS; clarification_reason=missing_slot; slots={""transport_mode"": ""bus""}."
hindi,HI200_197,गिंडी मेट्रो की सुविधा?,False,recognition_failure,recognition_failure,undetermined_goal_arbitrarily_selected,"गिंडी मेट्रो की सुविधा is genuinely unspecified across service/facilities/accessibility. Assistant chooses mode availability and topology refusal rather than asking the actual goal. Evidence: status=unavailable; intent=mode_availability; operation=CHECK_SERVICE_AVAILABILITY; clarification_reason=None; slots={""destination"": ""METRO_GUINDY"", ""transport_mode"": ""metro""}."
hindi,HI200_198,"ताम्बरम, ट्रेन, कल — बस इतनी ही जानकारी है।",False,recognition_failure,recognition_failure,undetermined_goal_and_polysemous_bus_assumption,"Sparse Tambaram/train/कल input contains no first/last goal. Reply arbitrarily selects first_and_last_service and interprets बस इतनी (only this much) as bus mode; day clarification alone does not resolve the unspecified goal. Evidence: status=clarification; intent=first_and_last_service; operation=None; clarification_reason=temporal_ambiguity; slots={""temporal_relative"": ""कल"", ""transport_mode"": ""bus""}."
hindi,HI200_199,"साधारण बस में किराया दस स्टेज का चाहिए, चार स्टेज का नहीं।",True,recognition_failure,recognition_failure,negated_stage_count_competes,"Positive stage10 and excluded stage4 are conservatively treated as competing scopes. No wrong fare executes, but the explicit positive count is not recognized."
hindi,HI200_200,गिंडी मेट्रो की समय-सारणी रात ११:७५ के बाद बताइए।,False,safe_limitation,safe_limitation,matched_source_limitation_with_invalid_clock,"Correct metro departure source refusal asserts no clock/fact at invalid11:75. Terminal preflight makes invalid-minute parsing unproven; no invented valid time is executed. Evidence: status=unavailable; intent=scheduled_departure; operation=GET_SCHEDULED_DEPARTURES; clarification_reason=None; slots={""station"": ""METRO_GUINDY"", ""transport_mode"": ""metro""}."
hinglish,HG200_001,Vadapalani metro se Teynampet metro pahunchne ka tareeka samjha do yaar,False,safe_limitation,safe_limitation,source_limit; secondary_origin_not_retained,"Correct journey family and metro topology refusal. Returned slots retain Teynampet destination but omit supplied Vadapalani origin; no itinerary claimed, so source limitation remains primary."
hinglish,HG200_002,"Mujhe Alandur se High Court sirf metro me jaana hai, kaise jaun?",False,safe_limitation,safe_limitation,source_limit,"Correct metro journey family, both endpoints retained; no mode-consistent published metro topology."
hinglish,HG200_003,"Broadway se Adyar bus se kaun sa raasta pakdu, ticket rate nahi pooch raha",False,recognition_failure,recognition_failure,negation_wrong_family,Route request explicitly excludes ticket rate; fare_calculation/entity clarification answers the wrong family.
hinglish,HG200_004,"Airport metro tk jana h, starting jagah main bhool gaya likhna",False,recognition_failure,recognition_failure,wrong_family_missing_origin,Missing-origin route request becomes route_stop_sequence; source refusal does not request absent origin.
hinglish,HG200_005,"Egmore metro se nikalunga; kidhar jana hai abhi nahi bataya, route help chahiye",False,recognition_failure,recognition_failure,wrong_family_missing_destination,Missing-destination journey request becomes interchange_transfer and a transfer-source refusal.
hinglish,HG200_006,"Guindy se Chennai Central metro rasta dikha, change jitna kam ho utna better",False,recognition_failure,recognition_failure,wrong_family_preference,Metro journey with least-changes preference becomes interchange_transfer.
hinglish,HG200_007,Poonamallee Bus Terminus se CMBT ka bus rasta bta sakte ho?,False,legitimate_clarification,legitimate_clarification,canonical_entity_ambiguity,Correct journey family and bus origin preserved; CMBT has multiple bus physical-stop candidates. Clarification avoids guessing destination.
hinglish,HG200_008,Ashok Nagar metro se Saidapet metro jaane ka quickest route kya padega?,False,safe_limitation,safe_limitation,source_limit; secondary_roles_and_preference_not_retained,"Correct metro journey source refusal, but returned destination is Ashok Nagar (the origin); Saidapet and quickest preference are absent. No narrower route was asserted."
hinglish,HG200_009,"Anna Nagar Tower metro se Airport jana hai via Alandur metro, poora route batana",False,safe_limitation,safe_limitation,source_limit; secondary_endpoints_not_retained,Correct metro journey source refusal and Alandur via retained. Anna Nagar Tower and Airport endpoints are absent from returned slots; waypoint itinerary is not fulfilled.
hinglish,HG200_010,"Nandanam metro se LIC metro direct hi jaana hai, interchange avoid karna",False,recognition_failure,recognition_failure,wrong_family_constraint,Direct-only journey request becomes mode_availability; also LIC is retained without Nandanam origin or direct preference.
hinglish,HG200_011,"Local train se Tambaram to Chennai Beach kaise niklu, pura safar bata do",False,safe_limitation,safe_limitation,source_limit,"Correct suburban journey family, Tambaram-to-Chennai Beach direction and mode retained; matching topology is unavailable."
hinglish,HG200_012,"Thirumangalam metro se Nehru Park metro ka raasta chahiye, bus bilkul nahi",False,recognition_failure,recognition_failure,negation_mode_conflict,Explicit metro request excluding bus becomes mode_availability and asks to choose metro or bus; negated mode is treated as requested.
hinglish,HG200_013,"Tambaram se Anna Nagar jana h, pehle local fir metro ka combo batao",False,safe_limitation,safe_limitation,source_limit; extraction_unverified,"Explicit local/metro combined journey is recognized as multimodal; blanket missing confirmed transfer-graph refusal precedes endpoint extraction, so no itinerary goal is fulfilled."
hinglish,HG200_014,Velachery se High Court bus aur metro mila ke kaise pahuchu?,False,recognition_failure,recognition_failure,wrong_family_mode_chain,Combined bus/metro itinerary becomes point_to_point_route and a request to select one mode.
hinglish,HG200_015,"Avadi se Airport ka route chahiye local train plus metro me, steps me samjhao",False,safe_limitation,safe_limitation,source_limit; extraction_unverified,"Local-train/metro combined journey family correctly selected; absent confirmed multimodal graph prevents itinerary, with no extracted scope exposed."
hinglish,HG200_016,Mylapore se Koyambedu bus se nikal kar metro change karu to kya journey banegi?,False,safe_limitation,safe_limitation,source_limit; extraction_unverified,"Bus-to-metro journey family correctly selected; blanket confirmed-graph limitation, no travel steps asserted."
hinglish,HG200_017,"Bus aur metro dono use kar lunga, destination Teynampet hai; start kaha se bolna bhool gaya",False,recognition_failure,recognition_failure,wrong_family_missing_origin,Multimodal journey with absent start becomes first_and_last_service and a one-mode prompt.
hinglish,HG200_018,"Chromepet se bus+metro travel karna hai, destination likha hi nahi maine",False,safe_limitation,safe_limitation,source_limit_before_missing_scope,Multimodal family correct but source refusal precedes clarification of explicitly absent destination. Safe graph limitation is primary; missing destination is still unresolved.
hinglish,HG200_019,Guindy se Washermenpet tak metro ke saath bus connect karke sabse sasta way?,False,recognition_failure,recognition_failure,wrong_family_mode_chain_preference,Explicit cheapest metro/bus combination becomes single-mode route and asks user to choose one mode.
hinglish,HG200_020,"Perambur se Chennai Airport local aur metro se jaana hai, Central hote hue",False,recognition_failure,recognition_failure,wrong_family_waypoint,"Local/metro itinerary via Central becomes point_to_point_route, with only metro mode retained; broad refusal does not rescue wrong family."
hinglish,HG200_021,"Thiruvanmiyur se Egmore, MRTS utar ke bus lena chahta hu; travel chain bta",False,safe_limitation,safe_limitation,source_limit; extraction_unverified,Explicit MRTS/bus travel chain recognized as multimodal; graph absent and no itinerary asserted.
hinglish,HG200_022,"Bus se metro pakad ke Marina Beach jana h from Porur, shortest plan milega?",False,safe_limitation,safe_limitation,source_limit; optimization_unverified,"Bus/metro journey recognized as multimodal; graph refusal is safe, but shortest preference/endpoints are not exposed or fulfilled."
hinglish,HG200_023,"Sirf metro nahi, Ambattur se Saidapet bus bhi jodna padega; route explain karo",False,safe_limitation,safe_limitation,source_limit; extraction_unverified,Combined journey family retained despite negated metro-only wording; confirmed multimodal graph absent.
hinglish,HG200_024,Kya tum local aur bus ka combined journey Chennai Beach se Madipakkam ke liye samjha sakte ho?,False,safe_limitation,safe_limitation,source_limit; extraction_unverified,Indirect combined local/bus itinerary request recognized as multimodal; source refusal does not claim an itinerary.
hinglish,HG200_025,570S bus ka start se end tk har stop naam order me likh do,False,safe_limitation,safe_limitation,source_limit,Exact 570S suffix and bus mode retained; no published sequence available for the requested route.
hinglish,HG200_026,21 G bus raste me konse-konse stops leti hai? bas poori list chahiye,False,safe_limitation,safe_limitation,partial_topology,"21 G correctly normalized to 21G and sourced sequences returned, but full requested list is only partial. Response discloses four unusable links and uncovered variants; not full goal fulfillment."
hinglish,HG200_027,102-A bus ke saare stoppage ek ek krke btao,False,goal_correct,goal_correct,answered_published_scope,102-A correctly normalized to 102A; two complete sourced directional sequences returned with provisional operation caveat.
hinglish,HG200_028,Blue Line metro me stations ka sequence first se last kya hai?,False,safe_limitation,safe_limitation,source_limit,"Correct sequence family, explicit metro mode and named line retained; matching metro topology source unavailable."
hinglish,HG200_029,"Green Line wali metro kahan kahan rukti h, station order bhejo",False,safe_limitation,safe_limitation,source_limit,"Correct sequence family, explicit metro mode and named line retained; matching metro topology source unavailable."
hinglish,HG200_030,Bus no 29C ke poore stop chain dikha do; kiraya nahi chahiye,False,safe_limitation,safe_limitation,partial_topology,29C stop list recognized despite negated fare. Returned sourced variants disclose partial coverage and uncovered route IDs; requested complete list is not fully fulfilled.
hinglish,HG200_031,M1 bus ka route-stop list nikal doge?,False,safe_limitation,safe_limitation,source_limit,M1 route prefix and bus mode preserved; no mode-consistent sequence for exact route.
hinglish,HG200_032,"१०२A bus kaha kaha rukti hai, ordered list chahiye mujhe",False,goal_correct,goal_correct,answered_native_digit_scope,Native १०२A correctly normalized to 102A; two complete sourced directional sequences returned with provisional caveat.
hinglish,HG200_033,"२५R ki stops wali list do, bus number Hindi digits me likha hai",True,recognition_failure,goal_correct,published_structured_stop_sequence,"Hindi-digit25R possessive code preserved; actual JSON supplies the complete ordered published33-stop variant, with no coverage gaps and source/operation caveat."
hinglish,HG200_034,"Ek bus ka saara stops sequence jaana hai, number abhi mere paas nahi",False,legitimate_clarification,legitimate_clarification,genuinely_missing_route,Correct sequence family asks for the route/line that the query explicitly says is absent.
hinglish,HG200_035,102K# ka stop order kya hai? hash wala variant hi batana,False,recognition_failure,recognition_failure,supplied_suffix_route_missed,Explicit 102K# variant is not extracted; route clarification asks for an already supplied identifier.
hinglish,HG200_036,Bus route 27D me dono direction ke stop order alag hote to dono dikhao,False,goal_correct,goal_correct,answered_directional_sequences,"Exact 27D retained and five sourced sequences include both directions; full payload is qualified as published topology, not running service."
hinglish,HG200_037,29C bus T Nagar par rukti hai ya bypass kar deti h?,False,recognition_failure,recognition_failure,supplied_stop_missed,T Nagar stop is supplied but prompt asks for stop; absence of canonical alias is not genuinely missing user input.
hinglish,HG200_038,21G bus me Guindy stop aata h kya bhai?,False,legitimate_clarification,legitimate_clarification,canonical_entity_ambiguity,"Correct membership family, 21G and bus retained; ten distinct Guindy bus physical-stop candidates justify a stop choice."
hinglish,HG200_039,"102A me Adyar included hai ki nahi, sirf ye confirm karna",False,recognition_failure,recognition_failure,wrong_family_supplied_route_missed,"Adyar membership on 102A becomes route_stop_sequence, with 102A omitted and requested again."
hinglish,HG200_040,570 S bus Sholinganallur pe halt karti hai?,False,safe_limitation,safe_limitation,source_limit,"570 S normalized to 570S, Sholinganallur and membership goal retained; source says exact route or stop absent."
hinglish,HG200_041,Green Line me Guindy station padta hai kya?,False,recognition_failure,recognition_failure,wrong_family_line_membership,Green Line membership of Guindy becomes interchange_transfer refusal.
hinglish,HG200_042,Blue Line ke stops me Egmore bhi hai kya?,False,recognition_failure,recognition_failure,wrong_family_line_membership,Egmore membership on Blue Line becomes sequence listing refusal; no membership operation selected.
hinglish,HG200_043,२१G bus Saidapet par rukti hai kya? Hindi digits ko bus number samjho,False,recognition_failure,recognition_failure,wrong_family_answered_sequence,२१G normalized successfully but specific Saidapet membership is answered with an entire route sequence. Sourced list is not the requested yes/no membership result.
hinglish,HG200_044,१०२-C Thiruvanmiyur cover karti h kya?,False,recognition_failure,recognition_failure,supplied_native_suffix_route_missed,"१०२-C supplied explicitly, but only Thiruvanmiyur stop retained; route identifier requested again."
hinglish,HG200_045,"Guindy par ye bus rukti h kya, route number main abhi nahi de sakta",False,legitimate_clarification,legitimate_clarification,canonical_ambiguity_and_missing_route,"Guindy bus physical stop is genuinely ambiguous and route is explicitly absent. Asking for a stop choice is legitimate, though route remains unresolved."
hinglish,HG200_046,Bus 25R kisi stop par rukti hai kya? stop ka naam nahi likha maine,False,recognition_failure,recognition_failure,wrong_family_missing_stop,Query explicitly says membership stop is absent; response lists 25R route stops rather than asking which stop.
hinglish,HG200_047,"27D Ashok Pillar se guzarti hai? timing nahi, stop confirm chahiye",False,recognition_failure,recognition_failure,supplied_route_missed_with_ambiguity,"Ashok Pillar bus candidates are genuinely multiple, but explicit 27D is absent from slots. Genuine entity ambiguity does not excuse losing the supplied route scope."
hinglish,HG200_048,"102K# Kannagi Nagar pe rukne wali variant hai na, stop record check karo",False,recognition_failure,recognition_failure,wrong_family_supplied_suffix_route_missed,102K# membership becomes sequence family and prompt requests already supplied route variant.
hinglish,HG200_049,Guindy metro se roz sabse pehli train kitne baje nikalti hai?,False,safe_limitation,safe_limitation,source_limit,Correct first-service goal with Guindy metro station and first timing retained; metro schedule source absent.
hinglish,HG200_050,Poonamallee Bus Terminus se 25R ki aakhri bus ka schedule time?,True,unsafe_or_wrong_answer,recognition_failure,wrong_first_last_family_safely_route_filtered,"25R now retained, preventing unrelated departures. Last-service question still becomes scheduled_departure; no matching departures is safe but remains wrong family."
hinglish,HG200_051,Chennai Beach se Tambaram last local ka time bata dijiye,False,recognition_failure,recognition_failure,explicit_local_mode_not_used,"Last-service family is correct, but explicit local train is not retained as suburban mode. Tambaram candidates include bus/hub/rail and ask avoidable cross-mode ambiguity."
hinglish,HG200_052,CMBT par 27D ka subah wala first trip kab start hota h?,False,recognition_failure,recognition_failure,supplied_route_missed_with_ambiguity,"First-service family and CMBT ambiguity are recognized, but explicit 27D route is absent; generic clarification loses route constraint."
hinglish,HG200_053,102 bus Broadway se pehli aur aakhri service ki timings dono de do,False,recognition_failure,recognition_failure,false_multiple_goals,First and last bounds are one GET_FIRST_LAST_SERVICE goal on 102 from Broadway. Generic multiple-scope clarification incorrectly treats this as competing goals.
hinglish,HG200_054,First metro kab hai bhai? station ka naam maine nahi diya,False,recognition_failure,recognition_failure,wrong_family_missing_station,"First metro with explicit absent station becomes interchange_transfer source refusal, rather than first-service scope."
hinglish,HG200_055,"21G ki last bus ka timing chahiye, kis stop se woh nahi likha",True,recognition_failure,legitimate_clarification,genuine_missing_boarding_stop,"21G and last timing retained. Boarding stop is explicitly absent, so the single stop prompt is necessary."
hinglish,HG200_056,"Alandur metro ki aakhri train kal, matlab kis din ki poochu samajh nahi aa raha",False,recognition_failure,recognition_failure,false_multiple_goals_temporal,Ambiguous kal for one last train becomes multiple_goals rather than temporal clarification; actual question has one temporal ambiguity.
hinglish,HG200_057,"Last bus from Broadway raat 10 baje ke baad kab hogi, route 102 hai",False,recognition_failure,recognition_failure,false_multiple_goals_clock_bound,One last-bus query with explicit night clock and route 102 gets competing-scope clarification instead of retaining/limiting the unsupported clock bound.
hinglish,HG200_058,५७०S ki pehli bus Kelambakkam se kb nikalti h?,True,recognition_failure,recognition_failure,supplied_boarding_stop_unrecognized,"570S suffix now retained, but explicit Kelambakkam boarding stop is still lost and requested again."
hinglish,HG200_059,"Guindy se Airport ki first metro aaj ka published schedule batao, live nahi",True,recognition_failure,recognition_failure,negated_prediction_guarded,"Excluded live prediction is guarded, but explicit first published-metro service is still not recognized."
hinglish,HG200_060,"Pehli bus Broadway se Adyar ke liye Saidapet hote hue, 21G ka timing?",True,recognition_failure,recognition_failure,wrong_first_last_family_with_route_fix,21G is retained but first-service question remains scheduled_departure. Safe waypoint limitation does not rescue wrong family.
hinglish,HG200_061,25R Poonamallee Bus Terminus se average kitne minute gap me chalti hai schedule me?,False,recognition_failure,recognition_failure,supplied_route_missed,25R supplied before stop name is not extracted; correct headway family asks for a route already provided.
hinglish,HG200_062,102 bus Broadway par timetable ke mutabik kitni der der me milti hai?,False,legitimate_clarification,legitimate_clarification,canonical_entity_ambiguity,Correct frequency family and bus 102 preserved; three Broadway bus physical-stop candidates justify choosing stop.
hinglish,HG200_063,Green Line metro Nehru Park pe scheduled frequency kya rehti hai?,False,recognition_failure,recognition_failure,wrong_family_headway,Explicit scheduled frequency on Green Line becomes scheduled_departure; matching source refusal still wrong family.
hinglish,HG200_064,Blue Line Guindy station pe trains ka normal interval btao,False,recognition_failure,recognition_failure,line_mode_context_not_used,Blue Line headway goal selected but line context does not qualify Guindy as metro; bus/metro/rail ambiguity prompt is avoidable with unambiguous line context.
hinglish,HG200_065,21 G buses Saidapet stop se kitne-kitne min ke gap pe hain?,True,recognition_failure,recognition_failure,plural_mode_fixed_route_still_missing,"Plural buses now retains bus and narrows physical Saidapet candidates, but supplied21 G route is still absent. Partial fix is not full legitimate clarification."
hinglish,HG200_066,१०२A Broadway pe kitni der ke antaral me scheduled bus deti hai?,False,recognition_failure,recognition_failure,supplied_native_route_missed,"Correct frequency family and Broadway bus ambiguity, but supplied १०२A route is absent."
hinglish,HG200_067,"Bus frequency janna h at CMBT, route ka number nahi malum",False,recognition_failure,recognition_failure,wrong_family_missing_route,Frequency with explicitly unknown route becomes sequence-listing clarification.
hinglish,HG200_068,"27D ka average gap batao, stop ka naam main bhool gaya",False,recognition_failure,recognition_failure,wrong_family_supplied_route_missed,"Headway with missing stop becomes sequence family, which also asks for already supplied 27D route."
hinglish,HG200_069,"570S Kelambakkam se timetable gap kya hai, aaj live wait nahi pooch rha",False,recognition_failure,recognition_failure,wrong_family_negated_live_false_multigoal,Scheduled gap explicitly excludes live wait; selected scheduled_departure and false multiple-scope clarification instead of headway.
hinglish,HG200_070,M1 Thiruvanmiyur se evening me kitne minute par ek bus scheduled hoti h?,False,recognition_failure,recognition_failure,wrong_family_supplied_route_missed,M1 evening headway becomes first_and_last_service; M1/period scope omitted from source refusal.
hinglish,HG200_071,102 Broadway se Adyar via Guindy buses ka schedule interval kya h?,True,recognition_failure,recognition_failure,wrong_frequency_family,"Plural bus mode now survives; frequency request still becomes scheduled_departure, and102 route is omitted. Waypoint refusal remains wrong family."
hinglish,HG200_072,25R ka Poonamallee Bus Terminus pe kal ka frequency schedule,True,recognition_failure,recognition_failure,wrong_frequency_family_with_route_fix,"25R now survives and kal correctly clarifies day; frequency remains scheduled_departure, so wrong family is unresolved."
hinglish,HG200_073,Poonamallee Bus Terminus se subah 7:15 baje ke baad departures dikhao,False,goal_correct,goal_correct,answered_scheduled_scope,07:15 explicit morning clock and Poonamallee stop retained; five published departures at/after 07:15 have schedule/source/provisional caveat.
hinglish,HG200_074,Bus 25R Poonamallee Bus Terminus se 18:40 par scheduled departure list milegi?,False,safe_limitation,safe_limitation,source_limit,"25R, 18:40, bus mode and Poonamallee stop retained; no matching published departures found, no live/negative availability claim."
hinglish,HG200_075,Broadway pe 102 ke 9:30 AM se aage wale timetable departures bta do,False,recognition_failure,recognition_failure,supplied_route_missed_with_ambiguity,"Correct departure family, AM clock and genuine Broadway bus ambiguity, but supplied 102 before ke not extracted."
hinglish,HG200_076,Guindy metro ka timetable shaam 6:20 ke baad chahiye mujhe,True,safe_limitation,safe_limitation,source_limit_with_corrected_period,"shaam6:20 now18:20, station/mode retained. Metro schedule absence remains a source limitation."
hinglish,HG200_077,२१G bus Saidapet se रात ९:१० baje ka schedule dikhana,False,legitimate_clarification,legitimate_clarification,canonical_entity_ambiguity,Native २१G route and night ९:१० clock normalize correctly; Saidapet bus physical candidates genuinely ambiguous.
hinglish,HG200_078,"Departures batao 6 PM par, station maine mention nahi kiya",False,recognition_failure,recognition_failure,wrong_family_missing_station,Explicit departures at 6 PM with station absent becomes route_stop_sequence and asks for route/line instead.
hinglish,HG200_079,Poonamallee Bus Terminus pe bus schedule 9 baje wala chahiye,False,legitimate_clarification,legitimate_clarification,genuine_bare_clock_ambiguity,Bare 9 baje preserved as 09:00/21:00 candidates and requests time/day clarification; no AM default.
hinglish,HG200_080,CMBT se departure 26:75 pe kab hai? typo lag raha par check karo,False,legitimate_clarification,legitimate_clarification,canonical_ambiguity; invalid_clock_unverified,"CMBT genuinely has bus/metro candidates, so asking which physical stop is legitimate and no invalid-clock answer executes. 26:75 is not retained or explicitly acknowledged; invalid-clock handling remains unverified behind this ambiguity."
hinglish,HG200_081,Poonamallee Bus Terminus se 25R departures kal ka schedule dikhao,False,recognition_failure,recognition_failure,supplied_route_missed_with_temporal_ambiguity,Ambiguous kal appropriately clarified but explicit 25R omitted; partial recognition is not a fully legitimate clarification.
hinglish,HG200_082,"Broadway se Adyar via Guindy, 102 ke 08:15 AM departures chahiye",False,safe_limitation,safe_limitation,unsupported_waypoint_scope; secondary_route_unretained,"Correct departure goal, AM clock retained and explicit waypoint-filter limitation. Returned slots omit supplied 102 and endpoints; no partial timetable claimed."
hinglish,HG200_083,25R Poonamallee Bus Terminus se 5 PM se pehle ki departure list do,False,recognition_failure,recognition_failure,false_multiple_goals_before_clock,One departure scope with before 5 PM is incorrectly treated as multiple goals; route/clock discarded instead of explicit unsupported-before limitation.
hinglish,HG200_084,"CMBT pe 27D departures 14:05 ka published chart, current arrival mat bta",False,recognition_failure,recognition_failure,false_multiple_goals_negated_live,"One 27D departure clock with negated current arrival becomes multiple_goals, dropping route/time scope."
hinglish,HG200_085,Saidapet se Guindy direct bus service hai bhi ya nahi?,False,legitimate_clarification,legitimate_clarification,canonical_entity_ambiguity,"Correct bus-connectivity family; supplied Saidapet and Guindy have multiple physical bus candidates, so stop choice is legitimate."
hinglish,HG200_086,Alandur aur Airport ke beech metro chalti h kya?,False,safe_limitation,safe_limitation,source_limit; secondary_endpoint_roles_not_retained,"Correct metro availability refusal; Alandur retained as destination and Airport absent, although query states a between-pair. No connection asserted; endpoint representation remains defective."
hinglish,HG200_087,Tambaram se Chennai Beach local train milti hai kya generally?,False,safe_limitation,safe_limitation,source_limit,Correct suburban connectivity family and both endpoints/mode retained; matching published topology unavailable.
hinglish,HG200_088,Velachery to Thirumayilai MRTS connection available hai?,False,safe_limitation,safe_limitation,source_limit; secondary_destination_not_retained,Correct MRTS connectivity refusal and Velachery origin; Thirumayilai destination absent from returned slots. No route/connection assertion made.
hinglish,HG200_089,Porur se CMBT bus aati jaati hai ki route hi nahi hai?,False,recognition_failure,recognition_failure,wrong_family_connectivity,Porur-to-CMBT bus existence becomes interchange_transfer source refusal.
hinglish,HG200_090,Nehru Park se Anna Nagar Tower metro connection hoga na?,False,safe_limitation,safe_limitation,source_limit; secondary_destination_not_retained,Correct metro connectivity refusal and Nehru Park origin; Anna Nagar Tower destination absent. Blanket source gate prevents a connection assertion.
hinglish,HG200_091,Airport ke liye bus service h kya? meri starting locality nahi di,False,recognition_failure,recognition_failure,supplied_destination_missed,"Origin genuinely absent, but Airport destination supplied and also requested again. Missing canonical recognition cannot be counted as truly absent input."
hinglish,HG200_092,"Pallavaram se local available h kya, destination batana reh gaya",False,recognition_failure,recognition_failure,explicit_local_mode_not_used,"Pallavaram origin with local mode and absent destination becomes cross-mode entity ambiguity including bus and rail, with local mode unretained."
hinglish,HG200_093,"Guindy se Central metro connection check karo, route directions abhi nahi chahiye",False,recognition_failure,recognition_failure,negated_route_wrong_family,Connectivity explicitly excludes directions; response selects sequence family and metro topology refusal.
hinglish,HG200_094,"Broadway se Adyar bus kal chalti hai kya, future trip plan kar raha hu",False,recognition_failure,recognition_failure,wrong_family_dated_availability,Future bus availability becomes first_and_last_service with false multiple-goal clarification; dated connectivity scope not recognized.
hinglish,HG200_095,Guindy se Airport aaj 11 PM metro available hai kya?,False,safe_limitation,safe_limitation,source_limit; secondary_destination_not_retained,Correct availability source refusal and 23:00/aaj/metro retained; Airport destination omitted. No claim of operation today made.
hinglish,HG200_096,"Chennai Beach se Tambaram sirf local train hai kya, bus ki availability mat ginna",False,recognition_failure,recognition_failure,negated_mode_conflict,"Local train explicitly requested and bus excluded, but prompt asks to choose suburban or bus, counting negated bus as requested mode."
hinglish,HG200_097,Ordinary MTC bus stage 6 ka kiraya kitna baithega?,False,goal_correct,goal_correct,answered_dated_stage_tariff,"Ordinary stage 6 preserved; INR 10 includes source, government order and 2018 effective date with current-fare caveat. No claimed current price guarantee."
hinglish,HG200_098,Express service me 11 stages ka ticket amount bta do,True,recognition_failure,goal_correct,dated_published_stage_tariff,Express and11 stages retained; dated official INR22 stage tariff includes source/effective date and current-fare caveat.
hinglish,HG200_099,Deluxe bus ka 8 stage fare kya hai bhai?,True,recognition_failure,goal_correct,dated_published_stage_tariff,Deluxe and8 stage retained; dated official INR25 tariff includes source/effective date and current-fare caveat.
hinglish,HG200_100,Night service stage 3 ke paise kitne lagenge?,False,goal_correct,goal_correct,answered_dated_stage_tariff,"Night stage 3 retained; INR 15 returned with official source, government order, effective date and current-fare caveat."
hinglish,HG200_101,AC bus me stage 7 ka cost bataoge?,False,safe_limitation,safe_limitation,requested_class_source_absent,"AC stage 7 and bus mode retained; absent verified AC tariff is reported, with no class substitution."
hinglish,HG200_102,Ordinary bus me ६ stage ka किराया kitna h?,True,recognition_failure,goal_correct,dated_published_stage_tariff,Ordinary and native६ stage retained; dated official INR10 tariff includes source/effective date and current-fare caveat.
hinglish,HG200_103,Guindy metro se High Court metro token ticket kitne ka?,False,safe_limitation,safe_limitation,source_limit,"Correct token fare family, Guindy-to-High Court metro endpoints and token retained; no verified fare record returned."
hinglish,HG200_104,Airport se Alandur metro smart card fare kya padega?,False,recognition_failure,recognition_failure,wrong_family_amount_vs_policy,"Smart-card journey amount explicitly requested, but selected ticket/pass policy refusal instead of fare-calculation goal."
hinglish,HG200_105,"Broadway se Adyar bus ka kiraya nikal do, stage ka mujhe nahi pata",False,recognition_failure,recognition_failure,wrong_family_bus_od_fare,Bus OD fare with no known stage becomes interchange_transfer source refusal.
hinglish,HG200_106,Bus fare kitna hai? start end dono nahi diye aur stage bhi nahi,True,legitimate_clarification,legitimate_clarification,genuinely_missing_fare_basis,Both endpoints and stage are explicitly absent. Valid-stage prompt requests a genuinely missing fare basis; no arbitrary tariff.
hinglish,HG200_107,"MTC stage 12 ka amount chahiye, bus class specify nahi ki maine",False,goal_correct,goal_correct,answered_dated_disclosed_default,Explicit stage 12 retained; Ordinary default disclosed in response and data along with official source/effective date and current-price caveat.
hinglish,HG200_108,"Egmore metro se Central metro ka amount, route mat samjhana abhi",False,legitimate_clarification,legitimate_clarification,canonical_entity_ambiguity,Correct metro fare family despite negated route directions; two Egmore metro physical IDs justify origin choice and Central destination retained.
hinglish,HG200_109,"Metro smart card recharge ka process kya h, thoda easy samjhao",False,safe_limitation,safe_limitation,ticket_policy_source_absent; extraction_unverified,Correct ticketing_and_passes family; blanket refusal states authoritative ticket/pass policy table absent. No invented policy or transaction flow; ticket/mode extraction is bypassed/unverified and policy goal remains unfulfilled.
hinglish,HG200_110,MTC monthly pass banwane ke rules aur documents kya honge?,False,safe_limitation,safe_limitation,ticket_policy_source_absent; extraction_unverified,Correct ticketing_and_passes family; blanket refusal states authoritative ticket/pass policy table absent. No invented policy or transaction flow; ticket/mode extraction is bypassed/unverified and policy goal remains unfulfilled.
hinglish,HG200_111,NCMC card Chennai metro me use karne ka niyam bata do,False,safe_limitation,safe_limitation,ticket_policy_source_absent; extraction_unverified,Correct ticketing_and_passes family; blanket refusal states authoritative ticket/pass policy table absent. No invented policy or transaction flow; ticket/mode extraction is bypassed/unverified and policy goal remains unfulfilled.
hinglish,HG200_112,QR ticket ka validity rule kya rehta h metro me?,False,safe_limitation,safe_limitation,ticket_policy_source_absent; extraction_unverified,Correct ticketing_and_passes family; blanket refusal states authoritative ticket/pass policy table absent. No invented policy or transaction flow; ticket/mode extraction is bypassed/unverified and policy goal remains unfulfilled.
hinglish,HG200_113,Token ticket return ho sakta hai kya? metro wala pooch raha hu,False,safe_limitation,safe_limitation,ticket_policy_source_absent; extraction_unverified,Correct ticketing_and_passes family; blanket refusal states authoritative ticket/pass policy table absent. No invented policy or transaction flow; ticket/mode extraction is bypassed/unverified and policy goal remains unfulfilled.
hinglish,HG200_114,"Suburban season pass renew kaise hota hai, rule batao",False,safe_limitation,safe_limitation,ticket_policy_source_absent; extraction_unverified,Correct ticketing_and_passes family; blanket refusal states authoritative ticket/pass policy table absent. No invented policy or transaction flow; ticket/mode extraction is bypassed/unverified and policy goal remains unfulfilled.
hinglish,HG200_115,Tourist pass lena ho to kya conditions hoti hain Chennai metro me?,False,safe_limitation,safe_limitation,ticket_policy_source_absent; extraction_unverified,Correct ticketing_and_passes family; blanket refusal states authoritative ticket/pass policy table absent. No invented policy or transaction flow; ticket/mode extraction is bypassed/unverified and policy goal remains unfulfilled.
hinglish,HG200_116,Monthly pass kisi aur ko deke travel karwa sakte hai kya?,False,safe_limitation,safe_limitation,ticket_policy_source_absent; extraction_unverified,Correct ticketing_and_passes family; blanket refusal states authoritative ticket/pass policy table absent. No invented policy or transaction flow; ticket/mode extraction is bypassed/unverified and policy goal remains unfulfilled.
hinglish,HG200_117,"Bus monthly pass ke rules bolna, per ride kiraya nahi puch raha",False,safe_limitation,safe_limitation,ticket_policy_source_absent; extraction_unverified,Correct ticketing_and_passes family; blanket refusal states authoritative ticket/pass policy table absent. No invented policy or transaction flow; ticket/mode extraction is bypassed/unverified and policy goal remains unfulfilled.
hinglish,HG200_118,Metro smartcard kho gayi to replace ka process kya rahega?,False,safe_limitation,safe_limitation,ticket_policy_source_absent; extraction_unverified,Correct ticketing_and_passes family; blanket refusal states authoritative ticket/pass policy table absent. No invented policy or transaction flow; ticket/mode extraction is bypassed/unverified and policy goal remains unfulfilled.
hinglish,HG200_119,Chennai local ka season pass online apply karne ka tarika?,False,safe_limitation,safe_limitation,ticket_policy_source_absent; extraction_unverified,Correct ticketing_and_passes family; blanket refusal states authoritative ticket/pass policy table absent. No invented policy or transaction flow; ticket/mode extraction is bypassed/unverified and policy goal remains unfulfilled.
hinglish,HG200_120,"Ticket policy help chahiye, QR ticket ko cancel karna ho to?",False,safe_limitation,safe_limitation,ticket_policy_source_absent; extraction_unverified,Correct ticketing_and_passes family; blanket refusal states authoritative ticket/pass policy table absent. No invented policy or transaction flow; ticket/mode extraction is bypassed/unverified and policy goal remains unfulfilled.
hinglish,HG200_121,Nandanam metro pe bike parking ki suvidha hai kya?,False,safe_limitation,safe_limitation,facility_source_unverified; extraction_unverified,Correct station_facilities family with explicit unverified-facility limitation. No amenity availability invented; station/facility extraction bypassed/unverified and user goal not answered.
hinglish,HG200_122,Guindy metro me paani peene ka point milta hai?,False,recognition_failure,recognition_failure,wrong_family_hindi_facility,Drinking-water amenity expressed as paani peene becomes interchange_transfer source refusal.
hinglish,HG200_123,Egmore station par cloak room h kya luggage rakhne ke liye?,False,safe_limitation,safe_limitation,facility_source_unverified; extraction_unverified,Correct station_facilities family with explicit unverified-facility limitation. No amenity availability invented; station/facility extraction bypassed/unverified and user goal not answered.
hinglish,HG200_124,High Court metro me ATM mil jayega kya?,False,recognition_failure,recognition_failure,wrong_family_transit_amenity_oos,"ATM inside High Court metro is an in-domain station facility/source-limited goal, but classified out_of_scope."
hinglish,HG200_125,Vadapalani metro pe toilet facility ka info chahiye,False,safe_limitation,safe_limitation,facility_source_unverified; extraction_unverified,Correct station_facilities family with explicit unverified-facility limitation. No amenity availability invented; station/facility extraction bypassed/unverified and user goal not answered.
hinglish,HG200_126,Chennai Central metro me free wifi hai kya yaar?,False,safe_limitation,safe_limitation,facility_source_unverified; extraction_unverified,Correct station_facilities family with explicit unverified-facility limitation. No amenity availability invented; station/facility extraction bypassed/unverified and user goal not answered.
hinglish,HG200_127,CMBT bus stand me waiting room ka record hai?,False,safe_limitation,safe_limitation,facility_source_unverified; extraction_unverified,Correct station_facilities family with explicit unverified-facility limitation. No amenity availability invented; station/facility extraction bypassed/unverified and user goal not answered.
hinglish,HG200_128,Parking kaha hai station pe? station ka naam main nahi bol paya,False,recognition_failure,recognition_failure,wrong_family_missing_facility_station,Parking query with station absent becomes interchange_transfer rather than facilities scope or station clarification.
hinglish,HG200_129,"Metro station me drinking water h kya, kaunsa station nahi likha",False,recognition_failure,recognition_failure,wrong_family_missing_facility_station,Drinking-water station query with absent station becomes interchange_transfer.
hinglish,HG200_130,"Alandur metro me parking pooch raha hu, lift nahi",False,safe_limitation,safe_limitation,facility_source_unverified; extraction_unverified,Correct station_facilities family with explicit unverified-facility limitation. No amenity availability invented; station/facility extraction bypassed/unverified and user goal not answered.
hinglish,HG200_131,Saidapet metro par washroom ka available data bataiye,False,safe_limitation,safe_limitation,facility_source_unverified; extraction_unverified,Correct station_facilities family with explicit unverified-facility limitation. No amenity availability invented; station/facility extraction bypassed/unverified and user goal not answered.
hinglish,HG200_132,Tambaram railway station me waiting hall hai ki nahi?,False,safe_limitation,safe_limitation,facility_source_unverified; extraction_unverified,Correct station_facilities family with explicit unverified-facility limitation. No amenity availability invented; station/facility extraction bypassed/unverified and user goal not answered.
hinglish,HG200_133,Guindy metro pe wheelchair access ka record btao,False,safe_limitation,safe_limitation,accessibility_source_absent; extraction_unverified,Correct station_accessibility family; no verified accessibility values explicitly disclosed. No availability flag invented; feature/station extraction bypassed/unverified and goal remains unfulfilled.
hinglish,HG200_134,"Alandur metro me lift lagi hai kya, stairs mushkil hain mere liye",False,safe_limitation,safe_limitation,accessibility_source_absent; extraction_unverified,Correct station_accessibility family; no verified accessibility values explicitly disclosed. No availability flag invented; feature/station extraction bypassed/unverified and goal remains unfulfilled.
hinglish,HG200_135,Airport metro station pe ramp available hai wheelchair ke liye?,False,safe_limitation,safe_limitation,accessibility_source_absent; extraction_unverified,Correct station_accessibility family; no verified accessibility values explicitly disclosed. No availability flag invented; feature/station extraction bypassed/unverified and goal remains unfulfilled.
hinglish,HG200_136,Nehru Park metro me escalator ka verified info h kya?,False,recognition_failure,recognition_failure,wrong_family_accessibility,Escalator verified-info request becomes ticketing_and_passes source refusal.
hinglish,HG200_137,Central metro me accessible toilet ka status kya hai?,False,safe_limitation,safe_limitation,accessibility_source_absent; extraction_unverified,Correct station_accessibility family; no verified accessibility values explicitly disclosed. No availability flag invented; feature/station extraction bypassed/unverified and goal remains unfulfilled.
hinglish,HG200_138,Blind passengers ke liye Vadapalani metro me tactile paths hain?,False,safe_limitation,safe_limitation,accessibility_source_absent; extraction_unverified,Correct station_accessibility family; no verified accessibility values explicitly disclosed. No availability flag invented; feature/station extraction bypassed/unverified and goal remains unfulfilled.
hinglish,HG200_139,Tambaram local station par ramp ka data mil sakta h?,False,safe_limitation,safe_limitation,accessibility_source_absent; extraction_unverified,Correct station_accessibility family; no verified accessibility values explicitly disclosed. No availability flag invented; feature/station extraction bypassed/unverified and goal remains unfulfilled.
hinglish,HG200_140,CMBT bus stand wheelchair friendly hai kya?,False,safe_limitation,safe_limitation,accessibility_source_absent; extraction_unverified,Correct station_accessibility family; no verified accessibility values explicitly disclosed. No availability flag invented; feature/station extraction bypassed/unverified and goal remains unfulfilled.
hinglish,HG200_141,"Lift ka status batao please, kis station ki woh bolna reh gaya",False,recognition_failure,recognition_failure,wrong_family_missing_accessibility_station,"General lift status with absent station is not explicitly live vehicle status, but becomes realtime_status_query."
hinglish,HG200_142,"Metro me accessible toilet chahiye, station naam abhi nahi diya",False,recognition_failure,recognition_failure,wrong_family_missing_accessibility_station,Accessible-toilet query with absent station becomes interchange_transfer.
hinglish,HG200_143,"High Court metro pe lift ka info chahiye, parking nahi",True,recognition_failure,recognition_failure,negated_prediction_guarded,Excluded parking prediction guarded. Explicit lift goal remains unrecognized by classifier and asks intent again.
hinglish,HG200_144,Saidapet metro me chalne me dikkat wale passenger ke liye accessibility kya hai?,False,safe_limitation,safe_limitation,accessibility_source_absent; extraction_unverified,Correct station_accessibility family; no verified accessibility values explicitly disclosed. No availability flag invented; feature/station extraction bypassed/unverified and goal remains unfulfilled.
hinglish,HG200_145,Central par metro se local train switch karne ka interchange info?,False,recognition_failure,recognition_failure,wrong_family_transfer,Central metro-to-local transfer becomes ticketing_and_passes refusal.
hinglish,HG200_146,"Guindy me local se metro badalne ka tarika btao, station transfer wala",False,safe_limitation,safe_limitation,confirmed_transfer_source_absent; extraction_unverified,"Correct interchange_transfer family; snapshot has no confirmed interchange records, so no verified switch/walk instructions are claimed. Transfer modes/location extraction bypassed/unverified."
hinglish,HG200_147,Alandur pe Blue Line se Green Line interchange kaisa hota hai?,False,safe_limitation,safe_limitation,confirmed_transfer_source_absent; extraction_unverified,"Correct interchange_transfer family; snapshot has no confirmed interchange records, so no verified switch/walk instructions are claimed. Transfer modes/location extraction bypassed/unverified."
hinglish,HG200_148,CMBT me bus se metro connect karna ho to transfer info milega?,False,recognition_failure,recognition_failure,wrong_family_transfer_mode_conflict,Bus-to-metro transfer at CMBT becomes mode_availability and asks to choose one mode instead of preserving mode pair.
hinglish,HG200_149,"St Thomas Mount metro se suburban platform jana, connection kaise?",False,recognition_failure,recognition_failure,wrong_family_transfer_mode_conflict,Metro-to-suburban transfer at St Thomas Mount becomes point_to_point_route and a single-mode prompt.
hinglish,HG200_150,Metro se bus interchange possible hai kya? station main mention nahi kar raha,False,safe_limitation,safe_limitation,confirmed_transfer_source_absent; extraction_unverified,"Correct interchange_transfer family; snapshot has no confirmed interchange records, so no verified switch/walk instructions are claimed. Transfer modes/location extraction bypassed/unverified."
hinglish,HG200_151,"Train badalni hai, interchange help chahiye par kaunse station pe nahi bataya",False,safe_limitation,safe_limitation,source_limit_before_missing_scope,"Correct interchange family; blanket no-confirmed-records refusal precedes missing station/mode-pair clarification. No transfer asserted, absent scope remains unresolved."
hinglish,HG200_152,High Court metro se bus stop tak paidal transfer ka info chahiye,False,recognition_failure,recognition_failure,wrong_family_walking_transfer,Metro-to-bus walking transfer from High Court becomes ticketing_and_passes source refusal.
hinglish,HG200_153,"Chennai Beach local se MRTS switch ho sakta hai, transfer data?",False,safe_limitation,safe_limitation,confirmed_transfer_source_absent; extraction_unverified,"Correct interchange_transfer family; snapshot has no confirmed interchange records, so no verified switch/walk instructions are claimed. Transfer modes/location extraction bypassed/unverified."
hinglish,HG200_154,Guindy bus stand se metro pakadne ke liye badalna kahan padega?,False,safe_limitation,safe_limitation,confirmed_transfer_source_absent; extraction_unverified,"Correct interchange_transfer family; snapshot has no confirmed interchange records, so no verified switch/walk instructions are claimed. Transfer modes/location extraction bypassed/unverified."
hinglish,HG200_155,"Central metro me line change ka info, fare nahi chahiye abhi",True,recognition_failure,recognition_failure,negated_prediction_guarded,Excluded fare no longer asks fare endpoints. Explicit interchange goal still unrecognized; intent prompt remains failure.
hinglish,HG200_156,Koyambedu par bus utar ke metro chadhne ka walking connection verified hai?,False,safe_limitation,safe_limitation,confirmed_transfer_source_absent; extraction_unverified,"Correct interchange_transfer family; snapshot has no confirmed interchange records, so no verified switch/walk instructions are claimed. Transfer modes/location extraction bypassed/unverified."
hinglish,HG200_157,Marina Beach ke sabse kareeb metro station konsa h?,False,goal_correct,goal_correct,answered_geometric_published_scope,"Marina Beach anchor and requested metro mode retained. Sourced metro candidates and distance returned with straight-line/provisional and unverified walking caveats; this proves geometric nearest only, not current operation."
hinglish,HG200_158,IIT Madras ke aas paas nearest bus stop ka naam btao,True,recognition_failure,needs_review,unqualified_landmark_alias_selects_specific_campus,"Generic bus-stop target no longer becomes an anchor. Actual resolver selects IIT Madras, Thaiyur Campus for unqualified IIT Madras and returns a distance around that campus. User did not specify campus; this source/alias selection needs audit and is not credited as goal success."
hinglish,HG200_159,Apollo Hospital ke closest metro ka coordinate distance chahiye,False,legitimate_clarification,legitimate_clarification,canonical_entity_ambiguity,Four Apollo Hospital POI candidates genuinely ambiguous; correct nearest family and metro target retained.
hinglish,HG200_160,T Nagar me sabse paas wala local train station dhund do,False,recognition_failure,recognition_failure,supplied_locality_missed,T Nagar reference supplied but landmark/locality slot absent; prompt requests already supplied place.
hinglish,HG200_161,Besant Nagar ke near bus stop milega? sabse nazdeek ka,True,recognition_failure,legitimate_clarification,genuine_reference_location_specificity,"Single nearest-bus goal now retains mode and asks which physical Besant Nagar reference is intended, with four distinct source stop candidates. Does not silently choose a locality coordinate."
hinglish,HG200_162,Mylapore ke najdeek MRTS station bata sakte ho?,False,legitimate_clarification,legitimate_clarification,canonical_entity_ambiguity,Mylapore has two canonical reference candidates; nearest family and MRTS requested mode retained. Candidate choice avoids guessing reference coordinates.
hinglish,HG200_163,Nearest metro station kaunsa hai? meri location aapko di nahi,False,legitimate_clarification,legitimate_clarification,genuinely_missing_location,"Correct nearest family and metro mode; user explicitly says location absent, so landmark/locality prompt is appropriate."
hinglish,HG200_164,"Paas ka bus stop bata na, aas paas kis jagah ki woh abhi nahi bataya",True,recognition_failure,legitimate_clarification,genuinely_missing_reference_location,Explicitly absent location now requests landmark/locality; generic Bus Stop alias does not invent candidates.
hinglish,HG200_165,Anna Nagar Tower metro ke closest bus stop kaun sa padega?,True,recognition_failure,recognition_failure,anchor_mode_target_relation_unrecognized,Single metro-station anchor plus bus target still becomes a competing-mode prompt. Anchor name/qualifier relation not retained.
hinglish,HG200_166,"Marina Beach ke paas metro chahiye, bus stop nahi",True,recognition_failure,recognition_failure,negated_target_mode_competes,"Positive metro target and excluded bus still become competing modes; no wrong nearest fact executes, but requested scope is not retained."
hinglish,HG200_167,Fort St George se sabse kam walking distance wala metro kaunsa?,False,recognition_failure,recognition_failure,wrong_family_walking_metric,Nearest metro by walking distance becomes point_to_point_route source refusal; unsupported walking metric should remain nearest family.
hinglish,HG200_168,"Thiruvanmiyur ke paas public transport me closest station btao, koi mode fixed nahi",False,needs_review,needs_review,locality_to_stop_anchor_needs_review,"Correct nearest family but geographic Thiruvanmiyur is silently anchored to exact BUS_3247299914, returning itself at 0 m. No independent canonical locality coordinates were supplied; whether this fulfills intended locality scope needs review. Not counted as goal_correct."
hinglish,HG200_169,Bus 25R iss waqt GPS pe kidhar chal rahi h?,False,safe_limitation,safe_limitation,external_live_source_required; extraction_unverified,Correct realtime_status_query family with explicit live-source refusal. No current location/ETA/crowd invented; route/location extraction bypassed/unverified and live goal remains unfulfilled.
hinglish,HG200_170,Guindy metro pe abhi train late hai kya?,False,recognition_failure,recognition_failure,wrong_family_live_delay,Current metro lateness becomes first_and_last_service and a static schedule source refusal.
hinglish,HG200_171,"Central metro me filhaal crowd kitni h, bheed avoid karni hai",False,recognition_failure,recognition_failure,wrong_family_live_crowd_false_multigoal,Current crowd goal becomes service_frequency with false multiple-scope clarification.
hinglish,HG200_172,102A bus ka real time arrival Adyar par kitne minute me hoga?,False,recognition_failure,recognition_failure,wrong_family_live_eta,"Real time arrival countdown becomes scheduled frequency, returning insufficient static departures rather than live-source limitation."
hinglish,HG200_173,"570S abhi Kelambakkam pahuchi kya, tracking karke bolo",False,safe_limitation,safe_limitation,external_live_source_required; extraction_unverified,Correct realtime_status_query family with explicit live-source refusal. No current location/ETA/crowd invented; route/location extraction bypassed/unverified and live goal remains unfulfilled.
hinglish,HG200_174,MRTS Thirumayilai pe aaj abhi disruption chal raha h kya?,False,recognition_failure,recognition_failure,wrong_family_live_disruption,Current MRTS disruption becomes service_frequency and static timetable refusal.
hinglish,HG200_175,२१G bus right now kaha hai bhai?,False,recognition_failure,recognition_failure,wrong_family_native_route_live,Native २१G normalizes but right-now vehicle location becomes route_stop_membership and asks for stop.
hinglish,HG200_176,Guindy local abhi on time hai ya delay? timetable nahi pucha,False,recognition_failure,recognition_failure,wrong_family_live_delay_negation,"Current local delay explicitly excludes timetable, but first_and_last_service/false competing scope selected."
hinglish,HG200_177,Airport metro ki iss pal crowd level check kar do,False,safe_limitation,safe_limitation,external_live_source_required; extraction_unverified,Correct realtime_status_query family with explicit live-source refusal. No current location/ETA/crowd invented; route/location extraction bypassed/unverified and live goal remains unfulfilled.
hinglish,HG200_178,"27D ka current location share karo, route stops mat bhejna",True,recognition_failure,recognition_failure,negated_prediction_guarded,Excluded route stops no longer execute a stop list. Explicit live-location goal remains unrecognized by classifier and asks intent again.
hinglish,HG200_179,Bus kab live aayegi? stop ya route mere message me nahi hai,False,safe_limitation,safe_limitation,external_live_source_required; extraction_unverified,Correct realtime_status_query family with explicit live-source refusal. No current location/ETA/crowd invented; route/location extraction bypassed/unverified and live goal remains unfulfilled.
hinglish,HG200_180,"Blue Line me abhi service suspended hai kya, latest status chahiye",False,recognition_failure,recognition_failure,wrong_family_live_disruption,Current Blue Line suspension/latest status becomes ticketing_and_passes source refusal.
hinglish,HG200_181,Guindy station ke paas dosa ghar tak order kar do,False,recognition_failure,recognition_failure,wrong_family_food_order,Food delivery near transit entity becomes ticket policy refusal rather than domain rejection.
hinglish,HG200_182,"Airport jana hai, mere liye Ola cab book karo abhi",False,safe_limitation,safe_limitation,correct_domain_rejection,Explicit Ola cab booking correctly rejected as out_of_scope; no public-transit answer pretends to book cab.
hinglish,HG200_183,Chennai Central ke pass budget hotel book karna h,False,safe_limitation,safe_limitation,correct_domain_rejection,Hotel booking near Chennai Central correctly rejected as out_of_scope.
hinglish,HG200_184,"Aaj Chennai me baarish hogi kya, weather batao yaar",False,recognition_failure,recognition_failure,wrong_family_weather,Weather/rain question becomes service_frequency and asks for station/route.
hinglish,HG200_185,Delhi wali flight ka ticket cost kya padega Chennai se?,False,recognition_failure,recognition_failure,wrong_family_flight_fare,Intercity flight ticket cost becomes transit fare_calculation and asks for local fare stage/OD inputs.
hinglish,HG200_186,Bangalore ke liye private sleeper bus reserve kar do,False,recognition_failure,recognition_failure,wrong_family_intercity_booking,Bangalore private sleeper reservation becomes local bus availability and asks for local endpoints.
hinglish,HG200_187,Central ke restaurant me table reserve karwana hai,False,recognition_failure,recognition_failure,wrong_family_restaurant_booking,Restaurant table reservation near Central becomes station_facilities refusal.
hinglish,HG200_188,"Nandanam flat ka rent kitna chalega, broker se baat karao",False,recognition_failure,recognition_failure,wrong_family_housing_rent,Flat rent/broker request becomes transit fare entity clarification.
hinglish,HG200_189,T Nagar ke nearby cinema showtime bta doge?,False,recognition_failure,recognition_failure,wrong_family_cinema_schedule,Cinema showtime becomes transport frequency and missing stop/route prompt.
hinglish,HG200_190,"21G ka bus route nahi chahiye, mujhe cricket score batao",False,recognition_failure,recognition_failure,negated_transit_wrong_family_cricket,"Cricket-score request explicitly excludes bus route, but ticket/pass policy refusal selected."
hinglish,HG200_191,Metro ke baare me nahi; laptop slow hai kaise repair karu?,False,recognition_failure,recognition_failure,negated_transit_wrong_family_repair,Laptop repair explicitly excludes metro; ticket/pass policy refusal selected.
hinglish,HG200_192,"Mumbai local ka monthly pass rule samjhao, Chennai wala nahi",False,recognition_failure,recognition_failure,wrong_geography_policy,Mumbai local pass policy explicitly excludes Chennai; Chennai ticket-policy family chosen rather than geography rejection.
hinglish,HG200_193,25R aur 102 dono bus routes ke stops ek saath dikha do bhai,False,recognition_failure,recognition_failure,competing_routes_not_recognized,"Two explicit routes 25R and 102 should clarify one scope, but response says route missing instead of acknowledging competing supplied routes."
hinglish,HG200_194,Ordinary stage 5 aur stage 9 ka fare dono nikal do,False,legitimate_clarification,legitimate_clarification,genuine_competing_stages,Two explicit Ordinary stage values correctly trigger one-scope clarification; neither silently executed.
hinglish,HG200_195,Broadway se 102 bus departures 7 AM ya 9 PM dono options me batao,False,legitimate_clarification,legitimate_clarification,genuine_competing_clocks,Two explicit AM/PM clocks correctly trigger one-scope clarification; no clock silently selected.
hinglish,HG200_196,Marina Beach aur IIT Madras dono ke closest metro station batao,False,legitimate_clarification,legitimate_clarification,genuine_competing_reference_locations,Two nearest anchors correctly trigger competing-scope clarification; neither silently selected.
hinglish,HG200_197,Guindy se Airport metro ka rasta aur ticket ka kiraya dono btao,False,recognition_failure,recognition_failure,multiple_goals_one_goal_dropped,Explicit route plus fare receives only fare source refusal; route goal/candidate is lost.
hinglish,HG200_198,Alandur metro me parking bhi hai aur lift bhi? dono info chahiye,False,legitimate_clarification,legitimate_clarification,genuine_multiple_families,Parking plus lift correctly clarifies multiple goals and exposes both station_facilities and station_accessibility candidate families.
hinglish,HG200_199,102A Guindy pe rukti hai kya aur abhi GPS pe kahan hai?,False,recognition_failure,recognition_failure,multiple_goals_live_goal_dropped,Membership plus GPS location receives membership-only entity clarification; live goal/candidate absent and supplied 102A route omitted.
hinglish,HG200_200,"Broadway se Adyar aur Tambaram tak bus route bta do, dono jagah jana h",False,legitimate_clarification,legitimate_clarification,genuine_competing_destinations,Two destinations in one bus journey correctly trigger scope clarification instead of silently dropping an endpoint.
