id,language,query,visible_user,visible_answer,expected_reply,question_preserved,localized_reply_match,timestamp_utc
HI200_001,hi,सैदापेट से नंदनम तक मेट्रो पकड़कर पहुँचने का रास्ता समझा दीजिए।,सैदापेट से नंदनम तक मेट्रो पकड़कर पहुँचने का रास्ता समझा दीजिए।,"जानकारी अनुपलब्ध है

माँगे गए परिवहन माध्यम से मेल खाता प्रकाशित रूट ढाँचा उपलब्ध नहीं है।",माँगे गए परिवहन माध्यम से मेल खाता प्रकाशित रूट ढाँचा उपलब्ध नहीं है।,True,True,2026-10-08T11:24:50.332Z
HI200_002,hi,"ब्रॉडवे से अडयार बस में जाना है; कहाँ चढ़ूँ, कहाँ उतरूँ?","ब्रॉडवे से अडयार बस में जाना है; कहाँ चढ़ूँ, कहाँ उतरूँ?","जानकारी अनुपलब्ध है

इस रिकॉर्ड संकलन में अलग परिवहन माध्यमों के बीच बदलाव का कोई पुष्ट नेटवर्क उपलब्ध नहीं है।",इस रिकॉर्ड संकलन में अलग परिवहन माध्यमों के बीच बदलाव का कोई पुष्ट नेटवर्क उपलब्ध नहीं है।,True,True,2026-10-08T11:24:50.849Z
HI200_003,hi,चेन्नई बीच से तिरुवान्मियूर एमआरटीएस लेकर कैसे पहुँचूँ?,चेन्नई बीच से तिरुवान्मियूर एमआरटीएस लेकर कैसे पहुँचूँ?,"जानकारी अनुपलब्ध है

माँगे गए परिवहन माध्यम से मेल खाता प्रकाशित रूट ढाँचा उपलब्ध नहीं है।",माँगे गए परिवहन माध्यम से मेल खाता प्रकाशित रूट ढाँचा उपलब्ध नहीं है।,True,True,2026-10-08T11:24:51.378Z
HI200_004,hi,"गिंडी से चेन्नई हवाई अड्डे तक मेट्रो वाला रास्ता बताइए, जल्दी में हूँ।","गिंडी से चेन्नई हवाई अड्डे तक मेट्रो वाला रास्ता बताइए, जल्दी में हूँ।","जानकारी अनुपलब्ध है

इस रिकॉर्ड संकलन में अलग परिवहन माध्यमों के बीच बदलाव का कोई पुष्ट नेटवर्क उपलब्ध नहीं है।",इस रिकॉर्ड संकलन में अलग परिवहन माध्यमों के बीच बदलाव का कोई पुष्ट नेटवर्क उपलब्ध नहीं है।,True,True,2026-10-08T11:24:52.155Z
HI200_005,hi,अन्ना नगर से कोयम्बेडु जाने का सीधा बस मार्ग चाहिए।,अन्ना नगर से कोयम्बेडु जाने का सीधा बस मार्ग चाहिए।,"अधिक जानकारी चाहिए

कृपया स्पष्ट करें कि आप किस स्टॉप या स्थान की बात कर रहे हैं।

एक से अधिक स्टॉप या स्थान मेल खाते हैं। अपने पूरे संशोधित प्रश्न में रूट नंबर, परिवहन का माध्यम या सही स्टॉप नाम दें।",कृपया स्पष्ट करें कि आप किस स्टॉप या स्थान की बात कर रहे हैं।,True,True,2026-10-08T11:24:52.801Z
HI200_006,hi,ताम्बरम से चेन्नई बीच उपनगरीय रेल में सफर कैसे करूँ?,ताम्बरम से चेन्नई बीच उपनगरीय रेल में सफर कैसे करूँ?,"जानकारी अनुपलब्ध है

माँगे गए परिवहन माध्यम से मेल खाता प्रकाशित रूट ढाँचा उपलब्ध नहीं है।",माँगे गए परिवहन माध्यम से मेल खाता प्रकाशित रूट ढाँचा उपलब्ध नहीं है।,True,True,2026-10-08T11:24:53.375Z
HI200_007,hi,"एग्मोर से वडपलनी पहुँचने की राह बता दो, भैया।","एग्मोर से वडपलनी पहुँचने की राह बता दो, भैया।","अधिक जानकारी चाहिए

कृपया गंतव्य स्टॉप बताएं।

जरूरी जानकारी: गंतव्य स्टॉप",कृपया गंतव्य स्टॉप बताएं।,True,True,2026-10-08T11:24:53.923Z
HI200_008,hi,मुझे मेट्रो से आलंदूर पहुँचना है।,मुझे मेट्रो से आलंदूर पहुँचना है।,"जानकारी अनुपलब्ध है

माँगे गए परिवहन माध्यम से मेल खाता प्रकाशित रूट ढाँचा उपलब्ध नहीं है।",माँगे गए परिवहन माध्यम से मेल खाता प्रकाशित रूट ढाँचा उपलब्ध नहीं है।,True,True,2026-10-08T11:24:54.572Z
HI200_009,hi,मेट्रो में गिंडी से निकलूँगा; आगे कैसे जाऊँ?,मेट्रो में गिंडी से निकलूँगा; आगे कैसे जाऊँ?,"जानकारी अनुपलब्ध है

इस रिकॉर्ड संकलन में अलग परिवहन माध्यमों के बीच बदलाव का कोई पुष्ट नेटवर्क उपलब्ध नहीं है।",इस रिकॉर्ड संकलन में अलग परिवहन माध्यमों के बीच बदलाव का कोई पुष्ट नेटवर्क उपलब्ध नहीं है।,True,True,2026-10-08T11:24:55.160Z
HI200_010,hi,ब्रॉडवे से मरीना बीच तक कम से कम खर्च वाले सार्वजनिक रास्ते की जानकारी चाहिए।,ब्रॉडवे से मरीना बीच तक कम से कम खर्च वाले सार्वजनिक रास्ते की जानकारी चाहिए।,"अधिक जानकारी चाहिए

कृपया स्पष्ट करें कि आप किस स्टॉप या स्थान की बात कर रहे हैं।

एक से अधिक स्टॉप या स्थान मेल खाते हैं। अपने पूरे संशोधित प्रश्न में रूट नंबर, परिवहन का माध्यम या सही स्टॉप नाम दें।",कृपया स्पष्ट करें कि आप किस स्टॉप या स्थान की बात कर रहे हैं।,True,True,2026-10-08T11:24:55.789Z
HI200_011,hi,"सेंट्रल से हवाई अड्डा: मेट्रो से पहुँचने का मार्ग, कृपया!","सेंट्रल से हवाई अड्डा: मेट्रो से पहुँचने का मार्ग, कृपया!","जानकारी अनुपलब्ध है

माँगे गए परिवहन माध्यम से मेल खाता प्रकाशित रूट ढाँचा उपलब्ध नहीं है।",माँगे गए परिवहन माध्यम से मेल खाता प्रकाशित रूट ढाँचा उपलब्ध नहीं है।,True,True,2026-10-08T11:26:32.994Z
HI200_012,hi,"गिंडी से नंदनम मेट्रो से पहुँचने का रास्ता चाहिए, किराया नहीं पूछ रहा।","गिंडी से नंदनम मेट्रो से पहुँचने का रास्ता चाहिए, किराया नहीं पूछ रहा।","अधिक जानकारी चाहिए

कृपया अपना परिवहन प्रश्न स्पष्ट करें।",कृपया अपना परिवहन प्रश्न स्पष्ट करें।,True,True,2026-10-08T11:26:33.572Z
HI200_013,hi,"ताम्बरम से अन्ना नगर तक पहले लोकल रेल, फिर मेट्रो लेकर पूरा सफर कैसे बनेगा?","ताम्बरम से अन्ना नगर तक पहले लोकल रेल, फिर मेट्रो लेकर पूरा सफर कैसे बनेगा?","जानकारी अनुपलब्ध है

इस रिकॉर्ड संकलन में अलग परिवहन माध्यमों के बीच बदलाव का कोई पुष्ट नेटवर्क उपलब्ध नहीं है।",इस रिकॉर्ड संकलन में अलग परिवहन माध्यमों के बीच बदलाव का कोई पुष्ट नेटवर्क उपलब्ध नहीं है।,True,True,2026-10-08T11:26:34.260Z
HI200_014,hi,"कोयम्बेडु से तिरुवान्मियूर जाना है, बस और मेट्रो मिलाकर रास्ता बनाइए।","कोयम्बेडु से तिरुवान्मियूर जाना है, बस और मेट्रो मिलाकर रास्ता बनाइए।","जानकारी अनुपलब्ध है

इस रिकॉर्ड संकलन में अलग परिवहन माध्यमों के बीच बदलाव का कोई पुष्ट नेटवर्क उपलब्ध नहीं है।",इस रिकॉर्ड संकलन में अलग परिवहन माध्यमों के बीच बदलाव का कोई पुष्ट नेटवर्क उपलब्ध नहीं है।,True,True,2026-10-08T11:26:34.990Z
HI200_015,hi,अडयार से हवाई अड्डे के लिए बस से मेट्रो जोड़कर यात्रा सुझा दो।,अडयार से हवाई अड्डे के लिए बस से मेट्रो जोड़कर यात्रा सुझा दो।,"जानकारी अनुपलब्ध है

इस रिकॉर्ड संकलन में अलग परिवहन माध्यमों के बीच बदलाव का कोई पुष्ट नेटवर्क उपलब्ध नहीं है।",इस रिकॉर्ड संकलन में अलग परिवहन माध्यमों के बीच बदलाव का कोई पुष्ट नेटवर्क उपलब्ध नहीं है।,True,True,2026-10-08T11:26:35.755Z
HI200_016,hi,चेन्नई बीच से वडपलनी रेल बदलकर मेट्रो पकड़ूँ तो पूरा मार्ग क्या होगा?,चेन्नई बीच से वडपलनी रेल बदलकर मेट्रो पकड़ूँ तो पूरा मार्ग क्या होगा?,"जानकारी अनुपलब्ध है

माँगे गए परिवहन माध्यम से मेल खाता प्रकाशित रूट ढाँचा उपलब्ध नहीं है।",माँगे गए परिवहन माध्यम से मेल खाता प्रकाशित रूट ढाँचा उपलब्ध नहीं है।,True,True,2026-10-08T11:26:36.507Z
HI200_017,hi,पेरम्बूर से गिंडी तक लोकल ट्रेन और बस दोनों का उपयोग करके पहुँचाना है।,पेरम्बूर से गिंडी तक लोकल ट्रेन और बस दोनों का उपयोग करके पहुँचाना है।,"जानकारी अनुपलब्ध है

इस रिकॉर्ड संकलन में अलग परिवहन माध्यमों के बीच बदलाव का कोई पुष्ट नेटवर्क उपलब्ध नहीं है।",इस रिकॉर्ड संकलन में अलग परिवहन माध्यमों के बीच बदलाव का कोई पुष्ट नेटवर्क उपलब्ध नहीं है।,True,True,2026-10-08T11:26:37.255Z
HI200_018,hi,मरीना बीच से कोयम्बेडु तक एमआरटीएस और बस की जोड़ वाली यात्रा बताइए।,मरीना बीच से कोयम्बेडु तक एमआरटीएस और बस की जोड़ वाली यात्रा बताइए।,"जानकारी अनुपलब्ध है

इस रिकॉर्ड संकलन में अलग परिवहन माध्यमों के बीच बदलाव का कोई पुष्ट नेटवर्क उपलब्ध नहीं है।",इस रिकॉर्ड संकलन में अलग परिवहन माध्यमों के बीच बदलाव का कोई पुष्ट नेटवर्क उपलब्ध नहीं है।,True,True,2026-10-08T11:26:38.008Z
HI200_019,hi,ब्रॉडवे से शोलिंगनल्लूर तक बस-मेट्रो-बस में कहाँ-कहाँ बदलूँ?,ब्रॉडवे से शोलिंगनल्लूर तक बस-मेट्रो-बस में कहाँ-कहाँ बदलूँ?,"जानकारी अनुपलब्ध है

इस रिकॉर्ड संकलन में अलग परिवहन माध्यमों के बीच बदलाव का कोई पुष्ट नेटवर्क उपलब्ध नहीं है।",इस रिकॉर्ड संकलन में अलग परिवहन माध्यमों के बीच बदलाव का कोई पुष्ट नेटवर्क उपलब्ध नहीं है।,True,True,2026-10-08T11:26:38.774Z
HI200_020,hi,गिंडी से चेन्नई बीच तक बस के बाद उपनगरीय रेल वाली योजना चाहिए।,गिंडी से चेन्नई बीच तक बस के बाद उपनगरीय रेल वाली योजना चाहिए।,"जानकारी अनुपलब्ध है

इस रिकॉर्ड संकलन में अलग परिवहन माध्यमों के बीच बदलाव का कोई पुष्ट नेटवर्क उपलब्ध नहीं है।",इस रिकॉर्ड संकलन में अलग परिवहन माध्यमों के बीच बदलाव का कोई पुष्ट नेटवर्क उपलब्ध नहीं है।,True,True,2026-10-08T11:26:39.530Z
HI200_021,hi,सेंट्रल से आईआईटी मद्रास तक मेट्रो और बस जोड़कर पूरा रास्ता समझाओ।,सेंट्रल से आईआईटी मद्रास तक मेट्रो और बस जोड़कर पूरा रास्ता समझाओ।,"जानकारी अनुपलब्ध है

इस रिकॉर्ड संकलन में अलग परिवहन माध्यमों के बीच बदलाव का कोई पुष्ट नेटवर्क उपलब्ध नहीं है।",इस रिकॉर्ड संकलन में अलग परिवहन माध्यमों के बीच बदलाव का कोई पुष्ट नेटवर्क उपलब्ध नहीं है।,True,True,2026-10-08T11:26:40.318Z
HI200_022,hi,अन्ना नगर से ताम्बरम पहुँचने में मेट्रो के साथ लोकल ट्रेन भी जोड़ सकते हैं; यात्रा बनाइए।,अन्ना नगर से ताम्बरम पहुँचने में मेट्रो के साथ लोकल ट्रेन भी जोड़ सकते हैं; यात्रा बनाइए।,"जानकारी अनुपलब्ध है

इस रिकॉर्ड संकलन में अलग परिवहन माध्यमों के बीच बदलाव का कोई पुष्ट नेटवर्क उपलब्ध नहीं है।",इस रिकॉर्ड संकलन में अलग परिवहन माध्यमों के बीच बदलाव का कोई पुष्ट नेटवर्क उपलब्ध नहीं है।,True,True,2026-10-08T11:26:42.307Z
HI200_023,hi,"बस और मेट्रो मिलाकर गिंडी पहुँचना है, रास्ता कहाँ से शुरू करूँ यह अभी नहीं बताया।","बस और मेट्रो मिलाकर गिंडी पहुँचना है, रास्ता कहाँ से शुरू करूँ यह अभी नहीं बताया।","जानकारी अनुपलब्ध है

इस रिकॉर्ड संकलन में अलग परिवहन माध्यमों के बीच बदलाव का कोई पुष्ट नेटवर्क उपलब्ध नहीं है।",इस रिकॉर्ड संकलन में अलग परिवहन माध्यमों के बीच बदलाव का कोई पुष्ट नेटवर्क उपलब्ध नहीं है।,True,True,2026-10-08T11:26:43.035Z
HI200_024,hi,कोयम्बेडु से एमआरटीएस जोड़कर बस में आगे जाना है; अभी मंजिल तय नहीं है।,कोयम्बेडु से एमआरटीएस जोड़कर बस में आगे जाना है; अभी मंजिल तय नहीं है।,"जानकारी अनुपलब्ध है

इस रिकॉर्ड संकलन में परिवहन बदलाव के पुष्ट रिकॉर्ड नहीं हैं।",इस रिकॉर्ड संकलन में परिवहन बदलाव के पुष्ट रिकॉर्ड नहीं हैं।,True,True,2026-10-08T11:26:43.789Z
HI200_025,hi,बस रूट २१जी के शुरू से आखिर तक सारे पड़ाव क्रम में लिखिए।,बस रूट २१जी के शुरू से आखिर तक सारे पड़ाव क्रम में लिखिए।,"प्रकाशित जानकारी

21G के स्टॉप: Alandur Court, Meeanambakkam International Airport, Thirusoolam National Airport, Pallavaram Or English Electrical, Pallavaram, Saravana Store Chromepet, Chromepet, Tambaram Tb Hospital, …। प्रकाशित स्टॉप कवरेज अधूरा है; अनुपयोगी कड़ियाँ या बिना कवरेज वाले रूट विकल्प छोड़े गए हैं। सेवा संचालन की पुष्टि नहीं है।

रूट के स्टॉप

21G · प्रकाशित क्रम 1

21G · प्रकाशित क्रम 2

21G · प्रकाशित क्रम 3

प्रकाशित कवरेज अधूरा है: कुछ कड़ियों या रूट विकल्पों की पुष्टि नहीं हो सकती।

छोड़े गए: 4 अनुपयोगी कड़ियाँ और 4 रूट विकल्प।

यह जानकारी रिकॉर्ड के संकलन से मिली है। मौजूदा सेवा और स्थितियों की पुष्टि ऑपरेटर से करें।","21G के स्टॉप: Alandur Court, Meeanambakkam International Airport, Thirusoolam National Airport, Pallavaram Or English Electrical, Pallavaram, Saravana Store Chromepet, Chromepet, Tambaram Tb Hospital, …। प्रकाशित स्टॉप कवरेज अधूरा है; अनुपयोगी कड़ियाँ या बिना कवरेज वाले रूट विकल्प छोड़े गए हैं। सेवा संचालन की पुष्टि नहीं है।",True,True,2026-10-08T11:26:44.606Z
HI200_026,hi,१०२ए बस किन-किन ठहरावों से होकर निकलती है? पूरी सूची चाहिए।,१०२ए बस किन-किन ठहरावों से होकर निकलती है? पूरी सूची चाहिए।,"प्रकाशित जानकारी

102A के स्टॉप: Thiruvanmiyur Bus Stand, Jayanthi Theatre, Tidel Park, Srp Tools, I G P, Kandanchavadi, Perungudi, Seevaram, …। प्रकाशित स्टॉप क्रम मिले हैं। सेवा संचालन की पुष्टि नहीं है।

रूट के स्टॉप

102A · प्रकाशित क्रम 1

102A · प्रकाशित क्रम 2

यह जानकारी रिकॉर्ड के संकलन से मिली है। मौजूदा सेवा और स्थितियों की पुष्टि ऑपरेटर से करें।","102A के स्टॉप: Thiruvanmiyur Bus Stand, Jayanthi Theatre, Tidel Park, Srp Tools, I G P, Kandanchavadi, Perungudi, Seevaram, …। प्रकाशित स्टॉप क्रम मिले हैं। सेवा संचालन की पुष्टि नहीं है।",True,True,2026-10-08T11:26:45.520Z
HI200_027,hi,रूट ५७० में पहला पड़ाव कौन सा है और उसके बाद सारे पड़ाव किस क्रम में आते हैं?,रूट ५७० में पहला पड़ाव कौन सा है और उसके बाद सारे पड़ाव किस क्रम में आते हैं?,"प्रकाशित जानकारी

570 के स्टॉप: Siruseri It Park, Sipcot Industrial Park, Tcs Gate 1, It Park Siruseri Or Muttukadu, Egattur, Navalur, Ags Complex Navalur, Semmancheri, …। प्रकाशित स्टॉप कवरेज अधूरा है; अनुपयोगी कड़ियाँ या बिना कवरेज वाले रूट विकल्प छोड़े गए हैं। सेवा संचालन की पुष्टि नहीं है।

रूट के स्टॉप

570 · प्रकाशित क्रम 1

570 · प्रकाशित क्रम 2

570 · प्रकाशित क्रम 3

570 · प्रकाशित क्रम 4

570 · प्रकाशित क्रम 5

570 · प्रकाशित क्रम 6

प्रकाशित कवरेज अधूरा है: कुछ कड़ियों या रूट विकल्पों की पुष्टि नहीं हो सकती।

छोड़े गए: 0 अनुपयोगी कड़ियाँ और 2 रूट विकल्प।

यह जानकारी रिकॉर्ड के संकलन से मिली है। मौजूदा सेवा और स्थितियों की पुष्टि ऑपरेटर से करें।","570 के स्टॉप: Siruseri It Park, Sipcot Industrial Park, Tcs Gate 1, It Park Siruseri Or Muttukadu, Egattur, Navalur, Ags Complex Navalur, Semmancheri, …। प्रकाशित स्टॉप कवरेज अधूरा है; अनुपयोगी कड़ियाँ या बिना कवरेज वाले रूट विकल्प छोड़े गए हैं। सेवा संचालन की पुष्टि नहीं है।",True,True,2026-10-08T11:26:46.374Z
HI200_028,hi,नीली लाइन के स्टेशनों का सिलसिला बताइए।,नीली लाइन के स्टेशनों का सिलसिला बताइए।,"अधिक जानकारी चाहिए

कृपया रूट नंबर या लाइन का नाम बताएं।

जरूरी जानकारी: रूट नंबर या लाइन का नाम",कृपया रूट नंबर या लाइन का नाम बताएं।,True,True,2026-10-08T11:26:47.399Z
HI200_029,hi,"हरी मेट्रो लाइन पर एक स्टेशन के बाद कौन सा स्टेशन पड़ता है, पूरा क्रम बताओ।","हरी मेट्रो लाइन पर एक स्टेशन के बाद कौन सा स्टेशन पड़ता है, पूरा क्रम बताओ।","जानकारी अनुपलब्ध है

माँगे गए परिवहन माध्यम से मेल खाता प्रकाशित रूट ढाँचा उपलब्ध नहीं है।",माँगे गए परिवहन माध्यम से मेल खाता प्रकाशित रूट ढाँचा उपलब्ध नहीं है।,True,True,2026-10-08T11:26:48.498Z
HI200_030,hi,बस नंबर २७डी के रास्ते के सभी स्टॉप दिखाइए; सिर्फ आखिरी स्टॉप नहीं।,बस नंबर २७डी के रास्ते के सभी स्टॉप दिखाइए; सिर्फ आखिरी स्टॉप नहीं।,"प्रकाशित जानकारी

27D के स्टॉप: Ayanavaram Depot, Sayani Theatre Aynavaram, Noor Hotel, Joint Office, Railway Quarters, Kambar Arangam, Icf, Icf। प्रकाशित स्टॉप क्रम मिले हैं। सेवा संचालन की पुष्टि नहीं है।

रूट के स्टॉप

27D · प्रकाशित क्रम 1

27D · प्रकाशित क्रम 2

27D · प्रकाशित क्रम 3

27D · प्रकाशित क्रम 4

27D · प्रकाशित क्रम 5

यह जानकारी रिकॉर्ड के संकलन से मिली है। मौजूदा सेवा और स्थितियों की पुष्टि ऑपरेटर से करें।","27D के स्टॉप: Ayanavaram Depot, Sayani Theatre Aynavaram, Noor Hotel, Joint Office, Railway Quarters, Kambar Arangam, Icf, Icf। प्रकाशित स्टॉप क्रम मिले हैं। सेवा संचालन की पुष्टि नहीं है।",True,True,2026-10-08T11:26:49.649Z
HI200_031,hi,"मुझे १०२ के पड़ावों की सूची चाहिए, १०२ए की नहीं।","मुझे १०२ के पड़ावों की सूची चाहिए, १०२ए की नहीं।","अधिक जानकारी चाहिए

कृपया रूट नंबर या लाइन का नाम बताएं।

जरूरी जानकारी: रूट नंबर या लाइन का नाम",कृपया रूट नंबर या लाइन का नाम बताएं।,True,True,2026-10-08T11:26:50.863Z
HI200_032,hi,"रूट ४७ए — रुकने की जगहें एक-एक करके, कृपया।","रूट ४७ए — रुकने की जगहें एक-एक करके, कृपया।","प्रकाशित जानकारी

47A के स्टॉप: Ayanavaram Signal, Sayani Theatre Aynavaram, Noor Hotel, Joint Office, Railway Quarters, Kambar Arangam, Icf, Icf। प्रकाशित स्टॉप क्रम मिले हैं। सेवा संचालन की पुष्टि नहीं है।

रूट के स्टॉप

47A · प्रकाशित क्रम 1

47A · प्रकाशित क्रम 2

47A · प्रकाशित क्रम 3

47A · प्रकाशित क्रम 4

यह जानकारी रिकॉर्ड के संकलन से मिली है। मौजूदा सेवा और स्थितियों की पुष्टि ऑपरेटर से करें।","47A के स्टॉप: Ayanavaram Signal, Sayani Theatre Aynavaram, Noor Hotel, Joint Office, Railway Quarters, Kambar Arangam, Icf, Icf। प्रकाशित स्टॉप क्रम मिले हैं। सेवा संचालन की पुष्टि नहीं है।",True,True,2026-10-08T11:26:52.095Z
HI200_033,hi,एमआरटीएस लाइन के सभी स्टेशन यात्रा के क्रम में बता सकते हो?,एमआरटीएस लाइन के सभी स्टेशन यात्रा के क्रम में बता सकते हो?,"जानकारी अनुपलब्ध है

माँगे गए परिवहन माध्यम से मेल खाता प्रकाशित रूट ढाँचा उपलब्ध नहीं है।",माँगे गए परिवहन माध्यम से मेल खाता प्रकाशित रूट ढाँचा उपलब्ध नहीं है।,True,True,2026-10-08T11:26:53.154Z
HI200_034,hi,इस बस के पूरे रास्ते के पड़ाव बता दो।,इस बस के पूरे रास्ते के पड़ाव बता दो।,"अधिक जानकारी चाहिए

कृपया रूट नंबर या लाइन का नाम बताएं।

जरूरी जानकारी: रूट नंबर या लाइन का नाम",कृपया रूट नंबर या लाइन का नाम बताएं।,True,True,2026-10-08T11:26:54.455Z
HI200_035,hi,बस रूट २१ जी कहाँ-कहाँ रुकता है? सूची बनाओ।,बस रूट २१ जी कहाँ-कहाँ रुकता है? सूची बनाओ।,"प्रकाशित जानकारी

21G के स्टॉप: Alandur Court, Meeanambakkam International Airport, Thirusoolam National Airport, Pallavaram Or English Electrical, Pallavaram, Saravana Store Chromepet, Chromepet, Tambaram Tb Hospital, …। प्रकाशित स्टॉप कवरेज अधूरा है; अनुपयोगी कड़ियाँ या बिना कवरेज वाले रूट विकल्प छोड़े गए हैं। सेवा संचालन की पुष्टि नहीं है।

रूट के स्टॉप

21G · प्रकाशित क्रम 1

21G · प्रकाशित क्रम 2

21G · प्रकाशित क्रम 3

प्रकाशित कवरेज अधूरा है: कुछ कड़ियों या रूट विकल्पों की पुष्टि नहीं हो सकती।

छोड़े गए: 4 अनुपयोगी कड़ियाँ और 4 रूट विकल्प।

यह जानकारी रिकॉर्ड के संकलन से मिली है। मौजूदा सेवा और स्थितियों की पुष्टि ऑपरेटर से करें।","21G के स्टॉप: Alandur Court, Meeanambakkam International Airport, Thirusoolam National Airport, Pallavaram Or English Electrical, Pallavaram, Saravana Store Chromepet, Chromepet, Tambaram Tb Hospital, …। प्रकाशित स्टॉप कवरेज अधूरा है; अनुपयोगी कड़ियाँ या बिना कवरेज वाले रूट विकल्प छोड़े गए हैं। सेवा संचालन की पुष्टि नहीं है।",True,True,2026-10-08T11:26:55.658Z
HI200_036,hi,१०२के# बस के हर पड़ाव का क्रम देखना है।,१०२के# बस के हर पड़ाव का क्रम देखना है।,"अधिक जानकारी चाहिए

कृपया पूरे प्रत्यय सहित समर्थित रूट नंबर बताएं।

जरूरी जानकारी: रूट नंबर",कृपया पूरे प्रत्यय सहित समर्थित रूट नंबर बताएं।,True,True,2026-10-08T11:27:03.370Z
HI200_037,hi,क्या २१जी बस सैदापेट के स्टॉप पर ठहरती है?,क्या २१जी बस सैदापेट के स्टॉप पर ठहरती है?,"अधिक जानकारी चाहिए

कृपया स्टॉप बताएं।

जरूरी जानकारी: स्टॉप",कृपया स्टॉप बताएं।,True,True,2026-10-08T11:27:04.464Z
HI200_038,hi,१०२ए में अडयार वाला पड़ाव शामिल है या नहीं?,१०२ए में अडयार वाला पड़ाव शामिल है या नहीं?,"अधिक जानकारी चाहिए

कृपया स्टॉप, रूट नंबर या लाइन का नाम बताएं।

जरूरी जानकारी: स्टॉप, रूट नंबर या लाइन का नाम","कृपया स्टॉप, रूट नंबर या लाइन का नाम बताएं।",True,True,2026-10-08T11:27:05.718Z
HI200_039,hi,गिंडी मेट्रो स्टेशन नीली लाइन में आता है क्या?,गिंडी मेट्रो स्टेशन नीली लाइन में आता है क्या?,"जानकारी अनुपलब्ध है

माँगे गए परिवहन माध्यम से मेल खाता प्रकाशित रूट ढाँचा उपलब्ध नहीं है।",माँगे गए परिवहन माध्यम से मेल खाता प्रकाशित रूट ढाँचा उपलब्ध नहीं है।,True,True,2026-10-08T11:27:06.946Z
HI200_040,hi,एग्मोर हरी लाइन का स्टेशन है? सिर्फ हाँ या नहीं की पुष्टि चाहिए।,एग्मोर हरी लाइन का स्टेशन है? सिर्फ हाँ या नहीं की पुष्टि चाहिए।,"अधिक जानकारी चाहिए

कृपया रूट नंबर या लाइन का नाम बताएं।

जरूरी जानकारी: रूट नंबर या लाइन का नाम",कृपया रूट नंबर या लाइन का नाम बताएं।,True,True,2026-10-08T11:27:08.216Z
HI200_041,hi,"बस ५७० से शोलिंगनल्लूर पर उतर सकते हैं, यह स्टॉप उस रूट पर है?","बस ५७० से शोलिंगनल्लूर पर उतर सकते हैं, यह स्टॉप उस रूट पर है?","अधिक जानकारी चाहिए

कृपया स्टॉप बताएं।

जरूरी जानकारी: स्टॉप",कृपया स्टॉप बताएं।,True,True,2026-10-08T11:27:09.459Z
HI200_042,hi,रूट २७डी वडपलनी में नहीं रुकता क्या?,रूट २७डी वडपलनी में नहीं रुकता क्या?,"अधिक जानकारी चाहिए

कृपया स्टॉप बताएं।

जरूरी जानकारी: स्टॉप",कृपया स्टॉप बताएं।,True,True,2026-10-08T11:27:10.630Z
HI200_043,hi,तिरुवान्मियूर एमआरटीएस लाइन के स्टेशनों में गिना जाता है?,तिरुवान्मियूर एमआरटीएस लाइन के स्टेशनों में गिना जाता है?,"जानकारी अनुपलब्ध है

माँगे गए परिवहन माध्यम से मेल खाता प्रकाशित रूट ढाँचा उपलब्ध नहीं है।",माँगे गए परिवहन माध्यम से मेल खाता प्रकाशित रूट ढाँचा उपलब्ध नहीं है।,True,True,2026-10-08T11:27:11.899Z
HI200_044,hi,१०२के# में कन्नगी नगर वाला ठहराव है या किसी दूसरी बस में?,१०२के# में कन्नगी नगर वाला ठहराव है या किसी दूसरी बस में?,"अधिक जानकारी चाहिए

कृपया रूट नंबर या लाइन का नाम बताएं।

जरूरी जानकारी: रूट नंबर या लाइन का नाम",कृपया रूट नंबर या लाइन का नाम बताएं।,True,True,2026-10-08T11:27:13.100Z
HI200_045,hi,४७ए बस अन्ना नगर पर रुकती है; इसकी पुष्टि कर दो।,४७ए बस अन्ना नगर पर रुकती है; इसकी पुष्टि कर दो।,"अधिक जानकारी चाहिए

कृपया स्टॉप बताएं।

जरूरी जानकारी: स्टॉप",कृपया स्टॉप बताएं।,True,True,2026-10-08T11:27:14.312Z
HI200_046,hi,इस रूट में ताम्बरम वाला स्टॉप आता है क्या?,इस रूट में ताम्बरम वाला स्टॉप आता है क्या?,"अधिक जानकारी चाहिए

कृपया स्टॉप, रूट नंबर या लाइन का नाम बताएं।

जरूरी जानकारी: स्टॉप, रूट नंबर या लाइन का नाम","कृपया स्टॉप, रूट नंबर या लाइन का नाम बताएं।",True,True,2026-10-08T11:27:15.632Z
HI200_047,hi,२१जी पर यह जगह पड़ती है क्या?,२१जी पर यह जगह पड़ती है क्या?,"अधिक जानकारी चाहिए

कृपया स्टॉप, रूट नंबर या लाइन का नाम बताएं।

जरूरी जानकारी: स्टॉप, रूट नंबर या लाइन का नाम","कृपया स्टॉप, रूट नंबर या लाइन का नाम बताएं।",True,True,2026-10-08T11:27:16.867Z
HI200_048,hi,१०२ बस अडयार पर रुकती है? किराया नहीं चाहिए।,१०२ बस अडयार पर रुकती है? किराया नहीं चाहिए।,"अधिक जानकारी चाहिए

कृपया स्टॉप बताएं।

जरूरी जानकारी: स्टॉप",कृपया स्टॉप बताएं।,True,True,2026-10-08T11:27:18.148Z
HI200_049,hi,गिंडी मेट्रो से दिन की सबसे पहली गाड़ी कब निकलती है?,गिंडी मेट्रो से दिन की सबसे पहली गाड़ी कब निकलती है?,"जानकारी अनुपलब्ध है

माँगे गए परिवहन माध्यम से मेल खाती प्रकाशित समय-सारणी उपलब्ध नहीं है।",माँगे गए परिवहन माध्यम से मेल खाती प्रकाशित समय-सारणी उपलब्ध नहीं है।,True,True,2026-10-08T11:27:19.686Z
HI200_050,hi,वडपलनी मेट्रो की आखिरी रात वाली सेवा कितने बजे छूटती है?,वडपलनी मेट्रो की आखिरी रात वाली सेवा कितने बजे छूटती है?,"जानकारी अनुपलब्ध है

माँगे गए परिवहन माध्यम से मेल खाती प्रकाशित समय-सारणी उपलब्ध नहीं है।",माँगे गए परिवहन माध्यम से मेल खाती प्रकाशित समय-सारणी उपलब्ध नहीं है।,True,True,2026-10-08T11:27:21.339Z
HI200_051,hi,ताम्बरम से चेन्नई बीच जाने वाली लोकल रेल का पहला फेरा बताइए।,ताम्बरम से चेन्नई बीच जाने वाली लोकल रेल का पहला फेरा बताइए।,"जानकारी अनुपलब्ध है

माँगे गए परिवहन माध्यम से मेल खाती प्रकाशित समय-सारणी उपलब्ध नहीं है।",माँगे गए परिवहन माध्यम से मेल खाती प्रकाशित समय-सारणी उपलब्ध नहीं है।,True,True,2026-10-08T11:28:05.471Z
HI200_052,hi,ब्रॉडवे से २१जी बस की अंतिम रवाना होने की घड़ी क्या है?,ब्रॉडवे से २१जी बस की अंतिम रवाना होने की घड़ी क्या है?,"अधिक जानकारी चाहिए

कृपया एक बार में एक रूट, स्टॉप, किराए के स्टेज या समय के बारे में पूछें।","कृपया एक बार में एक रूट, स्टॉप, किराए के स्टेज या समय के बारे में पूछें।",True,True,2026-10-08T11:28:06.008Z
HI200_053,hi,सेंट्रल मेट्रो पर पहली और आखिरी ट्रेन का समय एक साथ चाहिए।,सेंट्रल मेट्रो पर पहली और आखिरी ट्रेन का समय एक साथ चाहिए।,"जानकारी अनुपलब्ध है

माँगे गए परिवहन माध्यम से मेल खाती प्रकाशित समय-सारणी उपलब्ध नहीं है।",माँगे गए परिवहन माध्यम से मेल खाती प्रकाशित समय-सारणी उपलब्ध नहीं है।,True,True,2026-10-08T11:28:06.862Z
HI200_054,hi,नीली लाइन की हवाई अड्डा मेट्रो से सुबह सबसे पहले निकलने वाली सेवा बताओ।,नीली लाइन की हवाई अड्डा मेट्रो से सुबह सबसे पहले निकलने वाली सेवा बताओ।,"जानकारी अनुपलब्ध है

माँगे गए परिवहन माध्यम से मेल खाती प्रकाशित समय-सारणी उपलब्ध नहीं है।",माँगे गए परिवहन माध्यम से मेल खाती प्रकाशित समय-सारणी उपलब्ध नहीं है।,True,True,2026-10-08T11:28:09.124Z
HI200_055,hi,"आलंदूर से अंतिम मेट्रो कब मिलती है, देर हो जाए तो जानना है।","आलंदूर से अंतिम मेट्रो कब मिलती है, देर हो जाए तो जानना है।","अधिक जानकारी चाहिए

कृपया एक बार में एक रूट, स्टॉप, किराए के स्टेज या समय के बारे में पूछें।","कृपया एक बार में एक रूट, स्टॉप, किराए के स्टेज या समय के बारे में पूछें।",True,True,2026-10-08T11:28:09.701Z
HI200_056,hi,चेन्नई बीच स्टेशन से एमआरटीएस की दिन की शुरुआती ट्रेन का वक्त चाहिए।,चेन्नई बीच स्टेशन से एमआरटीएस की दिन की शुरुआती ट्रेन का वक्त चाहिए।,"जानकारी अनुपलब्ध है

माँगे गए परिवहन माध्यम से मेल खाती प्रकाशित समय-सारणी उपलब्ध नहीं है।",माँगे गए परिवहन माध्यम से मेल खाती प्रकाशित समय-सारणी उपलब्ध नहीं है।,True,True,2026-10-08T11:28:10.699Z
HI200_057,hi,बस रूट ५७० का गिंडी से आखिरी फेरा किस समय छूटता है?,बस रूट ५७० का गिंडी से आखिरी फेरा किस समय छूटता है?,"अधिक जानकारी चाहिए

कृपया स्पष्ट करें कि आप किस स्टॉप या स्थान की बात कर रहे हैं।

एक से अधिक स्टॉप या स्थान मेल खाते हैं। अपने पूरे संशोधित प्रश्न में रूट नंबर, परिवहन का माध्यम या सही स्टॉप नाम दें।",कृपया स्पष्ट करें कि आप किस स्टॉप या स्थान की बात कर रहे हैं।,True,True,2026-10-08T11:28:11.324Z
HI200_058,hi,पहली बस का समय बता दो।,पहली बस का समय बता दो।,"अधिक जानकारी चाहिए

कृपया चढ़ने का स्टॉप या स्टेशन बताएं।

जरूरी जानकारी: चढ़ने का स्टॉप या स्टेशन",कृपया चढ़ने का स्टॉप या स्टेशन बताएं।,True,True,2026-10-08T11:28:11.956Z
HI200_059,hi,ताम्बरम से रविवार की आखिरी उपनगरीय रेल कब रवाना होती है?,ताम्बरम से रविवार की आखिरी उपनगरीय रेल कब रवाना होती है?,"जानकारी अनुपलब्ध है

माँगे गए परिवहन माध्यम से मेल खाती प्रकाशित समय-सारणी उपलब्ध नहीं है।",माँगे गए परिवहन माध्यम से मेल खाती प्रकाशित समय-सारणी उपलब्ध नहीं है।,True,True,2026-10-08T11:28:12.916Z
HI200_060,hi,"गिंडी मेट्रो की आखिरी ट्रेन बताइए, उसके आखिरी स्टेशन की सूची नहीं।","गिंडी मेट्रो की आखिरी ट्रेन बताइए, उसके आखिरी स्टेशन की सूची नहीं।","जानकारी अनुपलब्ध है

माँगे गए परिवहन माध्यम से मेल खाता प्रकाशित रूट ढाँचा उपलब्ध नहीं है।",माँगे गए परिवहन माध्यम से मेल खाता प्रकाशित रूट ढाँचा उपलब्ध नहीं है।,True,True,2026-10-08T11:28:13.550Z
HI200_061,hi,गिंडी मेट्रो पर नीली लाइन की दो गाड़ियों के बीच कितना अंतर रहता है?,गिंडी मेट्रो पर नीली लाइन की दो गाड़ियों के बीच कितना अंतर रहता है?,"जानकारी अनुपलब्ध है

माँगे गए परिवहन माध्यम से मेल खाती प्रकाशित समय-सारणी उपलब्ध नहीं है।",माँगे गए परिवहन माध्यम से मेल खाती प्रकाशित समय-सारणी उपलब्ध नहीं है।,True,True,2026-10-08T11:28:14.539Z
HI200_062,hi,ब्रॉडवे से २१जी बस कितनी-कितनी देर में मिलती है?,ब्रॉडवे से २१जी बस कितनी-कितनी देर में मिलती है?,"अधिक जानकारी चाहिए

कृपया चढ़ने का स्टॉप या स्टेशन बताएं।

जरूरी जानकारी: चढ़ने का स्टॉप या स्टेशन",कृपया चढ़ने का स्टॉप या स्टेशन बताएं।,True,True,2026-10-08T11:28:15.248Z
HI200_063,hi,ताम्बरम से चेन्नई बीच की दक्षिण लाइन पर लोकल रेल कितनी नियमित आती है?,ताम्बरम से चेन्नई बीच की दक्षिण लाइन पर लोकल रेल कितनी नियमित आती है?,"जानकारी अनुपलब्ध है

माँगे गए परिवहन माध्यम से मेल खाता प्रकाशित रूट ढाँचा उपलब्ध नहीं है।",माँगे गए परिवहन माध्यम से मेल खाता प्रकाशित रूट ढाँचा उपलब्ध नहीं है।,True,True,2026-10-08T11:28:16.035Z
HI200_064,hi,हरी मेट्रो लाइन में एग्मोर से अगली गाड़ी के लिए आम तौर पर कितने मिनट रुकना पड़ता है?,हरी मेट्रो लाइन में एग्मोर से अगली गाड़ी के लिए आम तौर पर कितने मिनट रुकना पड़ता है?,"जानकारी अनुपलब्ध है

माँगे गए परिवहन माध्यम से मेल खाती प्रकाशित समय-सारणी उपलब्ध नहीं है।",माँगे गए परिवहन माध्यम से मेल खाती प्रकाशित समय-सारणी उपलब्ध नहीं है।,True,True,2026-10-08T11:28:17.097Z
HI200_065,hi,रूट ५७० की गिंडी से बसों का औसत अंतराल बताइए।,रूट ५७० की गिंडी से बसों का औसत अंतराल बताइए।,"अधिक जानकारी चाहिए

कृपया स्पष्ट करें कि आप किस स्टॉप या स्थान की बात कर रहे हैं।

एक से अधिक स्टॉप या स्थान मेल खाते हैं। अपने पूरे संशोधित प्रश्न में रूट नंबर, परिवहन का माध्यम या सही स्टॉप नाम दें।",कृपया स्पष्ट करें कि आप किस स्टॉप या स्थान की बात कर रहे हैं।,True,True,2026-10-08T11:28:17.819Z
HI200_066,hi,वडपलनी पर हरी लाइन की मेट्रो का फेरा कितनी देर बाद दोहराता है?,वडपलनी पर हरी लाइन की मेट्रो का फेरा कितनी देर बाद दोहराता है?,"जानकारी अनुपलब्ध है

माँगे गए परिवहन माध्यम से मेल खाती प्रकाशित समय-सारणी उपलब्ध नहीं है।",माँगे गए परिवहन माध्यम से मेल खाती प्रकाशित समय-सारणी उपलब्ध नहीं है।,True,True,2026-10-08T11:28:18.827Z
HI200_067,hi,सैदापेट से २७डी बस का अंतराल क्या रहता है?,सैदापेट से २७डी बस का अंतराल क्या रहता है?,"अधिक जानकारी चाहिए

कृपया एक बार में एक रूट, स्टॉप, किराए के स्टेज या समय के बारे में पूछें।","कृपया एक बार में एक रूट, स्टॉप, किराए के स्टेज या समय के बारे में पूछें।",True,True,2026-10-08T11:28:19.515Z
HI200_068,hi,चेन्नई बीच पर एमआरटीएस गाड़ियाँ एक घंटे में लगभग कितनी बार आती हैं?,चेन्नई बीच पर एमआरटीएस गाड़ियाँ एक घंटे में लगभग कितनी बार आती हैं?,"जानकारी अनुपलब्ध है

माँगे गए परिवहन माध्यम से मेल खाती प्रकाशित समय-सारणी उपलब्ध नहीं है।",माँगे गए परिवहन माध्यम से मेल खाती प्रकाशित समय-सारणी उपलब्ध नहीं है।,True,True,2026-10-08T11:28:20.587Z
HI200_069,hi,गिंडी मेट्रो की नीली लाइन सुबह के व्यस्त समय में कितनी देर-देर में चलती है?,गिंडी मेट्रो की नीली लाइन सुबह के व्यस्त समय में कितनी देर-देर में चलती है?,"जानकारी अनुपलब्ध है

माँगे गए परिवहन माध्यम से मेल खाती प्रकाशित समय-सारणी उपलब्ध नहीं है।",माँगे गए परिवहन माध्यम से मेल खाती प्रकाशित समय-सारणी उपलब्ध नहीं है।,True,True,2026-10-08T11:28:21.663Z
HI200_070,hi,बसों के बीच कितना अंतर रहता है?,बसों के बीच कितना अंतर रहता है?,"अधिक जानकारी चाहिए

कृपया चढ़ने का स्टॉप या स्टेशन, रूट नंबर या लाइन का नाम बताएं।

जरूरी जानकारी: चढ़ने का स्टॉप या स्टेशन, रूट नंबर या लाइन का नाम","कृपया चढ़ने का स्टॉप या स्टेशन, रूट नंबर या लाइन का नाम बताएं।",True,True,2026-10-08T11:28:22.389Z
HI200_071,hi,नीली लाइन की मेट्रो कितनी-कितनी देर में आती है?,नीली लाइन की मेट्रो कितनी-कितनी देर में आती है?,"जानकारी अनुपलब्ध है

माँगे गए परिवहन माध्यम से मेल खाती प्रकाशित समय-सारणी उपलब्ध नहीं है।",माँगे गए परिवहन माध्यम से मेल खाती प्रकाशित समय-सारणी उपलब्ध नहीं है।,True,True,2026-10-08T11:28:23.407Z
HI200_072,hi,२१जी बस की ब्रॉडवे पर आवृत्ति चाहिए; पहली बस का समय मत बताना।,२१जी बस की ब्रॉडवे पर आवृत्ति चाहिए; पहली बस का समय मत बताना।,"अधिक जानकारी चाहिए

कृपया चढ़ने का स्टॉप या स्टेशन बताएं।

जरूरी जानकारी: चढ़ने का स्टॉप या स्टेशन",कृपया चढ़ने का स्टॉप या स्टेशन बताएं।,True,True,2026-10-08T11:28:24.305Z
HI200_073,hi,गिंडी मेट्रो से सुबह ७:१५ के बाद रवाना होने वाली गाड़ियों की समय-सारणी दिखाओ।,गिंडी मेट्रो से सुबह ७:१५ के बाद रवाना होने वाली गाड़ियों की समय-सारणी दिखाओ।,"जानकारी अनुपलब्ध है

माँगे गए परिवहन माध्यम से मेल खाती प्रकाशित समय-सारणी उपलब्ध नहीं है।",माँगे गए परिवहन माध्यम से मेल खाती प्रकाशित समय-सारणी उपलब्ध नहीं है।,True,True,2026-10-08T11:28:25.396Z
HI200_074,hi,ब्रॉडवे से २१जी बस के शाम ६ बजे बाद के छूटने के समय लिखिए।,ब्रॉडवे से २१जी बस के शाम ६ बजे बाद के छूटने के समय लिखिए।,"अधिक जानकारी चाहिए

कृपया चढ़ने का स्टॉप या स्टेशन बताएं।

जरूरी जानकारी: चढ़ने का स्टॉप या स्टेशन",कृपया चढ़ने का स्टॉप या स्टेशन बताएं।,True,True,2026-10-08T11:28:26.131Z
HI200_075,hi,ताम्बरम स्टेशन से चेन्नई बीच की लोकल रेल के निर्धारित प्रस्थान बताओ।,ताम्बरम स्टेशन से चेन्नई बीच की लोकल रेल के निर्धारित प्रस्थान बताओ।,"जानकारी अनुपलब्ध है

माँगे गए परिवहन माध्यम से मेल खाती प्रकाशित समय-सारणी उपलब्ध नहीं है।",माँगे गए परिवहन माध्यम से मेल खाती प्रकाशित समय-सारणी उपलब्ध नहीं है।,True,True,2026-10-08T11:28:27.247Z
HI200_076,hi,एग्मोर मेट्रो की दोपहर २:३० के बाद वाली समय-सूची चाहिए।,एग्मोर मेट्रो की दोपहर २:३० के बाद वाली समय-सूची चाहिए।,"जानकारी अनुपलब्ध है

माँगे गए परिवहन माध्यम से मेल खाती प्रकाशित समय-सारणी उपलब्ध नहीं है।",माँगे गए परिवहन माध्यम से मेल खाती प्रकाशित समय-सारणी उपलब्ध नहीं है।,True,True,2026-10-08T11:28:35.525Z
HI200_077,hi,चेन्नई बीच से एमआरटीएस की समय-सारणी कहाँ तक उपलब्ध है? रवाना होने के समय बताइए।,चेन्नई बीच से एमआरटीएस की समय-सारणी कहाँ तक उपलब्ध है? रवाना होने के समय बताइए।,"जानकारी अनुपलब्ध है

माँगे गए परिवहन माध्यम से मेल खाती प्रकाशित समय-सारणी उपलब्ध नहीं है।",माँगे गए परिवहन माध्यम से मेल खाती प्रकाशित समय-सारणी उपलब्ध नहीं है।,True,True,2026-10-08T11:28:36.715Z
HI200_078,hi,गिंडी से बस ५७० के रात ९ बजे के बाद के निर्धारित फेरे दिखाओ।,गिंडी से बस ५७० के रात ९ बजे के बाद के निर्धारित फेरे दिखाओ।,"अधिक जानकारी चाहिए

कृपया स्पष्ट करें कि आप किस स्टॉप या स्थान की बात कर रहे हैं।

एक से अधिक स्टॉप या स्थान मेल खाते हैं। अपने पूरे संशोधित प्रश्न में रूट नंबर, परिवहन का माध्यम या सही स्टॉप नाम दें।",कृपया स्पष्ट करें कि आप किस स्टॉप या स्थान की बात कर रहे हैं।,True,True,2026-10-08T11:28:37.650Z
HI200_079,hi,गिंडी मेट्रो से ८ बजे के बाद कौन-कौन सी गाड़ियाँ छूटेंगी?,गिंडी मेट्रो से ८ बजे के बाद कौन-कौन सी गाड़ियाँ छूटेंगी?,"अधिक जानकारी चाहिए

कृपया एक बार में एक रूट, स्टॉप, किराए के स्टेज या समय के बारे में पूछें।","कृपया एक बार में एक रूट, स्टॉप, किराए के स्टेज या समय के बारे में पूछें।",True,True,2026-10-08T11:28:38.454Z
HI200_080,hi,सेंट्रल मेट्रो से कल की समय-सारणी बताओ।,सेंट्रल मेट्रो से कल की समय-सारणी बताओ।,"जानकारी अनुपलब्ध है

माँगे गए परिवहन माध्यम से मेल खाती प्रकाशित समय-सारणी उपलब्ध नहीं है।",माँगे गए परिवहन माध्यम से मेल खाती प्रकाशित समय-सारणी उपलब्ध नहीं है।,True,True,2026-10-08T11:28:39.588Z
HI200_081,hi,"मेट्रो की समय-सारणी चाहिए, स्टेशन अभी नहीं लिखा है।","मेट्रो की समय-सारणी चाहिए, स्टेशन अभी नहीं लिखा है।","जानकारी अनुपलब्ध है

माँगे गए परिवहन माध्यम से मेल खाती प्रकाशित समय-सारणी उपलब्ध नहीं है।",माँगे गए परिवहन माध्यम से मेल खाती प्रकाशित समय-सारणी उपलब्ध नहीं है।,True,True,2026-10-08T11:28:40.733Z
HI200_082,hi,गिंडी मेट्रो से रात २५:६१ पर रवाना होने वाली ट्रेन बताओ।,गिंडी मेट्रो से रात २५:६१ पर रवाना होने वाली ट्रेन बताओ।,"जानकारी अनुपलब्ध है

माँगे गए परिवहन माध्यम से मेल खाती प्रकाशित समय-सारणी उपलब्ध नहीं है।",माँगे गए परिवहन माध्यम से मेल खाती प्रकाशित समय-सारणी उपलब्ध नहीं है।,True,True,2026-10-08T11:28:41.966Z
HI200_083,hi,एग्मोर मेट्रो से सुबह ६ बजे से ८ बजे तक के प्रस्थान बताइए।,एग्मोर मेट्रो से सुबह ६ बजे से ८ बजे तक के प्रस्थान बताइए।,"अधिक जानकारी चाहिए

कृपया एक बार में एक रूट, स्टॉप, किराए के स्टेज या समय के बारे में पूछें।","कृपया एक बार में एक रूट, स्टॉप, किराए के स्टेज या समय के बारे में पूछें।",True,True,2026-10-08T11:28:42.979Z
HI200_084,hi,गिंडी से रात १० बजे से पहले छूटने वाली मेट्रो की समय-सारणी चाहिए।,गिंडी से रात १० बजे से पहले छूटने वाली मेट्रो की समय-सारणी चाहिए।,"अधिक जानकारी चाहिए

कृपया एक बार में एक रूट, स्टॉप, किराए के स्टेज या समय के बारे में पूछें।","कृपया एक बार में एक रूट, स्टॉप, किराए के स्टेज या समय के बारे में पूछें।",True,True,2026-10-08T11:28:44.028Z
HI200_085,hi,सैदापेट से नंदनम तक सीधी मेट्रो सेवा है क्या?,सैदापेट से नंदनम तक सीधी मेट्रो सेवा है क्या?,"जानकारी अनुपलब्ध है

माँगे गए परिवहन माध्यम से मेल खाता प्रकाशित रूट ढाँचा उपलब्ध नहीं है।",माँगे गए परिवहन माध्यम से मेल खाता प्रकाशित रूट ढाँचा उपलब्ध नहीं है।,True,True,2026-10-08T11:28:44.857Z
HI200_086,hi,ब्रॉडवे और अडयार के बीच बस चलती है या नहीं?,ब्रॉडवे और अडयार के बीच बस चलती है या नहीं?,"अधिक जानकारी चाहिए

कृपया शुरुआती स्टॉप, गंतव्य स्टॉप बताएं।

जरूरी जानकारी: शुरुआती स्टॉप, गंतव्य स्टॉप","कृपया शुरुआती स्टॉप, गंतव्य स्टॉप बताएं।",True,True,2026-10-08T11:28:45.805Z
HI200_087,hi,ताम्बरम से चेन्नई बीच तक उपनगरीय रेल उपलब्ध है?,ताम्बरम से चेन्नई बीच तक उपनगरीय रेल उपलब्ध है?,"जानकारी अनुपलब्ध है

माँगे गए परिवहन माध्यम से मेल खाता प्रकाशित रूट ढाँचा उपलब्ध नहीं है।",माँगे गए परिवहन माध्यम से मेल खाता प्रकाशित रूट ढाँचा उपलब्ध नहीं है।,True,True,2026-10-08T11:28:46.725Z
HI200_088,hi,चेन्नई बीच से तिरुवान्मियूर जाने को एमआरटीएस सेवा मिलती है क्या?,चेन्नई बीच से तिरुवान्मियूर जाने को एमआरटीएस सेवा मिलती है क्या?,"जानकारी अनुपलब्ध है

माँगे गए परिवहन माध्यम से मेल खाता प्रकाशित रूट ढाँचा उपलब्ध नहीं है।",माँगे गए परिवहन माध्यम से मेल खाता प्रकाशित रूट ढाँचा उपलब्ध नहीं है।,True,True,2026-10-08T11:28:47.646Z
HI200_089,hi,कोयम्बेडु से वडपलनी मेट्रो की सुविधा मिल जाएगी?,कोयम्बेडु से वडपलनी मेट्रो की सुविधा मिल जाएगी?,"जानकारी अनुपलब्ध है

माँगे गए परिवहन माध्यम से मेल खाता प्रकाशित रूट ढाँचा उपलब्ध नहीं है।",माँगे गए परिवहन माध्यम से मेल खाता प्रकाशित रूट ढाँचा उपलब्ध नहीं है।,True,True,2026-10-08T11:28:48.588Z
HI200_090,hi,"गिंडी से हवाई अड्डे की सीधी बस है, इस बात की पुष्टि चाहिए।","गिंडी से हवाई अड्डे की सीधी बस है, इस बात की पुष्टि चाहिए।","अधिक जानकारी चाहिए

कृपया स्पष्ट करें कि आप किस स्टॉप या स्थान की बात कर रहे हैं।

एक से अधिक स्टॉप या स्थान मेल खाते हैं। अपने पूरे संशोधित प्रश्न में रूट नंबर, परिवहन का माध्यम या सही स्टॉप नाम दें।",कृपया स्पष्ट करें कि आप किस स्टॉप या स्थान की बात कर रहे हैं।,True,True,2026-10-08T11:28:49.468Z
HI200_091,hi,पेरम्बूर से सेंट्रल के बीच लोकल रेल नहीं चलती क्या?,पेरम्बूर से सेंट्रल के बीच लोकल रेल नहीं चलती क्या?,"जानकारी अनुपलब्ध है

माँगे गए परिवहन माध्यम से मेल खाता प्रकाशित रूट ढाँचा उपलब्ध नहीं है।",माँगे गए परिवहन माध्यम से मेल खाता प्रकाशित रूट ढाँचा उपलब्ध नहीं है।,True,True,2026-10-08T11:28:50.535Z
HI200_092,hi,अन्ना नगर से आलंदूर तक मेट्रो सेवा उपलब्ध है या बस ही लेनी होगी?,अन्ना नगर से आलंदूर तक मेट्रो सेवा उपलब्ध है या बस ही लेनी होगी?,"अधिक जानकारी चाहिए

कृपया इस प्रश्न के लिए परिवहन का एक माध्यम चुनें।

जरूरी जानकारी: परिवहन का माध्यम",कृपया इस प्रश्न के लिए परिवहन का एक माध्यम चुनें।,True,True,2026-10-08T11:28:51.578Z
HI200_093,hi,सेंट्रल से हवाई अड्डे मेट्रो अभी रात ११ बजे चलती है क्या?,सेंट्रल से हवाई अड्डे मेट्रो अभी रात ११ बजे चलती है क्या?,"अधिक जानकारी चाहिए

कृपया एक बार में एक रूट, स्टॉप, किराए के स्टेज या समय के बारे में पूछें।","कृपया एक बार में एक रूट, स्टॉप, किराए के स्टेज या समय के बारे में पूछें।",True,True,2026-10-08T11:28:52.554Z
HI200_094,hi,अडयार तक बस मिलती है क्या?,अडयार तक बस मिलती है क्या?,"अधिक जानकारी चाहिए

कृपया शुरुआती स्टॉप, गंतव्य स्टॉप बताएं।

जरूरी जानकारी: शुरुआती स्टॉप, गंतव्य स्टॉप","कृपया शुरुआती स्टॉप, गंतव्य स्टॉप बताएं।",True,True,2026-10-08T11:28:53.649Z
HI200_095,hi,गिंडी से सीधी मेट्रो है क्या?,गिंडी से सीधी मेट्रो है क्या?,"जानकारी अनुपलब्ध है

माँगे गए परिवहन माध्यम से मेल खाता प्रकाशित रूट ढाँचा उपलब्ध नहीं है।",माँगे गए परिवहन माध्यम से मेल खाता प्रकाशित रूट ढाँचा उपलब्ध नहीं है।,True,True,2026-10-08T11:28:54.698Z
HI200_096,hi,गिंडी से नंदनम मेट्रो चलती है? रास्ते का विवरण नहीं चाहिए।,गिंडी से नंदनम मेट्रो चलती है? रास्ते का विवरण नहीं चाहिए।,"जानकारी अनुपलब्ध है

माँगे गए परिवहन माध्यम से मेल खाता प्रकाशित रूट ढाँचा उपलब्ध नहीं है।",माँगे गए परिवहन माध्यम से मेल खाता प्रकाशित रूट ढाँचा उपलब्ध नहीं है।,True,True,2026-10-08T11:28:55.725Z
HI200_097,hi,साधारण बस में चार स्टेज के सफर का किराया कितना होगा?,साधारण बस में चार स्टेज के सफर का किराया कितना होगा?,"प्रकाशित जानकारी

प्रकाशित किराया (साधारण सेवाएँ): INR 8 (रिकॉर्ड की प्रभावी तारीख 2018-01-29)। प्रकाशित स्टेज किराया मिला है; यात्रा से पहले मौजूदा किराए की पुष्टि करें।

प्रकाशित किराया

INR 8

सेवा श्रेणी: साधारण सेवाएँ

प्रभावी तारीख: 2018-01-29 · स्रोत: MTC_OFFICIAL

यह जानकारी रिकॉर्ड के संकलन से मिली है। मौजूदा सेवा और स्थितियों की पुष्टि ऑपरेटर से करें।",प्रकाशित किराया (साधारण सेवाएँ): INR 8 (रिकॉर्ड की प्रभावी तारीख 2018-01-29)। प्रकाशित स्टेज किराया मिला है; यात्रा से पहले मौजूदा किराए की पुष्टि करें।,True,True,2026-10-08T11:28:56.895Z
HI200_098,hi,एक्सप्रेस बस के ६ स्टेज का किराया बताइए।,एक्सप्रेस बस के ६ स्टेज का किराया बताइए।,"प्रकाशित जानकारी

प्रकाशित किराया (एक्सप्रेस सेवाएँ): INR 15 (रिकॉर्ड की प्रभावी तारीख 2018-01-29)। प्रकाशित स्टेज किराया मिला है; यात्रा से पहले मौजूदा किराए की पुष्टि करें।

प्रकाशित किराया

INR 15

सेवा श्रेणी: एक्सप्रेस सेवाएँ

प्रभावी तारीख: 2018-01-29 · स्रोत: MTC_OFFICIAL

यह जानकारी रिकॉर्ड के संकलन से मिली है। मौजूदा सेवा और स्थितियों की पुष्टि ऑपरेटर से करें।",प्रकाशित किराया (एक्सप्रेस सेवाएँ): INR 15 (रिकॉर्ड की प्रभावी तारीख 2018-01-29)। प्रकाशित स्टेज किराया मिला है; यात्रा से पहले मौजूदा किराए की पुष्टि करें।,True,True,2026-10-08T11:28:58.079Z
HI200_099,hi,डीलक्स बस में आठ चरण चलने पर कितने रुपये लगते हैं?,डीलक्स बस में आठ चरण चलने पर कितने रुपये लगते हैं?,"प्रकाशित जानकारी

प्रकाशित किराया (डीलक्स सेवाएँ): INR 25 (रिकॉर्ड की प्रभावी तारीख 2018-01-29)। प्रकाशित स्टेज किराया मिला है; यात्रा से पहले मौजूदा किराए की पुष्टि करें।

प्रकाशित किराया

INR 25

सेवा श्रेणी: डीलक्स सेवाएँ

प्रभावी तारीख: 2018-01-29 · स्रोत: MTC_OFFICIAL

यह जानकारी रिकॉर्ड के संकलन से मिली है। मौजूदा सेवा और स्थितियों की पुष्टि ऑपरेटर से करें।",प्रकाशित किराया (डीलक्स सेवाएँ): INR 25 (रिकॉर्ड की प्रभावी तारीख 2018-01-29)। प्रकाशित स्टेज किराया मिला है; यात्रा से पहले मौजूदा किराए की पुष्टि करें।,True,True,2026-10-08T11:28:59.338Z
HI200_100,hi,रात्रि सेवा की बस में पाँच स्टेज का भाड़ा जानना है।,रात्रि सेवा की बस में पाँच स्टेज का भाड़ा जानना है।,"प्रकाशित जानकारी

प्रकाशित किराया (रात्रि सेवाएँ): INR 19 (रिकॉर्ड की प्रभावी तारीख 2018-01-29)। प्रकाशित स्टेज किराया मिला है; यात्रा से पहले मौजूदा किराए की पुष्टि करें।

प्रकाशित किराया

INR 19

सेवा श्रेणी: रात्रि सेवाएँ

प्रभावी तारीख: 2018-01-29 · स्रोत: MTC_OFFICIAL

यह जानकारी रिकॉर्ड के संकलन से मिली है। मौजूदा सेवा और स्थितियों की पुष्टि ऑपरेटर से करें।",प्रकाशित किराया (रात्रि सेवाएँ): INR 19 (रिकॉर्ड की प्रभावी तारीख 2018-01-29)। प्रकाशित स्टेज किराया मिला है; यात्रा से पहले मौजूदा किराए की पुष्टि करें।,True,True,2026-10-08T11:29:00.529Z
HI200_101,hi,"वातानुकूलित बस से १० स्टेज का सफर, टिकट के कितने पैसे बनेंगे?","वातानुकूलित बस से १० स्टेज का सफर, टिकट के कितने पैसे बनेंगे?","जानकारी अनुपलब्ध है

माँगी गई यात्रा या स्टेज के लिए कोई सत्यापित किराया रिकॉर्ड नहीं है।",माँगी गई यात्रा या स्टेज के लिए कोई सत्यापित किराया रिकॉर्ड नहीं है।,True,True,2026-10-08T11:29:55.904Z
HI200_102,hi,गिंडी मेट्रो से हवाई अड्डा मेट्रो तक एक यात्रा के टिकट की कीमत क्या है?,गिंडी मेट्रो से हवाई अड्डा मेट्रो तक एक यात्रा के टिकट की कीमत क्या है?,"अधिक जानकारी चाहिए

कृपया गंतव्य स्टॉप या किराए का स्टेज नंबर बताएं।

जरूरी जानकारी: गंतव्य स्टॉप या किराए का स्टेज नंबर",कृपया गंतव्य स्टॉप या किराए का स्टेज नंबर बताएं।,True,True,2026-10-08T11:29:56.456Z
HI200_103,hi,"एग्मोर मेट्रो से नंदनम मेट्रो का किराया बताओ, रास्ता मत समझाना।","एग्मोर मेट्रो से नंदनम मेट्रो का किराया बताओ, रास्ता मत समझाना।","अधिक जानकारी चाहिए

कृपया स्पष्ट करें कि आप किस स्टॉप या स्थान की बात कर रहे हैं।

एक से अधिक स्टॉप या स्थान मेल खाते हैं। अपने पूरे संशोधित प्रश्न में रूट नंबर, परिवहन का माध्यम या सही स्टॉप नाम दें।",कृपया स्पष्ट करें कि आप किस स्टॉप या स्थान की बात कर रहे हैं।,True,True,2026-10-08T11:29:56.976Z
HI200_104,hi,"साधारण एमटीसी बस में तीन स्टेज, किराया?","साधारण एमटीसी बस में तीन स्टेज, किराया?","प्रकाशित जानकारी

प्रकाशित किराया (साधारण सेवाएँ): INR 7 (रिकॉर्ड की प्रभावी तारीख 2018-01-29)। प्रकाशित स्टेज किराया मिला है; यात्रा से पहले मौजूदा किराए की पुष्टि करें।

प्रकाशित किराया

INR 7

सेवा श्रेणी: साधारण सेवाएँ

प्रभावी तारीख: 2018-01-29 · स्रोत: MTC_OFFICIAL

यह जानकारी रिकॉर्ड के संकलन से मिली है। मौजूदा सेवा और स्थितियों की पुष्टि ऑपरेटर से करें।",प्रकाशित किराया (साधारण सेवाएँ): INR 7 (रिकॉर्ड की प्रभावी तारीख 2018-01-29)। प्रकाशित स्टेज किराया मिला है; यात्रा से पहले मौजूदा किराए की पुष्टि करें।,True,True,2026-10-08T11:29:57.557Z
HI200_105,hi,बस में ४ स्टेज जाने के पैसे कितने होंगे? सेवा का प्रकार नहीं मालूम।,बस में ४ स्टेज जाने के पैसे कितने होंगे? सेवा का प्रकार नहीं मालूम।,"अधिक जानकारी चाहिए

कृपया बस सेवा श्रेणी (साधारण, एक्सप्रेस, डीलक्स, रात्रि या वातानुकूलित) बताएं।

जरूरी जानकारी: सेवा श्रेणी","कृपया बस सेवा श्रेणी (साधारण, एक्सप्रेस, डीलक्स, रात्रि या वातानुकूलित) बताएं।",True,True,2026-10-08T11:29:58.130Z
HI200_106,hi,"मेरा बस किराया निकाल दो, दूरी और स्टेज अभी नहीं बताए हैं।","मेरा बस किराया निकाल दो, दूरी और स्टेज अभी नहीं बताए हैं।","जानकारी अनुपलब्ध है

इस रिकॉर्ड संकलन में टिकट या पास नीति की कोई आधिकारिक तालिका नहीं है।",इस रिकॉर्ड संकलन में टिकट या पास नीति की कोई आधिकारिक तालिका नहीं है।,True,True,2026-10-08T11:30:32.266Z
HI200_107,hi,साधारण बस में ० स्टेज का किराया क्या है?,साधारण बस में ० स्टेज का किराया क्या है?,"अधिक जानकारी चाहिए

कृपया मान्य किराया स्टेज नंबर बताएं।

जरूरी जानकारी: स्टेज नंबर",कृपया मान्य किराया स्टेज नंबर बताएं।,True,True,2026-10-08T11:30:32.873Z
HI200_108,hi,साधारण बस के इकतीस स्टेज के किराए की रकम बताओ।,साधारण बस के इकतीस स्टेज के किराए की रकम बताओ।,"अधिक जानकारी चाहिए

कृपया मान्य किराया स्टेज नंबर बताएं।

जरूरी जानकारी: स्टेज नंबर",कृपया मान्य किराया स्टेज नंबर बताएं।,True,True,2026-10-08T11:30:33.877Z
HI200_109,hi,मेट्रो स्मार्ट कार्ड में कम से कम कितना रिचार्ज कराना पड़ता है?,मेट्रो स्मार्ट कार्ड में कम से कम कितना रिचार्ज कराना पड़ता है?,"जानकारी अनुपलब्ध है

इस रिकॉर्ड संकलन में टिकट या पास नीति की कोई आधिकारिक तालिका नहीं है।",इस रिकॉर्ड संकलन में टिकट या पास नीति की कोई आधिकारिक तालिका नहीं है।,True,True,2026-10-08T11:30:34.514Z
HI200_110,hi,मेट्रो का क्यूआर टिकट खरीदने का नियम समझाइए।,मेट्रो का क्यूआर टिकट खरीदने का नियम समझाइए।,"जानकारी अनुपलब्ध है

इस रिकॉर्ड संकलन में टिकट या पास नीति की कोई आधिकारिक तालिका नहीं है।",इस रिकॉर्ड संकलन में टिकट या पास नीति की कोई आधिकारिक तालिका नहीं है।,True,True,2026-10-08T11:30:35.223Z
HI200_111,hi,एमटीसी का मासिक पास किन बसों में मान्य होता है?,एमटीसी का मासिक पास किन बसों में मान्य होता है?,"जानकारी अनुपलब्ध है

इस रिकॉर्ड संकलन में टिकट या पास नीति की कोई आधिकारिक तालिका नहीं है।",इस रिकॉर्ड संकलन में टिकट या पास नीति की कोई आधिकारिक तालिका नहीं है।,True,True,2026-10-08T11:30:35.943Z
HI200_112,hi,उपनगरीय रेल का सीजन पास लेने के लिए कौन से कागज चाहिए?,उपनगरीय रेल का सीजन पास लेने के लिए कौन से कागज चाहिए?,"जानकारी अनुपलब्ध है

इस रिकॉर्ड संकलन में टिकट या पास नीति की कोई आधिकारिक तालिका नहीं है।",इस रिकॉर्ड संकलन में टिकट या पास नीति की कोई आधिकारिक तालिका नहीं है।,True,True,2026-10-08T11:30:36.637Z
HI200_113,hi,एनसीएमसी कार्ड मेट्रो में चलाने के नियम क्या हैं?,एनसीएमसी कार्ड मेट्रो में चलाने के नियम क्या हैं?,"जानकारी अनुपलब्ध है

इस रिकॉर्ड संकलन में टिकट या पास नीति की कोई आधिकारिक तालिका नहीं है।",इस रिकॉर्ड संकलन में टिकट या पास नीति की कोई आधिकारिक तालिका नहीं है।,True,True,2026-10-08T11:30:37.391Z
HI200_114,hi,मेट्रो टोकन खो जाए तो बदलवाने का तरीका बताओ।,मेट्रो टोकन खो जाए तो बदलवाने का तरीका बताओ।,"जानकारी अनुपलब्ध है

इस रिकॉर्ड संकलन में टिकट या पास नीति की कोई आधिकारिक तालिका नहीं है।",इस रिकॉर्ड संकलन में टिकट या पास नीति की कोई आधिकारिक तालिका नहीं है।,True,True,2026-10-08T11:30:38.063Z
HI200_115,hi,पर्यटक पास एक ही दिन में कितनी यात्राओं के लिए चलता है?,पर्यटक पास एक ही दिन में कितनी यात्राओं के लिए चलता है?,"अधिक जानकारी चाहिए

कृपया चढ़ने का स्टॉप या स्टेशन, रूट नंबर या लाइन का नाम बताएं।

जरूरी जानकारी: चढ़ने का स्टॉप या स्टेशन, रूट नंबर या लाइन का नाम","कृपया चढ़ने का स्टॉप या स्टेशन, रूट नंबर या लाइन का नाम बताएं।",True,True,2026-10-08T11:30:38.836Z
HI200_116,hi,बच्चों को मेट्रो टिकट में छूट किस उम्र तक मिलती है?,बच्चों को मेट्रो टिकट में छूट किस उम्र तक मिलती है?,"जानकारी अनुपलब्ध है

इस रिकॉर्ड संकलन में टिकट या पास नीति की कोई आधिकारिक तालिका नहीं है।",इस रिकॉर्ड संकलन में टिकट या पास नीति की कोई आधिकारिक तालिका नहीं है।,True,True,2026-10-08T11:30:39.594Z
HI200_117,hi,मेट्रो स्मार्ट कार्ड की बची रकम वापस मिलने का नियम क्या है?,मेट्रो स्मार्ट कार्ड की बची रकम वापस मिलने का नियम क्या है?,"जानकारी अनुपलब्ध है

इस रिकॉर्ड संकलन में टिकट या पास नीति की कोई आधिकारिक तालिका नहीं है।",इस रिकॉर्ड संकलन में टिकट या पास नीति की कोई आधिकारिक तालिका नहीं है।,True,True,2026-10-08T11:30:40.365Z
HI200_118,hi,"मेट्रो टिकट नकद लें या कार्ड से, कौन-कौन से भुगतान तरीके मान्य हैं?","मेट्रो टिकट नकद लें या कार्ड से, कौन-कौन से भुगतान तरीके मान्य हैं?","जानकारी अनुपलब्ध है

इस रिकॉर्ड संकलन में टिकट या पास नीति की कोई आधिकारिक तालिका नहीं है।",इस रिकॉर्ड संकलन में टिकट या पास नीति की कोई आधिकारिक तालिका नहीं है।,True,True,2026-10-08T11:30:41.111Z
HI200_119,hi,बस का मासिक पास दूसरे व्यक्ति को देना मना है क्या?,बस का मासिक पास दूसरे व्यक्ति को देना मना है क्या?,"जानकारी अनुपलब्ध है

इस रिकॉर्ड संकलन में टिकट या पास नीति की कोई आधिकारिक तालिका नहीं है।",इस रिकॉर्ड संकलन में टिकट या पास नीति की कोई आधिकारिक तालिका नहीं है।,True,True,2026-10-08T11:30:41.862Z
HI200_120,hi,"क्यूआर टिकट कब तक मान्य रहता है, कीमत नहीं पूछ रहा।","क्यूआर टिकट कब तक मान्य रहता है, कीमत नहीं पूछ रहा।","जानकारी अनुपलब्ध है

इस रिकॉर्ड संकलन में टिकट या पास नीति की कोई आधिकारिक तालिका नहीं है।",इस रिकॉर्ड संकलन में टिकट या पास नीति की कोई आधिकारिक तालिका नहीं है।,True,True,2026-10-08T11:30:42.602Z
HI200_121,hi,गिंडी मेट्रो स्टेशन पर बाइक खड़ी करने की पार्किंग मिलती है?,गिंडी मेट्रो स्टेशन पर बाइक खड़ी करने की पार्किंग मिलती है?,"जानकारी अनुपलब्ध है

इस रिकॉर्ड संकलन में सुविधा की उपलब्धता सत्यापित नहीं है।",इस रिकॉर्ड संकलन में सुविधा की उपलब्धता सत्यापित नहीं है।,True,True,2026-10-08T11:30:43.374Z
HI200_122,hi,एग्मोर मेट्रो में पीने के पानी की जगह है क्या?,एग्मोर मेट्रो में पीने के पानी की जगह है क्या?,"जानकारी अनुपलब्ध है

इस रिकॉर्ड संकलन में सुविधा की उपलब्धता सत्यापित नहीं है।",इस रिकॉर्ड संकलन में सुविधा की उपलब्धता सत्यापित नहीं है।,True,True,2026-10-08T11:30:44.164Z
HI200_123,hi,कोयम्बेडु मेट्रो स्टेशन के अंदर शौचालय उपलब्ध हैं?,कोयम्बेडु मेट्रो स्टेशन के अंदर शौचालय उपलब्ध हैं?,"जानकारी अनुपलब्ध है

इस रिकॉर्ड संकलन में सुविधा की उपलब्धता सत्यापित नहीं है।",इस रिकॉर्ड संकलन में सुविधा की उपलब्धता सत्यापित नहीं है।,True,True,2026-10-08T11:30:44.905Z
HI200_124,hi,वडपलनी मेट्रो पर यात्रियों के लिए बैठकर प्रतीक्षा करने का कमरा है?,वडपलनी मेट्रो पर यात्रियों के लिए बैठकर प्रतीक्षा करने का कमरा है?,"जानकारी अनुपलब्ध है

इस रिकॉर्ड संकलन में सुविधा की उपलब्धता सत्यापित नहीं है।",इस रिकॉर्ड संकलन में सुविधा की उपलब्धता सत्यापित नहीं है।,True,True,2026-10-08T11:30:45.771Z
HI200_125,hi,चेन्नई सेंट्रल मेट्रो में सामान रखने का क्लोक रूम मिलेगा?,चेन्नई सेंट्रल मेट्रो में सामान रखने का क्लोक रूम मिलेगा?,"जानकारी अनुपलब्ध है

इस रिकॉर्ड संकलन में सुविधा की उपलब्धता सत्यापित नहीं है।",इस रिकॉर्ड संकलन में सुविधा की उपलब्धता सत्यापित नहीं है।,True,True,2026-10-08T11:30:46.475Z
HI200_126,hi,आलंदूर मेट्रो स्टेशन पर एटीएम लगा है क्या?,आलंदूर मेट्रो स्टेशन पर एटीएम लगा है क्या?,"जानकारी अनुपलब्ध है

इस रिकॉर्ड संकलन में परिवहन बदलाव के पुष्ट रिकॉर्ड नहीं हैं।",इस रिकॉर्ड संकलन में परिवहन बदलाव के पुष्ट रिकॉर्ड नहीं हैं।,True,True,2026-10-08T11:31:15.428Z
HI200_127,hi,हवाई अड्डा मेट्रो स्टेशन में वाई-फाई मिलता है?,हवाई अड्डा मेट्रो स्टेशन में वाई-फाई मिलता है?,"जानकारी अनुपलब्ध है

माँगे गए परिवहन माध्यम से मेल खाता प्रकाशित रूट ढाँचा उपलब्ध नहीं है।",माँगे गए परिवहन माध्यम से मेल खाता प्रकाशित रूट ढाँचा उपलब्ध नहीं है।,True,True,2026-10-08T11:31:16.125Z
HI200_128,hi,नंदनम मेट्रो के पास कार पार्क करने की सुविधा पूछनी है।,नंदनम मेट्रो के पास कार पार्क करने की सुविधा पूछनी है।,"जानकारी अनुपलब्ध है

इस रिकॉर्ड संकलन में सुविधा की उपलब्धता सत्यापित नहीं है।",इस रिकॉर्ड संकलन में सुविधा की उपलब्धता सत्यापित नहीं है।,True,True,2026-10-08T11:31:16.873Z
HI200_129,hi,ताम्बरम रेलवे स्टेशन पर प्रतीक्षालय की सुविधा है या नहीं?,ताम्बरम रेलवे स्टेशन पर प्रतीक्षालय की सुविधा है या नहीं?,"जानकारी अनुपलब्ध है

इस रिकॉर्ड संकलन में सुविधा की उपलब्धता सत्यापित नहीं है।",इस रिकॉर्ड संकलन में सुविधा की उपलब्धता सत्यापित नहीं है।,True,True,2026-10-08T11:31:18.764Z
HI200_130,hi,मेट्रो स्टेशन पर पानी और शौचालय की सुविधाएँ हैं क्या? स्टेशन नहीं बताया।,मेट्रो स्टेशन पर पानी और शौचालय की सुविधाएँ हैं क्या? स्टेशन नहीं बताया।,"जानकारी अनुपलब्ध है

इस रिकॉर्ड संकलन में सुविधा की उपलब्धता सत्यापित नहीं है।",इस रिकॉर्ड संकलन में सुविधा की उपलब्धता सत्यापित नहीं है।,True,True,2026-10-08T11:31:19.612Z
HI200_131,hi,"गिंडी मेट्रो की पार्किंग पूछ रहा हूँ, व्हीलचेयर की जानकारी नहीं।","गिंडी मेट्रो की पार्किंग पूछ रहा हूँ, व्हीलचेयर की जानकारी नहीं।","जानकारी अनुपलब्ध है

इस रिकॉर्ड संकलन में सुविधा की उपलब्धता सत्यापित नहीं है।",इस रिकॉर्ड संकलन में सुविधा की उपलब्धता सत्यापित नहीं है।,True,True,2026-10-08T11:31:20.997Z
HI200_132,hi,एग्मोर मेट्रो: बाथरूम है? जल्दी बता दीजिए।,एग्मोर मेट्रो: बाथरूम है? जल्दी बता दीजिए।,"जानकारी अनुपलब्ध है

इस रिकॉर्ड संकलन में परिवहन बदलाव के पुष्ट रिकॉर्ड नहीं हैं।",इस रिकॉर्ड संकलन में परिवहन बदलाव के पुष्ट रिकॉर्ड नहीं हैं।,True,True,2026-10-08T11:31:22.315Z
HI200_133,hi,गिंडी मेट्रो में व्हीलचेयर लेकर भीतर जाना संभव है?,गिंडी मेट्रो में व्हीलचेयर लेकर भीतर जाना संभव है?,"जानकारी अनुपलब्ध है

इस रिकॉर्ड संकलन में सुगम्यता सुविधाओं की सत्यापित जानकारी नहीं है।",इस रिकॉर्ड संकलन में सुगम्यता सुविधाओं की सत्यापित जानकारी नहीं है।,True,True,2026-10-08T11:31:23.255Z
HI200_134,hi,एग्मोर मेट्रो स्टेशन में सीढ़ियाँ चढ़े बिना जाने के लिए लिफ्ट है क्या?,एग्मोर मेट्रो स्टेशन में सीढ़ियाँ चढ़े बिना जाने के लिए लिफ्ट है क्या?,"जानकारी अनुपलब्ध है

इस रिकॉर्ड संकलन में सुगम्यता सुविधाओं की सत्यापित जानकारी नहीं है।",इस रिकॉर्ड संकलन में सुगम्यता सुविधाओं की सत्यापित जानकारी नहीं है।,True,True,2026-10-08T11:31:24.013Z
HI200_135,hi,कोयम्बेडु मेट्रो पर व्हीलचेयर के लिए ढलान वाला रैंप बना है?,कोयम्बेडु मेट्रो पर व्हीलचेयर के लिए ढलान वाला रैंप बना है?,"जानकारी अनुपलब्ध है

इस रिकॉर्ड संकलन में सुगम्यता सुविधाओं की सत्यापित जानकारी नहीं है।",इस रिकॉर्ड संकलन में सुगम्यता सुविधाओं की सत्यापित जानकारी नहीं है।,True,True,2026-10-08T11:31:24.948Z
HI200_136,hi,वडपलनी मेट्रो में चलती सीढ़ी की सुविधा मिलती है?,वडपलनी मेट्रो में चलती सीढ़ी की सुविधा मिलती है?,"जानकारी अनुपलब्ध है

इस रिकॉर्ड संकलन में सुगम्यता सुविधाओं की सत्यापित जानकारी नहीं है।",इस रिकॉर्ड संकलन में सुगम्यता सुविधाओं की सत्यापित जानकारी नहीं है।,True,True,2026-10-08T11:31:25.807Z
HI200_137,hi,आलंदूर मेट्रो पर दृष्टिबाधित यात्रियों के लिए स्पर्श पथ है?,आलंदूर मेट्रो पर दृष्टिबाधित यात्रियों के लिए स्पर्श पथ है?,"जानकारी अनुपलब्ध है

इस रिकॉर्ड संकलन में सुगम्यता सुविधाओं की सत्यापित जानकारी नहीं है।",इस रिकॉर्ड संकलन में सुगम्यता सुविधाओं की सत्यापित जानकारी नहीं है।,True,True,2026-10-08T11:31:26.649Z
HI200_138,hi,हवाई अड्डा मेट्रो में दिव्यांगों के उपयोग वाला शौचालय है क्या?,हवाई अड्डा मेट्रो में दिव्यांगों के उपयोग वाला शौचालय है क्या?,"जानकारी अनुपलब्ध है

इस रिकॉर्ड संकलन में सुगम्यता सुविधाओं की सत्यापित जानकारी नहीं है।",इस रिकॉर्ड संकलन में सुगम्यता सुविधाओं की सत्यापित जानकारी नहीं है।,True,True,2026-10-08T11:31:27.470Z
HI200_139,hi,नंदनम मेट्रो पर बुज़ुर्गों के लिए सीढ़ी के बजाय लिफ्ट मिलेगी?,नंदनम मेट्रो पर बुज़ुर्गों के लिए सीढ़ी के बजाय लिफ्ट मिलेगी?,"जानकारी अनुपलब्ध है

इस रिकॉर्ड संकलन में सुगम्यता सुविधाओं की सत्यापित जानकारी नहीं है।",इस रिकॉर्ड संकलन में सुगम्यता सुविधाओं की सत्यापित जानकारी नहीं है।,True,True,2026-10-08T11:31:28.320Z
HI200_140,hi,सैदापेट मेट्रो में व्हीलचेयर से प्लेटफॉर्म तक पहुँचने की सुविधा की पुष्टि करो।,सैदापेट मेट्रो में व्हीलचेयर से प्लेटफॉर्म तक पहुँचने की सुविधा की पुष्टि करो।,"जानकारी अनुपलब्ध है

इस रिकॉर्ड संकलन में सुगम्यता सुविधाओं की सत्यापित जानकारी नहीं है।",इस रिकॉर्ड संकलन में सुगम्यता सुविधाओं की सत्यापित जानकारी नहीं है।,True,True,2026-10-08T11:31:29.204Z
HI200_141,hi,ताम्बरम रेल स्टेशन पर दिव्यांग रैंप उपलब्ध है?,ताम्बरम रेल स्टेशन पर दिव्यांग रैंप उपलब्ध है?,"जानकारी अनुपलब्ध है

इस रिकॉर्ड संकलन में सुगम्यता सुविधाओं की सत्यापित जानकारी नहीं है।",इस रिकॉर्ड संकलन में सुगम्यता सुविधाओं की सत्यापित जानकारी नहीं है।,True,True,2026-10-08T11:31:30.145Z
HI200_142,hi,व्हीलचेयर के अनुकूल मेट्रो स्टेशन है क्या?,व्हीलचेयर के अनुकूल मेट्रो स्टेशन है क्या?,"अधिक जानकारी चाहिए

कृपया नजदीकी पहचान का स्थान या इलाका बताएं।

जरूरी जानकारी: नजदीकी पहचान का स्थान या इलाका",कृपया नजदीकी पहचान का स्थान या इलाका बताएं।,True,True,2026-10-08T11:31:31.034Z
HI200_143,hi,गिंडी मेट्रो पर लिफ्ट है? पार्किंग नहीं पूछी है।,गिंडी मेट्रो पर लिफ्ट है? पार्किंग नहीं पूछी है।,"अधिक जानकारी चाहिए

कृपया अपना परिवहन प्रश्न स्पष्ट करें।",कृपया अपना परिवहन प्रश्न स्पष्ट करें।,True,True,2026-10-08T11:31:31.917Z
HI200_144,hi,सेंट्रल मेट्रो में बिना सीढ़ी चढ़े प्लेटफॉर्म पहुँचा जा सकता है?,सेंट्रल मेट्रो में बिना सीढ़ी चढ़े प्लेटफॉर्म पहुँचा जा सकता है?,"जानकारी अनुपलब्ध है

इस रिकॉर्ड संकलन में सुगम्यता सुविधाओं की सत्यापित जानकारी नहीं है।",इस रिकॉर्ड संकलन में सुगम्यता सुविधाओं की सत्यापित जानकारी नहीं है।,True,True,2026-10-08T11:31:32.946Z
HI200_145,hi,गिंडी पर मेट्रो से लोकल ट्रेन बदलने की जगह कहाँ है?,गिंडी पर मेट्रो से लोकल ट्रेन बदलने की जगह कहाँ है?,"जानकारी अनुपलब्ध है

इस रिकॉर्ड संकलन में परिवहन बदलाव के पुष्ट रिकॉर्ड नहीं हैं।",इस रिकॉर्ड संकलन में परिवहन बदलाव के पुष्ट रिकॉर्ड नहीं हैं।,True,True,2026-10-08T11:31:34.031Z
HI200_146,hi,आलंदूर मेट्रो में नीली लाइन से हरी लाइन पर कैसे बदलूँ?,आलंदूर मेट्रो में नीली लाइन से हरी लाइन पर कैसे बदलूँ?,"जानकारी अनुपलब्ध है

इस रिकॉर्ड संकलन में परिवहन बदलाव के पुष्ट रिकॉर्ड नहीं हैं।",इस रिकॉर्ड संकलन में परिवहन बदलाव के पुष्ट रिकॉर्ड नहीं हैं।,True,True,2026-10-08T11:31:35.128Z
HI200_147,hi,चेन्नई सेंट्रल पर उपनगरीय रेल छोड़कर मेट्रो में जाने का जुड़ाव बताइए।,चेन्नई सेंट्रल पर उपनगरीय रेल छोड़कर मेट्रो में जाने का जुड़ाव बताइए।,"जानकारी अनुपलब्ध है

इस रिकॉर्ड संकलन में अलग परिवहन माध्यमों के बीच बदलाव का कोई पुष्ट नेटवर्क उपलब्ध नहीं है।",इस रिकॉर्ड संकलन में अलग परिवहन माध्यमों के बीच बदलाव का कोई पुष्ट नेटवर्क उपलब्ध नहीं है।,True,True,2026-10-08T11:31:36.130Z
HI200_148,hi,कोयम्बेडु में बस अड्डे और मेट्रो स्टेशन के बीच बदलने का इंतजाम क्या है?,कोयम्बेडु में बस अड्डे और मेट्रो स्टेशन के बीच बदलने का इंतजाम क्या है?,"जानकारी अनुपलब्ध है

इस रिकॉर्ड संकलन में सुविधा की उपलब्धता सत्यापित नहीं है।",इस रिकॉर्ड संकलन में सुविधा की उपलब्धता सत्यापित नहीं है।,True,True,2026-10-08T11:31:37.036Z
HI200_149,hi,चेन्नई बीच पर लोकल रेल से एमआरटीएस में स्थानांतरण कहाँ होता है?,चेन्नई बीच पर लोकल रेल से एमआरटीएस में स्थानांतरण कहाँ होता है?,"जानकारी अनुपलब्ध है

इस रिकॉर्ड संकलन में परिवहन बदलाव के पुष्ट रिकॉर्ड नहीं हैं।",इस रिकॉर्ड संकलन में परिवहन बदलाव के पुष्ट रिकॉर्ड नहीं हैं।,True,True,2026-10-08T11:31:38.085Z
HI200_150,hi,सेंट्रल मेट्रो में एक मेट्रो लाइन से दूसरी लाइन का इंटरचेंज समझाइए।,सेंट्रल मेट्रो में एक मेट्रो लाइन से दूसरी लाइन का इंटरचेंज समझाइए।,"जानकारी अनुपलब्ध है

इस रिकॉर्ड संकलन में परिवहन बदलाव के पुष्ट रिकॉर्ड नहीं हैं।",इस रिकॉर्ड संकलन में परिवहन बदलाव के पुष्ट रिकॉर्ड नहीं हैं।,True,True,2026-10-08T11:31:39.249Z
HI200_151,hi,ताम्बरम में ट्रेन से उतरकर बस पकड़ने वाला स्थानांतरण बिंदु है?,ताम्बरम में ट्रेन से उतरकर बस पकड़ने वाला स्थानांतरण बिंदु है?,"जानकारी अनुपलब्ध है

इस रिकॉर्ड संकलन में अलग परिवहन माध्यमों के बीच बदलाव का कोई पुष्ट नेटवर्क उपलब्ध नहीं है।",इस रिकॉर्ड संकलन में अलग परिवहन माध्यमों के बीच बदलाव का कोई पुष्ट नेटवर्क उपलब्ध नहीं है।,True,True,2026-10-08T11:32:30.926Z
HI200_152,hi,गिंडी स्टेशन पर बस से मेट्रो में बदलने की जानकारी चाहिए।,गिंडी स्टेशन पर बस से मेट्रो में बदलने की जानकारी चाहिए।,"जानकारी अनुपलब्ध है

इस रिकॉर्ड संकलन में अलग परिवहन माध्यमों के बीच बदलाव का कोई पुष्ट नेटवर्क उपलब्ध नहीं है।",इस रिकॉर्ड संकलन में अलग परिवहन माध्यमों के बीच बदलाव का कोई पुष्ट नेटवर्क उपलब्ध नहीं है।,True,True,2026-10-08T11:32:31.421Z
HI200_153,hi,एग्मोर में रेल प्लेटफॉर्म से मेट्रो का जुड़ाव सीधा है क्या?,एग्मोर में रेल प्लेटफॉर्म से मेट्रो का जुड़ाव सीधा है क्या?,"जानकारी अनुपलब्ध है

माँगे गए परिवहन माध्यम से मेल खाता प्रकाशित रूट ढाँचा उपलब्ध नहीं है।",माँगे गए परिवहन माध्यम से मेल खाता प्रकाशित रूट ढाँचा उपलब्ध नहीं है।,True,True,2026-10-08T11:32:31.962Z
HI200_154,hi,मेट्रो से बस में कहाँ बदलना होता है?,मेट्रो से बस में कहाँ बदलना होता है?,"जानकारी अनुपलब्ध है

इस रिकॉर्ड संकलन में परिवहन बदलाव के पुष्ट रिकॉर्ड नहीं हैं।",इस रिकॉर्ड संकलन में परिवहन बदलाव के पुष्ट रिकॉर्ड नहीं हैं।,True,True,2026-10-08T11:32:32.531Z
HI200_155,hi,यहाँ गाड़ी बदलने की सुविधा कहाँ है?,यहाँ गाड़ी बदलने की सुविधा कहाँ है?,"जानकारी अनुपलब्ध है

इस रिकॉर्ड संकलन में सुविधा की उपलब्धता सत्यापित नहीं है।",इस रिकॉर्ड संकलन में सुविधा की उपलब्धता सत्यापित नहीं है।,True,True,2026-10-08T11:32:33.070Z
HI200_156,hi,"आलंदूर में लाइन बदलने का तरीका चाहिए, वहाँ की पार्किंग नहीं।","आलंदूर में लाइन बदलने का तरीका चाहिए, वहाँ की पार्किंग नहीं।","अधिक जानकारी चाहिए

कृपया अपना परिवहन प्रश्न स्पष्ट करें।",कृपया अपना परिवहन प्रश्न स्पष्ट करें।,True,True,2026-10-08T11:32:33.677Z
HI200_157,hi,मरीना बीच के सबसे पास का बस स्टॉप कौन सा पड़ेगा?,मरीना बीच के सबसे पास का बस स्टॉप कौन सा पड़ेगा?,"प्रकाशित जानकारी

सीधी दूरी से निकटतम: Kannagi Statue Or Presidency College (277 m)। निकटतम केवल सीधी दूरी के आधार पर है; पैदल पहुँच सत्यापित नहीं है।

सीधी दूरी से निकटतम

पैदल पहुँच और मौजूदा संचालन की पुष्टि नहीं है।

यह जानकारी रिकॉर्ड के संकलन से मिली है। मौजूदा सेवा और स्थितियों की पुष्टि ऑपरेटर से करें।",सीधी दूरी से निकटतम: Kannagi Statue Or Presidency College (277 m)। निकटतम केवल सीधी दूरी के आधार पर है; पैदल पहुँच सत्यापित नहीं है।,True,True,2026-10-08T11:32:34.268Z
HI200_158,hi,आईआईटी मद्रास से नज़दीकी मेट्रो स्टेशन बताइए।,आईआईटी मद्रास से नज़दीकी मेट्रो स्टेशन बताइए।,"अधिक जानकारी चाहिए

कृपया नजदीकी पहचान का स्थान या इलाका बताएं।

जरूरी जानकारी: नजदीकी पहचान का स्थान या इलाका",कृपया नजदीकी पहचान का स्थान या इलाका बताएं।,True,True,2026-10-08T11:32:34.964Z
HI200_159,hi,अन्ना नगर इलाके के पास सबसे निकट रेल स्टेशन कौन सा है?,अन्ना नगर इलाके के पास सबसे निकट रेल स्टेशन कौन सा है?,"अधिक जानकारी चाहिए

कृपया नजदीकी पहचान का स्थान या इलाका बताएं।

जरूरी जानकारी: नजदीकी पहचान का स्थान या इलाका",कृपया नजदीकी पहचान का स्थान या इलाका बताएं।,True,True,2026-10-08T11:32:35.727Z
HI200_160,hi,अपोलो अस्पताल ग्रीम्स रोड के आसपास सबसे पास वाली बस पकड़ने की जगह बताओ।,अपोलो अस्पताल ग्रीम्स रोड के आसपास सबसे पास वाली बस पकड़ने की जगह बताओ।,"अधिक जानकारी चाहिए

कृपया नजदीकी पहचान का स्थान या इलाका बताएं।

जरूरी जानकारी: नजदीकी पहचान का स्थान या इलाका",कृपया नजदीकी पहचान का स्थान या इलाका बताएं।,True,True,2026-10-08T11:32:36.393Z
HI200_161,hi,अडयार में निकटतम सार्वजनिक परिवहन स्टेशन ढूँढ़ दीजिए।,अडयार में निकटतम सार्वजनिक परिवहन स्टेशन ढूँढ़ दीजिए।,"अधिक जानकारी चाहिए

कृपया नजदीकी पहचान का स्थान या इलाका बताएं।

जरूरी जानकारी: नजदीकी पहचान का स्थान या इलाका",कृपया नजदीकी पहचान का स्थान या इलाका बताएं।,True,True,2026-10-08T11:32:37.097Z
HI200_162,hi,चेपॉक स्टेडियम के नज़दीक कौन सा एमआरटीएस स्टेशन है?,चेपॉक स्टेडियम के नज़दीक कौन सा एमआरटीएस स्टेशन है?,"अधिक जानकारी चाहिए

कृपया नजदीकी पहचान का स्थान या इलाका बताएं।

जरूरी जानकारी: नजदीकी पहचान का स्थान या इलाका",कृपया नजदीकी पहचान का स्थान या इलाका बताएं।,True,True,2026-10-08T11:32:37.753Z
HI200_163,hi,फीनिक्स मार्केटसिटी के पास उतरने के लिए सबसे निकट बस स्टॉप क्या है?,फीनिक्स मार्केटसिटी के पास उतरने के लिए सबसे निकट बस स्टॉप क्या है?,"अधिक जानकारी चाहिए

कृपया नजदीकी पहचान का स्थान या इलाका बताएं।

जरूरी जानकारी: नजदीकी पहचान का स्थान या इलाका",कृपया नजदीकी पहचान का स्थान या इलाका बताएं।,True,True,2026-10-08T11:32:38.541Z
HI200_164,hi,वेलाचेरी इलाके में सबसे पास का मेट्रो ठहराव बताओ।,वेलाचेरी इलाके में सबसे पास का मेट्रो ठहराव बताओ।,"अधिक जानकारी चाहिए

कृपया नजदीकी पहचान का स्थान या इलाका बताएं।

जरूरी जानकारी: नजदीकी पहचान का स्थान या इलाका",कृपया नजदीकी पहचान का स्थान या इलाका बताएं।,True,True,2026-10-08T11:32:39.345Z
HI200_165,hi,मरीना बीच से सबसे नज़दीकी उपनगरीय रेल स्टेशन कितना दूर है?,मरीना बीच से सबसे नज़दीकी उपनगरीय रेल स्टेशन कितना दूर है?,"प्रकाशित जानकारी

सीधी दूरी से निकटतम: Thiruvallikeni (409 m)। निकटतम केवल सीधी दूरी के आधार पर है; पैदल पहुँच सत्यापित नहीं है।

सीधी दूरी से निकटतम

पैदल पहुँच और मौजूदा संचालन की पुष्टि नहीं है।

यह जानकारी रिकॉर्ड के संकलन से मिली है। मौजूदा सेवा और स्थितियों की पुष्टि ऑपरेटर से करें।",सीधी दूरी से निकटतम: Thiruvallikeni (409 m)। निकटतम केवल सीधी दूरी के आधार पर है; पैदल पहुँच सत्यापित नहीं है।,True,True,2026-10-08T11:32:40.131Z
HI200_166,hi,"पास का बस स्टॉप बता दो, जगह अभी नहीं लिखी है।","पास का बस स्टॉप बता दो, जगह अभी नहीं लिखी है।","अधिक जानकारी चाहिए

कृपया रूट नंबर या लाइन का नाम बताएं।

जरूरी जानकारी: रूट नंबर या लाइन का नाम",कृपया रूट नंबर या लाइन का नाम बताएं।,True,True,2026-10-08T11:32:40.873Z
HI200_167,hi,मरीना बीच का सबसे पास मेट्रो स्टेशन चाहिए; वहाँ पहुँचने का रास्ता नहीं पूछ रहा।,मरीना बीच का सबसे पास मेट्रो स्टेशन चाहिए; वहाँ पहुँचने का रास्ता नहीं पूछ रहा।,"प्रकाशित जानकारी

सीधी दूरी से निकटतम: Lighthouse Metro (1121 m)। निकटतम केवल सीधी दूरी के आधार पर है; पैदल पहुँच सत्यापित नहीं है।

सीधी दूरी से निकटतम

पैदल पहुँच और मौजूदा संचालन की पुष्टि नहीं है।

यह जानकारी रिकॉर्ड के संकलन से मिली है। मौजूदा सेवा और स्थितियों की पुष्टि ऑपरेटर से करें।",सीधी दूरी से निकटतम: Lighthouse Metro (1121 m)। निकटतम केवल सीधी दूरी के आधार पर है; पैदल पहुँच सत्यापित नहीं है।,True,True,2026-10-08T11:32:41.684Z
HI200_168,hi,"गिंडी इलाके के आसपास निकटतम स्टेशन, कृपया... मेट्रो वाला।","गिंडी इलाके के आसपास निकटतम स्टेशन, कृपया... मेट्रो वाला।","अधिक जानकारी चाहिए

कृपया स्पष्ट करें कि आप किस स्टॉप या स्थान की बात कर रहे हैं।

एक से अधिक स्टॉप या स्थान मेल खाते हैं। अपने पूरे संशोधित प्रश्न में रूट नंबर, परिवहन का माध्यम या सही स्टॉप नाम दें।",कृपया स्पष्ट करें कि आप किस स्टॉप या स्थान की बात कर रहे हैं।,True,True,2026-10-08T11:32:42.577Z
HI200_169,hi,"२१जी बस इस वक्त कहाँ पहुँची है, उसकी जीपीएस स्थिति दिखाओ।","२१जी बस इस वक्त कहाँ पहुँची है, उसकी जीपीएस स्थिति दिखाओ।","जानकारी अनुपलब्ध है

लाइव परिवहन स्थिति अनुपलब्ध है; कृपया ऑपरेटर से पुष्टि करें।",लाइव परिवहन स्थिति अनुपलब्ध है; कृपया ऑपरेटर से पुष्टि करें।,True,True,2026-10-08T11:32:43.438Z
HI200_170,hi,गिंडी मेट्रो अभी कितनी देरी से चल रही है?,गिंडी मेट्रो अभी कितनी देरी से चल रही है?,"जानकारी अनुपलब्ध है

माँगे गए परिवहन माध्यम से मेल खाती प्रकाशित समय-सारणी उपलब्ध नहीं है।",माँगे गए परिवहन माध्यम से मेल खाती प्रकाशित समय-सारणी उपलब्ध नहीं है।,True,True,2026-10-08T11:32:44.664Z
HI200_171,hi,सेंट्रल मेट्रो में अभी यात्रियों की भीड़ कितनी है?,सेंट्रल मेट्रो में अभी यात्रियों की भीड़ कितनी है?,"जानकारी अनुपलब्ध है

माँगे गए परिवहन माध्यम से मेल खाती प्रकाशित समय-सारणी उपलब्ध नहीं है।",माँगे गए परिवहन माध्यम से मेल खाती प्रकाशित समय-सारणी उपलब्ध नहीं है।,True,True,2026-10-08T11:32:45.836Z
HI200_172,hi,ताम्बरम से चेन्नई बीच वाली लोकल ट्रेन इस समय कहाँ रुकी है?,ताम्बरम से चेन्नई बीच वाली लोकल ट्रेन इस समय कहाँ रुकी है?,"जानकारी अनुपलब्ध है

इस रिकॉर्ड संकलन में परिवहन बदलाव के पुष्ट रिकॉर्ड नहीं हैं।",इस रिकॉर्ड संकलन में परिवहन बदलाव के पुष्ट रिकॉर्ड नहीं हैं।,True,True,2026-10-08T11:32:46.708Z
HI200_173,hi,हवाई अड्डा मेट्रो की सेवा अभी बंद पड़ी है या सामान्य चल रही है?,हवाई अड्डा मेट्रो की सेवा अभी बंद पड़ी है या सामान्य चल रही है?,"जानकारी अनुपलब्ध है

माँगे गए परिवहन माध्यम से मेल खाता प्रकाशित रूट ढाँचा उपलब्ध नहीं है।",माँगे गए परिवहन माध्यम से मेल खाता प्रकाशित रूट ढाँचा उपलब्ध नहीं है।,True,True,2026-10-08T11:32:47.532Z
HI200_174,hi,"बस ५७० का अभी अगला आगमन कितने मिनट में होगा, लाइव बताइए।","बस ५७० का अभी अगला आगमन कितने मिनट में होगा, लाइव बताइए।","जानकारी अनुपलब्ध है

लाइव परिवहन स्थिति अनुपलब्ध है; कृपया ऑपरेटर से पुष्टि करें।",लाइव परिवहन स्थिति अनुपलब्ध है; कृपया ऑपरेटर से पुष्टि करें।,True,True,2026-10-08T11:32:48.437Z
HI200_175,hi,नीली लाइन पर अभी कोई दुर्घटना से रुकावट है क्या?,नीली लाइन पर अभी कोई दुर्घटना से रुकावट है क्या?,"जानकारी अनुपलब्ध है

इस रिकॉर्ड संकलन में परिवहन बदलाव के पुष्ट रिकॉर्ड नहीं हैं।",इस रिकॉर्ड संकलन में परिवहन बदलाव के पुष्ट रिकॉर्ड नहीं हैं।,True,True,2026-10-08T11:32:49.316Z
HI200_176,hi,वडपलनी मेट्रो की लिफ्ट आज अभी काम कर रही है?,वडपलनी मेट्रो की लिफ्ट आज अभी काम कर रही है?,"जानकारी अनुपलब्ध है

इस रिकॉर्ड संकलन में सुगम्यता सुविधाओं की सत्यापित जानकारी नहीं है।",इस रिकॉर्ड संकलन में सुगम्यता सुविधाओं की सत्यापित जानकारी नहीं है।,True,True,2026-10-08T11:34:05.855Z
HI200_177,hi,"मेट्रो की इस समय की असली देरी चाहिए, समय-सारणी वाली नहीं।","मेट्रो की इस समय की असली देरी चाहिए, समय-सारणी वाली नहीं।","जानकारी अनुपलब्ध है

माँगे गए परिवहन माध्यम से मेल खाती प्रकाशित समय-सारणी उपलब्ध नहीं है।",माँगे गए परिवहन माध्यम से मेल खाती प्रकाशित समय-सारणी उपलब्ध नहीं है।,True,True,2026-10-08T11:34:07.077Z
HI200_178,hi,चेन्नई बीच से एमआरटीएस ट्रेन अभी निकल चुकी है या नहीं?,चेन्नई बीच से एमआरटीएस ट्रेन अभी निकल चुकी है या नहीं?,"अधिक जानकारी चाहिए

कृपया एक बार में एक रूट, स्टॉप, किराए के स्टेज या समय के बारे में पूछें।","कृपया एक बार में एक रूट, स्टॉप, किराए के स्टेज या समय के बारे में पूछें।",True,True,2026-10-08T11:34:07.979Z
HI200_179,hi,२७डी बस में अभी सीट खाली मिलेगी? बस की मौजूदा भीड़ पूछ रहा हूँ।,२७डी बस में अभी सीट खाली मिलेगी? बस की मौजूदा भीड़ पूछ रहा हूँ।,"जानकारी अनुपलब्ध है

इस रिकॉर्ड संकलन में टिकट या पास नीति की कोई आधिकारिक तालिका नहीं है।",इस रिकॉर्ड संकलन में टिकट या पास नीति की कोई आधिकारिक तालिका नहीं है।,True,True,2026-10-08T11:34:08.855Z
HI200_180,hi,"आलंदूर में अभी मेट्रो प्लेटफॉर्म बंद है क्या, तुरंत की स्थिति बताओ।","आलंदूर में अभी मेट्रो प्लेटफॉर्म बंद है क्या, तुरंत की स्थिति बताओ।","जानकारी अनुपलब्ध है

इस रिकॉर्ड संकलन में परिवहन बदलाव के पुष्ट रिकॉर्ड नहीं हैं।",इस रिकॉर्ड संकलन में परिवहन बदलाव के पुष्ट रिकॉर्ड नहीं हैं।,True,True,2026-10-08T11:34:09.778Z
HI200_181,hi,"चेन्नई में कल बारिश होगी क्या, मौसम बताइए।","चेन्नई में कल बारिश होगी क्या, मौसम बताइए।","अधिक जानकारी चाहिए

कृपया समय या दिन स्पष्ट करें।",कृपया समय या दिन स्पष्ट करें।,True,True,2026-10-08T11:34:10.771Z
HI200_182,hi,हवाई अड्डे के लिए मेरे नाम से टैक्सी बुक कर दो।,हवाई अड्डे के लिए मेरे नाम से टैक्सी बुक कर दो।,"परिवहन के दायरे से बाहर

मैं चेन्नई के सार्वजनिक परिवहन से जुड़े प्रश्नों में मदद कर सकता हूँ।",मैं चेन्नई के सार्वजनिक परिवहन से जुड़े प्रश्नों में मदद कर सकता हूँ।,True,True,2026-10-08T11:34:11.726Z
HI200_183,hi,मुझे एग्मोर के पास अच्छा होटल आरक्षित करके दे दो।,मुझे एग्मोर के पास अच्छा होटल आरक्षित करके दे दो।,"परिवहन के दायरे से बाहर

मैं चेन्नई के सार्वजनिक परिवहन से जुड़े प्रश्नों में मदद कर सकता हूँ।",मैं चेन्नई के सार्वजनिक परिवहन से जुड़े प्रश्नों में मदद कर सकता हूँ।,True,True,2026-10-08T11:34:12.763Z
HI200_184,hi,चेन्नई से दिल्ली की उड़ान का टिकट खरीदो।,चेन्नई से दिल्ली की उड़ान का टिकट खरीदो।,"जानकारी अनुपलब्ध है

इस रिकॉर्ड संकलन में टिकट या पास नीति की कोई आधिकारिक तालिका नहीं है।",इस रिकॉर्ड संकलन में टिकट या पास नीति की कोई आधिकारिक तालिका नहीं है।,True,True,2026-10-08T11:34:13.675Z
HI200_185,hi,बैंगलुरु जाने वाली लंबी दूरी की ट्रेन में सीट आरक्षित करो।,बैंगलुरु जाने वाली लंबी दूरी की ट्रेन में सीट आरक्षित करो।,"जानकारी अनुपलब्ध है

इस रिकॉर्ड संकलन में टिकट या पास नीति की कोई आधिकारिक तालिका नहीं है।",इस रिकॉर्ड संकलन में टिकट या पास नीति की कोई आधिकारिक तालिका नहीं है।,True,True,2026-10-08T11:34:14.758Z
HI200_186,hi,मेरे लिए सेंट्रल मेट्रो के दो टिकट अभी खरीदकर भुगतान कर दो।,मेरे लिए सेंट्रल मेट्रो के दो टिकट अभी खरीदकर भुगतान कर दो।,"जानकारी अनुपलब्ध है

इस रिकॉर्ड संकलन में टिकट या पास नीति की कोई आधिकारिक तालिका नहीं है।",इस रिकॉर्ड संकलन में टिकट या पास नीति की कोई आधिकारिक तालिका नहीं है।,True,True,2026-10-08T11:34:15.774Z
HI200_187,hi,"घर का बिजली बिल कितना बाकी है, जाँच दो।","घर का बिजली बिल कितना बाकी है, जाँच दो।","अधिक जानकारी चाहिए

कृपया किराए का स्टेज नंबर या शुरुआती और गंतव्य स्टॉप बताएं।

जरूरी जानकारी: शुरुआती स्टॉप या किराए का स्टेज नंबर, गंतव्य स्टॉप या किराए का स्टेज नंबर",कृपया किराए का स्टेज नंबर या शुरुआती और गंतव्य स्टॉप बताएं।,True,True,2026-10-08T11:34:17.108Z
HI200_188,hi,चेन्नई की सबसे स्वादिष्ट बिरयानी कहाँ मिलेगी?,चेन्नई की सबसे स्वादिष्ट बिरयानी कहाँ मिलेगी?,"परिवहन के दायरे से बाहर

मैं चेन्नई के सार्वजनिक परिवहन से जुड़े प्रश्नों में मदद कर सकता हूँ।",मैं चेन्नई के सार्वजनिक परिवहन से जुड़े प्रश्नों में मदद कर सकता हूँ।,True,True,2026-10-08T11:34:18.210Z
HI200_189,hi,मेरी मोबाइल लोकेशन से पता करो मैं अभी कहाँ हूँ।,मेरी मोबाइल लोकेशन से पता करो मैं अभी कहाँ हूँ।,"जानकारी अनुपलब्ध है

लाइव परिवहन स्थिति अनुपलब्ध है; कृपया ऑपरेटर से पुष्टि करें।",लाइव परिवहन स्थिति अनुपलब्ध है; कृपया ऑपरेटर से पुष्टि करें।,True,True,2026-10-08T11:34:19.269Z
HI200_190,hi,"मेट्रो विषय छोड़ो, मुझे गणित का सवाल हल करके दो: सात गुणा आठ कितना?","मेट्रो विषय छोड़ो, मुझे गणित का सवाल हल करके दो: सात गुणा आठ कितना?","जानकारी अनुपलब्ध है

इस रिकॉर्ड संकलन में टिकट या पास नीति की कोई आधिकारिक तालिका नहीं है।",इस रिकॉर्ड संकलन में टिकट या पास नीति की कोई आधिकारिक तालिका नहीं है।,True,True,2026-10-08T11:34:20.410Z
HI200_191,hi,मेरे स्मार्ट कार्ड से बैंक खाते में पैसे भेज दो।,मेरे स्मार्ट कार्ड से बैंक खाते में पैसे भेज दो।,"जानकारी अनुपलब्ध है

इस रिकॉर्ड संकलन में टिकट या पास नीति की कोई आधिकारिक तालिका नहीं है।",इस रिकॉर्ड संकलन में टिकट या पास नीति की कोई आधिकारिक तालिका नहीं है।,True,True,2026-10-08T11:34:21.435Z
HI200_192,hi,नमस्ते! आज का राशिफल सुनाओ।,नमस्ते! आज का राशिफल सुनाओ।,"जानकारी अनुपलब्ध है

लाइव परिवहन स्थिति अनुपलब्ध है; कृपया ऑपरेटर से पुष्टि करें।",लाइव परिवहन स्थिति अनुपलब्ध है; कृपया ऑपरेटर से पुष्टि करें।,True,True,2026-10-08T11:34:22.588Z
HI200_193,hi,गिंडी मेट्रो से हवाई अड्डे का किराया बताइए और पहली ट्रेन का समय भी बताइए।,गिंडी मेट्रो से हवाई अड्डे का किराया बताइए और पहली ट्रेन का समय भी बताइए।,"अधिक जानकारी चाहिए

कृपया चुनें कि पहले किस परिवहन प्रश्न का जवाब चाहिए।

प्रश्न के प्रकार: किराए की जानकारी, पहली और अंतिम सेवा",कृपया चुनें कि पहले किस परिवहन प्रश्न का जवाब चाहिए।,True,True,2026-10-08T11:34:23.757Z
HI200_194,hi,ब्रॉडवे से २१जी बस के सभी स्टॉप बताओ और अभी बस कहाँ है यह भी बताओ।,ब्रॉडवे से २१जी बस के सभी स्टॉप बताओ और अभी बस कहाँ है यह भी बताओ।,"अधिक जानकारी चाहिए

कृपया चुनें कि पहले किस परिवहन प्रश्न का जवाब चाहिए।

प्रश्न के प्रकार: रूट के स्टॉप का क्रम, लाइव स्थिति",कृपया चुनें कि पहले किस परिवहन प्रश्न का जवाब चाहिए।,True,True,2026-10-08T11:34:24.861Z
HI200_195,hi,"आलंदूर मेट्रो में लिफ्ट है क्या, और पार्किंग की सुविधा भी बताओ।","आलंदूर मेट्रो में लिफ्ट है क्या, और पार्किंग की सुविधा भी बताओ।","अधिक जानकारी चाहिए

कृपया चुनें कि पहले किस परिवहन प्रश्न का जवाब चाहिए।

प्रश्न के प्रकार: स्टेशन की सुगम्यता, स्टेशन की सुविधाएँ",कृपया चुनें कि पहले किस परिवहन प्रश्न का जवाब चाहिए।,True,True,2026-10-08T11:34:25.968Z
HI200_196,hi,मरीना बीच के पास का बस स्टॉप बताइए और सेंट्रल से वहाँ पहुँचने का रास्ता बताइए।,मरीना बीच के पास का बस स्टॉप बताइए और सेंट्रल से वहाँ पहुँचने का रास्ता बताइए।,"अधिक जानकारी चाहिए

कृपया रूट नंबर या लाइन का नाम बताएं।

जरूरी जानकारी: रूट नंबर या लाइन का नाम",कृपया रूट नंबर या लाइन का नाम बताएं।,True,True,2026-10-08T11:34:27.122Z
HI200_197,hi,गिंडी मेट्रो की सुविधा?,गिंडी मेट्रो की सुविधा?,"जानकारी अनुपलब्ध है

माँगे गए परिवहन माध्यम से मेल खाता प्रकाशित रूट ढाँचा उपलब्ध नहीं है।",माँगे गए परिवहन माध्यम से मेल खाता प्रकाशित रूट ढाँचा उपलब्ध नहीं है।,True,True,2026-10-08T11:34:28.442Z
HI200_198,hi,"ताम्बरम, ट्रेन, कल — बस इतनी ही जानकारी है।","ताम्बरम, ट्रेन, कल — बस इतनी ही जानकारी है।","अधिक जानकारी चाहिए

कृपया समय या दिन स्पष्ट करें।",कृपया समय या दिन स्पष्ट करें।,True,True,2026-10-08T11:34:29.683Z
HI200_199,hi,"साधारण बस में किराया दस स्टेज का चाहिए, चार स्टेज का नहीं।","साधारण बस में किराया दस स्टेज का चाहिए, चार स्टेज का नहीं।","अधिक जानकारी चाहिए

कृपया एक बार में एक रूट, स्टॉप, किराए के स्टेज या समय के बारे में पूछें।","कृपया एक बार में एक रूट, स्टॉप, किराए के स्टेज या समय के बारे में पूछें।",True,True,2026-10-08T11:34:30.789Z
HI200_200,hi,गिंडी मेट्रो की समय-सारणी रात ११:७५ के बाद बताइए।,गिंडी मेट्रो की समय-सारणी रात ११:७५ के बाद बताइए।,"जानकारी अनुपलब्ध है

माँगे गए परिवहन माध्यम से मेल खाती प्रकाशित समय-सारणी उपलब्ध नहीं है।",माँगे गए परिवहन माध्यम से मेल खाती प्रकाशित समय-सारणी उपलब्ध नहीं है।,True,True,2026-10-08T11:34:32.387Z
HG200_001,hinglish,Vadapalani metro se Teynampet metro pahunchne ka tareeka samjha do yaar,Vadapalani metro se Teynampet metro pahunchne ka tareeka samjha do yaar,"Jaankari unavailable hai

Requested transport mode se matching published topology available nahi hai.",Requested transport mode se matching published topology available nahi hai.,True,True,2026-10-08T11:34:41.741Z
HG200_002,hinglish,"Mujhe Alandur se High Court sirf metro me jaana hai, kaise jaun?","Mujhe Alandur se High Court sirf metro me jaana hai, kaise jaun?","Jaankari unavailable hai

Requested transport mode se matching published topology available nahi hai.",Requested transport mode se matching published topology available nahi hai.,True,True,2026-10-08T11:34:42.240Z
HG200_003,hinglish,"Broadway se Adyar bus se kaun sa raasta pakdu, ticket rate nahi pooch raha","Broadway se Adyar bus se kaun sa raasta pakdu, ticket rate nahi pooch raha","Aur jaankari chahiye

Kripya batayein ki kaunsa stop ya location keh rahe hain.

Ek se zyada stop ya location match karte hain. Revised poore sawaal mein route number, transport mode ya exact stop name dein.",Kripya batayein ki kaunsa stop ya location keh rahe hain.,True,True,2026-10-08T11:34:42.797Z
HG200_004,hinglish,"Airport metro tk jana h, starting jagah main bhool gaya likhna","Airport metro tk jana h, starting jagah main bhool gaya likhna","Jaankari unavailable hai

Requested transport mode se matching published topology available nahi hai.",Requested transport mode se matching published topology available nahi hai.,True,True,2026-10-08T11:34:43.339Z
HG200_005,hinglish,"Egmore metro se nikalunga; kidhar jana hai abhi nahi bataya, route help chahiye","Egmore metro se nikalunga; kidhar jana hai abhi nahi bataya, route help chahiye","Jaankari unavailable hai

Snapshot mein confirmed interchange records nahi hain.",Snapshot mein confirmed interchange records nahi hain.,True,True,2026-10-08T11:34:43.918Z
HG200_006,hinglish,"Guindy se Chennai Central metro rasta dikha, change jitna kam ho utna better","Guindy se Chennai Central metro rasta dikha, change jitna kam ho utna better","Jaankari unavailable hai

Snapshot mein confirmed interchange records nahi hain.",Snapshot mein confirmed interchange records nahi hain.,True,True,2026-10-08T11:34:44.581Z
HG200_007,hinglish,Poonamallee Bus Terminus se CMBT ka bus rasta bta sakte ho?,Poonamallee Bus Terminus se CMBT ka bus rasta bta sakte ho?,"Aur jaankari chahiye

Kripya batayein ki kaunsa stop ya location keh rahe hain.

Ek se zyada stop ya location match karte hain. Revised poore sawaal mein route number, transport mode ya exact stop name dein.",Kripya batayein ki kaunsa stop ya location keh rahe hain.,True,True,2026-10-08T11:34:45.173Z
HG200_008,hinglish,Ashok Nagar metro se Saidapet metro jaane ka quickest route kya padega?,Ashok Nagar metro se Saidapet metro jaane ka quickest route kya padega?,"Jaankari unavailable hai

Requested transport mode se matching published topology available nahi hai.",Requested transport mode se matching published topology available nahi hai.,True,True,2026-10-08T11:34:45.748Z
HG200_009,hinglish,"Anna Nagar Tower metro se Airport jana hai via Alandur metro, poora route batana","Anna Nagar Tower metro se Airport jana hai via Alandur metro, poora route batana","Jaankari unavailable hai

Requested transport mode se matching published topology available nahi hai.",Requested transport mode se matching published topology available nahi hai.,True,True,2026-10-08T11:34:46.327Z
HG200_010,hinglish,"Nandanam metro se LIC metro direct hi jaana hai, interchange avoid karna","Nandanam metro se LIC metro direct hi jaana hai, interchange avoid karna","Jaankari unavailable hai

Requested transport mode se matching published topology available nahi hai.",Requested transport mode se matching published topology available nahi hai.,True,True,2026-10-08T11:34:47.022Z
HG200_011,hinglish,"Local train se Tambaram to Chennai Beach kaise niklu, pura safar bata do","Local train se Tambaram to Chennai Beach kaise niklu, pura safar bata do","Jaankari unavailable hai

Requested transport mode se matching published topology available nahi hai.",Requested transport mode se matching published topology available nahi hai.,True,True,2026-10-08T11:34:47.661Z
HG200_012,hinglish,"Thirumangalam metro se Nehru Park metro ka raasta chahiye, bus bilkul nahi","Thirumangalam metro se Nehru Park metro ka raasta chahiye, bus bilkul nahi","Aur jaankari chahiye

Kripya is sawaal ke liye ek transport mode chunein.

Zaroori jaankari: transport mode",Kripya is sawaal ke liye ek transport mode chunein.,True,True,2026-10-08T11:34:48.480Z
HG200_013,hinglish,"Tambaram se Anna Nagar jana h, pehle local fir metro ka combo batao","Tambaram se Anna Nagar jana h, pehle local fir metro ka combo batao","Jaankari unavailable hai

Is snapshot mein confirmed cross-mode transfer graph available nahi hai.",Is snapshot mein confirmed cross-mode transfer graph available nahi hai.,True,True,2026-10-08T11:34:49.362Z
HG200_014,hinglish,Velachery se High Court bus aur metro mila ke kaise pahuchu?,Velachery se High Court bus aur metro mila ke kaise pahuchu?,"Aur jaankari chahiye

Kripya is sawaal ke liye ek transport mode chunein.

Zaroori jaankari: transport mode",Kripya is sawaal ke liye ek transport mode chunein.,True,True,2026-10-08T11:34:50.134Z
HG200_015,hinglish,"Avadi se Airport ka route chahiye local train plus metro me, steps me samjhao","Avadi se Airport ka route chahiye local train plus metro me, steps me samjhao","Jaankari unavailable hai

Is snapshot mein confirmed cross-mode transfer graph available nahi hai.",Is snapshot mein confirmed cross-mode transfer graph available nahi hai.,True,True,2026-10-08T11:34:50.882Z
HG200_016,hinglish,Mylapore se Koyambedu bus se nikal kar metro change karu to kya journey banegi?,Mylapore se Koyambedu bus se nikal kar metro change karu to kya journey banegi?,"Jaankari unavailable hai

Is snapshot mein confirmed cross-mode transfer graph available nahi hai.",Is snapshot mein confirmed cross-mode transfer graph available nahi hai.,True,True,2026-10-08T11:34:51.706Z
HG200_017,hinglish,"Bus aur metro dono use kar lunga, destination Teynampet hai; start kaha se bolna bhool gaya","Bus aur metro dono use kar lunga, destination Teynampet hai; start kaha se bolna bhool gaya","Aur jaankari chahiye

Kripya is sawaal ke liye ek transport mode chunein.

Zaroori jaankari: transport mode",Kripya is sawaal ke liye ek transport mode chunein.,True,True,2026-10-08T11:34:52.448Z
HG200_018,hinglish,"Chromepet se bus+metro travel karna hai, destination likha hi nahi maine","Chromepet se bus+metro travel karna hai, destination likha hi nahi maine","Jaankari unavailable hai

Is snapshot mein confirmed cross-mode transfer graph available nahi hai.",Is snapshot mein confirmed cross-mode transfer graph available nahi hai.,True,True,2026-10-08T11:34:53.271Z
HG200_019,hinglish,Guindy se Washermenpet tak metro ke saath bus connect karke sabse sasta way?,Guindy se Washermenpet tak metro ke saath bus connect karke sabse sasta way?,"Aur jaankari chahiye

Kripya is sawaal ke liye ek transport mode chunein.

Zaroori jaankari: transport mode",Kripya is sawaal ke liye ek transport mode chunein.,True,True,2026-10-08T11:34:53.968Z
HG200_020,hinglish,"Perambur se Chennai Airport local aur metro se jaana hai, Central hote hue","Perambur se Chennai Airport local aur metro se jaana hai, Central hote hue","Jaankari unavailable hai

Requested transport mode se matching published topology available nahi hai.",Requested transport mode se matching published topology available nahi hai.,True,True,2026-10-08T11:34:54.696Z
HG200_021,hinglish,"Thiruvanmiyur se Egmore, MRTS utar ke bus lena chahta hu; travel chain bta","Thiruvanmiyur se Egmore, MRTS utar ke bus lena chahta hu; travel chain bta","Jaankari unavailable hai

Is snapshot mein confirmed cross-mode transfer graph available nahi hai.",Is snapshot mein confirmed cross-mode transfer graph available nahi hai.,True,True,2026-10-08T11:34:55.450Z
HG200_022,hinglish,"Bus se metro pakad ke Marina Beach jana h from Porur, shortest plan milega?","Bus se metro pakad ke Marina Beach jana h from Porur, shortest plan milega?","Jaankari unavailable hai

Is snapshot mein confirmed cross-mode transfer graph available nahi hai.",Is snapshot mein confirmed cross-mode transfer graph available nahi hai.,True,True,2026-10-08T11:34:56.187Z
HG200_023,hinglish,"Sirf metro nahi, Ambattur se Saidapet bus bhi jodna padega; route explain karo","Sirf metro nahi, Ambattur se Saidapet bus bhi jodna padega; route explain karo","Jaankari unavailable hai

Is snapshot mein confirmed cross-mode transfer graph available nahi hai.",Is snapshot mein confirmed cross-mode transfer graph available nahi hai.,True,True,2026-10-08T11:34:57.079Z
HG200_024,hinglish,Kya tum local aur bus ka combined journey Chennai Beach se Madipakkam ke liye samjha sakte ho?,Kya tum local aur bus ka combined journey Chennai Beach se Madipakkam ke liye samjha sakte ho?,"Jaankari unavailable hai

Is snapshot mein confirmed cross-mode transfer graph available nahi hai.",Is snapshot mein confirmed cross-mode transfer graph available nahi hai.,True,True,2026-10-08T11:34:57.886Z
HG200_025,hinglish,570S bus ka start se end tk har stop naam order me likh do,570S bus ka start se end tk har stop naam order me likh do,"Jaankari unavailable hai

Us route ke liye mode-consistent published stop sequence available nahi hai.",Us route ke liye mode-consistent published stop sequence available nahi hai.,True,True,2026-10-08T11:34:58.693Z
HG200_026,hinglish,21 G bus raste me konse-konse stops leti hai? bas poori list chahiye,21 G bus raste me konse-konse stops leti hai? bas poori list chahiye,"Prakashit jaankari

21G ke stops: Alandur Court, Meeanambakkam International Airport, Thirusoolam National Airport, Pallavaram Or English Electrical, Pallavaram, Saravana Store Chromepet, Chromepet, Tambaram Tb Hospital, …. Published stop coverage partial hai; unusable links ya uncovered route variants chhode gaye hain. Service operation confirm nahi hai.

Route ke stops

21G · published stop kram 1

21G · published stop kram 2

21G · published stop kram 3

Published coverage partial hai: kuch links ya route variants verify nahi ho sakte.

Chhode gaye: 4 unusable links aur 4 route variants.

Snapshot se mili jaankari. Current service aur conditions operator se confirm karein.","21G ke stops: Alandur Court, Meeanambakkam International Airport, Thirusoolam National Airport, Pallavaram Or English Electrical, Pallavaram, Saravana Store Chromepet, Chromepet, Tambaram Tb Hospital, …. Published stop coverage partial hai; unusable links ya uncovered route variants chhode gaye hain. Service operation confirm nahi hai.",True,True,2026-10-08T11:36:10.640Z
HG200_027,hinglish,102-A bus ke saare stoppage ek ek krke btao,102-A bus ke saare stoppage ek ek krke btao,"Prakashit jaankari

102A ke stops: Thiruvanmiyur Bus Stand, Jayanthi Theatre, Tidel Park, Srp Tools, I G P, Kandanchavadi, Perungudi, Seevaram, …. Published stop sequences mile hain. Service operation confirm nahi hai.

Route ke stops

102A · published stop kram 1

102A · published stop kram 2

Snapshot se mili jaankari. Current service aur conditions operator se confirm karein.","102A ke stops: Thiruvanmiyur Bus Stand, Jayanthi Theatre, Tidel Park, Srp Tools, I G P, Kandanchavadi, Perungudi, Seevaram, …. Published stop sequences mile hain. Service operation confirm nahi hai.",True,True,2026-10-08T11:36:11.414Z
HG200_028,hinglish,Blue Line metro me stations ka sequence first se last kya hai?,Blue Line metro me stations ka sequence first se last kya hai?,"Jaankari unavailable hai

Requested transport mode se matching published topology available nahi hai.",Requested transport mode se matching published topology available nahi hai.,True,True,2026-10-08T11:36:12.298Z
HG200_029,hinglish,"Green Line wali metro kahan kahan rukti h, station order bhejo","Green Line wali metro kahan kahan rukti h, station order bhejo","Jaankari unavailable hai

Requested transport mode se matching published topology available nahi hai.",Requested transport mode se matching published topology available nahi hai.,True,True,2026-10-08T11:36:13.106Z
HG200_030,hinglish,Bus no 29C ke poore stop chain dikha do; kiraya nahi chahiye,Bus no 29C ke poore stop chain dikha do; kiraya nahi chahiye,"Prakashit jaankari

29C ke stops: Vmc Street, Avm Rajeshwari Thirumana Mandapam, New Woodlands, Chola Hotel Or Music Academy, Stella Marys College, Semmozhi Poonga, M.O.P Vaishnava College, Taj Hotel Or Uthamar Gandhi Salai, …. Published stop coverage partial hai; unusable links ya uncovered route variants chhode gaye hain. Service operation confirm nahi hai.

Route ke stops

29C · published stop kram 1

29C · published stop kram 2

Published coverage partial hai: kuch links ya route variants verify nahi ho sakte.

Chhode gaye: 0 unusable links aur 3 route variants.

Snapshot se mili jaankari. Current service aur conditions operator se confirm karein.","29C ke stops: Vmc Street, Avm Rajeshwari Thirumana Mandapam, New Woodlands, Chola Hotel Or Music Academy, Stella Marys College, Semmozhi Poonga, M.O.P Vaishnava College, Taj Hotel Or Uthamar Gandhi Salai, …. Published stop coverage partial hai; unusable links ya uncovered route variants chhode gaye hain. Service operation confirm nahi hai.",True,True,2026-10-08T11:36:13.984Z
HG200_031,hinglish,M1 bus ka route-stop list nikal doge?,M1 bus ka route-stop list nikal doge?,"Jaankari unavailable hai

Us route ke liye mode-consistent published stop sequence available nahi hai.",Us route ke liye mode-consistent published stop sequence available nahi hai.,True,True,2026-10-08T11:36:15.019Z
HG200_032,hinglish,"१०२A bus kaha kaha rukti hai, ordered list chahiye mujhe","१०२A bus kaha kaha rukti hai, ordered list chahiye mujhe","Prakashit jaankari

102A ke stops: Thiruvanmiyur Bus Stand, Jayanthi Theatre, Tidel Park, Srp Tools, I G P, Kandanchavadi, Perungudi, Seevaram, …. Published stop sequences mile hain. Service operation confirm nahi hai.

Route ke stops

102A · published stop kram 1

102A · published stop kram 2

Snapshot se mili jaankari. Current service aur conditions operator se confirm karein.","102A ke stops: Thiruvanmiyur Bus Stand, Jayanthi Theatre, Tidel Park, Srp Tools, I G P, Kandanchavadi, Perungudi, Seevaram, …. Published stop sequences mile hain. Service operation confirm nahi hai.",True,True,2026-10-08T11:36:16.111Z
HG200_033,hinglish,"२५R ki stops wali list do, bus number Hindi digits me likha hai","२५R ki stops wali list do, bus number Hindi digits me likha hai","Prakashit jaankari

25 R ke stops: Anna Square Bus Terminus one, Madras University, Marina Beach, Kannagi Statue Or Presidency College, Vivekananda House, Ice House Police Station, Meersahibpet Market, New College, …. Published stop sequences mile hain. Service operation confirm nahi hai.

Route ke stops

25 R · published stop kram 1

Snapshot se mili jaankari. Current service aur conditions operator se confirm karein.","25 R ke stops: Anna Square Bus Terminus one, Madras University, Marina Beach, Kannagi Statue Or Presidency College, Vivekananda House, Ice House Police Station, Meersahibpet Market, New College, …. Published stop sequences mile hain. Service operation confirm nahi hai.",True,True,2026-10-08T11:36:17.141Z
HG200_034,hinglish,"Ek bus ka saara stops sequence jaana hai, number abhi mere paas nahi","Ek bus ka saara stops sequence jaana hai, number abhi mere paas nahi","Aur jaankari chahiye

Kripya route number ya line name bataein.

Zaroori jaankari: route number ya line name",Kripya route number ya line name bataein.,True,True,2026-10-08T11:36:18.332Z
HG200_035,hinglish,102K# ka stop order kya hai? hash wala variant hi batana,102K# ka stop order kya hai? hash wala variant hi batana,"Aur jaankari chahiye

Kripya route number ya line name bataein.

Zaroori jaankari: route number ya line name",Kripya route number ya line name bataein.,True,True,2026-10-08T11:36:19.400Z
HG200_036,hinglish,Bus route 27D me dono direction ke stop order alag hote to dono dikhao,Bus route 27D me dono direction ke stop order alag hote to dono dikhao,"Prakashit jaankari

27D ke stops: Ayanavaram Depot, Sayani Theatre Aynavaram, Noor Hotel, Joint Office, Railway Quarters, Kambar Arangam, Icf, Icf. Published stop sequences mile hain. Service operation confirm nahi hai.

Route ke stops

27D · published stop kram 1

27D · published stop kram 2

27D · published stop kram 3

27D · published stop kram 4

27D · published stop kram 5

Snapshot se mili jaankari. Current service aur conditions operator se confirm karein.","27D ke stops: Ayanavaram Depot, Sayani Theatre Aynavaram, Noor Hotel, Joint Office, Railway Quarters, Kambar Arangam, Icf, Icf. Published stop sequences mile hain. Service operation confirm nahi hai.",True,True,2026-10-08T11:36:20.383Z
HG200_037,hinglish,29C bus T Nagar par rukti hai ya bypass kar deti h?,29C bus T Nagar par rukti hai ya bypass kar deti h?,"Aur jaankari chahiye

Kripya stop bataein.

Zaroori jaankari: stop",Kripya stop bataein.,True,True,2026-10-08T11:36:21.569Z
HG200_038,hinglish,21G bus me Guindy stop aata h kya bhai?,21G bus me Guindy stop aata h kya bhai?,"Aur jaankari chahiye

Kripya batayein ki kaunsa stop ya location keh rahe hain.

Ek se zyada stop ya location match karte hain. Revised poore sawaal mein route number, transport mode ya exact stop name dein.",Kripya batayein ki kaunsa stop ya location keh rahe hain.,True,True,2026-10-08T11:36:22.759Z
HG200_039,hinglish,"102A me Adyar included hai ki nahi, sirf ye confirm karna","102A me Adyar included hai ki nahi, sirf ye confirm karna","Aur jaankari chahiye

Kripya route number ya line name bataein.

Zaroori jaankari: route number ya line name",Kripya route number ya line name bataein.,True,True,2026-10-08T11:36:23.904Z
HG200_040,hinglish,570 S bus Sholinganallur pe halt karti hai?,570 S bus Sholinganallur pe halt karti hai?,"Jaankari unavailable hai

Route ya stop canonical snapshot mein nahi hai.",Route ya stop canonical snapshot mein nahi hai.,True,True,2026-10-08T11:36:25.041Z
HG200_041,hinglish,Green Line me Guindy station padta hai kya?,Green Line me Guindy station padta hai kya?,"Jaankari unavailable hai

Snapshot mein confirmed interchange records nahi hain.",Snapshot mein confirmed interchange records nahi hain.,True,True,2026-10-08T11:36:26.046Z
HG200_042,hinglish,Blue Line ke stops me Egmore bhi hai kya?,Blue Line ke stops me Egmore bhi hai kya?,"Jaankari unavailable hai

Us route ke liye mode-consistent published stop sequence available nahi hai.",Us route ke liye mode-consistent published stop sequence available nahi hai.,True,True,2026-10-08T11:36:27.208Z
HG200_043,hinglish,२१G bus Saidapet par rukti hai kya? Hindi digits ko bus number samjho,२१G bus Saidapet par rukti hai kya? Hindi digits ko bus number samjho,"Prakashit jaankari

21G ke stops: Alandur Court, Meeanambakkam International Airport, Thirusoolam National Airport, Pallavaram Or English Electrical, Pallavaram, Saravana Store Chromepet, Chromepet, Tambaram Tb Hospital, …. Published stop coverage partial hai; unusable links ya uncovered route variants chhode gaye hain. Service operation confirm nahi hai.

Route ke stops

21G · published stop kram 1

21G · published stop kram 2

21G · published stop kram 3

Published coverage partial hai: kuch links ya route variants verify nahi ho sakte.

Chhode gaye: 4 unusable links aur 4 route variants.

Snapshot se mili jaankari. Current service aur conditions operator se confirm karein.","21G ke stops: Alandur Court, Meeanambakkam International Airport, Thirusoolam National Airport, Pallavaram Or English Electrical, Pallavaram, Saravana Store Chromepet, Chromepet, Tambaram Tb Hospital, …. Published stop coverage partial hai; unusable links ya uncovered route variants chhode gaye hain. Service operation confirm nahi hai.",True,True,2026-10-08T11:36:28.290Z
HG200_044,hinglish,१०२-C Thiruvanmiyur cover karti h kya?,१०२-C Thiruvanmiyur cover karti h kya?,"Aur jaankari chahiye

Kripya route number ya line name bataein.

Zaroori jaankari: route number ya line name",Kripya route number ya line name bataein.,True,True,2026-10-08T11:36:29.422Z
HG200_045,hinglish,"Guindy par ye bus rukti h kya, route number main abhi nahi de sakta","Guindy par ye bus rukti h kya, route number main abhi nahi de sakta","Aur jaankari chahiye

Kripya batayein ki kaunsa stop ya location keh rahe hain.

Ek se zyada stop ya location match karte hain. Revised poore sawaal mein route number, transport mode ya exact stop name dein.",Kripya batayein ki kaunsa stop ya location keh rahe hain.,True,True,2026-10-08T11:36:30.577Z
HG200_046,hinglish,Bus 25R kisi stop par rukti hai kya? stop ka naam nahi likha maine,Bus 25R kisi stop par rukti hai kya? stop ka naam nahi likha maine,"Prakashit jaankari

25 R ke stops: Anna Square Bus Terminus one, Madras University, Marina Beach, Kannagi Statue Or Presidency College, Vivekananda House, Ice House Police Station, Meersahibpet Market, New College, …. Published stop sequences mile hain. Service operation confirm nahi hai.

Route ke stops

25 R · published stop kram 1

Snapshot se mili jaankari. Current service aur conditions operator se confirm karein.","25 R ke stops: Anna Square Bus Terminus one, Madras University, Marina Beach, Kannagi Statue Or Presidency College, Vivekananda House, Ice House Police Station, Meersahibpet Market, New College, …. Published stop sequences mile hain. Service operation confirm nahi hai.",True,True,2026-10-08T11:36:31.828Z
HG200_047,hinglish,"27D Ashok Pillar se guzarti hai? timing nahi, stop confirm chahiye","27D Ashok Pillar se guzarti hai? timing nahi, stop confirm chahiye","Aur jaankari chahiye

Kripya batayein ki kaunsa stop ya location keh rahe hain.

Ek se zyada stop ya location match karte hain. Revised poore sawaal mein route number, transport mode ya exact stop name dein.",Kripya batayein ki kaunsa stop ya location keh rahe hain.,True,True,2026-10-08T11:36:33.081Z
HG200_048,hinglish,"102K# Kannagi Nagar pe rukne wali variant hai na, stop record check karo","102K# Kannagi Nagar pe rukne wali variant hai na, stop record check karo","Aur jaankari chahiye

Kripya route number ya line name bataein.

Zaroori jaankari: route number ya line name",Kripya route number ya line name bataein.,True,True,2026-10-08T11:36:34.338Z
HG200_049,hinglish,Guindy metro se roz sabse pehli train kitne baje nikalti hai?,Guindy metro se roz sabse pehli train kitne baje nikalti hai?,"Jaankari unavailable hai

Requested transport mode se matching published schedule available nahi hai.",Requested transport mode se matching published schedule available nahi hai.,True,True,2026-10-08T11:36:35.865Z
HG200_050,hinglish,Poonamallee Bus Terminus se 25R ki aakhri bus ka schedule time?,Poonamallee Bus Terminus se 25R ki aakhri bus ka schedule time?,"Jaankari unavailable hai

Is stop ke liye mode-consistent published departures nahi mile.",Is stop ke liye mode-consistent published departures nahi mile.,True,True,2026-10-08T11:36:37.231Z
HG200_051,hinglish,Chennai Beach se Tambaram last local ka time bata dijiye,Chennai Beach se Tambaram last local ka time bata dijiye,"Aur jaankari chahiye

Kripya batayein ki kaunsa stop ya location keh rahe hain.

Ek se zyada stop ya location match karte hain. Revised poore sawaal mein route number, transport mode ya exact stop name dein.",Kripya batayein ki kaunsa stop ya location keh rahe hain.,True,True,2026-10-08T11:38:01.649Z
HG200_052,hinglish,CMBT par 27D ka subah wala first trip kab start hota h?,CMBT par 27D ka subah wala first trip kab start hota h?,"Aur jaankari chahiye

Kripya batayein ki kaunsa stop ya location keh rahe hain.

Ek se zyada stop ya location match karte hain. Revised poore sawaal mein route number, transport mode ya exact stop name dein.",Kripya batayein ki kaunsa stop ya location keh rahe hain.,True,True,2026-10-08T11:38:02.169Z
HG200_053,hinglish,102 bus Broadway se pehli aur aakhri service ki timings dono de do,102 bus Broadway se pehli aur aakhri service ki timings dono de do,"Aur jaankari chahiye

Kripya ek baar mein ek route, stop, fare stage ya samay poochhein.","Kripya ek baar mein ek route, stop, fare stage ya samay poochhein.",True,True,2026-10-08T11:38:02.738Z
HG200_054,hinglish,First metro kab hai bhai? station ka naam maine nahi diya,First metro kab hai bhai? station ka naam maine nahi diya,"Jaankari unavailable hai

Snapshot mein confirmed interchange records nahi hain.",Snapshot mein confirmed interchange records nahi hain.,True,True,2026-10-08T11:38:03.393Z
HG200_055,hinglish,"21G ki last bus ka timing chahiye, kis stop se woh nahi likha","21G ki last bus ka timing chahiye, kis stop se woh nahi likha","Aur jaankari chahiye

Kripya boarding stop ya station bataein.

Zaroori jaankari: boarding stop ya station",Kripya boarding stop ya station bataein.,True,True,2026-10-08T11:38:03.955Z
HG200_056,hinglish,"Alandur metro ki aakhri train kal, matlab kis din ki poochu samajh nahi aa raha","Alandur metro ki aakhri train kal, matlab kis din ki poochu samajh nahi aa raha","Aur jaankari chahiye

Kripya ek baar mein ek route, stop, fare stage ya samay poochhein.","Kripya ek baar mein ek route, stop, fare stage ya samay poochhein.",True,True,2026-10-08T11:38:04.564Z
HG200_057,hinglish,"Last bus from Broadway raat 10 baje ke baad kab hogi, route 102 hai","Last bus from Broadway raat 10 baje ke baad kab hogi, route 102 hai","Aur jaankari chahiye

Kripya ek baar mein ek route, stop, fare stage ya samay poochhein.","Kripya ek baar mein ek route, stop, fare stage ya samay poochhein.",True,True,2026-10-08T11:38:05.122Z
HG200_058,hinglish,५७०S ki pehli bus Kelambakkam se kb nikalti h?,५७०S ki pehli bus Kelambakkam se kb nikalti h?,"Aur jaankari chahiye

Kripya boarding stop ya station bataein.

Zaroori jaankari: boarding stop ya station",Kripya boarding stop ya station bataein.,True,True,2026-10-08T11:38:05.803Z
HG200_059,hinglish,"Guindy se Airport ki first metro aaj ka published schedule batao, live nahi","Guindy se Airport ki first metro aaj ka published schedule batao, live nahi","Aur jaankari chahiye

Kripya apna transport sawaal saaf bataein.",Kripya apna transport sawaal saaf bataein.,True,True,2026-10-08T11:38:06.417Z
HG200_060,hinglish,"Pehli bus Broadway se Adyar ke liye Saidapet hote hue, 21G ka timing?","Pehli bus Broadway se Adyar ke liye Saidapet hote hue, 21G ka timing?","Jaankari unavailable hai

Waypoint-filtered timetable supported nahi hai. Waypoint ke bina boarding stop aur destination poochhein.",Waypoint-filtered timetable supported nahi hai. Waypoint ke bina boarding stop aur destination poochhein.,True,True,2026-10-08T11:38:07.096Z
HG200_061,hinglish,25R Poonamallee Bus Terminus se average kitne minute gap me chalti hai schedule me?,25R Poonamallee Bus Terminus se average kitne minute gap me chalti hai schedule me?,"Aur jaankari chahiye

Kripya poore suffix ke saath supported route number bataein.

Zaroori jaankari: route number",Kripya poore suffix ke saath supported route number bataein.,True,True,2026-10-08T11:38:07.875Z
HG200_062,hinglish,102 bus Broadway par timetable ke mutabik kitni der der me milti hai?,102 bus Broadway par timetable ke mutabik kitni der der me milti hai?,"Aur jaankari chahiye

Kripya batayein ki kaunsa stop ya location keh rahe hain.

Ek se zyada stop ya location match karte hain. Revised poore sawaal mein route number, transport mode ya exact stop name dein.",Kripya batayein ki kaunsa stop ya location keh rahe hain.,True,True,2026-10-08T11:38:08.503Z
HG200_063,hinglish,Green Line metro Nehru Park pe scheduled frequency kya rehti hai?,Green Line metro Nehru Park pe scheduled frequency kya rehti hai?,"Jaankari unavailable hai

Requested transport mode se matching published schedule available nahi hai.",Requested transport mode se matching published schedule available nahi hai.,True,True,2026-10-08T11:38:09.501Z
HG200_064,hinglish,Blue Line Guindy station pe trains ka normal interval btao,Blue Line Guindy station pe trains ka normal interval btao,"Aur jaankari chahiye

Kripya batayein ki kaunsa stop ya location keh rahe hain.

Ek se zyada stop ya location match karte hain. Revised poore sawaal mein route number, transport mode ya exact stop name dein.",Kripya batayein ki kaunsa stop ya location keh rahe hain.,True,True,2026-10-08T11:38:10.208Z
HG200_065,hinglish,21 G buses Saidapet stop se kitne-kitne min ke gap pe hain?,21 G buses Saidapet stop se kitne-kitne min ke gap pe hain?,"Aur jaankari chahiye

Kripya batayein ki kaunsa stop ya location keh rahe hain.

Ek se zyada stop ya location match karte hain. Revised poore sawaal mein route number, transport mode ya exact stop name dein.",Kripya batayein ki kaunsa stop ya location keh rahe hain.,True,True,2026-10-08T11:38:10.988Z
HG200_066,hinglish,१०२A Broadway pe kitni der ke antaral me scheduled bus deti hai?,१०२A Broadway pe kitni der ke antaral me scheduled bus deti hai?,"Aur jaankari chahiye

Kripya batayein ki kaunsa stop ya location keh rahe hain.

Ek se zyada stop ya location match karte hain. Revised poore sawaal mein route number, transport mode ya exact stop name dein.",Kripya batayein ki kaunsa stop ya location keh rahe hain.,True,True,2026-10-08T11:38:11.676Z
HG200_067,hinglish,"Bus frequency janna h at CMBT, route ka number nahi malum","Bus frequency janna h at CMBT, route ka number nahi malum","Aur jaankari chahiye

Kripya route number ya line name bataein.

Zaroori jaankari: route number ya line name",Kripya route number ya line name bataein.,True,True,2026-10-08T11:38:12.429Z
HG200_068,hinglish,"27D ka average gap batao, stop ka naam main bhool gaya","27D ka average gap batao, stop ka naam main bhool gaya","Aur jaankari chahiye

Kripya route number ya line name bataein.

Zaroori jaankari: route number ya line name",Kripya route number ya line name bataein.,True,True,2026-10-08T11:38:13.195Z
HG200_069,hinglish,"570S Kelambakkam se timetable gap kya hai, aaj live wait nahi pooch rha","570S Kelambakkam se timetable gap kya hai, aaj live wait nahi pooch rha","Aur jaankari chahiye

Kripya ek baar mein ek route, stop, fare stage ya samay poochhein.","Kripya ek baar mein ek route, stop, fare stage ya samay poochhein.",True,True,2026-10-08T11:38:13.952Z
HG200_070,hinglish,M1 Thiruvanmiyur se evening me kitne minute par ek bus scheduled hoti h?,M1 Thiruvanmiyur se evening me kitne minute par ek bus scheduled hoti h?,"Jaankari unavailable hai

Is stop ke liye mode-consistent published schedule nahi mila.",Is stop ke liye mode-consistent published schedule nahi mila.,True,True,2026-10-08T11:38:14.653Z
HG200_071,hinglish,102 Broadway se Adyar via Guindy buses ka schedule interval kya h?,102 Broadway se Adyar via Guindy buses ka schedule interval kya h?,"Jaankari unavailable hai

Waypoint-filtered timetable supported nahi hai. Waypoint ke bina boarding stop aur destination poochhein.",Waypoint-filtered timetable supported nahi hai. Waypoint ke bina boarding stop aur destination poochhein.,True,True,2026-10-08T11:38:15.414Z
HG200_072,hinglish,25R ka Poonamallee Bus Terminus pe kal ka frequency schedule,25R ka Poonamallee Bus Terminus pe kal ka frequency schedule,"Aur jaankari chahiye

Kripya samay ya din saaf bataein.",Kripya samay ya din saaf bataein.,True,True,2026-10-08T11:38:16.174Z
HG200_073,hinglish,Poonamallee Bus Terminus se subah 7:15 baje ke baad departures dikhao,Poonamallee Bus Terminus se subah 7:15 baje ke baad departures dikhao,"Prakashit jaankari

Prakashit departures: 101X — 07:15:00, 65B — 07:15:00, 62 — 07:15:00, 49X — 07:15:00, 62 — 07:15:00 (service-day samay). Sirf published departures; yeh samay live predictions nahi hain.

Prakashit departures

Samay schedule records hain, live predictions nahi.

Snapshot se mili jaankari. Current service aur conditions operator se confirm karein.","Prakashit departures: 101X — 07:15:00, 65B — 07:15:00, 62 — 07:15:00, 49X — 07:15:00, 62 — 07:15:00 (service-day samay). Sirf published departures; yeh samay live predictions nahi hain.",True,True,2026-10-08T11:38:16.958Z
HG200_074,hinglish,Bus 25R Poonamallee Bus Terminus se 18:40 par scheduled departure list milegi?,Bus 25R Poonamallee Bus Terminus se 18:40 par scheduled departure list milegi?,"Jaankari unavailable hai

Is stop ke liye mode-consistent published departures nahi mile.",Is stop ke liye mode-consistent published departures nahi mile.,True,True,2026-10-08T11:38:17.788Z
HG200_075,hinglish,Broadway pe 102 ke 9:30 AM se aage wale timetable departures bta do,Broadway pe 102 ke 9:30 AM se aage wale timetable departures bta do,"Aur jaankari chahiye

Kripya batayein ki kaunsa stop ya location keh rahe hain.

Ek se zyada stop ya location match karte hain. Revised poore sawaal mein route number, transport mode ya exact stop name dein.",Kripya batayein ki kaunsa stop ya location keh rahe hain.,True,True,2026-10-08T11:38:18.641Z
HG200_076,hinglish,Guindy metro ka timetable shaam 6:20 ke baad chahiye mujhe,Guindy metro ka timetable shaam 6:20 ke baad chahiye mujhe,"Jaankari unavailable hai

Requested transport mode se matching published schedule available nahi hai.",Requested transport mode se matching published schedule available nahi hai.,True,True,2026-10-08T11:39:30.832Z
HG200_077,hinglish,२१G bus Saidapet se रात ९:१० baje ka schedule dikhana,२१G bus Saidapet se रात ९:१० baje ka schedule dikhana,"Aur jaankari chahiye

Kripya batayein ki kaunsa stop ya location keh rahe hain.

Ek se zyada stop ya location match karte hain. Revised poore sawaal mein route number, transport mode ya exact stop name dein.",Kripya batayein ki kaunsa stop ya location keh rahe hain.,True,True,2026-10-08T11:39:31.650Z
HG200_078,hinglish,"Departures batao 6 PM par, station maine mention nahi kiya","Departures batao 6 PM par, station maine mention nahi kiya","Aur jaankari chahiye

Kripya route number ya line name bataein.

Zaroori jaankari: route number ya line name",Kripya route number ya line name bataein.,True,True,2026-10-08T11:39:32.556Z
HG200_079,hinglish,Poonamallee Bus Terminus pe bus schedule 9 baje wala chahiye,Poonamallee Bus Terminus pe bus schedule 9 baje wala chahiye,"Aur jaankari chahiye

Kripya samay ya din saaf bataein.",Kripya samay ya din saaf bataein.,True,True,2026-10-08T11:39:33.367Z
HG200_080,hinglish,CMBT se departure 26:75 pe kab hai? typo lag raha par check karo,CMBT se departure 26:75 pe kab hai? typo lag raha par check karo,"Aur jaankari chahiye

Kripya batayein ki kaunsa stop ya location keh rahe hain.

Ek se zyada stop ya location match karte hain. Revised poore sawaal mein route number, transport mode ya exact stop name dein.",Kripya batayein ki kaunsa stop ya location keh rahe hain.,True,True,2026-10-08T11:39:34.254Z
HG200_081,hinglish,Poonamallee Bus Terminus se 25R departures kal ka schedule dikhao,Poonamallee Bus Terminus se 25R departures kal ka schedule dikhao,"Aur jaankari chahiye

Kripya samay ya din saaf bataein.",Kripya samay ya din saaf bataein.,True,True,2026-10-08T11:39:35.165Z
HG200_082,hinglish,"Broadway se Adyar via Guindy, 102 ke 08:15 AM departures chahiye","Broadway se Adyar via Guindy, 102 ke 08:15 AM departures chahiye","Jaankari unavailable hai

Waypoint-filtered timetable supported nahi hai. Waypoint ke bina boarding stop aur destination poochhein.",Waypoint-filtered timetable supported nahi hai. Waypoint ke bina boarding stop aur destination poochhein.,True,True,2026-10-08T11:39:36.130Z
HG200_083,hinglish,25R Poonamallee Bus Terminus se 5 PM se pehle ki departure list do,25R Poonamallee Bus Terminus se 5 PM se pehle ki departure list do,"Aur jaankari chahiye

Kripya ek baar mein ek route, stop, fare stage ya samay poochhein.","Kripya ek baar mein ek route, stop, fare stage ya samay poochhein.",True,True,2026-10-08T11:39:37.018Z
HG200_084,hinglish,"CMBT pe 27D departures 14:05 ka published chart, current arrival mat bta","CMBT pe 27D departures 14:05 ka published chart, current arrival mat bta","Aur jaankari chahiye

Kripya ek baar mein ek route, stop, fare stage ya samay poochhein.","Kripya ek baar mein ek route, stop, fare stage ya samay poochhein.",True,True,2026-10-08T11:39:37.966Z
HG200_085,hinglish,Saidapet se Guindy direct bus service hai bhi ya nahi?,Saidapet se Guindy direct bus service hai bhi ya nahi?,"Aur jaankari chahiye

Kripya batayein ki kaunsa stop ya location keh rahe hain.

Ek se zyada stop ya location match karte hain. Revised poore sawaal mein route number, transport mode ya exact stop name dein.",Kripya batayein ki kaunsa stop ya location keh rahe hain.,True,True,2026-10-08T11:39:38.898Z
HG200_086,hinglish,Alandur aur Airport ke beech metro chalti h kya?,Alandur aur Airport ke beech metro chalti h kya?,"Jaankari unavailable hai

Requested transport mode se matching published topology available nahi hai.",Requested transport mode se matching published topology available nahi hai.,True,True,2026-10-08T11:39:39.768Z
HG200_087,hinglish,Tambaram se Chennai Beach local train milti hai kya generally?,Tambaram se Chennai Beach local train milti hai kya generally?,"Jaankari unavailable hai

Requested transport mode se matching published topology available nahi hai.",Requested transport mode se matching published topology available nahi hai.,True,True,2026-10-08T11:39:40.660Z
HG200_088,hinglish,Velachery to Thirumayilai MRTS connection available hai?,Velachery to Thirumayilai MRTS connection available hai?,"Jaankari unavailable hai

Requested transport mode se matching published topology available nahi hai.",Requested transport mode se matching published topology available nahi hai.,True,True,2026-10-08T11:39:41.659Z
HG200_089,hinglish,Porur se CMBT bus aati jaati hai ki route hi nahi hai?,Porur se CMBT bus aati jaati hai ki route hi nahi hai?,"Jaankari unavailable hai

Snapshot mein confirmed interchange records nahi hain.",Snapshot mein confirmed interchange records nahi hain.,True,True,2026-10-08T11:39:42.673Z
HG200_090,hinglish,Nehru Park se Anna Nagar Tower metro connection hoga na?,Nehru Park se Anna Nagar Tower metro connection hoga na?,"Jaankari unavailable hai

Requested transport mode se matching published topology available nahi hai.",Requested transport mode se matching published topology available nahi hai.,True,True,2026-10-08T11:39:43.888Z
HG200_091,hinglish,Airport ke liye bus service h kya? meri starting locality nahi di,Airport ke liye bus service h kya? meri starting locality nahi di,"Aur jaankari chahiye

Kripya starting stop, destination stop bataein.

Zaroori jaankari: starting stop, destination stop","Kripya starting stop, destination stop bataein.",True,True,2026-10-08T11:39:45.051Z
HG200_092,hinglish,"Pallavaram se local available h kya, destination batana reh gaya","Pallavaram se local available h kya, destination batana reh gaya","Aur jaankari chahiye

Kripya batayein ki kaunsa stop ya location keh rahe hain.

Ek se zyada stop ya location match karte hain. Revised poore sawaal mein route number, transport mode ya exact stop name dein.",Kripya batayein ki kaunsa stop ya location keh rahe hain.,True,True,2026-10-08T11:39:46.252Z
HG200_093,hinglish,"Guindy se Central metro connection check karo, route directions abhi nahi chahiye","Guindy se Central metro connection check karo, route directions abhi nahi chahiye","Jaankari unavailable hai

Requested transport mode se matching published topology available nahi hai.",Requested transport mode se matching published topology available nahi hai.,True,True,2026-10-08T11:39:47.488Z
HG200_094,hinglish,"Broadway se Adyar bus kal chalti hai kya, future trip plan kar raha hu","Broadway se Adyar bus kal chalti hai kya, future trip plan kar raha hu","Aur jaankari chahiye

Kripya ek baar mein ek route, stop, fare stage ya samay poochhein.","Kripya ek baar mein ek route, stop, fare stage ya samay poochhein.",True,True,2026-10-08T11:39:48.580Z
HG200_095,hinglish,Guindy se Airport aaj 11 PM metro available hai kya?,Guindy se Airport aaj 11 PM metro available hai kya?,"Jaankari unavailable hai

Requested transport mode se matching published topology available nahi hai.",Requested transport mode se matching published topology available nahi hai.,True,True,2026-10-08T11:39:49.711Z
HG200_096,hinglish,"Chennai Beach se Tambaram sirf local train hai kya, bus ki availability mat ginna","Chennai Beach se Tambaram sirf local train hai kya, bus ki availability mat ginna","Aur jaankari chahiye

Kripya is sawaal ke liye ek transport mode chunein.

Zaroori jaankari: transport mode",Kripya is sawaal ke liye ek transport mode chunein.,True,True,2026-10-08T11:39:50.701Z
HG200_097,hinglish,Ordinary MTC bus stage 6 ka kiraya kitna baithega?,Ordinary MTC bus stage 6 ka kiraya kitna baithega?,"Prakashit jaankari

Prakashit kiraya (Ordinary services): INR 10 (record ki lagu tareekh 2018-01-29). Published stage kiraya mila hai; travel se pehle current kiraya confirm karein.

Prakashit kiraya

INR 10

Service ki class: Ordinary services

Lagu tareekh: 2018-01-29 · Source: MTC_OFFICIAL

Snapshot se mili jaankari. Current service aur conditions operator se confirm karein.",Prakashit kiraya (Ordinary services): INR 10 (record ki lagu tareekh 2018-01-29). Published stage kiraya mila hai; travel se pehle current kiraya confirm karein.,True,True,2026-10-08T11:39:51.829Z
HG200_098,hinglish,Express service me 11 stages ka ticket amount bta do,Express service me 11 stages ka ticket amount bta do,"Prakashit jaankari

Prakashit kiraya (Express services): INR 22 (record ki lagu tareekh 2018-01-29). Published stage kiraya mila hai; travel se pehle current kiraya confirm karein.

Prakashit kiraya

INR 22

Service ki class: Express services

Lagu tareekh: 2018-01-29 · Source: MTC_OFFICIAL

Snapshot se mili jaankari. Current service aur conditions operator se confirm karein.",Prakashit kiraya (Express services): INR 22 (record ki lagu tareekh 2018-01-29). Published stage kiraya mila hai; travel se pehle current kiraya confirm karein.,True,True,2026-10-08T11:39:52.973Z
HG200_099,hinglish,Deluxe bus ka 8 stage fare kya hai bhai?,Deluxe bus ka 8 stage fare kya hai bhai?,"Prakashit jaankari

Prakashit kiraya (Deluxe services): INR 25 (record ki lagu tareekh 2018-01-29). Published stage kiraya mila hai; travel se pehle current kiraya confirm karein.

Prakashit kiraya

INR 25

Service ki class: Deluxe services

Lagu tareekh: 2018-01-29 · Source: MTC_OFFICIAL

Snapshot se mili jaankari. Current service aur conditions operator se confirm karein.",Prakashit kiraya (Deluxe services): INR 25 (record ki lagu tareekh 2018-01-29). Published stage kiraya mila hai; travel se pehle current kiraya confirm karein.,True,True,2026-10-08T11:39:54.029Z
HG200_100,hinglish,Night service stage 3 ke paise kitne lagenge?,Night service stage 3 ke paise kitne lagenge?,"Prakashit jaankari

Prakashit kiraya (Night services): INR 15 (record ki lagu tareekh 2018-01-29). Published stage kiraya mila hai; travel se pehle current kiraya confirm karein.

Prakashit kiraya

INR 15

Service ki class: Night services

Lagu tareekh: 2018-01-29 · Source: MTC_OFFICIAL

Snapshot se mili jaankari. Current service aur conditions operator se confirm karein.",Prakashit kiraya (Night services): INR 15 (record ki lagu tareekh 2018-01-29). Published stage kiraya mila hai; travel se pehle current kiraya confirm karein.,True,True,2026-10-08T11:39:55.216Z
HG200_101,hinglish,AC bus me stage 7 ka cost bataoge?,AC bus me stage 7 ka cost bataoge?,"Jaankari unavailable hai

Requested journey ya stage ke liye verified fare record nahi hai.",Requested journey ya stage ke liye verified fare record nahi hai.,True,True,2026-10-08T11:41:27.340Z
HG200_102,hinglish,Ordinary bus me ६ stage ka किराया kitna h?,Ordinary bus me ६ stage ka किराया kitna h?,"Prakashit jaankari

Prakashit kiraya (Ordinary services): INR 10 (record ki lagu tareekh 2018-01-29). Published stage kiraya mila hai; travel se pehle current kiraya confirm karein.

Prakashit kiraya

INR 10

Service ki class: Ordinary services

Lagu tareekh: 2018-01-29 · Source: MTC_OFFICIAL

Snapshot se mili jaankari. Current service aur conditions operator se confirm karein.",Prakashit kiraya (Ordinary services): INR 10 (record ki lagu tareekh 2018-01-29). Published stage kiraya mila hai; travel se pehle current kiraya confirm karein.,True,True,2026-10-08T11:41:27.873Z
HG200_103,hinglish,Guindy metro se High Court metro token ticket kitne ka?,Guindy metro se High Court metro token ticket kitne ka?,"Jaankari unavailable hai

Requested journey ya stage ke liye verified fare record nahi hai.",Requested journey ya stage ke liye verified fare record nahi hai.,True,True,2026-10-08T11:41:28.422Z
HG200_104,hinglish,Airport se Alandur metro smart card fare kya padega?,Airport se Alandur metro smart card fare kya padega?,"Jaankari unavailable hai

Is snapshot mein authoritative ticket ya pass policy table nahi hai.",Is snapshot mein authoritative ticket ya pass policy table nahi hai.,True,True,2026-10-08T11:41:28.988Z
HG200_105,hinglish,"Broadway se Adyar bus ka kiraya nikal do, stage ka mujhe nahi pata","Broadway se Adyar bus ka kiraya nikal do, stage ka mujhe nahi pata","Jaankari unavailable hai

Snapshot mein confirmed interchange records nahi hain.",Snapshot mein confirmed interchange records nahi hain.,True,True,2026-10-08T11:41:29.509Z
HG200_106,hinglish,Bus fare kitna hai? start end dono nahi diye aur stage bhi nahi,Bus fare kitna hai? start end dono nahi diye aur stage bhi nahi,"Aur jaankari chahiye

Kripya valid kiraya stage number bataein.

Zaroori jaankari: stage number",Kripya valid kiraya stage number bataein.,True,True,2026-10-08T11:41:30.172Z
HG200_107,hinglish,"MTC stage 12 ka amount chahiye, bus class specify nahi ki maine","MTC stage 12 ka amount chahiye, bus class specify nahi ki maine","Prakashit jaankari

Prakashit kiraya (Ordinary services): INR 15 (record ki lagu tareekh 2018-01-29). Published stage kiraya mila hai; travel se pehle current kiraya confirm karein.

Prakashit kiraya

INR 15

Service ki class: Ordinary services

Lagu tareekh: 2018-01-29 · Source: MTC_OFFICIAL

Snapshot se mili jaankari. Current service aur conditions operator se confirm karein.",Prakashit kiraya (Ordinary services): INR 15 (record ki lagu tareekh 2018-01-29). Published stage kiraya mila hai; travel se pehle current kiraya confirm karein.,True,True,2026-10-08T11:41:30.725Z
HG200_108,hinglish,"Egmore metro se Central metro ka amount, route mat samjhana abhi","Egmore metro se Central metro ka amount, route mat samjhana abhi","Aur jaankari chahiye

Kripya batayein ki kaunsa stop ya location keh rahe hain.

Ek se zyada stop ya location match karte hain. Revised poore sawaal mein route number, transport mode ya exact stop name dein.",Kripya batayein ki kaunsa stop ya location keh rahe hain.,True,True,2026-10-08T11:41:31.337Z
HG200_109,hinglish,"Metro smart card recharge ka process kya h, thoda easy samjhao","Metro smart card recharge ka process kya h, thoda easy samjhao","Jaankari unavailable hai

Is snapshot mein authoritative ticket ya pass policy table nahi hai.",Is snapshot mein authoritative ticket ya pass policy table nahi hai.,True,True,2026-10-08T11:41:31.976Z
HG200_110,hinglish,MTC monthly pass banwane ke rules aur documents kya honge?,MTC monthly pass banwane ke rules aur documents kya honge?,"Jaankari unavailable hai

Is snapshot mein authoritative ticket ya pass policy table nahi hai.",Is snapshot mein authoritative ticket ya pass policy table nahi hai.,True,True,2026-10-08T11:41:32.583Z
HG200_111,hinglish,NCMC card Chennai metro me use karne ka niyam bata do,NCMC card Chennai metro me use karne ka niyam bata do,"Jaankari unavailable hai

Is snapshot mein authoritative ticket ya pass policy table nahi hai.",Is snapshot mein authoritative ticket ya pass policy table nahi hai.,True,True,2026-10-08T11:41:33.228Z
HG200_112,hinglish,QR ticket ka validity rule kya rehta h metro me?,QR ticket ka validity rule kya rehta h metro me?,"Jaankari unavailable hai

Is snapshot mein authoritative ticket ya pass policy table nahi hai.",Is snapshot mein authoritative ticket ya pass policy table nahi hai.,True,True,2026-10-08T11:41:33.986Z
HG200_113,hinglish,Token ticket return ho sakta hai kya? metro wala pooch raha hu,Token ticket return ho sakta hai kya? metro wala pooch raha hu,"Jaankari unavailable hai

Is snapshot mein authoritative ticket ya pass policy table nahi hai.",Is snapshot mein authoritative ticket ya pass policy table nahi hai.,True,True,2026-10-08T11:41:34.684Z
HG200_114,hinglish,"Suburban season pass renew kaise hota hai, rule batao","Suburban season pass renew kaise hota hai, rule batao","Jaankari unavailable hai

Is snapshot mein authoritative ticket ya pass policy table nahi hai.",Is snapshot mein authoritative ticket ya pass policy table nahi hai.,True,True,2026-10-08T11:41:35.430Z
HG200_115,hinglish,Tourist pass lena ho to kya conditions hoti hain Chennai metro me?,Tourist pass lena ho to kya conditions hoti hain Chennai metro me?,"Jaankari unavailable hai

Is snapshot mein authoritative ticket ya pass policy table nahi hai.",Is snapshot mein authoritative ticket ya pass policy table nahi hai.,True,True,2026-10-08T11:41:36.173Z
HG200_116,hinglish,Monthly pass kisi aur ko deke travel karwa sakte hai kya?,Monthly pass kisi aur ko deke travel karwa sakte hai kya?,"Jaankari unavailable hai

Is snapshot mein authoritative ticket ya pass policy table nahi hai.",Is snapshot mein authoritative ticket ya pass policy table nahi hai.,True,True,2026-10-08T11:41:36.907Z
HG200_117,hinglish,"Bus monthly pass ke rules bolna, per ride kiraya nahi puch raha","Bus monthly pass ke rules bolna, per ride kiraya nahi puch raha","Jaankari unavailable hai

Is snapshot mein authoritative ticket ya pass policy table nahi hai.",Is snapshot mein authoritative ticket ya pass policy table nahi hai.,True,True,2026-10-08T11:41:37.672Z
HG200_118,hinglish,Metro smartcard kho gayi to replace ka process kya rahega?,Metro smartcard kho gayi to replace ka process kya rahega?,"Jaankari unavailable hai

Is snapshot mein authoritative ticket ya pass policy table nahi hai.",Is snapshot mein authoritative ticket ya pass policy table nahi hai.,True,True,2026-10-08T11:41:38.448Z
HG200_119,hinglish,Chennai local ka season pass online apply karne ka tarika?,Chennai local ka season pass online apply karne ka tarika?,"Jaankari unavailable hai

Is snapshot mein authoritative ticket ya pass policy table nahi hai.",Is snapshot mein authoritative ticket ya pass policy table nahi hai.,True,True,2026-10-08T11:41:39.144Z
HG200_120,hinglish,"Ticket policy help chahiye, QR ticket ko cancel karna ho to?","Ticket policy help chahiye, QR ticket ko cancel karna ho to?","Jaankari unavailable hai

Is snapshot mein authoritative ticket ya pass policy table nahi hai.",Is snapshot mein authoritative ticket ya pass policy table nahi hai.,True,True,2026-10-08T11:41:39.905Z
HG200_121,hinglish,Nandanam metro pe bike parking ki suvidha hai kya?,Nandanam metro pe bike parking ki suvidha hai kya?,"Jaankari unavailable hai

Is snapshot mein facility availability verify nahi hai.",Is snapshot mein facility availability verify nahi hai.,True,True,2026-10-08T11:41:40.635Z
HG200_122,hinglish,Guindy metro me paani peene ka point milta hai?,Guindy metro me paani peene ka point milta hai?,"Jaankari unavailable hai

Snapshot mein confirmed interchange records nahi hain.",Snapshot mein confirmed interchange records nahi hain.,True,True,2026-10-08T11:41:41.516Z
HG200_123,hinglish,Egmore station par cloak room h kya luggage rakhne ke liye?,Egmore station par cloak room h kya luggage rakhne ke liye?,"Jaankari unavailable hai

Is snapshot mein facility availability verify nahi hai.",Is snapshot mein facility availability verify nahi hai.,True,True,2026-10-08T11:41:42.390Z
HG200_124,hinglish,High Court metro me ATM mil jayega kya?,High Court metro me ATM mil jayega kya?,"Transport scope ke bahar

Main Chennai public transport ke sawaalon mein madad kar sakta hoon.",Main Chennai public transport ke sawaalon mein madad kar sakta hoon.,True,True,2026-10-08T11:41:43.207Z
HG200_125,hinglish,Vadapalani metro pe toilet facility ka info chahiye,Vadapalani metro pe toilet facility ka info chahiye,"Jaankari unavailable hai

Is snapshot mein facility availability verify nahi hai.",Is snapshot mein facility availability verify nahi hai.,True,True,2026-10-08T11:41:44.004Z
HG200_126,hinglish,Chennai Central metro me free wifi hai kya yaar?,Chennai Central metro me free wifi hai kya yaar?,"Jaankari unavailable hai

Is snapshot mein facility availability verify nahi hai.",Is snapshot mein facility availability verify nahi hai.,True,True,2026-10-08T11:42:25.816Z
HG200_127,hinglish,CMBT bus stand me waiting room ka record hai?,CMBT bus stand me waiting room ka record hai?,"Jaankari unavailable hai

Is snapshot mein facility availability verify nahi hai.",Is snapshot mein facility availability verify nahi hai.,True,True,2026-10-08T11:42:26.707Z
HG200_128,hinglish,Parking kaha hai station pe? station ka naam main nahi bol paya,Parking kaha hai station pe? station ka naam main nahi bol paya,"Jaankari unavailable hai

Snapshot mein confirmed interchange records nahi hain.",Snapshot mein confirmed interchange records nahi hain.,True,True,2026-10-08T11:42:27.493Z
HG200_129,hinglish,"Metro station me drinking water h kya, kaunsa station nahi likha","Metro station me drinking water h kya, kaunsa station nahi likha","Jaankari unavailable hai

Snapshot mein confirmed interchange records nahi hain.",Snapshot mein confirmed interchange records nahi hain.,True,True,2026-10-08T11:42:28.289Z
HG200_130,hinglish,"Alandur metro me parking pooch raha hu, lift nahi","Alandur metro me parking pooch raha hu, lift nahi","Jaankari unavailable hai

Is snapshot mein facility availability verify nahi hai.",Is snapshot mein facility availability verify nahi hai.,True,True,2026-10-08T11:42:29.093Z
HG200_131,hinglish,Saidapet metro par washroom ka available data bataiye,Saidapet metro par washroom ka available data bataiye,"Jaankari unavailable hai

Is snapshot mein facility availability verify nahi hai.",Is snapshot mein facility availability verify nahi hai.,True,True,2026-10-08T11:42:29.927Z
HG200_132,hinglish,Tambaram railway station me waiting hall hai ki nahi?,Tambaram railway station me waiting hall hai ki nahi?,"Jaankari unavailable hai

Is snapshot mein facility availability verify nahi hai.",Is snapshot mein facility availability verify nahi hai.,True,True,2026-10-08T11:42:30.770Z
HG200_133,hinglish,Guindy metro pe wheelchair access ka record btao,Guindy metro pe wheelchair access ka record btao,"Jaankari unavailable hai

Snapshot mein verified accessibility feature values nahi hain.",Snapshot mein verified accessibility feature values nahi hain.,True,True,2026-10-08T11:42:31.559Z
HG200_134,hinglish,"Alandur metro me lift lagi hai kya, stairs mushkil hain mere liye","Alandur metro me lift lagi hai kya, stairs mushkil hain mere liye","Jaankari unavailable hai

Snapshot mein verified accessibility feature values nahi hain.",Snapshot mein verified accessibility feature values nahi hain.,True,True,2026-10-08T11:42:32.447Z
HG200_135,hinglish,Airport metro station pe ramp available hai wheelchair ke liye?,Airport metro station pe ramp available hai wheelchair ke liye?,"Jaankari unavailable hai

Snapshot mein verified accessibility feature values nahi hain.",Snapshot mein verified accessibility feature values nahi hain.,True,True,2026-10-08T11:42:33.336Z
HG200_136,hinglish,Nehru Park metro me escalator ka verified info h kya?,Nehru Park metro me escalator ka verified info h kya?,"Jaankari unavailable hai

Is snapshot mein authoritative ticket ya pass policy table nahi hai.",Is snapshot mein authoritative ticket ya pass policy table nahi hai.,True,True,2026-10-08T11:42:34.284Z
HG200_137,hinglish,Central metro me accessible toilet ka status kya hai?,Central metro me accessible toilet ka status kya hai?,"Jaankari unavailable hai

Snapshot mein verified accessibility feature values nahi hain.",Snapshot mein verified accessibility feature values nahi hain.,True,True,2026-10-08T11:42:35.224Z
HG200_138,hinglish,Blind passengers ke liye Vadapalani metro me tactile paths hain?,Blind passengers ke liye Vadapalani metro me tactile paths hain?,"Jaankari unavailable hai

Snapshot mein verified accessibility feature values nahi hain.",Snapshot mein verified accessibility feature values nahi hain.,True,True,2026-10-08T11:42:36.132Z
HG200_139,hinglish,Tambaram local station par ramp ka data mil sakta h?,Tambaram local station par ramp ka data mil sakta h?,"Jaankari unavailable hai

Snapshot mein verified accessibility feature values nahi hain.",Snapshot mein verified accessibility feature values nahi hain.,True,True,2026-10-08T11:42:37.096Z
HG200_140,hinglish,CMBT bus stand wheelchair friendly hai kya?,CMBT bus stand wheelchair friendly hai kya?,"Jaankari unavailable hai

Snapshot mein verified accessibility feature values nahi hain.",Snapshot mein verified accessibility feature values nahi hain.,True,True,2026-10-08T11:42:37.975Z
HG200_141,hinglish,"Lift ka status batao please, kis station ki woh bolna reh gaya","Lift ka status batao please, kis station ki woh bolna reh gaya","Jaankari unavailable hai

Live transport status unavailable hai; operator se verify karein.",Live transport status unavailable hai; operator se verify karein.,True,True,2026-10-08T11:42:38.865Z
HG200_142,hinglish,"Metro me accessible toilet chahiye, station naam abhi nahi diya","Metro me accessible toilet chahiye, station naam abhi nahi diya","Jaankari unavailable hai

Snapshot mein confirmed interchange records nahi hain.",Snapshot mein confirmed interchange records nahi hain.,True,True,2026-10-08T11:42:39.765Z
HG200_143,hinglish,"High Court metro pe lift ka info chahiye, parking nahi","High Court metro pe lift ka info chahiye, parking nahi","Aur jaankari chahiye

Kripya apna transport sawaal saaf bataein.",Kripya apna transport sawaal saaf bataein.,True,True,2026-10-08T11:42:40.807Z
HG200_144,hinglish,Saidapet metro me chalne me dikkat wale passenger ke liye accessibility kya hai?,Saidapet metro me chalne me dikkat wale passenger ke liye accessibility kya hai?,"Jaankari unavailable hai

Snapshot mein verified accessibility feature values nahi hain.",Snapshot mein verified accessibility feature values nahi hain.,True,True,2026-10-08T11:42:41.713Z
HG200_145,hinglish,Central par metro se local train switch karne ka interchange info?,Central par metro se local train switch karne ka interchange info?,"Jaankari unavailable hai

Is snapshot mein authoritative ticket ya pass policy table nahi hai.",Is snapshot mein authoritative ticket ya pass policy table nahi hai.,True,True,2026-10-08T11:42:42.775Z
HG200_146,hinglish,"Guindy me local se metro badalne ka tarika btao, station transfer wala","Guindy me local se metro badalne ka tarika btao, station transfer wala","Jaankari unavailable hai

Snapshot mein confirmed interchange records nahi hain.",Snapshot mein confirmed interchange records nahi hain.,True,True,2026-10-08T11:42:43.864Z
HG200_147,hinglish,Alandur pe Blue Line se Green Line interchange kaisa hota hai?,Alandur pe Blue Line se Green Line interchange kaisa hota hai?,"Jaankari unavailable hai

Snapshot mein confirmed interchange records nahi hain.",Snapshot mein confirmed interchange records nahi hain.,True,True,2026-10-08T11:42:44.949Z
HG200_148,hinglish,CMBT me bus se metro connect karna ho to transfer info milega?,CMBT me bus se metro connect karna ho to transfer info milega?,"Aur jaankari chahiye

Kripya is sawaal ke liye ek transport mode chunein.

Zaroori jaankari: transport mode",Kripya is sawaal ke liye ek transport mode chunein.,True,True,2026-10-08T11:42:46.129Z
HG200_149,hinglish,"St Thomas Mount metro se suburban platform jana, connection kaise?","St Thomas Mount metro se suburban platform jana, connection kaise?","Aur jaankari chahiye

Kripya is sawaal ke liye ek transport mode chunein.

Zaroori jaankari: transport mode",Kripya is sawaal ke liye ek transport mode chunein.,True,True,2026-10-08T11:42:47.339Z
HG200_150,hinglish,Metro se bus interchange possible hai kya? station main mention nahi kar raha,Metro se bus interchange possible hai kya? station main mention nahi kar raha,"Jaankari unavailable hai

Snapshot mein confirmed interchange records nahi hain.",Snapshot mein confirmed interchange records nahi hain.,True,True,2026-10-08T11:42:48.452Z
HG200_151,hinglish,"Train badalni hai, interchange help chahiye par kaunse station pe nahi bataya","Train badalni hai, interchange help chahiye par kaunse station pe nahi bataya","Jaankari unavailable hai

Snapshot mein confirmed interchange records nahi hain.",Snapshot mein confirmed interchange records nahi hain.,True,True,2026-10-08T11:43:22.512Z
HG200_152,hinglish,High Court metro se bus stop tak paidal transfer ka info chahiye,High Court metro se bus stop tak paidal transfer ka info chahiye,"Jaankari unavailable hai

Is snapshot mein authoritative ticket ya pass policy table nahi hai.",Is snapshot mein authoritative ticket ya pass policy table nahi hai.,True,True,2026-10-08T11:43:22.995Z
HG200_153,hinglish,"Chennai Beach local se MRTS switch ho sakta hai, transfer data?","Chennai Beach local se MRTS switch ho sakta hai, transfer data?","Jaankari unavailable hai

Snapshot mein confirmed interchange records nahi hain.",Snapshot mein confirmed interchange records nahi hain.,True,True,2026-10-08T11:43:23.499Z
HG200_154,hinglish,Guindy bus stand se metro pakadne ke liye badalna kahan padega?,Guindy bus stand se metro pakadne ke liye badalna kahan padega?,"Jaankari unavailable hai

Snapshot mein confirmed interchange records nahi hain.",Snapshot mein confirmed interchange records nahi hain.,True,True,2026-10-08T11:43:24.123Z
HG200_155,hinglish,"Central metro me line change ka info, fare nahi chahiye abhi","Central metro me line change ka info, fare nahi chahiye abhi","Aur jaankari chahiye

Kripya apna transport sawaal saaf bataein.",Kripya apna transport sawaal saaf bataein.,True,True,2026-10-08T11:43:24.692Z
HG200_156,hinglish,Koyambedu par bus utar ke metro chadhne ka walking connection verified hai?,Koyambedu par bus utar ke metro chadhne ka walking connection verified hai?,"Jaankari unavailable hai

Snapshot mein confirmed interchange records nahi hain.",Snapshot mein confirmed interchange records nahi hain.,True,True,2026-10-08T11:43:25.370Z
HG200_157,hinglish,Marina Beach ke sabse kareeb metro station konsa h?,Marina Beach ke sabse kareeb metro station konsa h?,"Prakashit jaankari

Seedhi doori se sabse nazdeek: Lighthouse Metro (1121 m). Nearest sirf straight-line distance se hai; walking access verify nahi hai.

Seedhi doori se sabse nazdeek

Walking access aur current operation verify nahi hain.

Snapshot se mili jaankari. Current service aur conditions operator se confirm karein.",Seedhi doori se sabse nazdeek: Lighthouse Metro (1121 m). Nearest sirf straight-line distance se hai; walking access verify nahi hai.,True,True,2026-10-08T11:43:25.918Z
HG200_158,hinglish,IIT Madras ke aas paas nearest bus stop ka naam btao,IIT Madras ke aas paas nearest bus stop ka naam btao,"Prakashit jaankari

Seedhi doori se sabse nazdeek: Anjaneyar Temple Pudupakkam (1445 m). Nearest sirf straight-line distance se hai; walking access verify nahi hai.

Seedhi doori se sabse nazdeek

Walking access aur current operation verify nahi hain.

Snapshot se mili jaankari. Current service aur conditions operator se confirm karein.",Seedhi doori se sabse nazdeek: Anjaneyar Temple Pudupakkam (1445 m). Nearest sirf straight-line distance se hai; walking access verify nahi hai.,True,True,2026-10-08T11:43:26.610Z
HG200_159,hinglish,Apollo Hospital ke closest metro ka coordinate distance chahiye,Apollo Hospital ke closest metro ka coordinate distance chahiye,"Aur jaankari chahiye

Kripya batayein ki kaunsa stop ya location keh rahe hain.

Ek se zyada stop ya location match karte hain. Revised poore sawaal mein route number, transport mode ya exact stop name dein.",Kripya batayein ki kaunsa stop ya location keh rahe hain.,True,True,2026-10-08T11:43:27.381Z
HG200_160,hinglish,T Nagar me sabse paas wala local train station dhund do,T Nagar me sabse paas wala local train station dhund do,"Aur jaankari chahiye

Kripya nazdeeki landmark ya locality bataein.

Zaroori jaankari: nazdeeki landmark ya locality",Kripya nazdeeki landmark ya locality bataein.,True,True,2026-10-08T11:43:28.184Z
HG200_161,hinglish,Besant Nagar ke near bus stop milega? sabse nazdeek ka,Besant Nagar ke near bus stop milega? sabse nazdeek ka,"Aur jaankari chahiye

Kripya batayein ki kaunsa stop ya location keh rahe hain.

Ek se zyada stop ya location match karte hain. Revised poore sawaal mein route number, transport mode ya exact stop name dein.",Kripya batayein ki kaunsa stop ya location keh rahe hain.,True,True,2026-10-08T11:43:29.004Z
HG200_162,hinglish,Mylapore ke najdeek MRTS station bata sakte ho?,Mylapore ke najdeek MRTS station bata sakte ho?,"Aur jaankari chahiye

Kripya batayein ki kaunsa stop ya location keh rahe hain.

Ek se zyada stop ya location match karte hain. Revised poore sawaal mein route number, transport mode ya exact stop name dein.",Kripya batayein ki kaunsa stop ya location keh rahe hain.,True,True,2026-10-08T11:43:29.682Z
HG200_163,hinglish,Nearest metro station kaunsa hai? meri location aapko di nahi,Nearest metro station kaunsa hai? meri location aapko di nahi,"Aur jaankari chahiye

Kripya nazdeeki landmark ya locality bataein.

Zaroori jaankari: nazdeeki landmark ya locality",Kripya nazdeeki landmark ya locality bataein.,True,True,2026-10-08T11:43:30.449Z
HG200_164,hinglish,"Paas ka bus stop bata na, aas paas kis jagah ki woh abhi nahi bataya","Paas ka bus stop bata na, aas paas kis jagah ki woh abhi nahi bataya","Aur jaankari chahiye

Kripya nazdeeki landmark ya locality bataein.

Zaroori jaankari: nazdeeki landmark ya locality",Kripya nazdeeki landmark ya locality bataein.,True,True,2026-10-08T11:43:31.239Z
HG200_165,hinglish,Anna Nagar Tower metro ke closest bus stop kaun sa padega?,Anna Nagar Tower metro ke closest bus stop kaun sa padega?,"Aur jaankari chahiye

Kripya is sawaal ke liye ek transport mode chunein.

Zaroori jaankari: transport mode",Kripya is sawaal ke liye ek transport mode chunein.,True,True,2026-10-08T11:43:31.993Z
HG200_166,hinglish,"Marina Beach ke paas metro chahiye, bus stop nahi","Marina Beach ke paas metro chahiye, bus stop nahi","Aur jaankari chahiye

Kripya is sawaal ke liye ek transport mode chunein.

Zaroori jaankari: transport mode",Kripya is sawaal ke liye ek transport mode chunein.,True,True,2026-10-08T11:43:32.748Z
HG200_167,hinglish,Fort St George se sabse kam walking distance wala metro kaunsa?,Fort St George se sabse kam walking distance wala metro kaunsa?,"Jaankari unavailable hai

Requested transport mode se matching published topology available nahi hai.",Requested transport mode se matching published topology available nahi hai.,True,True,2026-10-08T11:43:33.502Z
HG200_168,hinglish,"Thiruvanmiyur ke paas public transport me closest station btao, koi mode fixed nahi","Thiruvanmiyur ke paas public transport me closest station btao, koi mode fixed nahi","Prakashit jaankari

Seedhi doori se sabse nazdeek: Thiruvanmiyur (0 m). Nearest sirf straight-line distance se hai; walking access verify nahi hai.

Seedhi doori se sabse nazdeek

Walking access aur current operation verify nahi hain.

Snapshot se mili jaankari. Current service aur conditions operator se confirm karein.",Seedhi doori se sabse nazdeek: Thiruvanmiyur (0 m). Nearest sirf straight-line distance se hai; walking access verify nahi hai.,True,True,2026-10-08T11:43:34.314Z
HG200_169,hinglish,Bus 25R iss waqt GPS pe kidhar chal rahi h?,Bus 25R iss waqt GPS pe kidhar chal rahi h?,"Jaankari unavailable hai

Live transport status unavailable hai; operator se verify karein.",Live transport status unavailable hai; operator se verify karein.,True,True,2026-10-08T11:43:35.024Z
HG200_170,hinglish,Guindy metro pe abhi train late hai kya?,Guindy metro pe abhi train late hai kya?,"Jaankari unavailable hai

Requested transport mode se matching published schedule available nahi hai.",Requested transport mode se matching published schedule available nahi hai.,True,True,2026-10-08T11:43:36.230Z
HG200_171,hinglish,"Central metro me filhaal crowd kitni h, bheed avoid karni hai","Central metro me filhaal crowd kitni h, bheed avoid karni hai","Aur jaankari chahiye

Kripya ek baar mein ek route, stop, fare stage ya samay poochhein.","Kripya ek baar mein ek route, stop, fare stage ya samay poochhein.",True,True,2026-10-08T11:43:37.087Z
HG200_172,hinglish,102A bus ka real time arrival Adyar par kitne minute me hoga?,102A bus ka real time arrival Adyar par kitne minute me hoga?,"Jaankari unavailable hai

Schedule-based frequency estimate ke liye published departures kaafi nahi hain.",Schedule-based frequency estimate ke liye published departures kaafi nahi hain.,True,True,2026-10-08T11:43:38.028Z
HG200_173,hinglish,"570S abhi Kelambakkam pahuchi kya, tracking karke bolo","570S abhi Kelambakkam pahuchi kya, tracking karke bolo","Jaankari unavailable hai

Live transport status unavailable hai; operator se verify karein.",Live transport status unavailable hai; operator se verify karein.,True,True,2026-10-08T11:43:38.891Z
HG200_174,hinglish,MRTS Thirumayilai pe aaj abhi disruption chal raha h kya?,MRTS Thirumayilai pe aaj abhi disruption chal raha h kya?,"Jaankari unavailable hai

Requested transport mode se matching published schedule available nahi hai.",Requested transport mode se matching published schedule available nahi hai.,True,True,2026-10-08T11:43:40.092Z
HG200_175,hinglish,२१G bus right now kaha hai bhai?,२१G bus right now kaha hai bhai?,"Aur jaankari chahiye

Kripya stop bataein.

Zaroori jaankari: stop",Kripya stop bataein.,True,True,2026-10-08T11:43:40.975Z
HG200_176,hinglish,Guindy local abhi on time hai ya delay? timetable nahi pucha,Guindy local abhi on time hai ya delay? timetable nahi pucha,"Aur jaankari chahiye

Kripya ek baar mein ek route, stop, fare stage ya samay poochhein.","Kripya ek baar mein ek route, stop, fare stage ya samay poochhein.",True,True,2026-10-08T11:44:10.631Z
HG200_177,hinglish,Airport metro ki iss pal crowd level check kar do,Airport metro ki iss pal crowd level check kar do,"Jaankari unavailable hai

Live transport status unavailable hai; operator se verify karein.",Live transport status unavailable hai; operator se verify karein.,True,True,2026-10-08T11:44:11.523Z
HG200_178,hinglish,"27D ka current location share karo, route stops mat bhejna","27D ka current location share karo, route stops mat bhejna","Aur jaankari chahiye

Kripya apna transport sawaal saaf bataein.",Kripya apna transport sawaal saaf bataein.,True,True,2026-10-08T11:44:12.496Z
HG200_179,hinglish,Bus kab live aayegi? stop ya route mere message me nahi hai,Bus kab live aayegi? stop ya route mere message me nahi hai,"Jaankari unavailable hai

Live transport status unavailable hai; operator se verify karein.",Live transport status unavailable hai; operator se verify karein.,True,True,2026-10-08T11:44:13.459Z
HG200_180,hinglish,"Blue Line me abhi service suspended hai kya, latest status chahiye","Blue Line me abhi service suspended hai kya, latest status chahiye","Jaankari unavailable hai

Is snapshot mein authoritative ticket ya pass policy table nahi hai.",Is snapshot mein authoritative ticket ya pass policy table nahi hai.,True,True,2026-10-08T11:44:14.472Z
HG200_181,hinglish,Guindy station ke paas dosa ghar tak order kar do,Guindy station ke paas dosa ghar tak order kar do,"Jaankari unavailable hai

Is snapshot mein authoritative ticket ya pass policy table nahi hai.",Is snapshot mein authoritative ticket ya pass policy table nahi hai.,True,True,2026-10-08T11:44:15.357Z
HG200_182,hinglish,"Airport jana hai, mere liye Ola cab book karo abhi","Airport jana hai, mere liye Ola cab book karo abhi","Transport scope ke bahar

Main Chennai public transport ke sawaalon mein madad kar sakta hoon.",Main Chennai public transport ke sawaalon mein madad kar sakta hoon.,True,True,2026-10-08T11:44:16.251Z
HG200_183,hinglish,Chennai Central ke pass budget hotel book karna h,Chennai Central ke pass budget hotel book karna h,"Transport scope ke bahar

Main Chennai public transport ke sawaalon mein madad kar sakta hoon.",Main Chennai public transport ke sawaalon mein madad kar sakta hoon.,True,True,2026-10-08T11:44:17.117Z
HG200_184,hinglish,"Aaj Chennai me baarish hogi kya, weather batao yaar","Aaj Chennai me baarish hogi kya, weather batao yaar","Aur jaankari chahiye

Kripya boarding stop ya station, route number ya line name bataein.

Zaroori jaankari: boarding stop ya station, route number ya line name","Kripya boarding stop ya station, route number ya line name bataein.",True,True,2026-10-08T11:44:18.233Z
HG200_185,hinglish,Delhi wali flight ka ticket cost kya padega Chennai se?,Delhi wali flight ka ticket cost kya padega Chennai se?,"Aur jaankari chahiye

Kripya fare stage number ya starting aur destination stops bataein.

Zaroori jaankari: starting stop ya fare stage number, destination stop ya fare stage number",Kripya fare stage number ya starting aur destination stops bataein.,True,True,2026-10-08T11:44:19.293Z
HG200_186,hinglish,Bangalore ke liye private sleeper bus reserve kar do,Bangalore ke liye private sleeper bus reserve kar do,"Aur jaankari chahiye

Kripya starting stop, destination stop bataein.

Zaroori jaankari: starting stop, destination stop","Kripya starting stop, destination stop bataein.",True,True,2026-10-08T11:44:20.455Z
HG200_187,hinglish,Central ke restaurant me table reserve karwana hai,Central ke restaurant me table reserve karwana hai,"Jaankari unavailable hai

Is snapshot mein facility availability verify nahi hai.",Is snapshot mein facility availability verify nahi hai.,True,True,2026-10-08T11:44:21.636Z
HG200_188,hinglish,"Nandanam flat ka rent kitna chalega, broker se baat karao","Nandanam flat ka rent kitna chalega, broker se baat karao","Aur jaankari chahiye

Kripya batayein ki kaunsa stop ya location keh rahe hain.

Ek se zyada stop ya location match karte hain. Revised poore sawaal mein route number, transport mode ya exact stop name dein.",Kripya batayein ki kaunsa stop ya location keh rahe hain.,True,True,2026-10-08T11:44:22.707Z
HG200_189,hinglish,T Nagar ke nearby cinema showtime bta doge?,T Nagar ke nearby cinema showtime bta doge?,"Aur jaankari chahiye

Kripya boarding stop ya station, route number ya line name bataein.

Zaroori jaankari: boarding stop ya station, route number ya line name","Kripya boarding stop ya station, route number ya line name bataein.",True,True,2026-10-08T11:44:23.831Z
HG200_190,hinglish,"21G ka bus route nahi chahiye, mujhe cricket score batao","21G ka bus route nahi chahiye, mujhe cricket score batao","Jaankari unavailable hai

Is snapshot mein authoritative ticket ya pass policy table nahi hai.",Is snapshot mein authoritative ticket ya pass policy table nahi hai.,True,True,2026-10-08T11:44:25.030Z
HG200_191,hinglish,Metro ke baare me nahi; laptop slow hai kaise repair karu?,Metro ke baare me nahi; laptop slow hai kaise repair karu?,"Jaankari unavailable hai

Is snapshot mein authoritative ticket ya pass policy table nahi hai.",Is snapshot mein authoritative ticket ya pass policy table nahi hai.,True,True,2026-10-08T11:44:26.114Z
HG200_192,hinglish,"Mumbai local ka monthly pass rule samjhao, Chennai wala nahi","Mumbai local ka monthly pass rule samjhao, Chennai wala nahi","Jaankari unavailable hai

Is snapshot mein authoritative ticket ya pass policy table nahi hai.",Is snapshot mein authoritative ticket ya pass policy table nahi hai.,True,True,2026-10-08T11:44:27.147Z
HG200_193,hinglish,25R aur 102 dono bus routes ke stops ek saath dikha do bhai,25R aur 102 dono bus routes ke stops ek saath dikha do bhai,"Aur jaankari chahiye

Kripya poore suffix ke saath supported route number bataein.

Zaroori jaankari: route number",Kripya poore suffix ke saath supported route number bataein.,True,True,2026-10-08T11:44:28.206Z
HG200_194,hinglish,Ordinary stage 5 aur stage 9 ka fare dono nikal do,Ordinary stage 5 aur stage 9 ka fare dono nikal do,"Aur jaankari chahiye

Kripya ek baar mein ek route, stop, fare stage ya samay poochhein.","Kripya ek baar mein ek route, stop, fare stage ya samay poochhein.",True,True,2026-10-08T11:44:29.434Z
HG200_195,hinglish,Broadway se 102 bus departures 7 AM ya 9 PM dono options me batao,Broadway se 102 bus departures 7 AM ya 9 PM dono options me batao,"Aur jaankari chahiye

Kripya ek baar mein ek route, stop, fare stage ya samay poochhein.","Kripya ek baar mein ek route, stop, fare stage ya samay poochhein.",True,True,2026-10-08T11:44:33.104Z
HG200_196,hinglish,Marina Beach aur IIT Madras dono ke closest metro station batao,Marina Beach aur IIT Madras dono ke closest metro station batao,"Aur jaankari chahiye

Kripya ek baar mein ek route, stop, fare stage ya samay poochhein.","Kripya ek baar mein ek route, stop, fare stage ya samay poochhein.",True,True,2026-10-08T11:44:34.261Z
HG200_197,hinglish,Guindy se Airport metro ka rasta aur ticket ka kiraya dono btao,Guindy se Airport metro ka rasta aur ticket ka kiraya dono btao,"Jaankari unavailable hai

Requested journey ya stage ke liye verified fare record nahi hai.",Requested journey ya stage ke liye verified fare record nahi hai.,True,True,2026-10-08T11:44:35.392Z
HG200_198,hinglish,Alandur metro me parking bhi hai aur lift bhi? dono info chahiye,Alandur metro me parking bhi hai aur lift bhi? dono info chahiye,"Aur jaankari chahiye

Kripya chunein ki pehle kaunsa transport sawaal answer karein.

Sawaal ke types: station facilities, station accessibility",Kripya chunein ki pehle kaunsa transport sawaal answer karein.,True,True,2026-10-08T11:44:36.610Z
HG200_199,hinglish,102A Guindy pe rukti hai kya aur abhi GPS pe kahan hai?,102A Guindy pe rukti hai kya aur abhi GPS pe kahan hai?,"Aur jaankari chahiye

Kripya batayein ki kaunsa stop ya location keh rahe hain.

Ek se zyada stop ya location match karte hain. Revised poore sawaal mein route number, transport mode ya exact stop name dein.",Kripya batayein ki kaunsa stop ya location keh rahe hain.,True,True,2026-10-08T11:44:37.822Z
HG200_200,hinglish,"Broadway se Adyar aur Tambaram tak bus route bta do, dono jagah jana h","Broadway se Adyar aur Tambaram tak bus route bta do, dono jagah jana h","Aur jaankari chahiye

Kripya ek baar mein ek route, stop, fare stage ya samay poochhein.","Kripya ek baar mein ek route, stop, fare stage ya samay poochhein.",True,True,2026-10-08T11:44:39.074Z
