annotation_id,taxonomy,query,reference_primary,model_primary,reference_acceptable,model_acceptable,reference_clarification,model_clarification,model_clarification_reasons,model_brief_justification,disagreement_flags,disagreement_score
ANN_B2_002,T2,Is Velachery stn open right now,service_availability,service_availability,service_availability|service_timing,realtime_status_query|service_availability|service_timing,True,False,,The query is a binary operational inquiry asking whether Velachery station is currently open and functional for transit service (service_availability). Plausible secondary readings include checking current-state dynamic operational status or disruption (realtime_status_query) and inquiring whether the current time falls within scheduled station operating hours (service_timing).,acceptable_set_mismatch|clarification_mismatch,2
ANN_B2_004,T2,बस 102 adyar जाएगी,route_stops,route_stops,route_stops,route_stops|service_availability,False,False,,"The query 'बस 102 adyar जाएगी' inquires whether bus route 102 serves Adyar, functioning primarily as a stop membership check along a designated route (route_stops). A secondary plausible interpretation is an operational check on whether service to Adyar is running (service_availability).",acceptable_set_mismatch,1
ANN_B2_005,T2,29C to mylapor,route_stops,,route_stops,route_query|route_stops|service_availability,False,True,intent_ambiguity,"The utterance '29C to mylapor' is an underspecified keyword phrase containing a transit route identifier and a destination without an explicit verb or interrogative frame. Semantically, it is indeterminate between an inquiry verifying whether Mylapore is a stop on route 29C (route_stops), a journey planning inquiry seeking directions to Mylapore on 29C (route_query), or a check on whether 29C service operates to Mylapore (service_availability). Under Section 4 of the guidelines, genuine intent ambiguity without a single defensible primary label requires setting primary_label to null and requesting clarification.",primary_mismatch|acceptable_set_mismatch|clarification_mismatch,3
ANN_B2_008,T2,Alandur से next train kab hai?,service_timing,service_timing,service_availability|service_timing,service_timing,True,True,missing_slot,"The query asks for the scheduled departure time ('next train kab hai') from Alandur station, which falls under service_timing. However, it lacks the destination or line direction slot, necessitating clarification to execute the schedule lookup.",acceptable_set_mismatch,1
ANN_B2_009,T2,Alandur se Egmore?,route_query,route_query,fare_query|interchange_query|route_query|service_availability,route_query|service_availability,True,False,,"The query presents an origin ('Alandur se' / from Alandur) and a destination ('Egmore') in an elliptical question format. Specifying an origin-destination pair expresses an intent for transit directions or journey planning between two points (route_query). Secondarily, the phrasing can be interpreted as checking whether a direct transit connection operates between these two points (service_availability).",acceptable_set_mismatch|clarification_mismatch,2
ANN_B2_011,T2,Koyambedu se 1015 pe konsi scheduled intercity bus hai,service_timing,service_timing,service_timing,service_availability|service_timing,False,False,,"The commuter is asking for scheduled departures ('scheduled intercity bus') from Koyambedu at a specific timetable departure time ('1015 pe'), which falls under service_timing. Service_availability is included as a secondary acceptable candidate as it asks which operating services exist at that designated time.",acceptable_set_mismatch,1
ANN_B2_012,T2,570 central junction?,route_stops,,route_stops,route_query|route_stops|service_availability,False,True,intent_ambiguity,"The telegraphic query provides only a route number ('570') and a location/stop ('central junction') without any verb or question marker. It is genuinely ambiguous among checking whether the route halts at that stop (route_stops), checking if service operates there (service_availability), and seeking journey planning/directions (route_query).",primary_mismatch|acceptable_set_mismatch|clarification_mismatch,3
ANN_B2_014,T2,route 114,route_stops,,route_stops|service_availability|service_timing,route_query|route_stops,True,True,intent_ambiguity,"The utterance 'route 114' provides only a route identifier without any action verb, origin/destination endpoints, or question framing. It is semantically indeterminate between seeking the route path/journey alignment (route_query) and seeking the intermediate stations or bus stops along the designated route (route_stops). Under the ambiguity guidelines, when no single intent is defensibly primary, primary_label must be set to null with clarification required for intent ambiguity.",primary_mismatch|acceptable_set_mismatch,2
ANN_B2_015,T2,whr shld i xchng btwn chpk and bch,interchange_query,route_query,interchange_query,interchange_query|route_query,False,False,,"The commuter asks where to transfer along a journey between two stations ('chpk'/Chepauk and 'bch'/Beach). Under Boundary Rule 3.2, inquiries regarding journey planning and traveling across town between origin and destination are classified as 'route_query'. However, because the user explicitly asks where to 'xchng' (exchange/transfer), 'interchange_query' represents a valid secondary interpretation.",primary_mismatch|acceptable_set_mismatch,2
ANN_B2_019,T2,बस 29c san thome जाएगी,route_stops,route_stops,route_stops,route_stops|service_availability,False,False,,The user asks whether designated bus route 29C goes to San Thome ('बस 29c san thome जाएगी'). This is primarily a stop membership check along a specified transit route (route_stops). It also carries a plausible secondary reading checking whether transit service operates to that destination (service_availability).,acceptable_set_mismatch,1
ANN_B2_020,T2,central से next train kab hai,service_timing,service_timing,service_availability|service_timing,service_timing,True,True,missing_slot,"The commuter is asking for the departure schedule of the next train from Central ('next train kab hai'), which falls under service_timing. Because the destination station or direction is not specified, this query has an execution gap requiring slot clarification (missing_slot).",acceptable_set_mismatch,1
ANN_B2_021,T2,Velachery bus schedule or route?,service_timing,,route_query|route_stops|service_timing,route_query|service_timing,True,True,intent_ambiguity,"The query explicitly poses a disjunctive choice between timetable schedule information ('schedule' -> service_timing) and journey directions ('route' -> route_query). Because neither intent is prioritized or defensible as the primary label, the query presents genuine semantic ambiguity.",primary_mismatch|acceptable_set_mismatch,2
ANN_B2_022,T2,कहाँ से बीच जाऊं?,route_query,route_query,route_query|service_availability,route_query,True,True,missing_slot,"The commuter is asking how to travel to Beach ('बीच जाऊं'), which expresses a journey planning inquiry (route_query). Because the origin point is unspecified ('कहाँ से'), the query exhibits execution incompleteness (missing_slot) rather than semantic intent ambiguity.",acceptable_set_mismatch,1
ANN_B2_023,T2,can i use chennai metro smart card for discount on airport to central journey,ticketing_rules,ticketing_rules,ticketing_rules,fare_query|ticketing_rules,False,False,,"The user is inquiring whether a metro smart card is eligible for a discount/concession on a specific journey. Smart card usage terms, concessions, and fare discount policies fall primarily under ticketing_rules, with fare_query as a plausible secondary interpretation relating to discounted trip pricing.",acceptable_set_mismatch,1
ANN_B2_025,T2,CMBT se Ariport?,route_query,route_query,fare_query|route_query|service_availability|service_timing,route_query|service_availability,True,False,,"The commuter query specifies an origin ('CMBT se' / from CMBT) and destination ('Ariport' / Airport) in Hindi/Hinglish, expressing an origin-destination journey planning request (route_query). The elliptical question phrasing without an explicit predicate verb makes service availability a plausible secondary interpretation.",acceptable_set_mismatch|clarification_mismatch,2
ANN_B2_027,T2,Egmore से next train kab h,service_timing,service_timing,service_availability|service_timing,service_timing,True,True,missing_slot,"The commuter asks for the departure time of the upcoming train from Egmore ('next train kab h'), which is a schedule inquiry classified under service_timing. Per boundary rule 3.4, temporal expressions without explicit dynamic tracking or delay cues represent static schedule timing rather than real-time tracking. Clarification is required due to execution incompleteness as the destination/direction slot is missing.",acceptable_set_mismatch,1
ANN_B2_028,T2,बस A1 war memorial जाएगी?,route_stops,route_stops,route_stops,route_stops|service_availability,False,False,,The user asks whether a designated bus route ('A1') goes to/halts at a specific stop ('War Memorial'). This constitutes a route stop membership inquiry ('route_stops'). A secondary interpretation is checking operational service availability to that destination ('service_availability').,acceptable_set_mismatch,1
ANN_B2_029,T2,Thiruvanmiyur to anywhere metro?,route_query,service_availability,route_query|route_stops|service_availability,route_query|service_availability,True,False,,The commuter is asking whether metro service operates or exists from Thiruvanmiyur to any destination ('to anywhere metro?'). This is primarily an operational existence/availability check for a transit mode (service_availability). It can secondarily be interpreted as an underspecified journey planning inquiry (route_query).,primary_mismatch|acceptable_set_mismatch|clarification_mismatch,3
ANN_B2_030,T2,क्रोमपेट से मेट्रो,route_query,,route_query|service_availability|service_timing,nearest_transport|route_query|service_availability,True,True,intent_ambiguity,"The utterance 'क्रोमपेट से मेट्रो' (Metro from Chromepet) is an underspecified fragment lacking any verb, interrogative particle, or predicate. It is semantically indeterminate between seeking transit directions from Chromepet to/via metro (route_query), locating the closest metro station from Chromepet (nearest_transport), and checking if metro service operates from Chromepet (service_availability). Because no single primary intent is semantically expressed, clarification is required due to intent ambiguity.",primary_mismatch|acceptable_set_mismatch,2
ANN_B2_032,T2,High Court bus schedule or route?,service_timing,,route_query|route_stops|service_timing,route_query|service_timing,True,True,intent_ambiguity,"The disjunctive query ('schedule or route?') presents genuine semantic ambiguity between an inquiry about timetable departure schedules (service_timing) and an inquiry about transit directions or journey routing (route_query). Because neither interpretation is definitively primary without user clarification, primary_label is set to null.",primary_mismatch|acceptable_set_mismatch,2
ANN_B2_034,T2,114 to nn ngr,route_stops,,route_stops,route_query|route_stops|service_availability|service_timing,False,True,intent_ambiguity,"The utterance '114 to nn ngr' is an underspecified telegraphic query providing only a route identifier ('114') and an abbreviated destination ('nn ngr' for Anna Nagar) without any predicate or interrogative marker. Semantically, it is indeterminate between inquiring whether route 114 stops at Anna Nagar (route_stops), requesting journey directions to Anna Nagar via route 114 (route_query), asking for departure timing/frequency (service_timing), or checking service operation (service_availability). Under Section 4.1 and 4.2 of the guidelines, genuine semantic ambiguity without an unambiguous primary intent requires primary_label to be null with clarification_required set to true.",primary_mismatch|acceptable_set_mismatch|clarification_mismatch,3
ANN_B2_035,T2,कहाँ से कोयम्बेडु जाऊं?,route_query,route_query,route_query|service_availability,route_query,True,True,missing_slot,"The user is inquiring about how/from where to travel to Koyambedu ('कहाँ से कोयम्बेडु जाऊं?'), expressing a journey planning intent (route_query). The destination is specified as Koyambedu, but the departure origin is missing, requiring clarification of the starting location.",acceptable_set_mismatch,1
ANN_B2_036,T2,Phoenix Marketcity metro se kaise pahuchein?,route_query,route_query,route_query,route_query,False,True,missing_slot,"The user is asking how to reach Phoenix Marketcity using the metro ('metro se kaise pahuchein?'), expressing a clear transit direction/journey planning intent (route_query). The intent is semantically unambiguous, but execution requires clarification because the origin location is missing.",clarification_mismatch,1
ANN_B2_037,T2,54 to kumananchavadi,route_stops,,route_stops,route_query|route_stops|service_availability,False,True,intent_ambiguity,"The utterance '54 to kumananchavadi' specifies bus route 54 and stop/locality Kumananchavadi without an operative verb or question frame. It is semantically indeterminate between a stop membership inquiry checking if bus 54 halts at Kumananchavadi (route_stops), a journey planning request to reach Kumananchavadi via route 54 (route_query), and an operational check on whether bus 54 operates to that location (service_availability).",primary_mismatch|acceptable_set_mismatch|clarification_mismatch,3
ANN_B2_039,T2,570 airport jnuction?,route_stops,route_stops,route_stops,route_query|route_stops|service_availability,False,False,,"The utterance specifies a designated bus route ('570') and an intermediate stop ('airport jnuction') with an interrogative tone, expressing a stop membership check (whether route 570 halts at Airport Junction), which aligns with 'route_stops'. 'service_availability' and 'route_query' are acceptable secondary interpretations reflecting operational service checks or journey planning to that stop.",acceptable_set_mismatch,1
ANN_B2_040,T2,कहाँ से ब्रॉडवे जाऊं?,route_query,route_query,route_query|service_availability,route_query,True,True,missing_slot,"The commuter is seeking transit/journey directions to reach Broadway ('जाऊं'), which constitutes a route inquiry ('route_query'). However, the origin location is unspecified ('कहाँ से' queries or lacks the starting point), representing an execution gap ('missing_slot') rather than an ambiguous intent.",acceptable_set_mismatch,1
ANN_B2_041,T2,How do I travel to Vandalur Zoo using public transport?,route_query,route_query,route_query,route_query,False,True,missing_slot,"The commuter is explicitly asking for transit directions and journey planning to reach a destination ('Vandalur Zoo') using public transport, which clearly maps to route_query. Because the origin location is omitted, the query exhibits execution incompleteness requiring slot elicitation (missing_slot).",clarification_mismatch,1
ANN_B2_042,T2,आवादी से मेट्रो?,route_query,,route_query|service_availability|service_timing,nearest_transport|route_query|service_availability,True,True,intent_ambiguity,"The utterance 'आवादी से मेट्रो?' ('Metro from Avadi?') is highly underspecified and lacks a verb or predicate. It can be equally interpreted as checking whether metro service exists from Avadi (service_availability), asking for route/travel guidance from Avadi via metro (route_query), or inquiring about the nearest metro station relative to Avadi (nearest_transport). In accordance with the ambiguity guidelines for verbless underspecified queries, no single primary label is defensible, requiring primary_label to be null with clarification_required set to true.",primary_mismatch|acceptable_set_mismatch,2
ANN_B2_043,T2,बस 19b adyr जएग,route_stops,route_stops,route_stops,route_stops|service_availability,False,False,,"The commuter asks in Hindi ('बस 19b adyr जएग' / 'Bus 19B Adyar jayegi?') whether designated bus route 19B goes to/serves Adyar. This is a stop membership check along a specified transit route, mapping primarily to route_stops. It secondarily admits an interpretation of verifying route service availability to that destination.",acceptable_set_mismatch,1
ANN_B2_044,T2,tmbrm to anywhr mtro,route_query,route_query,route_query|route_stops|service_availability,route_query,True,True,missing_slot,"The utterance follows the directional journey pattern '[origin] to [destination] [mode]' from Tambaram via metro, expressing a clear route_query intent. However, the destination is underspecified ('anywhr'), representing an execution incompleteness gap (missing_slot) that requires clarification before journey planning.",acceptable_set_mismatch,1
ANN_B2_045,T2,54 to giundy,route_stops,,route_stops,route_query|route_stops|service_availability,False,True,intent_ambiguity,"The query '54 to giundy' is a telegraphic fragment combining a bus route number (54) and a destination (Guindy) without any verb or question structure. It is semantically indeterminate between a stop membership inquiry ('Does bus 54 stop at Guindy?' -> route_stops), journey planning/directions ('How do I travel to Guindy via route 54?' -> route_query), and an operational check ('Is bus 54 operating to Guindy?' -> service_availability). Under Section 4.1 and 4.2 of the guidelines, genuine semantic ambiguity without a single defensible primary interpretation requires setting primary_label to null and flagging intent_ambiguity.",primary_mismatch|acceptable_set_mismatch|clarification_mismatch,3
ANN_B2_047,T2,एग्मोर से मटे्रो?,route_query,,route_query|service_availability|service_timing,route_query|service_availability,True,True,intent_ambiguity,"The utterance 'एग्मोर से मटे्रो?' ('Metro from Egmore?') is highly underspecified, containing only an origin location and transit mode without a verb or question particle. It is semantically indeterminate between a binary check on whether metro service operates from Egmore (service_availability) and a request for journey planning/directions starting from Egmore via metro (route_query). Under Section 4.1 and 4.2 of the guidelines, this represents genuine intent ambiguity requiring clarification, with primary_label set to null.",primary_mismatch|acceptable_set_mismatch,2
ANN_B2_051,T2,Shenoy Nagar bus schedule or rout,service_timing,,route_query|route_stops|service_timing,route_query|service_timing,True,True,intent_ambiguity|multiple_goals|missing_slot,"The query coordinates two distinct transit operations ('schedule' -> service_timing and 'rout' -> route_query) using disjunctive phrasing ('or'), creating intent ambiguity and multiple potential goals without a single defensible primary label. Essential operational parameters (destination or bus route number) are also missing.",primary_mismatch|acceptable_set_mismatch,2
ANN_B2_053,T2,brdwy to anywhr mtro,route_query,route_query,route_query|route_stops|service_availability,route_query,True,True,missing_slot,"The utterance expresses a journey planning inquiry from Broadway using the metro mode, but lacks a specific destination ('anywhr'), representing an execution gap (missing destination slot) rather than intent ambiguity.",acceptable_set_mismatch,1
ANN_B2_054,T2,chck hdwy and freq of dprtrs at cntrl,service_timing,service_timing,service_timing,service_timing,False,True,missing_slot,"The query asks for headway ('hdwy') and departure frequency ('freq of dprtrs') at Central station ('cntrl'), which directly concerns service frequency and timetable schedules (service_timing). As the specific route, line, or transit mode from Central is omitted, clarification is required due to missing slots.",clarification_mismatch,1
ANN_B2_056,T2,वलचर स मट्रो,route_query,,route_query|service_availability|service_timing,nearest_transport|route_query|service_availability,True,True,intent_ambiguity,"The telegraphic query 'वलचर स मट्रो' (Velachery se metro) specifies an origin and mode/destination without any verb or interrogative marker. This creates genuine semantic ambiguity between journey planning (route_query), checking whether metro service operates from Velachery (service_availability), or locating the nearest metro station (nearest_transport).",primary_mismatch|acceptable_set_mismatch,2
ANN_B2_059,T2,बस 570 vadapalani जाएगी?,route_stops,route_stops,route_stops,route_stops|service_availability,False,False,,"The commuter query asks whether bus route 570 goes to Vadapalani ('बस 570 vadapalani जाएगी?'). Under the T2 taxonomy, checking if a designated route serves a particular stop is primarily classified as a stop membership check under 'route_stops'. Secondarily, the phrasing can be interpreted as a binary operational inquiry into whether transit service operates to that destination ('service_availability').",acceptable_set_mismatch,1
ANN_B2_060,T2,guindy 8:30 sm,service_timing,,service_timing,route_query|service_availability|service_timing,False,True,intent_ambiguity,"The utterance 'guindy 8:30 sm' is an underspecified keyword fragment comprising a location ('guindy'), a timestamp ('8:30'), and an abbreviated/ambiguous token ('sm', potentially denoting 'am' or 'suburban'). Lacking any grammatical predicate, verb, or question framing, the query is semantically indeterminate between seeking departure timetable information (service_timing), checking whether a service operates at that time (service_availability), or requesting journey directions from Guindy (route_query). Per Section 4.2 of the guidelines, this exhibits genuine intent_ambiguity with no single defensible primary label.",primary_mismatch|acceptable_set_mismatch|clarification_mismatch,3
ANN_B2_061,T2,rt 5b,route_stops,,route_stops|service_availability|service_timing,route_query|route_stops|service_availability|service_timing,True,True,intent_ambiguity,"The utterance 'rt 5b' provides only an abbreviated route identifier ('route 5B') without an operational verb or predicate. It is genuinely ambiguous among requesting intermediate stops along the route (route_stops), the route path/journey (route_query), timetable/frequency information (service_timing), or whether the route is currently operating (service_availability).",primary_mismatch|acceptable_set_mismatch,2
ANN_B2_063,T2,Central se Airport metro?,route_query,,fare_query|route_query|service_availability|service_timing,route_query|service_availability,True,True,intent_ambiguity,"The utterance 'Central se Airport metro?' specifies an origin ('Central'), destination ('Airport'), and transit mode ('metro'), but lacks an interrogative predicate or verb. It is genuinely ambiguous between an inquiry checking whether metro service operates between these locations ('service_availability') and a request for journey planning/transit directions ('route_query'). Because neither interpretation is semantically dominant, primary_label is null with clarification required.",primary_mismatch|acceptable_set_mismatch,2
ANN_B2_064,T2,Is Alandur station open right nwo?,service_availability,realtime_status_query,service_availability|service_timing,realtime_status_query|service_availability,True,False,,"The query explicitly seeks current-state dynamic operational status ('right now') regarding whether Alandur station is currently open, which aligns primarily with realtime_status_query, with service_availability as a plausible secondary interpretation regarding whether the station is operational.",primary_mismatch|acceptable_set_mismatch|clarification_mismatch,3
ANN_B2_066,T2,is thr a drct bus or trn from prmbr to gndy,service_availability,service_availability,service_availability,route_query|service_availability,False,False,,"The query is an existential/binary inquiry checking whether direct bus or train service operates between Perambur (prmbr) and Guindy (gndy). Under Rule 3.1, binary inquiries checking whether service exists or operates between points are classified primarily as service_availability, with route_query accepted as a secondary journey-planning interpretation.",acceptable_set_mismatch,1
ANN_B2_071,T2,Is there a direct bus or train from Mylapore to Velachery?,service_availability,service_availability,service_availability,route_query|service_availability,False,False,,"The user presents a binary existential inquiry asking whether direct transit service (bus or train) exists between Mylapore and Velachery. Under Rule 3.1, binary checks of service existence on a corridor are primarily classified as service_availability, with route_query as an acceptable secondary interpretation.",acceptable_set_mismatch,1
ANN_B2_078,T2,Suburban live status tracker me abhi kahan pahunchi hai?,realtime_status_query,realtime_status_query,realtime_status_query,realtime_status_query,False,True,missing_slot,"The commuter query explicitly asks for live, real-time vehicle tracking ('abhi kahan pahunchi hai' via 'live status tracker'), which maps unambiguously to realtime_status_query. Because the specific train number, line, or origin-destination slot is not provided, clarification is needed to execute the query.",clarification_mismatch,1
ANN_B2_080,T2,570 gndy jnctn,route_stops,,route_stops,route_query|route_stops|service_timing,False,True,intent_ambiguity,"The utterance '570 gndy jnctn' consists solely of a bus route identifier ('570') and a transit stop/location ('Guindy Junction') with no verbs, prepositions, or syntactic indicators. It is genuinely indeterminate whether the commuter is verifying if the route halts at the stop (route_stops), inquiring about timetable schedules/frequency at the junction (service_timing), or seeking journey planning (route_query). Under Section 4.1 and 4.2 guidelines, genuine intent ambiguity requires setting primary_label to null and requesting clarification.",primary_mismatch|acceptable_set_mismatch|clarification_mismatch,3
ANN_B2_084,T2,Is Egmore station open right nwo?,service_availability,service_availability,service_availability|service_timing,realtime_status_query|service_availability|service_timing,True,False,,"The query is a binary operational inquiry asking whether Egmore station is currently open and operational for transit service, which maps primarily to service_availability. It also admits secondary interpretations as realtime_status_query (inquiring about current live/dynamic operational status) or service_timing (checking whether the current time falls within scheduled station operating hours).",acceptable_set_mismatch|clarification_mismatch,2
ANN_B2_086,T2,tambaram local 20:00,service_timing,,service_timing,route_query|service_availability|service_timing,False,True,intent_ambiguity,"The keyword-only query specifies a transit mode/destination ('tambaram local') and a time ('20:00') without an explicit verb or question frame. As detailed in Section 4.2 of the guidelines, such underspecified utterances are semantically indeterminate between checking timetable schedule information (service_timing), checking whether a service operates at that time (service_availability), and journey planning (route_query), creating genuine intent ambiguity that precludes a single primary label.",primary_mismatch|acceptable_set_mismatch|clarification_mismatch,3
ANN_B2_088,T2,airport 8:30 am,service_timing,,service_timing,route_query|service_availability|service_timing,False,True,intent_ambiguity,"The utterance 'airport 8:30 am' contains only a location entity and a timestamp without any verb, question frame, or syntactic context. Under Section 4.2 of the guidelines, such underspecified queries exhibit genuine semantic ambiguity between timetable lookup (service_timing), route/journey planning (route_query), and checking whether transit operates at that time (service_availability), meaning no single primary label is defensible.",primary_mismatch|acceptable_set_mismatch|clarification_mismatch,3
ANN_B2_090,T2,Koyambedu से next train kab hai?,service_timing,service_timing,service_availability|service_timing,service_timing,True,True,missing_slot,"The commuter is asking for schedule/departure timing ('next train kab hai') from Koyambedu, which falls under service_timing. Temporal expressions alone do not imply realtime_status_query under Section 3.4. However, the destination or travel direction from Koyambedu is omitted, constituting a missing_slot.",acceptable_set_mismatch,1
ANN_B2_091,T2,क्या सीएमबीटी से एयरपोर्ट यात्रा पर स्मार्ट कार्ड से डिस्काउंट मिलता है?,ticketing_rules,ticketing_rules,ticketing_rules,fare_query|ticketing_rules,False,False,,"The query asks whether a smart card discount applies to travel between CMBT and Airport, which concerns fare policies and concession rules (ticketing_rules), with fare_query as a plausible secondary interpretation due to its relevance to trip fare calculation.",acceptable_set_mismatch,1
ANN_B2_095,T2,egmore bus schedule or route,service_timing,,route_query|route_stops|service_timing,route_query|service_timing,True,True,intent_ambiguity|multiple_goals,"The commuter query explicitly combines two separate functional requests via a disjunction ('schedule or route'): timetable information ('service_timing') and journey/route planning ('route_query'). Since neither interpretation takes precedence, no single primary label is defensible.",primary_mismatch|acceptable_set_mismatch,2
ANN_B2_097,T2,guindy midnight train,service_timing,,service_timing,route_query|service_availability|service_timing,False,True,intent_ambiguity,"The keyword utterance 'guindy midnight train' specifies a station, time window, and transit mode without an operative verb or relational syntax. As explicitly illustrated in Section 4.2 of the annotation guide, such underspecified time-and-transit expressions exhibit genuine intent ambiguity among checking timetable/schedule information (service_timing), checking whether services operate at that hour (service_availability), or seeking journey/route guidance (route_query).",primary_mismatch|acceptable_set_mismatch|clarification_mismatch,3
ANN_B2_098,T2,Koyambedu to anywhere metro?,route_query,,route_query|route_stops|service_availability,route_query|service_availability,True,True,intent_ambiguity|missing_slot,"The utterance 'Koyambedu to anywhere metro?' lacks an explicit verb or intent indicator, creating genuine semantic ambiguity. It can be interpreted as an existential inquiry checking whether metro service operates from Koyambedu to anywhere ('service_availability'), or as a journey planning request from Koyambedu with an open-ended/unspecified destination ('route_query' with 'missing_slot'). Because neither interpretation strictly dominates, no single primary label is defensible.",primary_mismatch|acceptable_set_mismatch,2
ANN_B2_099,T2,Koyambedu se Alandur badalna kahan padega?,interchange_query,route_query,interchange_query,interchange_query|route_query,False,False,,"The utterance inquires where a commuter must change/transfer during a trip between origin 'Koyambedu' and destination 'Alandur'. Under Section 3.2, cross-town travel inquiries between an origin and destination are classified as route_query, while interchange_query is included as an acceptable secondary interpretation due to the explicit focus on interchange/transfer requirements.",primary_mismatch|acceptable_set_mismatch,2
ANN_B2_100,T2,बस 114 anna nagar जाएगी?,route_stops,route_stops,route_stops,route_stops|service_availability,False,False,,"The query asks whether designated bus route 114 goes to Anna Nagar, functioning primarily as a stop membership check along a specified route (route_stops), with a plausible secondary interpretation of verifying service availability to that destination (service_availability).",acceptable_set_mismatch,1
ANN_B2_101,T2,102 to sholinganallur ,route_stops,,route_stops,route_query|route_stops|service_availability|service_timing,False,True,intent_ambiguity,"The utterance consists solely of a route identifier ('102') and a destination ('to sholinganallur') with no verb or grammatical intent marker. It is genuinely ambiguous among checking whether route 102 stops at Sholinganallur (route_stops), seeking journey planning/directions (route_query), asking for schedule/departure times (service_timing), or checking operational availability (service_availability).",primary_mismatch|acceptable_set_mismatch|clarification_mismatch,3
ANN_B2_102,T2,बस 19B t nagar जएागी?,route_stops,route_stops,route_stops,route_stops|service_availability,False,False,,"The query asks whether designated bus route 19B serves or halts at T Nagar ('बस 19B t nagar जाएगी?'), which represents a stop membership check along a specified route (route_stops). A secondary interpretation may consider whether service operations run to that location (service_availability).",acceptable_set_mismatch,1
ANN_B2_103,T2,Anna Nagar se Central?,route_query,route_query,fare_query|interchange_query|route_query|service_availability,route_query|service_availability,True,False,,"The commuter specifies an origin ('Anna Nagar se' meaning 'from Anna Nagar') and destination ('Central') in an elliptical interrogative form, which conventionally expresses a journey planning request between two transit points (route_query). A secondary interpretation of checking transit availability between the two points is also plausible.",acceptable_set_mismatch|clarification_mismatch,2
ANN_B2_107,T2,54 to broadwa,route_stops,,route_stops,route_query|route_stops|service_availability|service_timing,False,True,intent_ambiguity,"The query '54 to broadwa' is a telegraphic phrase specifying a bus service number and destination without any communicative verb or question particle. It exhibits genuine intent ambiguity, as it could plausibly be requesting journey directions (route_query), intermediate stops (route_stops), departure schedule (service_timing), or operational confirmation (service_availability).",primary_mismatch|acceptable_set_mismatch|clarification_mismatch,3
ANN_B2_112,T2,is thiruvanmiyur station open right now,service_availability,service_availability,service_availability|service_timing,realtime_status_query|service_availability|service_timing,True,False,,"The user is making a binary operational inquiry regarding whether Thiruvanmiyur station is currently open and operating, which corresponds directly to service_availability. It can secondarily relate to timetable operating hours (service_timing) or live operational status (realtime_status_query).",acceptable_set_mismatch|clarification_mismatch,2
ANN_B2_113,T2,Route 70V?,route_stops,,route_stops|service_availability|service_timing,route_query|route_stops|service_availability|service_timing,True,True,intent_ambiguity,"The utterance consists solely of a route number ('Route 70V?') without an action verb or question frame. It is semantically indeterminate among asking for intermediate stops/path (route_stops/route_query), operational availability (service_availability), or schedule/timings (service_timing).",primary_mismatch|acceptable_set_mismatch,2
ANN_B2_114,T2,Route D70?,route_stops,,route_stops|service_availability|service_timing,route_query|route_stops|service_availability|service_timing,True,True,intent_ambiguity,"The utterance 'Route D70?' contains only a bus route identifier and a question mark with no action, predicate, or question word. It is semantically indeterminate among asking for intermediate stops or itinerary (route_stops/route_query), checking whether the service is currently operating (service_availability), or asking for scheduled departure times (service_timing).",primary_mismatch|acceptable_set_mismatch,2
ANN_B2_115,T2,बस 21g broadway जाएगी,route_stops,route_stops,route_stops,route_stops|service_availability,False,False,,"The commuter query asks whether bus route 21G serves Broadway ('बस 21g broadway जाएगी'), which functions primarily as a stop membership inquiry along a designated route (route_stops). Secondarily, it can be interpreted as a binary check on whether 21G service operates to that terminus/corridor (service_availability).",acceptable_set_mismatch,1
ANN_B2_118,T2,कयमबड स सुबह 830 बज कौन स bus तय है,service_timing,service_timing,service_timing,route_query|service_timing,False,True,missing_slot,"The commuter is asking which bus is scheduled to depart from Koyambedu at 8:30 AM ('subah 8:30 baje kaun si bus tay hai'), which directly requests scheduled departure timetable information (service_timing). However, because no destination is provided to pinpoint the specific bus service or route for journey planning, the query lacks a destination slot (missing_slot), making route_query a plausible secondary interpretation.",acceptable_set_mismatch|clarification_mismatch,2
ANN_B2_120,T2,Where should I interchange betwin Broadway and Poonamallee,interchange_query,route_query,interchange_query,interchange_query|route_query,False,False,,"The commuter is inquiring about journey planning between an origin (Broadway) and destination (Poonamallee) across town to determine the transfer point, which constitutes a route_query under Rule 3.2. Because the user explicitly asks where to execute an interchange, interchange_query is included as an acceptable secondary label.",primary_mismatch|acceptable_set_mismatch,2
ANN_B2_127,T2,Green line metro halts from anna nagar to St Thomas Mount?,route_stops,route_stops,route_stops,route_query|route_stops,False,False,,"The user explicitly inquires about the 'halts' (intermediate station stops) along the Green Line metro between Anna Nagar and St Thomas Mount, making route_stops the primary intent. Because it specifies an origin and destination corridor, route_query is also a valid secondary interpretation.",acceptable_set_mismatch,1
ANN_B2_130,T2,Is Tambaram station open right now?,service_availability,service_availability,service_availability|service_timing,realtime_status_query|service_availability|station_facilities,True,False,,"The utterance is a binary operational inquiry asking whether Tambaram station is currently open and operating for transit service, which directly aligns with service_availability. The phrase 'right now' admits secondary interpretations regarding live disruption/current-state status (realtime_status_query) or physical station infrastructure accessibility (station_facilities).",acceptable_set_mismatch|clarification_mismatch,2
ANN_B2_134,T2,bl ln liv stts trckr me bh khn phnch h,realtime_status_query,realtime_status_query,realtime_status_query,realtime_status_query,False,True,missing_slot,"The user is requesting live tracking information ('liv stts trckr me bh khn phnch h' / 'live status tracker mein abhi kahan pahunchi hai') for the Blue Line. While the intent is unambiguously realtime_status_query, the query lacks essential operational slots such as the direction of travel or specific train/trip identifier.",clarification_mismatch,1
ANN_B2_136,T2,Vadapalani se 10:15 pe kaunsi scheduled metro feeder hai?,service_timing,service_timing,service_timing,service_availability|service_timing,False,False,,"The user is inquiring about scheduled departures from Vadapalani at 10:15 for a metro feeder service, which is a timetable schedule inquiry under service_timing.",acceptable_set_mismatch,1
ANN_B2_137,T2,10:00 night scheduled metro departure from tmabaram?,service_timing,service_timing,service_timing,service_availability|service_timing,False,False,,"The commuter is inquiring about scheduled departure timetable information at a specific time (10:00 night) from Tambaram, which directly aligns with service_timing. It carries a secondary possibility of inquiring whether a 10:00 PM departure exists/operates (service_availability).",acceptable_set_mismatch,1
ANN_B2_138,T2,Tambaram से next train kab hai?,service_timing,service_timing,service_availability|service_timing,service_timing,True,True,missing_slot,"The commuter is asking for the departure schedule of the upcoming train from Tambaram ('next train kab hai?'), which falls under timetable schedule queries (service_timing). As the destination station is not specified, clarification is required due to execution incompleteness (missing_slot).",acceptable_set_mismatch,1
ANN_B2_140,T2,kymbd s lndr ka rt kya h,route_query,,route_query,fare_query|route_query,False,True,intent_ambiguity,"The query 'kymbd s lndr ka rt kya h' (Koyambedu se Alandur ka rt kya hai) uses the abbreviation 'rt', which is genuinely ambiguous between 'route' (route_query) and 'rate'/fare (fare_query). Since neither interpretation uniquely dominates, primary_label is null with clarification required for intent ambiguity.",primary_mismatch|acceptable_set_mismatch|clarification_mismatch,3
ANN_B2_146,T2,बस 21G tambaram जाएगी?,route_stops,route_stops,route_stops,route_stops|service_availability,False,False,,"The query asks whether a designated transit service ('बस 21G') serves or halts at a specific location ('Tambaram'), which constitutes a stop membership check under route_stops. An alternative operational interpretation regarding whether the service operates to Tambaram is captured under service_availability.",acceptable_set_mismatch,1
ANN_B2_147,T2,Perungalathur से next train kab hai?,service_timing,service_timing,service_availability|service_timing,service_timing,True,True,missing_slot,"The commuter is asking for the timetable schedule/departure time ('next train kab hai') from Perungalathur, which falls under service_timing. The intent is unambiguous, but the destination station or direction of travel is missing.",acceptable_set_mismatch,1
ANN_B2_148,T2,Anna University metro se kaise pahuchein?,route_query,route_query,route_query,route_query,False,True,missing_slot,"The user is asking how to reach a destination (Anna University) via the metro system ('metro se kaise pahuchein'), which expresses a journey planning/directions intent (route_query). The intent is clear, but the origin location is missing, representing an execution gap (missing_slot) rather than semantic ambiguity.",clarification_mismatch,1
ANN_B2_149,T2,is adyr stn open rght now,service_availability,service_timing,service_availability|service_timing,realtime_status_query|service_availability|service_timing,True,False,,"The commuter asks whether Adyar station is currently open ('is adyr stn open rght now'). Under Boundary Rule 3.4, temporal references alone do not indicate a realtime query in the absence of explicit live tracking, disruption, or crowdedness indicators; station opening and closing times are governed by scheduled operating hours (first/last service hours), mapping primarily to service_timing. Operational availability (service_availability) and live operational status (realtime_status_query) represent plausible secondary interpretations.",primary_mismatch|acceptable_set_mismatch|clarification_mismatch,3
ANN_B2_150,T2,Where should I interchange between Perambur and Guindy?,interchange_query,route_query,interchange_query,interchange_query|route_query,False,False,,"The commuter is seeking transit journey planning between an origin (Perambur) and destination (Guindy). Under Boundary Rule 3.2, cross-town journey inquiries fall under route_query, while interchange_query is an acceptable secondary interpretation because the utterance explicitly asks where to execute an interchange.",primary_mismatch|acceptable_set_mismatch,2
ANN_B2_152,T2,कोयम्बेडु पर bus कितनी कितनी देर में आती ह?ै,service_timing,service_timing,service_timing,service_timing,False,True,missing_slot,"The commuter is asking about bus frequency/headway ('कितनी कितनी देर में आती है') at Koyambedu, which corresponds to service_timing. Because the specific bus route or destination is omitted, clarification is needed due to a missing slot.",clarification_mismatch,1
ANN_B2_154,T2,कहाँ से वेलाचेरी जाऊं?,route_query,route_query,route_query|service_availability,route_query,True,True,missing_slot,"The user is asking how/from where to travel to Velachery ('कहाँ से वेलाचेरी जाऊं?'), which expresses a clear route_query intent. The destination is provided (Velachery), but the origin location is unspecified and directly queried, representing execution incompleteness (missing_slot) that requires clarification to plan the journey.",acceptable_set_mismatch,1
ANN_B2_156,T2,Koyambedu bus schedule or route?,service_timing,,route_query|route_stops|service_timing,route_query|service_timing,True,True,intent_ambiguity,"The commuter query presents a disjunctive question ('schedule or route?') regarding Koyambedu buses, creating genuine semantic ambiguity between timetable lookup (service_timing) and journey directions/routing (route_query) with no context favoring one primary interpretation.",primary_mismatch|acceptable_set_mismatch,2
ANN_B2_159,T2,vadapalani bus schedule or route,service_timing,,route_query|route_stops|service_timing,route_query|service_timing,True,True,intent_ambiguity,"The commuter query presents an explicit disjunction ('schedule or route') for buses at Vadapalani, making it semantically indeterminate between a timetable inquiry (service_timing) and a journey navigation request (route_query). With no single primary intent defensible, primary_label is set to null with clarification required for intent ambiguity.",primary_mismatch|acceptable_set_mismatch,2
ANN_B2_161,T2,Saidapet bus schedule or rout,service_timing,,route_query|route_stops|service_timing,route_query|service_timing,True,True,intent_ambiguity,"The query presents an explicit disjunction ('schedule or rout') between two distinct transit intents: timetable information (service_timing) and journey/route planning (route_query). Because neither intent is uniquely specified or prioritized, there is genuine semantic ambiguity and no single primary label is defensible.",primary_mismatch|acceptable_set_mismatch,2
ANN_B2_166,T2,tambaram local 09:00,service_timing,,service_timing,route_query|service_availability|service_timing,False,True,intent_ambiguity,"The utterance 'tambaram local 09:00' consists purely of keywords specifying a station, transit mode, and timestamp without syntactic or functional indicators. In accordance with Section 4.2 of the guidelines, such underspecified keyword queries are semantically indeterminate between a timetable schedule lookup (service_timing), checking whether a service operates at that time (service_availability), and journey planning (route_query). Genuine intent ambiguity precludes a single defensible primary label.",primary_mismatch|acceptable_set_mismatch|clarification_mismatch,3
ANN_B2_167,T2,Broadway से next train kab hia?,service_timing,service_timing,service_availability|service_timing,service_timing,True,True,missing_slot,"The query asks for the scheduled departure time of the next train from Broadway ('next train kab hia'), which corresponds to service_timing under static timetable inquiries. As the destination or direction is not specified, clarification is required for the missing destination slot.",acceptable_set_mismatch,1
ANN_B2_171,T2,is thr a drct bs or trn frm chpk to bch,service_availability,service_availability,service_availability,route_query|service_availability,False,False,,"The user presents a binary inquiry asking whether direct bus or train service exists/operates between Chepauk (chpk) and Beach (bch), which directly falls under service_availability per Rule 3.1. route_query is retained as an acceptable secondary candidate.",acceptable_set_mismatch,1
ANN_B2_175,T2,Beach bus schedule or ruote?,service_timing,,route_query|route_stops|service_timing,route_query|service_timing,True,True,intent_ambiguity,"The utterance explicitly presents an alternation between a timetable inquiry ('schedule' -> service_timing) and a routing inquiry ('ruote' -> route_query), resulting in genuine intent ambiguity where neither intent can be definitively prioritized as primary.",primary_mismatch|acceptable_set_mismatch,2
ANN_B2_176,T2,570 to siruseri,route_stops,,route_stops,route_query|route_stops|service_availability|service_timing,False,True,intent_ambiguity,"The utterance '570 to siruseri' provides a route number and destination without a predicate or question framing. It is semantically indeterminate among stop membership verification (route_stops), journey planning (route_query), schedule/timing inquiry (service_timing), or service existence (service_availability). Because no single intent is defensibly primary, primary_label is set to null.",primary_mismatch|acceptable_set_mismatch|clarification_mismatch,3
ANN_B2_178,T2,चन्नई बच स मट्रो,route_query,,route_query|service_availability|service_timing,nearest_transport|route_query|service_availability,True,True,intent_ambiguity,"The utterance 'चन्नई बच स मट्रो' ('Chennai Beach se metro') is a verbless fragment consisting only of an origin/location ('Chennai Beach') and transit mode/facility ('metro'). Lacking any predicate or interrogative particle, it is genuinely ambiguous between journey planning directions ('route_query'), checking whether metro service operates from Chennai Beach ('service_availability'), and locating the nearest metro station from Chennai Beach ('nearest_transport'). Following Sections 4.1 and 4.2, genuine intent ambiguity where no single interpretation is uniquely defensible requires primary_label to be null and clarification_required to be true.",primary_mismatch|acceptable_set_mismatch,2
ANN_B2_184,T2,102 to broadway ,route_stops,,route_stops,route_query|route_stops|service_availability|service_timing,False,True,intent_ambiguity,"The utterance '102 to broadway' specifies a bus route number and destination direction without an operational verb or predicate. Under Gate B.3 section 4.2 guidelines, such telegraphic queries exhibit genuine intent ambiguity among journey planning (route_query), scheduled departure timings (service_timing), intermediate stop listings (route_stops), and operational checks (service_availability), leaving no single defensible primary label.",primary_mismatch|acceptable_set_mismatch|clarification_mismatch,3
ANN_B2_185,T2,can i use chennai metro smart card for discount on washermenpet to airport journey,ticketing_rules,ticketing_rules,ticketing_rules,fare_query|ticketing_rules,False,False,,"The query asks whether a metro smart card confers a discount on a journey, which pertains to smart card usage terms and concession/fare policies under ticketing_rules. Because it pertains to discount applicability for a specific trip, fare_query is an acceptable secondary interpretation.",acceptable_set_mismatch,1
ANN_B2_186,T2,rout 19B,route_stops,route_stops,route_stops|service_availability|service_timing,route_stops,True,False,,"The query 'rout 19B' specifies a designated transit line ('19B') and requests its route or stop alignment ('rout'). Under the T2 taxonomy, inquiries concerning the stops, stations, or path along a designated transit route classify as route_stops.",acceptable_set_mismatch|clarification_mismatch,2
ANN_B2_190,T2,route green line par live tracking gps status kahan show ho raha hai,realtime_status_query,realtime_status_query,realtime_status_query,out_of_scope|realtime_status_query,False,False,,"The utterance specifically asks for the 'live tracking gps status' on the Green Line route ('kahan show ho raha hai'), which primarily expresses an inquiry seeking live vehicle tracking/location information (realtime_status_query). A secondary plausible interpretation of 'kahan show ho raha hai' is an inquiry about where the tracking feature is located within an application or digital display interface (out_of_scope).",acceptable_set_mismatch,1
ANN_B2_191,T2,10:00 night scheduled metro departure from central?,service_timing,service_timing,service_timing,service_timing,False,True,missing_slot,"The commuter is inquiring about scheduled timetable departure information at 10:00 PM from Central metro station, which maps unambiguously to service_timing under Section 2 and 3.4. However, the destination station or direction of travel is unspecified, constituting execution incompleteness (missing_slot).",clarification_mismatch,1
ANN_B2_194,T2,Egmore se suburban train din me kitni frequent hai?,service_timing,service_timing,service_timing,service_timing,False,True,missing_slot,"The commuter is asking about the scheduled service frequency ('kitni frequent hai') of suburban trains departing from Egmore during the day, which directly maps to service_timing. As the destination station or direction is omitted, clarification is required due to a missing slot.",clarification_mismatch,1
ANN_B2_196,T2,tmbrm lcl 1845,service_timing,,service_timing,route_query|service_availability|service_timing,False,True,intent_ambiguity,"The telegraphic query 'tmbrm lcl 1845' provides only a location (Tambaram), transit mode (local train), and time (18:45) with no grammatical cues or verbs. Per Section 4.2 of the guidelines, this creates genuine semantic ambiguity between querying timetable schedule/departure times (service_timing), checking whether a service operates at that time (service_availability), or requesting travel directions/route planning (route_query).",primary_mismatch|acceptable_set_mismatch|clarification_mismatch,3
ANN_B2_198,T2,बस 29C perambur जाएगि,route_stops,route_stops,route_stops,route_stops|service_availability,False,False,,"The commuter asks whether a designated bus route (29C) goes to or serves Perambur, which constitutes a stop membership check along a specified transit route (route_stops), with service_availability as a plausible secondary interpretation.",acceptable_set_mismatch,1
ANN_B2_199,T2,102 to siruseri,route_stops,,route_stops,route_query|route_stops|service_availability|service_timing,False,True,intent_ambiguity,"The utterance '102 to siruseri' is an underspecified query containing only a route identifier ('102') and a destination ('to siruseri') without any verb, question particle, or communicative frame. Under Section 4.2 guidelines, this represents genuine semantic ambiguity among checking route stop membership (route_stops), inquiring about departure timetables (service_timing), asking for journey directions (route_query), or checking operational status (service_availability).",primary_mismatch|acceptable_set_mismatch|clarification_mismatch,3
ANN_B2_200,T2,570 to kyoambedu,route_stops,,route_stops,route_query|route_stops|service_availability|service_timing,False,True,intent_ambiguity,"The telegraphic query '570 to kyoambedu' provides a bus route identifier (570) and a destination (Koyambedu) without any functional verb, interrogative particle, or operational context. It exhibits genuine intent ambiguity among checking stop membership/whether 570 halts at Koyambedu (route_stops), checking service operation (service_availability), inquiring about departure schedules/timings (service_timing), or seeking navigation directions (route_query).",primary_mismatch|acceptable_set_mismatch|clarification_mismatch,3
ANN_B2_201,T2,Kilpauk bus schedule or rout,service_timing,,route_query|route_stops|service_timing,route_query|service_timing,True,True,multiple_goals|intent_ambiguity,"The commuter utterance explicitly requests two distinct transit operations ('schedule' corresponding to service_timing and 'rout' corresponding to route_query) joined by the disjunction 'or'. Under Section 4.3 of the annotation guidelines, queries explicitly seeking multiple distinct services are classified as multiple_goals; since neither intent takes precedence, no single primary label is defensible.",primary_mismatch|acceptable_set_mismatch,2
ANN_B2_202,T2,क्या गिंडी से आलंदूर यात्रा पर स्मार्ट कार्ड से डिस्काउंट मिलता है?,ticketing_rules,ticketing_rules,ticketing_rules,fare_query|ticketing_rules,False,False,,"The user is asking whether a smartcard discount or concession policy applies to travel between Guindy and Alandur. Under T2 guidelines, inquiries regarding fare policies, concessions, and smartcard terms are classified under ticketing_rules. Because it concerns trip pricing on a specific corridor, fare_query is included as an acceptable secondary label.",acceptable_set_mismatch,1
ANN_B2_206,T2,Central to anywhere metro?,route_query,,route_query|route_stops|service_availability,route_query|service_availability,True,True,intent_ambiguity,"The elliptical query 'Central to anywhere metro?' exhibits genuine semantic ambiguity between service_availability (a binary inquiry checking whether metro service operates from Central station to anywhere) and route_query (an open-ended journey planning inquiry seeking metro route options from Central with an unspecified destination). Because neither interpretation is uniquely defensible without unexpressed assumptions, primary_label is null and clarification is required.",primary_mismatch|acceptable_set_mismatch,2
ANN_B2_210,T2,green line metro halts from tambaram to st thomas mount,route_stops,route_stops,route_stops,route_query|route_stops,False,False,,"The commuter specifically asks for the 'halts' (stations/stops) along a metro line between two locations, directly aligning with route_stops (stop listings). Route_query is included as an acceptable secondary interpretation representing general journey planning.",acceptable_set_mismatch,1
ANN_B2_211,T2,Route 29C?,route_stops,,route_stops|service_availability|service_timing,route_query|route_stops|service_availability|service_timing,True,True,intent_ambiguity,"The utterance consists solely of a route identifier ('Route 29C?') without a verb or communicative predicate. It is genuinely indeterminate among inquiring about route stops/path (route_stops, route_query), timetable/schedule (service_timing), or operational status (service_availability).",primary_mismatch|acceptable_set_mismatch,2
ANN_B2_213,T2,Adyar से next train kab hai?,service_timing,service_timing,service_availability|service_timing,service_timing,True,True,missing_slot,"The query asks for the departure schedule ('next train kab hai') from Adyar, which constitutes a service_timing inquiry under static timetable information. Since the destination/direction of travel is omitted, clarification is needed due to a missing slot.",acceptable_set_mismatch,1
ANN_B2_215,T2,Guindy to anywhere mtero?,route_query,route_query,route_query|route_stops|service_availability,route_query|service_availability,True,True,missing_slot|intent_ambiguity,"The commuter query adopts an origin-to-destination routing format ('Guindy to anywhere mtero?') asking for metro transit directions ('route_query'), but lacks a specific destination slot ('anywhere'), requiring clarification ('missing_slot'). It can secondarily be interpreted as asking whether metro service operates from Guindy at all ('service_availability').",acceptable_set_mismatch,1
ANN_B2_219,T2,बस 29C mylapore जएागी?,route_stops,route_stops,route_stops,route_stops|service_availability,False,False,,"The commuter query asks whether bus route 29C goes to/halts at Mylapore ('बस 29C mylapore जएागी?'), which is a stop membership inquiry along a designated transit route (route_stops). A secondary interpretation checks whether service on this corridor is operating (service_availability).",acceptable_set_mismatch,1
ANN_B2_223,T2,अन्ना नगर टावर से मेट्रो?,route_query,,route_query|service_availability|service_timing,nearest_transport|route_query|service_availability,True,True,intent_ambiguity,"The utterance 'अन्ना नगर टावर से मेट्रो?' is an underspecified keyword query lacking a verb or question particle. It is semantically indeterminate between inquiring whether metro service exists/operates from Anna Nagar Tower (service_availability), initiating a journey/route from Anna Nagar Tower (route_query), and finding the location of the nearest metro station relative to the landmark (nearest_transport). Under Section 4.2, this constitutes genuine intent ambiguity where no single primary label is defensible.",primary_mismatch|acceptable_set_mismatch,2
ANN_B2_224,T2,कहाँ से अडयार जाऊं?,route_query,route_query,route_query|service_availability,route_query,True,True,missing_slot,"The commuter is asking for travel directions to reach Adyar ('अडयार जाऊं'), which is a journey planning inquiry ('route_query'). The starting point/origin is unspecified ('कहाँ से'), representing an execution incompleteness ('missing_slot') rather than an ambiguous intent.",acceptable_set_mismatch,1
ANN_B2_226,T2,whr do i nd to chng lns whn trvlng frm hgh crt to st thms mnt,interchange_query,interchange_query,interchange_query,interchange_query|route_query,False,False,,"The commuter specifically asks where they need to change lines ('whr do i nd to chng lns'), making line transfer/interchange location the primary semantic focus (interchange_query). Because an origin and destination across town are specified ('frm hgh crt to st thms mnt') in the context of journey planning, route_query is also a valid acceptable interpretation.",acceptable_set_mismatch,1
ANN_B2_227,T2,19B to siruseri,route_stops,,route_stops,route_query|route_stops|service_availability|service_timing,False,True,intent_ambiguity,"The utterance '19B to siruseri' specifies only a bus route identifier and a destination without a verb or communicative operator. It is semantically indeterminate between checking if the service operates/extends to Siruseri (service_availability / route_stops), requesting navigation/journey planning (route_query), or asking for scheduled departure timings (service_timing). Under Section 4 of the guidelines, genuine intent ambiguity requires setting primary_label to null.",primary_mismatch|acceptable_set_mismatch|clarification_mismatch,3
ANN_B2_228,T2,19B to t naga,route_stops,,route_stops,route_query|route_stops|service_availability|service_timing,False,True,intent_ambiguity,"The utterance '19B to t naga' is an underspecified telegraphic phrase consisting solely of a bus route identifier ('19B') and a destination ('t naga' / T Nagar) with no verb or interrogative marker. Without explicit intent cues, it is genuinely ambiguous between journey planning (route_query), checking whether the bus operates to the destination (service_availability), inquiring about stops or stop membership (route_stops), and requesting scheduled departure timings (service_timing). Per Section 4.1 and 4.2 guidelines, no single primary label is defensible, requiring primary_label to be null with clarification required due to intent_ambiguity.",primary_mismatch|acceptable_set_mismatch|clarification_mismatch,3
ANN_B2_229,T2,Is Broadway station open right now?,service_availability,service_availability,service_availability|service_timing,realtime_status_query|service_availability|service_timing,True,False,,The query is a binary operational check inquiring whether Broadway station is currently open and operational ('service_availability'). It can secondarily be interpreted as checking whether the current time falls within scheduled station operating hours ('service_timing') or verifying live real-time operational status ('realtime_status_query').,acceptable_set_mismatch|clarification_mismatch,2
ANN_B2_233,T2,Beach to anywhere mtro,route_query,route_query,route_query|route_stops|service_availability,route_query,True,True,missing_slot,"The utterance expresses an intent to find a transit route from Chennai Beach via metro, but the destination is open/unspecified ('anywhere'). Under the guideline for execution incompleteness, this is classified as route_query with a missing destination slot requiring clarification.",acceptable_set_mismatch,1
ANN_B2_235,T2,erport midnight train,service_timing,,service_timing,route_query|service_availability|service_timing,False,True,intent_ambiguity,"The telegraphic query 'erport midnight train' combines a location, time reference, and transit mode without a functional verb or question frame. Per Section 4.2 of the guidelines, such underspecified queries are genuinely ambiguous and semantically indeterminate between seeking scheduled departure times (service_timing), checking whether midnight train operations exist (service_availability), or asking for journey planning directions (route_query).",primary_mismatch|acceptable_set_mismatch|clarification_mismatch,3
ANN_B2_236,T2,बस 114 thirumangalam जाएगी?,route_stops,route_stops,route_stops,route_stops|service_availability,False,False,,"The user is inquiring whether bus route 114 serves Thirumangalam ('बस 114 thirumangalam जाएगी?'), which directly represents a stop membership check along a designated transit route (route_stops). A secondary operational interpretation regarding whether service operates to that destination is also captured under service_availability.",acceptable_set_mismatch,1
ANN_B2_238,T2,what is the schdld dprtr time from thrmnglm arnd 0900,service_timing,service_timing,service_timing,service_timing,False,True,missing_slot,"The commuter specifically asks for scheduled timetable departure information ('schdld dprtr time ... arnd 0900') from Thirumangalam, mapping directly to service_timing under Section 2 and 3.4. While the semantic intent is unambiguous, the query lacks a destination, route number, or line direction slot, requiring clarification for execution.",clarification_mismatch,1
ANN_B2_239,T2,Avadi bus schedule or route?,service_timing,,route_query|route_stops|service_timing,route_query|service_timing,True,True,intent_ambiguity,"The commuter utterance explicitly presents an either/or alternative between timetable information ('schedule' -> service_timing) and transit directions ('route' -> route_query). Because neither intent is preferred or singled out, the query exhibits genuine intent ambiguity where no single primary label is defensible, necessitating clarification.",primary_mismatch|acceptable_set_mismatch,2
ANN_B2_241,T2,vlchry स next trn kab hai,service_timing,service_timing,service_availability|service_timing,service_timing,True,True,missing_slot,"The utterance 'vlchry स next trn kab hai' asks for the scheduled departure time of the upcoming train from Velachery, falling under service_timing. While the intent is clear, the query lacks a destination slot, requiring clarification.",acceptable_set_mismatch,1
ANN_B2_242,T2,route a1,route_stops,route_stops,route_stops|service_availability|service_timing,route_query|route_stops,True,False,,"The utterance 'route a1' specifies a designated transit service identifier ('A1') and requests its route alignment or stop sequence, which maps directly to 'route_stops'. 'route_query' is included as an acceptable secondary interpretation if construed broadly as route navigation, though the query lacks origin-destination pairs.",acceptable_set_mismatch|clarification_mismatch,2
ANN_B2_247,T2,बस 54 brdwy जएग,route_stops,route_stops,route_stops,route_stops|service_availability,False,False,,"The query 'बस 54 brdwy जएग' ('Will bus 54 go to Broadway?') inquires whether Broadway is a stop served along the designated route of bus 54, representing a stop membership check (route_stops). Checking whether service 54 operates to Broadway is an acceptable secondary interpretation (service_availability).",acceptable_set_mismatch,1
ANN_B2_249,T2,vdpln to cntrl rt me ln chng khn krn hg,interchange_query,interchange_query,interchange_query,interchange_query|route_query,False,False,,"The user is specifically asking where to perform a line transfer ('ln chng khn krn hg' / line change kahan karna hoga) along the corridor from Vadapalani to Central, making interchange_query the primary intent, with route_query as an acceptable secondary interpretation.",acceptable_set_mismatch,1
ANN_B2_253,T2,तांबरम में train interchange के लिए platform बदलना पड़ेगा?,interchange_query,interchange_query,interchange_query,interchange_query,False,True,missing_slot,"The query specifically asks about changing platforms during a train transfer at Tambaram station, directly falling under interchange_query. Clarification is required due to missing slots regarding the specific incoming and connecting train services needed to determine if a platform change is necessary.",clarification_mismatch,1
ANN_B2_255,T2,Thiruvanmiyur से next train kab hai?,service_timing,service_timing,service_availability|service_timing,service_timing,True,True,missing_slot,"The user is asking for the departure schedule of the upcoming train from Thiruvanmiyur ('next train kab hai?'), which falls under service_timing. In the absence of dynamic indicators like live GPS or delay tracking, schedule inquiries are static timetable queries. The destination station or travel direction is omitted, constituting a missing slot.",acceptable_set_mismatch,1
ANN_B2_258,T2,Washermenpet bus schedule or route?,service_timing,,route_query|route_stops|service_timing,route_query|service_timing,True,True,intent_ambiguity,"The query explicitly poses an alternative between 'schedule or route', resulting in genuine semantic ambiguity between timetable information (service_timing) and journey planning/routing (route_query) with no single defensible primary intent.",primary_mismatch|acceptable_set_mismatch,2
ANN_B2_259,T2,आलंदूर स्टेशन कि जानकारी,interchange_query,,accessibility|interchange_query|station_facilities,interchange_query|service_timing|station_facilities,True,True,intent_ambiguity,"The query 'आलंदूर स्टेशन कि जानकारी' ('Alandur station information') is broadly underspecified and exhibits genuine intent ambiguity. The commuter seeks general information regarding Alandur station without specifying whether they need passenger amenities/infrastructure (station_facilities), metro line transfer guidance at this key hub (interchange_query), or train operating schedules (service_timing). Consequently, no single primary label is defensible without clarification.",primary_mismatch|acceptable_set_mismatch,2
ANN_B2_261,T2,Chromepet bus schedule or route?,service_timing,,route_query|route_stops|service_timing,route_query|service_timing,True,True,intent_ambiguity,"The utterance 'Chromepet bus schedule or route?' explicitly poses a disjunctive choice between timetable/schedule information ('schedule', corresponding to service_timing) and transit journey/path guidance ('route', corresponding to route_query). Because neither intent is uniquely indicated or prioritized over the other, there is genuine semantic ambiguity preventing a definitive primary classification.",primary_mismatch|acceptable_set_mismatch,2
ANN_B2_262,T2,anna nagar tower bus schedule or route,service_timing,,route_query|route_stops|service_timing,route_query|service_timing,True,True,intent_ambiguity|multiple_goals,"The utterance explicitly pairs two distinct functional intents ('bus schedule' corresponding to service_timing and 'route' corresponding to route_query) using the disjunctive coordinator 'or'. Because neither intent is uniquely favored and two separate operations are requested as alternatives, no single primary label is defensible, necessitating clarification.",primary_mismatch|acceptable_set_mismatch,2
ANN_B2_265,T2,guindy morning first,service_timing,service_timing,service_timing,service_timing,False,True,missing_slot,"The phrase 'morning first' specifically inquires about the earliest scheduled departure or first service timetable at Guindy, falling under service_timing. Clarification is required due to missing operational slots (mode of transit and destination direction).",clarification_mismatch,1
ANN_B2_267,T2,kymbd se mrnng me phl intrcty bus kab nklg,service_timing,service_timing,service_timing,service_timing,False,True,missing_slot,"The user inquiry asks for the scheduled departure time of the first morning intercity bus from Koyambedu (CMBT) ('kymbd se mrnng me phl intrcty bus kab nklg'), which directly maps to timetable/schedule inquiries under service_timing. A destination slot is missing to identify the specific intercity route schedule.",clarification_mismatch,1
ANN_B2_268,T2,बस 570 gndy जएग,route_stops,route_stops,route_stops,route_stops|service_availability,False,False,,"The query asks in Hindi/Hinglish whether bus route 570 goes to Guindy ('बस 570 gndy जएग'), which is a stop membership check along a designated transit route (route_stops). A secondary operational interpretation checks whether the service currently runs to Guindy (service_availability).",acceptable_set_mismatch,1
ANN_B2_269,T2,29C to san thom,route_stops,,route_stops,route_query|route_stops|service_availability|service_timing,False,True,intent_ambiguity,"The telegraphic query '29C to san thom' pairs a bus route (29C) with a destination (San Thom) without any verb or question marker. It is semantically underspecified and indeterminate among checking stop membership (route_stops), checking if service operates between them (service_availability), requesting journey routing (route_query), or asking for scheduled departure times (service_timing).",primary_mismatch|acceptable_set_mismatch|clarification_mismatch,3
ANN_B2_271,T2,कहाँ से एग्मोर जाऊं?,route_query,route_query,route_query|service_availability,route_query,True,True,missing_slot,"The user is asking how/from where to travel to Egmore ('एग्मोर जाऊं'). The expressed intent is transit journey planning ('route_query'), but the origin location is missing, representing an execution gap ('missing_slot') rather than an ambiguous intent.",acceptable_set_mismatch,1
ANN_B2_273,T2,central 8:30 am,service_timing,,service_timing,route_query|service_availability|service_timing,False,True,intent_ambiguity,"The utterance 'central 8:30 am' provides only an entity (Central) and a timestamp (8:30 am) without an operative verb or functional intent marker. Under Section 4.2 of the guidelines, such underspecified queries exhibit genuine semantic ambiguity between requesting schedule/departures (service_timing), seeking journey planning to/from Central (route_query), and inquiring about service operation at that time (service_availability). No single primary label is defensible.",primary_mismatch|acceptable_set_mismatch|clarification_mismatch,3
ANN_B2_275,T2,बस 102 sholinganallur जाएगी?,route_stops,route_stops,route_stops,route_stops|service_availability,False,False,,"The commuter asks whether a designated transit service ('बस 102') serves or goes to a specific destination/stop ('sholinganallur'). This constitutes a stop membership check along a designated route, directly matching the guidelines for route_stops (analogous to 'Does the 570 bus halt at Thoraipakkam?'). Inquiring whether the service operates to that point provides a secondary reading of service_availability.",acceptable_set_mismatch,1
ANN_B2_277,T2,बस 21G guindy जाएगी?,route_stops,route_stops,route_stops,route_stops|service_availability,False,False,,"The user is inquiring whether bus route 21G stops at or goes to Guindy, which represents a stop membership check along a designated transit route (route_stops). Secondarily, it can be understood as an inquiry into whether service on this route operates to Guindy (service_availability).",acceptable_set_mismatch,1
ANN_B2_278,T2,Mambalam bus schedule or route?,service_timing,,route_query|route_stops|service_timing,route_query|service_timing,True,True,intent_ambiguity,"The utterance 'Mambalam bus schedule or route?' explicitly poses an alternative question between timetable information ('schedule' -> service_timing) and journey navigation ('route' -> route_query). Because neither intent is uniquely favored, primary_label is null and clarification is required due to intent_ambiguity.",primary_mismatch|acceptable_set_mismatch,2
ANN_B2_281,T2,Anna Nagar Tower se Central badalna kahan padega?,interchange_query,route_query,interchange_query,interchange_query|route_query,False,False,,"The user seeks journey planning and transit directions between an origin (Anna Nagar Tower) and a destination (Central), asking where a transfer occurs along the route. Under Section 3.2 boundary rules, inquiries about traveling across town are classified primarily as route_query, while interchange_query is a valid secondary label due to the explicit focus on the transfer point ('badalna kahan padega').",primary_mismatch|acceptable_set_mismatch,2
ANN_B2_282,T2,A1 to war memorial,route_stops,route_stops,route_stops,route_query|route_stops|service_availability,False,True,intent_ambiguity,"The query couples a designated bus route identifier ('A1') with a transit destination/stop ('war memorial'). The primary semantic interpretation is a stop membership inquiry under route_stops (checking whether route A1 serves or halts at War Memorial). Because the utterance is telegraphic and lacks an explicit verb or question frame, it also validly admits secondary interpretations as a journey planning request (route_query) or an operational service check (service_availability), necessitating clarification.",acceptable_set_mismatch|clarification_mismatch,2
ANN_B2_283,T2,Route 23C?,route_stops,,route_stops|service_availability|service_timing,route_query|route_stops|service_availability|service_timing,True,True,intent_ambiguity,"The query 'Route 23C?' consists solely of an isolated transit route identifier and a question mark with no predicate or question word. In accordance with Section 4.2 on genuine intent ambiguity, this surface form is semantically indeterminate among inquiring about the route's intermediate stops/path (route_stops), journey planning or origin/destination (route_query), schedule/timings (service_timing), and operational status (service_availability).",primary_mismatch|acceptable_set_mismatch,2
ANN_B2_286,T2,agar metro smart card se travel kare to token ke comparison me kitna discount milta hai?,ticketing_rules,ticketing_rules,ticketing_rules,fare_query|ticketing_rules,False,False,,"The inquiry specifically asks about the fare policy and concession/discount percentage applicable to smart card travel versus paper/token ticketing, falling under ticketing_rules, with fare_query as an acceptable secondary interpretation.",acceptable_set_mismatch,1
ANN_B2_288,T2,Is Central station open right now?,service_availability,realtime_status_query,service_availability|service_timing,realtime_status_query|service_timing,True,False,,"The user explicitly inquires about the current, instantaneous operational state of Chennai Central station ('open right now'), which directly represents a realtime_status_query. Checking whether the current time falls within scheduled operating hours under service_timing serves as a valid secondary interpretation.",primary_mismatch|acceptable_set_mismatch|clarification_mismatch,3
ANN_B2_292,T2,kymbd mffsl stnd s lst mdnght bs kb tak mil skt h,service_timing,service_timing,service_timing,service_availability|service_timing,False,True,missing_slot,"The commuter is inquiring in Hinglish about the schedule/cutoff hour for the last midnight bus departing from Koyambedu Mofussil Stand ('kymbd mffsl stnd s lst mdnght bs kb tak mil skt h'), which maps primarily to service_timing (first/last service hours). Because the intended destination is not specified, a missing destination slot prevents execution without clarification.",acceptable_set_mismatch|clarification_mismatch,2
ANN_B2_294,T2,kymbd se alndr drct srvc hai ya chg,service_availability,service_availability,service_availability,route_query|service_availability,False,False,,"The commuter asks whether direct transit service operates between Koyambedu and Alandur or if a change is needed ('kymbd se alndr drct srvc hai ya chg'). Under Section 3.1, a binary/operational check on whether direct service exists between two points is primarily classified as service_availability, with route_query as a secondary acceptable interpretation.",acceptable_set_mismatch,1
ANN_B2_296,T2,Beach se tambrum,route_query,route_query,route_query|service_availability|service_timing,route_query,True,False,,"The utterance 'Beach se tambrum' specifies an origin ('Beach') and destination ('Tambaram') in Hindi/Hinglish, expressing an inquiry for transit directions and journey planning between two locations.",acceptable_set_mismatch|clarification_mismatch,2
ANN_B2_298,T2,Is there a direct bus or train from Adyar to Koyambedu?,service_availability,service_availability,service_availability,route_query|service_availability,False,False,,"The utterance is a binary operational inquiry asking whether direct transit service (bus or train) exists between Adyar and Koyambedu, which maps primarily to service_availability per Section 3.1. Route_query is included as an acceptable secondary interpretation because the inquiry also pertains to origin-destination travel planning.",acceptable_set_mismatch,1
ANN_B2_299,T2,Alandur to anywhere mtro,route_query,route_query,route_query|route_stops|service_availability,route_query,True,True,missing_slot,"The query expresses a journey planning request from origin Alandur by metro using the standard route pattern ('[Origin] to [Destination]'), but specifies an open/unspecified destination ('anywhere'), requiring clarification due to a missing destination slot.",acceptable_set_mismatch,1
ANN_B2_300,T2,बस A1 besant nagar जाएगी?,route_stops,route_stops,route_stops,route_stops|service_availability,False,False,,The user is inquiring whether a specific designated bus route ('A1') serves or halts at a specific location ('Besant Nagar'). This functions primarily as a stop membership check along a transit route (route_stops). A secondary interpretation checking whether the service is actively operating to that destination allows service_availability as an acceptable candidate.,acceptable_set_mismatch,1
ANN_B2_301,T2,114 to koyambedu ,route_stops,,route_stops,route_query|route_stops|service_availability|service_timing,False,True,intent_ambiguity,"The utterance '114 to koyambedu' is an underspecified keyword query containing a route number ('114') and a destination ('koyambedu') without an explicit verb or question marker. It is semantically indeterminate among checking stop membership or route alignment (route_stops), querying schedule/timetable departures (service_timing), checking whether service operates on that corridor (service_availability), or requesting journey directions (route_query).",primary_mismatch|acceptable_set_mismatch|clarification_mismatch,3
ANN_B2_302,T2,Anna Nagar Tower se sntrl direct service hai ya change,service_availability,service_availability,service_availability,route_query|service_availability,False,False,,"The user asks whether direct service operates between Anna Nagar Tower and Central or if a change/transfer is needed. Per Section 3.1, binary inquiries checking whether direct service exists/operates between two points map primarily to service_availability. Route_query is a valid secondary interpretation as it pertains to journey routing structure.",acceptable_set_mismatch,1
ANN_B2_303,T2,बस 19b siruseri जाएगी,route_stops,route_stops,route_stops,route_stops|service_availability,False,False,,"The user is asking whether bus route 19B goes to / serves Siruseri ('बस 19b siruseri जाएगी'), which is a stop membership check for a designated transit route (route_stops). A secondary interpretation could be an inquiry about whether service is operating to that destination (service_availability).",acceptable_set_mismatch,1
ANN_B2_304,T2,where should i interchange between mylapore and velachery,interchange_query,route_query,interchange_query,interchange_query|route_query,False,False,,"The commuter is asking for journey planning guidance between an origin and destination across town (Mylapore and Velachery) by inquiring where to transfer along the way. Under Boundary Rule 3.2, across-town journey planning falls under route_query, while interchange_query is a plausible secondary label due to the explicit phrasing focusing on the interchange station.",primary_mismatch|acceptable_set_mismatch,2
ANN_B2_305,T2,is bch stn open rght now,service_availability,service_availability,service_availability|service_timing,realtime_status_query|service_availability|service_timing,True,False,,"The utterance is a binary operational inquiry asking whether Chennai Beach station is currently open and operational, which maps primarily to service_availability. Due to the presence of 'rght now', realtime_status_query (live operational status) and service_timing (timetable operating hours) represent valid secondary interpretations.",acceptable_set_mismatch|clarification_mismatch,2
ANN_B2_306,T2,कहाँ से तांबरम जाऊं?,route_query,route_query,route_query|service_availability,route_query,True,True,missing_slot,"The commuter is asking for transit directions to Tambaram ('कहाँ से तांबरम जाऊं?'), which represents a journey planning inquiry (route_query). The intent is clear, but the origin location is unspecified, requiring clarification due to an execution incompleteness gap (missing_slot).",acceptable_set_mismatch,1
ANN_B2_308,T2,central 09:15 train,service_timing,,service_timing,route_query|service_availability|service_timing,False,True,intent_ambiguity,"The utterance 'central 09:15 train' provides only a station, time, and mode without a verb or communicative frame. Under Section 4.2 of the guidelines, such underspecified queries exhibit genuine intent ambiguity between checking scheduled departures (service_timing), checking whether a service operates at that time (service_availability), and journey planning from Central with an omitted destination (route_query).",primary_mismatch|acceptable_set_mismatch|clarification_mismatch,3
ANN_B2_310,T2,संट्रल पर bus क rltm gps loc trc हो रह है,realtime_status_query,realtime_status_query,realtime_status_query,realtime_status_query,False,True,missing_slot,"The commuter is asking about live vehicle tracking / real-time GPS location tracing for a bus at Central ('rltm gps loc trc ho rah hai'), which falls under 'realtime_status_query'. Clarification is required due to execution incompleteness as the specific bus route or identifier is not specified ('missing_slot').",clarification_mismatch,1
ANN_B2_311,T2,Does suburban EMU train halt at Mambalam platform?,route_stops,route_stops,route_stops,route_stops|service_availability,False,False,,"The user is inquiring whether suburban EMU trains halt at Mambalam, which functions primarily as a stop membership check along a transit line (route_stops). Secondarily, it can be interpreted as asking whether suburban EMU service is operational/available at that station (service_availability).",acceptable_set_mismatch,1
ANN_B2_316,T2,102 to high court,route_stops,,route_stops,route_query|route_stops|service_availability|service_timing,False,True,intent_ambiguity,"The utterance '102 to high court' consists solely of a route number ('102') and a destination ('high court') with no verb or interrogative marker. It is semantically underspecified and indeterminate between an inquiry about intermediate stops or stop membership (route_stops), timetable/schedule timings (service_timing), journey navigation (route_query), or whether the service operates to that destination (service_availability). Per Section 4 of the guidelines, genuine semantic ambiguity requires setting primary_label to null and clarification_required to true.",primary_mismatch|acceptable_set_mismatch|clarification_mismatch,3
ANN_B2_317,T2,Vandalur Zoo metro se kaise pahuchein?,route_query,route_query,route_query,route_query,False,True,missing_slot,"The user is asking how to travel to/reach Vandalur Zoo using the metro ('metro se kaise pahuchein'), which expresses a journey planning intent (route_query). The origin is not specified, representing an execution gap (missing_slot).",clarification_mismatch,1
ANN_B2_319,T2,Where should I interchange between Adyar and Koyambedu?,interchange_query,route_query,interchange_query,interchange_query|route_query,False,False,,"The commuter is asking for journey planning guidance across town between two distinct locations (Adyar and Koyambedu) to find where to transfer. Under Rule 3.2, cross-town travel inquiries are classified as route_query, whereas interchange_query is reserved for navigation within or between lines at a specific designated hub.",primary_mismatch|acceptable_set_mismatch,2
ANN_B2_320,T2,कयमबड स सुबह क पहल bus कितन बज निकलत है,service_timing,service_timing,service_timing,service_timing,False,True,missing_slot,"The commuter is asking for the scheduled departure time of the earliest morning bus from Koyambedu ('सुबह की पहली bus कितने बजे निकलती है'), which represents timetable schedule information (service_timing). Because the specific route number or destination is not specified, clarification is required for the missing destination slot.",clarification_mismatch,1
ANN_B2_324,T2,Is Perungalathur station open right now?,service_availability,realtime_status_query,service_availability|service_timing,realtime_status_query|service_availability|service_timing,True,False,,"The commuter specifically asks whether Perungalathur station is open 'right now', which explicitly demands live, current-state operational status (realtime_status_query). Valid secondary interpretations include checking operational service availability (service_availability) or whether the current time falls within scheduled operating hours (service_timing).",primary_mismatch|acceptable_set_mismatch|clarification_mismatch,3
ANN_B2_325,T2,Egmore to anywhere metro?,route_query,,route_query|route_stops|service_availability,route_query|service_availability,True,True,intent_ambiguity,"The utterance 'Egmore to anywhere metro?' is a telegraphic fragment lacking an explicit predicate. It is semantically indeterminate between an existential availability inquiry ('Does metro service operate from Egmore to anywhere?', i.e., service_availability) and a journey planning inquiry using an origin-destination template with an open or placeholder destination ('How to travel from Egmore to anywhere by metro?', i.e., route_query). Because neither interpretation is uniquely defensible based solely on expressed surface meaning, primary_label is null with clarification required.",primary_mismatch|acceptable_set_mismatch,2
ANN_B2_334,T2,Route 570?,route_stops,,route_stops|service_availability|service_timing,route_query|route_stops|service_availability|service_timing,True,True,intent_ambiguity,"The utterance 'Route 570?' consists solely of a bus route identifier and a question mark with no predicate or context. It is semantically indeterminate between inquiring about the route's stops/path (route_stops), timetable/frequency (service_timing), operational status (service_availability), or journey path (route_query). Per Section 4.1 and 4.2 guidelines, genuine semantic ambiguity requires setting primary_label to null and requesting clarification.",primary_mismatch|acceptable_set_mismatch,2
ANN_B2_336,T2,वडपलनी से मेट्रो?,route_query,,route_query|service_availability|service_timing,route_query|service_availability|service_timing,True,True,intent_ambiguity,"The utterance 'वडपलनी से मेट्रो?' specifies an origin location and transit mode without any predicate verb or interrogative marker. It is genuinely ambiguous between checking if metro service operates from Vadapalani (service_availability), requesting route/journey directions (route_query), and inquiring about metro departure times (service_timing).",primary_mismatch,1
ANN_B2_337,T2,Perungalathur to anywhere metro?,route_query,service_availability,route_query|route_stops|service_availability,route_query|service_availability,True,False,,"The commuter query asks whether metro service operates from Perungalathur ('to anywhere metro?'), which semantically constitutes an inquiry into the existence or operational availability of that mode (service_availability). A secondary interpretation is an open-ended route query regarding reachable destinations (route_query).",primary_mismatch|acceptable_set_mismatch|clarification_mismatch,3
ANN_B2_338,T2,rout M1,route_stops,route_stops,route_stops|service_availability|service_timing,route_query|route_stops,True,False,,"The user query 'rout M1' specifies a designated transit route identifier ('M1') and requests its route details/itinerary. In the T2 taxonomy, inquiries regarding the route path, alignment, or stops of a designated service map primarily to 'route_stops', with general 'route_query' as a plausible secondary interpretation.",acceptable_set_mismatch|clarification_mismatch,2
ANN_B2_340,T2,airport morning first,service_timing,service_timing,service_timing,service_timing,False,True,missing_slot,"The utterance 'airport morning first' expresses an inquiry regarding the earliest scheduled transit departure of the day (first service timing). While the intent clearly targets timetable information (service_timing), critical journey parameters such as origin location, direction (to or from Airport), and transit mode are omitted, necessitating slot clarification.",clarification_mismatch,1
ANN_B2_341,T2,कोयम्बैडु से मेट्रो,route_query,,route_query|service_availability|service_timing,route_query|service_availability|service_timing,True,True,intent_ambiguity,"The query 'कोयम्बैडु से मेट्रो' (Metro from Koyambedu) provides an origin location and transit mode but lacks an action verb or interrogative marker. It is semantically indeterminate between journey planning (route_query), departure schedule/timing (service_timing), and service operation check (service_availability), requiring clarification due to genuine intent ambiguity.",primary_mismatch,1
ANN_B2_346,T2,29C to mnadaveli,route_stops,,route_stops,route_query|route_stops|service_availability|service_timing,False,True,intent_ambiguity,"The utterance '29C to mnadaveli' is an underspecified telegraphic query providing only a route identifier ('29C') and a destination ('Mandaveli') without any predicate or intent marker. It is semantically indeterminate between inquiring whether Mandaveli is a stop on route 29C (route_stops), checking the scheduled timings of 29C towards Mandaveli (service_timing), asking if service operates on this corridor (service_availability), or requesting journey routing (route_query).",primary_mismatch|acceptable_set_mismatch|clarification_mismatch,3
ANN_B2_348,T2,सेंट्रल मेट्रो स्टेशन सुविधा,station_facilities,station_facilities,accessibility|interchange_query|station_facilities,station_facilities,True,False,,"The Hindi query 'सेंट्रल मेट्रो स्टेशन सुविधा' translates to 'Central Metro Station facilities/amenities', expressing an inquiry about passenger amenities and infrastructure at Central Metro Station without disability-specific cues.",acceptable_set_mismatch|clarification_mismatch,2
ANN_B2_349,T2,बस 54 porur जाएगी?,route_stops,route_stops,route_stops,route_stops|service_availability,False,False,,"The commuter is asking whether bus route 54 goes to Porur, which functions primarily as a stop membership check for a designated transit route ('route_stops'). A secondary interpretation is verifying operational coverage/service existence to that destination ('service_availability').",acceptable_set_mismatch,1
ANN_B2_002,T3,Is Velachery stn open right now,mode_availability,,first_and_last_service|mode_availability|scheduled_departure,first_and_last_service|realtime_status_query,True,True,intent_ambiguity,"The utterance 'Is Velachery stn open right now' exhibits genuine semantic ambiguity between checking static operating schedule limits (whether the station is currently within its opening/closing hours under first_and_last_service) and requesting live operational status or disruption/closure information at the current moment (under realtime_status_query). Under Section 3.6, temporal wording alone does not imply realtime, yet the surface text does not provide sufficient context to determine whether the user intends scheduled hours or active real-time status, making neither candidate uniquely defensible as a primary label.",primary_mismatch|acceptable_set_mismatch,2
ANN_B2_005,T3,29C to mylapor,route_stop_membership,route_stop_membership,route_stop_membership,point_to_point_route|route_stop_membership|scheduled_departure,False,True,intent_ambiguity,"The utterance specifies a designated route ('29C') and a named stop ('mylapor'). The primary expressed meaning is checking route stop membership—whether route 29C serves Mylapore. However, because the telegraphic query lacks an explicit verb or interrogative marker, it could also plausibly express an inquiry for departure timings on 29C towards Mylapore or journey planning directions, requiring clarification.",acceptable_set_mismatch|clarification_mismatch,2
ANN_B2_008,T3,Alandur से next train kab hai?,scheduled_departure,scheduled_departure,first_and_last_service|mode_availability|scheduled_departure,scheduled_departure,True,True,missing_slot,"The user is asking for the timing of the next train departure ('next timetable run') from Alandur, which falls under scheduled_departure. Clarification is required due to execution incompleteness (missing destination/direction slot), as Alandur serves multiple routes/directions.",acceptable_set_mismatch,1
ANN_B2_009,T3,Alandur se Egmore?,point_to_point_route,point_to_point_route,fare_calculation|interchange_transfer|mode_availability|point_to_point_route,point_to_point_route,True,False,,"The user query 'Alandur se Egmore?' specifies an origin ('Alandur') and a destination ('Egmore') in Hindi/Hinglish ('from Alandur to Egmore?'), expressing a straightforward journey planning inquiry between two points without mode constraints.",acceptable_set_mismatch|clarification_mismatch,2
ANN_B2_012,T3,570 central junction?,route_stop_membership,route_stop_membership,route_stop_membership,route_stop_membership|scheduled_departure,False,False,,"The utterance combines a designated transit route identifier ('570') and a specific halt ('central junction') with an interrogative marker, primarily expressing an inquiry into whether the designated route serves or stops at that junction (route_stop_membership). Secondarily, it could colloquially be intended to check the timetable or departure timing of route 570 at that stop (scheduled_departure).",acceptable_set_mismatch,1
ANN_B2_014,T3,route 114,route_stop_sequence,,mode_availability|route_stop_sequence|scheduled_departure,route_stop_sequence|scheduled_departure,True,True,intent_ambiguity,"The utterance 'route 114' consists solely of a route identifier without any action predicate or functional modifier. It is semantically indeterminate between requesting the route's stop sequence/corridor list (route_stop_sequence) and its schedule/timetable departures (scheduled_departure). Per Gate B.3 guidelines on genuine semantic ambiguity, no single primary label is defensible.",primary_mismatch|acceptable_set_mismatch,2
ANN_B2_015,T3,whr shld i xchng btwn chpk and bch,interchange_transfer,interchange_transfer,interchange_transfer,interchange_transfer|point_to_point_route,False,False,,"The commuter specifically inquires where to make a transfer/exchange ('whr shld i xchng') between Chepauk and Beach, directly targeting line transfer and interchange logistics (interchange_transfer). Because the query specifies an origin-destination corridor, point_to_point_route is included as an acceptable secondary interpretation.",acceptable_set_mismatch,1
ANN_B2_020,T3,central से next train kab hai,scheduled_departure,scheduled_departure,first_and_last_service|mode_availability|scheduled_departure,scheduled_departure,True,True,missing_slot,"The query asks for the departure time of the upcoming service ('next train kab hai') from Central, which directly corresponds to scheduled_departure (next timetable run). Because the destination or route/line is not specified, a missing slot requires clarification.",acceptable_set_mismatch,1
ANN_B2_021,T3,Velachery bus schedule or route?,scheduled_departure,,point_to_point_route|route_stop_sequence|scheduled_departure,point_to_point_route|scheduled_departure,True,True,intent_ambiguity,"The user query explicitly presents an unresolved disjunction ('schedule or route?'), creating genuine semantic ambiguity between inquiring about timetable schedules (scheduled_departure) and transit journey routing (point_to_point_route). Because neither interpretation takes precedence, no single primary label is defensible.",primary_mismatch|acceptable_set_mismatch,2
ANN_B2_022,T3,कहाँ से बीच जाऊं?,point_to_point_route,point_to_point_route,mode_availability|point_to_point_route,point_to_point_route,True,True,missing_slot,"The commuter asks how/from where to travel to Beach ('कहाँ से बीच जाऊं?'), which expresses a journey planning intent (point_to_point_route). The origin location is unstated, representing execution incompleteness (missing slot) rather than genuine intent ambiguity.",acceptable_set_mismatch,1
ANN_B2_023,T3,can i use chennai metro smart card for discount on airport to central journey,ticketing_and_passes,ticketing_and_passes,ticketing_and_passes,fare_calculation|ticketing_and_passes,False,False,,"The inquiry specifically asks about the terms and policies of using a Chennai Metro smart card for fare discounts, which falls under ticketing policies, smart card rules, and concessions (ticketing_and_passes). Fare calculation is an acceptable secondary label due to the inquiry's focus on discount applicability to a journey.",acceptable_set_mismatch,1
ANN_B2_024,T3,chck hdwy and freq of dprtrs at klpk,service_frequency,service_frequency,service_frequency,service_frequency,False,True,missing_slot,"The query explicitly requests vehicle headway ('hdwy') and departure dispatch frequency ('freq of dprtrs') at Kilpauk ('klpk'), directly matching the service_frequency intent. Clarification is required due to missing transit mode, line, or route slots at the station.",clarification_mismatch,1
ANN_B2_025,T3,CMBT se Ariport?,point_to_point_route,point_to_point_route,fare_calculation|mode_availability|point_to_point_route|scheduled_departure,mode_availability|point_to_point_route,True,False,,"The utterance specifies an origin ('CMBT se' = from CMBT) and destination ('Ariport' = Airport), expressing a journey planning inquiry between two points without explicit multimodal constraints. Under T3 boundary rules, this maps primarily to point_to_point_route, with mode_availability admitted as a secondary acceptable interpretation due to the elliptical phrasing.",acceptable_set_mismatch|clarification_mismatch,2
ANN_B2_027,T3,Egmore से next train kab h,scheduled_departure,scheduled_departure,first_and_last_service|mode_availability|scheduled_departure,scheduled_departure,True,True,missing_slot,"The commuter asks for the departure timing of the upcoming service ('next train kab h') from Egmore, which corresponds to scheduled_departure ('next timetable run'). Under Section 3.6, temporal terms without explicit demands for live GPS tracking, delays, or crowding do not qualify as realtime_status_query. Clarification is required due to execution incompleteness (missing destination/line slot from Egmore).",acceptable_set_mismatch,1
ANN_B2_029,T3,Thiruvanmiyur to anywhere metro?,point_to_point_route,mode_availability,mode_availability|point_to_point_route|route_stop_sequence,mode_availability|point_to_point_route,True,False,,"The utterance 'Thiruvanmiyur to anywhere metro?' functions semantically as an existential inquiry checking whether metro service operates or exists from Thiruvanmiyur to any destination, directly aligning with mode_availability. point_to_point_route is retained as a secondary acceptable candidate under an alternative reading of a journey planning request with an open destination.",primary_mismatch|acceptable_set_mismatch|clarification_mismatch,3
ANN_B2_030,T3,क्रोमपेट से मेट्रो,point_to_point_route,,mode_availability|point_to_point_route|scheduled_departure,mode_availability|nearest_transport|point_to_point_route,True,True,intent_ambiguity,"The surface text 'क्रोमपेट से मेट्रो' ('Metro from Chromepet') is telegraphic and lacks a verb, question particle, or destination. It is genuinely ambiguous between checking operational service availability of metro from Chromepet (mode_availability), locating the nearest metro access point from Chromepet (nearest_transport), and initiating journey planning via metro from Chromepet (point_to_point_route). Under Section 4.1 and 4.2 guidelines for genuine intent ambiguity, no single primary label is defensible.",primary_mismatch|acceptable_set_mismatch,2
ANN_B2_032,T3,High Court bus schedule or route?,scheduled_departure,,point_to_point_route|route_stop_sequence|scheduled_departure,point_to_point_route|scheduled_departure,True,True,intent_ambiguity,"The query presents an explicit disjunction ('schedule or route?'), creating genuine semantic ambiguity between scheduled timetable departures (scheduled_departure) and transit journey routing (point_to_point_route). Under Section 4.1, because neither interpretation uniquely takes precedence as a primary intent, primary_label is null and clarification is required.",primary_mismatch|acceptable_set_mismatch,2
ANN_B2_034,T3,114 to nn ngr,route_stop_membership,route_stop_membership,route_stop_membership,point_to_point_route|route_stop_membership|scheduled_departure,False,True,intent_ambiguity,"The telegraphic query pairs a specific transit route ('114') with a destination stop ('nn ngr' / Anna Nagar) via 'to'. Semantically, this most directly expresses checking whether route 114 serves this designated stop (route_stop_membership). Due to the omission of an explicit verb, valid secondary interpretations include elliptical journey planning (point_to_point_route) or an inquiry regarding departure timetable/timings (scheduled_departure), requiring clarification.",acceptable_set_mismatch|clarification_mismatch,2
ANN_B2_035,T3,कहाँ से कोयम्बेडु जाऊं?,point_to_point_route,point_to_point_route,mode_availability|point_to_point_route,point_to_point_route,True,True,missing_slot,"The commuter is asking how to travel to Koyambedu ('कोयम्बेडु जाऊं') but leaves the origin unspecified ('कहाँ से'). In accordance with Section 4.2, routing queries with an unspecified origin or destination have an unambiguous point_to_point_route intent with an execution gap marked as missing_slot.",acceptable_set_mismatch,1
ANN_B2_036,T3,Phoenix Marketcity metro se kaise pahuchein?,point_to_point_route,point_to_point_route,point_to_point_route,point_to_point_route,False,True,missing_slot,"The commuter query asks for directions to reach a destination ('Phoenix Marketcity') using the metro ('metro se kaise pahuchein?'), expressing a journey planning intent (point_to_point_route). Clarification is required because the origin location is missing.",clarification_mismatch,1
ANN_B2_037,T3,54 to kumananchavadi,route_stop_membership,route_stop_membership,route_stop_membership,point_to_point_route|route_stop_membership|scheduled_departure,False,True,intent_ambiguity,"The clipped surface text pairs a designated transit route ('54') with a specific destination halt ('kumananchavadi'). This most directly expresses an inquiry into whether route 54 serves Kumananchavadi (route_stop_membership). Because the utterance lacks an explicit verb or question particle, secondary interpretations such as journey planning (point_to_point_route) or departure schedule inquiries (scheduled_departure) remain plausible, necessitating clarification for intent ambiguity.",acceptable_set_mismatch|clarification_mismatch,2
ANN_B2_040,T3,कहाँ से ब्रॉडवे जाऊं?,point_to_point_route,point_to_point_route,mode_availability|point_to_point_route,point_to_point_route,True,True,missing_slot,"The commuter expresses a clear journey planning intent to reach Broadway ('ब्रॉडवे जाऊं'), which maps to point_to_point_route. However, the origin location is unspecified ('कहाँ से' / 'from where'), constituting an execution incompleteness (missing origin slot) that requires clarification.",acceptable_set_mismatch,1
ANN_B2_041,T3,How do I travel to Vandalur Zoo using public transport?,point_to_point_route,point_to_point_route,point_to_point_route,point_to_point_route,False,True,missing_slot,"The commuter is requesting transit directions to reach Vandalur Zoo. Mentioning generic 'public transport' does not impose explicit multi-mode constraints, keeping the intent under point_to_point_route rather than multimodal_route. The absence of an origin point represents an execution gap (missing_slot) requiring clarification, while the primary intent remains unambiguous.",clarification_mismatch,1
ANN_B2_042,T3,आवादी से मेट्रो?,point_to_point_route,,mode_availability|point_to_point_route|scheduled_departure,mode_availability|nearest_transport|point_to_point_route,True,True,intent_ambiguity,"The query 'आवादी से मेट्रो?' ('Metro from Avadi?') is an underspecified fragment lacking a verb or question predicate. It can plausibly express inquiries about whether metro service operates from Avadi (mode_availability), how to travel from Avadi via or to metro (point_to_point_route), or the closest metro station relative to Avadi (nearest_transport). Due to genuine semantic ambiguity among these distinct functional intents, no single primary label is defensible and clarification is required.",primary_mismatch|acceptable_set_mismatch,2
ANN_B2_044,T3,tmbrm to anywhr mtro,point_to_point_route,,mode_availability|point_to_point_route|route_stop_sequence,mode_availability|point_to_point_route,True,True,intent_ambiguity,"The telegraphic query 'tmbrm to anywhr mtro' lacks a finite predicate and is genuinely ambiguous between verifying whether metro transit operates from Tambaram to anywhere (mode_availability) and requesting a point-to-point journey plan from Tambaram with an uninstantiated/wildcard destination (point_to_point_route). Because neither interpretation can be definitively asserted from the surface text alone, no single primary label is defensible.",primary_mismatch|acceptable_set_mismatch,2
ANN_B2_045,T3,54 to giundy,route_stop_membership,route_stop_membership,route_stop_membership,point_to_point_route|route_stop_membership|scheduled_departure,False,True,intent_ambiguity,"The telegraphic query specifies a route identifier ('54') and a destination halt ('giundy' / Guindy). The primary semantic interpretation is route_stop_membership (checking whether route 54 serves or goes to Guindy). Because the utterance lacks an explicit verb or question particle, secondary interpretations include point_to_point_route (seeking journey routing to Guindy using route 54) and scheduled_departure (requesting departure timings for route 54 towards Guindy), necessitating clarification.",acceptable_set_mismatch|clarification_mismatch,2
ANN_B2_047,T3,एग्मोर से मटे्रो?,point_to_point_route,,mode_availability|point_to_point_route|scheduled_departure,mode_availability|point_to_point_route|scheduled_departure,True,True,intent_ambiguity|missing_slot,"The query 'एग्मोर से मटे्रो?' ('From Egmore, metro?') is an elliptic fragment containing only an origin ('एग्मोर से') and mode ('मेट्रो') without a predicate or interrogative marker. It is genuinely semantically ambiguous between checking whether metro service is operational from Egmore (mode_availability), asking for a route from Egmore with an omitted destination (point_to_point_route), and asking for departure timings (scheduled_departure). Because no single interpretation is defensible, primary_label is null and clarification is required.",primary_mismatch,1
ANN_B2_051,T3,Shenoy Nagar bus schedule or rout,scheduled_departure,,point_to_point_route|route_stop_sequence|scheduled_departure,point_to_point_route|scheduled_departure,True,True,intent_ambiguity,"The query 'Shenoy Nagar bus schedule or rout' explicitly joins two distinct functional transit requests with an alternative disjunction ('or'): timetable departures ('schedule' -> scheduled_departure) versus journey routing ('rout' -> point_to_point_route). Because neither interpretation takes semantic precedence, primary_label is null and clarification is required due to genuine intent ambiguity.",primary_mismatch|acceptable_set_mismatch,2
ANN_B2_053,T3,brdwy to anywhr mtro,point_to_point_route,point_to_point_route,mode_availability|point_to_point_route|route_stop_sequence,point_to_point_route,True,True,missing_slot,"The commuter's query 'brdwy to anywhr mtro' reflects an unambiguous point-to-point journey planning intent using the metro from Broadway. However, the destination is unspecified ('anywhr'), representing an execution incompleteness (missing destination slot) that requires clarification.",acceptable_set_mismatch,1
ANN_B2_054,T3,chck hdwy and freq of dprtrs at cntrl,service_frequency,service_frequency,service_frequency,service_frequency,False,True,missing_slot,"The commuter specifically asks for headway ('hdwy') and frequency ('freq') of departures, which directly maps to service_frequency. Clarification is necessary due to execution incompleteness (missing_slot), as the specific transit mode, line, or route operating out of Central ('cntrl') is not stated.",clarification_mismatch,1
ANN_B2_056,T3,वलचर स मट्रो,point_to_point_route,,mode_availability|point_to_point_route|scheduled_departure,mode_availability|nearest_transport|point_to_point_route,True,True,intent_ambiguity,"The utterance 'वलचर स मट्रो' (Velachery se metro) is telegraphic and underspecified, containing only an origin ('Velachery') and a mode/facility ('metro') without an action verb or interrogative marker. It is genuinely ambiguous between seeking the closest metro station from Velachery (nearest_transport), inquiring whether metro connectivity operates from Velachery (mode_availability), or requesting route navigation from Velachery via metro (point_to_point_route). Under Section 4.1 and 4.2 of the annotation guidelines, no single primary label is defensible.",primary_mismatch|acceptable_set_mismatch,2
ANN_B2_060,T3,guindy 8:30 sm,scheduled_departure,,scheduled_departure,mode_availability|point_to_point_route|scheduled_departure,False,True,intent_ambiguity,"The utterance 'guindy 8:30 sm' consists purely of a station name and a timestamp without an explicit intent marker, verb, or directional indicator. It is semantically indeterminate between requesting scheduled departures at 8:30 (scheduled_departure), planning a journey to/from Guindy (point_to_point_route), or inquiring about service operation at that time (mode_availability). Per Section 4.1 and 4.2 guidelines, genuine intent ambiguity without a defensible single primary interpretation requires setting primary_label to null with clarification required.",primary_mismatch|acceptable_set_mismatch|clarification_mismatch,3
ANN_B2_061,T3,rt 5b,route_stop_sequence,,mode_availability|route_stop_sequence|scheduled_departure,realtime_status_query|route_stop_sequence|scheduled_departure,True,True,intent_ambiguity,"The utterance 'rt 5b' is an underspecified keyword fragment consisting only of an abbreviation ('rt' indicating 'route' or 'real-time') and a service identifier ('5b'). Lacking any operational verb, predicate, or question frame, the expressed semantic meaning cannot be definitively resolved to a single intent and is genuinely ambiguous between retrieving the route stop sequence, timetable departure schedule, or real-time vehicle status.",primary_mismatch|acceptable_set_mismatch,2
ANN_B2_063,T3,Central se Airport metro?,point_to_point_route,,fare_calculation|mode_availability|point_to_point_route|scheduled_departure,mode_availability|point_to_point_route,True,True,intent_ambiguity,"The elliptical query specifies origin ('Central'), destination ('Airport'), and transit mode ('metro') with a question mark, but lacks an explicit predicate. It is genuinely ambiguous between checking whether metro service operates between these points (mode_availability) and requesting route directions (point_to_point_route).",primary_mismatch|acceptable_set_mismatch,2
ANN_B2_064,T3,Is Alandur station open right nwo?,mode_availability,first_and_last_service,first_and_last_service|mode_availability|scheduled_departure,first_and_last_service|realtime_status_query,True,False,,"The inquiry asks whether Alandur station is open at the current time ('open right nwo'), which maps to opening and closing operating limits (first_and_last_service). Under Section 3.6, temporal expressions alone do not imply realtime status unless dynamic tracking or active disruptions are explicitly demanded; realtime_status_query is retained as an acceptable secondary interpretation for live operational/disruption status.",primary_mismatch|acceptable_set_mismatch|clarification_mismatch,3
ANN_B2_066,T3,is thr a drct bus or trn from prmbr to gndy,mode_availability,mode_availability,mode_availability,mode_availability|point_to_point_route,False,False,,"The user is explicitly checking the operational existence of a direct transit service (bus or train) connecting Perambur and Guindy. Per Rule 3.4, inquiries checking whether direct transit operates on a corridor map primarily to mode_availability, with point_to_point_route as an acceptable secondary interpretation.",acceptable_set_mismatch,1
ANN_B2_078,T3,Suburban live status tracker me abhi kahan pahunchi hai?,realtime_status_query,realtime_status_query,realtime_status_query,realtime_status_query,False,True,missing_slot,"The commuter specifically asks for the current dynamic location of a suburban train ('live status tracker me abhi kahan pahunchi hai'), mapping unambiguously to realtime_status_query. However, because no specific train number, service, or route is specified to perform the lookup, execution requires slot elicitation (missing_slot).",clarification_mismatch,1
ANN_B2_080,T3,570 gndy jnctn,route_stop_membership,,route_stop_membership,route_stop_membership|scheduled_departure,False,True,intent_ambiguity,The telegraphic query contains only a transit route identifier ('570') and a station/stop ('gndy jnctn' / Guindy Junction) with no predicate or functional keywords. It presents genuine semantic ambiguity between checking whether route 570 halts at Guindy Junction (route_stop_membership) and requesting the timetable or departure schedule for route 570 at Guindy Junction (scheduled_departure).,primary_mismatch|acceptable_set_mismatch|clarification_mismatch,3
ANN_B2_084,T3,Is Egmore station open right nwo?,mode_availability,first_and_last_service,first_and_last_service|mode_availability|scheduled_departure,first_and_last_service|realtime_status_query,True,False,,"The query asks whether Egmore station is open right now, targeting station opening and operating limits defined under first_and_last_service. Under Rule 3.6, temporal phrases like 'right now' do not inherently denote realtime tracking unless dynamic disruption or tracking is demanded, though realtime_status_query remains a valid secondary interpretation.",primary_mismatch|acceptable_set_mismatch|clarification_mismatch,3
ANN_B2_086,T3,tambaram local 20:00,scheduled_departure,,scheduled_departure,mode_availability|point_to_point_route|scheduled_departure,False,True,intent_ambiguity,"The keyword utterance 'tambaram local 20:00' provides only a destination/service entity and a timestamp without an interrogative or functional verb frame. Under Section 4.2, such underspecified timing/service queries exhibit genuine semantic ambiguity between timetable departure lookup (scheduled_departure), journey planning (point_to_point_route), and service existence/operational check (mode_availability), requiring clarification rather than forcing a single primary label.",primary_mismatch|acceptable_set_mismatch|clarification_mismatch,3
ANN_B2_088,T3,airport 8:30 am,scheduled_departure,,scheduled_departure,point_to_point_route|scheduled_departure,False,True,intent_ambiguity,"The query consists strictly of a location ('airport') and a timestamp ('8:30 am') without directional prepositions or action verbs. It is semantically indeterminate between a journey planning request (point_to_point_route) and a timetable inquiry (scheduled_departure), representing genuine intent ambiguity with no single defensible primary label.",primary_mismatch|acceptable_set_mismatch|clarification_mismatch,3
ANN_B2_090,T3,Koyambedu से next train kab hai?,scheduled_departure,scheduled_departure,first_and_last_service|mode_availability|scheduled_departure,scheduled_departure,True,True,missing_slot,"The commuter is inquiring about the timing of the next train departure from Koyambedu ('next train kab hai?'), which directly corresponds to scheduled_departure (next timetable run). While the origin is provided (Koyambedu), the destination/direction of travel is missing, representing an execution incompleteness (missing_slot) that requires clarification.",acceptable_set_mismatch,1
ANN_B2_091,T3,क्या सीएमबीटी से एयरपोर्ट यात्रा पर स्मार्ट कार्ड से डिस्काउंट मिलता है?,ticketing_and_passes,ticketing_and_passes,ticketing_and_passes,fare_calculation|ticketing_and_passes,False,False,,"The commuter inquires whether a discount applies when using a smart card for travel from CMBT to Airport. This primarily concerns smart card ticketing policies and concession rules ('ticketing_and_passes'). Given the specified origin and destination, determining the discounted ticket price serves as a plausible secondary interpretation ('fare_calculation').",acceptable_set_mismatch,1
ANN_B2_095,T3,egmore bus schedule or route,scheduled_departure,,point_to_point_route|route_stop_sequence|scheduled_departure,point_to_point_route|scheduled_departure,True,True,intent_ambiguity|multiple_goals,"The query presents two distinct operational intents joined by the disjunctive 'or'—requesting either timetable timings ('scheduled_departure') or transit journey routing ('point_to_point_route') for buses at Egmore. Because neither intent is uniquely favored, no single primary label is defensible, requiring clarification due to genuine intent ambiguity and multiple expressed goals.",primary_mismatch|acceptable_set_mismatch,2
ANN_B2_097,T3,guindy midnight train,first_and_last_service,,first_and_last_service,first_and_last_service|mode_availability|point_to_point_route|scheduled_departure,False,True,intent_ambiguity,"The telegraphic query 'guindy midnight train' lacks an explicit interrogative or functional verb, creating genuine semantic ambiguity among late-night operating limits/last service (first_and_last_service), scheduled departure times around midnight (scheduled_departure), operational availability of trains at that hour (mode_availability), and journey planning from Guindy (point_to_point_route). Under Section 4.1 and 4.2 guidelines, no single primary label is defensible without clarification.",primary_mismatch|acceptable_set_mismatch|clarification_mismatch,3
ANN_B2_098,T3,Koyambedu to anywhere metro?,point_to_point_route,point_to_point_route,mode_availability|point_to_point_route|route_stop_sequence,point_to_point_route,True,True,missing_slot,"The utterance expresses a journey planning inquiry (point_to_point_route) for metro transit originating from Koyambedu. The word 'anywhere' represents an underspecified or unfilled destination slot. In accordance with Section 4.2, this is an execution incompleteness issue (missing_slot) rather than intent ambiguity, so primary_label is retained as point_to_point_route while requiring clarification for the destination.",acceptable_set_mismatch,1
ANN_B2_099,T3,Koyambedu se Alandur badalna kahan padega?,interchange_transfer,interchange_transfer,interchange_transfer,interchange_transfer|point_to_point_route,False,False,,"The commuter specifically asks where they need to transfer or change vehicles ('badalna kahan padega') between Koyambedu and Alandur, making interchange_transfer the primary semantic intent. Since the query also specifies an origin and destination within an implied journey, point_to_point_route is a plausible secondary label.",acceptable_set_mismatch,1
ANN_B2_101,T3,102 to sholinganallur ,route_stop_membership,route_stop_membership,route_stop_membership,point_to_point_route|route_stop_membership|scheduled_departure,False,False,,"The utterance pairs a transit route ('102') with a specific destination halt ('sholinganallur') using 'to', directly expressing an inquiry into whether route 102 serves or halts at Sholinganallur (route_stop_membership). Valid secondary interpretations in commuter search logs include journey planning (point_to_point_route) with an implied current-location origin, or timetable departures (scheduled_departure).",acceptable_set_mismatch,1
ANN_B2_103,T3,Anna Nagar se Central?,point_to_point_route,point_to_point_route,fare_calculation|interchange_transfer|mode_availability|point_to_point_route,point_to_point_route,True,False,,"The utterance specifies an origin ('Anna Nagar') and destination ('Central') using the postposition 'se' ('from Anna Nagar to Central?'), expressing a point-to-point journey planning inquiry without modal constraints.",acceptable_set_mismatch|clarification_mismatch,2
ANN_B2_107,T3,54 to broadwa,route_stop_membership,,route_stop_membership,point_to_point_route|route_stop_membership|route_stop_sequence|scheduled_departure,False,True,intent_ambiguity,"The telegraphic query '54 to broadwa' provides only a route identifier (54) and a destination/headsign (Broadway) with no verb or question particle. It is semantically indeterminate among requesting route stops (route_stop_sequence), scheduled timetable departures (scheduled_departure), whether 54 serves Broadway (route_stop_membership), or journey planning (point_to_point_route). Under Section 4.1, genuine intent ambiguity with no single defensible primary label requires primary_label to be null with clarification_required set to true.",primary_mismatch|acceptable_set_mismatch|clarification_mismatch,3
ANN_B2_112,T3,is thiruvanmiyur station open right now,mode_availability,first_and_last_service,first_and_last_service|mode_availability|scheduled_departure,first_and_last_service|realtime_status_query,True,False,,"The commuter inquires whether Thiruvanmiyur station is open at the current moment, which directly relates to station opening and closing service operating limits (first_and_last_service). Under boundary rule 3.6, temporal phrases like 'right now' alone do not mandate a realtime classification unless dynamic tracking or active disruption is explicitly requested; however, inquiring about current live operational/closure status serves as a valid secondary interpretation.",primary_mismatch|acceptable_set_mismatch|clarification_mismatch,3
ANN_B2_113,T3,Route 70V?,route_stop_sequence,,mode_availability|route_stop_sequence|scheduled_departure,mode_availability|route_stop_sequence|scheduled_departure,True,True,intent_ambiguity,"The utterance 'Route 70V?' specifies only a route identifier without any action, question word, or predicate. It exhibits genuine semantic ambiguity between seeking the route's stop sequence/path (route_stop_sequence), scheduled timetable/departures (scheduled_departure), or service operational availability (mode_availability).",primary_mismatch,1
ANN_B2_114,T3,Route D70?,route_stop_sequence,,mode_availability|route_stop_sequence|scheduled_departure,mode_availability|route_stop_sequence|scheduled_departure,True,True,intent_ambiguity,"The utterance 'Route D70?' specifies a route designator without any question word, action, or predicate. It exhibits genuine intent ambiguity among requesting the route's stop sequence, scheduled departure timetable, or checking operational service availability.",primary_mismatch,1
ANN_B2_120,T3,Where should I interchange betwin Broadway and Poonamallee,interchange_transfer,interchange_transfer,interchange_transfer,interchange_transfer|point_to_point_route,False,False,,"The commuter explicitly asks for the transfer location ('Where should I interchange') between Broadway and Poonamallee, directly targeting line transfer / interchange guidance (interchange_transfer). Because the request is situated between an origin and destination corridor, point_to_point_route is also an acceptable secondary interpretation.",acceptable_set_mismatch,1
ANN_B2_127,T3,Green line metro halts from anna nagar to St Thomas Mount?,route_stop_sequence,route_stop_sequence,route_stop_sequence,point_to_point_route|route_stop_sequence,False,False,,"The commuter specifically asks for the 'halts' (stations) along the Green Line metro from Anna Nagar to St Thomas Mount, which directly requests the ordered sequence or list of stops along that route segment (route_stop_sequence). Because an origin-destination corridor is specified, point_to_point_route is included as an acceptable secondary interpretation.",acceptable_set_mismatch,1
ANN_B2_130,T3,Is Tambaram station open right now?,mode_availability,first_and_last_service,first_and_last_service|mode_availability|scheduled_departure,first_and_last_service|realtime_status_query,True,False,,"The commuter asks whether Tambaram station is open, which relates to station opening and closing service operating limits (first_and_last_service). Under Section 3.6, temporal phrases like 'right now' alone do not denote realtime tracking unless dynamic tracking (GPS, live delays/disruptions, or crowding) is explicitly requested; however, realtime_status_query is included as an acceptable secondary interpretation for current live operational status.",primary_mismatch|acceptable_set_mismatch|clarification_mismatch,3
ANN_B2_134,T3,bl ln liv stts trckr me bh khn phnch h,realtime_status_query,realtime_status_query,realtime_status_query,realtime_status_query,False,True,missing_slot,"The user inquiry ('bl ln liv stts trckr me bh khn phnch h' -> 'where has it reached right now in the Blue Line live status tracker') directly seeks current-state dynamic tracking, which maps to realtime_status_query. Clarification is required due to a missing slot (the travel direction or specific train/vehicle run is unspecified).",clarification_mismatch,1
ANN_B2_138,T3,Tambaram से next train kab hai?,scheduled_departure,scheduled_departure,first_and_last_service|mode_availability|scheduled_departure,scheduled_departure,True,True,missing_slot,"The commuter is inquiring about the departure timing of the next scheduled train service departing from Tambaram ('Tambaram से next train kab hai?'), which falls under scheduled_departure. As the destination or travel direction is omitted, clarification is needed due to a missing slot.",acceptable_set_mismatch,1
ANN_B2_140,T3,kymbd s lndr ka rt kya h,point_to_point_route,,point_to_point_route,fare_calculation|point_to_point_route,False,True,intent_ambiguity,"The romanized text 'kymbd s lndr ka rt kya h' translates to 'Koyambedu se Alandur ka rt kya hai'. The vowel-omitted abbreviation 'rt' is genuinely ambiguous between 'route' (journey planning under point_to_point_route) and 'rate' (ticket cost under fare_calculation), with neither interpretation prevailing.",primary_mismatch|acceptable_set_mismatch|clarification_mismatch,3
ANN_B2_147,T3,Perungalathur से next train kab hai?,scheduled_departure,scheduled_departure,first_and_last_service|mode_availability|scheduled_departure,scheduled_departure,True,True,missing_slot,"The user is inquiring about the timing of the next train departure from Perungalathur ('next train kab hai?'), which corresponds to scheduled_departure (next timetable run). The semantic intent is clear, but the destination station/direction slot is missing.",acceptable_set_mismatch,1
ANN_B2_148,T3,Anna University metro se kaise pahuchein?,point_to_point_route,point_to_point_route,point_to_point_route,point_to_point_route,False,True,missing_slot,"The user is seeking route directions to reach Anna University using the metro ('metro se kaise pahuchein'), which directly expresses a point_to_point_route intent. While the mode and destination are specified, the origin location is missing.",clarification_mismatch,1
ANN_B2_149,T3,is adyr stn open rght now,mode_availability,first_and_last_service,first_and_last_service|mode_availability|scheduled_departure,first_and_last_service|realtime_status_query,True,False,,"The user is inquiring whether Adyar station is currently open ('is adyr stn open rght now'). Under T3, inquiries regarding station opening, closing, or operating service limits belong to 'first_and_last_service'. Per Boundary Rule 3.6, temporal phrases alone ('rght now') do not imply a realtime status query unless dynamic tracking of active delays, disruptions, crowding, or live GPS is explicitly demanded. However, 'realtime_status_query' is recognized as a valid secondary label if the user intended to verify unscheduled operational disruptions.",primary_mismatch|acceptable_set_mismatch|clarification_mismatch,3
ANN_B2_150,T3,Where should I interchange between Perambur and Guindy?,interchange_transfer,interchange_transfer,interchange_transfer,interchange_transfer|point_to_point_route,False,False,,"The user explicitly inquires about the transfer/connection point ('Where should I interchange') for travel between Perambur and Guindy, which directly targets transfer logistics (interchange_transfer). Because it involves routing between two endpoints, point_to_point_route is a plausible secondary interpretation.",acceptable_set_mismatch,1
ANN_B2_152,T3,कोयम्बेडु पर bus कितनी कितनी देर में आती ह?ै,service_frequency,service_frequency,service_frequency,service_frequency,False,True,missing_slot,"The Hindi phrase 'कितनी कितनी देर में आती है' specifically queries headway and dispatch intervals (recurrence/frequency) at Koyambedu, mapping unambiguously to service_frequency. However, the query omits the specific bus route or destination, necessitating clarification for missing slots.",clarification_mismatch,1
ANN_B2_154,T3,कहाँ से वेलाचेरी जाऊं?,point_to_point_route,point_to_point_route,mode_availability|point_to_point_route,point_to_point_route,True,True,missing_slot,"The commuter is seeking transit directions to destination Velachery ('कहाँ से वेलाचेरी जाऊं?' / 'From where should I go to Velachery?'). The routing intent is unambiguously point_to_point_route, but the origin location is missing, representing an execution gap (missing_slot).",acceptable_set_mismatch,1
ANN_B2_156,T3,Koyambedu bus schedule or route?,scheduled_departure,,point_to_point_route|route_stop_sequence|scheduled_departure,point_to_point_route|scheduled_departure,True,True,intent_ambiguity,"The query presents an explicit disjunction ('or') between seeking bus timetable departure timings ('schedule') and transit journey planning directions ('route') for Koyambedu. Neither interpretation can be privileged without commuter clarification, creating genuine intent ambiguity between scheduled_departure and point_to_point_route.",primary_mismatch|acceptable_set_mismatch,2
ANN_B2_159,T3,vadapalani bus schedule or route,scheduled_departure,,point_to_point_route|route_stop_sequence|scheduled_departure,point_to_point_route|scheduled_departure,True,True,intent_ambiguity,"The commuter query explicitly offers two alternative transit intents ('schedule or route') connected by a disjunction, making it genuinely ambiguous whether the user seeks timetable departure schedules (scheduled_departure) or journey route planning (point_to_point_route). Under Sections 4.1 and 4.2 of the Gate B.3 T3 Guidelines, genuine semantic ambiguity between alternative interpretations requires primary_label to be set to null, all plausible candidate classes included in acceptable_labels, and clarification_required set to true with reason 'intent_ambiguity'.",primary_mismatch|acceptable_set_mismatch,2
ANN_B2_161,T3,Saidapet bus schedule or rout,scheduled_departure,,point_to_point_route|route_stop_sequence|scheduled_departure,point_to_point_route|scheduled_departure,True,True,intent_ambiguity|multiple_goals|missing_slot,"The query presents an explicit disjunction ('schedule or rout') between bus timetable departures ('scheduled_departure') and transit routing ('point_to_point_route') at Saidapet, while also lacking key origin/destination or route number slots. Because neither interpretation can be definitively prioritized as primary, primary_label is null.",primary_mismatch|acceptable_set_mismatch,2
ANN_B2_166,T3,tambaram local 09:00,scheduled_departure,scheduled_departure,scheduled_departure,point_to_point_route|scheduled_departure,False,True,missing_slot|intent_ambiguity,"The keyword query 'tambaram local 09:00' primarily seeks timetable departure timings for the 09:00 Tambaram suburban train service (scheduled_departure), with journey planning (point_to_point_route) as an acceptable secondary interpretation. Clarification is required due to missing origin/boarding station and travel direction slots as well as telegraphic intent ambiguity.",acceptable_set_mismatch|clarification_mismatch,2
ANN_B2_167,T3,Broadway से next train kab hia?,scheduled_departure,scheduled_departure,first_and_last_service|mode_availability|scheduled_departure,scheduled_departure,True,True,missing_slot,"The commuter inquires about the scheduled departure time of the next train departing from Broadway ('Broadway से next train kab hia?'), which falls under scheduled_departure. While the intent is clear, the destination slot is missing, requiring clarification for execution.",acceptable_set_mismatch,1
ANN_B2_171,T3,is thr a drct bs or trn frm chpk to bch,mode_availability,mode_availability,mode_availability,mode_availability|point_to_point_route,False,False,,"The user is querying whether direct bus or train service operates between Chepauk ('chpk') and Beach ('bch'). Under Boundary Rule 3.4, binary inquiries checking transit existence or direct operational service on a corridor map primarily to mode_availability, with point_to_point_route as an acceptable secondary interpretation for journey planning.",acceptable_set_mismatch,1
ANN_B2_175,T3,Beach bus schedule or ruote?,scheduled_departure,,point_to_point_route|route_stop_sequence|scheduled_departure,point_to_point_route|route_stop_sequence|scheduled_departure,True,True,intent_ambiguity,"The utterance presents an explicit disjunctive query ('schedule or ruote?') concerning a bus to/at Beach, creating genuine semantic ambiguity between requesting departure timetables (scheduled_departure), journey planning directions (point_to_point_route), or the bus route alignment/stop sequence (route_stop_sequence). Since no single intent is definitively expressed, primary_label is null and clarification is required.",primary_mismatch,1
ANN_B2_176,T3,570 to siruseri,route_stop_membership,route_stop_membership,route_stop_membership,point_to_point_route|route_stop_membership|scheduled_departure,False,True,intent_ambiguity,"The telegraphic query specifies a designated bus route ('570') and an individual destination halt ('siruseri'), most directly inquiring whether route 570 serves or halts at Siruseri (route_stop_membership). Because it lacks an explicit verb or interrogative marker, confirmation is required as it could also plausibly express a journey request to Siruseri (point_to_point_route) or a timetable inquiry (scheduled_departure).",acceptable_set_mismatch|clarification_mismatch,2
ANN_B2_178,T3,चन्नई बच स मट्रो,point_to_point_route,,mode_availability|point_to_point_route|scheduled_departure,mode_availability|nearest_transport|point_to_point_route,True,True,intent_ambiguity,"The utterance 'चन्नई बच स मट्रो' (Chennai Beach se metro) is an underspecified keyword fragment lacking a verb or question particle. It is semantically indeterminate between inquiring if metro service operates from Chennai Beach (mode_availability), seeking route directions from Chennai Beach via or to metro (point_to_point_route), or locating the nearest metro station from Chennai Beach (nearest_transport). With no single primary label defensible, clarification is required due to intent ambiguity.",primary_mismatch|acceptable_set_mismatch,2
ANN_B2_184,T3,102 to broadway ,route_stop_membership,,route_stop_membership,point_to_point_route|route_stop_membership|route_stop_sequence|scheduled_departure,False,True,intent_ambiguity,"The utterance '102 to broadway' provides a route identifier ('102') and a destination ('broadway') without an explicit predicate or interrogative framing. It is semantically indeterminate between inquiring whether route 102 serves Broadway (route_stop_membership), requesting departure schedules/timetables for the service (scheduled_departure), requesting the route's stop sequence (route_stop_sequence), or seeking journey routing (point_to_point_route). Under Section 4 guidelines, genuine intent ambiguity with no single defensible primary label requires setting primary_label to null and requesting clarification.",primary_mismatch|acceptable_set_mismatch|clarification_mismatch,3
ANN_B2_185,T3,can i use chennai metro smart card for discount on washermenpet to airport journey,ticketing_and_passes,ticketing_and_passes,ticketing_and_passes,fare_calculation|ticketing_and_passes,False,False,,"The inquiry specifically asks about smart card discount rules and concession policies, which falls squarely under ticketing_and_passes. Because it references discount applicability for a specific origin-destination journey, fare_calculation is included as an acceptable secondary interpretation.",acceptable_set_mismatch,1
ANN_B2_186,T3,rout 19B,route_stop_sequence,route_stop_sequence,mode_availability|route_stop_sequence|scheduled_departure,route_stop_sequence,True,False,,"The query 'rout 19B' is a keyword inquiry containing the route designator '19B' and 'rout' (route). It directly expresses an inquiry regarding the corridor and stop sequence of a designated transit service, which maps to route_stop_sequence under the T3 taxonomy. No temporal, fare, or specific stop membership dimensions are expressed.",acceptable_set_mismatch|clarification_mismatch,2
ANN_B2_196,T3,tmbrm lcl 1845,scheduled_departure,,scheduled_departure,mode_availability|point_to_point_route|scheduled_departure,False,True,intent_ambiguity,"The query 'tmbrm lcl 1845' is an underspecified keyword string comprising a station entity ('tmbrm' / Tambaram), a mode ('lcl' / suburban local train), and a timestamp ('1845' / 18:45) without verbs or directional markers. Per Section 4.2 guidelines on genuine semantic ambiguity (analogous to '8 baje train?'), the expressed meaning is semantically indeterminate between querying scheduled timetable departure times (scheduled_departure), verifying whether a service operates at that time (mode_availability), and point-to-point journey planning (point_to_point_route). Following Section 4.1, no single primary label is defensible, so primary_label is set to null with clarification required.",primary_mismatch|acceptable_set_mismatch|clarification_mismatch,3
ANN_B2_199,T3,102 to siruseri,route_stop_membership,,route_stop_membership,point_to_point_route|route_stop_membership,False,True,intent_ambiguity,"The utterance '102 to siruseri' contains only a route number ('102') and a destination halt ('siruseri') without any predicate or functional intent marker. It exhibits genuine semantic ambiguity between checking whether route 102 serves Siruseri (route_stop_membership) and requesting journey directions to Siruseri via route 102 with an omitted origin (point_to_point_route). Because neither intent is uniquely expressed in the surface text, no single primary label is defensible without clarification.",primary_mismatch|acceptable_set_mismatch|clarification_mismatch,3
ANN_B2_200,T3,570 to kyoambedu,route_stop_membership,,route_stop_membership,point_to_point_route|route_stop_membership|scheduled_departure,False,True,intent_ambiguity,"The query '570 to kyoambedu' is an underspecified telegraphese utterance containing only a bus route identifier (570) and a destination stop (Koyambedu) without any functional verb or question marker. It is semantically indeterminate between verifying if route 570 halts at Koyambedu (route_stop_membership), requesting scheduled timetable departures for 570 towards Koyambedu (scheduled_departure), and requesting journey route guidance to Koyambedu using 570 (point_to_point_route). Under Section 4.1 and 4.2 of the guidelines, no single primary label is defensible, requiring primary_label to be null and clarification_required to be true.",primary_mismatch|acceptable_set_mismatch|clarification_mismatch,3
ANN_B2_201,T3,Kilpauk bus schedule or rout,scheduled_departure,,point_to_point_route|route_stop_sequence|scheduled_departure,point_to_point_route|scheduled_departure,True,True,intent_ambiguity|missing_slot,"The query presents an explicit disjunction between seeking a bus timetable ('schedule' -> scheduled_departure) and transit navigation/routing ('rout' -> point_to_point_route). Because neither intent is prioritized and essential parameters (origin/destination or bus route number) are missing, the query is genuinely ambiguous and requires clarification.",primary_mismatch|acceptable_set_mismatch,2
ANN_B2_202,T3,क्या गिंडी से आलंदूर यात्रा पर स्मार्ट कार्ड से डिस्काउंट मिलता है?,ticketing_and_passes,ticketing_and_passes,ticketing_and_passes,fare_calculation|ticketing_and_passes,False,False,,"The user is inquiring about smart card concession/discount policies for travel between Guindy and Alandur, which falls under ticketing and pass policies (ticketing_and_passes), with fare calculation being an acceptable secondary interpretation as it pertains to discounted fares.",acceptable_set_mismatch,1
ANN_B2_206,T3,Central to anywhere metro?,point_to_point_route,,mode_availability|point_to_point_route|route_stop_sequence,mode_availability|point_to_point_route,True,True,intent_ambiguity|missing_slot,The telegraphic query 'Central to anywhere metro?' is semantically ambiguous between verifying whether metro service operates from Central (mode_availability) and requesting journey planning from Central without a defined destination (point_to_point_route with an underspecified destination slot).,primary_mismatch|acceptable_set_mismatch,2
ANN_B2_210,T3,green line metro halts from tambaram to st thomas mount,route_stop_sequence,route_stop_sequence,route_stop_sequence,point_to_point_route|route_stop_sequence,False,False,,"The commuter specifically asks for 'halts' (stations/stops) along the Green Line Metro corridor between Tambaram and St Thomas Mount, which directly expresses a request for a route stop sequence. Because an origin and destination pair is provided, point_to_point_route is included as a secondary acceptable interpretation.",acceptable_set_mismatch,1
ANN_B2_211,T3,Route 29C?,route_stop_sequence,,mode_availability|route_stop_sequence|scheduled_departure,mode_availability|route_stop_sequence|scheduled_departure,True,True,intent_ambiguity,"The utterance 'Route 29C?' specifies only a route identifier without an expressed verb or inquiry goal. It exhibits genuine semantic ambiguity between seeking the stop sequence or route alignment (route_stop_sequence), scheduled timetable timings (scheduled_departure), or operational service availability (mode_availability).",primary_mismatch,1
ANN_B2_213,T3,Adyar से next train kab hai?,scheduled_departure,scheduled_departure,first_and_last_service|mode_availability|scheduled_departure,scheduled_departure,True,True,missing_slot,"The commuter is inquiring about the timing of the next departure ('next train kab hai?'), which corresponds directly to scheduled_departure (next timetable run). Clarification is required due to execution incompleteness as the destination or direction of travel is unspecified (missing_slot).",acceptable_set_mismatch,1
ANN_B2_215,T3,Guindy to anywhere mtero?,point_to_point_route,,mode_availability|point_to_point_route|route_stop_sequence,mode_availability|point_to_point_route,True,True,intent_ambiguity|missing_slot,"The utterance 'Guindy to anywhere mtero?' exhibits genuine semantic ambiguity between an inquiry checking whether metro service exists/operates out of Guindy ('mode_availability') and an underspecified journey planning query departing Guindy lacking a concrete destination ('point_to_point_route' with a missing destination slot). Because neither intent is uniquely defensible from the surface text alone, primary_label is null and clarification is required.",primary_mismatch|acceptable_set_mismatch,2
ANN_B2_223,T3,अन्ना नगर टावर से मेट्रो?,point_to_point_route,,mode_availability|point_to_point_route|scheduled_departure,mode_availability|point_to_point_route|scheduled_departure,True,True,intent_ambiguity,"The query 'अन्ना नगर टावर से मेट्रो?' ('Metro from Anna Nagar Tower?') is highly underspecified and lacks an explicit verb or question particle. It is semantically indeterminate between inquiring whether metro service operates from this station/location (mode_availability), seeking transit routing from this origin (point_to_point_route), or asking for scheduled departure timings (scheduled_departure). Under Sections 4.1 and 4.2 of the guidelines, genuine intent ambiguity without a single defensible primary interpretation requires setting primary_label to null and clarification_required to true.",primary_mismatch,1
ANN_B2_224,T3,कहाँ से अडयार जाऊं?,point_to_point_route,point_to_point_route,mode_availability|point_to_point_route,point_to_point_route,True,True,missing_slot,"The user is seeking route/journey planning directions to Adyar ('कहाँ से अडयार जाऊं?' translates to 'From where should I go to Adyar?'). The routing intent is unambiguous (point_to_point_route), but execution is incomplete because the origin location/station is missing.",acceptable_set_mismatch,1
ANN_B2_226,T3,whr do i nd to chng lns whn trvlng frm hgh crt to st thms mnt,interchange_transfer,interchange_transfer,interchange_transfer,interchange_transfer|point_to_point_route,False,False,,"The commuter is specifically asking where to change transit lines while traveling between High Court and St. Thomas Mount, which directly targets interchange and line-transfer logistics.",acceptable_set_mismatch,1
ANN_B2_227,T3,19B to siruseri,route_stop_membership,,route_stop_membership,point_to_point_route|route_stop_membership|scheduled_departure,False,True,intent_ambiguity,"The utterance '19B to siruseri' is an underspecified fragment consisting only of a transit route identifier ('19B') and a destination/stop ('siruseri') without a governing verb or interrogative marker. It is semantically indeterminate among checking whether route 19B halts at Siruseri (route_stop_membership), inquiring about departure times/schedules for 19B towards Siruseri (scheduled_departure), and seeking routing/journey guidance to Siruseri via 19B (point_to_point_route). Under Section 4.1 and 4.2 of the Gate B.3 guidelines, when no single primary label is defensible due to genuine intent ambiguity, primary_label is set to null with clarification_required marked true.",primary_mismatch|acceptable_set_mismatch|clarification_mismatch,3
ANN_B2_228,T3,19B to t naga,route_stop_membership,route_stop_membership,route_stop_membership,point_to_point_route|route_stop_membership|scheduled_departure,False,True,intent_ambiguity,"The query pairs a specific transit route ('19B') with a target location ('t naga' / T. Nagar). In commuter transit discourse, pairing a route identifier with a stop primarily inquires whether the designated route serves or connects to that halt (route_stop_membership). However, because the surface form is telegraphic and lacks an explicit verb phrase, it is semantically underspecified and could alternatively express a request for trip routing (point_to_point_route) or timetable departures (scheduled_departure), warranting clarification.",acceptable_set_mismatch|clarification_mismatch,2
ANN_B2_229,T3,Is Broadway station open right now?,mode_availability,first_and_last_service,first_and_last_service|mode_availability|scheduled_departure,first_and_last_service|realtime_status_query,True,False,,"The commuter asks whether Broadway station is open right now. Inquiries regarding station opening, closing, or service operating limits are categorized under first_and_last_service. Per Boundary Rule 3.6, temporal phrases like 'right now' do not alone imply realtime unless dynamic tracking (GPS, active delay/disruption, crowding) is explicitly demanded. However, realtime_status_query is included as an acceptable secondary candidate in case the user intended to check live operational disruption status.",primary_mismatch|acceptable_set_mismatch|clarification_mismatch,3
ANN_B2_233,T3,Beach to anywhere mtro,point_to_point_route,point_to_point_route,mode_availability|point_to_point_route|route_stop_sequence,point_to_point_route,True,True,missing_slot,"The utterance expresses a journey planning request from Beach via metro. While the intent is unambiguously point_to_point_route, the destination is unspecified ('anywhere'), representing an execution incompleteness (missing slot) that requires clarification.",acceptable_set_mismatch,1
ANN_B2_235,T3,erport midnight train,first_and_last_service,,first_and_last_service,first_and_last_service|mode_availability|point_to_point_route|scheduled_departure,False,True,intent_ambiguity,"The telegraphic query 'erport midnight train' provides an entity/location ('erport'), a time indicator ('midnight'), and a transit mode ('train') without any verb or question marker. It is semantically indeterminate between requesting a scheduled timetable departure around midnight (scheduled_departure), inquiring about late-night operating limits/last service (first_and_last_service), checking whether trains run at midnight (mode_availability), or seeking journey routing (point_to_point_route). Under Section 4.1 and 4.2 of the T3 guidelines, such underspecified inquiries represent genuine semantic ambiguity requiring clarification, with primary_label set to null.",primary_mismatch|acceptable_set_mismatch|clarification_mismatch,3
ANN_B2_238,T3,what is the schdld dprtr time from thrmnglm arnd 0900,scheduled_departure,scheduled_departure,scheduled_departure,scheduled_departure,False,True,missing_slot,"The commuter specifically asks for the scheduled departure time around 09:00 from Thirumangalam ('schdld dprtr time from thrmnglm arnd 0900'), which directly maps to scheduled_departure. The semantic intent is clear and refers to static timetable information rather than real-time tracking, but it lacks the destination or route/mode slot to execute a specific timetable lookup.",clarification_mismatch,1
ANN_B2_239,T3,Avadi bus schedule or route?,scheduled_departure,,point_to_point_route|route_stop_sequence|scheduled_departure,point_to_point_route|scheduled_departure,True,True,intent_ambiguity,"The utterance presents an explicit disjunction ('schedule or route?') between seeking scheduled timetable departure times ('scheduled_departure') and journey planning directions to Avadi ('point_to_point_route'). Because neither candidate intent is uniquely primary or defensible over the other, primary_label is set to null with clarification required due to intent ambiguity.",primary_mismatch|acceptable_set_mismatch,2
ANN_B2_241,T3,vlchry स next trn kab hai,scheduled_departure,scheduled_departure,first_and_last_service|mode_availability|scheduled_departure,scheduled_departure,True,False,,"The user inquiry ('vlchry स next trn kab hai' / 'When is the next train from Velachery?') explicitly asks for the scheduled timetable departure of the upcoming service from a specified origin station. Under the T3 taxonomy, queries requesting departure times for the next timetable run map directly to 'scheduled_departure'. Furthermore, per Boundary Rule 3.6, relative temporal terms such as 'next' seek scheduled timetable information and do not qualify as 'realtime_status_query' in the absence of explicit demands for dynamic live tracking (e.g., live GPS, delays, or crowding).",acceptable_set_mismatch|clarification_mismatch,2
ANN_B2_242,T3,route a1,route_stop_sequence,route_stop_sequence,mode_availability|route_stop_sequence|scheduled_departure,route_stop_sequence,True,False,,"The user query 'route a1' specifies a designated transit route identifier ('a1') alongside the explicit keyword 'route'. Under the T3 taxonomy, an inquiry targeting a designated route without specifying individual stop membership, timetable departures, or fare details directly expresses an intent to view the route's alignment or stop sequence ('route_stop_sequence').",acceptable_set_mismatch|clarification_mismatch,2
ANN_B2_249,T3,vdpln to cntrl rt me ln chng khn krn hg,interchange_transfer,interchange_transfer,interchange_transfer,interchange_transfer|point_to_point_route,False,False,,"The user specifically inquires where to execute a line transfer ('ln chng khn krn hg' / line change kahan karna hoga) along the Vadapalani to Central route ('vdpln to cntrl rt me'), making interchange_transfer the primary intent. point_to_point_route is included as a secondary acceptable interpretation due to the specified origin-destination corridor context.",acceptable_set_mismatch,1
ANN_B2_255,T3,Thiruvanmiyur से next train kab hai?,scheduled_departure,scheduled_departure,first_and_last_service|mode_availability|scheduled_departure,scheduled_departure,True,True,missing_slot,"The user is inquiring about the next scheduled train departure time ('next train kab hai') from Thiruvanmiyur, which falls under scheduled_departure ('next timetable run'). While the intent is clear, the destination or direction of travel is omitted, requiring clarification for missing_slot.",acceptable_set_mismatch,1
ANN_B2_258,T3,Washermenpet bus schedule or route?,scheduled_departure,,point_to_point_route|route_stop_sequence|scheduled_departure,point_to_point_route|route_stop_sequence|scheduled_departure,True,True,intent_ambiguity|multiple_goals|missing_slot,"The utterance presents a disjunction between two distinct transit inquiries ('schedule or route?'), creating genuine intent ambiguity across timetable schedules (scheduled_departure) and routing (point_to_point_route or route_stop_sequence), while also omitting essential origin, destination, or route-number slots.",primary_mismatch,1
ANN_B2_259,T3,आलंदूर स्टेशन कि जानकारी,interchange_transfer,,interchange_transfer|station_accessibility|station_facilities,interchange_transfer|scheduled_departure|station_facilities,True,True,intent_ambiguity,"The Hindi query 'आलंदूर स्टेशन कि जानकारी' ('Alandur station information') is an underspecified inquiry requesting general information about Alandur station without indicating a specific functional operation. It is semantically indeterminate between passenger amenities/facilities ('station_facilities'), line interchange and transfer details at this junction hub ('interchange_transfer'), and train timetable timings ('scheduled_departure'). In accordance with Section 4.1 on genuine semantic ambiguity, no single primary label is defensible without forcing an assumption.",primary_mismatch|acceptable_set_mismatch,2
ANN_B2_261,T3,Chromepet bus schedule or route?,scheduled_departure,,point_to_point_route|route_stop_sequence|scheduled_departure,point_to_point_route|scheduled_departure,True,True,intent_ambiguity,"The commuter query presents an explicit disjunction ('schedule or route?') between requesting scheduled departure timetable timings (scheduled_departure) and journey route planning (point_to_point_route). Because neither intent takes precedence from the surface text, the query exhibits genuine semantic ambiguity; primary_label is set to null, both candidates are listed in acceptable_labels, and clarification is required.",primary_mismatch|acceptable_set_mismatch,2
ANN_B2_262,T3,anna nagar tower bus schedule or route,scheduled_departure,,point_to_point_route|route_stop_sequence|scheduled_departure,point_to_point_route|scheduled_departure,True,True,intent_ambiguity,"The query presents an explicit disjunction ('bus schedule or route') for Anna Nagar Tower, creating genuine semantic ambiguity between querying timetable departures (scheduled_departure) and journey planning (point_to_point_route). Because neither interpretation takes precedence, primary_label is null and clarification is required.",primary_mismatch|acceptable_set_mismatch,2
ANN_B2_265,T3,guindy morning first,first_and_last_service,first_and_last_service,first_and_last_service,first_and_last_service,False,True,missing_slot,"The utterance 'guindy morning first' targets the earliest operating boundary limit for services departing from Guindy, which maps unambiguously to first_and_last_service. However, it lacks destination, transit line, or mode information necessary to look up the exact service, representing execution incompleteness (missing_slot).",clarification_mismatch,1
ANN_B2_267,T3,kymbd se mrnng me phl intrcty bus kab nklg,first_and_last_service,first_and_last_service,first_and_last_service,first_and_last_service|scheduled_departure,False,False,,"The user is asking when the first intercity bus departs from Koyambedu in the morning ('kymbd se mrnng me phl intrcty bus kab nklg'). Under T3 boundary rules, inquiries targeting early morning or opening service limits specifically map to 'first_and_last_service'. As it inquires about scheduled departure timing ('kab nklg'), 'scheduled_departure' is a plausible secondary interpretation.",acceptable_set_mismatch,1
ANN_B2_269,T3,29C to san thom,route_stop_membership,route_stop_membership,route_stop_membership,point_to_point_route|route_stop_membership,False,False,,"The utterance pairs a designated bus route ('29C') with an individual halt ('san thom'), functioning as an elliptical inquiry asking whether route 29C serves or goes to San Thom (route_stop_membership). It can secondarily be interpreted as a terse journey planning query seeking transit to San Thom via route 29C (point_to_point_route).",acceptable_set_mismatch,1
ANN_B2_271,T3,कहाँ से एग्मोर जाऊं?,point_to_point_route,point_to_point_route,mode_availability|point_to_point_route,point_to_point_route,True,True,missing_slot,"The commuter is asking for directions/routing to Egmore ('कहाँ से एग्मोर जाऊं?'), which expresses a journey planning intent (point_to_point_route). The origin location is unspecified, representing an execution incompleteness (missing_slot) that requires clarification.",acceptable_set_mismatch,1
ANN_B2_273,T3,central 8:30 am,scheduled_departure,,scheduled_departure,point_to_point_route|scheduled_departure,False,True,intent_ambiguity|missing_slot,"The utterance 'central 8:30 am' consists only of a location entity ('central') and a timestamp ('8:30 am') without any syntactic structure, directional prepositions, or intent verbs. It is genuinely ambiguous between requesting timetable departures around 8:30 AM at Central (scheduled_departure) and requesting journey routing starting or ending at Central at 8:30 AM (point_to_point_route), with essential origin/destination and mode slots also missing.",primary_mismatch|acceptable_set_mismatch|clarification_mismatch,3
ANN_B2_278,T3,Mambalam bus schedule or route?,scheduled_departure,,point_to_point_route|route_stop_sequence|scheduled_departure,point_to_point_route|scheduled_departure,True,True,intent_ambiguity,"The query presents an explicit disjunction ('schedule or route?'), resulting in genuine semantic ambiguity between requesting timetable departure timings (scheduled_departure) and route journey planning (point_to_point_route). Neither intent can be definitively prioritized without clarification.",primary_mismatch|acceptable_set_mismatch,2
ANN_B2_281,T3,Anna Nagar Tower se Central badalna kahan padega?,interchange_transfer,interchange_transfer,interchange_transfer,interchange_transfer|point_to_point_route,False,False,,"The commuter provides an origin (Anna Nagar Tower) and destination (Central) and specifically asks 'badalna kahan padega?' ('where will I have to change/transfer?'). The primary expressed intent focuses directly on line/mode interchange logistics, mapping to interchange_transfer. Because the query is framed within an origin-destination journey context, point_to_point_route is a plausible secondary candidate.",acceptable_set_mismatch,1
ANN_B2_282,T3,A1 to war memorial,route_stop_membership,,route_stop_membership,point_to_point_route|route_stop_membership,False,True,intent_ambiguity,"The telegraphic query 'A1 to war memorial' lacks functional verbs or question framing. It is semantically indeterminate between checking whether bus route A1 serves War Memorial as a stop (route_stop_membership) and requesting point-to-point journey directions to War Memorial from A1 / using A1 (point_to_point_route). Under neutral semantic judgment, neither intent is exclusively defensible without clarification.",primary_mismatch|acceptable_set_mismatch|clarification_mismatch,3
ANN_B2_283,T3,Route 23C?,route_stop_sequence,,mode_availability|route_stop_sequence|scheduled_departure,mode_availability|route_stop_sequence|scheduled_departure,True,True,intent_ambiguity,"The query 'Route 23C?' mentions only the route/service identifier with a question mark, lacking an action verb, question word, or specific information goal. It is semantically indeterminate between seeking the route stop sequence/alignment (route_stop_sequence), timetable/departure timings (scheduled_departure), or operational existence/service status (mode_availability). Under the Gate B.3 ambiguity policy, genuine intent ambiguity with no single defensible primary label requires primary_label to be null with clarification_required set to true.",primary_mismatch,1
ANN_B2_286,T3,agar metro smart card se travel kare to token ke comparison me kitna discount milta hai?,ticketing_and_passes,ticketing_and_passes,ticketing_and_passes,fare_calculation|ticketing_and_passes,False,False,,"The commuter inquires about the general discount or concession policy applicable to metro smart card usage versus tokens. This directly maps to ticketing rules and concession policies (ticketing_and_passes), with fare_calculation as an acceptable secondary interpretation related to ticket pricing structure.",acceptable_set_mismatch,1
ANN_B2_288,T3,Is Central station open right now?,mode_availability,first_and_last_service,first_and_last_service|mode_availability|scheduled_departure,first_and_last_service|realtime_status_query,True,False,,"The inquiry asks whether Central station is open at the present moment, which primarily targets opening and closing operating limits (first_and_last_service). Under Rule 3.6, temporal phrases like 'right now' do not alone mandate realtime_status_query unless dynamic tracking or active disruption is explicitly sought; nonetheless, realtime_status_query remains an acceptable secondary candidate if interpreted as a live operational status check.",primary_mismatch|acceptable_set_mismatch|clarification_mismatch,3
ANN_B2_294,T3,kymbd se alndr drct srvc hai ya chg,mode_availability,mode_availability,mode_availability,mode_availability|point_to_point_route,False,False,,"The user inquires whether a direct service operates between Koyambedu ('kymbd') and Alandur ('alndr') or if a transfer/change ('chg') is needed. This directly checks direct transit operation on a corridor under mode_availability, with point_to_point_route as a plausible secondary routing interpretation.",acceptable_set_mismatch,1
ANN_B2_295,T3,green line metro halts from vadapalani to st thomas mount,route_stop_sequence,route_stop_sequence,route_stop_sequence,point_to_point_route|route_stop_sequence,False,False,,"The commuter is asking for the sequence of halts (stations) along the Green Line metro corridor between Vadapalani and St Thomas Mount. The primary intent is route_stop_sequence, with point_to_point_route representing a plausible secondary interpretation due to the origin-destination framing.",acceptable_set_mismatch,1
ANN_B2_296,T3,Beach se tambrum,point_to_point_route,point_to_point_route,mode_availability|point_to_point_route|scheduled_departure,point_to_point_route,True,False,,The user query 'Beach se tambrum' specifies an origin ('Beach') and destination ('Tambaram') for point-to-point journey planning without explicit multimodality constraints or specific timing/fare requests.,acceptable_set_mismatch|clarification_mismatch,2
ANN_B2_299,T3,Alandur to anywhere mtro,point_to_point_route,point_to_point_route,mode_availability|point_to_point_route|route_stop_sequence,point_to_point_route,True,True,missing_slot,"The query expresses a journey planning intent from origin Alandur via metro using standard directional syntax ('Alandur to anywhere mtro'). Because 'anywhere' is an open/unspecified placeholder rather than a valid transit destination, there is an execution gap requiring a destination slot.",acceptable_set_mismatch,1
ANN_B2_301,T3,114 to koyambedu ,route_stop_membership,,route_stop_membership,point_to_point_route|route_stop_membership|scheduled_departure,False,True,intent_ambiguity,"The utterance '114 to koyambedu' is an underspecified telegraphic query containing only a route identifier ('114') and a destination ('koyambedu') without an operative verb or predicate. Under Section 4.1 and 4.2 of the guidelines, this exhibits genuine semantic ambiguity across multiple valid interpretations: checking whether route 114 serves Koyambedu (route_stop_membership), requesting journey directions to Koyambedu via route 114 (point_to_point_route), or seeking scheduled timetable departure timings (scheduled_departure). Because no single intent is uniquely expressed or defensible, primary_label must be set to null with clarification required.",primary_mismatch|acceptable_set_mismatch|clarification_mismatch,3
ANN_B2_302,T3,Anna Nagar Tower se sntrl direct service hai ya change,mode_availability,mode_availability,mode_availability,interchange_transfer|mode_availability,False,False,,"The commuter asks whether a direct transit service operates between Anna Nagar Tower and Central or if a change/transfer is needed. Per Boundary 3.4 and T3 definitions, checking the operational existence of direct transit on a corridor is primarily mode_availability, with line transfer inquiry (interchange_transfer) as a valid secondary interpretation for the 'ya change' clause.",acceptable_set_mismatch,1
ANN_B2_304,T3,where should i interchange between mylapore and velachery,interchange_transfer,interchange_transfer,interchange_transfer,interchange_transfer|point_to_point_route,False,False,,"The commuter specifically asks where to transfer or interchange ('where should i interchange') for travel between Mylapore and Velachery, directly targeting interchange logistics (interchange_transfer). Because the query involves an origin-destination pair that could also be handled by an end-to-end journey planner, point_to_point_route is included as a valid secondary label.",acceptable_set_mismatch,1
ANN_B2_305,T3,is bch stn open rght now,mode_availability,first_and_last_service,first_and_last_service|mode_availability|scheduled_departure,first_and_last_service|realtime_status_query,True,False,,"The user asks whether Chennai Beach station is currently open ('is bch stn open rght now'). Under T3 taxonomy rules, inquiries regarding opening or closing operating limits belong to first_and_last_service, as temporal expressions alone do not imply realtime dynamic tracking. However, realtime_status_query is an acceptable secondary interpretation if construed as checking live operational disruption or emergency closure status.",primary_mismatch|acceptable_set_mismatch|clarification_mismatch,3
ANN_B2_306,T3,कहाँ से तांबरम जाऊं?,point_to_point_route,point_to_point_route,mode_availability|point_to_point_route,point_to_point_route,True,True,missing_slot,"The user is requesting journey directions to Tambaram ('कहाँ से तांबरम जाऊं?' / 'From where should I go to Tambaram?'). The core intent is journey planning (point_to_point_route), but the origin location is unspecified, representing an execution gap (missing_slot) that requires clarification.",acceptable_set_mismatch,1
ANN_B2_308,T3,central 09:15 train,scheduled_departure,,scheduled_departure,mode_availability|point_to_point_route|scheduled_departure,False,True,intent_ambiguity,"The keyword utterance 'central 09:15 train' contains a station name, timestamp, and mode without syntactic or functional indicators. As specified in Section 4.2, such underspecified inquiries are semantically indeterminate between requesting a scheduled timetable departure (scheduled_departure), inquiring whether a train service operates at that time (mode_availability), or requesting journey routing (point_to_point_route). Under Section 4.1 guidelines, no single primary label is defensible and clarification is required due to genuine intent ambiguity.",primary_mismatch|acceptable_set_mismatch|clarification_mismatch,3
ANN_B2_310,T3,संट्रल पर bus क rltm gps loc trc हो रह है,realtime_status_query,realtime_status_query,realtime_status_query,realtime_status_query,False,True,missing_slot,"The query asks whether the realtime GPS location of a bus at Central is being tracked ('संट्रल पर bus क rltm gps loc trc हो रह है'), which directly pertains to live vehicle tracking under realtime_status_query. However, because the specific bus route number or identifier is not provided, the request lacks a critical slot needed to trace the vehicle, requiring clarification for missing_slot.",clarification_mismatch,1
ANN_B2_316,T3,102 to high court,route_stop_membership,,route_stop_membership,point_to_point_route|route_stop_membership|scheduled_departure,False,True,intent_ambiguity,"The query '102 to high court' consists solely of a route identifier (102) and a destination/stop (High Court) without a verb, question particle, or functional framing. It is genuinely ambiguous among checking whether route 102 serves High Court (route_stop_membership), requesting timetable departures for 102 towards High Court (scheduled_departure), and seeking journey planning/directions to High Court (point_to_point_route).",primary_mismatch|acceptable_set_mismatch|clarification_mismatch,3
ANN_B2_317,T3,Vandalur Zoo metro se kaise pahuchein?,point_to_point_route,point_to_point_route,point_to_point_route,point_to_point_route,False,True,missing_slot,"The user is asking for journey directions to reach Vandalur Zoo using the metro ('kaise pahuchein'), which expresses a journey planning intent (point_to_point_route). Only a single transit mode is mentioned, so it does not meet the explicit multi-mode criterion for multimodal_route. The intent is unambiguous, but the origin location is missing, necessitating clarification due to missing_slot.",clarification_mismatch,1
ANN_B2_319,T3,Where should I interchange between Adyar and Koyambedu?,interchange_transfer,interchange_transfer,interchange_transfer,interchange_transfer|point_to_point_route,False,False,,"The user explicitly inquires where to execute a transfer ('Where should I interchange'), directly aligning with interchange_transfer. Because an origin and destination pair ('between Adyar and Koyambedu') is specified, point_to_point_route is a valid secondary interpretation.",acceptable_set_mismatch,1
ANN_B2_324,T3,Is Perungalathur station open right now?,mode_availability,first_and_last_service,first_and_last_service|mode_availability|scheduled_departure,first_and_last_service|realtime_status_query,True,False,,"The inquiry asks whether Perungalathur station is open, which maps primarily to first_and_last_service as it relates to station opening and operating limit hours. Under Boundary Rule 3.6, temporal phrasing alone ('right now') does not imply realtime_status_query unless live disruption/delay tracking is explicitly demanded, though realtime_status_query remains an acceptable secondary candidate for live operational status.",primary_mismatch|acceptable_set_mismatch|clarification_mismatch,3
ANN_B2_325,T3,Egmore to anywhere metro?,point_to_point_route,,mode_availability|point_to_point_route|route_stop_sequence,mode_availability|point_to_point_route,True,True,intent_ambiguity,"The surface utterance 'Egmore to anywhere metro?' is a telegraphic fragment lacking an explicit predicate. It is semantically indeterminate between an existential inquiry checking whether metro services operate from Egmore ('mode_availability') and an incomplete journey planning request from Egmore where 'anywhere' represents an unspecified destination ('point_to_point_route'). Because neither interpretation is definitively expressed over the other, no single primary label is defensible, requiring clarification due to intent ambiguity.",primary_mismatch|acceptable_set_mismatch,2
ANN_B2_327,T3,Check headway and frequency of departures at CMBT,service_frequency,service_frequency,service_frequency,service_frequency,False,True,missing_slot,"The commuter specifically asks for vehicle headway and departure frequency, which uniquely maps to service_frequency. Because CMBT is a multi-service transit hub and no specific route, line, or destination is provided, execution requires clarifying the missing route slot.",clarification_mismatch,1
ANN_B2_334,T3,Route 570?,route_stop_sequence,,mode_availability|route_stop_sequence|scheduled_departure,mode_availability|route_stop_sequence|scheduled_departure,True,True,intent_ambiguity,"The utterance 'Route 570?' mentions only a route identifier without specifying an action, property, or question predicate. It is semantically indeterminate between requesting the route's stop sequence (route_stop_sequence), timetable/departures (scheduled_departure), or operational availability (mode_availability).",primary_mismatch,1
ANN_B2_336,T3,वडपलनी से मेट्रो?,point_to_point_route,,mode_availability|point_to_point_route|scheduled_departure,mode_availability|point_to_point_route|scheduled_departure,True,True,intent_ambiguity,"The utterance 'वडपलनी से मेट्रो?' ('Metro from Vadapalani?') is highly clipped and underspecified, containing only an origin location, postposition, and transit mode without a verb or interrogative marker. It is semantically indeterminate between checking transit availability ('Is there metro service operating from Vadapalani?' -> mode_availability), initiating journey routing ('How to go by metro from Vadapalani?' -> point_to_point_route), and seeking departure timings ('When does the metro leave from Vadapalani?' -> scheduled_departure). Under Section 4.1 and Section 4.2 of the guidelines, genuine intent ambiguity without a single defensible primary interpretation requires setting primary_label to null.",primary_mismatch,1
ANN_B2_337,T3,Perungalathur to anywhere metro?,point_to_point_route,mode_availability,mode_availability|point_to_point_route|route_stop_sequence,mode_availability|point_to_point_route,True,False,,"The commuter is asking whether metro transit service exists or operates out of Perungalathur ('Perungalathur to anywhere metro?'), which directly inquires about mode availability/existence. 'point_to_point_route' is included as a secondary acceptable candidate in case 'anywhere' is interpreted as an open/unspecified journey destination.",primary_mismatch|acceptable_set_mismatch|clarification_mismatch,3
ANN_B2_338,T3,rout M1,route_stop_sequence,route_stop_sequence,mode_availability|route_stop_sequence|scheduled_departure,route_stop_sequence,True,False,,"The utterance 'rout M1' is an inquiry specifying the transit route designation M1 ('rout' being a spelling variant of 'route'). Under the T3 taxonomy, inquiries seeking the path, corridor alignment, or sequence of stops for a designated route map directly to route_stop_sequence.",acceptable_set_mismatch|clarification_mismatch,2
ANN_B2_340,T3,airport morning first,first_and_last_service,first_and_last_service,first_and_last_service,first_and_last_service,False,True,missing_slot,"The query 'airport morning first' expresses an inquiry regarding the earliest opening/operating service limit (first service in the morning), which maps directly to first_and_last_service. However, clarification is required due to execution incompleteness (missing destination, direction, and transit mode slots).",clarification_mismatch,1
ANN_B2_341,T3,कोयम्बैडु से मेट्रो,point_to_point_route,,mode_availability|point_to_point_route|scheduled_departure,mode_availability|point_to_point_route|scheduled_departure,True,True,intent_ambiguity,"The utterance 'कोयम्बैडु से मेट्रो' ('Metro from Koyambedu') contains an origin and transit mode but lacks a predicate or verb. As defined in Section 4.2 of the guidelines, such underspecified inquiries exhibit genuine semantic ambiguity between journey planning (point_to_point_route), scheduled departure timings (scheduled_departure), and service availability (mode_availability). Under Section 4.1, no single primary label is defensible, so primary_label is null and clarification is required.",primary_mismatch,1
ANN_B2_346,T3,29C to mnadaveli,route_stop_membership,,route_stop_membership,point_to_point_route|route_stop_membership|scheduled_departure,False,True,intent_ambiguity,"The utterance '29C to mnadaveli' pairs a bus route (29C) with a destination/stop ('mnadaveli', Mandaveli) without any verb, question particle, or functional framing. It is genuinely ambiguous among checking whether route 29C serves/halts at Mandaveli (route_stop_membership), requesting scheduled departure timings for 29C towards Mandaveli (scheduled_departure), or seeking travel/routing directions to Mandaveli via 29C (point_to_point_route). Under Gate B.3 ambiguity rules, an underspecified query with no single defensible primary class requires primary_label to be null with clarification_required set to true.",primary_mismatch|acceptable_set_mismatch|clarification_mismatch,3
ANN_B2_348,T3,सेंट्रल मेट्रो स्टेशन सुविधा,station_facilities,station_facilities,interchange_transfer|station_accessibility|station_facilities,station_facilities,True,False,,"The Hindi query 'सेंट्रल मेट्रो स्टेशन सुविधा' translates to 'Central Metro Station facilities/amenities'. It directly seeks information regarding passenger amenities at Chennai Central Metro station, unambiguously matching station_facilities without any specific reference to disability accessibility provisions.",acceptable_set_mismatch|clarification_mismatch,2
