{
"type": "FeatureCollection",
"name": "cumta_boundary",
"crs": { "type": "name", "properties": { "name": "urn:ogc:def:crs:OGC:1.3:CRS84" } },
"features": [
{ "type": "Feature", "properties": { "boundary": "CUMTA", "tngis_id": null, "layer_id": null, "object_id": 1.0 }, "geometry": { "type": "MultiPolygon", "coordinates": [ [ [ [ 80.3036, 13.4716 ], [ 80.3042, 13.4708 ], [ 80.305, 13.4694 ], [ 80.3057, 13.4687 ], [ 80.3065, 13.4682 ], [ 80.3076, 13.4676 ], [ 80.3083, 13.4675 ], [ 80.3086, 13.4675 ], [ 80.3089, 13.4676 ], [ 80.3092, 13.4675 ], [ 80.3099, 13.4672 ], [ 80.3124, 13.4655 ], [ 80.313, 13.4651 ], [ 80.3133, 13.4646 ], [ 80.3136, 13.4642 ], [ 80.3147, 13.4631 ], [ 80.3162, 13.4615 ], [ 80.3189, 13.4596 ], [ 80.3198, 13.4589 ], [ 80.3206, 13.4587 ], [ 80.3211, 13.4582 ], [ 80.3215, 13.4576 ], [ 80.3222, 13.4569 ], [ 80.3228, 13.4559 ], [ 80.3232, 13.4555 ], [ 80.3234, 13.4551 ], [ 80.324, 13.4529 ], [ 80.3244, 13.4515 ], [ 80.3247, 13.4511 ], [ 80.3248, 13.4509 ], [ 80.3248, 13.4507 ], [ 80.3248, 13.4502 ], [ 80.325, 13.4493 ], [ 80.3253, 13.4487 ], [ 80.3255, 13.4475 ], [ 80.3259, 13.4453 ], [ 80.3261, 13.4439 ], [ 80.3268, 13.4404 ], [ 80.327, 13.439 ], [ 80.3272, 13.4385 ], [ 80.3273, 13.4371 ], [ 80.3276, 13.4359 ], [ 80.3281, 13.4328 ], [ 80.3282, 13.432 ], [ 80.3284, 13.4308 ], [ 80.3287, 13.4285 ], [ 80.3289, 13.4268 ], [ 80.3289, 13.4251 ], [ 80.329, 13.4218 ], [ 80.3291, 13.4194 ], [ 80.3289, 13.417 ], [ 80.3289, 13.4146 ], [ 80.3293, 13.4096 ], [ 80.3298, 13.4056 ], [ 80.3298, 13.4056 ], [ 80.3299, 13.4047 ], [ 80.3301, 13.4028 ], [ 80.3303, 13.4016 ], [ 80.3309, 13.3972 ], [ 80.3315, 13.3941 ], [ 80.3316, 13.3928 ], [ 80.3316, 13.3928 ], [ 80.3318, 13.3909 ], [ 80.3318, 13.3909 ], [ 80.3319, 13.3906 ], [ 80.3329, 13.3856 ], [ 80.3337, 13.3825 ], [ 80.3343, 13.3794 ], [ 80.3347, 13.3781 ], [ 80.3353, 13.3759 ], [ 80.3358, 13.374 ], [ 80.3372, 13.37 ], [ 80.3376, 13.3687 ], [ 80.3388, 13.3647 ], [ 80.3396, 13.3621 ], [ 80.3398, 13.3608 ], [ 80.3401, 13.3594 ], [ 80.3408, 13.3563 ], [ 80.3413, 13.3537 ], [ 80.3416, 13.3525 ], [ 80.3419, 13.3501 ], [ 80.342, 13.3497 ], [ 80.3423, 13.3476 ], [ 80.3429, 13.3443 ], [ 80.344, 13.3394 ], [ 80.3447, 13.3344 ], [ 80.3449, 13.3322 ], [ 80.3451, 13.3293 ], [ 80.3451, 13.3286 ], [ 80.3454, 13.3239 ], [ 80.346, 13.3154 ], [ 80.3463, 13.3135 ], [ 80.3468, 13.3099 ], [ 80.347, 13.3083 ], [ 80.3469, 13.3043 ], [ 80.3464, 13.2998 ], [ 80.3465, 13.2953 ], [ 80.3466, 13.294 ], [ 80.3468, 13.2926 ], [ 80.3472, 13.2909 ], [ 80.3481, 13.2885 ], [ 80.3486, 13.2865 ], [ 80.3486, 13.2854 ], [ 80.3488, 13.2847 ], [ 80.3487, 13.284 ], [ 80.3484, 13.282 ], [ 80.3476, 13.2794 ], [ 80.3467, 13.2773 ], [ 80.3445, 13.2787 ], [ 80.3443, 13.2785 ], [ 80.3437, 13.278 ], [ 80.343, 13.2772 ], [ 80.3428, 13.2763 ], [ 80.3424, 13.2753 ], [ 80.3424, 13.2748 ], [ 80.3426, 13.2745 ], [ 80.3431, 13.274 ], [ 80.3435, 13.2738 ], [ 80.3438, 13.2742 ], [ 80.3442, 13.274 ], [ 80.3442, 13.2732 ], [ 80.3442, 13.273 ], [ 80.3439, 13.2727 ], [ 80.3424, 13.2717 ], [ 80.3415, 13.271 ], [ 80.34, 13.2694 ], [ 80.3393, 13.2683 ], [ 80.339, 13.2677 ], [ 80.3386, 13.2666 ], [ 80.3379, 13.2632 ], [ 80.3377, 13.2625 ], [ 80.3375, 13.2614 ], [ 80.3377, 13.2613 ], [ 80.3377, 13.2613 ], [ 80.3377, 13.2609 ], [ 80.3377, 13.2607 ], [ 80.3377, 13.2605 ], [ 80.3378, 13.2604 ], [ 80.3378, 13.2603 ], [ 80.3378, 13.2602 ], [ 80.3378, 13.2601 ], [ 80.3379, 13.2601 ], [ 80.3379, 13.26 ], [ 80.3379, 13.2599 ], [ 80.3379, 13.2599 ], [ 80.3379, 13.2598 ], [ 80.3379, 13.2598 ], [ 80.3379, 13.2598 ], [ 80.338, 13.2598 ], [ 80.3381, 13.2598 ], [ 80.3381, 13.2598 ], [ 80.3381, 13.2597 ], [ 80.3381, 13.2591 ], [ 80.3438, 13.2591 ], [ 80.3438, 13.2589 ], [ 80.3403, 13.2589 ], [ 80.3384, 13.2589 ], [ 80.3383, 13.2589 ], [ 80.3382, 13.2588 ], [ 80.3381, 13.2587 ], [ 80.338, 13.2585 ], [ 80.3379, 13.2583 ], [ 80.3379, 13.2581 ], [ 80.3379, 13.2579 ], [ 80.3379, 13.2577 ], [ 80.338, 13.2575 ], [ 80.338, 13.2573 ], [ 80.3381, 13.2572 ], [ 80.3382, 13.257 ], [ 80.3384, 13.2569 ], [ 80.3385, 13.2569 ], [ 80.3394, 13.2569 ], [ 80.3394, 13.2577 ], [ 80.3395, 13.2577 ], [ 80.3395, 13.2569 ], [ 80.3403, 13.2569 ], [ 80.3403, 13.2577 ], [ 80.3404, 13.2577 ], [ 80.3404, 13.2569 ], [ 80.3414, 13.2569 ], [ 80.3414, 13.2577 ], [ 80.3415, 13.2577 ], [ 80.3415, 13.2569 ], [ 80.3415, 13.2569 ], [ 80.3424, 13.2569 ], [ 80.3429, 13.257 ], [ 80.3435, 13.257 ], [ 80.344, 13.2571 ], [ 80.3444, 13.2572 ], [ 80.3447, 13.2573 ], [ 80.345, 13.2574 ], [ 80.3452, 13.2576 ], [ 80.3454, 13.2578 ], [ 80.3456, 13.2579 ], [ 80.3458, 13.2581 ], [ 80.3459, 13.2582 ], [ 80.346, 13.2583 ], [ 80.346, 13.2584 ], [ 80.3461, 13.2585 ], [ 80.3461, 13.2585 ], [ 80.3462, 13.2585 ], [ 80.3462, 13.2585 ], [ 80.3463, 13.2585 ], [ 80.3463, 13.2585 ], [ 80.3463, 13.2584 ], [ 80.3463, 13.2584 ], [ 80.3463, 13.2583 ], [ 80.3462, 13.2582 ], [ 80.3461, 13.2581 ], [ 80.3459, 13.2579 ], [ 80.3458, 13.2578 ], [ 80.3454, 13.2575 ], [ 80.345, 13.2572 ], [ 80.3446, 13.2571 ], [ 80.344, 13.2569 ], [ 80.3436, 13.2568 ], [ 80.3432, 13.2568 ], [ 80.3427, 13.2567 ], [ 80.3417, 13.2567 ], [ 80.3412, 13.2567 ], [ 80.341, 13.2565 ], [ 80.3405, 13.2561 ], [ 80.34, 13.2553 ], [ 80.3391, 13.254 ], [ 80.3382, 13.2523 ], [ 80.3372, 13.2501 ], [ 80.3364, 13.2482 ], [ 80.3361, 13.2474 ], [ 80.3358, 13.2464 ], [ 80.3355, 13.2452 ], [ 80.3352, 13.244 ], [ 80.3351, 13.2436 ], [ 80.335, 13.2431 ], [ 80.335, 13.2429 ], [ 80.335, 13.2427 ], [ 80.3349, 13.2425 ], [ 80.3349, 13.2424 ], [ 80.3348, 13.2421 ], [ 80.3348, 13.2419 ], [ 80.3347, 13.2417 ], [ 80.3347, 13.2415 ], [ 80.3347, 13.2413 ], [ 80.3346, 13.241 ], [ 80.3346, 13.2409 ], [ 80.3345, 13.2408 ], [ 80.3344, 13.2405 ], [ 80.3343, 13.2401 ], [ 80.3342, 13.2398 ], [ 80.3342, 13.2396 ], [ 80.3341, 13.2395 ], [ 80.3341, 13.2394 ], [ 80.3341, 13.2393 ], [ 80.334, 13.2392 ], [ 80.3339, 13.2389 ], [ 80.3339, 13.2387 ], [ 80.3339, 13.2385 ], [ 80.3339, 13.2384 ], [ 80.3338, 13.2383 ], [ 80.3338, 13.2382 ], [ 80.3338, 13.2382 ], [ 80.3337, 13.2381 ], [ 80.3336, 13.238 ], [ 80.3335, 13.2377 ], [ 80.3333, 13.2373 ], [ 80.3332, 13.2369 ], [ 80.3331, 13.2367 ], [ 80.3331, 13.2366 ], [ 80.333, 13.2365 ], [ 80.3329, 13.2364 ], [ 80.3329, 13.2363 ], [ 80.3329, 13.2362 ], [ 80.3329, 13.2362 ], [ 80.3329, 13.2361 ], [ 80.3329, 13.236 ], [ 80.333, 13.2359 ], [ 80.333, 13.2358 ], [ 80.3329, 13.2356 ], [ 80.3329, 13.2356 ], [ 80.3329, 13.2355 ], [ 80.3329, 13.2355 ], [ 80.3329, 13.2353 ], [ 80.3329, 13.2353 ], [ 80.3329, 13.2352 ], [ 80.333, 13.2351 ], [ 80.333, 13.2351 ], [ 80.3331, 13.2351 ], [ 80.3331, 13.2351 ], [ 80.3332, 13.2351 ], [ 80.3333, 13.2351 ], [ 80.3333, 13.235 ], [ 80.3334, 13.2349 ], [ 80.3334, 13.2346 ], [ 80.3334, 13.2344 ], [ 80.3332, 13.234 ], [ 80.333, 13.2334 ], [ 80.3329, 13.233 ], [ 80.3329, 13.2328 ], [ 80.3328, 13.2324 ], [ 80.3326, 13.2318 ], [ 80.3326, 13.2317 ], [ 80.3326, 13.2316 ], [ 80.3327, 13.2315 ], [ 80.3327, 13.2314 ], [ 80.3326, 13.2313 ], [ 80.3325, 13.2312 ], [ 80.3318, 13.2299 ], [ 80.3312, 13.2284 ], [ 80.3306, 13.227 ], [ 80.33, 13.2256 ], [ 80.3294, 13.2241 ], [ 80.329, 13.2229 ], [ 80.3284, 13.2214 ], [ 80.3282, 13.2207 ], [ 80.3279, 13.2201 ], [ 80.3276, 13.2193 ], [ 80.3273, 13.2185 ], [ 80.327, 13.2175 ], [ 80.3267, 13.2166 ], [ 80.3261, 13.215 ], [ 80.3258, 13.2143 ], [ 80.3252, 13.2126 ], [ 80.3244, 13.2099 ], [ 80.3238, 13.2077 ], [ 80.3235, 13.2064 ], [ 80.323, 13.2045 ], [ 80.3219, 13.2001 ], [ 80.321, 13.1965 ], [ 80.3192, 13.1895 ], [ 80.3186, 13.1875 ], [ 80.3176, 13.1839 ], [ 80.3172, 13.1827 ], [ 80.3169, 13.1816 ], [ 80.3161, 13.179 ], [ 80.3158, 13.1779 ], [ 80.315, 13.1741 ], [ 80.3147, 13.173 ], [ 80.3132, 13.1685 ], [ 80.312, 13.1636 ], [ 80.3111, 13.1603 ], [ 80.311, 13.1594 ], [ 80.3096, 13.1553 ], [ 80.3094, 13.1545 ], [ 80.3074, 13.1485 ], [ 80.3068, 13.1468 ], [ 80.3046, 13.1421 ], [ 80.3035, 13.1424 ], [ 80.3035, 13.1424 ], [ 80.3025, 13.1392 ], [ 80.3018, 13.1394 ], [ 80.2995, 13.1339 ], [ 80.3017, 13.1332 ], [ 80.3019, 13.1331 ], [ 80.3035, 13.1301 ], [ 80.3034, 13.13 ], [ 80.3017, 13.133 ], [ 80.2994, 13.1337 ], [ 80.2991, 13.133 ], [ 80.3004, 13.1327 ], [ 80.3003, 13.1325 ], [ 80.299, 13.1328 ], [ 80.2984, 13.1315 ], [ 80.2995, 13.1313 ], [ 80.2984, 13.1292 ], [ 80.298, 13.1278 ], [ 80.2975, 13.1263 ], [ 80.2975, 13.1261 ], [ 80.2975, 13.1261 ], [ 80.2983, 13.1259 ], [ 80.2983, 13.1259 ], [ 80.2975, 13.1261 ], [ 80.2974, 13.1256 ], [ 80.2974, 13.1256 ], [ 80.2983, 13.1254 ], [ 80.2983, 13.1253 ], [ 80.2973, 13.1256 ], [ 80.2973, 13.1256 ], [ 80.2972, 13.1251 ], [ 80.2972, 13.1251 ], [ 80.2986, 13.1247 ], [ 80.2985, 13.1247 ], [ 80.2972, 13.125 ], [ 80.2972, 13.125 ], [ 80.2972, 13.1249 ], [ 80.297, 13.1249 ], [ 80.2969, 13.1246 ], [ 80.2971, 13.1245 ], [ 80.297, 13.124 ], [ 80.2972, 13.1238 ], [ 80.2975, 13.1234 ], [ 80.2979, 13.1232 ], [ 80.2983, 13.123 ], [ 80.2987, 13.1229 ], [ 80.2994, 13.1228 ], [ 80.2998, 13.1228 ], [ 80.3001, 13.123 ], [ 80.3002, 13.1231 ], [ 80.3004, 13.1232 ], [ 80.3006, 13.1233 ], [ 80.3008, 13.1234 ], [ 80.3011, 13.124 ], [ 80.3014, 13.1244 ], [ 80.3015, 13.1246 ], [ 80.3017, 13.1249 ], [ 80.3018, 13.125 ], [ 80.302, 13.1253 ], [ 80.303, 13.127 ], [ 80.3038, 13.1283 ], [ 80.3043, 13.129 ], [ 80.3044, 13.1292 ], [ 80.3044, 13.1292 ], [ 80.304, 13.1295 ], [ 80.304, 13.1295 ], [ 80.3045, 13.1293 ], [ 80.3047, 13.1295 ], [ 80.3047, 13.1296 ], [ 80.3048, 13.1298 ], [ 80.3048, 13.1299 ], [ 80.3048, 13.1302 ], [ 80.3049, 13.1302 ], [ 80.3049, 13.1299 ], [ 80.3048, 13.1298 ], [ 80.3048, 13.1296 ], [ 80.3047, 13.1294 ], [ 80.3045, 13.1292 ], [ 80.3044, 13.1289 ], [ 80.3038, 13.1282 ], [ 80.3037, 13.128 ], [ 80.3036, 13.1278 ], [ 80.3036, 13.1277 ], [ 80.3035, 13.1275 ], [ 80.3032, 13.1271 ], [ 80.3025, 13.126 ], [ 80.3018, 13.1249 ], [ 80.3017, 13.1246 ], [ 80.3015, 13.1242 ], [ 80.3008, 13.1233 ], [ 80.3006, 13.1229 ], [ 80.3003, 13.1223 ], [ 80.3001, 13.1219 ], [ 80.3, 13.1216 ], [ 80.3002, 13.1209 ], [ 80.3005, 13.1201 ], [ 80.3009, 13.1192 ], [ 80.3014, 13.1181 ], [ 80.3018, 13.1176 ], [ 80.302, 13.1172 ], [ 80.3021, 13.1168 ], [ 80.302, 13.1163 ], [ 80.3018, 13.1156 ], [ 80.3016, 13.1149 ], [ 80.3015, 13.1146 ], [ 80.3015, 13.1143 ], [ 80.3016, 13.1141 ], [ 80.3019, 13.1138 ], [ 80.3048, 13.111 ], [ 80.3041, 13.1067 ], [ 80.3036, 13.1054 ], [ 80.3034, 13.1055 ], [ 80.3037, 13.1063 ], [ 80.3035, 13.1063 ], [ 80.3039, 13.1088 ], [ 80.3038, 13.109 ], [ 80.3036, 13.1091 ], [ 80.3036, 13.1093 ], [ 80.3037, 13.1093 ], [ 80.304, 13.1099 ], [ 80.3042, 13.1111 ], [ 80.3015, 13.1138 ], [ 80.301, 13.1135 ], [ 80.3011, 13.1123 ], [ 80.3002, 13.1096 ], [ 80.2992, 13.1064 ], [ 80.2984, 13.1036 ], [ 80.2981, 13.1026 ], [ 80.2979, 13.1022 ], [ 80.2977, 13.1019 ], [ 80.2976, 13.1016 ], [ 80.2977, 13.1013 ], [ 80.2981, 13.1008 ], [ 80.2982, 13.1006 ], [ 80.2984, 13.1003 ], [ 80.2986, 13.1 ], [ 80.2989, 13.0998 ], [ 80.2994, 13.0996 ], [ 80.3018, 13.0989 ], [ 80.3017, 13.0987 ], [ 80.3006, 13.0991 ], [ 80.3, 13.0972 ], [ 80.2999, 13.0972 ], [ 80.3005, 13.0991 ], [ 80.2995, 13.0994 ], [ 80.2989, 13.0977 ], [ 80.2988, 13.0978 ], [ 80.299, 13.0986 ], [ 80.2988, 13.0986 ], [ 80.2991, 13.0996 ], [ 80.2989, 13.0996 ], [ 80.2988, 13.0991 ], [ 80.2986, 13.0992 ], [ 80.2988, 13.0997 ], [ 80.2985, 13.0998 ], [ 80.2983, 13.0993 ], [ 80.2966, 13.0998 ], [ 80.295, 13.0948 ], [ 80.2942, 13.0924 ], [ 80.2957, 13.0919 ], [ 80.2958, 13.0922 ], [ 80.298, 13.0915 ], [ 80.2995, 13.0911 ], [ 80.3, 13.091 ], [ 80.3002, 13.091 ], [ 80.3005, 13.091 ], [ 80.3009, 13.0913 ], [ 80.3011, 13.0914 ], [ 80.3016, 13.0917 ], [ 80.3017, 13.0927 ], [ 80.3018, 13.0928 ], [ 80.3017, 13.0917 ], [ 80.3019, 13.0918 ], [ 80.3021, 13.092 ], [ 80.303, 13.0951 ], [ 80.3035, 13.0969 ], [ 80.3035, 13.0974 ], [ 80.3034, 13.0976 ], [ 80.3032, 13.0979 ], [ 80.3027, 13.0983 ], [ 80.3028, 13.0984 ], [ 80.3033, 13.0981 ], [ 80.3033, 13.0981 ], [ 80.3034, 13.0981 ], [ 80.3035, 13.0981 ], [ 80.3036, 13.0982 ], [ 80.3038, 13.0992 ], [ 80.3042, 13.1001 ], [ 80.3044, 13.1006 ], [ 80.3045, 13.1009 ], [ 80.3045, 13.1011 ], [ 80.3045, 13.1013 ], [ 80.3044, 13.1016 ], [ 80.3043, 13.1017 ], [ 80.3044, 13.1018 ], [ 80.3046, 13.1015 ], [ 80.3046, 13.1014 ], [ 80.3046, 13.1012 ], [ 80.3046, 13.1009 ], [ 80.3046, 13.1008 ], [ 80.3046, 13.1007 ], [ 80.3046, 13.1007 ], [ 80.3047, 13.1007 ], [ 80.3048, 13.1007 ], [ 80.3056, 13.1009 ], [ 80.3059, 13.1011 ], [ 80.3063, 13.1013 ], [ 80.3067, 13.1017 ], [ 80.3073, 13.1023 ], [ 80.3076, 13.1027 ], [ 80.3079, 13.1032 ], [ 80.3081, 13.1037 ], [ 80.3085, 13.1045 ], [ 80.309, 13.1055 ], [ 80.3096, 13.1066 ], [ 80.31, 13.1074 ], [ 80.3101, 13.1074 ], [ 80.3101, 13.1074 ], [ 80.3097, 13.1065 ], [ 80.3094, 13.1059 ], [ 80.3087, 13.1045 ], [ 80.3081, 13.1033 ], [ 80.3078, 13.1027 ], [ 80.3075, 13.1022 ], [ 80.3072, 13.1019 ], [ 80.3068, 13.1014 ], [ 80.3063, 13.101 ], [ 80.3056, 13.1002 ], [ 80.3051, 13.0997 ], [ 80.3046, 13.0989 ], [ 80.3042, 13.0983 ], [ 80.3039, 13.0976 ], [ 80.3038, 13.0973 ], [ 80.3038, 13.097 ], [ 80.3038, 13.0965 ], [ 80.304, 13.0949 ], [ 80.3035, 13.0935 ], [ 80.3032, 13.0919 ], [ 80.303, 13.0904 ], [ 80.303, 13.09 ], [ 80.303, 13.09 ], [ 80.303, 13.0899 ], [ 80.3031, 13.0898 ], [ 80.3032, 13.0898 ], [ 80.3032, 13.0897 ], [ 80.3031, 13.0896 ], [ 80.303, 13.0896 ], [ 80.3029, 13.0897 ], [ 80.3028, 13.0898 ], [ 80.3026, 13.0898 ], [ 80.3024, 13.0898 ], [ 80.3023, 13.0897 ], [ 80.3021, 13.0896 ], [ 80.3013, 13.0886 ], [ 80.3006, 13.0881 ], [ 80.2984, 13.0851 ], [ 80.2962, 13.082 ], [ 80.2951, 13.0803 ], [ 80.2931, 13.0768 ], [ 80.2922, 13.0747 ], [ 80.2899, 13.0695 ], [ 80.2893, 13.0682 ], [ 80.2893, 13.0681 ], [ 80.2894, 13.0677 ], [ 80.2895, 13.0674 ], [ 80.2897, 13.0671 ], [ 80.2898, 13.0669 ], [ 80.2899, 13.0667 ], [ 80.2899, 13.0666 ], [ 80.2896, 13.0665 ], [ 80.2894, 13.0664 ], [ 80.2892, 13.0661 ], [ 80.2885, 13.0647 ], [ 80.2877, 13.0626 ], [ 80.2873, 13.0626 ], [ 80.2859, 13.0582 ], [ 80.2848, 13.0542 ], [ 80.2835, 13.0493 ], [ 80.2834, 13.0488 ], [ 80.2821, 13.0429 ], [ 80.2816, 13.0407 ], [ 80.2804, 13.033 ], [ 80.2803, 13.0324 ], [ 80.2791, 13.0239 ], [ 80.279, 13.0225 ], [ 80.2788, 13.0199 ], [ 80.2783, 13.0168 ], [ 80.2778, 13.0147 ], [ 80.2771, 13.0122 ], [ 80.2761, 13.0091 ], [ 80.2753, 13.0093 ], [ 80.2746, 13.0071 ], [ 80.2746, 13.0068 ], [ 80.2744, 13.006 ], [ 80.2739, 13.0045 ], [ 80.2735, 13.003 ], [ 80.2734, 13.0023 ], [ 80.2729, 13.0008 ], [ 80.2718, 12.9972 ], [ 80.2712, 12.9952 ], [ 80.2711, 12.9948 ], [ 80.2708, 12.9931 ], [ 80.2707, 12.9929 ], [ 80.2707, 12.9928 ], [ 80.2707, 12.9922 ], [ 80.2705, 12.9916 ], [ 80.2703, 12.9904 ], [ 80.2703, 12.9904 ], [ 80.2702, 12.9896 ], [ 80.27, 12.9886 ], [ 80.2698, 12.988 ], [ 80.2693, 12.9867 ], [ 80.2693, 12.9867 ], [ 80.2692, 12.9863 ], [ 80.269, 12.9855 ], [ 80.2689, 12.9848 ], [ 80.2686, 12.9838 ], [ 80.2685, 12.983 ], [ 80.2674, 12.9791 ], [ 80.2672, 12.9785 ], [ 80.2674, 12.9785 ], [ 80.2673, 12.9781 ], [ 80.2671, 12.9775 ], [ 80.2669, 12.9775 ], [ 80.2668, 12.977 ], [ 80.2668, 12.9766 ], [ 80.2666, 12.976 ], [ 80.2666, 12.9756 ], [ 80.2662, 12.9742 ], [ 80.2661, 12.9736 ], [ 80.2653, 12.9704 ], [ 80.2648, 12.9689 ], [ 80.2646, 12.9654 ], [ 80.2639, 12.9612 ], [ 80.2633, 12.9603 ], [ 80.2629, 12.959 ], [ 80.2624, 12.9564 ], [ 80.2624, 12.9563 ], [ 80.2623, 12.9548 ], [ 80.262, 12.9524 ], [ 80.2618, 12.9512 ], [ 80.2612, 12.9492 ], [ 80.2601, 12.9434 ], [ 80.2593, 12.9398 ], [ 80.2593, 12.9385 ], [ 80.2583, 12.9322 ], [ 80.2584, 12.9322 ], [ 80.2584, 12.9318 ], [ 80.2577, 12.9252 ], [ 80.2572, 12.923 ], [ 80.2572, 12.9228 ], [ 80.2568, 12.9193 ], [ 80.2562, 12.9167 ], [ 80.2556, 12.913 ], [ 80.2546, 12.9042 ], [ 80.2542, 12.9011 ], [ 80.2539, 12.8987 ], [ 80.2534, 12.8944 ], [ 80.2532, 12.8926 ], [ 80.2526, 12.8862 ], [ 80.2514, 12.879 ], [ 80.2512, 12.8766 ], [ 80.2507, 12.8727 ], [ 80.2499, 12.8669 ], [ 80.2486, 12.8571 ], [ 80.2485, 12.8567 ], [ 80.2499, 12.8559 ], [ 80.2498, 12.8552 ], [ 80.2494, 12.8495 ], [ 80.2489, 12.8444 ], [ 80.2489, 12.8442 ], [ 80.2489, 12.844 ], [ 80.2485, 12.836 ], [ 80.2484, 12.8321 ], [ 80.2482, 12.8306 ], [ 80.2482, 12.8282 ], [ 80.2482, 12.8256 ], [ 80.2481, 12.8227 ], [ 80.2481, 12.8186 ], [ 80.2485, 12.8122 ], [ 80.2488, 12.8092 ], [ 80.2488, 12.8083 ], [ 80.2492, 12.8037 ], [ 80.2496, 12.8013 ], [ 80.2498, 12.7998 ], [ 80.25, 12.7994 ], [ 80.2504, 12.7964 ], [ 80.251, 12.7942 ], [ 80.2513, 12.7934 ], [ 80.2519, 12.7925 ], [ 80.2525, 12.7916 ], [ 80.2529, 12.7907 ], [ 80.2533, 12.7902 ], [ 80.2536, 12.7901 ], [ 80.2539, 12.7902 ], [ 80.2542, 12.7904 ], [ 80.2546, 12.7903 ], [ 80.2546, 12.7901 ], [ 80.2547, 12.79 ], [ 80.2549, 12.7898 ], [ 80.255, 12.7896 ], [ 80.2551, 12.7896 ], [ 80.255, 12.7889 ], [ 80.2548, 12.787 ], [ 80.2551, 12.7861 ], [ 80.2554, 12.7837 ], [ 80.2553, 12.7831 ], [ 80.2553, 12.7827 ], [ 80.2551, 12.7813 ], [ 80.2542, 12.7785 ], [ 80.2536, 12.7768 ], [ 80.2504, 12.7665 ], [ 80.2471, 12.7561 ], [ 80.2432, 12.7448 ], [ 80.2402, 12.7368 ], [ 80.24, 12.7364 ], [ 80.2391, 12.7338 ], [ 80.2374, 12.7296 ], [ 80.2357, 12.7249 ], [ 80.2317, 12.7141 ], [ 80.228, 12.7037 ], [ 80.2274, 12.702 ], [ 80.2274, 12.7019 ], [ 80.2241, 12.6926 ], [ 80.2228, 12.689 ], [ 80.2227, 12.6888 ], [ 80.22, 12.6812 ], [ 80.2167, 12.6721 ], [ 80.2138, 12.6648 ], [ 80.2138, 12.6645 ], [ 80.2137, 12.6643 ], [ 80.2126, 12.6606 ], [ 80.2099, 12.6533 ], [ 80.2095, 12.6524 ], [ 80.2058, 12.643 ], [ 80.2022, 12.6342 ], [ 80.2012, 12.6314 ], [ 80.1998, 12.6259 ], [ 80.1993, 12.6228 ], [ 80.1992, 12.6214 ], [ 80.1991, 12.618 ], [ 80.1992, 12.6176 ], [ 80.1998, 12.6172 ], [ 80.2005, 12.617 ], [ 80.2006, 12.6168 ], [ 80.2004, 12.6162 ], [ 80.2001, 12.6158 ], [ 80.1997, 12.6158 ], [ 80.1994, 12.6157 ], [ 80.1961, 12.6083 ], [ 80.1944, 12.6045 ], [ 80.1918, 12.5986 ], [ 80.1911, 12.5966 ], [ 80.1909, 12.5961 ], [ 80.1884, 12.5898 ], [ 80.1873, 12.5855 ], [ 80.1868, 12.5834 ], [ 80.1866, 12.5808 ], [ 80.1862, 12.5786 ], [ 80.186, 12.5772 ], [ 80.1857, 12.5752 ], [ 80.1841, 12.571 ], [ 80.1807, 12.5627 ], [ 80.1805, 12.5621 ], [ 80.1802, 12.5614 ], [ 80.18, 12.5606 ], [ 80.1788, 12.5576 ], [ 80.177, 12.5533 ], [ 80.1733, 12.5449 ], [ 80.1731, 12.5445 ], [ 80.1725, 12.543 ], [ 80.1682, 12.5313 ], [ 80.1665, 12.5255 ], [ 80.1655, 12.5219 ], [ 80.1633, 12.5128 ], [ 80.1625, 12.5082 ], [ 80.1621, 12.5062 ], [ 80.162, 12.5057 ], [ 80.1616, 12.5039 ], [ 80.1613, 12.5024 ], [ 80.161, 12.4994 ], [ 80.1608, 12.4986 ], [ 80.1608, 12.4976 ], [ 80.1608, 12.4968 ], [ 80.1605, 12.4957 ], [ 80.1599, 12.4934 ], [ 80.1596, 12.4918 ], [ 80.1594, 12.4902 ], [ 80.1591, 12.4884 ], [ 80.159, 12.4872 ], [ 80.159, 12.4871 ], [ 80.158, 12.4807 ], [ 80.1575, 12.4805 ], [ 80.1571, 12.4803 ], [ 80.1568, 12.4801 ], [ 80.1564, 12.48 ], [ 80.1561, 12.4798 ], [ 80.1557, 12.4796 ], [ 80.1554, 12.4794 ], [ 80.155, 12.4793 ], [ 80.1547, 12.4791 ], [ 80.1543, 12.4789 ], [ 80.154, 12.4788 ], [ 80.1536, 12.4786 ], [ 80.1533, 12.4784 ], [ 80.1529, 12.4783 ], [ 80.1525, 12.4781 ], [ 80.1522, 12.4779 ], [ 80.1518, 12.4778 ], [ 80.1515, 12.4776 ], [ 80.1511, 12.4774 ], [ 80.1508, 12.4773 ], [ 80.1504, 12.4771 ], [ 80.15, 12.477 ], [ 80.1497, 12.4768 ], [ 80.1493, 12.4767 ], [ 80.149, 12.4765 ], [ 80.1486, 12.4764 ], [ 80.1482, 12.4762 ], [ 80.1479, 12.4761 ], [ 80.1475, 12.4759 ], [ 80.1471, 12.4758 ], [ 80.1468, 12.4756 ], [ 80.1464, 12.4755 ], [ 80.146, 12.4754 ], [ 80.1457, 12.4752 ], [ 80.1453, 12.4751 ], [ 80.145, 12.4749 ], [ 80.1446, 12.4748 ], [ 80.1442, 12.4746 ], [ 80.1439, 12.4745 ], [ 80.1435, 12.4743 ], [ 80.1431, 12.4742 ], [ 80.1428, 12.474 ], [ 80.1425, 12.4738 ], [ 80.1426, 12.4734 ], [ 80.1428, 12.4731 ], [ 80.1429, 12.4727 ], [ 80.1431, 12.4724 ], [ 80.1432, 12.472 ], [ 80.1432, 12.4716 ], [ 80.1431, 12.4713 ], [ 80.1429, 12.4709 ], [ 80.1427, 12.4706 ], [ 80.1424, 12.4703 ], [ 80.1421, 12.4701 ], [ 80.1418, 12.4698 ], [ 80.1415, 12.4697 ], [ 80.1411, 12.4695 ], [ 80.1407, 12.4694 ], [ 80.1404, 12.4693 ], [ 80.14, 12.4691 ], [ 80.1396, 12.469 ], [ 80.1392, 12.469 ], [ 80.1388, 12.4689 ], [ 80.1385, 12.4688 ], [ 80.1381, 12.4688 ], [ 80.1377, 12.4688 ], [ 80.1373, 12.4688 ], [ 80.1369, 12.4688 ], [ 80.1365, 12.4688 ], [ 80.1361, 12.4688 ], [ 80.1357, 12.4689 ], [ 80.1353, 12.4689 ], [ 80.1349, 12.4689 ], [ 80.1346, 12.469 ], [ 80.1346, 12.4694 ], [ 80.1347, 12.4698 ], [ 80.1348, 12.4702 ], [ 80.135, 12.4705 ], [ 80.1351, 12.4709 ], [ 80.1353, 12.4713 ], [ 80.1354, 12.4716 ], [ 80.1356, 12.472 ], [ 80.1357, 12.4723 ], [ 80.1359, 12.4727 ], [ 80.136, 12.473 ], [ 80.1362, 12.4734 ], [ 80.1363, 12.4738 ], [ 80.1361, 12.4741 ], [ 80.1358, 12.4743 ], [ 80.1354, 12.4744 ], [ 80.1351, 12.4746 ], [ 80.1347, 12.4748 ], [ 80.1344, 12.475 ], [ 80.1341, 12.4752 ], [ 80.1338, 12.4754 ], [ 80.1334, 12.4756 ], [ 80.1331, 12.4758 ], [ 80.1327, 12.476 ], [ 80.1324, 12.4762 ], [ 80.132, 12.4764 ], [ 80.1317, 12.4766 ], [ 80.1314, 12.4768 ], [ 80.1311, 12.4771 ], [ 80.1308, 12.4773 ], [ 80.1304, 12.4773 ], [ 80.13, 12.4774 ], [ 80.1297, 12.4776 ], [ 80.1294, 12.4779 ], [ 80.1291, 12.4781 ], [ 80.1288, 12.4784 ], [ 80.1285, 12.4786 ], [ 80.1282, 12.4789 ], [ 80.1279, 12.4791 ], [ 80.1276, 12.4794 ], [ 80.1273, 12.4796 ], [ 80.1269, 12.4798 ], [ 80.1266, 12.48 ], [ 80.1263, 12.4802 ], [ 80.1259, 12.4804 ], [ 80.1256, 12.4806 ], [ 80.1252, 12.4807 ], [ 80.1249, 12.4809 ], [ 80.1245, 12.4811 ], [ 80.1242, 12.4813 ], [ 80.1239, 12.4815 ], [ 80.1235, 12.4817 ], [ 80.1232, 12.4819 ], [ 80.1229, 12.4821 ], [ 80.1225, 12.4823 ], [ 80.1222, 12.4826 ], [ 80.1219, 12.4828 ], [ 80.1216, 12.483 ], [ 80.1213, 12.4833 ], [ 80.121, 12.4836 ], [ 80.1207, 12.4838 ], [ 80.1204, 12.4841 ], [ 80.1201, 12.4843 ], [ 80.1198, 12.4846 ], [ 80.1195, 12.4848 ], [ 80.1192, 12.485 ], [ 80.1188, 12.4851 ], [ 80.1183, 12.485 ], [ 80.1179, 12.4849 ], [ 80.1175, 12.4847 ], [ 80.1172, 12.4846 ], [ 80.117, 12.4846 ], [ 80.1168, 12.4846 ], [ 80.1164, 12.4845 ], [ 80.116, 12.4845 ], [ 80.1156, 12.4845 ], [ 80.1152, 12.4846 ], [ 80.1148, 12.4847 ], [ 80.1145, 12.4848 ], [ 80.1141, 12.4849 ], [ 80.1137, 12.4849 ], [ 80.1133, 12.485 ], [ 80.1129, 12.4851 ], [ 80.1126, 12.4853 ], [ 80.1122, 12.4854 ], [ 80.1119, 12.4856 ], [ 80.1115, 12.4858 ], [ 80.1112, 12.4859 ], [ 80.1108, 12.4861 ], [ 80.1104, 12.4862 ], [ 80.11, 12.4863 ], [ 80.1097, 12.4864 ], [ 80.1093, 12.4865 ], [ 80.1089, 12.4866 ], [ 80.1085, 12.4866 ], [ 80.1081, 12.4867 ], [ 80.1077, 12.4868 ], [ 80.1074, 12.4869 ], [ 80.107, 12.487 ], [ 80.1066, 12.4872 ], [ 80.1063, 12.4874 ], [ 80.106, 12.4876 ], [ 80.1057, 12.4878 ], [ 80.1055, 12.4879 ], [ 80.1053, 12.4881 ], [ 80.105, 12.4883 ], [ 80.1048, 12.4886 ], [ 80.1045, 12.4889 ], [ 80.1042, 12.4891 ], [ 80.1039, 12.4894 ], [ 80.1036, 12.4897 ], [ 80.1034, 12.49 ], [ 80.1031, 12.4902 ], [ 80.1028, 12.4905 ], [ 80.1025, 12.4907 ], [ 80.1022, 12.491 ], [ 80.1019, 12.4912 ], [ 80.1015, 12.4914 ], [ 80.1011, 12.4916 ], [ 80.1008, 12.4917 ], [ 80.1004, 12.4918 ], [ 80.1, 12.492 ], [ 80.0996, 12.4921 ], [ 80.0993, 12.4922 ], [ 80.0989, 12.4924 ], [ 80.0986, 12.4925 ], [ 80.0982, 12.4927 ], [ 80.0978, 12.4929 ], [ 80.0975, 12.493 ], [ 80.0971, 12.4932 ], [ 80.0968, 12.4934 ], [ 80.0964, 12.4935 ], [ 80.0961, 12.4937 ], [ 80.0957, 12.4939 ], [ 80.0954, 12.4941 ], [ 80.095, 12.4942 ], [ 80.0947, 12.4944 ], [ 80.0943, 12.4946 ], [ 80.094, 12.4947 ], [ 80.0936, 12.4949 ], [ 80.0932, 12.495 ], [ 80.0929, 12.4951 ], [ 80.0925, 12.4952 ], [ 80.0921, 12.4953 ], [ 80.0917, 12.4954 ], [ 80.0913, 12.4955 ], [ 80.0909, 12.4955 ], [ 80.0905, 12.4956 ], [ 80.0902, 12.4956 ], [ 80.0898, 12.4956 ], [ 80.0894, 12.4956 ], [ 80.089, 12.4957 ], [ 80.0888, 12.4957 ], [ 80.0886, 12.4957 ], [ 80.0882, 12.4957 ], [ 80.0878, 12.4957 ], [ 80.0874, 12.4957 ], [ 80.087, 12.4957 ], [ 80.0866, 12.4957 ], [ 80.0862, 12.4958 ], [ 80.0858, 12.4958 ], [ 80.0854, 12.4958 ], [ 80.0851, 12.4959 ], [ 80.0847, 12.496 ], [ 80.0843, 12.4961 ], [ 80.084, 12.4963 ], [ 80.0836, 12.4964 ], [ 80.0833, 12.4966 ], [ 80.0829, 12.4968 ], [ 80.0826, 12.497 ], [ 80.0823, 12.4972 ], [ 80.0819, 12.4974 ], [ 80.0816, 12.4976 ], [ 80.0813, 12.4978 ], [ 80.0809, 12.4981 ], [ 80.0806, 12.4982 ], [ 80.0802, 12.4984 ], [ 80.0799, 12.4986 ], [ 80.0795, 12.4987 ], [ 80.0791, 12.4988 ], [ 80.0787, 12.4988 ], [ 80.0783, 12.4987 ], [ 80.0779, 12.4988 ], [ 80.0778, 12.4988 ], [ 80.0776, 12.4989 ], [ 80.0772, 12.499 ], [ 80.0768, 12.4991 ], [ 80.0764, 12.4992 ], [ 80.076, 12.4992 ], [ 80.0756, 12.4993 ], [ 80.0752, 12.4993 ], [ 80.0749, 12.4994 ], [ 80.0745, 12.4994 ], [ 80.0741, 12.4996 ], [ 80.0737, 12.4997 ], [ 80.0734, 12.4999 ], [ 80.073, 12.4999 ], [ 80.0726, 12.4997 ], [ 80.0723, 12.4996 ], [ 80.072, 12.4993 ], [ 80.0714, 12.4989 ], [ 80.071, 12.4989 ], [ 80.0706, 12.499 ], [ 80.0702, 12.4991 ], [ 80.0699, 12.4994 ], [ 80.0696, 12.4996 ], [ 80.0692, 12.4998 ], [ 80.0689, 12.4999 ], [ 80.0689, 12.4999 ], [ 80.0685, 12.4999 ], [ 80.0681, 12.4999 ], [ 80.0677, 12.5 ], [ 80.0673, 12.5002 ], [ 80.067, 12.5004 ], [ 80.0667, 12.5006 ], [ 80.0664, 12.5008 ], [ 80.0661, 12.5011 ], [ 80.0658, 12.5013 ], [ 80.0655, 12.5016 ], [ 80.0652, 12.5018 ], [ 80.0649, 12.502 ], [ 80.0645, 12.5022 ], [ 80.0641, 12.5023 ], [ 80.0637, 12.5023 ], [ 80.0633, 12.5024 ], [ 80.063, 12.5024 ], [ 80.0626, 12.5025 ], [ 80.0622, 12.5026 ], [ 80.0618, 12.5026 ], [ 80.0614, 12.5027 ], [ 80.061, 12.5027 ], [ 80.0606, 12.5027 ], [ 80.0602, 12.5028 ], [ 80.0598, 12.5028 ], [ 80.0594, 12.5029 ], [ 80.0591, 12.5029 ], [ 80.0587, 12.5029 ], [ 80.0583, 12.503 ], [ 80.0579, 12.503 ], [ 80.0575, 12.503 ], [ 80.0571, 12.503 ], [ 80.0567, 12.503 ], [ 80.0563, 12.503 ], [ 80.0559, 12.5031 ], [ 80.0555, 12.5031 ], [ 80.0551, 12.5031 ], [ 80.0547, 12.5032 ], [ 80.0544, 12.5032 ], [ 80.054, 12.5033 ], [ 80.0536, 12.5034 ], [ 80.0532, 12.5034 ], [ 80.0528, 12.5035 ], [ 80.0524, 12.5036 ], [ 80.0521, 12.5037 ], [ 80.0517, 12.5039 ], [ 80.0514, 12.5039 ], [ 80.0513, 12.504 ], [ 80.0509, 12.5041 ], [ 80.0506, 12.5042 ], [ 80.0502, 12.5044 ], [ 80.0498, 12.5045 ], [ 80.0495, 12.5047 ], [ 80.0491, 12.5048 ], [ 80.0488, 12.505 ], [ 80.0484, 12.5052 ], [ 80.0481, 12.5054 ], [ 80.0478, 12.5056 ], [ 80.0474, 12.5058 ], [ 80.0471, 12.506 ], [ 80.0467, 12.5062 ], [ 80.0464, 12.5064 ], [ 80.046, 12.5066 ], [ 80.0457, 12.5067 ], [ 80.0453, 12.5069 ], [ 80.045, 12.507 ], [ 80.0446, 12.5072 ], [ 80.0443, 12.5073 ], [ 80.0439, 12.5075 ], [ 80.0435, 12.5077 ], [ 80.0432, 12.5078 ], [ 80.0428, 12.508 ], [ 80.0425, 12.5081 ], [ 80.0421, 12.5083 ], [ 80.0417, 12.5085 ], [ 80.0417, 12.5085 ], [ 80.0414, 12.5086 ], [ 80.041, 12.5088 ], [ 80.0407, 12.509 ], [ 80.0403, 12.5092 ], [ 80.04, 12.5093 ], [ 80.0397, 12.5095 ], [ 80.0393, 12.5097 ], [ 80.039, 12.5099 ], [ 80.0386, 12.5101 ], [ 80.0383, 12.5103 ], [ 80.038, 12.5105 ], [ 80.0376, 12.5107 ], [ 80.0373, 12.511 ], [ 80.037, 12.5112 ], [ 80.0366, 12.5114 ], [ 80.0363, 12.5116 ], [ 80.036, 12.5118 ], [ 80.0357, 12.512 ], [ 80.0353, 12.5122 ], [ 80.035, 12.5124 ], [ 80.0347, 12.5126 ], [ 80.0343, 12.5128 ], [ 80.034, 12.5131 ], [ 80.0337, 12.5133 ], [ 80.0334, 12.5135 ], [ 80.0331, 12.5138 ], [ 80.0325, 12.5142 ], [ 80.0322, 12.5145 ], [ 80.032, 12.5148 ], [ 80.0317, 12.5151 ], [ 80.0315, 12.5154 ], [ 80.0313, 12.5156 ], [ 80.0312, 12.5157 ], [ 80.031, 12.516 ], [ 80.0307, 12.5163 ], [ 80.0304, 12.5165 ], [ 80.03, 12.5167 ], [ 80.0296, 12.5168 ], [ 80.0293, 12.5169 ], [ 80.0289, 12.517 ], [ 80.0285, 12.5171 ], [ 80.0281, 12.5173 ], [ 80.0278, 12.5174 ], [ 80.0274, 12.5175 ], [ 80.027, 12.5177 ], [ 80.0267, 12.5179 ], [ 80.0266, 12.5179 ], [ 80.0264, 12.5181 ], [ 80.026, 12.5183 ], [ 80.0257, 12.5185 ], [ 80.0254, 12.5187 ], [ 80.025, 12.5189 ], [ 80.0247, 12.5191 ], [ 80.0243, 12.5193 ], [ 80.024, 12.5194 ], [ 80.0236, 12.5196 ], [ 80.0233, 12.5198 ], [ 80.0229, 12.5199 ], [ 80.0226, 12.5201 ], [ 80.0222, 12.5202 ], [ 80.0218, 12.5203 ], [ 80.0214, 12.5205 ], [ 80.0211, 12.5206 ], [ 80.0207, 12.5207 ], [ 80.0203, 12.5208 ], [ 80.0199, 12.5209 ], [ 80.0195, 12.5209 ], [ 80.0192, 12.521 ], [ 80.0188, 12.5211 ], [ 80.0184, 12.5211 ], [ 80.018, 12.5211 ], [ 80.0176, 12.5211 ], [ 80.0172, 12.5211 ], [ 80.0168, 12.5211 ], [ 80.0164, 12.5211 ], [ 80.016, 12.521 ], [ 80.0156, 12.521 ], [ 80.0152, 12.5211 ], [ 80.0149, 12.5212 ], [ 80.0146, 12.5214 ], [ 80.0143, 12.5217 ], [ 80.014, 12.522 ], [ 80.0137, 12.5222 ], [ 80.0134, 12.5225 ], [ 80.0131, 12.5227 ], [ 80.0128, 12.523 ], [ 80.0125, 12.5232 ], [ 80.0122, 12.5235 ], [ 80.012, 12.5238 ], [ 80.0117, 12.5241 ], [ 80.0115, 12.5244 ], [ 80.0113, 12.5247 ], [ 80.0111, 12.5251 ], [ 80.0109, 12.5254 ], [ 80.0107, 12.5258 ], [ 80.0106, 12.5261 ], [ 80.0105, 12.5265 ], [ 80.0104, 12.5269 ], [ 80.0101, 12.5274 ], [ 80.01, 12.5278 ], [ 80.0099, 12.5281 ], [ 80.0098, 12.5285 ], [ 80.0097, 12.5289 ], [ 80.0096, 12.5293 ], [ 80.0095, 12.5296 ], [ 80.0094, 12.53 ], [ 80.0093, 12.5304 ], [ 80.0092, 12.5308 ], [ 80.0092, 12.5311 ], [ 80.0091, 12.5315 ], [ 80.0091, 12.5319 ], [ 80.0091, 12.5323 ], [ 80.009, 12.5327 ], [ 80.009, 12.5331 ], [ 80.0089, 12.5335 ], [ 80.0088, 12.534 ], [ 80.0087, 12.5343 ], [ 80.0085, 12.5347 ], [ 80.0083, 12.535 ], [ 80.0081, 12.5353 ], [ 80.0079, 12.5356 ], [ 80.0076, 12.536 ], [ 80.0074, 12.5363 ], [ 80.0072, 12.5366 ], [ 80.0069, 12.5369 ], [ 80.0067, 12.5372 ], [ 80.0064, 12.5374 ], [ 80.0061, 12.5377 ], [ 80.0059, 12.538 ], [ 80.0056, 12.5383 ], [ 80.0053, 12.5386 ], [ 80.005, 12.5389 ], [ 80.0047, 12.5391 ], [ 80.0045, 12.5394 ], [ 80.0042, 12.5396 ], [ 80.0039, 12.5399 ], [ 80.0036, 12.5402 ], [ 80.0033, 12.5404 ], [ 80.003, 12.5407 ], [ 80.0027, 12.5409 ], [ 80.0024, 12.5412 ], [ 80.0021, 12.5414 ], [ 80.0018, 12.5417 ], [ 80.0015, 12.5419 ], [ 80.0012, 12.5422 ], [ 80.0009, 12.5425 ], [ 80.0006, 12.5427 ], [ 80.0004, 12.543 ], [ 80.0001, 12.5433 ], [ 79.9998, 12.5435 ], [ 79.9994, 12.5437 ], [ 79.9991, 12.5438 ], [ 79.9987, 12.5439 ], [ 79.9983, 12.544 ], [ 79.9979, 12.544 ], [ 79.9975, 12.5441 ], [ 79.9971, 12.5442 ], [ 79.9967, 12.5443 ], [ 79.9964, 12.5443 ], [ 79.996, 12.5444 ], [ 79.9956, 12.5445 ], [ 79.9952, 12.5446 ], [ 79.9948, 12.5448 ], [ 79.9945, 12.5449 ], [ 79.9941, 12.545 ], [ 79.9937, 12.5451 ], [ 79.9934, 12.5452 ], [ 79.993, 12.5454 ], [ 79.9926, 12.5455 ], [ 79.9922, 12.5456 ], [ 79.9919, 12.5457 ], [ 79.9915, 12.5458 ], [ 79.9911, 12.5459 ], [ 79.9907, 12.546 ], [ 79.9903, 12.5461 ], [ 79.9899, 12.5462 ], [ 79.9896, 12.5463 ], [ 79.9892, 12.5464 ], [ 79.9888, 12.5464 ], [ 79.9884, 12.5465 ], [ 79.988, 12.5466 ], [ 79.9877, 12.5467 ], [ 79.9873, 12.5469 ], [ 79.9869, 12.547 ], [ 79.9864, 12.5472 ], [ 79.986, 12.5473 ], [ 79.9857, 12.5474 ], [ 79.9853, 12.5476 ], [ 79.985, 12.5477 ], [ 79.9846, 12.5479 ], [ 79.9842, 12.548 ], [ 79.9839, 12.5481 ], [ 79.9835, 12.5483 ], [ 79.9831, 12.5484 ], [ 79.9828, 12.5486 ], [ 79.9824, 12.5487 ], [ 79.982, 12.5489 ], [ 79.9817, 12.549 ], [ 79.9813, 12.5492 ], [ 79.9809, 12.5493 ], [ 79.9806, 12.5495 ], [ 79.9802, 12.5496 ], [ 79.9799, 12.5498 ], [ 79.9795, 12.5499 ], [ 79.9791, 12.5501 ], [ 79.9788, 12.5502 ], [ 79.9784, 12.5504 ], [ 79.9781, 12.5505 ], [ 79.9777, 12.5507 ], [ 79.9773, 12.5509 ], [ 79.977, 12.551 ], [ 79.9766, 12.5512 ], [ 79.976, 12.5516 ], [ 79.9757, 12.5518 ], [ 79.9754, 12.5521 ], [ 79.9751, 12.5524 ], [ 79.9749, 12.5527 ], [ 79.9746, 12.553 ], [ 79.9744, 12.5533 ], [ 79.9742, 12.5536 ], [ 79.9739, 12.5539 ], [ 79.9736, 12.5542 ], [ 79.9734, 12.5545 ], [ 79.9731, 12.5548 ], [ 79.9729, 12.5551 ], [ 79.9727, 12.5555 ], [ 79.9725, 12.5558 ], [ 79.9723, 12.5561 ], [ 79.9722, 12.5565 ], [ 79.972, 12.5569 ], [ 79.9719, 12.5572 ], [ 79.9717, 12.5576 ], [ 79.9715, 12.5579 ], [ 79.9714, 12.5583 ], [ 79.9712, 12.5586 ], [ 79.971, 12.5589 ], [ 79.9708, 12.5593 ], [ 79.9706, 12.5596 ], [ 79.9704, 12.5599 ], [ 79.9702, 12.5603 ], [ 79.97, 12.5606 ], [ 79.9698, 12.5609 ], [ 79.9696, 12.5613 ], [ 79.9695, 12.5616 ], [ 79.9693, 12.562 ], [ 79.9692, 12.5624 ], [ 79.969, 12.5628 ], [ 79.9689, 12.5631 ], [ 79.9688, 12.5635 ], [ 79.9687, 12.5639 ], [ 79.9685, 12.5642 ], [ 79.9684, 12.5646 ], [ 79.9683, 12.565 ], [ 79.9682, 12.5653 ], [ 79.968, 12.5657 ], [ 79.9679, 12.5661 ], [ 79.9678, 12.5664 ], [ 79.9676, 12.5668 ], [ 79.9675, 12.5671 ], [ 79.9673, 12.5675 ], [ 79.9671, 12.5678 ], [ 79.967, 12.5682 ], [ 79.9668, 12.5685 ], [ 79.9667, 12.5689 ], [ 79.9665, 12.5693 ], [ 79.9664, 12.5696 ], [ 79.9662, 12.57 ], [ 79.9661, 12.5703 ], [ 79.966, 12.5707 ], [ 79.9658, 12.5711 ], [ 79.9657, 12.5714 ], [ 79.9656, 12.5718 ], [ 79.9654, 12.5722 ], [ 79.9653, 12.5725 ], [ 79.9652, 12.5729 ], [ 79.9651, 12.5733 ], [ 79.965, 12.5736 ], [ 79.9648, 12.5744 ], [ 79.9647, 12.5748 ], [ 79.9646, 12.5751 ], [ 79.9645, 12.5755 ], [ 79.9644, 12.5759 ], [ 79.9644, 12.5763 ], [ 79.9643, 12.5766 ], [ 79.9642, 12.5768 ], [ 79.9642, 12.577 ], [ 79.9641, 12.5774 ], [ 79.964, 12.5778 ], [ 79.9639, 12.5781 ], [ 79.9637, 12.5785 ], [ 79.9636, 12.5789 ], [ 79.9635, 12.5792 ], [ 79.9634, 12.5796 ], [ 79.9633, 12.58 ], [ 79.9632, 12.5804 ], [ 79.9631, 12.5807 ], [ 79.963, 12.5811 ], [ 79.9628, 12.5815 ], [ 79.9627, 12.5818 ], [ 79.9626, 12.5822 ], [ 79.9625, 12.5826 ], [ 79.9624, 12.5829 ], [ 79.9623, 12.5833 ], [ 79.9621, 12.5837 ], [ 79.962, 12.584 ], [ 79.9619, 12.5844 ], [ 79.9618, 12.5848 ], [ 79.9617, 12.5851 ], [ 79.9615, 12.5855 ], [ 79.9614, 12.5859 ], [ 79.9613, 12.5862 ], [ 79.9612, 12.5866 ], [ 79.9611, 12.587 ], [ 79.9609, 12.5874 ], [ 79.9608, 12.5877 ], [ 79.9607, 12.5881 ], [ 79.9606, 12.5885 ], [ 79.9606, 12.5889 ], [ 79.9605, 12.5892 ], [ 79.9605, 12.5896 ], [ 79.9604, 12.59 ], [ 79.9603, 12.5904 ], [ 79.9603, 12.5908 ], [ 79.9602, 12.5911 ], [ 79.9601, 12.5915 ], [ 79.9599, 12.5919 ], [ 79.9597, 12.5922 ], [ 79.9595, 12.5925 ], [ 79.9591, 12.5931 ], [ 79.9588, 12.5934 ], [ 79.9586, 12.5937 ], [ 79.9583, 12.594 ], [ 79.9581, 12.5943 ], [ 79.9578, 12.5945 ], [ 79.9575, 12.5948 ], [ 79.9573, 12.5951 ], [ 79.957, 12.5954 ], [ 79.9567, 12.5957 ], [ 79.9564, 12.5959 ], [ 79.9561, 12.5962 ], [ 79.9559, 12.5965 ], [ 79.9556, 12.5967 ], [ 79.9553, 12.597 ], [ 79.955, 12.5973 ], [ 79.9547, 12.5975 ], [ 79.9544, 12.5978 ], [ 79.9541, 12.5981 ], [ 79.9538, 12.5983 ], [ 79.9536, 12.5986 ], [ 79.9533, 12.5988 ], [ 79.953, 12.5991 ], [ 79.9528, 12.5995 ], [ 79.9527, 12.5998 ], [ 79.9526, 12.6002 ], [ 79.9525, 12.6006 ], [ 79.9524, 12.6009 ], [ 79.9522, 12.6013 ], [ 79.952, 12.6016 ], [ 79.9518, 12.6019 ], [ 79.9513, 12.6022 ], [ 79.9509, 12.6023 ], [ 79.9505, 12.6023 ], [ 79.9501, 12.6022 ], [ 79.9497, 12.6022 ], [ 79.9493, 12.6021 ], [ 79.9489, 12.6021 ], [ 79.9486, 12.6022 ], [ 79.9483, 12.6024 ], [ 79.9482, 12.6028 ], [ 79.948, 12.6032 ], [ 79.9479, 12.6035 ], [ 79.9477, 12.604 ], [ 79.9476, 12.6044 ], [ 79.9475, 12.6048 ], [ 79.9474, 12.6051 ], [ 79.9473, 12.6055 ], [ 79.9472, 12.6059 ], [ 79.947, 12.6062 ], [ 79.9469, 12.6066 ], [ 79.9468, 12.607 ], [ 79.9466, 12.6073 ], [ 79.9465, 12.6077 ], [ 79.9463, 12.608 ], [ 79.9462, 12.6084 ], [ 79.946, 12.6088 ], [ 79.9459, 12.6091 ], [ 79.9458, 12.6095 ], [ 79.9456, 12.6098 ], [ 79.9455, 12.6102 ], [ 79.9453, 12.6106 ], [ 79.9452, 12.6109 ], [ 79.945, 12.6113 ], [ 79.9449, 12.6116 ], [ 79.9447, 12.612 ], [ 79.9445, 12.6123 ], [ 79.9443, 12.6127 ], [ 79.9441, 12.613 ], [ 79.9439, 12.6133 ], [ 79.9437, 12.6137 ], [ 79.9438, 12.6139 ], [ 79.9443, 12.6138 ], [ 79.9447, 12.6136 ], [ 79.945, 12.6135 ], [ 79.9454, 12.6133 ], [ 79.9458, 12.6132 ], [ 79.9461, 12.6131 ], [ 79.9465, 12.6129 ], [ 79.9469, 12.6128 ], [ 79.9473, 12.6128 ], [ 79.9477, 12.6129 ], [ 79.9481, 12.6128 ], [ 79.9484, 12.6128 ], [ 79.9481, 12.6134 ], [ 79.9478, 12.6136 ], [ 79.9475, 12.6139 ], [ 79.9473, 12.6141 ], [ 79.947, 12.6144 ], [ 79.9467, 12.6147 ], [ 79.9464, 12.615 ], [ 79.9462, 12.6153 ], [ 79.946, 12.6156 ], [ 79.946, 12.616 ], [ 79.946, 12.6164 ], [ 79.946, 12.6168 ], [ 79.9459, 12.6172 ], [ 79.9459, 12.6176 ], [ 79.9459, 12.6179 ], [ 79.9459, 12.6183 ], [ 79.9459, 12.6187 ], [ 79.9459, 12.6191 ], [ 79.9459, 12.6195 ], [ 79.9459, 12.6199 ], [ 79.9459, 12.6203 ], [ 79.9459, 12.6206 ], [ 79.9459, 12.621 ], [ 79.9459, 12.6214 ], [ 79.9459, 12.6218 ], [ 79.9459, 12.6222 ], [ 79.9459, 12.6226 ], [ 79.9459, 12.623 ], [ 79.9459, 12.6233 ], [ 79.9459, 12.6237 ], [ 79.9459, 12.6241 ], [ 79.9459, 12.6245 ], [ 79.9459, 12.6249 ], [ 79.9459, 12.6253 ], [ 79.9459, 12.6257 ], [ 79.9459, 12.6261 ], [ 79.9459, 12.6264 ], [ 79.9459, 12.6268 ], [ 79.9459, 12.6272 ], [ 79.9459, 12.6276 ], [ 79.9459, 12.628 ], [ 79.9458, 12.6284 ], [ 79.9458, 12.6288 ], [ 79.9458, 12.6291 ], [ 79.9458, 12.6295 ], [ 79.9458, 12.6299 ], [ 79.9458, 12.6303 ], [ 79.9458, 12.6307 ], [ 79.9458, 12.6311 ], [ 79.9458, 12.6315 ], [ 79.9459, 12.6318 ], [ 79.9459, 12.6322 ], [ 79.9459, 12.6326 ], [ 79.9459, 12.633 ], [ 79.9459, 12.6334 ], [ 79.946, 12.6337 ], [ 79.946, 12.6339 ], [ 79.9461, 12.6343 ], [ 79.9462, 12.6348 ], [ 79.9463, 12.6352 ], [ 79.9463, 12.6356 ], [ 79.9464, 12.6359 ], [ 79.9465, 12.6363 ], [ 79.9466, 12.6367 ], [ 79.9467, 12.6371 ], [ 79.9467, 12.6375 ], [ 79.9467, 12.6378 ], [ 79.9467, 12.6382 ], [ 79.9467, 12.6386 ], [ 79.9467, 12.639 ], [ 79.9467, 12.6394 ], [ 79.9468, 12.6398 ], [ 79.9468, 12.6402 ], [ 79.9469, 12.6405 ], [ 79.947, 12.6409 ], [ 79.9471, 12.6413 ], [ 79.9472, 12.6417 ], [ 79.9473, 12.642 ], [ 79.9474, 12.6424 ], [ 79.9475, 12.6428 ], [ 79.9478, 12.643 ], [ 79.9482, 12.6429 ], [ 79.9486, 12.6429 ], [ 79.949, 12.6428 ], [ 79.9493, 12.6428 ], [ 79.9497, 12.6428 ], [ 79.9501, 12.6428 ], [ 79.9505, 12.6428 ], [ 79.9509, 12.6428 ], [ 79.9513, 12.643 ], [ 79.9516, 12.6435 ], [ 79.9516, 12.6439 ], [ 79.9516, 12.6443 ], [ 79.9516, 12.6447 ], [ 79.9516, 12.6451 ], [ 79.9516, 12.6454 ], [ 79.9515, 12.6458 ], [ 79.9515, 12.6462 ], [ 79.9515, 12.6466 ], [ 79.9514, 12.647 ], [ 79.9514, 12.6474 ], [ 79.9514, 12.6478 ], [ 79.9514, 12.6481 ], [ 79.9514, 12.6485 ], [ 79.9514, 12.6489 ], [ 79.9514, 12.6493 ], [ 79.9514, 12.6497 ], [ 79.9514, 12.6501 ], [ 79.9514, 12.6505 ], [ 79.9514, 12.6508 ], [ 79.9515, 12.6512 ], [ 79.9515, 12.6516 ], [ 79.9516, 12.652 ], [ 79.9516, 12.6524 ], [ 79.9516, 12.6528 ], [ 79.9516, 12.6531 ], [ 79.9516, 12.6535 ], [ 79.9516, 12.6536 ], [ 79.9516, 12.6539 ], [ 79.9515, 12.6543 ], [ 79.9508, 12.6546 ], [ 79.9504, 12.6546 ], [ 79.95, 12.6547 ], [ 79.9496, 12.6547 ], [ 79.9492, 12.6547 ], [ 79.9489, 12.6546 ], [ 79.9485, 12.6546 ], [ 79.9481, 12.6545 ], [ 79.9477, 12.6546 ], [ 79.9476, 12.6549 ], [ 79.9478, 12.6553 ], [ 79.948, 12.6556 ], [ 79.9482, 12.6559 ], [ 79.9484, 12.6563 ], [ 79.9486, 12.6566 ], [ 79.9488, 12.6569 ], [ 79.949, 12.6573 ], [ 79.949, 12.6577 ], [ 79.949, 12.6581 ], [ 79.9491, 12.6584 ], [ 79.9491, 12.6588 ], [ 79.9491, 12.6592 ], [ 79.9492, 12.6596 ], [ 79.9494, 12.6599 ], [ 79.9498, 12.6601 ], [ 79.9504, 12.6602 ], [ 79.9508, 12.6602 ], [ 79.9512, 12.6602 ], [ 79.9516, 12.6602 ], [ 79.952, 12.6602 ], [ 79.9523, 12.6602 ], [ 79.9524, 12.6602 ], [ 79.9527, 12.6604 ], [ 79.9532, 12.661 ], [ 79.9534, 12.6613 ], [ 79.9535, 12.6617 ], [ 79.9537, 12.662 ], [ 79.9538, 12.6624 ], [ 79.954, 12.6627 ], [ 79.9542, 12.6631 ], [ 79.9543, 12.6634 ], [ 79.9545, 12.6638 ], [ 79.9547, 12.6641 ], [ 79.9548, 12.6645 ], [ 79.9549, 12.6649 ], [ 79.9549, 12.6652 ], [ 79.955, 12.6656 ], [ 79.955, 12.666 ], [ 79.955, 12.6664 ], [ 79.9551, 12.6668 ], [ 79.9551, 12.6672 ], [ 79.9551, 12.6676 ], [ 79.9552, 12.6679 ], [ 79.9552, 12.6683 ], [ 79.9552, 12.6687 ], [ 79.9552, 12.6691 ], [ 79.9553, 12.6695 ], [ 79.9553, 12.6699 ], [ 79.9553, 12.6702 ], [ 79.9554, 12.6706 ], [ 79.9555, 12.671 ], [ 79.9556, 12.6714 ], [ 79.9558, 12.6717 ], [ 79.9559, 12.6721 ], [ 79.956, 12.6725 ], [ 79.9561, 12.6728 ], [ 79.9562, 12.6732 ], [ 79.9563, 12.6736 ], [ 79.9564, 12.674 ], [ 79.9565, 12.6743 ], [ 79.9566, 12.6747 ], [ 79.9567, 12.6751 ], [ 79.9567, 12.6755 ], [ 79.9568, 12.6759 ], [ 79.9569, 12.6762 ], [ 79.9569, 12.6766 ], [ 79.957, 12.677 ], [ 79.9571, 12.6774 ], [ 79.9571, 12.6778 ], [ 79.9572, 12.6781 ], [ 79.9573, 12.6785 ], [ 79.9574, 12.6789 ], [ 79.9574, 12.6793 ], [ 79.9575, 12.6797 ], [ 79.9576, 12.68 ], [ 79.9576, 12.6804 ], [ 79.9577, 12.6808 ], [ 79.9577, 12.6812 ], [ 79.9577, 12.6816 ], [ 79.9577, 12.682 ], [ 79.9578, 12.6823 ], [ 79.9578, 12.6827 ], [ 79.9579, 12.6831 ], [ 79.958, 12.6835 ], [ 79.9581, 12.6839 ], [ 79.9582, 12.6842 ], [ 79.9583, 12.6846 ], [ 79.9584, 12.685 ], [ 79.9584, 12.6854 ], [ 79.9584, 12.6858 ], [ 79.9584, 12.6862 ], [ 79.9584, 12.6867 ], [ 79.9584, 12.6871 ], [ 79.9583, 12.6875 ], [ 79.9583, 12.6879 ], [ 79.9583, 12.6883 ], [ 79.9583, 12.6887 ], [ 79.9583, 12.689 ], [ 79.9582, 12.6894 ], [ 79.9582, 12.6898 ], [ 79.9582, 12.6902 ], [ 79.9581, 12.6906 ], [ 79.9581, 12.691 ], [ 79.9581, 12.6913 ], [ 79.958, 12.6917 ], [ 79.958, 12.6921 ], [ 79.9579, 12.6925 ], [ 79.9579, 12.6929 ], [ 79.9578, 12.6933 ], [ 79.9578, 12.6936 ], [ 79.9577, 12.694 ], [ 79.9577, 12.6944 ], [ 79.9576, 12.6948 ], [ 79.9576, 12.6952 ], [ 79.9576, 12.6956 ], [ 79.9575, 12.6959 ], [ 79.9575, 12.6963 ], [ 79.9575, 12.6967 ], [ 79.9574, 12.6971 ], [ 79.9574, 12.6975 ], [ 79.9574, 12.6979 ], [ 79.9575, 12.6983 ], [ 79.9574, 12.6986 ], [ 79.9571, 12.6989 ], [ 79.9567, 12.6989 ], [ 79.9563, 12.6989 ], [ 79.9559, 12.6989 ], [ 79.9555, 12.6989 ], [ 79.9552, 12.699 ], [ 79.9548, 12.699 ], [ 79.9544, 12.699 ], [ 79.954, 12.6991 ], [ 79.9536, 12.6991 ], [ 79.9532, 12.6991 ], [ 79.953, 12.6995 ], [ 79.953, 12.6999 ], [ 79.953, 12.7003 ], [ 79.953, 12.7007 ], [ 79.9531, 12.7011 ], [ 79.9531, 12.7014 ], [ 79.9531, 12.7018 ], [ 79.9531, 12.7022 ], [ 79.9531, 12.7026 ], [ 79.9531, 12.703 ], [ 79.9531, 12.7034 ], [ 79.9531, 12.7038 ], [ 79.953, 12.7041 ], [ 79.953, 12.7045 ], [ 79.9529, 12.7049 ], [ 79.9529, 12.7053 ], [ 79.9528, 12.7057 ], [ 79.9528, 12.7061 ], [ 79.9528, 12.7065 ], [ 79.9527, 12.7068 ], [ 79.9527, 12.7072 ], [ 79.9526, 12.7076 ], [ 79.9526, 12.708 ], [ 79.9525, 12.7084 ], [ 79.9524, 12.7087 ], [ 79.9523, 12.7091 ], [ 79.9521, 12.7095 ], [ 79.952, 12.7098 ], [ 79.9519, 12.7102 ], [ 79.9517, 12.7106 ], [ 79.9516, 12.7109 ], [ 79.9514, 12.7113 ], [ 79.9513, 12.7116 ], [ 79.9511, 12.712 ], [ 79.9509, 12.7123 ], [ 79.9507, 12.7127 ], [ 79.9505, 12.713 ], [ 79.9503, 12.7133 ], [ 79.9501, 12.7136 ], [ 79.9499, 12.7139 ], [ 79.9496, 12.7142 ], [ 79.9494, 12.7146 ], [ 79.9492, 12.7149 ], [ 79.9489, 12.7152 ], [ 79.9487, 12.7155 ], [ 79.9485, 12.7158 ], [ 79.9483, 12.7161 ], [ 79.948, 12.7164 ], [ 79.9478, 12.7168 ], [ 79.9476, 12.7171 ], [ 79.9474, 12.7174 ], [ 79.9471, 12.7177 ], [ 79.9469, 12.718 ], [ 79.9467, 12.7184 ], [ 79.9465, 12.7187 ], [ 79.9463, 12.719 ], [ 79.946, 12.7193 ], [ 79.9458, 12.7197 ], [ 79.9456, 12.72 ], [ 79.9454, 12.7203 ], [ 79.9452, 12.7206 ], [ 79.945, 12.721 ], [ 79.9448, 12.7213 ], [ 79.9446, 12.7216 ], [ 79.9444, 12.7219 ], [ 79.9442, 12.7223 ], [ 79.944, 12.7226 ], [ 79.9438, 12.7229 ], [ 79.9436, 12.7233 ], [ 79.9434, 12.7236 ], [ 79.9432, 12.7239 ], [ 79.943, 12.7243 ], [ 79.9428, 12.7246 ], [ 79.9428, 12.725 ], [ 79.9428, 12.7254 ], [ 79.9428, 12.7258 ], [ 79.9429, 12.7262 ], [ 79.9431, 12.7268 ], [ 79.9431, 12.7272 ], [ 79.9428, 12.7275 ], [ 79.9425, 12.7278 ], [ 79.9422, 12.728 ], [ 79.942, 12.7283 ], [ 79.9417, 12.7285 ], [ 79.9414, 12.7288 ], [ 79.9411, 12.7291 ], [ 79.9408, 12.7296 ], [ 79.9406, 12.7299 ], [ 79.9403, 12.7302 ], [ 79.94, 12.7305 ], [ 79.9397, 12.7307 ], [ 79.9394, 12.731 ], [ 79.9391, 12.7312 ], [ 79.9388, 12.7315 ], [ 79.9385, 12.7318 ], [ 79.9383, 12.732 ], [ 79.938, 12.7323 ], [ 79.9377, 12.7326 ], [ 79.9374, 12.7328 ], [ 79.9371, 12.7331 ], [ 79.9368, 12.7334 ], [ 79.9366, 12.7336 ], [ 79.9363, 12.7339 ], [ 79.936, 12.7342 ], [ 79.9358, 12.7345 ], [ 79.9355, 12.7348 ], [ 79.9352, 12.7351 ], [ 79.935, 12.7353 ], [ 79.9347, 12.7356 ], [ 79.9344, 12.7359 ], [ 79.9342, 12.7362 ], [ 79.9339, 12.7365 ], [ 79.9337, 12.7368 ], [ 79.9334, 12.7372 ], [ 79.9332, 12.7375 ], [ 79.9329, 12.7378 ], [ 79.9327, 12.7381 ], [ 79.9325, 12.7384 ], [ 79.9323, 12.7388 ], [ 79.9321, 12.7391 ], [ 79.9319, 12.7394 ], [ 79.9317, 12.7398 ], [ 79.9315, 12.7401 ], [ 79.9313, 12.7404 ], [ 79.931, 12.7407 ], [ 79.9308, 12.741 ], [ 79.9306, 12.7413 ], [ 79.9303, 12.7416 ], [ 79.9301, 12.7419 ], [ 79.9298, 12.7422 ], [ 79.9296, 12.7425 ], [ 79.9293, 12.7428 ], [ 79.9291, 12.7431 ], [ 79.9288, 12.7434 ], [ 79.9285, 12.7437 ], [ 79.9283, 12.744 ], [ 79.928, 12.7443 ], [ 79.9277, 12.7446 ], [ 79.9274, 12.7448 ], [ 79.9271, 12.7451 ], [ 79.9269, 12.7454 ], [ 79.9266, 12.7457 ], [ 79.9263, 12.7459 ], [ 79.926, 12.7462 ], [ 79.9257, 12.7465 ], [ 79.9255, 12.7468 ], [ 79.9252, 12.747 ], [ 79.9249, 12.7473 ], [ 79.9247, 12.7476 ], [ 79.9244, 12.7479 ], [ 79.9242, 12.7482 ], [ 79.9239, 12.7485 ], [ 79.9237, 12.7488 ], [ 79.9234, 12.7491 ], [ 79.9231, 12.7493 ], [ 79.9228, 12.7496 ], [ 79.9225, 12.7499 ], [ 79.9222, 12.75 ], [ 79.9218, 12.7502 ], [ 79.9214, 12.7503 ], [ 79.9211, 12.7504 ], [ 79.9207, 12.7506 ], [ 79.9204, 12.7508 ], [ 79.9201, 12.7511 ], [ 79.9198, 12.7513 ], [ 79.9194, 12.7515 ], [ 79.9191, 12.7518 ], [ 79.9188, 12.752 ], [ 79.9185, 12.7522 ], [ 79.9181, 12.7524 ], [ 79.9178, 12.7525 ], [ 79.9174, 12.7526 ], [ 79.917, 12.7526 ], [ 79.9166, 12.7526 ], [ 79.9162, 12.7526 ], [ 79.9158, 12.7526 ], [ 79.9154, 12.7526 ], [ 79.915, 12.7526 ], [ 79.9146, 12.7526 ], [ 79.9142, 12.7526 ], [ 79.9138, 12.7527 ], [ 79.9135, 12.7528 ], [ 79.9131, 12.7528 ], [ 79.9127, 12.7529 ], [ 79.9123, 12.753 ], [ 79.9119, 12.753 ], [ 79.9115, 12.7531 ], [ 79.9111, 12.7531 ], [ 79.9107, 12.7532 ], [ 79.9103, 12.7532 ], [ 79.91, 12.7533 ], [ 79.9095, 12.7533 ], [ 79.9091, 12.7534 ], [ 79.9087, 12.7534 ], [ 79.9083, 12.7535 ], [ 79.9079, 12.7535 ], [ 79.9076, 12.7536 ], [ 79.907, 12.7537 ], [ 79.9066, 12.7538 ], [ 79.9062, 12.7539 ], [ 79.9058, 12.754 ], [ 79.9055, 12.7541 ], [ 79.9051, 12.7542 ], [ 79.9047, 12.7544 ], [ 79.9044, 12.7545 ], [ 79.904, 12.7547 ], [ 79.9037, 12.7549 ], [ 79.9033, 12.7551 ], [ 79.903, 12.7553 ], [ 79.9027, 12.7555 ], [ 79.9023, 12.7557 ], [ 79.902, 12.7559 ], [ 79.9017, 12.7561 ], [ 79.9013, 12.7563 ], [ 79.9011, 12.7565 ], [ 79.9008, 12.7567 ], [ 79.9004, 12.7568 ], [ 79.9001, 12.757 ], [ 79.8997, 12.7572 ], [ 79.8994, 12.7574 ], [ 79.899, 12.7576 ], [ 79.8987, 12.7578 ], [ 79.8983, 12.758 ], [ 79.898, 12.7581 ], [ 79.8976, 12.7583 ], [ 79.8973, 12.7585 ], [ 79.897, 12.7587 ], [ 79.8966, 12.7589 ], [ 79.8963, 12.7591 ], [ 79.8959, 12.7593 ], [ 79.8956, 12.7594 ], [ 79.8952, 12.7596 ], [ 79.8949, 12.7598 ], [ 79.8946, 12.76 ], [ 79.8942, 12.7602 ], [ 79.8939, 12.7604 ], [ 79.8935, 12.7606 ], [ 79.8932, 12.7608 ], [ 79.8929, 12.761 ], [ 79.8925, 12.7612 ], [ 79.8922, 12.7614 ], [ 79.8918, 12.7615 ], [ 79.8915, 12.7617 ], [ 79.8911, 12.7619 ], [ 79.8908, 12.7621 ], [ 79.8904, 12.7623 ], [ 79.8901, 12.7625 ], [ 79.8897, 12.7626 ], [ 79.8894, 12.7628 ], [ 79.889, 12.763 ], [ 79.8887, 12.7632 ], [ 79.8884, 12.7634 ], [ 79.888, 12.7635 ], [ 79.8877, 12.7637 ], [ 79.8873, 12.7639 ], [ 79.887, 12.7641 ], [ 79.8866, 12.7643 ], [ 79.8863, 12.7645 ], [ 79.8859, 12.7646 ], [ 79.8856, 12.7648 ], [ 79.8852, 12.765 ], [ 79.8849, 12.7652 ], [ 79.8845, 12.7654 ], [ 79.8842, 12.7656 ], [ 79.8839, 12.7658 ], [ 79.8835, 12.7659 ], [ 79.8833, 12.7663 ], [ 79.8828, 12.7667 ], [ 79.8825, 12.767 ], [ 79.8821, 12.7672 ], [ 79.8817, 12.7673 ], [ 79.8813, 12.7673 ], [ 79.8809, 12.7674 ], [ 79.8806, 12.7674 ], [ 79.8802, 12.7674 ], [ 79.8798, 12.7675 ], [ 79.8794, 12.7675 ], [ 79.879, 12.7675 ], [ 79.8786, 12.7675 ], [ 79.8782, 12.7675 ], [ 79.8778, 12.7675 ], [ 79.8774, 12.7675 ], [ 79.877, 12.7675 ], [ 79.8766, 12.7675 ], [ 79.8762, 12.7675 ], [ 79.8758, 12.7675 ], [ 79.8754, 12.7675 ], [ 79.875, 12.7675 ], [ 79.8747, 12.7675 ], [ 79.8743, 12.7675 ], [ 79.8739, 12.7675 ], [ 79.8735, 12.7675 ], [ 79.8731, 12.7675 ], [ 79.8727, 12.7674 ], [ 79.8723, 12.7674 ], [ 79.8719, 12.7674 ], [ 79.8715, 12.7674 ], [ 79.8711, 12.7674 ], [ 79.8707, 12.7673 ], [ 79.8703, 12.7673 ], [ 79.8699, 12.7673 ], [ 79.8693, 12.7672 ], [ 79.8689, 12.7672 ], [ 79.8685, 12.7671 ], [ 79.8682, 12.7671 ], [ 79.8678, 12.7671 ], [ 79.8674, 12.767 ], [ 79.867, 12.767 ], [ 79.8666, 12.767 ], [ 79.8662, 12.7669 ], [ 79.8658, 12.7669 ], [ 79.8654, 12.7669 ], [ 79.865, 12.7669 ], [ 79.8646, 12.7668 ], [ 79.8642, 12.7668 ], [ 79.8638, 12.7668 ], [ 79.8634, 12.7668 ], [ 79.8631, 12.7669 ], [ 79.8627, 12.7669 ], [ 79.8623, 12.7669 ], [ 79.8619, 12.7669 ], [ 79.8619, 12.7676 ], [ 79.862, 12.7682 ], [ 79.862, 12.7691 ], [ 79.862, 12.77 ], [ 79.8616, 12.7704 ], [ 79.8595, 12.771 ], [ 79.8585, 12.7714 ], [ 79.857, 12.772 ], [ 79.856, 12.7723 ], [ 79.855, 12.7728 ], [ 79.8542, 12.7733 ], [ 79.8535, 12.7734 ], [ 79.8531, 12.7735 ], [ 79.8525, 12.7738 ], [ 79.8519, 12.7729 ], [ 79.8516, 12.773 ], [ 79.8506, 12.7733 ], [ 79.8496, 12.7735 ], [ 79.8483, 12.7739 ], [ 79.8472, 12.7742 ], [ 79.8458, 12.7746 ], [ 79.8453, 12.7746 ], [ 79.8443, 12.7749 ], [ 79.8425, 12.7755 ], [ 79.8407, 12.776 ], [ 79.8385, 12.7765 ], [ 79.8371, 12.7769 ], [ 79.8358, 12.7776 ], [ 79.8349, 12.778 ], [ 79.8343, 12.7782 ], [ 79.8336, 12.7784 ], [ 79.832, 12.7794 ], [ 79.8304, 12.7801 ], [ 79.8292, 12.7808 ], [ 79.829, 12.7805 ], [ 79.8287, 12.7791 ], [ 79.8282, 12.7795 ], [ 79.8268, 12.7801 ], [ 79.8261, 12.7802 ], [ 79.8257, 12.7804 ], [ 79.8253, 12.7809 ], [ 79.8241, 12.7821 ], [ 79.8234, 12.7834 ], [ 79.8205, 12.7846 ], [ 79.818, 12.7853 ], [ 79.8148, 12.787 ], [ 79.8129, 12.7875 ], [ 79.8114, 12.7883 ], [ 79.809, 12.789 ], [ 79.809, 12.7888 ], [ 79.8094, 12.7877 ], [ 79.8084, 12.788 ], [ 79.8065, 12.7879 ], [ 79.8036, 12.7881 ], [ 79.8026, 12.7883 ], [ 79.8012, 12.7884 ], [ 79.8001, 12.788 ], [ 79.7995, 12.7874 ], [ 79.7986, 12.7868 ], [ 79.7977, 12.7863 ], [ 79.797, 12.7858 ], [ 79.7965, 12.7858 ], [ 79.7942, 12.7851 ], [ 79.7933, 12.785 ], [ 79.7925, 12.7846 ], [ 79.7915, 12.7844 ], [ 79.791, 12.7841 ], [ 79.7907, 12.7841 ], [ 79.7908, 12.7866 ], [ 79.7904, 12.7872 ], [ 79.7896, 12.7867 ], [ 79.7887, 12.7861 ], [ 79.7885, 12.7851 ], [ 79.7881, 12.7844 ], [ 79.7878, 12.7837 ], [ 79.7872, 12.7834 ], [ 79.787, 12.7831 ], [ 79.7869, 12.7817 ], [ 79.7864, 12.7812 ], [ 79.7856, 12.7807 ], [ 79.7852, 12.7805 ], [ 79.7837, 12.7796 ], [ 79.7823, 12.7793 ], [ 79.7811, 12.7791 ], [ 79.7804, 12.7791 ], [ 79.78, 12.7789 ], [ 79.7799, 12.7776 ], [ 79.7786, 12.7775 ], [ 79.7776, 12.7774 ], [ 79.7763, 12.7773 ], [ 79.7755, 12.7774 ], [ 79.7747, 12.7772 ], [ 79.774, 12.777 ], [ 79.7735, 12.7769 ], [ 79.7724, 12.7768 ], [ 79.7706, 12.7767 ], [ 79.7701, 12.7765 ], [ 79.769, 12.7765 ], [ 79.7674, 12.7763 ], [ 79.7666, 12.7762 ], [ 79.767, 12.7767 ], [ 79.7679, 12.7768 ], [ 79.7679, 12.7774 ], [ 79.7683, 12.7778 ], [ 79.7678, 12.7777 ], [ 79.7664, 12.7773 ], [ 79.7654, 12.7766 ], [ 79.7646, 12.7764 ], [ 79.7636, 12.776 ], [ 79.7623, 12.7756 ], [ 79.7602, 12.7761 ], [ 79.7594, 12.7767 ], [ 79.7584, 12.777 ], [ 79.7572, 12.778 ], [ 79.7553, 12.7794 ], [ 79.7536, 12.7818 ], [ 79.7523, 12.7844 ], [ 79.7517, 12.7858 ], [ 79.7505, 12.7871 ], [ 79.7484, 12.7892 ], [ 79.747, 12.7907 ], [ 79.7465, 12.7898 ], [ 79.746, 12.7879 ], [ 79.745, 12.786 ], [ 79.7437, 12.786 ], [ 79.7413, 12.7874 ], [ 79.7385, 12.7888 ], [ 79.7367, 12.7895 ], [ 79.7353, 12.79 ], [ 79.7326, 12.7912 ], [ 79.7302, 12.7923 ], [ 79.7299, 12.7924 ], [ 79.7277, 12.7929 ], [ 79.7253, 12.7936 ], [ 79.7233, 12.7942 ], [ 79.7214, 12.7947 ], [ 79.7199, 12.7948 ], [ 79.7174, 12.795 ], [ 79.7156, 12.7954 ], [ 79.7154, 12.7954 ], [ 79.7144, 12.7957 ], [ 79.7142, 12.7944 ], [ 79.714, 12.7924 ], [ 79.7137, 12.79 ], [ 79.7136, 12.7886 ], [ 79.7114, 12.7884 ], [ 79.7105, 12.7877 ], [ 79.7087, 12.7874 ], [ 79.7071, 12.7867 ], [ 79.7036, 12.7875 ], [ 79.7014, 12.7878 ], [ 79.7012, 12.7889 ], [ 79.7011, 12.7894 ], [ 79.6993, 12.7897 ], [ 79.6981, 12.7894 ], [ 79.6993, 12.7884 ], [ 79.6992, 12.7863 ], [ 79.6991, 12.7839 ], [ 79.6933, 12.7798 ], [ 79.6931, 12.7798 ], [ 79.6931, 12.7798 ], [ 79.6929, 12.7798 ], [ 79.6928, 12.7799 ], [ 79.6926, 12.78 ], [ 79.6925, 12.78 ], [ 79.6922, 12.7802 ], [ 79.6922, 12.7802 ], [ 79.6919, 12.7804 ], [ 79.6919, 12.7804 ], [ 79.6915, 12.7806 ], [ 79.6915, 12.7806 ], [ 79.6912, 12.7809 ], [ 79.6911, 12.7811 ], [ 79.691, 12.7814 ], [ 79.691, 12.7814 ], [ 79.6908, 12.7818 ], [ 79.6908, 12.7819 ], [ 79.6908, 12.7819 ], [ 79.6907, 12.7823 ], [ 79.6907, 12.7823 ], [ 79.6906, 12.7826 ], [ 79.6907, 12.7831 ], [ 79.6907, 12.7831 ], [ 79.6907, 12.7835 ], [ 79.6906, 12.7837 ], [ 79.6904, 12.784 ], [ 79.6903, 12.784 ], [ 79.6895, 12.7843 ], [ 79.6895, 12.7843 ], [ 79.6892, 12.7845 ], [ 79.6891, 12.7845 ], [ 79.6881, 12.785 ], [ 79.688, 12.785 ], [ 79.6875, 12.7851 ], [ 79.6865, 12.7853 ], [ 79.6862, 12.7853 ], [ 79.6861, 12.7853 ], [ 79.6854, 12.7853 ], [ 79.6854, 12.7853 ], [ 79.6843, 12.7857 ], [ 79.6843, 12.7857 ], [ 79.6841, 12.786 ], [ 79.684, 12.7864 ], [ 79.684, 12.7864 ], [ 79.684, 12.7864 ], [ 79.6839, 12.7867 ], [ 79.6838, 12.7868 ], [ 79.6835, 12.7868 ], [ 79.6834, 12.7869 ], [ 79.683, 12.7869 ], [ 79.683, 12.7869 ], [ 79.6827, 12.7869 ], [ 79.6826, 12.7869 ], [ 79.6823, 12.787 ], [ 79.6821, 12.7871 ], [ 79.682, 12.7872 ], [ 79.6819, 12.7875 ], [ 79.6818, 12.7877 ], [ 79.6817, 12.7879 ], [ 79.6813, 12.7886 ], [ 79.6812, 12.7886 ], [ 79.6799, 12.7892 ], [ 79.6799, 12.7892 ], [ 79.6789, 12.7898 ], [ 79.6784, 12.7903 ], [ 79.6783, 12.7904 ], [ 79.6782, 12.7904 ], [ 79.6779, 12.7907 ], [ 79.6777, 12.7909 ], [ 79.6774, 12.791 ], [ 79.6771, 12.791 ], [ 79.677, 12.791 ], [ 79.6766, 12.7911 ], [ 79.6766, 12.7911 ], [ 79.6762, 12.7911 ], [ 79.6762, 12.7911 ], [ 79.6759, 12.7912 ], [ 79.6755, 12.7913 ], [ 79.6751, 12.7913 ], [ 79.675, 12.7913 ], [ 79.6748, 12.7913 ], [ 79.6744, 12.7914 ], [ 79.6743, 12.7914 ], [ 79.6743, 12.7914 ], [ 79.674, 12.7915 ], [ 79.6738, 12.7915 ], [ 79.6736, 12.7916 ], [ 79.6735, 12.7915 ], [ 79.6732, 12.7914 ], [ 79.6732, 12.7913 ], [ 79.6731, 12.7912 ], [ 79.6731, 12.7911 ], [ 79.6729, 12.7909 ], [ 79.6728, 12.7907 ], [ 79.672, 12.7899 ], [ 79.672, 12.7899 ], [ 79.671, 12.7887 ], [ 79.6709, 12.7886 ], [ 79.6701, 12.7874 ], [ 79.6701, 12.7874 ], [ 79.6699, 12.7871 ], [ 79.67, 12.7864 ], [ 79.67, 12.7864 ], [ 79.67, 12.7861 ], [ 79.6699, 12.7859 ], [ 79.6696, 12.7849 ], [ 79.6696, 12.7849 ], [ 79.6694, 12.7845 ], [ 79.6692, 12.7842 ], [ 79.6692, 12.784 ], [ 79.6691, 12.7833 ], [ 79.669, 12.7823 ], [ 79.6692, 12.7821 ], [ 79.6692, 12.782 ], [ 79.6694, 12.7817 ], [ 79.6695, 12.7816 ], [ 79.6696, 12.7814 ], [ 79.6699, 12.7812 ], [ 79.67, 12.7811 ], [ 79.6701, 12.781 ], [ 79.6703, 12.7809 ], [ 79.6703, 12.7808 ], [ 79.6703, 12.7807 ], [ 79.6703, 12.7806 ], [ 79.6704, 12.7804 ], [ 79.6704, 12.7802 ], [ 79.6702, 12.7797 ], [ 79.6702, 12.7795 ], [ 79.6698, 12.7789 ], [ 79.6696, 12.7783 ], [ 79.6693, 12.7781 ], [ 79.6692, 12.7781 ], [ 79.6692, 12.778 ], [ 79.669, 12.7779 ], [ 79.6688, 12.7776 ], [ 79.6688, 12.7776 ], [ 79.6684, 12.7775 ], [ 79.6684, 12.7775 ], [ 79.6681, 12.7775 ], [ 79.668, 12.7775 ], [ 79.6676, 12.7774 ], [ 79.6676, 12.7774 ], [ 79.6673, 12.7773 ], [ 79.6663, 12.7769 ], [ 79.6662, 12.7769 ], [ 79.6646, 12.7768 ], [ 79.663, 12.7766 ], [ 79.663, 12.7766 ], [ 79.663, 12.7766 ], [ 79.6599, 12.7767 ], [ 79.6594, 12.7767 ], [ 79.6591, 12.7768 ], [ 79.6587, 12.7768 ], [ 79.6586, 12.7768 ], [ 79.6586, 12.7768 ], [ 79.6579, 12.7768 ], [ 79.6578, 12.7768 ], [ 79.6575, 12.7768 ], [ 79.6572, 12.7765 ], [ 79.6569, 12.7762 ], [ 79.6569, 12.7759 ], [ 79.6569, 12.7759 ], [ 79.6569, 12.7758 ], [ 79.657, 12.7755 ], [ 79.657, 12.7755 ], [ 79.657, 12.7752 ], [ 79.657, 12.7751 ], [ 79.6572, 12.7748 ], [ 79.6573, 12.7748 ], [ 79.6576, 12.7747 ], [ 79.6577, 12.7747 ], [ 79.6581, 12.7746 ], [ 79.6584, 12.7745 ], [ 79.6584, 12.7745 ], [ 79.6587, 12.7745 ], [ 79.6589, 12.7744 ], [ 79.6591, 12.7743 ], [ 79.6592, 12.7743 ], [ 79.6594, 12.774 ], [ 79.6593, 12.7738 ], [ 79.6593, 12.7738 ], [ 79.6593, 12.7735 ], [ 79.6593, 12.7732 ], [ 79.6593, 12.7732 ], [ 79.659, 12.7708 ], [ 79.6588, 12.7697 ], [ 79.6588, 12.7696 ], [ 79.6585, 12.7686 ], [ 79.6584, 12.7685 ], [ 79.6584, 12.7683 ], [ 79.6583, 12.7679 ], [ 79.6583, 12.7679 ], [ 79.6583, 12.7676 ], [ 79.6582, 12.7674 ], [ 79.6581, 12.7673 ], [ 79.6579, 12.7672 ], [ 79.6578, 12.7672 ], [ 79.6576, 12.7671 ], [ 79.6574, 12.767 ], [ 79.6565, 12.7664 ], [ 79.6562, 12.7662 ], [ 79.6561, 12.7661 ], [ 79.6557, 12.7658 ], [ 79.6547, 12.7652 ], [ 79.6545, 12.7651 ], [ 79.6542, 12.7648 ], [ 79.6542, 12.7647 ], [ 79.6541, 12.7647 ], [ 79.6539, 12.7645 ], [ 79.6538, 12.7645 ], [ 79.6538, 12.7645 ], [ 79.6537, 12.7646 ], [ 79.6535, 12.7647 ], [ 79.653, 12.7652 ], [ 79.653, 12.7652 ], [ 79.6508, 12.7675 ], [ 79.6508, 12.7676 ], [ 79.6499, 12.7687 ], [ 79.6499, 12.7687 ], [ 79.6489, 12.7704 ], [ 79.6488, 12.7704 ], [ 79.6478, 12.7721 ], [ 79.6478, 12.7721 ], [ 79.6468, 12.7726 ], [ 79.6468, 12.7726 ], [ 79.6468, 12.7726 ], [ 79.6468, 12.7727 ], [ 79.6468, 12.7729 ], [ 79.6468, 12.7729 ], [ 79.6467, 12.7739 ], [ 79.6467, 12.774 ], [ 79.6469, 12.7759 ], [ 79.6471, 12.7762 ], [ 79.6472, 12.7766 ], [ 79.6472, 12.7766 ], [ 79.6485, 12.779 ], [ 79.6485, 12.779 ], [ 79.6488, 12.7797 ], [ 79.6491, 12.7804 ], [ 79.6491, 12.7804 ], [ 79.6495, 12.7811 ], [ 79.6498, 12.7816 ], [ 79.6499, 12.7817 ], [ 79.6499, 12.7819 ], [ 79.6499, 12.7821 ], [ 79.6499, 12.7822 ], [ 79.6499, 12.7825 ], [ 79.6495, 12.7828 ], [ 79.6495, 12.7828 ], [ 79.6484, 12.7834 ], [ 79.6483, 12.7834 ], [ 79.6477, 12.7835 ], [ 79.6472, 12.7836 ], [ 79.6471, 12.7836 ], [ 79.6451, 12.7844 ], [ 79.6451, 12.7844 ], [ 79.6429, 12.7854 ], [ 79.6427, 12.7855 ], [ 79.6424, 12.7856 ], [ 79.6417, 12.7861 ], [ 79.6416, 12.7861 ], [ 79.6412, 12.7861 ], [ 79.641, 12.786 ], [ 79.6407, 12.7859 ], [ 79.6404, 12.7858 ], [ 79.6403, 12.7858 ], [ 79.6397, 12.7857 ], [ 79.6395, 12.7857 ], [ 79.6389, 12.7858 ], [ 79.6389, 12.7858 ], [ 79.6381, 12.7859 ], [ 79.637, 12.786 ], [ 79.637, 12.786 ], [ 79.6358, 12.7862 ], [ 79.6355, 12.7863 ], [ 79.6355, 12.7863 ], [ 79.6355, 12.7864 ], [ 79.6355, 12.7864 ], [ 79.6355, 12.7867 ], [ 79.6356, 12.787 ], [ 79.6356, 12.7871 ], [ 79.6356, 12.7881 ], [ 79.6357, 12.7882 ], [ 79.6359, 12.7889 ], [ 79.6359, 12.789 ], [ 79.6363, 12.7895 ], [ 79.6363, 12.7896 ], [ 79.6366, 12.7898 ], [ 79.6367, 12.7899 ], [ 79.6367, 12.7899 ], [ 79.6372, 12.7901 ], [ 79.6373, 12.7902 ], [ 79.6377, 12.7908 ], [ 79.6383, 12.7918 ], [ 79.6384, 12.7918 ], [ 79.6394, 12.7924 ], [ 79.6394, 12.7924 ], [ 79.6397, 12.7927 ], [ 79.6397, 12.7927 ], [ 79.6397, 12.7928 ], [ 79.6398, 12.7931 ], [ 79.6399, 12.7932 ], [ 79.64, 12.7934 ], [ 79.6403, 12.7934 ], [ 79.6404, 12.7934 ], [ 79.6406, 12.7935 ], [ 79.6408, 12.7936 ], [ 79.6408, 12.7937 ], [ 79.641, 12.7948 ], [ 79.641, 12.7949 ], [ 79.641, 12.7953 ], [ 79.641, 12.7962 ], [ 79.641, 12.7963 ], [ 79.6413, 12.7977 ], [ 79.6417, 12.7989 ], [ 79.6417, 12.7989 ], [ 79.6417, 12.7989 ], [ 79.6421, 12.8004 ], [ 79.6421, 12.8004 ], [ 79.6424, 12.801 ], [ 79.6426, 12.8015 ], [ 79.6426, 12.8015 ], [ 79.6428, 12.8023 ], [ 79.6428, 12.8025 ], [ 79.6428, 12.803 ], [ 79.6428, 12.8031 ], [ 79.6428, 12.8035 ], [ 79.6427, 12.8036 ], [ 79.6426, 12.8041 ], [ 79.6425, 12.8042 ], [ 79.6423, 12.8048 ], [ 79.6419, 12.8055 ], [ 79.6419, 12.8056 ], [ 79.6412, 12.8074 ], [ 79.6409, 12.8081 ], [ 79.6409, 12.8082 ], [ 79.6399, 12.8105 ], [ 79.6398, 12.811 ], [ 79.6398, 12.811 ], [ 79.6397, 12.8111 ], [ 79.6394, 12.8122 ], [ 79.6394, 12.8123 ], [ 79.6384, 12.8146 ], [ 79.6383, 12.8148 ], [ 79.6383, 12.8148 ], [ 79.6373, 12.8162 ], [ 79.6373, 12.8162 ], [ 79.6372, 12.8162 ], [ 79.6369, 12.8167 ], [ 79.6367, 12.8169 ], [ 79.6366, 12.817 ], [ 79.6363, 12.8174 ], [ 79.6357, 12.8181 ], [ 79.6356, 12.8182 ], [ 79.6346, 12.8191 ], [ 79.6341, 12.8195 ], [ 79.634, 12.8196 ], [ 79.6332, 12.8204 ], [ 79.6331, 12.8205 ], [ 79.6329, 12.8208 ], [ 79.6329, 12.8209 ], [ 79.6328, 12.8212 ], [ 79.6327, 12.8213 ], [ 79.6326, 12.8213 ], [ 79.6324, 12.8214 ], [ 79.6322, 12.8211 ], [ 79.6322, 12.8211 ], [ 79.6321, 12.8207 ], [ 79.632, 12.8207 ], [ 79.6318, 12.8204 ], [ 79.6318, 12.8204 ], [ 79.6315, 12.8202 ], [ 79.6311, 12.8202 ], [ 79.6311, 12.8202 ], [ 79.6307, 12.8204 ], [ 79.6307, 12.8204 ], [ 79.6307, 12.8204 ], [ 79.6307, 12.8204 ], [ 79.6307, 12.8204 ], [ 79.6295, 12.8207 ], [ 79.6294, 12.8207 ], [ 79.6272, 12.8215 ], [ 79.6272, 12.8215 ], [ 79.6254, 12.8222 ], [ 79.6232, 12.823 ], [ 79.6232, 12.823 ], [ 79.6204, 12.8241 ], [ 79.6204, 12.8241 ], [ 79.6204, 12.8241 ], [ 79.6188, 12.8245 ], [ 79.6188, 12.8245 ], [ 79.6178, 12.825 ], [ 79.6172, 12.8252 ], [ 79.6171, 12.8252 ], [ 79.6156, 12.8257 ], [ 79.6155, 12.8258 ], [ 79.6153, 12.8259 ], [ 79.6147, 12.8261 ], [ 79.6139, 12.8264 ], [ 79.6138, 12.8264 ], [ 79.6129, 12.8267 ], [ 79.6123, 12.8269 ], [ 79.6123, 12.8269 ], [ 79.6105, 12.8276 ], [ 79.6094, 12.828 ], [ 79.6093, 12.828 ], [ 79.6091, 12.8282 ], [ 79.6087, 12.8285 ], [ 79.6083, 12.8286 ], [ 79.6078, 12.8283 ], [ 79.6078, 12.8282 ], [ 79.6078, 12.8282 ], [ 79.6065, 12.8274 ], [ 79.6064, 12.8274 ], [ 79.6049, 12.8268 ], [ 79.6048, 12.8267 ], [ 79.6044, 12.8267 ], [ 79.6038, 12.8267 ], [ 79.6036, 12.8268 ], [ 79.6032, 12.8269 ], [ 79.6032, 12.827 ], [ 79.6029, 12.8271 ], [ 79.6015, 12.8274 ], [ 79.6015, 12.8274 ], [ 79.5998, 12.8278 ], [ 79.5982, 12.8281 ], [ 79.5982, 12.8281 ], [ 79.5957, 12.8282 ], [ 79.5954, 12.8282 ], [ 79.5955, 12.8285 ], [ 79.5955, 12.8287 ], [ 79.5955, 12.8288 ], [ 79.5955, 12.8297 ], [ 79.5954, 12.8301 ], [ 79.5953, 12.8305 ], [ 79.595, 12.8311 ], [ 79.595, 12.8312 ], [ 79.5946, 12.8316 ], [ 79.5945, 12.8317 ], [ 79.5941, 12.8318 ], [ 79.594, 12.8319 ], [ 79.5935, 12.8321 ], [ 79.5926, 12.8325 ], [ 79.5926, 12.8325 ], [ 79.5911, 12.833 ], [ 79.5911, 12.833 ], [ 79.5882, 12.8336 ], [ 79.5882, 12.8336 ], [ 79.588, 12.8337 ], [ 79.5868, 12.8339 ], [ 79.5866, 12.834 ], [ 79.5865, 12.834 ], [ 79.5863, 12.8341 ], [ 79.5863, 12.8341 ], [ 79.5858, 12.8344 ], [ 79.5858, 12.8344 ], [ 79.5854, 12.8345 ], [ 79.5853, 12.8348 ], [ 79.5853, 12.8348 ], [ 79.5851, 12.8351 ], [ 79.5845, 12.8365 ], [ 79.5844, 12.8366 ], [ 79.5843, 12.8369 ], [ 79.5841, 12.837 ], [ 79.5837, 12.8376 ], [ 79.5836, 12.8378 ], [ 79.5834, 12.838 ], [ 79.5833, 12.8382 ], [ 79.5824, 12.8397 ], [ 79.5823, 12.8397 ], [ 79.582, 12.8397 ], [ 79.5819, 12.8397 ], [ 79.5818, 12.8398 ], [ 79.5818, 12.84 ], [ 79.5817, 12.8404 ], [ 79.5817, 12.8406 ], [ 79.5805, 12.8416 ], [ 79.5793, 12.8425 ], [ 79.5791, 12.8426 ], [ 79.5789, 12.8428 ], [ 79.5778, 12.8437 ], [ 79.5777, 12.8437 ], [ 79.5762, 12.8444 ], [ 79.5747, 12.8449 ], [ 79.5746, 12.8449 ], [ 79.572, 12.8453 ], [ 79.572, 12.8453 ], [ 79.5692, 12.8458 ], [ 79.5691, 12.8458 ], [ 79.5675, 12.8463 ], [ 79.5657, 12.8469 ], [ 79.5657, 12.8469 ], [ 79.5641, 12.8476 ], [ 79.5641, 12.8476 ], [ 79.5613, 12.849 ], [ 79.5613, 12.849 ], [ 79.5592, 12.8502 ], [ 79.559, 12.8503 ], [ 79.5587, 12.8505 ], [ 79.5582, 12.8508 ], [ 79.558, 12.8509 ], [ 79.5579, 12.851 ], [ 79.5577, 12.8511 ], [ 79.5575, 12.8511 ], [ 79.5574, 12.8513 ], [ 79.5578, 12.8515 ], [ 79.5578, 12.8515 ], [ 79.5581, 12.8517 ], [ 79.5582, 12.8517 ], [ 79.5588, 12.8519 ], [ 79.5589, 12.852 ], [ 79.5593, 12.8521 ], [ 79.5594, 12.8521 ], [ 79.5597, 12.8522 ], [ 79.5599, 12.8524 ], [ 79.5603, 12.8525 ], [ 79.5616, 12.853 ], [ 79.5617, 12.8531 ], [ 79.564, 12.8544 ], [ 79.5652, 12.8552 ], [ 79.5653, 12.8552 ], [ 79.5659, 12.8562 ], [ 79.5659, 12.8562 ], [ 79.5666, 12.8578 ], [ 79.5666, 12.8583 ], [ 79.5664, 12.8585 ], [ 79.5662, 12.8586 ], [ 79.566, 12.8588 ], [ 79.566, 12.86 ], [ 79.566, 12.8604 ], [ 79.566, 12.8605 ], [ 79.5658, 12.8619 ], [ 79.5658, 12.8623 ], [ 79.5654, 12.8641 ], [ 79.5653, 12.8641 ], [ 79.5649, 12.8654 ], [ 79.5645, 12.8666 ], [ 79.5645, 12.8666 ], [ 79.5641, 12.8683 ], [ 79.5641, 12.8683 ], [ 79.5639, 12.8693 ], [ 79.5638, 12.8694 ], [ 79.563, 12.87 ], [ 79.563, 12.87 ], [ 79.5629, 12.8701 ], [ 79.5626, 12.8704 ], [ 79.5623, 12.8706 ], [ 79.5623, 12.8706 ], [ 79.5622, 12.8707 ], [ 79.5621, 12.8709 ], [ 79.562, 12.871 ], [ 79.5619, 12.8714 ], [ 79.5618, 12.8715 ], [ 79.5609, 12.8719 ], [ 79.5608, 12.8719 ], [ 79.5597, 12.8723 ], [ 79.5596, 12.8723 ], [ 79.5594, 12.8737 ], [ 79.5592, 12.8751 ], [ 79.5592, 12.8751 ], [ 79.5592, 12.8761 ], [ 79.5593, 12.8762 ], [ 79.5595, 12.8769 ], [ 79.5597, 12.8773 ], [ 79.5597, 12.8773 ], [ 79.5598, 12.8774 ], [ 79.56, 12.8776 ], [ 79.5598, 12.8779 ], [ 79.5596, 12.8781 ], [ 79.5595, 12.8781 ], [ 79.5592, 12.8786 ], [ 79.5592, 12.8788 ], [ 79.5589, 12.882 ], [ 79.5589, 12.8822 ], [ 79.5589, 12.8824 ], [ 79.5588, 12.8835 ], [ 79.5588, 12.8835 ], [ 79.5588, 12.8838 ], [ 79.5589, 12.8838 ], [ 79.5592, 12.8838 ], [ 79.5595, 12.8837 ], [ 79.5596, 12.8836 ], [ 79.5599, 12.8834 ], [ 79.5599, 12.8834 ], [ 79.5601, 12.8831 ], [ 79.5605, 12.883 ], [ 79.5605, 12.8831 ], [ 79.5605, 12.8834 ], [ 79.5605, 12.8838 ], [ 79.5605, 12.8838 ], [ 79.5605, 12.884 ], [ 79.5606, 12.8843 ], [ 79.5606, 12.8845 ], [ 79.5607, 12.8847 ], [ 79.5608, 12.8849 ], [ 79.5618, 12.8853 ], [ 79.562, 12.8854 ], [ 79.5621, 12.8855 ], [ 79.5633, 12.8861 ], [ 79.564, 12.8865 ], [ 79.5644, 12.8868 ], [ 79.5646, 12.8868 ], [ 79.5647, 12.8868 ], [ 79.5651, 12.8868 ], [ 79.5655, 12.8868 ], [ 79.5658, 12.887 ], [ 79.5662, 12.8879 ], [ 79.5662, 12.888 ], [ 79.5665, 12.8902 ], [ 79.5666, 12.8904 ], [ 79.5667, 12.8909 ], [ 79.5667, 12.8911 ], [ 79.5669, 12.8912 ], [ 79.567, 12.8912 ], [ 79.5676, 12.8913 ], [ 79.5678, 12.8914 ], [ 79.5681, 12.8918 ], [ 79.5681, 12.8918 ], [ 79.5685, 12.8942 ], [ 79.5685, 12.8945 ], [ 79.5688, 12.8957 ], [ 79.5689, 12.8959 ], [ 79.569, 12.896 ], [ 79.5692, 12.896 ], [ 79.5695, 12.8961 ], [ 79.5696, 12.8961 ], [ 79.5697, 12.8961 ], [ 79.5703, 12.8964 ], [ 79.5703, 12.8964 ], [ 79.5709, 12.897 ], [ 79.5709, 12.8971 ], [ 79.571, 12.8977 ], [ 79.571, 12.8977 ], [ 79.5707, 12.8983 ], [ 79.5706, 12.8984 ], [ 79.5706, 12.8984 ], [ 79.5702, 12.8985 ], [ 79.5699, 12.8987 ], [ 79.5699, 12.8988 ], [ 79.5702, 12.899 ], [ 79.5703, 12.899 ], [ 79.5706, 12.899 ], [ 79.5708, 12.8992 ], [ 79.571, 12.8994 ], [ 79.571, 12.8994 ], [ 79.5711, 12.8994 ], [ 79.5715, 12.8995 ], [ 79.5716, 12.8996 ], [ 79.5739, 12.8993 ], [ 79.5749, 12.8991 ], [ 79.575, 12.8991 ], [ 79.5775, 12.899 ], [ 79.5775, 12.899 ], [ 79.5775, 12.899 ], [ 79.5779, 12.8991 ], [ 79.5783, 12.8994 ], [ 79.5792, 12.9001 ], [ 79.5793, 12.9001 ], [ 79.5795, 12.9002 ], [ 79.5798, 12.9003 ], [ 79.5802, 12.9004 ], [ 79.5802, 12.9004 ], [ 79.5807, 12.9006 ], [ 79.584, 12.9014 ], [ 79.584, 12.9014 ], [ 79.5867, 12.9019 ], [ 79.5867, 12.9019 ], [ 79.5888, 12.9021 ], [ 79.5889, 12.9021 ], [ 79.5902, 12.9029 ], [ 79.5909, 12.9033 ], [ 79.591, 12.9034 ], [ 79.592, 12.9037 ], [ 79.593, 12.904 ], [ 79.5931, 12.904 ], [ 79.5948, 12.905 ], [ 79.595, 12.9051 ], [ 79.5953, 12.9053 ], [ 79.5957, 12.9055 ], [ 79.596, 12.9057 ], [ 79.5964, 12.9059 ], [ 79.5967, 12.9061 ], [ 79.5968, 12.9061 ], [ 79.5968, 12.906 ], [ 79.5985, 12.9069 ], [ 79.5985, 12.9069 ], [ 79.6022, 12.9072 ], [ 79.6023, 12.9072 ], [ 79.6037, 12.9073 ], [ 79.6042, 12.9074 ], [ 79.6044, 12.9074 ], [ 79.6061, 12.9081 ], [ 79.607, 12.9085 ], [ 79.6078, 12.9088 ], [ 79.6105, 12.9098 ], [ 79.6106, 12.9099 ], [ 79.6118, 12.9101 ], [ 79.6132, 12.9104 ], [ 79.6133, 12.9104 ], [ 79.6142, 12.9107 ], [ 79.6143, 12.9109 ], [ 79.6144, 12.9111 ], [ 79.6145, 12.9113 ], [ 79.6145, 12.9114 ], [ 79.6146, 12.9116 ], [ 79.6147, 12.9117 ], [ 79.6147, 12.9117 ], [ 79.6148, 12.9117 ], [ 79.6149, 12.9117 ], [ 79.6158, 12.9119 ], [ 79.6177, 12.9122 ], [ 79.6178, 12.9122 ], [ 79.6203, 12.9134 ], [ 79.6227, 12.9148 ], [ 79.6227, 12.9149 ], [ 79.6235, 12.9159 ], [ 79.6236, 12.9161 ], [ 79.6237, 12.9162 ], [ 79.6241, 12.9165 ], [ 79.6241, 12.9165 ], [ 79.625, 12.9167 ], [ 79.6252, 12.9168 ], [ 79.6257, 12.9174 ], [ 79.6258, 12.9175 ], [ 79.626, 12.9177 ], [ 79.6291, 12.9201 ], [ 79.6292, 12.9202 ], [ 79.6304, 12.9206 ], [ 79.631, 12.9207 ], [ 79.6316, 12.9208 ], [ 79.6335, 12.9212 ], [ 79.6336, 12.9212 ], [ 79.6339, 12.9217 ], [ 79.634, 12.9218 ], [ 79.6341, 12.9223 ], [ 79.6342, 12.9224 ], [ 79.6344, 12.9229 ], [ 79.6344, 12.923 ], [ 79.6344, 12.923 ], [ 79.6371, 12.9246 ], [ 79.6372, 12.9246 ], [ 79.6377, 12.9245 ], [ 79.6378, 12.9245 ], [ 79.6386, 12.924 ], [ 79.6386, 12.924 ], [ 79.6389, 12.9236 ], [ 79.6393, 12.9233 ], [ 79.6393, 12.9232 ], [ 79.6399, 12.9229 ], [ 79.64, 12.9229 ], [ 79.6407, 12.9232 ], [ 79.6418, 12.924 ], [ 79.6431, 12.9248 ], [ 79.6436, 12.9251 ], [ 79.6442, 12.9253 ], [ 79.6443, 12.9253 ], [ 79.6452, 12.9252 ], [ 79.6453, 12.9252 ], [ 79.6463, 12.9248 ], [ 79.6463, 12.9248 ], [ 79.6466, 12.9247 ], [ 79.647, 12.9247 ], [ 79.6473, 12.9249 ], [ 79.6473, 12.925 ], [ 79.6475, 12.9251 ], [ 79.6483, 12.9256 ], [ 79.6484, 12.9257 ], [ 79.6494, 12.9259 ], [ 79.6495, 12.9259 ], [ 79.6505, 12.926 ], [ 79.6523, 12.9261 ], [ 79.6524, 12.9261 ], [ 79.6534, 12.9265 ], [ 79.6535, 12.9266 ], [ 79.6541, 12.9271 ], [ 79.6542, 12.9271 ], [ 79.6544, 12.9277 ], [ 79.6545, 12.928 ], [ 79.6546, 12.9281 ], [ 79.655, 12.9286 ], [ 79.6552, 12.9286 ], [ 79.6559, 12.9287 ], [ 79.6572, 12.9286 ], [ 79.6572, 12.9286 ], [ 79.6582, 12.9285 ], [ 79.6583, 12.9285 ], [ 79.6589, 12.9286 ], [ 79.659, 12.9287 ], [ 79.6594, 12.929 ], [ 79.6597, 12.9293 ], [ 79.6597, 12.9293 ], [ 79.6608, 12.9298 ], [ 79.6609, 12.9299 ], [ 79.6619, 12.9301 ], [ 79.6623, 12.9302 ], [ 79.6625, 12.9305 ], [ 79.6626, 12.9305 ], [ 79.6625, 12.9308 ], [ 79.6622, 12.9312 ], [ 79.6621, 12.9314 ], [ 79.6619, 12.9316 ], [ 79.6612, 12.9323 ], [ 79.6612, 12.9323 ], [ 79.6612, 12.9324 ], [ 79.6609, 12.9331 ], [ 79.6609, 12.9331 ], [ 79.6609, 12.9347 ], [ 79.6609, 12.9347 ], [ 79.6609, 12.9352 ], [ 79.6609, 12.938 ], [ 79.6609, 12.938 ], [ 79.6606, 12.9396 ], [ 79.6605, 12.9397 ], [ 79.6603, 12.9402 ], [ 79.6599, 12.941 ], [ 79.6599, 12.9411 ], [ 79.6599, 12.9421 ], [ 79.6599, 12.9429 ], [ 79.6599, 12.9429 ], [ 79.6604, 12.9442 ], [ 79.6604, 12.9443 ], [ 79.6599, 12.9471 ], [ 79.6599, 12.9472 ], [ 79.6597, 12.9476 ], [ 79.6535, 12.947 ], [ 79.6544, 12.9495 ], [ 79.6548, 12.9509 ], [ 79.6548, 12.9524 ], [ 79.654, 12.9538 ], [ 79.6522, 12.956 ], [ 79.651, 12.9578 ], [ 79.6502, 12.9594 ], [ 79.6498, 12.9607 ], [ 79.6501, 12.9619 ], [ 79.6513, 12.9634 ], [ 79.6528, 12.9644 ], [ 79.6558, 12.9658 ], [ 79.6572, 12.9664 ], [ 79.6591, 12.9679 ], [ 79.6607, 12.9685 ], [ 79.6626, 12.969 ], [ 79.6632, 12.9693 ], [ 79.663, 12.9739 ], [ 79.6632, 12.9771 ], [ 79.6636, 12.9787 ], [ 79.6636, 12.981 ], [ 79.6634, 12.9824 ], [ 79.663, 12.9839 ], [ 79.6627, 12.9855 ], [ 79.6627, 12.9863 ], [ 79.6624, 12.9873 ], [ 79.662, 12.9885 ], [ 79.6618, 12.9898 ], [ 79.6601, 12.9902 ], [ 79.6583, 12.9904 ], [ 79.6577, 12.9908 ], [ 79.6567, 12.9925 ], [ 79.6562, 12.9935 ], [ 79.6556, 12.9949 ], [ 79.6566, 12.9954 ], [ 79.6575, 12.9958 ], [ 79.658, 12.996 ], [ 79.6586, 12.9976 ], [ 79.6596, 12.9985 ], [ 79.6604, 12.9998 ], [ 79.6604, 13.0009 ], [ 79.6603, 13.0029 ], [ 79.6571, 13.0033 ], [ 79.6549, 13.0035 ], [ 79.6533, 13.0037 ], [ 79.6523, 13.0047 ], [ 79.6516, 13.0065 ], [ 79.6509, 13.008 ], [ 79.6503, 13.0099 ], [ 79.6493, 13.0112 ], [ 79.6482, 13.0127 ], [ 79.6471, 13.0141 ], [ 79.6463, 13.0155 ], [ 79.6454, 13.017 ], [ 79.6446, 13.0178 ], [ 79.644, 13.0192 ], [ 79.6443, 13.0215 ], [ 79.6445, 13.0227 ], [ 79.6454, 13.0235 ], [ 79.6463, 13.0238 ], [ 79.648, 13.0239 ], [ 79.65, 13.0237 ], [ 79.6518, 13.0233 ], [ 79.6537, 13.0226 ], [ 79.6549, 13.0219 ], [ 79.6564, 13.0216 ], [ 79.6574, 13.0213 ], [ 79.6593, 13.0223 ], [ 79.6594, 13.0233 ], [ 79.6585, 13.0247 ], [ 79.6582, 13.0254 ], [ 79.6576, 13.0266 ], [ 79.6562, 13.0273 ], [ 79.6555, 13.0278 ], [ 79.6549, 13.0298 ], [ 79.6561, 13.0314 ], [ 79.6571, 13.0337 ], [ 79.6572, 13.0353 ], [ 79.6574, 13.0372 ], [ 79.6574, 13.0395 ], [ 79.6571, 13.0411 ], [ 79.6567, 13.0421 ], [ 79.656, 13.0428 ], [ 79.6551, 13.0435 ], [ 79.6539, 13.0443 ], [ 79.6535, 13.0451 ], [ 79.6527, 13.046 ], [ 79.6511, 13.0462 ], [ 79.6504, 13.0462 ], [ 79.6497, 13.048 ], [ 79.6494, 13.0498 ], [ 79.6493, 13.0515 ], [ 79.6495, 13.0536 ], [ 79.6493, 13.0547 ], [ 79.6494, 13.0552 ], [ 79.6493, 13.0556 ], [ 79.6487, 13.0563 ], [ 79.6478, 13.0565 ], [ 79.6465, 13.0571 ], [ 79.6447, 13.0577 ], [ 79.6429, 13.0576 ], [ 79.6421, 13.0571 ], [ 79.6417, 13.0563 ], [ 79.6419, 13.0556 ], [ 79.6415, 13.0554 ], [ 79.6414, 13.056 ], [ 79.6412, 13.0571 ], [ 79.6405, 13.057 ], [ 79.6392, 13.0572 ], [ 79.6389, 13.0588 ], [ 79.6391, 13.0599 ], [ 79.6386, 13.0601 ], [ 79.6372, 13.0605 ], [ 79.637, 13.0612 ], [ 79.6365, 13.0617 ], [ 79.6364, 13.0634 ], [ 79.6361, 13.0635 ], [ 79.6354, 13.0655 ], [ 79.6344, 13.0667 ], [ 79.633, 13.0681 ], [ 79.6323, 13.0691 ], [ 79.6311, 13.07 ], [ 79.631, 13.0729 ], [ 79.6305, 13.073 ], [ 79.6292, 13.0736 ], [ 79.6282, 13.0737 ], [ 79.6272, 13.0745 ], [ 79.6261, 13.0745 ], [ 79.6237, 13.0758 ], [ 79.6231, 13.0767 ], [ 79.6227, 13.0767 ], [ 79.6224, 13.0788 ], [ 79.6205, 13.0789 ], [ 79.6203, 13.0795 ], [ 79.62, 13.0795 ], [ 79.6199, 13.0801 ], [ 79.6196, 13.0815 ], [ 79.6191, 13.0818 ], [ 79.6192, 13.0829 ], [ 79.6194, 13.0848 ], [ 79.6204, 13.0849 ], [ 79.6205, 13.0867 ], [ 79.6211, 13.088 ], [ 79.6216, 13.0893 ], [ 79.6223, 13.0921 ], [ 79.622, 13.0938 ], [ 79.6213, 13.0949 ], [ 79.6213, 13.0964 ], [ 79.6211, 13.0979 ], [ 79.6203, 13.0989 ], [ 79.6194, 13.1005 ], [ 79.6193, 13.1026 ], [ 79.6191, 13.1035 ], [ 79.6189, 13.1053 ], [ 79.6183, 13.1073 ], [ 79.6173, 13.1092 ], [ 79.6167, 13.1104 ], [ 79.6146, 13.1102 ], [ 79.6141, 13.1105 ], [ 79.6127, 13.1102 ], [ 79.6128, 13.1115 ], [ 79.613, 13.1123 ], [ 79.6138, 13.1126 ], [ 79.6138, 13.1119 ], [ 79.6151, 13.1118 ], [ 79.6158, 13.1115 ], [ 79.616, 13.112 ], [ 79.6162, 13.1127 ], [ 79.6166, 13.1134 ], [ 79.6173, 13.1134 ], [ 79.6175, 13.1141 ], [ 79.6183, 13.115 ], [ 79.6184, 13.1162 ], [ 79.6181, 13.1164 ], [ 79.6182, 13.1174 ], [ 79.6184, 13.1176 ], [ 79.6205, 13.1176 ], [ 79.6209, 13.117 ], [ 79.6213, 13.1171 ], [ 79.6214, 13.1181 ], [ 79.6218, 13.1183 ], [ 79.6219, 13.1186 ], [ 79.6224, 13.1187 ], [ 79.6225, 13.1189 ], [ 79.6235, 13.1191 ], [ 79.6246, 13.1191 ], [ 79.6255, 13.1194 ], [ 79.6267, 13.1191 ], [ 79.6274, 13.1191 ], [ 79.6288, 13.1192 ], [ 79.6295, 13.1191 ], [ 79.6307, 13.1188 ], [ 79.6317, 13.1187 ], [ 79.632, 13.1188 ], [ 79.6323, 13.1192 ], [ 79.6326, 13.1193 ], [ 79.6331, 13.1195 ], [ 79.6335, 13.1195 ], [ 79.6336, 13.1193 ], [ 79.6346, 13.1196 ], [ 79.6355, 13.1199 ], [ 79.6356, 13.1208 ], [ 79.6362, 13.122 ], [ 79.6363, 13.1246 ], [ 79.6363, 13.1256 ], [ 79.6365, 13.1267 ], [ 79.6366, 13.1282 ], [ 79.6365, 13.1298 ], [ 79.6365, 13.1301 ], [ 79.637, 13.1316 ], [ 79.6372, 13.133 ], [ 79.6372, 13.1342 ], [ 79.637, 13.1348 ], [ 79.6363, 13.1347 ], [ 79.6361, 13.1351 ], [ 79.636, 13.1362 ], [ 79.6358, 13.1364 ], [ 79.635, 13.1365 ], [ 79.6351, 13.1387 ], [ 79.6351, 13.14 ], [ 79.6352, 13.1413 ], [ 79.6341, 13.1442 ], [ 79.6339, 13.1446 ], [ 79.6317, 13.1445 ], [ 79.6312, 13.1448 ], [ 79.6308, 13.1459 ], [ 79.6292, 13.1455 ], [ 79.6254, 13.145 ], [ 79.6226, 13.1449 ], [ 79.6196, 13.1449 ], [ 79.6171, 13.1446 ], [ 79.616, 13.1445 ], [ 79.6143, 13.1446 ], [ 79.6099, 13.1452 ], [ 79.6076, 13.1454 ], [ 79.6048, 13.1461 ], [ 79.6012, 13.1472 ], [ 79.5996, 13.1475 ], [ 79.5985, 13.1475 ], [ 79.5971, 13.1472 ], [ 79.596, 13.1468 ], [ 79.5953, 13.1468 ], [ 79.5949, 13.1469 ], [ 79.5934, 13.1474 ], [ 79.5921, 13.1477 ], [ 79.5892, 13.148 ], [ 79.588, 13.1495 ], [ 79.5874, 13.1496 ], [ 79.5865, 13.1499 ], [ 79.5859, 13.1502 ], [ 79.5854, 13.1512 ], [ 79.5849, 13.1521 ], [ 79.584, 13.1532 ], [ 79.5837, 13.1539 ], [ 79.5834, 13.1543 ], [ 79.5826, 13.1552 ], [ 79.5815, 13.1555 ], [ 79.5806, 13.1557 ], [ 79.5799, 13.1557 ], [ 79.5772, 13.1558 ], [ 79.5763, 13.1558 ], [ 79.5754, 13.1558 ], [ 79.5735, 13.1557 ], [ 79.5729, 13.1558 ], [ 79.5725, 13.1557 ], [ 79.5713, 13.1556 ], [ 79.5707, 13.1555 ], [ 79.5698, 13.1552 ], [ 79.5688, 13.1554 ], [ 79.5685, 13.1555 ], [ 79.568, 13.156 ], [ 79.5675, 13.1565 ], [ 79.5671, 13.157 ], [ 79.567, 13.1574 ], [ 79.5667, 13.1578 ], [ 79.5667, 13.1583 ], [ 79.5669, 13.1586 ], [ 79.5671, 13.1589 ], [ 79.5673, 13.159 ], [ 79.5673, 13.1593 ], [ 79.5674, 13.1596 ], [ 79.5674, 13.1604 ], [ 79.5668, 13.1611 ], [ 79.5666, 13.1611 ], [ 79.5661, 13.1612 ], [ 79.5657, 13.1615 ], [ 79.5658, 13.162 ], [ 79.5659, 13.1622 ], [ 79.5663, 13.1626 ], [ 79.5663, 13.1631 ], [ 79.5663, 13.1638 ], [ 79.5662, 13.1642 ], [ 79.5661, 13.1645 ], [ 79.5659, 13.1647 ], [ 79.5654, 13.1655 ], [ 79.5651, 13.1661 ], [ 79.5647, 13.1667 ], [ 79.5645, 13.1671 ], [ 79.5644, 13.1676 ], [ 79.5643, 13.168 ], [ 79.5643, 13.1687 ], [ 79.5643, 13.1696 ], [ 79.5643, 13.1704 ], [ 79.5642, 13.1708 ], [ 79.5641, 13.1712 ], [ 79.5641, 13.1716 ], [ 79.564, 13.172 ], [ 79.564, 13.173 ], [ 79.564, 13.1739 ], [ 79.564, 13.1748 ], [ 79.5637, 13.176 ], [ 79.5632, 13.1766 ], [ 79.5628, 13.1771 ], [ 79.5622, 13.1777 ], [ 79.5617, 13.1782 ], [ 79.5608, 13.179 ], [ 79.5605, 13.1796 ], [ 79.56, 13.1803 ], [ 79.5597, 13.1812 ], [ 79.5595, 13.1818 ], [ 79.5592, 13.1818 ], [ 79.5584, 13.1818 ], [ 79.5571, 13.1818 ], [ 79.5557, 13.1818 ], [ 79.5558, 13.1824 ], [ 79.556, 13.1831 ], [ 79.5563, 13.1841 ], [ 79.5564, 13.1846 ], [ 79.5565, 13.1858 ], [ 79.5566, 13.1866 ], [ 79.5575, 13.1865 ], [ 79.5586, 13.1865 ], [ 79.559, 13.187 ], [ 79.5596, 13.1877 ], [ 79.56, 13.1885 ], [ 79.5606, 13.1891 ], [ 79.5614, 13.1911 ], [ 79.5614, 13.1916 ], [ 79.5616, 13.1926 ], [ 79.5616, 13.1933 ], [ 79.5615, 13.1944 ], [ 79.5612, 13.1951 ], [ 79.5608, 13.1958 ], [ 79.5601, 13.1964 ], [ 79.5594, 13.1966 ], [ 79.5589, 13.1966 ], [ 79.5583, 13.1971 ], [ 79.5577, 13.1976 ], [ 79.5575, 13.1982 ], [ 79.5573, 13.1991 ], [ 79.5572, 13.1998 ], [ 79.5568, 13.2004 ], [ 79.5564, 13.2012 ], [ 79.5569, 13.2017 ], [ 79.5568, 13.2022 ], [ 79.5566, 13.2026 ], [ 79.5563, 13.2029 ], [ 79.5556, 13.2033 ], [ 79.555, 13.2037 ], [ 79.5544, 13.2039 ], [ 79.5538, 13.2041 ], [ 79.5531, 13.2042 ], [ 79.5523, 13.2045 ], [ 79.5517, 13.205 ], [ 79.5514, 13.2053 ], [ 79.5504, 13.2058 ], [ 79.5494, 13.2064 ], [ 79.5494, 13.207 ], [ 79.5497, 13.2078 ], [ 79.5499, 13.2086 ], [ 79.5501, 13.2089 ], [ 79.5506, 13.2097 ], [ 79.5511, 13.2103 ], [ 79.5517, 13.2112 ], [ 79.552, 13.2117 ], [ 79.5524, 13.2121 ], [ 79.5529, 13.2124 ], [ 79.5536, 13.2128 ], [ 79.5543, 13.2132 ], [ 79.5547, 13.2136 ], [ 79.5553, 13.2143 ], [ 79.5557, 13.2155 ], [ 79.5559, 13.2164 ], [ 79.5566, 13.2169 ], [ 79.5568, 13.217 ], [ 79.5577, 13.2171 ], [ 79.5581, 13.2171 ], [ 79.5584, 13.2172 ], [ 79.5587, 13.2174 ], [ 79.5589, 13.2176 ], [ 79.5589, 13.2178 ], [ 79.559, 13.2184 ], [ 79.5591, 13.2186 ], [ 79.5592, 13.2186 ], [ 79.5598, 13.219 ], [ 79.5603, 13.2195 ], [ 79.5611, 13.2197 ], [ 79.5616, 13.2199 ], [ 79.5618, 13.2197 ], [ 79.5625, 13.2193 ], [ 79.5634, 13.2189 ], [ 79.5642, 13.2188 ], [ 79.565, 13.2189 ], [ 79.5659, 13.219 ], [ 79.5665, 13.219 ], [ 79.5669, 13.219 ], [ 79.5675, 13.2186 ], [ 79.5684, 13.2186 ], [ 79.5684, 13.2187 ], [ 79.569, 13.2193 ], [ 79.5694, 13.2193 ], [ 79.5699, 13.2193 ], [ 79.5705, 13.2193 ], [ 79.5714, 13.2189 ], [ 79.5724, 13.2185 ], [ 79.5732, 13.2183 ], [ 79.5741, 13.218 ], [ 79.5746, 13.2176 ], [ 79.5751, 13.2173 ], [ 79.5754, 13.2171 ], [ 79.5759, 13.2165 ], [ 79.5762, 13.2162 ], [ 79.5765, 13.2156 ], [ 79.5768, 13.2153 ], [ 79.5772, 13.2151 ], [ 79.5776, 13.2149 ], [ 79.5781, 13.2146 ], [ 79.5784, 13.2143 ], [ 79.5787, 13.2141 ], [ 79.5791, 13.214 ], [ 79.5797, 13.2139 ], [ 79.5804, 13.2138 ], [ 79.5812, 13.2136 ], [ 79.5817, 13.2134 ], [ 79.5821, 13.2131 ], [ 79.5828, 13.2127 ], [ 79.5832, 13.2124 ], [ 79.5838, 13.2123 ], [ 79.5844, 13.2122 ], [ 79.5851, 13.2128 ], [ 79.5852, 13.2135 ], [ 79.5852, 13.2144 ], [ 79.5853, 13.2151 ], [ 79.5853, 13.2154 ], [ 79.5853, 13.2156 ], [ 79.5858, 13.2162 ], [ 79.5858, 13.2177 ], [ 79.5858, 13.2181 ], [ 79.5858, 13.2186 ], [ 79.5859, 13.2194 ], [ 79.5858, 13.2202 ], [ 79.5857, 13.2209 ], [ 79.5854, 13.2215 ], [ 79.585, 13.2218 ], [ 79.5842, 13.2221 ], [ 79.5834, 13.2222 ], [ 79.5828, 13.2222 ], [ 79.5806, 13.2222 ], [ 79.5801, 13.2222 ], [ 79.58, 13.2226 ], [ 79.5799, 13.2231 ], [ 79.5799, 13.2234 ], [ 79.5798, 13.2243 ], [ 79.5797, 13.2261 ], [ 79.5798, 13.2269 ], [ 79.5802, 13.2276 ], [ 79.5808, 13.2282 ], [ 79.5812, 13.2286 ], [ 79.5816, 13.2289 ], [ 79.582, 13.2289 ], [ 79.5824, 13.2291 ], [ 79.5826, 13.2291 ], [ 79.5832, 13.2288 ], [ 79.5835, 13.2286 ], [ 79.5839, 13.2285 ], [ 79.5844, 13.2282 ], [ 79.5849, 13.2282 ], [ 79.5854, 13.2281 ], [ 79.5863, 13.2273 ], [ 79.5869, 13.2268 ], [ 79.5876, 13.2262 ], [ 79.5884, 13.2255 ], [ 79.5889, 13.2255 ], [ 79.5893, 13.2265 ], [ 79.59, 13.2274 ], [ 79.5917, 13.2277 ], [ 79.5928, 13.2278 ], [ 79.5925, 13.228 ], [ 79.5924, 13.2291 ], [ 79.5922, 13.2299 ], [ 79.592, 13.2306 ], [ 79.592, 13.2313 ], [ 79.592, 13.2322 ], [ 79.592, 13.2335 ], [ 79.592, 13.2353 ], [ 79.592, 13.2373 ], [ 79.5919, 13.2378 ], [ 79.5916, 13.2385 ], [ 79.591, 13.2394 ], [ 79.5909, 13.2401 ], [ 79.5908, 13.2407 ], [ 79.5905, 13.2412 ], [ 79.5903, 13.2419 ], [ 79.5903, 13.2427 ], [ 79.5905, 13.2441 ], [ 79.5906, 13.2451 ], [ 79.5902, 13.2461 ], [ 79.59, 13.2473 ], [ 79.59, 13.2477 ], [ 79.5894, 13.2492 ], [ 79.5893, 13.2497 ], [ 79.5892, 13.2504 ], [ 79.589, 13.252 ], [ 79.5887, 13.2525 ], [ 79.5883, 13.2532 ], [ 79.5881, 13.2539 ], [ 79.588, 13.2546 ], [ 79.5877, 13.2555 ], [ 79.5872, 13.2561 ], [ 79.587, 13.2565 ], [ 79.5866, 13.2571 ], [ 79.586, 13.2577 ], [ 79.5855, 13.2584 ], [ 79.5861, 13.2586 ], [ 79.5864, 13.2588 ], [ 79.5875, 13.2593 ], [ 79.5877, 13.2594 ], [ 79.588, 13.2595 ], [ 79.5888, 13.2598 ], [ 79.5891, 13.2599 ], [ 79.5895, 13.2601 ], [ 79.5903, 13.2605 ], [ 79.5905, 13.2605 ], [ 79.5906, 13.2606 ], [ 79.5911, 13.2606 ], [ 79.5905, 13.2606 ], [ 79.591, 13.261 ], [ 79.5911, 13.2611 ], [ 79.5913, 13.2614 ], [ 79.5913, 13.2615 ], [ 79.5917, 13.2621 ], [ 79.5919, 13.2624 ], [ 79.592, 13.2627 ], [ 79.5923, 13.2633 ], [ 79.5924, 13.2635 ], [ 79.5926, 13.2637 ], [ 79.5929, 13.2642 ], [ 79.5932, 13.2647 ], [ 79.5932, 13.2648 ], [ 79.5933, 13.265 ], [ 79.5934, 13.2652 ], [ 79.5938, 13.2661 ], [ 79.5938, 13.2664 ], [ 79.5939, 13.2667 ], [ 79.5939, 13.2671 ], [ 79.594, 13.2676 ], [ 79.5941, 13.2679 ], [ 79.5941, 13.2683 ], [ 79.5942, 13.269 ], [ 79.5943, 13.2692 ], [ 79.5943, 13.2694 ], [ 79.5943, 13.2701 ], [ 79.5943, 13.2706 ], [ 79.5943, 13.2706 ], [ 79.5945, 13.2712 ], [ 79.5945, 13.2713 ], [ 79.5946, 13.2715 ], [ 79.5946, 13.2716 ], [ 79.5946, 13.2717 ], [ 79.5945, 13.2718 ], [ 79.5945, 13.2719 ], [ 79.5944, 13.272 ], [ 79.5943, 13.2721 ], [ 79.5941, 13.2724 ], [ 79.594, 13.2727 ], [ 79.5938, 13.2731 ], [ 79.5936, 13.2735 ], [ 79.5935, 13.2735 ], [ 79.5935, 13.2736 ], [ 79.5934, 13.2737 ], [ 79.5932, 13.274 ], [ 79.5929, 13.2747 ], [ 79.5928, 13.2749 ], [ 79.5927, 13.275 ], [ 79.5927, 13.2751 ], [ 79.5927, 13.2751 ], [ 79.5928, 13.2752 ], [ 79.5929, 13.2752 ], [ 79.5931, 13.2753 ], [ 79.5933, 13.2753 ], [ 79.5936, 13.2755 ], [ 79.5938, 13.2756 ], [ 79.5941, 13.2757 ], [ 79.5945, 13.2758 ], [ 79.5946, 13.2759 ], [ 79.5947, 13.2759 ], [ 79.5948, 13.276 ], [ 79.5949, 13.276 ], [ 79.595, 13.2764 ], [ 79.5951, 13.2767 ], [ 79.5953, 13.2775 ], [ 79.5954, 13.2777 ], [ 79.5954, 13.278 ], [ 79.5956, 13.2788 ], [ 79.5956, 13.2793 ], [ 79.5956, 13.2796 ], [ 79.5957, 13.2804 ], [ 79.5957, 13.2808 ], [ 79.5956, 13.2811 ], [ 79.5956, 13.282 ], [ 79.5956, 13.2823 ], [ 79.5956, 13.2826 ], [ 79.5956, 13.2835 ], [ 79.5955, 13.2838 ], [ 79.5956, 13.2841 ], [ 79.5955, 13.2846 ], [ 79.5956, 13.2846 ], [ 79.5957, 13.2847 ], [ 79.5961, 13.2848 ], [ 79.5965, 13.285 ], [ 79.5973, 13.2852 ], [ 79.5976, 13.2854 ], [ 79.598, 13.2855 ], [ 79.5988, 13.2857 ], [ 79.5991, 13.2859 ], [ 79.5994, 13.286 ], [ 79.6003, 13.2863 ], [ 79.6006, 13.2864 ], [ 79.6008, 13.2865 ], [ 79.6017, 13.2868 ], [ 79.602, 13.2869 ], [ 79.6023, 13.287 ], [ 79.6031, 13.2872 ], [ 79.6034, 13.2873 ], [ 79.6037, 13.2874 ], [ 79.6045, 13.2877 ], [ 79.6048, 13.2878 ], [ 79.6051, 13.2879 ], [ 79.6058, 13.2882 ], [ 79.606, 13.2882 ], [ 79.6062, 13.2882 ], [ 79.6066, 13.288 ], [ 79.6072, 13.2876 ], [ 79.6076, 13.2875 ], [ 79.6081, 13.2875 ], [ 79.6086, 13.2875 ], [ 79.6087, 13.2875 ], [ 79.6087, 13.2875 ], [ 79.6087, 13.2874 ], [ 79.6086, 13.2872 ], [ 79.6084, 13.2869 ], [ 79.6081, 13.2866 ], [ 79.6076, 13.286 ], [ 79.6075, 13.2857 ], [ 79.6073, 13.2854 ], [ 79.607, 13.2847 ], [ 79.6069, 13.2844 ], [ 79.6068, 13.284 ], [ 79.6068, 13.2839 ], [ 79.6066, 13.2833 ], [ 79.6066, 13.283 ], [ 79.6064, 13.2826 ], [ 79.6064, 13.2824 ], [ 79.6063, 13.2818 ], [ 79.6063, 13.2816 ], [ 79.6062, 13.2812 ], [ 79.6061, 13.2805 ], [ 79.6061, 13.2802 ], [ 79.6061, 13.2798 ], [ 79.6061, 13.2796 ], [ 79.6061, 13.2795 ], [ 79.6061, 13.2795 ], [ 79.6062, 13.2795 ], [ 79.6064, 13.2796 ], [ 79.6066, 13.2798 ], [ 79.6068, 13.28 ], [ 79.6071, 13.2801 ], [ 79.6078, 13.2804 ], [ 79.608, 13.2805 ], [ 79.6082, 13.2807 ], [ 79.609, 13.281 ], [ 79.6093, 13.2811 ], [ 79.6096, 13.2812 ], [ 79.6104, 13.2815 ], [ 79.6106, 13.2816 ], [ 79.6109, 13.2817 ], [ 79.611, 13.2817 ], [ 79.6118, 13.282 ], [ 79.612, 13.2821 ], [ 79.612, 13.2821 ], [ 79.6124, 13.2823 ], [ 79.6131, 13.2825 ], [ 79.6132, 13.2825 ], [ 79.6135, 13.2826 ], [ 79.6135, 13.2826 ], [ 79.6139, 13.2827 ], [ 79.614, 13.2827 ], [ 79.6141, 13.2827 ], [ 79.6141, 13.2827 ], [ 79.6147, 13.282 ], [ 79.6149, 13.2818 ], [ 79.6152, 13.2816 ], [ 79.6154, 13.2809 ], [ 79.6154, 13.2809 ], [ 79.6156, 13.2809 ], [ 79.6159, 13.2808 ], [ 79.6163, 13.2807 ], [ 79.6171, 13.2804 ], [ 79.6173, 13.2803 ], [ 79.6176, 13.2802 ], [ 79.6185, 13.28 ], [ 79.6186, 13.28 ], [ 79.6188, 13.2799 ], [ 79.6188, 13.2799 ], [ 79.6191, 13.2798 ], [ 79.6194, 13.2797 ], [ 79.6195, 13.2796 ], [ 79.6196, 13.2795 ], [ 79.6196, 13.2794 ], [ 79.6198, 13.2792 ], [ 79.6201, 13.2789 ], [ 79.6205, 13.2783 ], [ 79.6207, 13.278 ], [ 79.621, 13.2778 ], [ 79.621, 13.2777 ], [ 79.6215, 13.2771 ], [ 79.6216, 13.2768 ], [ 79.6219, 13.2765 ], [ 79.6224, 13.2758 ], [ 79.6226, 13.2756 ], [ 79.6226, 13.2756 ], [ 79.6228, 13.2753 ], [ 79.6233, 13.2746 ], [ 79.6235, 13.2745 ], [ 79.6237, 13.2741 ], [ 79.6237, 13.274 ], [ 79.6238, 13.274 ], [ 79.624, 13.2741 ], [ 79.6241, 13.2742 ], [ 79.6242, 13.2742 ], [ 79.6244, 13.2742 ], [ 79.6244, 13.2742 ], [ 79.6245, 13.274 ], [ 79.6249, 13.2733 ], [ 79.625, 13.2731 ], [ 79.6253, 13.2729 ], [ 79.6256, 13.2729 ], [ 79.6257, 13.2728 ], [ 79.6258, 13.2727 ], [ 79.6259, 13.2726 ], [ 79.6262, 13.2723 ], [ 79.6264, 13.272 ], [ 79.6264, 13.272 ], [ 79.6265, 13.2719 ], [ 79.6268, 13.2718 ], [ 79.6269, 13.2718 ], [ 79.6271, 13.2717 ], [ 79.6274, 13.2716 ], [ 79.6276, 13.2715 ], [ 79.6277, 13.2714 ], [ 79.6277, 13.2713 ], [ 79.6277, 13.2711 ], [ 79.6276, 13.2708 ], [ 79.6276, 13.2703 ], [ 79.6276, 13.2702 ], [ 79.6277, 13.2701 ], [ 79.6279, 13.2701 ], [ 79.6282, 13.2701 ], [ 79.6285, 13.2701 ], [ 79.6286, 13.2701 ], [ 79.6286, 13.27 ], [ 79.6286, 13.2699 ], [ 79.6287, 13.2698 ], [ 79.6288, 13.2697 ], [ 79.629, 13.2697 ], [ 79.6294, 13.2697 ], [ 79.6298, 13.2697 ], [ 79.6307, 13.2698 ], [ 79.6309, 13.2697 ], [ 79.6314, 13.2697 ], [ 79.6316, 13.2697 ], [ 79.6318, 13.2697 ], [ 79.6318, 13.2698 ], [ 79.6319, 13.27 ], [ 79.6319, 13.2705 ], [ 79.6319, 13.2707 ], [ 79.632, 13.2709 ], [ 79.632, 13.2712 ], [ 79.632, 13.2713 ], [ 79.6322, 13.2713 ], [ 79.6324, 13.2713 ], [ 79.6328, 13.2714 ], [ 79.6333, 13.2714 ], [ 79.6336, 13.2714 ], [ 79.6339, 13.2714 ], [ 79.634, 13.2714 ], [ 79.634, 13.2715 ], [ 79.6341, 13.2716 ], [ 79.6339, 13.2719 ], [ 79.6339, 13.2722 ], [ 79.6335, 13.273 ], [ 79.6335, 13.2733 ], [ 79.6334, 13.2736 ], [ 79.6331, 13.2744 ], [ 79.633, 13.2747 ], [ 79.6329, 13.2751 ], [ 79.6329, 13.2751 ], [ 79.6329, 13.2752 ], [ 79.6326, 13.2752 ], [ 79.6324, 13.2752 ], [ 79.6324, 13.2753 ], [ 79.6323, 13.2754 ], [ 79.6322, 13.2758 ], [ 79.6321, 13.2762 ], [ 79.6321, 13.2764 ], [ 79.6321, 13.2764 ], [ 79.632, 13.2764 ], [ 79.6318, 13.2765 ], [ 79.6317, 13.2765 ], [ 79.6317, 13.2767 ], [ 79.6316, 13.2769 ], [ 79.6316, 13.2772 ], [ 79.6316, 13.2773 ], [ 79.6316, 13.2773 ], [ 79.632, 13.2775 ], [ 79.6321, 13.2775 ], [ 79.6324, 13.2776 ], [ 79.6326, 13.2776 ], [ 79.6329, 13.2775 ], [ 79.633, 13.2774 ], [ 79.6336, 13.2772 ], [ 79.6338, 13.2772 ], [ 79.6342, 13.2772 ], [ 79.6343, 13.2773 ], [ 79.6344, 13.2774 ], [ 79.6344, 13.2774 ], [ 79.6344, 13.2777 ], [ 79.6344, 13.2785 ], [ 79.6346, 13.2786 ], [ 79.6348, 13.2789 ], [ 79.6347, 13.2795 ], [ 79.6346, 13.2805 ], [ 79.6346, 13.2808 ], [ 79.6346, 13.2809 ], [ 79.6344, 13.281 ], [ 79.6343, 13.281 ], [ 79.6342, 13.2811 ], [ 79.6341, 13.2812 ], [ 79.6341, 13.2813 ], [ 79.6339, 13.2814 ], [ 79.6338, 13.2814 ], [ 79.6335, 13.2819 ], [ 79.6333, 13.2821 ], [ 79.6333, 13.2823 ], [ 79.6333, 13.2824 ], [ 79.6333, 13.2824 ], [ 79.6336, 13.2824 ], [ 79.6338, 13.2824 ], [ 79.634, 13.2824 ], [ 79.6341, 13.2825 ], [ 79.6342, 13.2826 ], [ 79.6345, 13.2828 ], [ 79.6347, 13.2829 ], [ 79.6351, 13.2832 ], [ 79.6353, 13.2835 ], [ 79.6355, 13.2836 ], [ 79.6358, 13.2837 ], [ 79.636, 13.2837 ], [ 79.6364, 13.2837 ], [ 79.6368, 13.2837 ], [ 79.6371, 13.2837 ], [ 79.6373, 13.2838 ], [ 79.6375, 13.284 ], [ 79.6377, 13.2841 ], [ 79.638, 13.2842 ], [ 79.6381, 13.2842 ], [ 79.6381, 13.2843 ], [ 79.6382, 13.2845 ], [ 79.6382, 13.2854 ], [ 79.6382, 13.286 ], [ 79.6383, 13.287 ], [ 79.6383, 13.2873 ], [ 79.6383, 13.2874 ], [ 79.6385, 13.2875 ], [ 79.6386, 13.2874 ], [ 79.6386, 13.2872 ], [ 79.6387, 13.287 ], [ 79.6387, 13.2869 ], [ 79.6387, 13.2867 ], [ 79.6388, 13.2863 ], [ 79.6388, 13.2863 ], [ 79.6388, 13.2862 ], [ 79.6388, 13.2852 ], [ 79.6389, 13.2849 ], [ 79.6389, 13.2846 ], [ 79.6391, 13.2838 ], [ 79.6391, 13.2834 ], [ 79.6391, 13.2831 ], [ 79.6392, 13.2824 ], [ 79.6393, 13.282 ], [ 79.6394, 13.2818 ], [ 79.6395, 13.281 ], [ 79.6395, 13.2807 ], [ 79.6396, 13.2804 ], [ 79.6396, 13.2797 ], [ 79.6396, 13.2793 ], [ 79.6397, 13.2788 ], [ 79.6397, 13.2788 ], [ 79.6396, 13.2781 ], [ 79.6396, 13.278 ], [ 79.6396, 13.278 ], [ 79.6396, 13.2778 ], [ 79.6395, 13.2774 ], [ 79.6395, 13.2771 ], [ 79.6395, 13.277 ], [ 79.6395, 13.277 ], [ 79.6396, 13.2769 ], [ 79.6397, 13.2768 ], [ 79.6398, 13.2768 ], [ 79.6401, 13.2766 ], [ 79.6407, 13.2761 ], [ 79.6408, 13.276 ], [ 79.641, 13.2758 ], [ 79.6411, 13.2756 ], [ 79.6412, 13.2756 ], [ 79.6412, 13.2755 ], [ 79.6413, 13.2756 ], [ 79.6413, 13.2756 ], [ 79.6413, 13.276 ], [ 79.6413, 13.2763 ], [ 79.6414, 13.2765 ], [ 79.6414, 13.2766 ], [ 79.6414, 13.2775 ], [ 79.6414, 13.2778 ], [ 79.6414, 13.2781 ], [ 79.6413, 13.2789 ], [ 79.6414, 13.2791 ], [ 79.6414, 13.2793 ], [ 79.6414, 13.2794 ], [ 79.6411, 13.2797 ], [ 79.641, 13.2797 ], [ 79.641, 13.2798 ], [ 79.641, 13.2799 ], [ 79.6411, 13.2802 ], [ 79.6412, 13.2804 ], [ 79.6413, 13.2812 ], [ 79.6413, 13.2814 ], [ 79.6413, 13.2817 ], [ 79.6413, 13.2818 ], [ 79.6411, 13.2819 ], [ 79.641, 13.282 ], [ 79.641, 13.282 ], [ 79.641, 13.2821 ], [ 79.641, 13.2823 ], [ 79.6411, 13.2827 ], [ 79.6412, 13.2831 ], [ 79.6413, 13.2834 ], [ 79.6413, 13.2839 ], [ 79.6414, 13.2842 ], [ 79.6415, 13.2846 ], [ 79.6415, 13.2847 ], [ 79.6416, 13.2847 ], [ 79.6416, 13.2848 ], [ 79.6418, 13.2847 ], [ 79.6418, 13.2847 ], [ 79.6419, 13.2847 ], [ 79.6419, 13.2849 ], [ 79.642, 13.2851 ], [ 79.6421, 13.2851 ], [ 79.6422, 13.2851 ], [ 79.6424, 13.285 ], [ 79.6426, 13.2848 ], [ 79.6427, 13.2848 ], [ 79.6427, 13.2848 ], [ 79.6428, 13.2849 ], [ 79.6428, 13.2849 ], [ 79.6427, 13.2853 ], [ 79.6427, 13.2855 ], [ 79.6426, 13.2863 ], [ 79.6426, 13.2867 ], [ 79.6425, 13.287 ], [ 79.6425, 13.2879 ], [ 79.6425, 13.2883 ], [ 79.6425, 13.2886 ], [ 79.6424, 13.2894 ], [ 79.6424, 13.2896 ], [ 79.6424, 13.2899 ], [ 79.6425, 13.29 ], [ 79.6425, 13.2901 ], [ 79.6426, 13.2902 ], [ 79.6426, 13.2902 ], [ 79.6432, 13.2903 ], [ 79.6437, 13.2904 ], [ 79.6441, 13.2906 ], [ 79.6449, 13.2908 ], [ 79.6452, 13.2908 ], [ 79.6456, 13.2909 ], [ 79.6466, 13.2911 ], [ 79.6467, 13.2911 ], [ 79.6468, 13.2912 ], [ 79.6471, 13.2912 ], [ 79.648, 13.2913 ], [ 79.6483, 13.2913 ], [ 79.6486, 13.2914 ], [ 79.6493, 13.2915 ], [ 79.6493, 13.2917 ], [ 79.6493, 13.2917 ], [ 79.6493, 13.2919 ], [ 79.6493, 13.2919 ], [ 79.6495, 13.2919 ], [ 79.6496, 13.2919 ], [ 79.6497, 13.292 ], [ 79.6497, 13.2921 ], [ 79.6497, 13.2923 ], [ 79.6498, 13.2923 ], [ 79.6499, 13.2923 ], [ 79.6501, 13.2922 ], [ 79.6504, 13.2922 ], [ 79.6512, 13.292 ], [ 79.6516, 13.2919 ], [ 79.6518, 13.2918 ], [ 79.6518, 13.2918 ], [ 79.6519, 13.2917 ], [ 79.6519, 13.2916 ], [ 79.6519, 13.2914 ], [ 79.6519, 13.2913 ], [ 79.652, 13.2912 ], [ 79.6522, 13.2911 ], [ 79.6525, 13.2909 ], [ 79.6526, 13.2908 ], [ 79.6526, 13.2908 ], [ 79.6526, 13.2906 ], [ 79.6526, 13.2904 ], [ 79.6526, 13.2902 ], [ 79.6526, 13.2901 ], [ 79.6527, 13.29 ], [ 79.6529, 13.2898 ], [ 79.653, 13.2896 ], [ 79.6531, 13.2896 ], [ 79.6533, 13.2896 ], [ 79.6535, 13.2895 ], [ 79.6536, 13.2895 ], [ 79.6536, 13.2893 ], [ 79.6536, 13.2891 ], [ 79.6536, 13.2887 ], [ 79.6536, 13.2885 ], [ 79.6536, 13.2883 ], [ 79.6537, 13.2881 ], [ 79.6539, 13.2878 ], [ 79.6541, 13.2876 ], [ 79.6544, 13.2869 ], [ 79.6545, 13.2866 ], [ 79.6546, 13.2862 ], [ 79.6546, 13.286 ], [ 79.6546, 13.2858 ], [ 79.6546, 13.2857 ], [ 79.6546, 13.2856 ], [ 79.6547, 13.2856 ], [ 79.6549, 13.2854 ], [ 79.6552, 13.2853 ], [ 79.6561, 13.2851 ], [ 79.6562, 13.2851 ], [ 79.6565, 13.2851 ], [ 79.6568, 13.285 ], [ 79.6569, 13.285 ], [ 79.6569, 13.2849 ], [ 79.657, 13.2847 ], [ 79.657, 13.2846 ], [ 79.6572, 13.2846 ], [ 79.6574, 13.2845 ], [ 79.6575, 13.2845 ], [ 79.6575, 13.2844 ], [ 79.6575, 13.2843 ], [ 79.6576, 13.2843 ], [ 79.6577, 13.2843 ], [ 79.6577, 13.2841 ], [ 79.6577, 13.284 ], [ 79.6577, 13.2839 ], [ 79.6578, 13.2838 ], [ 79.6579, 13.2839 ], [ 79.6582, 13.284 ], [ 79.6583, 13.2843 ], [ 79.6586, 13.2849 ], [ 79.6587, 13.2852 ], [ 79.6587, 13.2856 ], [ 79.6587, 13.2857 ], [ 79.6587, 13.2857 ], [ 79.6587, 13.2858 ], [ 79.6586, 13.2859 ], [ 79.6586, 13.286 ], [ 79.6586, 13.2861 ], [ 79.6587, 13.2864 ], [ 79.6589, 13.2867 ], [ 79.6592, 13.2869 ], [ 79.6594, 13.2871 ], [ 79.6598, 13.2873 ], [ 79.6601, 13.2873 ], [ 79.6608, 13.2876 ], [ 79.6612, 13.2878 ], [ 79.6615, 13.288 ], [ 79.6615, 13.288 ], [ 79.662, 13.2886 ], [ 79.6623, 13.2888 ], [ 79.6624, 13.289 ], [ 79.6627, 13.2893 ], [ 79.663, 13.2896 ], [ 79.6631, 13.2897 ], [ 79.6632, 13.2897 ], [ 79.6635, 13.2898 ], [ 79.6639, 13.2897 ], [ 79.6645, 13.2892 ], [ 79.6647, 13.2888 ], [ 79.6649, 13.2886 ], [ 79.6652, 13.2879 ], [ 79.6653, 13.2876 ], [ 79.6654, 13.2875 ], [ 79.6656, 13.2875 ], [ 79.6659, 13.2875 ], [ 79.6663, 13.2876 ], [ 79.6664, 13.2875 ], [ 79.6663, 13.2873 ], [ 79.6662, 13.287 ], [ 79.6663, 13.2869 ], [ 79.6665, 13.2864 ], [ 79.6666, 13.2862 ], [ 79.6667, 13.286 ], [ 79.6667, 13.2852 ], [ 79.6667, 13.285 ], [ 79.6665, 13.2842 ], [ 79.6664, 13.284 ], [ 79.6663, 13.2838 ], [ 79.6658, 13.2832 ], [ 79.6657, 13.2829 ], [ 79.6655, 13.2827 ], [ 79.6651, 13.2823 ], [ 79.665, 13.2821 ], [ 79.6648, 13.282 ], [ 79.6647, 13.2819 ], [ 79.6647, 13.2818 ], [ 79.6647, 13.2816 ], [ 79.6647, 13.2808 ], [ 79.6647, 13.2805 ], [ 79.6647, 13.2802 ], [ 79.6646, 13.2801 ], [ 79.6646, 13.28 ], [ 79.6646, 13.2798 ], [ 79.6647, 13.2797 ], [ 79.6649, 13.2794 ], [ 79.6651, 13.2791 ], [ 79.6652, 13.2789 ], [ 79.6653, 13.2788 ], [ 79.6653, 13.2787 ], [ 79.6654, 13.2787 ], [ 79.6655, 13.2788 ], [ 79.6657, 13.2791 ], [ 79.6657, 13.2791 ], [ 79.6659, 13.2794 ], [ 79.6661, 13.2796 ], [ 79.6663, 13.2797 ], [ 79.6668, 13.2799 ], [ 79.6671, 13.2799 ], [ 79.6675, 13.28 ], [ 79.6676, 13.28 ], [ 79.6677, 13.28 ], [ 79.6678, 13.2801 ], [ 79.6679, 13.2803 ], [ 79.6681, 13.2806 ], [ 79.6683, 13.2808 ], [ 79.6686, 13.2811 ], [ 79.6687, 13.2812 ], [ 79.669, 13.2812 ], [ 79.6695, 13.2812 ], [ 79.6698, 13.2812 ], [ 79.6703, 13.2812 ], [ 79.6703, 13.2812 ], [ 79.6704, 13.2812 ], [ 79.6704, 13.2811 ], [ 79.6705, 13.2811 ], [ 79.6706, 13.2809 ], [ 79.6707, 13.2807 ], [ 79.6707, 13.2805 ], [ 79.6709, 13.2803 ], [ 79.6711, 13.2802 ], [ 79.6712, 13.2801 ], [ 79.6714, 13.2801 ], [ 79.6715, 13.2802 ], [ 79.6716, 13.2803 ], [ 79.6718, 13.2805 ], [ 79.6719, 13.2805 ], [ 79.6722, 13.2808 ], [ 79.673, 13.2811 ], [ 79.6732, 13.2811 ], [ 79.6734, 13.2812 ], [ 79.6735, 13.2813 ], [ 79.6737, 13.2816 ], [ 79.6738, 13.2816 ], [ 79.6738, 13.2817 ], [ 79.6741, 13.2817 ], [ 79.6743, 13.2817 ], [ 79.6744, 13.2819 ], [ 79.6745, 13.2825 ], [ 79.6746, 13.2825 ], [ 79.6747, 13.2826 ], [ 79.6747, 13.2827 ], [ 79.675, 13.2829 ], [ 79.675, 13.2832 ], [ 79.6751, 13.2835 ], [ 79.6752, 13.2839 ], [ 79.6752, 13.2842 ], [ 79.6752, 13.2844 ], [ 79.6758, 13.2851 ], [ 79.6759, 13.2853 ], [ 79.6759, 13.2854 ], [ 79.6758, 13.2858 ], [ 79.6757, 13.2862 ], [ 79.6756, 13.2869 ], [ 79.6756, 13.2872 ], [ 79.6756, 13.2874 ], [ 79.6756, 13.2876 ], [ 79.6757, 13.2882 ], [ 79.6758, 13.2886 ], [ 79.6758, 13.2888 ], [ 79.6759, 13.2892 ], [ 79.6759, 13.2895 ], [ 79.676, 13.2897 ], [ 79.676, 13.29 ], [ 79.676, 13.2902 ], [ 79.6761, 13.2904 ], [ 79.6762, 13.291 ], [ 79.6763, 13.2913 ], [ 79.6764, 13.2916 ], [ 79.6767, 13.2923 ], [ 79.6768, 13.2926 ], [ 79.6769, 13.2929 ], [ 79.6773, 13.2937 ], [ 79.6774, 13.294 ], [ 79.6775, 13.2943 ], [ 79.6777, 13.2951 ], [ 79.6778, 13.2954 ], [ 79.6778, 13.2957 ], [ 79.6779, 13.2961 ], [ 79.678, 13.2963 ], [ 79.6781, 13.2973 ], [ 79.6782, 13.2974 ], [ 79.6782, 13.2974 ], [ 79.6783, 13.2974 ], [ 79.6787, 13.2973 ], [ 79.6788, 13.2972 ], [ 79.6789, 13.2972 ], [ 79.6792, 13.297 ], [ 79.6801, 13.2966 ], [ 79.6803, 13.2965 ], [ 79.6807, 13.2964 ], [ 79.6807, 13.2964 ], [ 79.6809, 13.2963 ], [ 79.6809, 13.2963 ], [ 79.681, 13.2964 ], [ 79.681, 13.2964 ], [ 79.6811, 13.2964 ], [ 79.6811, 13.2964 ], [ 79.6811, 13.2964 ], [ 79.6812, 13.2963 ], [ 79.6812, 13.2962 ], [ 79.6812, 13.2961 ], [ 79.6813, 13.2961 ], [ 79.6814, 13.2962 ], [ 79.6816, 13.2962 ], [ 79.6817, 13.2961 ], [ 79.6818, 13.2961 ], [ 79.6819, 13.2959 ], [ 79.6819, 13.2959 ], [ 79.682, 13.2958 ], [ 79.6821, 13.2958 ], [ 79.6822, 13.2958 ], [ 79.6824, 13.2959 ], [ 79.6826, 13.2958 ], [ 79.6827, 13.2957 ], [ 79.6828, 13.2957 ], [ 79.6829, 13.2956 ], [ 79.6829, 13.2955 ], [ 79.6829, 13.2954 ], [ 79.6829, 13.2952 ], [ 79.6829, 13.295 ], [ 79.6828, 13.2948 ], [ 79.6828, 13.2947 ], [ 79.6827, 13.2947 ], [ 79.6826, 13.2946 ], [ 79.6823, 13.2946 ], [ 79.6822, 13.2946 ], [ 79.6821, 13.2945 ], [ 79.6821, 13.2944 ], [ 79.682, 13.2941 ], [ 79.682, 13.2938 ], [ 79.6819, 13.293 ], [ 79.6818, 13.2926 ], [ 79.6818, 13.2923 ], [ 79.6816, 13.2914 ], [ 79.6816, 13.2912 ], [ 79.6815, 13.2909 ], [ 79.6814, 13.29 ], [ 79.6814, 13.2897 ], [ 79.6813, 13.2894 ], [ 79.6812, 13.2886 ], [ 79.6813, 13.2884 ], [ 79.6813, 13.2882 ], [ 79.6813, 13.2882 ], [ 79.6813, 13.2881 ], [ 79.6813, 13.288 ], [ 79.6813, 13.288 ], [ 79.6813, 13.2879 ], [ 79.6814, 13.2879 ], [ 79.6815, 13.2879 ], [ 79.6816, 13.2879 ], [ 79.6817, 13.288 ], [ 79.6819, 13.2884 ], [ 79.682, 13.2884 ], [ 79.682, 13.2884 ], [ 79.6822, 13.2884 ], [ 79.6824, 13.2884 ], [ 79.6826, 13.2883 ], [ 79.6828, 13.2883 ], [ 79.6829, 13.2883 ], [ 79.6831, 13.2882 ], [ 79.6832, 13.2882 ], [ 79.6832, 13.2881 ], [ 79.6832, 13.2881 ], [ 79.6832, 13.2879 ], [ 79.6832, 13.2878 ], [ 79.6832, 13.2877 ], [ 79.6831, 13.2876 ], [ 79.6831, 13.2875 ], [ 79.6831, 13.2874 ], [ 79.6832, 13.2874 ], [ 79.6833, 13.2873 ], [ 79.6835, 13.2873 ], [ 79.6838, 13.2872 ], [ 79.6841, 13.2871 ], [ 79.6844, 13.287 ], [ 79.6847, 13.2869 ], [ 79.6847, 13.2869 ], [ 79.6848, 13.2868 ], [ 79.6848, 13.2867 ], [ 79.6849, 13.2864 ], [ 79.685, 13.2861 ], [ 79.6851, 13.2855 ], [ 79.6851, 13.2854 ], [ 79.6852, 13.2854 ], [ 79.6854, 13.2852 ], [ 79.6856, 13.2851 ], [ 79.6858, 13.285 ], [ 79.6859, 13.2849 ], [ 79.686, 13.2849 ], [ 79.6861, 13.285 ], [ 79.6861, 13.285 ], [ 79.6862, 13.2851 ], [ 79.6864, 13.2852 ], [ 79.6865, 13.2853 ], [ 79.6865, 13.2853 ], [ 79.6866, 13.2853 ], [ 79.6866, 13.2853 ], [ 79.6867, 13.2852 ], [ 79.6869, 13.285 ], [ 79.6871, 13.2849 ], [ 79.6873, 13.2848 ], [ 79.6873, 13.2848 ], [ 79.6874, 13.2847 ], [ 79.6874, 13.2846 ], [ 79.6874, 13.2845 ], [ 79.6874, 13.2844 ], [ 79.6874, 13.2842 ], [ 79.6874, 13.2842 ], [ 79.6877, 13.284 ], [ 79.688, 13.2839 ], [ 79.6881, 13.2838 ], [ 79.6881, 13.2838 ], [ 79.6881, 13.2837 ], [ 79.6881, 13.2836 ], [ 79.6882, 13.2835 ], [ 79.6882, 13.2834 ], [ 79.6883, 13.2833 ], [ 79.6885, 13.2832 ], [ 79.6888, 13.2831 ], [ 79.6891, 13.2831 ], [ 79.6893, 13.2831 ], [ 79.6894, 13.283 ], [ 79.6895, 13.2829 ], [ 79.6896, 13.2825 ], [ 79.6897, 13.2823 ], [ 79.6897, 13.2821 ], [ 79.6897, 13.2818 ], [ 79.6898, 13.2818 ], [ 79.6899, 13.2817 ], [ 79.6901, 13.2816 ], [ 79.6902, 13.2816 ], [ 79.6902, 13.2816 ], [ 79.6902, 13.2813 ], [ 79.6901, 13.2811 ], [ 79.6901, 13.2811 ], [ 79.69, 13.281 ], [ 79.6901, 13.2809 ], [ 79.6901, 13.2809 ], [ 79.6902, 13.2808 ], [ 79.6903, 13.2808 ], [ 79.6904, 13.2806 ], [ 79.6904, 13.2805 ], [ 79.6904, 13.2804 ], [ 79.6905, 13.2803 ], [ 79.6905, 13.2803 ], [ 79.6906, 13.2803 ], [ 79.6907, 13.2803 ], [ 79.6911, 13.2803 ], [ 79.6913, 13.2802 ], [ 79.6914, 13.28 ], [ 79.6915, 13.2798 ], [ 79.6915, 13.2798 ], [ 79.6915, 13.2797 ], [ 79.6917, 13.2797 ], [ 79.6919, 13.2797 ], [ 79.6923, 13.2798 ], [ 79.6926, 13.2798 ], [ 79.6931, 13.2798 ], [ 79.6938, 13.2798 ], [ 79.6938, 13.2798 ], [ 79.6939, 13.2798 ], [ 79.6939, 13.2798 ], [ 79.6939, 13.2796 ], [ 79.6939, 13.2793 ], [ 79.694, 13.2789 ], [ 79.694, 13.2783 ], [ 79.694, 13.278 ], [ 79.694, 13.2776 ], [ 79.6941, 13.2775 ], [ 79.6941, 13.2774 ], [ 79.6941, 13.2774 ], [ 79.694, 13.2773 ], [ 79.6939, 13.2773 ], [ 79.6938, 13.2773 ], [ 79.6938, 13.2772 ], [ 79.6938, 13.2772 ], [ 79.6939, 13.2766 ], [ 79.6939, 13.2762 ], [ 79.6939, 13.2759 ], [ 79.6938, 13.2751 ], [ 79.6938, 13.2746 ], [ 79.6938, 13.2744 ], [ 79.6938, 13.2742 ], [ 79.6938, 13.2741 ], [ 79.6937, 13.2735 ], [ 79.6936, 13.2734 ], [ 79.6933, 13.2733 ], [ 79.693, 13.2733 ], [ 79.6929, 13.2732 ], [ 79.6928, 13.2731 ], [ 79.6927, 13.2729 ], [ 79.6925, 13.2729 ], [ 79.6923, 13.2729 ], [ 79.6921, 13.2729 ], [ 79.692, 13.2728 ], [ 79.692, 13.2728 ], [ 79.6919, 13.2722 ], [ 79.6918, 13.2721 ], [ 79.6918, 13.2721 ], [ 79.6914, 13.272 ], [ 79.6909, 13.2719 ], [ 79.6902, 13.2716 ], [ 79.6899, 13.2714 ], [ 79.6896, 13.2712 ], [ 79.6889, 13.271 ], [ 79.6888, 13.2709 ], [ 79.6888, 13.2708 ], [ 79.6889, 13.2708 ], [ 79.689, 13.2708 ], [ 79.6892, 13.2707 ], [ 79.6896, 13.2706 ], [ 79.6904, 13.2701 ], [ 79.6904, 13.27 ], [ 79.6904, 13.2697 ], [ 79.6904, 13.2694 ], [ 79.6904, 13.269 ], [ 79.6904, 13.2687 ], [ 79.6903, 13.2684 ], [ 79.6903, 13.2681 ], [ 79.6907, 13.2677 ], [ 79.6908, 13.2677 ], [ 79.691, 13.2677 ], [ 79.6912, 13.2677 ], [ 79.6913, 13.2677 ], [ 79.6913, 13.2677 ], [ 79.6913, 13.2679 ], [ 79.6913, 13.268 ], [ 79.6914, 13.2681 ], [ 79.6916, 13.2682 ], [ 79.6917, 13.2682 ], [ 79.6919, 13.2682 ], [ 79.6919, 13.2682 ], [ 79.692, 13.269 ], [ 79.692, 13.2691 ], [ 79.692, 13.2691 ], [ 79.6921, 13.2691 ], [ 79.6924, 13.2692 ], [ 79.6928, 13.2692 ], [ 79.693, 13.2692 ], [ 79.6931, 13.2693 ], [ 79.6931, 13.2694 ], [ 79.6932, 13.2697 ], [ 79.6933, 13.2701 ], [ 79.6934, 13.2705 ], [ 79.6935, 13.2705 ], [ 79.6937, 13.2705 ], [ 79.6941, 13.2705 ], [ 79.6943, 13.2705 ], [ 79.6944, 13.2704 ], [ 79.6944, 13.2701 ], [ 79.6945, 13.2699 ], [ 79.6945, 13.2697 ], [ 79.6946, 13.2694 ], [ 79.6947, 13.2693 ], [ 79.6947, 13.2693 ], [ 79.695, 13.2693 ], [ 79.6953, 13.2692 ], [ 79.6954, 13.2692 ], [ 79.6954, 13.2692 ], [ 79.6955, 13.2691 ], [ 79.6955, 13.269 ], [ 79.6954, 13.2686 ], [ 79.6952, 13.2684 ], [ 79.6951, 13.2682 ], [ 79.6949, 13.2676 ], [ 79.6949, 13.2674 ], [ 79.6949, 13.2674 ], [ 79.695, 13.2674 ], [ 79.6953, 13.2673 ], [ 79.6956, 13.2673 ], [ 79.6957, 13.2673 ], [ 79.6958, 13.2673 ], [ 79.6958, 13.2672 ], [ 79.6958, 13.2671 ], [ 79.6957, 13.267 ], [ 79.6956, 13.2669 ], [ 79.6955, 13.2669 ], [ 79.6951, 13.2668 ], [ 79.6947, 13.2667 ], [ 79.6944, 13.2658 ], [ 79.6944, 13.2655 ], [ 79.6942, 13.2652 ], [ 79.694, 13.2642 ], [ 79.6939, 13.264 ], [ 79.6938, 13.2637 ], [ 79.6933, 13.2631 ], [ 79.6931, 13.263 ], [ 79.6927, 13.2629 ], [ 79.6925, 13.2629 ], [ 79.6922, 13.2629 ], [ 79.6921, 13.2629 ], [ 79.6921, 13.2629 ], [ 79.6921, 13.2631 ], [ 79.6921, 13.2634 ], [ 79.6921, 13.2635 ], [ 79.692, 13.2635 ], [ 79.6919, 13.2635 ], [ 79.6917, 13.2635 ], [ 79.6917, 13.2633 ], [ 79.6916, 13.263 ], [ 79.6915, 13.2627 ], [ 79.6914, 13.2618 ], [ 79.6913, 13.2615 ], [ 79.6913, 13.2612 ], [ 79.6912, 13.261 ], [ 79.6911, 13.261 ], [ 79.691, 13.2609 ], [ 79.6908, 13.2609 ], [ 79.6904, 13.2609 ], [ 79.6902, 13.2608 ], [ 79.6897, 13.2608 ], [ 79.6893, 13.2609 ], [ 79.6892, 13.2609 ], [ 79.6891, 13.2611 ], [ 79.689, 13.2613 ], [ 79.689, 13.2621 ], [ 79.6889, 13.2624 ], [ 79.6894, 13.2626 ], [ 79.6895, 13.2633 ], [ 79.6895, 13.2637 ], [ 79.6893, 13.2642 ], [ 79.6886, 13.2648 ], [ 79.6885, 13.2648 ], [ 79.6884, 13.265 ], [ 79.6885, 13.2653 ], [ 79.6885, 13.2653 ], [ 79.6886, 13.2654 ], [ 79.6886, 13.2655 ], [ 79.6885, 13.2656 ], [ 79.6884, 13.2657 ], [ 79.6882, 13.266 ], [ 79.6881, 13.2662 ], [ 79.688, 13.2664 ], [ 79.6879, 13.2666 ], [ 79.6878, 13.2667 ], [ 79.6877, 13.2667 ], [ 79.6877, 13.2667 ], [ 79.6876, 13.2667 ], [ 79.6876, 13.2667 ], [ 79.6875, 13.2666 ], [ 79.6874, 13.2665 ], [ 79.687, 13.2663 ], [ 79.6867, 13.2661 ], [ 79.6863, 13.266 ], [ 79.6853, 13.2658 ], [ 79.6849, 13.2658 ], [ 79.6847, 13.2658 ], [ 79.6844, 13.2658 ], [ 79.6842, 13.2657 ], [ 79.6839, 13.2654 ], [ 79.6834, 13.2651 ], [ 79.6832, 13.265 ], [ 79.6831, 13.2648 ], [ 79.6828, 13.2647 ], [ 79.6824, 13.2646 ], [ 79.6816, 13.2646 ], [ 79.6808, 13.2646 ], [ 79.6806, 13.2645 ], [ 79.6806, 13.2645 ], [ 79.6805, 13.2641 ], [ 79.6805, 13.264 ], [ 79.6803, 13.2624 ], [ 79.6803, 13.2622 ], [ 79.6802, 13.2622 ], [ 79.6798, 13.2621 ], [ 79.6791, 13.262 ], [ 79.6784, 13.2618 ], [ 79.6783, 13.2617 ], [ 79.6783, 13.2617 ], [ 79.6783, 13.2616 ], [ 79.6783, 13.2613 ], [ 79.6784, 13.2609 ], [ 79.6786, 13.2601 ], [ 79.6786, 13.2598 ], [ 79.6786, 13.2594 ], [ 79.6788, 13.2586 ], [ 79.6789, 13.2584 ], [ 79.6789, 13.2581 ], [ 79.6791, 13.2572 ], [ 79.6792, 13.2569 ], [ 79.6793, 13.2565 ], [ 79.6795, 13.2555 ], [ 79.6796, 13.2552 ], [ 79.6797, 13.2549 ], [ 79.6799, 13.2541 ], [ 79.68, 13.254 ], [ 79.68, 13.2539 ], [ 79.6801, 13.2535 ], [ 79.6803, 13.2527 ], [ 79.6804, 13.2525 ], [ 79.6806, 13.2522 ], [ 79.6813, 13.2513 ], [ 79.6818, 13.2506 ], [ 79.6819, 13.2503 ], [ 79.6818, 13.2499 ], [ 79.6819, 13.2489 ], [ 79.682, 13.2488 ], [ 79.6822, 13.2486 ], [ 79.6824, 13.2484 ], [ 79.6826, 13.248 ], [ 79.6828, 13.2478 ], [ 79.6829, 13.2476 ], [ 79.6831, 13.2473 ], [ 79.6835, 13.2464 ], [ 79.6835, 13.2461 ], [ 79.6836, 13.2458 ], [ 79.6836, 13.2452 ], [ 79.6835, 13.2449 ], [ 79.6834, 13.2446 ], [ 79.6834, 13.2443 ], [ 79.6834, 13.2439 ], [ 79.6834, 13.2438 ], [ 79.6834, 13.2437 ], [ 79.6834, 13.2436 ], [ 79.6835, 13.2436 ], [ 79.6835, 13.2435 ], [ 79.6839, 13.2433 ], [ 79.6842, 13.2432 ], [ 79.6846, 13.2429 ], [ 79.6848, 13.2427 ], [ 79.6849, 13.2425 ], [ 79.6849, 13.2424 ], [ 79.6849, 13.2423 ], [ 79.685, 13.2421 ], [ 79.6851, 13.2415 ], [ 79.6852, 13.2414 ], [ 79.6853, 13.2414 ], [ 79.6854, 13.2414 ], [ 79.6857, 13.2411 ], [ 79.6858, 13.2409 ], [ 79.6864, 13.2404 ], [ 79.6867, 13.2402 ], [ 79.687, 13.24 ], [ 79.6876, 13.2394 ], [ 79.6878, 13.2392 ], [ 79.688, 13.239 ], [ 79.6887, 13.2385 ], [ 79.689, 13.2382 ], [ 79.6892, 13.238 ], [ 79.6896, 13.2377 ], [ 79.6897, 13.2377 ], [ 79.6898, 13.2377 ], [ 79.6899, 13.2377 ], [ 79.6901, 13.2377 ], [ 79.6905, 13.2379 ], [ 79.6909, 13.238 ], [ 79.6913, 13.2381 ], [ 79.6916, 13.2382 ], [ 79.692, 13.2383 ], [ 79.6922, 13.2383 ], [ 79.6925, 13.2384 ], [ 79.6927, 13.2387 ], [ 79.6928, 13.2389 ], [ 79.6929, 13.2391 ], [ 79.6931, 13.2395 ], [ 79.6931, 13.2397 ], [ 79.6932, 13.2397 ], [ 79.6933, 13.2397 ], [ 79.6934, 13.2397 ], [ 79.6936, 13.2396 ], [ 79.6939, 13.2394 ], [ 79.6944, 13.2392 ], [ 79.6945, 13.2391 ], [ 79.6954, 13.2386 ], [ 79.6956, 13.2385 ], [ 79.6963, 13.2383 ], [ 79.6964, 13.2382 ], [ 79.6964, 13.2382 ], [ 79.6965, 13.2382 ], [ 79.6965, 13.2383 ], [ 79.6965, 13.2383 ], [ 79.6964, 13.2385 ], [ 79.6963, 13.2388 ], [ 79.696, 13.2394 ], [ 79.6958, 13.2396 ], [ 79.6956, 13.2399 ], [ 79.695, 13.2404 ], [ 79.6949, 13.2405 ], [ 79.6947, 13.2407 ], [ 79.6944, 13.2409 ], [ 79.6938, 13.2416 ], [ 79.6936, 13.2419 ], [ 79.6935, 13.2423 ], [ 79.6934, 13.2426 ], [ 79.6934, 13.2427 ], [ 79.6935, 13.2427 ], [ 79.6936, 13.2428 ], [ 79.6938, 13.2428 ], [ 79.694, 13.2429 ], [ 79.6943, 13.2429 ], [ 79.6952, 13.243 ], [ 79.6955, 13.243 ], [ 79.6958, 13.243 ], [ 79.696, 13.243 ], [ 79.6961, 13.243 ], [ 79.6961, 13.243 ], [ 79.6962, 13.2431 ], [ 79.6963, 13.2434 ], [ 79.6963, 13.2437 ], [ 79.6964, 13.2441 ], [ 79.6967, 13.2448 ], [ 79.6968, 13.2452 ], [ 79.697, 13.2454 ], [ 79.6972, 13.2462 ], [ 79.6973, 13.2465 ], [ 79.6974, 13.2469 ], [ 79.6977, 13.2478 ], [ 79.6978, 13.248 ], [ 79.6979, 13.2483 ], [ 79.6982, 13.249 ], [ 79.6983, 13.2493 ], [ 79.6984, 13.2496 ], [ 79.6985, 13.2497 ], [ 79.6986, 13.2497 ], [ 79.6987, 13.2497 ], [ 79.6987, 13.2497 ], [ 79.6988, 13.2501 ], [ 79.6988, 13.2503 ], [ 79.6989, 13.2505 ], [ 79.699, 13.2505 ], [ 79.6991, 13.2505 ], [ 79.6992, 13.2505 ], [ 79.6993, 13.2505 ], [ 79.6994, 13.2505 ], [ 79.6994, 13.2506 ], [ 79.6995, 13.2508 ], [ 79.6996, 13.251 ], [ 79.6997, 13.2513 ], [ 79.6999, 13.2516 ], [ 79.7, 13.2519 ], [ 79.7, 13.2521 ], [ 79.7001, 13.2522 ], [ 79.7001, 13.2523 ], [ 79.7004, 13.2522 ], [ 79.7006, 13.2523 ], [ 79.7008, 13.2523 ], [ 79.7009, 13.2524 ], [ 79.7009, 13.2525 ], [ 79.701, 13.2527 ], [ 79.7011, 13.2528 ], [ 79.7013, 13.253 ], [ 79.7014, 13.2531 ], [ 79.7015, 13.2531 ], [ 79.7016, 13.253 ], [ 79.7019, 13.2528 ], [ 79.7021, 13.2527 ], [ 79.7024, 13.2525 ], [ 79.7028, 13.2523 ], [ 79.703, 13.2523 ], [ 79.7032, 13.2522 ], [ 79.7032, 13.2521 ], [ 79.7033, 13.2519 ], [ 79.7035, 13.2516 ], [ 79.7037, 13.2513 ], [ 79.704, 13.2512 ], [ 79.7044, 13.2511 ], [ 79.7052, 13.2509 ], [ 79.7056, 13.2509 ], [ 79.7059, 13.2508 ], [ 79.7067, 13.2507 ], [ 79.7071, 13.2506 ], [ 79.7074, 13.2505 ], [ 79.7076, 13.2505 ], [ 79.7077, 13.2505 ], [ 79.7078, 13.2505 ], [ 79.7079, 13.2504 ], [ 79.7079, 13.2502 ], [ 79.7081, 13.2499 ], [ 79.7082, 13.2495 ], [ 79.7083, 13.2491 ], [ 79.7085, 13.2488 ], [ 79.7086, 13.2485 ], [ 79.7089, 13.2482 ], [ 79.7093, 13.2474 ], [ 79.7096, 13.2471 ], [ 79.7097, 13.247 ], [ 79.7098, 13.2468 ], [ 79.7103, 13.2463 ], [ 79.7104, 13.2462 ], [ 79.7107, 13.246 ], [ 79.7109, 13.2457 ], [ 79.7111, 13.2453 ], [ 79.7113, 13.2449 ], [ 79.7116, 13.2447 ], [ 79.7118, 13.2444 ], [ 79.7123, 13.2441 ], [ 79.7124, 13.244 ], [ 79.7124, 13.244 ], [ 79.7124, 13.2439 ], [ 79.7124, 13.2438 ], [ 79.7123, 13.2436 ], [ 79.7122, 13.2434 ], [ 79.712, 13.243 ], [ 79.712, 13.2425 ], [ 79.7119, 13.2423 ], [ 79.7119, 13.2422 ], [ 79.7119, 13.2419 ], [ 79.712, 13.241 ], [ 79.7122, 13.2409 ], [ 79.7124, 13.2409 ], [ 79.7126, 13.2407 ], [ 79.7126, 13.2406 ], [ 79.7126, 13.2403 ], [ 79.7126, 13.2402 ], [ 79.7126, 13.2402 ], [ 79.7124, 13.2402 ], [ 79.7124, 13.2402 ], [ 79.7122, 13.2402 ], [ 79.7122, 13.2401 ], [ 79.7123, 13.2398 ], [ 79.7125, 13.2397 ], [ 79.7126, 13.2395 ], [ 79.7128, 13.2392 ], [ 79.7129, 13.2389 ], [ 79.713, 13.2387 ], [ 79.713, 13.2384 ], [ 79.7131, 13.2381 ], [ 79.7133, 13.238 ], [ 79.7134, 13.2379 ], [ 79.7135, 13.2378 ], [ 79.7135, 13.2374 ], [ 79.7135, 13.2373 ], [ 79.7135, 13.237 ], [ 79.7135, 13.2367 ], [ 79.7136, 13.2364 ], [ 79.7136, 13.2364 ], [ 79.7137, 13.2361 ], [ 79.7137, 13.2359 ], [ 79.7137, 13.2359 ], [ 79.7136, 13.2359 ], [ 79.7136, 13.2358 ], [ 79.7134, 13.2357 ], [ 79.713, 13.2356 ], [ 79.7129, 13.2356 ], [ 79.712, 13.2354 ], [ 79.7117, 13.2353 ], [ 79.7114, 13.2353 ], [ 79.7105, 13.2351 ], [ 79.7102, 13.2351 ], [ 79.7099, 13.235 ], [ 79.7099, 13.235 ], [ 79.7089, 13.235 ], [ 79.7086, 13.2349 ], [ 79.7083, 13.2349 ], [ 79.7075, 13.2347 ], [ 79.7072, 13.2348 ], [ 79.7069, 13.2347 ], [ 79.7067, 13.2347 ], [ 79.7067, 13.2346 ], [ 79.7064, 13.2339 ], [ 79.7062, 13.2337 ], [ 79.706, 13.2334 ], [ 79.7056, 13.2327 ], [ 79.7056, 13.2326 ], [ 79.7054, 13.2324 ], [ 79.7053, 13.2321 ], [ 79.7051, 13.2316 ], [ 79.7049, 13.2313 ], [ 79.7048, 13.231 ], [ 79.7047, 13.2309 ], [ 79.7046, 13.2307 ], [ 79.7042, 13.23 ], [ 79.704, 13.2297 ], [ 79.7039, 13.2294 ], [ 79.7035, 13.2287 ], [ 79.7034, 13.2284 ], [ 79.7033, 13.2281 ], [ 79.7029, 13.2272 ], [ 79.7027, 13.227 ], [ 79.7026, 13.2267 ], [ 79.7023, 13.2261 ], [ 79.7023, 13.2259 ], [ 79.7021, 13.2256 ], [ 79.7019, 13.2254 ], [ 79.7017, 13.2253 ], [ 79.7014, 13.2252 ], [ 79.7014, 13.2251 ], [ 79.7014, 13.2251 ], [ 79.7016, 13.2249 ], [ 79.7018, 13.2246 ], [ 79.7019, 13.2244 ], [ 79.7021, 13.2242 ], [ 79.7025, 13.2236 ], [ 79.7027, 13.2233 ], [ 79.7028, 13.2231 ], [ 79.7033, 13.2224 ], [ 79.7034, 13.2223 ], [ 79.7035, 13.2222 ], [ 79.7038, 13.2222 ], [ 79.7047, 13.2222 ], [ 79.705, 13.2222 ], [ 79.7054, 13.2222 ], [ 79.7062, 13.2221 ], [ 79.7066, 13.2221 ], [ 79.7068, 13.2221 ], [ 79.7078, 13.222 ], [ 79.7082, 13.2219 ], [ 79.7085, 13.2218 ], [ 79.7092, 13.2216 ], [ 79.7097, 13.2214 ], [ 79.71, 13.2213 ], [ 79.7107, 13.2208 ], [ 79.711, 13.2205 ], [ 79.7112, 13.2202 ], [ 79.7114, 13.2199 ], [ 79.7117, 13.2195 ], [ 79.7119, 13.2193 ], [ 79.712, 13.2189 ], [ 79.7121, 13.2185 ], [ 79.7123, 13.2181 ], [ 79.7124, 13.2178 ], [ 79.7124, 13.2176 ], [ 79.7124, 13.2176 ], [ 79.7125, 13.2175 ], [ 79.7129, 13.2174 ], [ 79.7132, 13.2174 ], [ 79.7133, 13.2174 ], [ 79.7133, 13.2174 ], [ 79.7133, 13.2175 ], [ 79.7133, 13.2177 ], [ 79.7135, 13.2181 ], [ 79.7135, 13.2182 ], [ 79.7135, 13.2182 ], [ 79.7138, 13.2182 ], [ 79.7142, 13.2181 ], [ 79.7145, 13.2181 ], [ 79.7147, 13.2181 ], [ 79.7148, 13.218 ], [ 79.7151, 13.2174 ], [ 79.7153, 13.2172 ], [ 79.7156, 13.2173 ], [ 79.7157, 13.2174 ], [ 79.7163, 13.2177 ], [ 79.7164, 13.2177 ], [ 79.7166, 13.2178 ], [ 79.717, 13.2178 ], [ 79.7173, 13.2179 ], [ 79.7175, 13.218 ], [ 79.7176, 13.218 ], [ 79.7177, 13.218 ], [ 79.7177, 13.2182 ], [ 79.7178, 13.2186 ], [ 79.7179, 13.2189 ], [ 79.7181, 13.2195 ], [ 79.7182, 13.2195 ], [ 79.7184, 13.2195 ], [ 79.7186, 13.2195 ], [ 79.7188, 13.2195 ], [ 79.7189, 13.2195 ], [ 79.7193, 13.22 ], [ 79.7195, 13.2203 ], [ 79.7195, 13.2204 ], [ 79.7196, 13.2206 ], [ 79.7201, 13.2212 ], [ 79.7202, 13.2213 ], [ 79.7204, 13.2216 ], [ 79.7205, 13.2218 ], [ 79.721, 13.2225 ], [ 79.7212, 13.2228 ], [ 79.7214, 13.2231 ], [ 79.7217, 13.2235 ], [ 79.7218, 13.2236 ], [ 79.7218, 13.2237 ], [ 79.7219, 13.2236 ], [ 79.7225, 13.2234 ], [ 79.7228, 13.2234 ], [ 79.7237, 13.2231 ], [ 79.7241, 13.223 ], [ 79.7245, 13.2229 ], [ 79.7252, 13.2227 ], [ 79.7253, 13.2229 ], [ 79.7254, 13.2231 ], [ 79.7256, 13.2231 ], [ 79.7257, 13.2231 ], [ 79.7265, 13.2229 ], [ 79.7267, 13.2228 ], [ 79.7266, 13.2223 ], [ 79.7266, 13.2222 ], [ 79.7267, 13.2222 ], [ 79.7271, 13.2221 ], [ 79.7274, 13.222 ], [ 79.7278, 13.2219 ], [ 79.7286, 13.2218 ], [ 79.7289, 13.2218 ], [ 79.7293, 13.2219 ], [ 79.7296, 13.2219 ], [ 79.7297, 13.2224 ], [ 79.7302, 13.2224 ], [ 79.7304, 13.2224 ], [ 79.7312, 13.2225 ], [ 79.7315, 13.2225 ], [ 79.7318, 13.2226 ], [ 79.732, 13.2226 ], [ 79.732, 13.2231 ], [ 79.7319, 13.2231 ], [ 79.7318, 13.2231 ], [ 79.7317, 13.2232 ], [ 79.7317, 13.2232 ], [ 79.7317, 13.2235 ], [ 79.7318, 13.2237 ], [ 79.7319, 13.2243 ], [ 79.7319, 13.2244 ], [ 79.7318, 13.2244 ], [ 79.7317, 13.2244 ], [ 79.7314, 13.2244 ], [ 79.7313, 13.2244 ], [ 79.7313, 13.2245 ], [ 79.7313, 13.2245 ], [ 79.7313, 13.2248 ], [ 79.7313, 13.225 ], [ 79.7313, 13.2254 ], [ 79.7313, 13.2261 ], [ 79.7313, 13.2264 ], [ 79.7313, 13.2268 ], [ 79.7312, 13.2277 ], [ 79.7311, 13.228 ], [ 79.7312, 13.2283 ], [ 79.7313, 13.2288 ], [ 79.7314, 13.2292 ], [ 79.7315, 13.2295 ], [ 79.7314, 13.2298 ], [ 79.7315, 13.2302 ], [ 79.7315, 13.2304 ], [ 79.7314, 13.2306 ], [ 79.7313, 13.2309 ], [ 79.7312, 13.2311 ], [ 79.7307, 13.2318 ], [ 79.7306, 13.232 ], [ 79.7305, 13.2323 ], [ 79.7305, 13.2323 ], [ 79.7304, 13.2323 ], [ 79.7304, 13.2324 ], [ 79.7304, 13.2325 ], [ 79.7308, 13.2327 ], [ 79.7312, 13.2329 ], [ 79.7314, 13.233 ], [ 79.7323, 13.2334 ], [ 79.7323, 13.2334 ], [ 79.7325, 13.2336 ], [ 79.7325, 13.234 ], [ 79.7324, 13.2347 ], [ 79.7324, 13.2351 ], [ 79.7323, 13.2354 ], [ 79.7322, 13.2364 ], [ 79.7322, 13.2366 ], [ 79.7321, 13.2367 ], [ 79.7321, 13.2367 ], [ 79.7324, 13.2368 ], [ 79.7333, 13.2368 ], [ 79.7337, 13.2368 ], [ 79.734, 13.2368 ], [ 79.7345, 13.2368 ], [ 79.7348, 13.2368 ], [ 79.7349, 13.2368 ], [ 79.7351, 13.2367 ], [ 79.7354, 13.2367 ], [ 79.7359, 13.2366 ], [ 79.7364, 13.2364 ], [ 79.7367, 13.2363 ], [ 79.7371, 13.2363 ], [ 79.7375, 13.2363 ], [ 79.7376, 13.2362 ], [ 79.7377, 13.2362 ], [ 79.7377, 13.2361 ], [ 79.7376, 13.236 ], [ 79.7375, 13.2356 ], [ 79.7374, 13.2353 ], [ 79.7373, 13.235 ], [ 79.7373, 13.2348 ], [ 79.7374, 13.2347 ], [ 79.7374, 13.2347 ], [ 79.7375, 13.2345 ], [ 79.7377, 13.2342 ], [ 79.7378, 13.234 ], [ 79.7383, 13.2332 ], [ 79.7385, 13.2329 ], [ 79.7387, 13.2326 ], [ 79.7389, 13.2319 ], [ 79.7391, 13.2316 ], [ 79.7391, 13.2313 ], [ 79.7393, 13.2304 ], [ 79.7394, 13.2301 ], [ 79.7394, 13.2298 ], [ 79.7395, 13.2293 ], [ 79.7395, 13.2292 ], [ 79.7395, 13.2292 ], [ 79.7397, 13.2292 ], [ 79.7399, 13.2291 ], [ 79.7401, 13.229 ], [ 79.7404, 13.2289 ], [ 79.7407, 13.2288 ], [ 79.7408, 13.2288 ], [ 79.7411, 13.2286 ], [ 79.7416, 13.2285 ], [ 79.7418, 13.2284 ], [ 79.742, 13.2283 ], [ 79.7422, 13.2282 ], [ 79.7427, 13.228 ], [ 79.743, 13.2279 ], [ 79.7433, 13.2277 ], [ 79.7437, 13.2276 ], [ 79.7438, 13.2275 ], [ 79.7439, 13.2273 ], [ 79.744, 13.2272 ], [ 79.7441, 13.2269 ], [ 79.7442, 13.2266 ], [ 79.7442, 13.2264 ], [ 79.7445, 13.2256 ], [ 79.7446, 13.2253 ], [ 79.7447, 13.2251 ], [ 79.7447, 13.225 ], [ 79.7447, 13.2249 ], [ 79.7448, 13.2249 ], [ 79.7453, 13.2245 ], [ 79.7457, 13.2243 ], [ 79.746, 13.224 ], [ 79.7466, 13.2234 ], [ 79.7469, 13.2231 ], [ 79.7471, 13.223 ], [ 79.7473, 13.2229 ], [ 79.7474, 13.2228 ], [ 79.7477, 13.2223 ], [ 79.7479, 13.2221 ], [ 79.748, 13.2218 ], [ 79.7483, 13.2211 ], [ 79.7485, 13.2208 ], [ 79.7485, 13.2206 ], [ 79.7487, 13.2204 ], [ 79.749, 13.2201 ], [ 79.7495, 13.2197 ], [ 79.7496, 13.2194 ], [ 79.7496, 13.219 ], [ 79.7495, 13.2185 ], [ 79.7495, 13.2184 ], [ 79.7498, 13.2183 ], [ 79.7498, 13.218 ], [ 79.7498, 13.2174 ], [ 79.7498, 13.2168 ], [ 79.7498, 13.2168 ], [ 79.7502, 13.2167 ], [ 79.7502, 13.2166 ], [ 79.7507, 13.2165 ], [ 79.751, 13.2164 ], [ 79.751, 13.2161 ], [ 79.751, 13.2155 ], [ 79.751, 13.2146 ], [ 79.7509, 13.2133 ], [ 79.7509, 13.2133 ], [ 79.7512, 13.2131 ], [ 79.7511, 13.2125 ], [ 79.7509, 13.212 ], [ 79.7506, 13.2111 ], [ 79.75, 13.2096 ], [ 79.75, 13.209 ], [ 79.75, 13.2082 ], [ 79.7501, 13.208 ], [ 79.7509, 13.2079 ], [ 79.7517, 13.2079 ], [ 79.7517, 13.2067 ], [ 79.7521, 13.2067 ], [ 79.7528, 13.2066 ], [ 79.7546, 13.2064 ], [ 79.755, 13.2065 ], [ 79.7551, 13.2068 ], [ 79.7547, 13.2068 ], [ 79.7547, 13.2072 ], [ 79.755, 13.2072 ], [ 79.7561, 13.207 ], [ 79.7567, 13.2069 ], [ 79.7568, 13.2075 ], [ 79.7576, 13.2073 ], [ 79.7585, 13.2073 ], [ 79.7594, 13.2073 ], [ 79.7596, 13.2074 ], [ 79.7598, 13.2074 ], [ 79.7598, 13.2082 ], [ 79.7597, 13.209 ], [ 79.7597, 13.2105 ], [ 79.7597, 13.2116 ], [ 79.7597, 13.2119 ], [ 79.761, 13.2118 ], [ 79.761, 13.2126 ], [ 79.7612, 13.2133 ], [ 79.7611, 13.2135 ], [ 79.7608, 13.2138 ], [ 79.7607, 13.2139 ], [ 79.7608, 13.2145 ], [ 79.761, 13.2152 ], [ 79.7612, 13.2152 ], [ 79.7613, 13.2157 ], [ 79.7614, 13.2164 ], [ 79.7615, 13.2166 ], [ 79.7617, 13.2167 ], [ 79.7621, 13.2168 ], [ 79.7629, 13.217 ], [ 79.7631, 13.2171 ], [ 79.7633, 13.2173 ], [ 79.7636, 13.2178 ], [ 79.7643, 13.2191 ], [ 79.765, 13.219 ], [ 79.766, 13.2187 ], [ 79.7667, 13.2186 ], [ 79.7676, 13.218 ], [ 79.7676, 13.2181 ], [ 79.7677, 13.2187 ], [ 79.7678, 13.2193 ], [ 79.7687, 13.2191 ], [ 79.7688, 13.2191 ], [ 79.7688, 13.2193 ], [ 79.7697, 13.219 ], [ 79.77, 13.2189 ], [ 79.7698, 13.2177 ], [ 79.7698, 13.2177 ], [ 79.7701, 13.2177 ], [ 79.7703, 13.2178 ], [ 79.771, 13.2182 ], [ 79.7716, 13.2186 ], [ 79.7719, 13.2186 ], [ 79.7723, 13.2186 ], [ 79.7728, 13.2186 ], [ 79.7732, 13.2187 ], [ 79.7734, 13.2187 ], [ 79.7735, 13.2188 ], [ 79.7736, 13.219 ], [ 79.7736, 13.2191 ], [ 79.7737, 13.2192 ], [ 79.7738, 13.2192 ], [ 79.7739, 13.2192 ], [ 79.7739, 13.2191 ], [ 79.7739, 13.2187 ], [ 79.7739, 13.2179 ], [ 79.774, 13.2175 ], [ 79.7741, 13.2169 ], [ 79.7741, 13.2166 ], [ 79.7739, 13.2166 ], [ 79.7736, 13.2166 ], [ 79.7735, 13.2161 ], [ 79.7734, 13.2159 ], [ 79.7731, 13.2158 ], [ 79.773, 13.2157 ], [ 79.7729, 13.2154 ], [ 79.7733, 13.2155 ], [ 79.7741, 13.2155 ], [ 79.7743, 13.2154 ], [ 79.7744, 13.2152 ], [ 79.7745, 13.2152 ], [ 79.7749, 13.2152 ], [ 79.7755, 13.2153 ], [ 79.7756, 13.2155 ], [ 79.7758, 13.2163 ], [ 79.7761, 13.217 ], [ 79.7767, 13.2183 ], [ 79.777, 13.2188 ], [ 79.7771, 13.2194 ], [ 79.7773, 13.2206 ], [ 79.7775, 13.2215 ], [ 79.7775, 13.2218 ], [ 79.7775, 13.2224 ], [ 79.7779, 13.2225 ], [ 79.7782, 13.2227 ], [ 79.7781, 13.2229 ], [ 79.7779, 13.2232 ], [ 79.7779, 13.2234 ], [ 79.778, 13.2236 ], [ 79.7781, 13.2236 ], [ 79.7785, 13.2236 ], [ 79.7794, 13.2236 ], [ 79.7795, 13.2235 ], [ 79.7797, 13.2234 ], [ 79.7801, 13.2234 ], [ 79.7807, 13.2234 ], [ 79.7812, 13.2234 ], [ 79.7814, 13.2236 ], [ 79.7818, 13.2242 ], [ 79.7822, 13.2246 ], [ 79.7831, 13.2249 ], [ 79.7836, 13.225 ], [ 79.7837, 13.2255 ], [ 79.7837, 13.2259 ], [ 79.784, 13.227 ], [ 79.7842, 13.2273 ], [ 79.7844, 13.2276 ], [ 79.7848, 13.2279 ], [ 79.7853, 13.2282 ], [ 79.7857, 13.2284 ], [ 79.7865, 13.2284 ], [ 79.7877, 13.2284 ], [ 79.7877, 13.2286 ], [ 79.7877, 13.2291 ], [ 79.7885, 13.2292 ], [ 79.7894, 13.2291 ], [ 79.7897, 13.2291 ], [ 79.7897, 13.2291 ], [ 79.791, 13.2288 ], [ 79.7912, 13.2288 ], [ 79.7911, 13.2293 ], [ 79.792, 13.2292 ], [ 79.7921, 13.2292 ], [ 79.7923, 13.2292 ], [ 79.7924, 13.2293 ], [ 79.7928, 13.2293 ], [ 79.7931, 13.2293 ], [ 79.7932, 13.229 ], [ 79.7932, 13.2287 ], [ 79.7929, 13.2287 ], [ 79.7931, 13.2282 ], [ 79.7933, 13.228 ], [ 79.7934, 13.2279 ], [ 79.7934, 13.2275 ], [ 79.7933, 13.2268 ], [ 79.7932, 13.2264 ], [ 79.7933, 13.2264 ], [ 79.7934, 13.2264 ], [ 79.7937, 13.2263 ], [ 79.7943, 13.2263 ], [ 79.7945, 13.2263 ], [ 79.7944, 13.2271 ], [ 79.7944, 13.228 ], [ 79.7943, 13.2283 ], [ 79.7944, 13.2288 ], [ 79.7944, 13.2296 ], [ 79.7945, 13.2309 ], [ 79.7945, 13.2322 ], [ 79.7947, 13.2342 ], [ 79.7947, 13.2352 ], [ 79.7945, 13.2355 ], [ 79.7944, 13.236 ], [ 79.7945, 13.2376 ], [ 79.7945, 13.2381 ], [ 79.7945, 13.2382 ], [ 79.7946, 13.2389 ], [ 79.7948, 13.2402 ], [ 79.7948, 13.2402 ], [ 79.7948, 13.2413 ], [ 79.7948, 13.2419 ], [ 79.7947, 13.2421 ], [ 79.7941, 13.2421 ], [ 79.793, 13.2421 ], [ 79.7924, 13.2426 ], [ 79.792, 13.2431 ], [ 79.7916, 13.2437 ], [ 79.7914, 13.244 ], [ 79.7909, 13.2441 ], [ 79.7906, 13.2443 ], [ 79.7897, 13.2446 ], [ 79.7887, 13.2447 ], [ 79.7876, 13.245 ], [ 79.7872, 13.2452 ], [ 79.7867, 13.2457 ], [ 79.786, 13.2466 ], [ 79.785, 13.2478 ], [ 79.7846, 13.2482 ], [ 79.7843, 13.2484 ], [ 79.7838, 13.2486 ], [ 79.7831, 13.2488 ], [ 79.7829, 13.2489 ], [ 79.7824, 13.2495 ], [ 79.7822, 13.2502 ], [ 79.782, 13.2509 ], [ 79.7818, 13.2513 ], [ 79.7804, 13.2515 ], [ 79.7793, 13.2515 ], [ 79.7789, 13.2515 ], [ 79.7784, 13.2517 ], [ 79.7779, 13.252 ], [ 79.7771, 13.2525 ], [ 79.7768, 13.2527 ], [ 79.7759, 13.2532 ], [ 79.7752, 13.2535 ], [ 79.7743, 13.2536 ], [ 79.7738, 13.2536 ], [ 79.773, 13.2536 ], [ 79.7723, 13.2535 ], [ 79.7721, 13.2538 ], [ 79.7718, 13.2542 ], [ 79.7714, 13.2548 ], [ 79.7712, 13.255 ], [ 79.7711, 13.2553 ], [ 79.7708, 13.2555 ], [ 79.7702, 13.2557 ], [ 79.7699, 13.2557 ], [ 79.7688, 13.2558 ], [ 79.7678, 13.2559 ], [ 79.7673, 13.2561 ], [ 79.7671, 13.2562 ], [ 79.766, 13.2567 ], [ 79.7654, 13.2571 ], [ 79.7646, 13.2574 ], [ 79.7643, 13.2577 ], [ 79.7636, 13.2579 ], [ 79.7632, 13.258 ], [ 79.7624, 13.2579 ], [ 79.7618, 13.258 ], [ 79.7612, 13.2583 ], [ 79.7604, 13.259 ], [ 79.76, 13.2593 ], [ 79.7594, 13.2598 ], [ 79.7585, 13.2606 ], [ 79.7583, 13.2608 ], [ 79.7575, 13.2614 ], [ 79.7569, 13.2619 ], [ 79.7565, 13.2623 ], [ 79.7558, 13.2628 ], [ 79.7551, 13.2632 ], [ 79.7545, 13.2634 ], [ 79.7541, 13.2637 ], [ 79.753, 13.2643 ], [ 79.7524, 13.265 ], [ 79.752, 13.2655 ], [ 79.7516, 13.2661 ], [ 79.7511, 13.2666 ], [ 79.7509, 13.2669 ], [ 79.7503, 13.2678 ], [ 79.7501, 13.2681 ], [ 79.7494, 13.269 ], [ 79.7491, 13.2695 ], [ 79.749, 13.2697 ], [ 79.7486, 13.2703 ], [ 79.7482, 13.2709 ], [ 79.7481, 13.271 ], [ 79.748, 13.271 ], [ 79.7477, 13.271 ], [ 79.7475, 13.271 ], [ 79.7468, 13.271 ], [ 79.7463, 13.271 ], [ 79.7461, 13.271 ], [ 79.7452, 13.2709 ], [ 79.7448, 13.271 ], [ 79.7444, 13.271 ], [ 79.7435, 13.271 ], [ 79.7432, 13.271 ], [ 79.7429, 13.271 ], [ 79.7424, 13.2709 ], [ 79.7421, 13.2709 ], [ 79.7417, 13.2709 ], [ 79.7416, 13.2711 ], [ 79.7412, 13.2718 ], [ 79.741, 13.2721 ], [ 79.7409, 13.2724 ], [ 79.7405, 13.2732 ], [ 79.7404, 13.2734 ], [ 79.7404, 13.2736 ], [ 79.7403, 13.2737 ], [ 79.7395, 13.2741 ], [ 79.7392, 13.2742 ], [ 79.7389, 13.2744 ], [ 79.7384, 13.2746 ], [ 79.7381, 13.2747 ], [ 79.7378, 13.2748 ], [ 79.7375, 13.2749 ], [ 79.7367, 13.2753 ], [ 79.7364, 13.2754 ], [ 79.7361, 13.2755 ], [ 79.7352, 13.2759 ], [ 79.7351, 13.2759 ], [ 79.7351, 13.2759 ], [ 79.735, 13.276 ], [ 79.735, 13.2761 ], [ 79.735, 13.2763 ], [ 79.735, 13.2766 ], [ 79.735, 13.2771 ], [ 79.7349, 13.2775 ], [ 79.7348, 13.2777 ], [ 79.7348, 13.2786 ], [ 79.7347, 13.2789 ], [ 79.7345, 13.2792 ], [ 79.7341, 13.2799 ], [ 79.7339, 13.2802 ], [ 79.7337, 13.2806 ], [ 79.7332, 13.2813 ], [ 79.7331, 13.2816 ], [ 79.7329, 13.282 ], [ 79.7328, 13.2821 ], [ 79.7327, 13.2823 ], [ 79.7321, 13.2824 ], [ 79.7316, 13.2826 ], [ 79.7312, 13.2826 ], [ 79.731, 13.2827 ], [ 79.7308, 13.2828 ], [ 79.7307, 13.2829 ], [ 79.7307, 13.2829 ], [ 79.7307, 13.283 ], [ 79.7307, 13.2831 ], [ 79.7308, 13.2834 ], [ 79.7308, 13.2837 ], [ 79.731, 13.2843 ], [ 79.7312, 13.2847 ], [ 79.7316, 13.2852 ], [ 79.7318, 13.2856 ], [ 79.7319, 13.2858 ], [ 79.7324, 13.2865 ], [ 79.7325, 13.2867 ], [ 79.7326, 13.2869 ], [ 79.7331, 13.2877 ], [ 79.7332, 13.2878 ], [ 79.7333, 13.2882 ], [ 79.7336, 13.2886 ], [ 79.7337, 13.2888 ], [ 79.7338, 13.2889 ], [ 79.7339, 13.2889 ], [ 79.7341, 13.289 ], [ 79.7344, 13.2891 ], [ 79.7352, 13.2895 ], [ 79.7355, 13.2897 ], [ 79.7358, 13.2898 ], [ 79.7366, 13.2901 ], [ 79.7369, 13.2903 ], [ 79.7372, 13.2904 ], [ 79.738, 13.2908 ], [ 79.7383, 13.291 ], [ 79.7386, 13.2911 ], [ 79.7388, 13.2911 ], [ 79.7391, 13.2913 ], [ 79.7393, 13.2913 ], [ 79.7395, 13.2912 ], [ 79.7398, 13.291 ], [ 79.7406, 13.2905 ], [ 79.7409, 13.2904 ], [ 79.7412, 13.2902 ], [ 79.742, 13.2897 ], [ 79.7424, 13.2895 ], [ 79.7427, 13.2893 ], [ 79.7434, 13.2889 ], [ 79.7438, 13.2887 ], [ 79.744, 13.2886 ], [ 79.7441, 13.2886 ], [ 79.7443, 13.2886 ], [ 79.7443, 13.2886 ], [ 79.7448, 13.2889 ], [ 79.7451, 13.2891 ], [ 79.7454, 13.2893 ], [ 79.7461, 13.2897 ], [ 79.7464, 13.2899 ], [ 79.7467, 13.29 ], [ 79.7475, 13.2905 ], [ 79.7478, 13.2907 ], [ 79.7481, 13.2909 ], [ 79.7486, 13.2912 ], [ 79.7493, 13.2914 ], [ 79.7499, 13.2916 ], [ 79.7506, 13.2918 ], [ 79.751, 13.2918 ], [ 79.7521, 13.2917 ], [ 79.7524, 13.2917 ], [ 79.7527, 13.2919 ], [ 79.7531, 13.2923 ], [ 79.7535, 13.2926 ], [ 79.754, 13.2931 ], [ 79.7546, 13.2936 ], [ 79.755, 13.294 ], [ 79.7564, 13.2952 ], [ 79.7567, 13.2956 ], [ 79.7569, 13.2959 ], [ 79.7572, 13.2962 ], [ 79.7575, 13.2966 ], [ 79.7579, 13.2971 ], [ 79.7585, 13.2978 ], [ 79.7586, 13.2981 ], [ 79.7588, 13.2988 ], [ 79.7591, 13.2993 ], [ 79.7592, 13.2997 ], [ 79.7595, 13.3003 ], [ 79.7597, 13.3008 ], [ 79.7599, 13.3011 ], [ 79.7603, 13.3017 ], [ 79.7605, 13.302 ], [ 79.7604, 13.3029 ], [ 79.7603, 13.3035 ], [ 79.7604, 13.3041 ], [ 79.7605, 13.3049 ], [ 79.7605, 13.3055 ], [ 79.7607, 13.3062 ], [ 79.761, 13.307 ], [ 79.7612, 13.3076 ], [ 79.7614, 13.308 ], [ 79.7616, 13.3091 ], [ 79.7618, 13.3098 ], [ 79.7619, 13.3105 ], [ 79.762, 13.311 ], [ 79.7621, 13.312 ], [ 79.7623, 13.3136 ], [ 79.762, 13.3145 ], [ 79.7618, 13.3149 ], [ 79.7616, 13.3154 ], [ 79.7611, 13.3163 ], [ 79.761, 13.3168 ], [ 79.7606, 13.3176 ], [ 79.7604, 13.3179 ], [ 79.7604, 13.3185 ], [ 79.7604, 13.319 ], [ 79.762, 13.3183 ], [ 79.7632, 13.3177 ], [ 79.7643, 13.3171 ], [ 79.7651, 13.3165 ], [ 79.7658, 13.316 ], [ 79.7667, 13.3153 ], [ 79.7674, 13.3149 ], [ 79.7679, 13.3144 ], [ 79.7683, 13.3139 ], [ 79.7686, 13.3134 ], [ 79.7694, 13.3122 ], [ 79.7696, 13.312 ], [ 79.7696, 13.3111 ], [ 79.7697, 13.3105 ], [ 79.7698, 13.3099 ], [ 79.7704, 13.3098 ], [ 79.7712, 13.3096 ], [ 79.7718, 13.3094 ], [ 79.7727, 13.3092 ], [ 79.7732, 13.3086 ], [ 79.7736, 13.3082 ], [ 79.7743, 13.3075 ], [ 79.7747, 13.307 ], [ 79.775, 13.3067 ], [ 79.7752, 13.3065 ], [ 79.7755, 13.3064 ], [ 79.776, 13.3062 ], [ 79.7764, 13.3062 ], [ 79.7774, 13.3059 ], [ 79.7778, 13.306 ], [ 79.7787, 13.3064 ], [ 79.7799, 13.3069 ], [ 79.7803, 13.3067 ], [ 79.7806, 13.3065 ], [ 79.781, 13.3063 ], [ 79.7812, 13.306 ], [ 79.7813, 13.305 ], [ 79.7813, 13.3044 ], [ 79.7815, 13.3035 ], [ 79.7816, 13.3027 ], [ 79.7838, 13.3023 ], [ 79.7839, 13.3017 ], [ 79.7842, 13.3009 ], [ 79.7845, 13.3002 ], [ 79.7847, 13.2993 ], [ 79.7849, 13.2988 ], [ 79.7848, 13.2983 ], [ 79.7847, 13.2974 ], [ 79.7852, 13.2973 ], [ 79.7862, 13.2969 ], [ 79.7874, 13.2965 ], [ 79.7883, 13.2962 ], [ 79.7892, 13.2959 ], [ 79.7895, 13.2958 ], [ 79.7902, 13.2953 ], [ 79.7905, 13.295 ], [ 79.7911, 13.2945 ], [ 79.7916, 13.294 ], [ 79.7922, 13.2944 ], [ 79.7936, 13.2953 ], [ 79.7945, 13.2958 ], [ 79.7952, 13.2964 ], [ 79.7958, 13.2967 ], [ 79.7965, 13.2972 ], [ 79.7971, 13.2976 ], [ 79.7978, 13.298 ], [ 79.7981, 13.2984 ], [ 79.7988, 13.299 ], [ 79.8004, 13.3004 ], [ 79.8007, 13.3005 ], [ 79.8014, 13.3009 ], [ 79.8015, 13.3014 ], [ 79.8017, 13.3019 ], [ 79.8017, 13.3023 ], [ 79.8019, 13.3027 ], [ 79.8021, 13.303 ], [ 79.8022, 13.3034 ], [ 79.8024, 13.3036 ], [ 79.8032, 13.3044 ], [ 79.8032, 13.3044 ], [ 79.8035, 13.3047 ], [ 79.8037, 13.3051 ], [ 79.8038, 13.3061 ], [ 79.8038, 13.3062 ], [ 79.8039, 13.3064 ], [ 79.8042, 13.3067 ], [ 79.8047, 13.3072 ], [ 79.8049, 13.3077 ], [ 79.8049, 13.3081 ], [ 79.8049, 13.3085 ], [ 79.8047, 13.309 ], [ 79.8041, 13.3095 ], [ 79.8036, 13.3099 ], [ 79.8032, 13.3103 ], [ 79.8031, 13.3105 ], [ 79.8031, 13.3106 ], [ 79.8032, 13.3108 ], [ 79.8034, 13.3111 ], [ 79.8037, 13.3117 ], [ 79.804, 13.3122 ], [ 79.8041, 13.3125 ], [ 79.8045, 13.3128 ], [ 79.8051, 13.3132 ], [ 79.8054, 13.3133 ], [ 79.8059, 13.3134 ], [ 79.8067, 13.3135 ], [ 79.8069, 13.3135 ], [ 79.8074, 13.3136 ], [ 79.8078, 13.3138 ], [ 79.8079, 13.3141 ], [ 79.8081, 13.3145 ], [ 79.8084, 13.3149 ], [ 79.8086, 13.3154 ], [ 79.8087, 13.3158 ], [ 79.809, 13.3167 ], [ 79.8091, 13.3172 ], [ 79.8092, 13.3173 ], [ 79.8096, 13.3173 ], [ 79.8107, 13.3174 ], [ 79.8115, 13.3175 ], [ 79.812, 13.3176 ], [ 79.8126, 13.3177 ], [ 79.8133, 13.3178 ], [ 79.8136, 13.3179 ], [ 79.8144, 13.3181 ], [ 79.8149, 13.3183 ], [ 79.8151, 13.3184 ], [ 79.8159, 13.3187 ], [ 79.8165, 13.319 ], [ 79.8172, 13.3189 ], [ 79.8187, 13.3187 ], [ 79.8204, 13.3184 ], [ 79.8214, 13.3183 ], [ 79.8223, 13.3183 ], [ 79.8229, 13.3182 ], [ 79.8239, 13.3181 ], [ 79.8244, 13.3181 ], [ 79.8254, 13.318 ], [ 79.827, 13.3179 ], [ 79.8274, 13.3179 ], [ 79.8278, 13.3179 ], [ 79.8284, 13.3179 ], [ 79.829, 13.3179 ], [ 79.8296, 13.3175 ], [ 79.8306, 13.317 ], [ 79.8315, 13.3165 ], [ 79.8333, 13.3159 ], [ 79.834, 13.3156 ], [ 79.8347, 13.3153 ], [ 79.8349, 13.3156 ], [ 79.835, 13.3159 ], [ 79.8351, 13.3161 ], [ 79.8352, 13.3162 ], [ 79.8355, 13.3163 ], [ 79.8358, 13.3163 ], [ 79.8364, 13.3163 ], [ 79.8373, 13.3164 ], [ 79.8385, 13.3164 ], [ 79.8389, 13.3164 ], [ 79.84, 13.3163 ], [ 79.8404, 13.3162 ], [ 79.8408, 13.3162 ], [ 79.8412, 13.3162 ], [ 79.8414, 13.3162 ], [ 79.8414, 13.3163 ], [ 79.8415, 13.3165 ], [ 79.8416, 13.3166 ], [ 79.8417, 13.3166 ], [ 79.8423, 13.3167 ], [ 79.843, 13.3167 ], [ 79.8434, 13.3165 ], [ 79.8445, 13.3163 ], [ 79.8453, 13.3162 ], [ 79.8463, 13.316 ], [ 79.8472, 13.316 ], [ 79.8474, 13.3162 ], [ 79.8474, 13.3164 ], [ 79.8477, 13.3166 ], [ 79.8486, 13.3173 ], [ 79.8491, 13.3172 ], [ 79.8495, 13.317 ], [ 79.8497, 13.3166 ], [ 79.8498, 13.3164 ], [ 79.8502, 13.3164 ], [ 79.8503, 13.3166 ], [ 79.8506, 13.3167 ], [ 79.8511, 13.3165 ], [ 79.8515, 13.3164 ], [ 79.8519, 13.3164 ], [ 79.8524, 13.3166 ], [ 79.8531, 13.3169 ], [ 79.8537, 13.317 ], [ 79.8537, 13.3173 ], [ 79.8538, 13.3178 ], [ 79.8537, 13.3184 ], [ 79.8537, 13.3189 ], [ 79.8538, 13.3193 ], [ 79.8538, 13.3201 ], [ 79.8538, 13.3206 ], [ 79.8554, 13.3206 ], [ 79.8558, 13.3205 ], [ 79.8573, 13.3202 ], [ 79.8576, 13.3199 ], [ 79.8582, 13.3196 ], [ 79.8585, 13.3191 ], [ 79.859, 13.3189 ], [ 79.8596, 13.3187 ], [ 79.86, 13.3185 ], [ 79.8605, 13.3182 ], [ 79.861, 13.3179 ], [ 79.8624, 13.3171 ], [ 79.863, 13.3175 ], [ 79.8638, 13.3179 ], [ 79.8639, 13.3184 ], [ 79.8639, 13.3188 ], [ 79.864, 13.3189 ], [ 79.8641, 13.3192 ], [ 79.8643, 13.3203 ], [ 79.8644, 13.3207 ], [ 79.8648, 13.3218 ], [ 79.8649, 13.3222 ], [ 79.8653, 13.3232 ], [ 79.8658, 13.3246 ], [ 79.866, 13.325 ], [ 79.8665, 13.3263 ], [ 79.867, 13.3273 ], [ 79.8672, 13.3277 ], [ 79.8676, 13.3288 ], [ 79.8677, 13.3292 ], [ 79.868, 13.3303 ], [ 79.8682, 13.3315 ], [ 79.8683, 13.3318 ], [ 79.8683, 13.3321 ], [ 79.8693, 13.3317 ], [ 79.8697, 13.3315 ], [ 79.8704, 13.3307 ], [ 79.8714, 13.3294 ], [ 79.8721, 13.3286 ], [ 79.8727, 13.328 ], [ 79.8734, 13.3274 ], [ 79.8738, 13.3271 ], [ 79.8746, 13.3263 ], [ 79.8749, 13.326 ], [ 79.8753, 13.3257 ], [ 79.8758, 13.3255 ], [ 79.8759, 13.3255 ], [ 79.876, 13.3255 ], [ 79.8775, 13.3249 ], [ 79.8785, 13.3244 ], [ 79.879, 13.3242 ], [ 79.8795, 13.3242 ], [ 79.8795, 13.3242 ], [ 79.8806, 13.3246 ], [ 79.881, 13.3248 ], [ 79.8815, 13.3245 ], [ 79.8821, 13.3238 ], [ 79.8827, 13.3234 ], [ 79.8829, 13.3233 ], [ 79.8829, 13.3236 ], [ 79.8829, 13.3239 ], [ 79.8829, 13.324 ], [ 79.8828, 13.3248 ], [ 79.8827, 13.3254 ], [ 79.8826, 13.3265 ], [ 79.8825, 13.3268 ], [ 79.8824, 13.3281 ], [ 79.8822, 13.3284 ], [ 79.8822, 13.3287 ], [ 79.8825, 13.3294 ], [ 79.8825, 13.3296 ], [ 79.8826, 13.3301 ], [ 79.8827, 13.3308 ], [ 79.8829, 13.3309 ], [ 79.8831, 13.3309 ], [ 79.8831, 13.331 ], [ 79.8831, 13.3314 ], [ 79.883, 13.3323 ], [ 79.8823, 13.3335 ], [ 79.8824, 13.3341 ], [ 79.8834, 13.3342 ], [ 79.8842, 13.3346 ], [ 79.8851, 13.3347 ], [ 79.8921, 13.3352 ], [ 79.8932, 13.3354 ], [ 79.8945, 13.3361 ], [ 79.8955, 13.3366 ], [ 79.896, 13.3368 ], [ 79.8968, 13.3373 ], [ 79.8973, 13.3376 ], [ 79.8978, 13.3379 ], [ 79.8987, 13.3386 ], [ 79.8999, 13.3393 ], [ 79.9009, 13.3397 ], [ 79.9013, 13.3399 ], [ 79.9029, 13.3402 ], [ 79.9039, 13.3403 ], [ 79.9039, 13.3404 ], [ 79.904, 13.3407 ], [ 79.9041, 13.3411 ], [ 79.9043, 13.3419 ], [ 79.9044, 13.3421 ], [ 79.9044, 13.3433 ], [ 79.9044, 13.3436 ], [ 79.9044, 13.3439 ], [ 79.9046, 13.3441 ], [ 79.905, 13.3439 ], [ 79.9054, 13.3439 ], [ 79.9063, 13.3443 ], [ 79.9068, 13.3446 ], [ 79.9079, 13.3452 ], [ 79.9081, 13.3455 ], [ 79.909, 13.346 ], [ 79.9105, 13.3469 ], [ 79.9109, 13.3471 ], [ 79.9118, 13.3475 ], [ 79.9123, 13.3477 ], [ 79.9133, 13.3479 ], [ 79.9137, 13.3479 ], [ 79.9144, 13.348 ], [ 79.9145, 13.3481 ], [ 79.9146, 13.3483 ], [ 79.9146, 13.3485 ], [ 79.9146, 13.3487 ], [ 79.9145, 13.3492 ], [ 79.9145, 13.3497 ], [ 79.9146, 13.3501 ], [ 79.9142, 13.351 ], [ 79.9141, 13.3512 ], [ 79.9141, 13.3515 ], [ 79.914, 13.3518 ], [ 79.9138, 13.3521 ], [ 79.9136, 13.3523 ], [ 79.9132, 13.3525 ], [ 79.9131, 13.3527 ], [ 79.9133, 13.353 ], [ 79.9137, 13.3539 ], [ 79.9138, 13.3543 ], [ 79.9138, 13.3546 ], [ 79.9139, 13.3547 ], [ 79.9142, 13.3547 ], [ 79.9144, 13.3547 ], [ 79.9146, 13.3548 ], [ 79.9148, 13.3554 ], [ 79.9151, 13.3559 ], [ 79.9155, 13.3565 ], [ 79.9157, 13.357 ], [ 79.916, 13.3574 ], [ 79.9162, 13.3579 ], [ 79.9163, 13.3584 ], [ 79.9162, 13.3585 ], [ 79.9157, 13.3585 ], [ 79.9152, 13.3584 ], [ 79.9151, 13.3584 ], [ 79.915, 13.3586 ], [ 79.915, 13.3589 ], [ 79.9151, 13.3593 ], [ 79.9153, 13.3604 ], [ 79.9154, 13.3604 ], [ 79.9157, 13.3602 ], [ 79.9164, 13.3601 ], [ 79.9171, 13.36 ], [ 79.9179, 13.3598 ], [ 79.9185, 13.3597 ], [ 79.9193, 13.3596 ], [ 79.9201, 13.3594 ], [ 79.9211, 13.3592 ], [ 79.9216, 13.3591 ], [ 79.9221, 13.3589 ], [ 79.9231, 13.3585 ], [ 79.9242, 13.358 ], [ 79.9253, 13.3576 ], [ 79.927, 13.357 ], [ 79.9277, 13.3568 ], [ 79.9287, 13.3563 ], [ 79.9293, 13.3559 ], [ 79.9298, 13.3554 ], [ 79.9301, 13.3549 ], [ 79.9303, 13.3541 ], [ 79.9308, 13.3528 ], [ 79.9312, 13.3518 ], [ 79.9313, 13.3515 ], [ 79.9317, 13.3514 ], [ 79.9327, 13.3512 ], [ 79.9329, 13.3517 ], [ 79.9331, 13.3526 ], [ 79.9332, 13.3532 ], [ 79.9333, 13.3535 ], [ 79.9333, 13.3535 ], [ 79.9337, 13.3535 ], [ 79.9348, 13.3533 ], [ 79.9352, 13.3534 ], [ 79.9352, 13.354 ], [ 79.9351, 13.3551 ], [ 79.9351, 13.3555 ], [ 79.9354, 13.3556 ], [ 79.9362, 13.3555 ], [ 79.937, 13.3556 ], [ 79.9373, 13.3557 ], [ 79.9375, 13.356 ], [ 79.9384, 13.357 ], [ 79.9391, 13.358 ], [ 79.94, 13.3592 ], [ 79.9402, 13.3595 ], [ 79.9408, 13.3605 ], [ 79.941, 13.3608 ], [ 79.9411, 13.3611 ], [ 79.9412, 13.3617 ], [ 79.9416, 13.3618 ], [ 79.9423, 13.3618 ], [ 79.9427, 13.3618 ], [ 79.9425, 13.3622 ], [ 79.9422, 13.3626 ], [ 79.9422, 13.3634 ], [ 79.9422, 13.364 ], [ 79.9429, 13.364 ], [ 79.9447, 13.3641 ], [ 79.9458, 13.3642 ], [ 79.9458, 13.3647 ], [ 79.9459, 13.3652 ], [ 79.946, 13.3665 ], [ 79.946, 13.3669 ], [ 79.9457, 13.3671 ], [ 79.9456, 13.3674 ], [ 79.9453, 13.3675 ], [ 79.9455, 13.3681 ], [ 79.9458, 13.3686 ], [ 79.9463, 13.3686 ], [ 79.9465, 13.3692 ], [ 79.9467, 13.37 ], [ 79.9469, 13.3707 ], [ 79.9473, 13.3721 ], [ 79.9477, 13.3733 ], [ 79.9477, 13.3736 ], [ 79.9478, 13.3741 ], [ 79.948, 13.3746 ], [ 79.9483, 13.3747 ], [ 79.9484, 13.3751 ], [ 79.9486, 13.3753 ], [ 79.949, 13.3753 ], [ 79.9491, 13.3757 ], [ 79.9491, 13.376 ], [ 79.9484, 13.376 ], [ 79.9485, 13.3766 ], [ 79.9487, 13.377 ], [ 79.9492, 13.3769 ], [ 79.9491, 13.3777 ], [ 79.9487, 13.3777 ], [ 79.9483, 13.3775 ], [ 79.9483, 13.3779 ], [ 79.9483, 13.3784 ], [ 79.9479, 13.3786 ], [ 79.9475, 13.3787 ], [ 79.9472, 13.379 ], [ 79.9469, 13.3796 ], [ 79.9461, 13.3809 ], [ 79.9465, 13.3813 ], [ 79.947, 13.3817 ], [ 79.9476, 13.3819 ], [ 79.9478, 13.3819 ], [ 79.9481, 13.382 ], [ 79.9484, 13.3825 ], [ 79.9484, 13.3827 ], [ 79.9486, 13.3832 ], [ 79.9488, 13.3825 ], [ 79.949, 13.382 ], [ 79.9491, 13.3816 ], [ 79.9494, 13.3812 ], [ 79.9498, 13.3803 ], [ 79.95, 13.38 ], [ 79.9504, 13.3794 ], [ 79.9507, 13.3791 ], [ 79.9512, 13.3788 ], [ 79.952, 13.3784 ], [ 79.9527, 13.378 ], [ 79.9532, 13.3777 ], [ 79.9536, 13.3775 ], [ 79.9547, 13.3778 ], [ 79.9556, 13.3781 ], [ 79.9562, 13.3783 ], [ 79.9571, 13.3785 ], [ 79.9575, 13.3786 ], [ 79.958, 13.3788 ], [ 79.958, 13.3789 ], [ 79.9582, 13.379 ], [ 79.9582, 13.3793 ], [ 79.9583, 13.3796 ], [ 79.9584, 13.3799 ], [ 79.9585, 13.3803 ], [ 79.9585, 13.3807 ], [ 79.9586, 13.3809 ], [ 79.9586, 13.381 ], [ 79.9589, 13.3812 ], [ 79.959, 13.3813 ], [ 79.9593, 13.3816 ], [ 79.9596, 13.382 ], [ 79.9599, 13.3823 ], [ 79.9601, 13.3829 ], [ 79.9603, 13.3836 ], [ 79.9608, 13.3848 ], [ 79.9609, 13.3851 ], [ 79.9614, 13.3859 ], [ 79.9617, 13.3864 ], [ 79.962, 13.3869 ], [ 79.962, 13.3874 ], [ 79.9621, 13.3879 ], [ 79.9621, 13.3884 ], [ 79.9622, 13.3885 ], [ 79.9624, 13.3886 ], [ 79.9625, 13.3886 ], [ 79.9626, 13.3887 ], [ 79.9627, 13.389 ], [ 79.9628, 13.3896 ], [ 79.9628, 13.3904 ], [ 79.9631, 13.3917 ], [ 79.9631, 13.3921 ], [ 79.9632, 13.3934 ], [ 79.9631, 13.3936 ], [ 79.9624, 13.3944 ], [ 79.9622, 13.3946 ], [ 79.9621, 13.3948 ], [ 79.962, 13.3955 ], [ 79.9617, 13.3956 ], [ 79.9612, 13.3957 ], [ 79.9607, 13.3959 ], [ 79.9603, 13.3959 ], [ 79.9601, 13.396 ], [ 79.9599, 13.396 ], [ 79.9594, 13.3961 ], [ 79.9587, 13.3962 ], [ 79.958, 13.3965 ], [ 79.9573, 13.3966 ], [ 79.9563, 13.3968 ], [ 79.9557, 13.3968 ], [ 79.9545, 13.3969 ], [ 79.9541, 13.3969 ], [ 79.9527, 13.3969 ], [ 79.952, 13.3968 ], [ 79.9505, 13.3966 ], [ 79.9497, 13.3965 ], [ 79.9483, 13.3962 ], [ 79.9472, 13.3963 ], [ 79.9468, 13.3965 ], [ 79.9456, 13.3962 ], [ 79.9447, 13.3965 ], [ 79.9441, 13.3966 ], [ 79.9443, 13.3973 ], [ 79.9442, 13.3977 ], [ 79.9437, 13.3981 ], [ 79.9433, 13.3986 ], [ 79.943, 13.3994 ], [ 79.9427, 13.3998 ], [ 79.9425, 13.3999 ], [ 79.9423, 13.4 ], [ 79.9419, 13.4 ], [ 79.9416, 13.4001 ], [ 79.9418, 13.4006 ], [ 79.9422, 13.4011 ], [ 79.9427, 13.4019 ], [ 79.943, 13.4025 ], [ 79.9435, 13.4033 ], [ 79.9438, 13.4037 ], [ 79.9443, 13.4046 ], [ 79.9444, 13.405 ], [ 79.9444, 13.4055 ], [ 79.9449, 13.4061 ], [ 79.9458, 13.4073 ], [ 79.9453, 13.4074 ], [ 79.945, 13.4075 ], [ 79.9448, 13.4075 ], [ 79.9446, 13.4076 ], [ 79.9441, 13.4077 ], [ 79.9441, 13.4078 ], [ 79.9441, 13.4082 ], [ 79.9438, 13.4084 ], [ 79.9436, 13.4084 ], [ 79.9432, 13.4085 ], [ 79.9429, 13.4086 ], [ 79.9429, 13.4089 ], [ 79.9428, 13.4093 ], [ 79.9424, 13.4095 ], [ 79.9419, 13.4095 ], [ 79.9418, 13.4097 ], [ 79.9419, 13.4101 ], [ 79.9421, 13.4105 ], [ 79.9426, 13.4105 ], [ 79.9426, 13.4111 ], [ 79.9426, 13.4115 ], [ 79.9426, 13.412 ], [ 79.9426, 13.4122 ], [ 79.9424, 13.4122 ], [ 79.9418, 13.4122 ], [ 79.9415, 13.4123 ], [ 79.9411, 13.4123 ], [ 79.9404, 13.4123 ], [ 79.94, 13.4124 ], [ 79.939, 13.4124 ], [ 79.9384, 13.4125 ], [ 79.9383, 13.413 ], [ 79.9382, 13.4134 ], [ 79.9382, 13.4139 ], [ 79.9381, 13.4144 ], [ 79.938, 13.4148 ], [ 79.9375, 13.4153 ], [ 79.9372, 13.4156 ], [ 79.9362, 13.4159 ], [ 79.9353, 13.416 ], [ 79.9345, 13.4163 ], [ 79.9352, 13.4165 ], [ 79.9362, 13.4165 ], [ 79.9369, 13.4165 ], [ 79.9382, 13.4164 ], [ 79.9391, 13.4163 ], [ 79.9398, 13.4162 ], [ 79.9401, 13.4164 ], [ 79.9407, 13.4166 ], [ 79.9412, 13.4166 ], [ 79.9417, 13.4166 ], [ 79.9418, 13.4173 ], [ 79.9419, 13.4179 ], [ 79.9419, 13.4183 ], [ 79.9418, 13.4193 ], [ 79.9416, 13.4194 ], [ 79.9415, 13.4196 ], [ 79.9415, 13.4196 ], [ 79.9416, 13.4199 ], [ 79.9416, 13.4201 ], [ 79.9417, 13.4213 ], [ 79.9417, 13.4219 ], [ 79.9416, 13.4222 ], [ 79.9416, 13.4226 ], [ 79.9412, 13.4231 ], [ 79.941, 13.4233 ], [ 79.9406, 13.4235 ], [ 79.9401, 13.4239 ], [ 79.9398, 13.4242 ], [ 79.9407, 13.4245 ], [ 79.9412, 13.4246 ], [ 79.9427, 13.4249 ], [ 79.9437, 13.4248 ], [ 79.9443, 13.4247 ], [ 79.945, 13.4247 ], [ 79.9467, 13.4249 ], [ 79.9473, 13.425 ], [ 79.9479, 13.425 ], [ 79.9484, 13.425 ], [ 79.9488, 13.4249 ], [ 79.9488, 13.4244 ], [ 79.9488, 13.4242 ], [ 79.9492, 13.4241 ], [ 79.9496, 13.4241 ], [ 79.9502, 13.4241 ], [ 79.9512, 13.424 ], [ 79.9516, 13.424 ], [ 79.9518, 13.4242 ], [ 79.9521, 13.4244 ], [ 79.9524, 13.4248 ], [ 79.953, 13.4253 ], [ 79.9536, 13.4254 ], [ 79.9549, 13.4253 ], [ 79.9553, 13.4253 ], [ 79.9558, 13.4251 ], [ 79.9563, 13.4249 ], [ 79.9563, 13.4246 ], [ 79.956, 13.4234 ], [ 79.9558, 13.4231 ], [ 79.9556, 13.4222 ], [ 79.9561, 13.4221 ], [ 79.9571, 13.4221 ], [ 79.9575, 13.422 ], [ 79.9579, 13.422 ], [ 79.9581, 13.423 ], [ 79.9582, 13.4231 ], [ 79.9596, 13.423 ], [ 79.9607, 13.423 ], [ 79.9611, 13.423 ], [ 79.9621, 13.4231 ], [ 79.9627, 13.4233 ], [ 79.9629, 13.4239 ], [ 79.9629, 13.4242 ], [ 79.963, 13.4243 ], [ 79.9633, 13.4245 ], [ 79.9641, 13.4246 ], [ 79.9648, 13.4247 ], [ 79.965, 13.4249 ], [ 79.9651, 13.4254 ], [ 79.9652, 13.4259 ], [ 79.9655, 13.4262 ], [ 79.966, 13.4266 ], [ 79.9667, 13.4271 ], [ 79.9675, 13.4271 ], [ 79.9683, 13.427 ], [ 79.9689, 13.4273 ], [ 79.9692, 13.4272 ], [ 79.9695, 13.4272 ], [ 79.9698, 13.4271 ], [ 79.9702, 13.427 ], [ 79.9702, 13.427 ], [ 79.9703, 13.4271 ], [ 79.9705, 13.4274 ], [ 79.9706, 13.4277 ], [ 79.9707, 13.4279 ], [ 79.9712, 13.4283 ], [ 79.9719, 13.4286 ], [ 79.9726, 13.4289 ], [ 79.973, 13.429 ], [ 79.9733, 13.4293 ], [ 79.9735, 13.4297 ], [ 79.9735, 13.4298 ], [ 79.9736, 13.4305 ], [ 79.9733, 13.4309 ], [ 79.973, 13.4311 ], [ 79.973, 13.4314 ], [ 79.9732, 13.4317 ], [ 79.9733, 13.4318 ], [ 79.9736, 13.432 ], [ 79.9736, 13.4328 ], [ 79.9731, 13.4331 ], [ 79.9727, 13.4332 ], [ 79.9725, 13.4333 ], [ 79.9726, 13.4337 ], [ 79.9728, 13.434 ], [ 79.9731, 13.4345 ], [ 79.9732, 13.4348 ], [ 79.9735, 13.4355 ], [ 79.9735, 13.4357 ], [ 79.9733, 13.4363 ], [ 79.9731, 13.4364 ], [ 79.9729, 13.4367 ], [ 79.9727, 13.4372 ], [ 79.9725, 13.4377 ], [ 79.9726, 13.4381 ], [ 79.9728, 13.4389 ], [ 79.9729, 13.4396 ], [ 79.9731, 13.4399 ], [ 79.973, 13.44 ], [ 79.9729, 13.44 ], [ 79.9728, 13.44 ], [ 79.9726, 13.4399 ], [ 79.9725, 13.4399 ], [ 79.9723, 13.44 ], [ 79.9722, 13.4401 ], [ 79.9721, 13.4403 ], [ 79.972, 13.4403 ], [ 79.9716, 13.4402 ], [ 79.9713, 13.4401 ], [ 79.9712, 13.4402 ], [ 79.9712, 13.4404 ], [ 79.9714, 13.4408 ], [ 79.9717, 13.4412 ], [ 79.9719, 13.4417 ], [ 79.9723, 13.4422 ], [ 79.9724, 13.4426 ], [ 79.9724, 13.4429 ], [ 79.9723, 13.4432 ], [ 79.9722, 13.4435 ], [ 79.9722, 13.4438 ], [ 79.9721, 13.444 ], [ 79.9721, 13.4442 ], [ 79.9721, 13.4445 ], [ 79.9723, 13.4453 ], [ 79.9726, 13.446 ], [ 79.9728, 13.4465 ], [ 79.9729, 13.4467 ], [ 79.9728, 13.4469 ], [ 79.9727, 13.447 ], [ 79.9727, 13.4473 ], [ 79.9727, 13.4476 ], [ 79.9727, 13.4477 ], [ 79.9728, 13.448 ], [ 79.9726, 13.4485 ], [ 79.9726, 13.4492 ], [ 79.9728, 13.4496 ], [ 79.9729, 13.45 ], [ 79.973, 13.4506 ], [ 79.973, 13.4506 ], [ 79.973, 13.451 ], [ 79.9728, 13.4511 ], [ 79.9727, 13.4512 ], [ 79.9726, 13.4513 ], [ 79.9726, 13.4515 ], [ 79.9726, 13.4519 ], [ 79.9726, 13.4521 ], [ 79.9726, 13.4533 ], [ 79.9726, 13.4539 ], [ 79.9725, 13.4546 ], [ 79.9725, 13.4555 ], [ 79.9725, 13.4565 ], [ 79.9725, 13.4569 ], [ 79.9725, 13.4573 ], [ 79.9726, 13.4589 ], [ 79.9726, 13.4595 ], [ 79.9724, 13.4598 ], [ 79.9723, 13.4603 ], [ 79.9724, 13.4609 ], [ 79.9725, 13.4613 ], [ 79.9725, 13.4618 ], [ 79.9726, 13.4627 ], [ 79.9726, 13.4639 ], [ 79.9727, 13.4642 ], [ 79.972, 13.465 ], [ 79.9718, 13.4652 ], [ 79.9719, 13.4656 ], [ 79.9721, 13.4667 ], [ 79.9722, 13.4671 ], [ 79.9725, 13.4685 ], [ 79.9725, 13.4689 ], [ 79.9729, 13.4691 ], [ 79.9745, 13.4695 ], [ 79.9748, 13.4696 ], [ 79.9763, 13.4698 ], [ 79.9777, 13.4701 ], [ 79.9805, 13.4707 ], [ 79.982, 13.4707 ], [ 79.9823, 13.4706 ], [ 79.9824, 13.4708 ], [ 79.9826, 13.4711 ], [ 79.9831, 13.4727 ], [ 79.9834, 13.4748 ], [ 79.9835, 13.4756 ], [ 79.9837, 13.4771 ], [ 79.984, 13.4787 ], [ 79.984, 13.4794 ], [ 79.9845, 13.4793 ], [ 79.9858, 13.479 ], [ 79.9863, 13.4788 ], [ 79.9872, 13.4787 ], [ 79.9874, 13.4786 ], [ 79.9874, 13.4791 ], [ 79.9875, 13.4798 ], [ 79.9875, 13.4799 ], [ 79.9875, 13.4805 ], [ 79.9876, 13.4809 ], [ 79.9871, 13.4808 ], [ 79.9871, 13.4813 ], [ 79.9872, 13.4817 ], [ 79.9873, 13.4823 ], [ 79.9873, 13.4828 ], [ 79.9875, 13.4832 ], [ 79.9882, 13.4841 ], [ 79.9883, 13.4842 ], [ 79.9888, 13.4848 ], [ 79.9891, 13.4853 ], [ 79.9892, 13.4854 ], [ 79.9896, 13.4857 ], [ 79.9905, 13.486 ], [ 79.9915, 13.4863 ], [ 79.9919, 13.4865 ], [ 79.9931, 13.4868 ], [ 79.9937, 13.4869 ], [ 79.9948, 13.4872 ], [ 79.9954, 13.4877 ], [ 79.9959, 13.4881 ], [ 79.9967, 13.4882 ], [ 79.9973, 13.4888 ], [ 79.9976, 13.4896 ], [ 79.9979, 13.49 ], [ 79.9986, 13.4911 ], [ 79.9992, 13.4915 ], [ 80.0005, 13.4915 ], [ 80.0011, 13.4915 ], [ 80.0014, 13.4914 ], [ 80.0019, 13.4918 ], [ 80.0031, 13.4926 ], [ 80.0045, 13.4933 ], [ 80.0049, 13.4935 ], [ 80.005, 13.4945 ], [ 80.005, 13.4951 ], [ 80.007, 13.4956 ], [ 80.0092, 13.4961 ], [ 80.0107, 13.4966 ], [ 80.0116, 13.4968 ], [ 80.0117, 13.4961 ], [ 80.0118, 13.4944 ], [ 80.0121, 13.4915 ], [ 80.0124, 13.4888 ], [ 80.0119, 13.4887 ], [ 80.0115, 13.4889 ], [ 80.0118, 13.4878 ], [ 80.0118, 13.4877 ], [ 80.012, 13.487 ], [ 80.0122, 13.4864 ], [ 80.0123, 13.4859 ], [ 80.0125, 13.4858 ], [ 80.0133, 13.4867 ], [ 80.0139, 13.4876 ], [ 80.0145, 13.4883 ], [ 80.0147, 13.4886 ], [ 80.0148, 13.489 ], [ 80.015, 13.49 ], [ 80.015, 13.4905 ], [ 80.0148, 13.4913 ], [ 80.0144, 13.4928 ], [ 80.014, 13.4943 ], [ 80.0135, 13.4954 ], [ 80.0135, 13.4958 ], [ 80.0134, 13.4973 ], [ 80.0133, 13.4979 ], [ 80.0148, 13.4978 ], [ 80.015, 13.4979 ], [ 80.015, 13.4984 ], [ 80.0153, 13.4988 ], [ 80.0156, 13.4998 ], [ 80.0164, 13.4999 ], [ 80.018, 13.4997 ], [ 80.021, 13.4994 ], [ 80.0234, 13.4991 ], [ 80.0249, 13.4989 ], [ 80.0279, 13.4985 ], [ 80.0283, 13.4984 ], [ 80.0294, 13.4984 ], [ 80.0325, 13.4983 ], [ 80.0355, 13.4983 ], [ 80.0362, 13.4981 ], [ 80.0366, 13.4981 ], [ 80.0369, 13.4979 ], [ 80.0383, 13.4975 ], [ 80.0398, 13.4969 ], [ 80.0412, 13.4964 ], [ 80.0425, 13.496 ], [ 80.0441, 13.4955 ], [ 80.0444, 13.4953 ], [ 80.0446, 13.4954 ], [ 80.0446, 13.4954 ], [ 80.0457, 13.4953 ], [ 80.0463, 13.4951 ], [ 80.0465, 13.4958 ], [ 80.0469, 13.4976 ], [ 80.0472, 13.5002 ], [ 80.0472, 13.5013 ], [ 80.0473, 13.5022 ], [ 80.0478, 13.5071 ], [ 80.0481, 13.5103 ], [ 80.0484, 13.5118 ], [ 80.0484, 13.5122 ], [ 80.0481, 13.5125 ], [ 80.0465, 13.5135 ], [ 80.0445, 13.5145 ], [ 80.0415, 13.5159 ], [ 80.0386, 13.5171 ], [ 80.0368, 13.5177 ], [ 80.0359, 13.5181 ], [ 80.0355, 13.5183 ], [ 80.035, 13.5181 ], [ 80.0336, 13.5175 ], [ 80.0311, 13.5163 ], [ 80.0298, 13.5153 ], [ 80.0272, 13.5137 ], [ 80.0266, 13.5142 ], [ 80.0251, 13.5152 ], [ 80.0239, 13.5165 ], [ 80.0231, 13.5174 ], [ 80.0216, 13.518 ], [ 80.0209, 13.5184 ], [ 80.0199, 13.5189 ], [ 80.0195, 13.5192 ], [ 80.0193, 13.5199 ], [ 80.0189, 13.5211 ], [ 80.0183, 13.5233 ], [ 80.018, 13.5255 ], [ 80.0177, 13.5271 ], [ 80.0176, 13.5283 ], [ 80.0177, 13.5295 ], [ 80.0169, 13.5295 ], [ 80.0136, 13.5281 ], [ 80.0109, 13.5268 ], [ 80.008, 13.5258 ], [ 80.0069, 13.5256 ], [ 80.0052, 13.5255 ], [ 80.002, 13.5256 ], [ 80.0005, 13.5257 ], [ 80.0003, 13.5284 ], [ 80.0002, 13.5291 ], [ 79.9997, 13.5311 ], [ 79.9994, 13.5326 ], [ 79.9986, 13.5342 ], [ 79.9997, 13.5423 ], [ 80.0005, 13.5422 ], [ 80.0008, 13.5423 ], [ 80.0011, 13.5425 ], [ 80.0019, 13.5432 ], [ 80.0035, 13.5444 ], [ 80.0043, 13.5448 ], [ 80.0055, 13.5452 ], [ 80.0078, 13.5454 ], [ 80.0103, 13.546 ], [ 80.0117, 13.5465 ], [ 80.0134, 13.5471 ], [ 80.0151, 13.5472 ], [ 80.0169, 13.5472 ], [ 80.0187, 13.5469 ], [ 80.0202, 13.5464 ], [ 80.0211, 13.5455 ], [ 80.0218, 13.5449 ], [ 80.0233, 13.546 ], [ 80.0237, 13.5461 ], [ 80.024, 13.546 ], [ 80.0246, 13.5451 ], [ 80.0257, 13.5431 ], [ 80.0262, 13.5423 ], [ 80.0269, 13.5412 ], [ 80.028, 13.5394 ], [ 80.0284, 13.5388 ], [ 80.029, 13.5388 ], [ 80.0318, 13.5384 ], [ 80.0342, 13.5383 ], [ 80.0346, 13.5383 ], [ 80.0355, 13.5384 ], [ 80.0355, 13.5384 ], [ 80.0362, 13.5385 ], [ 80.038, 13.539 ], [ 80.0381, 13.539 ], [ 80.0398, 13.539 ], [ 80.0411, 13.5387 ], [ 80.0425, 13.5376 ], [ 80.0431, 13.5374 ], [ 80.0453, 13.5375 ], [ 80.0467, 13.5375 ], [ 80.0501, 13.5372 ], [ 80.0539, 13.5368 ], [ 80.0569, 13.5366 ], [ 80.058, 13.5394 ], [ 80.0598, 13.5424 ], [ 80.0611, 13.5439 ], [ 80.0628, 13.5453 ], [ 80.0641, 13.5456 ], [ 80.0649, 13.5455 ], [ 80.0659, 13.5451 ], [ 80.0673, 13.5444 ], [ 80.0684, 13.5446 ], [ 80.0715, 13.5455 ], [ 80.076, 13.5466 ], [ 80.0784, 13.5476 ], [ 80.0795, 13.5484 ], [ 80.0813, 13.5497 ], [ 80.0838, 13.5447 ], [ 80.0861, 13.5406 ], [ 80.0878, 13.5373 ], [ 80.0886, 13.5354 ], [ 80.0863, 13.5346 ], [ 80.0844, 13.5337 ], [ 80.0829, 13.5328 ], [ 80.082, 13.532 ], [ 80.0814, 13.5311 ], [ 80.0797, 13.5288 ], [ 80.0789, 13.5279 ], [ 80.0774, 13.527 ], [ 80.0771, 13.5268 ], [ 80.0771, 13.5263 ], [ 80.0771, 13.5244 ], [ 80.077, 13.5199 ], [ 80.0768, 13.5174 ], [ 80.0766, 13.5136 ], [ 80.0768, 13.5072 ], [ 80.0768, 13.5051 ], [ 80.0768, 13.5038 ], [ 80.077, 13.5013 ], [ 80.0772, 13.5002 ], [ 80.0772, 13.4985 ], [ 80.0772, 13.496 ], [ 80.0772, 13.4955 ], [ 80.0774, 13.4947 ], [ 80.078, 13.4927 ], [ 80.0781, 13.492 ], [ 80.0782, 13.4912 ], [ 80.0782, 13.4907 ], [ 80.0781, 13.4901 ], [ 80.0782, 13.4898 ], [ 80.0782, 13.4888 ], [ 80.0789, 13.4887 ], [ 80.0809, 13.4885 ], [ 80.0831, 13.4884 ], [ 80.0846, 13.4882 ], [ 80.0885, 13.4879 ], [ 80.0908, 13.4879 ], [ 80.0923, 13.4878 ], [ 80.094, 13.4878 ], [ 80.0969, 13.4877 ], [ 80.0982, 13.4877 ], [ 80.0992, 13.4876 ], [ 80.0994, 13.4875 ], [ 80.1031, 13.4869 ], [ 80.1009, 13.4898 ], [ 80.1038, 13.4922 ], [ 80.1052, 13.4933 ], [ 80.1058, 13.4914 ], [ 80.106, 13.491 ], [ 80.1064, 13.4899 ], [ 80.1073, 13.4893 ], [ 80.1082, 13.4889 ], [ 80.1089, 13.4896 ], [ 80.11, 13.4907 ], [ 80.111, 13.4919 ], [ 80.1111, 13.4921 ], [ 80.1112, 13.4922 ], [ 80.1115, 13.4933 ], [ 80.1117, 13.4944 ], [ 80.112, 13.4959 ], [ 80.1123, 13.4972 ], [ 80.1128, 13.4985 ], [ 80.1128, 13.4991 ], [ 80.1126, 13.4997 ], [ 80.1122, 13.5004 ], [ 80.112, 13.5006 ], [ 80.1119, 13.5013 ], [ 80.1118, 13.5022 ], [ 80.112, 13.5038 ], [ 80.1126, 13.5055 ], [ 80.1128, 13.5059 ], [ 80.113, 13.5059 ], [ 80.1144, 13.5054 ], [ 80.1163, 13.5044 ], [ 80.1172, 13.504 ], [ 80.1178, 13.5038 ], [ 80.1188, 13.5037 ], [ 80.1206, 13.5036 ], [ 80.1231, 13.5035 ], [ 80.1238, 13.5034 ], [ 80.1243, 13.5035 ], [ 80.1248, 13.5038 ], [ 80.1259, 13.5044 ], [ 80.1261, 13.5045 ], [ 80.1267, 13.5046 ], [ 80.1271, 13.5043 ], [ 80.1277, 13.5038 ], [ 80.1288, 13.5026 ], [ 80.1297, 13.5022 ], [ 80.1308, 13.5017 ], [ 80.1317, 13.5014 ], [ 80.1317, 13.5014 ], [ 80.1324, 13.5014 ], [ 80.1332, 13.5014 ], [ 80.1339, 13.5017 ], [ 80.1343, 13.5019 ], [ 80.1363, 13.5035 ], [ 80.1373, 13.504 ], [ 80.138, 13.5042 ], [ 80.1385, 13.5043 ], [ 80.1392, 13.5042 ], [ 80.1399, 13.5041 ], [ 80.1411, 13.5033 ], [ 80.1432, 13.5022 ], [ 80.1447, 13.5012 ], [ 80.1456, 13.4995 ], [ 80.146, 13.4981 ], [ 80.1461, 13.4976 ], [ 80.1458, 13.496 ], [ 80.1455, 13.4936 ], [ 80.1453, 13.4923 ], [ 80.1453, 13.492 ], [ 80.1452, 13.4914 ], [ 80.1466, 13.4913 ], [ 80.1472, 13.4913 ], [ 80.148, 13.4913 ], [ 80.1484, 13.4913 ], [ 80.1496, 13.4909 ], [ 80.15, 13.4908 ], [ 80.1503, 13.4907 ], [ 80.1508, 13.491 ], [ 80.1514, 13.4909 ], [ 80.1518, 13.4908 ], [ 80.1529, 13.4905 ], [ 80.1533, 13.4903 ], [ 80.1539, 13.4909 ], [ 80.1546, 13.4907 ], [ 80.1559, 13.4903 ], [ 80.1574, 13.4896 ], [ 80.1587, 13.4891 ], [ 80.1601, 13.4888 ], [ 80.1606, 13.4887 ], [ 80.1616, 13.4884 ], [ 80.162, 13.4883 ], [ 80.1625, 13.4883 ], [ 80.1631, 13.4882 ], [ 80.1646, 13.4883 ], [ 80.1662, 13.4884 ], [ 80.1693, 13.4888 ], [ 80.1709, 13.4889 ], [ 80.1718, 13.4891 ], [ 80.1724, 13.4895 ], [ 80.1732, 13.4901 ], [ 80.1736, 13.49 ], [ 80.1741, 13.4898 ], [ 80.1744, 13.4898 ], [ 80.1749, 13.49 ], [ 80.1763, 13.4907 ], [ 80.1772, 13.4912 ], [ 80.1775, 13.4911 ], [ 80.179, 13.4906 ], [ 80.1792, 13.4906 ], [ 80.1794, 13.4906 ], [ 80.1805, 13.4906 ], [ 80.182, 13.4906 ], [ 80.1835, 13.4906 ], [ 80.1849, 13.4906 ], [ 80.1866, 13.4907 ], [ 80.1873, 13.4903 ], [ 80.1881, 13.4903 ], [ 80.189, 13.4902 ], [ 80.1895, 13.4902 ], [ 80.1911, 13.4901 ], [ 80.1919, 13.49 ], [ 80.1927, 13.4895 ], [ 80.1931, 13.4894 ], [ 80.1942, 13.4894 ], [ 80.1957, 13.4892 ], [ 80.1972, 13.4891 ], [ 80.1986, 13.489 ], [ 80.2002, 13.4888 ], [ 80.2012, 13.4887 ], [ 80.2017, 13.4886 ], [ 80.2028, 13.4884 ], [ 80.2034, 13.4884 ], [ 80.2035, 13.4884 ], [ 80.2047, 13.4881 ], [ 80.2055, 13.4879 ], [ 80.2063, 13.4876 ], [ 80.2076, 13.487 ], [ 80.2092, 13.4866 ], [ 80.21, 13.4863 ], [ 80.2101, 13.4868 ], [ 80.2103, 13.4882 ], [ 80.2106, 13.4905 ], [ 80.2126, 13.4904 ], [ 80.2146, 13.4903 ], [ 80.2139, 13.4863 ], [ 80.2139, 13.4861 ], [ 80.2149, 13.486 ], [ 80.2162, 13.4859 ], [ 80.2175, 13.4857 ], [ 80.2177, 13.4857 ], [ 80.2192, 13.4856 ], [ 80.2207, 13.4856 ], [ 80.2223, 13.4856 ], [ 80.2238, 13.4856 ], [ 80.2252, 13.4853 ], [ 80.2259, 13.4851 ], [ 80.2261, 13.4843 ], [ 80.2261, 13.4838 ], [ 80.227, 13.4835 ], [ 80.2285, 13.483 ], [ 80.2289, 13.4829 ], [ 80.2295, 13.482 ], [ 80.2304, 13.4807 ], [ 80.2312, 13.4794 ], [ 80.2319, 13.4781 ], [ 80.2328, 13.4768 ], [ 80.2337, 13.4755 ], [ 80.2348, 13.4745 ], [ 80.2352, 13.474 ], [ 80.2358, 13.4739 ], [ 80.2379, 13.4739 ], [ 80.239, 13.4737 ], [ 80.2404, 13.4734 ], [ 80.241, 13.4733 ], [ 80.2414, 13.4727 ], [ 80.2419, 13.4708 ], [ 80.2429, 13.475 ], [ 80.2441, 13.479 ], [ 80.2453, 13.4835 ], [ 80.2466, 13.4882 ], [ 80.2484, 13.4935 ], [ 80.2486, 13.494 ], [ 80.2511, 13.5027 ], [ 80.2519, 13.5063 ], [ 80.2523, 13.5081 ], [ 80.2524, 13.5088 ], [ 80.2529, 13.5111 ], [ 80.2539, 13.5158 ], [ 80.2549, 13.5198 ], [ 80.2562, 13.526 ], [ 80.2575, 13.5321 ], [ 80.259, 13.5389 ], [ 80.2603, 13.5449 ], [ 80.2612, 13.5491 ], [ 80.2618, 13.5521 ], [ 80.2626, 13.5557 ], [ 80.2636, 13.56 ], [ 80.2639, 13.562 ], [ 80.2641, 13.5626 ], [ 80.2683, 13.5628 ], [ 80.2695, 13.5601 ], [ 80.2705, 13.5577 ], [ 80.2715, 13.5554 ], [ 80.2728, 13.5523 ], [ 80.274, 13.5497 ], [ 80.2749, 13.5469 ], [ 80.2752, 13.5463 ], [ 80.276, 13.5448 ], [ 80.2766, 13.5429 ], [ 80.2771, 13.5415 ], [ 80.2784, 13.5386 ], [ 80.2796, 13.5356 ], [ 80.28, 13.5345 ], [ 80.2805, 13.5328 ], [ 80.281, 13.5318 ], [ 80.2811, 13.5311 ], [ 80.2818, 13.5292 ], [ 80.2825, 13.5268 ], [ 80.2828, 13.5262 ], [ 80.2834, 13.5246 ], [ 80.2841, 13.5226 ], [ 80.2856, 13.5185 ], [ 80.2864, 13.5161 ], [ 80.2869, 13.515 ], [ 80.2879, 13.512 ], [ 80.2887, 13.5093 ], [ 80.2892, 13.5074 ], [ 80.2901, 13.5043 ], [ 80.2911, 13.5009 ], [ 80.292, 13.4975 ], [ 80.2926, 13.496 ], [ 80.2931, 13.4941 ], [ 80.2937, 13.4925 ], [ 80.2942, 13.4909 ], [ 80.2949, 13.489 ], [ 80.2954, 13.4876 ], [ 80.2959, 13.4864 ], [ 80.2972, 13.483 ], [ 80.2985, 13.4802 ], [ 80.2991, 13.4789 ], [ 80.2999, 13.4777 ], [ 80.3015, 13.4742 ], [ 80.3024, 13.4726 ], [ 80.3028, 13.4722 ], [ 80.3036, 13.4716 ] ] ] ] } }
]
}
