conflict_id,entity_candidate,field,source_a,value_a,source_b,value_b,source_dates,authority_notes,status,resolution,requires_manual_review
CONF_0001,Nehru Park <-> Nehru Park,coordinates,CMRL_API,"(13.0786275, 80.2508538)",OSM_OVERPASS,"(13.0787915, 80.2504722)",2026-09-18,Distance delta: 45.2m between CMRL_API and OSM_OVERPASS.,unresolved_logged,Preserve both coordinates as source evidence; prioritize official operator/OSM surveyed platform in canonical.,False
CONF_0002,Nehru Park <-> Nehru Park,coordinates,CMRL_API,"(13.0786275, 80.2508538)",OSM_OVERPASS,"(13.0787744, 80.2504742)",2026-09-18,Distance delta: 44.2m between CMRL_API and OSM_OVERPASS.,unresolved_logged,Preserve both coordinates as source evidence; prioritize official operator/OSM surveyed platform in canonical.,False
CONF_0003,Nehru Park <-> Nehru Park,coordinates,CMRL_API,"(13.0786275, 80.2508538)",OSM_OVERPASS,"(13.0787841, 80.250473)",2026-09-18,Distance delta: 44.8m between CMRL_API and OSM_OVERPASS.,unresolved_logged,Preserve both coordinates as source evidence; prioritize official operator/OSM surveyed platform in canonical.,False
CONF_0004,Pachaiyappa's College <-> Pachaiyappa's College,coordinates,CMRL_API,"(13.075574, 80.232315)",OSM_OVERPASS,"(13.0755602, 80.2328587)",2026-09-18,Distance delta: 58.9m between CMRL_API and OSM_OVERPASS.,unresolved_logged,Preserve both coordinates as source evidence; prioritize official operator/OSM surveyed platform in canonical.,False
CONF_0005,Pachaiyappa's College <-> Pachaiyappa's College,coordinates,CMRL_API,"(13.075574, 80.232315)",OSM_OVERPASS,"(13.0755466, 80.2328522)",2026-09-18,Distance delta: 58.3m between CMRL_API and OSM_OVERPASS.,unresolved_logged,Preserve both coordinates as source evidence; prioritize official operator/OSM surveyed platform in canonical.,False
CONF_0006,Pachaiyappa's College <-> Pachaiyappa's College,coordinates,CMRL_API,"(13.075574, 80.232315)",OSM_OVERPASS,"(13.0755402, 80.2328695)",2026-09-18,Distance delta: 60.2m between CMRL_API and OSM_OVERPASS.,unresolved_logged,Preserve both coordinates as source evidence; prioritize official operator/OSM surveyed platform in canonical.,False
CONF_0007,Anna Nagar East <-> Anna Nagar East Metro Station,coordinates,CMRL_API,"(13.0847975, 80.218657)",CHENNAI_COMMUNITY_GTFS,"(13.0848, 80.21952)",2026-09-18,Distance delta: 93.5m between CMRL_API and CHENNAI_COMMUNITY_GTFS.,unresolved_logged,Preserve both coordinates as source evidence; prioritize official operator/OSM surveyed platform in canonical.,False
CONF_0008,Thirumangalam <-> Thirumangalam Metro,coordinates,CMRL_API,"(13.0852626, 80.201574)",CHENNAI_COMMUNITY_GTFS,"(13.08543, 80.20121)",2026-09-18,Distance delta: 43.6m between CMRL_API and CHENNAI_COMMUNITY_GTFS.,unresolved_logged,Preserve both coordinates as source evidence; prioritize official operator/OSM surveyed platform in canonical.,False
CONF_0009,Thirumangalam <-> Thirumangalam Metro,coordinates,CMRL_API,"(13.0852626, 80.201574)",CHENNAI_COMMUNITY_GTFS,"(13.08514, 80.20118)",2026-09-18,Distance delta: 44.8m between CMRL_API and CHENNAI_COMMUNITY_GTFS.,unresolved_logged,Preserve both coordinates as source evidence; prioritize official operator/OSM surveyed platform in canonical.,False
CONF_0010,Arumbakkam <-> Arumbakkam,coordinates,CMRL_API,"(13.061999074679951, 80.21131235746036)",OSM_OVERPASS,"(13.0616746, 80.2116557)",2026-09-18,Distance delta: 51.8m between CMRL_API and OSM_OVERPASS.,unresolved_logged,Preserve both coordinates as source evidence; prioritize official operator/OSM surveyed platform in canonical.,False
CONF_0011,Ekkattuthangal <-> Ekkattuthangal,coordinates,CMRL_API,"(13.016606965423183, 80.20494300304732)",OSM_OVERPASS,"(13.0169222, 80.2054236)",2026-09-18,Distance delta: 62.8m between CMRL_API and OSM_OVERPASS.,unresolved_logged,Preserve both coordinates as source evidence; prioritize official operator/OSM surveyed platform in canonical.,False
CONF_0012,Arignar Anna Alandur Metro <-> Alandur,coordinates,CMRL_API,"(13.003989704098222, 80.20064840110591)",OSM_OVERPASS,"(13.0042558, 80.2014525)",2026-09-18,Distance delta: 92.0m between CMRL_API and OSM_OVERPASS.,unresolved_logged,Preserve both coordinates as source evidence; prioritize official operator/OSM surveyed platform in canonical.,False
CONF_0013,Arignar Anna Alandur Metro <-> Alandur Metro,coordinates,CMRL_API,"(13.003989704098222, 80.20064840110591)",CHENNAI_COMMUNITY_GTFS,"(13.00421, 80.20129)",2026-09-18,Distance delta: 73.7m between CMRL_API and CHENNAI_COMMUNITY_GTFS.,unresolved_logged,Preserve both coordinates as source evidence; prioritize official operator/OSM surveyed platform in canonical.,False
CONF_0014,St. Thomas Mount Metro <-> Saint Thomas Mount,coordinates,CMRL_API,"(12.9952695, 80.1988314)",OSM_OVERPASS,"(12.995, 80.198582)",2026-09-18,Distance delta: 40.4m between CMRL_API and OSM_OVERPASS.,unresolved_logged,Preserve both coordinates as source evidence; prioritize official operator/OSM surveyed platform in canonical.,False
CONF_0015,St. Thomas Mount Metro <-> Saint Thomas Mount,station_name,CMRL_API,St. Thomas Mount Metro,OSM_OVERPASS,Saint Thomas Mount,2026-09-18,Name similarity: 80.0%. Official vs colloquial/abbreviated form.,resolved_alias,Preserve secondary name as official alias under primary canonical identity.,False
CONF_0016,Teynampet <-> Teynampet Metro,coordinates,CMRL_API,"(13.03711844539991, 80.24551377789689)",CHENNAI_COMMUNITY_GTFS,"(13.0371, 80.24662)",2026-09-18,Distance delta: 119.9m between CMRL_API and CHENNAI_COMMUNITY_GTFS.,unresolved_logged,Preserve both coordinates as source evidence; prioritize official operator/OSM surveyed platform in canonical.,False
CONF_0017,Teynampet <-> Teynampet Metro,coordinates,CMRL_API,"(13.03711844539991, 80.24551377789689)",CHENNAI_COMMUNITY_GTFS,"(13.03717, 80.24637)",2026-09-18,Distance delta: 92.9m between CMRL_API and CHENNAI_COMMUNITY_GTFS.,unresolved_logged,Preserve both coordinates as source evidence; prioritize official operator/OSM surveyed platform in canonical.,False
CONF_0018,Arignar Anna Alandur Metro <-> Alandur,coordinates,CMRL_API,"(13.003989704098222, 80.20064840110591)",OSM_OVERPASS,"(13.0042558, 80.2014525)",2026-09-18,Distance delta: 92.0m between CMRL_API and OSM_OVERPASS.,unresolved_logged,Preserve both coordinates as source evidence; prioritize official operator/OSM surveyed platform in canonical.,False
CONF_0019,Arignar Anna Alandur Metro <-> Alandur Metro,coordinates,CMRL_API,"(13.003989704098222, 80.20064840110591)",CHENNAI_COMMUNITY_GTFS,"(13.00421, 80.20129)",2026-09-18,Distance delta: 73.7m between CMRL_API and CHENNAI_COMMUNITY_GTFS.,unresolved_logged,Preserve both coordinates as source evidence; prioritize official operator/OSM surveyed platform in canonical.,False
CONF_0020,Meenambakkam <-> Meenambakkam,coordinates,CMRL_API,"(12.98784601318242, 80.1754832739529)",OSM_OVERPASS,"(12.9876728, 80.1764787)",2026-09-18,Distance delta: 109.6m between CMRL_API and OSM_OVERPASS.,unresolved_logged,Preserve both coordinates as source evidence; prioritize official operator/OSM surveyed platform in canonical.,False
CONF_0021,Meenambakkam <-> Meeanambakkam Metro,coordinates,CMRL_API,"(12.98784601318242, 80.1754832739529)",CHENNAI_COMMUNITY_GTFS,"(12.98746, 80.17596)",2026-09-18,Distance delta: 67.2m between CMRL_API and CHENNAI_COMMUNITY_GTFS.,unresolved_logged,Preserve both coordinates as source evidence; prioritize official operator/OSM surveyed platform in canonical.,False
CONF_0022,Meenambakkam <-> Meeanambakkam Metro,station_name,CMRL_API,Meenambakkam,CHENNAI_COMMUNITY_GTFS,Meeanambakkam Metro,2026-09-18,Name similarity: 77.41935483870968%. Official vs colloquial/abbreviated form.,resolved_alias,Preserve secondary name as official alias under primary canonical identity.,False
CONF_0023,Chennai International Airport <-> Chennai Airport Metro,coordinates,CMRL_API,"(12.9808255, 80.1642095)",CHENNAI_COMMUNITY_GTFS,"(12.98178, 80.16326)",2026-09-18,Distance delta: 147.8m between CMRL_API and CHENNAI_COMMUNITY_GTFS.,unresolved_logged,Preserve both coordinates as source evidence; prioritize official operator/OSM surveyed platform in canonical.,False
CONF_0024,Chennai International Airport <-> Chennai Airport Metro,station_name,CMRL_API,Chennai International Airport,CHENNAI_COMMUNITY_GTFS,Chennai Airport Metro,2026-09-18,Name similarity: 83.33333333333333%. Official vs colloquial/abbreviated form.,resolved_alias,Preserve secondary name as official alias under primary canonical identity.,False
CONF_0025,Mannadi <-> Mannadi Metro,coordinates,OSM_OVERPASS,"(13.095369, 80.2860786)",CHENNAI_COMMUNITY_GTFS,"(13.09425, 80.28618)",2026-09-18,Distance delta: 124.9m between OSM_OVERPASS and CHENNAI_COMMUNITY_GTFS.,unresolved_logged,Preserve both coordinates as source evidence; prioritize official operator/OSM surveyed platform in canonical.,False
CONF_0026,Anna Nagar East <-> Anna Nagar East Metro Station,coordinates,OSM_OVERPASS,"(13.0846312, 80.2203688)",CHENNAI_COMMUNITY_GTFS,"(13.0848, 80.21952)",2026-09-18,Distance delta: 93.8m between OSM_OVERPASS and CHENNAI_COMMUNITY_GTFS.,unresolved_logged,Preserve both coordinates as source evidence; prioritize official operator/OSM surveyed platform in canonical.,False
CONF_0027,Alandur <-> Alandur Metro,coordinates,OSM_OVERPASS,"(13.0042558, 80.2014525)",CHENNAI_COMMUNITY_GTFS,"(13.00375, 80.20073)",2026-09-18,Distance delta: 96.4m between OSM_OVERPASS and CHENNAI_COMMUNITY_GTFS.,unresolved_logged,Preserve both coordinates as source evidence; prioritize official operator/OSM surveyed platform in canonical.,False
CONF_0028,Tiruvalangadu <-> Thiruvalangadu,coordinates,OSM_OVERPASS,"(13.0901816, 79.7637664)",OSM_OVERPASS,"(13.0904025, 79.7634037)",2026-09-18,Distance delta: 46.3m between OSM_OVERPASS and OSM_OVERPASS.,unresolved_logged,Preserve both coordinates as source evidence; prioritize official operator/OSM surveyed platform in canonical.,False
CONF_0029,Nanganallur Road <-> Nanganallur Metro,coordinates,OSM_OVERPASS,"(12.9998483, 80.1940028)",CHENNAI_COMMUNITY_GTFS,"(12.99928, 80.19341)",2026-09-18,Distance delta: 90.1m between OSM_OVERPASS and CHENNAI_COMMUNITY_GTFS.,unresolved_logged,Preserve both coordinates as source evidence; prioritize official operator/OSM surveyed platform in canonical.,False
CONF_0030,Nanganallur Road <-> Nanganallur Metro,station_name,OSM_OVERPASS,Nanganallur Road,CHENNAI_COMMUNITY_GTFS,Nanganallur Metro,2026-09-18,Name similarity: 84.84848484848484%. Official vs colloquial/abbreviated form.,resolved_alias,Preserve secondary name as official alias under primary canonical identity.,False
CONF_0031,Vadapalani <-> Vadapalani,coordinates,OSM_OVERPASS,"(13.0509367, 80.212065)",OSM_OVERPASS,"(13.0498295, 80.2114722)",2026-09-18,Distance delta: 138.9m between OSM_OVERPASS and OSM_OVERPASS.,unresolved_logged,Preserve both coordinates as source evidence; prioritize official operator/OSM surveyed platform in canonical.,False
CONF_0032,Vadapalani <-> Vadapalani,coordinates,OSM_OVERPASS,"(13.0509367, 80.212065)",OSM_OVERPASS,"(13.0498572, 80.2114685)",2026-09-18,Distance delta: 136.3m between OSM_OVERPASS and OSM_OVERPASS.,unresolved_logged,Preserve both coordinates as source evidence; prioritize official operator/OSM surveyed platform in canonical.,False
CONF_0033,Mannadi <-> Mannadi Metro,coordinates,OSM_OVERPASS,"(13.0953587, 80.2861592)",CHENNAI_COMMUNITY_GTFS,"(13.09425, 80.28618)",2026-09-18,Distance delta: 123.3m between OSM_OVERPASS and CHENNAI_COMMUNITY_GTFS.,unresolved_logged,Preserve both coordinates as source evidence; prioritize official operator/OSM surveyed platform in canonical.,False
CONF_0034,Mannadi <-> Mannadi Metro,coordinates,OSM_OVERPASS,"(13.0954465, 80.2861312)",CHENNAI_COMMUNITY_GTFS,"(13.09425, 80.28618)",2026-09-18,Distance delta: 133.1m between OSM_OVERPASS and CHENNAI_COMMUNITY_GTFS.,unresolved_logged,Preserve both coordinates as source evidence; prioritize official operator/OSM surveyed platform in canonical.,False
CONF_0035,Nanganallur Road <-> Nanganallur Metro,coordinates,OSM_OVERPASS,"(12.9998739, 80.1939756)",CHENNAI_COMMUNITY_GTFS,"(12.99928, 80.19341)",2026-09-18,Distance delta: 90.1m between OSM_OVERPASS and CHENNAI_COMMUNITY_GTFS.,unresolved_logged,Preserve both coordinates as source evidence; prioritize official operator/OSM surveyed platform in canonical.,False
CONF_0036,Nanganallur Road <-> Nanganallur Metro,station_name,OSM_OVERPASS,Nanganallur Road,CHENNAI_COMMUNITY_GTFS,Nanganallur Metro,2026-09-18,Name similarity: 84.84848484848484%. Official vs colloquial/abbreviated form.,resolved_alias,Preserve secondary name as official alias under primary canonical identity.,False
CONF_0037,Nanganallur Road <-> Nanganallur Metro,coordinates,OSM_OVERPASS,"(12.9998798, 80.1940099)",CHENNAI_COMMUNITY_GTFS,"(12.99928, 80.19341)",2026-09-18,Distance delta: 93.1m between OSM_OVERPASS and CHENNAI_COMMUNITY_GTFS.,unresolved_logged,Preserve both coordinates as source evidence; prioritize official operator/OSM surveyed platform in canonical.,False
CONF_0038,Nanganallur Road <-> Nanganallur Metro,station_name,OSM_OVERPASS,Nanganallur Road,CHENNAI_COMMUNITY_GTFS,Nanganallur Metro,2026-09-18,Name similarity: 84.84848484848484%. Official vs colloquial/abbreviated form.,resolved_alias,Preserve secondary name as official alias under primary canonical identity.,False
CONF_0039,Meenambakkam <-> Meeanambakkam Metro,coordinates,OSM_OVERPASS,"(12.9876728, 80.1764787)",CHENNAI_COMMUNITY_GTFS,"(12.98746, 80.17596)",2026-09-18,Distance delta: 61.0m between OSM_OVERPASS and CHENNAI_COMMUNITY_GTFS.,unresolved_logged,Preserve both coordinates as source evidence; prioritize official operator/OSM surveyed platform in canonical.,False
CONF_0040,Meenambakkam <-> Meeanambakkam Metro,station_name,OSM_OVERPASS,Meenambakkam,CHENNAI_COMMUNITY_GTFS,Meeanambakkam Metro,2026-09-18,Name similarity: 77.41935483870968%. Official vs colloquial/abbreviated form.,resolved_alias,Preserve secondary name as official alias under primary canonical identity.,False
CONF_0041,Chennai International Airport <-> Chennai Airport Metro,coordinates,OSM_OVERPASS,"(12.9808092, 80.1642026)",CHENNAI_COMMUNITY_GTFS,"(12.98178, 80.16326)",2026-09-18,Distance delta: 148.6m between OSM_OVERPASS and CHENNAI_COMMUNITY_GTFS.,unresolved_logged,Preserve both coordinates as source evidence; prioritize official operator/OSM surveyed platform in canonical.,False
CONF_0042,Chennai International Airport <-> Chennai Airport Metro,station_name,OSM_OVERPASS,Chennai International Airport,CHENNAI_COMMUNITY_GTFS,Chennai Airport Metro,2026-09-18,Name similarity: 83.33333333333333%. Official vs colloquial/abbreviated form.,resolved_alias,Preserve secondary name as official alias under primary canonical identity.,False
CONF_0043,திருவொற்றியூர் தேரடி <-> திருவொற்றியூர் தேரடி,coordinates,OSM_OVERPASS,"(13.1604851, 80.3024786)",OSM_OVERPASS,"(13.1600715, 80.302432)",2026-09-18,Distance delta: 46.3m between OSM_OVERPASS and OSM_OVERPASS.,unresolved_logged,Preserve both coordinates as source evidence; prioritize official operator/OSM surveyed platform in canonical.,False
CONF_0044,Thirumangalam <-> Thirumangalam Metro,coordinates,OSM_OVERPASS,"(13.0852364, 80.2015891)",CHENNAI_COMMUNITY_GTFS,"(13.08543, 80.20121)",2026-09-18,Distance delta: 46.4m between OSM_OVERPASS and CHENNAI_COMMUNITY_GTFS.,unresolved_logged,Preserve both coordinates as source evidence; prioritize official operator/OSM surveyed platform in canonical.,False
CONF_0045,Thirumangalam <-> Thirumangalam Metro,coordinates,OSM_OVERPASS,"(13.0852364, 80.2015891)",CHENNAI_COMMUNITY_GTFS,"(13.08514, 80.20118)",2026-09-18,Distance delta: 45.6m between OSM_OVERPASS and CHENNAI_COMMUNITY_GTFS.,unresolved_logged,Preserve both coordinates as source evidence; prioritize official operator/OSM surveyed platform in canonical.,False
CONF_0046,Thirumangalam <-> Thirumangalam Metro,coordinates,OSM_OVERPASS,"(13.085253, 80.2015898)",CHENNAI_COMMUNITY_GTFS,"(13.08543, 80.20121)",2026-09-18,Distance delta: 45.6m between OSM_OVERPASS and CHENNAI_COMMUNITY_GTFS.,unresolved_logged,Preserve both coordinates as source evidence; prioritize official operator/OSM surveyed platform in canonical.,False
CONF_0047,Thirumangalam <-> Thirumangalam Metro,coordinates,OSM_OVERPASS,"(13.085253, 80.2015898)",CHENNAI_COMMUNITY_GTFS,"(13.08514, 80.20118)",2026-09-18,Distance delta: 46.1m between OSM_OVERPASS and CHENNAI_COMMUNITY_GTFS.,unresolved_logged,Preserve both coordinates as source evidence; prioritize official operator/OSM surveyed platform in canonical.,False
CONF_0048,Anna Nagar East <-> Anna Nagar East Metro Station,coordinates,OSM_OVERPASS,"(13.0845849, 80.2186077)",CHENNAI_COMMUNITY_GTFS,"(13.0848, 80.21952)",2026-09-18,Distance delta: 101.7m between OSM_OVERPASS and CHENNAI_COMMUNITY_GTFS.,unresolved_logged,Preserve both coordinates as source evidence; prioritize official operator/OSM surveyed platform in canonical.,False
CONF_0049,Koyambedu <-> Koyambedu Metro,coordinates,OSM_OVERPASS,"(13.0720413, 80.1951189)",CHENNAI_COMMUNITY_GTFS,"(13.07331, 80.19492)",2026-09-18,Distance delta: 142.7m between OSM_OVERPASS and CHENNAI_COMMUNITY_GTFS.,unresolved_logged,Preserve both coordinates as source evidence; prioritize official operator/OSM surveyed platform in canonical.,False
CONF_0050,Koyambedu <-> Koyambedu Metro,coordinates,OSM_OVERPASS,"(13.0720365, 80.195197)",CHENNAI_COMMUNITY_GTFS,"(13.07331, 80.19492)",2026-09-18,Distance delta: 144.8m between OSM_OVERPASS and CHENNAI_COMMUNITY_GTFS.,unresolved_logged,Preserve both coordinates as source evidence; prioritize official operator/OSM surveyed platform in canonical.,False
CONF_0051,Thiruporur Bus Stand <-> Thiruporur Bus Terminus,station_name,OSM_OVERPASS,Thiruporur Bus Stand,CHENNAI_COMMUNITY_GTFS,Thiruporur Bus Terminus,2026-09-18,Name similarity: 82.35294117647058%. Official vs colloquial/abbreviated form.,resolved_alias,Preserve secondary name as official alias under primary canonical identity.,False
CONF_0052,Bus Stand Kovalam <-> Kovalam Bus Terminus,coordinates,OSM_OVERPASS,"(12.7866073, 80.2501989)",CHENNAI_COMMUNITY_GTFS,"(12.78697, 80.24921)",2026-09-18,Distance delta: 114.6m between OSM_OVERPASS and CHENNAI_COMMUNITY_GTFS.,unresolved_logged,Preserve both coordinates as source evidence; prioritize official operator/OSM surveyed platform in canonical.,False
CONF_0053,Bus Stand Kovalam <-> Kovalam Bus Terminus,station_name,OSM_OVERPASS,Bus Stand Kovalam,CHENNAI_COMMUNITY_GTFS,Kovalam Bus Terminus,2026-09-18,Name similarity: 78.57142857142857%. Official vs colloquial/abbreviated form.,resolved_alias,Preserve secondary name as official alias under primary canonical identity.,False
CONF_0054,Semmanchery MTC Terminus <-> Semmancheri Bus Terminus,station_name,OSM_OVERPASS,Semmanchery MTC Terminus,CHENNAI_COMMUNITY_GTFS,Semmancheri Bus Terminus,2026-09-18,Name similarity: 83.33333333333333%. Official vs colloquial/abbreviated form.,resolved_alias,Preserve secondary name as official alias under primary canonical identity.,False
CONF_0055,Perumbakkam Bus Depot <-> Perumbakkam Bus Terminus,coordinates,OSM_OVERPASS,"(12.8866626, 80.2096881)",CHENNAI_COMMUNITY_GTFS,"(12.88746, 80.20906)",2026-09-18,Distance delta: 111.8m between OSM_OVERPASS and CHENNAI_COMMUNITY_GTFS.,unresolved_logged,Preserve both coordinates as source evidence; prioritize official operator/OSM surveyed platform in canonical.,False
CONF_0056,Perumbakkam Bus Depot <-> Perumbakkam Bus Terminus,station_name,OSM_OVERPASS,Perumbakkam Bus Depot,CHENNAI_COMMUNITY_GTFS,Perumbakkam Bus Terminus,2026-09-18,Name similarity: 83.33333333333333%. Official vs colloquial/abbreviated form.,resolved_alias,Preserve secondary name as official alias under primary canonical identity.,False
CONF_0057,Nainar Depot <-> Nainar Depot,coordinates,OSM_OVERPASS,"(12.8774931, 80.2438102)",OSM_OVERPASS,"(12.8778797, 80.2438159)",2026-09-18,Distance delta: 43.0m between OSM_OVERPASS and OSM_OVERPASS.,unresolved_logged,Preserve both coordinates as source evidence; prioritize official operator/OSM surveyed platform in canonical.,False
CONF_0058,Madipakkam Bus Stand <-> Madipakkam Bus Terminus,station_name,OSM_OVERPASS,Madipakkam Bus Stand,CHENNAI_COMMUNITY_GTFS,Madipakkam Bus Terminus,2026-09-18,Name similarity: 82.35294117647058%. Official vs colloquial/abbreviated form.,resolved_alias,Preserve secondary name as official alias under primary canonical identity.,False
CONF_0059,Nanganallur Bus Terminus <-> Nanganallur Bus Terminus,coordinates,OSM_OVERPASS,"(12.9778068, 80.1812484)",CHENNAI_COMMUNITY_GTFS,"(12.97763, 80.18171)",2026-09-18,Distance delta: 53.7m between OSM_OVERPASS and CHENNAI_COMMUNITY_GTFS.,unresolved_logged,Preserve both coordinates as source evidence; prioritize official operator/OSM surveyed platform in canonical.,False
CONF_0060,Nanganallur Bus Terminus <-> Nanganallur Bus Terminus,coordinates,OSM_OVERPASS,"(12.9778068, 80.1812484)",CHENNAI_COMMUNITY_GTFS,"(12.97801, 80.18158)",2026-09-18,Distance delta: 42.4m between OSM_OVERPASS and CHENNAI_COMMUNITY_GTFS.,unresolved_logged,Preserve both coordinates as source evidence; prioritize official operator/OSM surveyed platform in canonical.,False
CONF_0061,Guindy Bus Stand <-> Guindy Bus Terminus,coordinates,OSM_OVERPASS,"(13.0090591, 80.2107931)",CHENNAI_COMMUNITY_GTFS,"(13.00928, 80.21128)",2026-09-18,Distance delta: 58.2m between OSM_OVERPASS and CHENNAI_COMMUNITY_GTFS.,unresolved_logged,Preserve both coordinates as source evidence; prioritize official operator/OSM surveyed platform in canonical.,False
CONF_0062,Guindy Bus Stand <-> Guindy Bus Terminus,station_name,OSM_OVERPASS,Guindy Bus Stand,CHENNAI_COMMUNITY_GTFS,Guindy Bus Terminus,2026-09-18,Name similarity: 76.92307692307692%. Official vs colloquial/abbreviated form.,resolved_alias,Preserve secondary name as official alias under primary canonical identity.,False
CONF_0063,Kannagi Nagar MTCTerminus <-> Kannagi Nagar Bus Terminus,station_name,OSM_OVERPASS,Kannagi Nagar MTCTerminus,CHENNAI_COMMUNITY_GTFS,Kannagi Nagar Bus Terminus,2026-09-18,Name similarity: 86.27450980392157%. Official vs colloquial/abbreviated form.,resolved_alias,Preserve secondary name as official alias under primary canonical identity.,False
CONF_0064,Kannagi Nagar MTCTerminus <-> Kannagi Nagar Depot,station_name,OSM_OVERPASS,Kannagi Nagar MTCTerminus,CHENNAI_COMMUNITY_GTFS,Kannagi Nagar Depot,2026-09-18,Name similarity: 81.25%. Official vs colloquial/abbreviated form.,resolved_alias,Preserve secondary name as official alias under primary canonical identity.,False
CONF_0065,Adyar Depot <-> Adyar Depot,coordinates,OSM_OVERPASS,"(12.9988972, 80.2559382)",OSM_OVERPASS,"(12.9984686, 80.2561546)",2026-09-18,Distance delta: 53.1m between OSM_OVERPASS and OSM_OVERPASS.,unresolved_logged,Preserve both coordinates as source evidence; prioritize official operator/OSM surveyed platform in canonical.,False
CONF_0066,Adyar Depot <-> Adyar Depot,coordinates,OSM_OVERPASS,"(12.9988972, 80.2559382)",CHENNAI_COMMUNITY_GTFS,"(12.9978, 80.25617)",2026-09-18,Distance delta: 124.6m between OSM_OVERPASS and CHENNAI_COMMUNITY_GTFS.,unresolved_logged,Preserve both coordinates as source evidence; prioritize official operator/OSM surveyed platform in canonical.,False
CONF_0067,Adyar Depot <-> Adyar Depot,coordinates,OSM_OVERPASS,"(12.9988972, 80.2559382)",CHENNAI_COMMUNITY_GTFS,"(12.9991, 80.25638)",2026-09-18,Distance delta: 52.9m between OSM_OVERPASS and CHENNAI_COMMUNITY_GTFS.,unresolved_logged,Preserve both coordinates as source evidence; prioritize official operator/OSM surveyed platform in canonical.,False
CONF_0068,Adyar Depot <-> Adyar Depot,coordinates,OSM_OVERPASS,"(12.9984686, 80.2561546)",CHENNAI_COMMUNITY_GTFS,"(12.9978, 80.25617)",2026-09-18,Distance delta: 74.4m between OSM_OVERPASS and CHENNAI_COMMUNITY_GTFS.,unresolved_logged,Preserve both coordinates as source evidence; prioritize official operator/OSM surveyed platform in canonical.,False
CONF_0069,Adyar Depot <-> Adyar Depot,coordinates,OSM_OVERPASS,"(12.9984686, 80.2561546)",CHENNAI_COMMUNITY_GTFS,"(12.9991, 80.25638)",2026-09-18,Distance delta: 74.3m between OSM_OVERPASS and CHENNAI_COMMUNITY_GTFS.,unresolved_logged,Preserve both coordinates as source evidence; prioritize official operator/OSM surveyed platform in canonical.,False
CONF_0070,Adyar Depot <-> Adyar Depot,coordinates,OSM_OVERPASS,"(12.9984686, 80.2561546)",CHENNAI_COMMUNITY_GTFS,"(12.9988, 80.25588)",2026-09-18,Distance delta: 47.4m between OSM_OVERPASS and CHENNAI_COMMUNITY_GTFS.,unresolved_logged,Preserve both coordinates as source evidence; prioritize official operator/OSM surveyed platform in canonical.,False
CONF_0071,Adyar Depot <-> Adyar Depot,coordinates,OSM_OVERPASS,"(12.998741, 80.2561722)",CHENNAI_COMMUNITY_GTFS,"(12.9978, 80.25617)",2026-09-18,Distance delta: 104.6m between OSM_OVERPASS and CHENNAI_COMMUNITY_GTFS.,unresolved_logged,Preserve both coordinates as source evidence; prioritize official operator/OSM surveyed platform in canonical.,False
CONF_0072,Adyar Depot <-> Adyar Depot,coordinates,OSM_OVERPASS,"(12.998741, 80.2561722)",CHENNAI_COMMUNITY_GTFS,"(12.9991, 80.25638)",2026-09-18,Distance delta: 45.8m between OSM_OVERPASS and CHENNAI_COMMUNITY_GTFS.,unresolved_logged,Preserve both coordinates as source evidence; prioritize official operator/OSM surveyed platform in canonical.,False
CONF_0073,Poonamallee MTC Terminus <-> Poonamallee Bus Terminus,coordinates,OSM_OVERPASS,"(13.0511602, 80.0949546)",CHENNAI_COMMUNITY_GTFS,"(13.05183, 80.09491)",2026-09-18,Distance delta: 74.6m between OSM_OVERPASS and CHENNAI_COMMUNITY_GTFS.,unresolved_logged,Preserve both coordinates as source evidence; prioritize official operator/OSM surveyed platform in canonical.,False
CONF_0074,Ayyapanthangal <-> Iyyapanthangal Depot,coordinates,OSM_OVERPASS,"(13.0377933, 80.1349425)",CHENNAI_COMMUNITY_GTFS,"(13.03709, 80.13445)",2026-09-18,Distance delta: 94.7m between OSM_OVERPASS and CHENNAI_COMMUNITY_GTFS.,unresolved_logged,Preserve both coordinates as source evidence; prioritize official operator/OSM surveyed platform in canonical.,False
CONF_0075,Ayyapanthangal <-> Iyyapanthangal Depot,station_name,OSM_OVERPASS,Ayyapanthangal,CHENNAI_COMMUNITY_GTFS,Iyyapanthangal Depot,2026-09-18,Name similarity: 76.47058823529412%. Official vs colloquial/abbreviated form.,resolved_alias,Preserve secondary name as official alias under primary canonical identity.,False
CONF_0076,KK Nagar West MTC Terminus <-> KK Nagar West MTC Terminus,coordinates,OSM_OVERPASS,"(13.0441595, 80.1933034)",OSM_OVERPASS,"(13.0441881, 80.1936767)",2026-09-18,Distance delta: 40.6m between OSM_OVERPASS and OSM_OVERPASS.,unresolved_logged,Preserve both coordinates as source evidence; prioritize official operator/OSM surveyed platform in canonical.,False
CONF_0077,KK Nagar West MTC Terminus <-> West Kk Nagar Depot,station_name,OSM_OVERPASS,KK Nagar West MTC Terminus,CHENNAI_COMMUNITY_GTFS,West Kk Nagar Depot,2026-09-18,Name similarity: 81.25%. Official vs colloquial/abbreviated form.,resolved_alias,Preserve secondary name as official alias under primary canonical identity.,False
CONF_0078,KK Nagar West MTC Terminus <-> West Kk Nagar Depot,station_name,OSM_OVERPASS,KK Nagar West MTC Terminus,CHENNAI_COMMUNITY_GTFS,West Kk Nagar Depot,2026-09-18,Name similarity: 81.25%. Official vs colloquial/abbreviated form.,resolved_alias,Preserve secondary name as official alias under primary canonical identity.,False
CONF_0079,Koyambedu Mofussil Bus Terminal <-> Koyambedu Mofussil Bus Terminal,coordinates,OSM_OVERPASS,"(13.065835, 80.2056011)",OSM_OVERPASS,"(13.0665289, 80.2062855)",2026-09-18,Distance delta: 107.0m between OSM_OVERPASS and OSM_OVERPASS.,unresolved_logged,Preserve both coordinates as source evidence; prioritize official operator/OSM surveyed platform in canonical.,False
CONF_0080,Koyambedu Mofussil Bus Terminal <-> Koyambedu Mofussil Bus Terminal,coordinates,OSM_OVERPASS,"(13.065835, 80.2056011)",OSM_OVERPASS,"(13.066402, 80.2049735)",2026-09-18,Distance delta: 92.7m between OSM_OVERPASS and OSM_OVERPASS.,unresolved_logged,Preserve both coordinates as source evidence; prioritize official operator/OSM surveyed platform in canonical.,False
CONF_0081,Koyambedu Mofussil Bus Terminal <-> Koyambedu Mofussil Bus Terminal,coordinates,OSM_OVERPASS,"(13.0665289, 80.2062855)",OSM_OVERPASS,"(13.066402, 80.2049735)",2026-09-18,Distance delta: 142.8m between OSM_OVERPASS and OSM_OVERPASS.,unresolved_logged,Preserve both coordinates as source evidence; prioritize official operator/OSM surveyed platform in canonical.,False
CONF_0082,Mogappair West Bus Terminus <-> J J Nagar West Terminus,station_name,OSM_OVERPASS,Mogappair West Bus Terminus,CHENNAI_COMMUNITY_GTFS,J J Nagar West Terminus,2026-09-18,Name similarity: 76.47058823529412%. Official vs colloquial/abbreviated form.,resolved_alias,Preserve secondary name as official alias under primary canonical identity.,False
CONF_0083,Anna Nagar West <-> Anna Nagar West Depot,coordinates,OSM_OVERPASS,"(13.0937546, 80.1984937)",CHENNAI_COMMUNITY_GTFS,"(13.09403, 80.19878)",2026-09-18,Distance delta: 43.6m between OSM_OVERPASS and CHENNAI_COMMUNITY_GTFS.,unresolved_logged,Preserve both coordinates as source evidence; prioritize official operator/OSM surveyed platform in canonical.,False
CONF_0084,Ayanavaram MTC Terminus <-> Ayanavaram Bus Terminus,coordinates,OSM_OVERPASS,"(13.0985912, 80.2420039)",CHENNAI_COMMUNITY_GTFS,"(13.09807, 80.24187)",2026-09-18,Distance delta: 59.7m between OSM_OVERPASS and CHENNAI_COMMUNITY_GTFS.,unresolved_logged,Preserve both coordinates as source evidence; prioritize official operator/OSM surveyed platform in canonical.,False
CONF_0085,Ayanavaram MTC Terminus <-> Ayanavaram Depot,station_name,OSM_OVERPASS,Ayanavaram MTC Terminus,CHENNAI_COMMUNITY_GTFS,Ayanavaram Depot,2026-09-18,Name similarity: 76.92307692307692%. Official vs colloquial/abbreviated form.,resolved_alias,Preserve secondary name as official alias under primary canonical identity.,False
CONF_0086,Perambur MTC Terminus <-> Perambur Bus Terminus,station_name,OSM_OVERPASS,Perambur MTC Terminus,CHENNAI_COMMUNITY_GTFS,Perambur Bus Terminus,2026-09-18,Name similarity: 89.47368421052632%. Official vs colloquial/abbreviated form.,resolved_alias,Preserve secondary name as official alias under primary canonical identity.,False
CONF_0087,Perambur MTC Terminus <-> Perambur Bus Terminus,coordinates,OSM_OVERPASS,"(13.1085691, 80.2482521)",CHENNAI_COMMUNITY_GTFS,"(13.1082, 80.24828)",2026-09-18,Distance delta: 41.2m between OSM_OVERPASS and CHENNAI_COMMUNITY_GTFS.,unresolved_logged,Preserve both coordinates as source evidence; prioritize official operator/OSM surveyed platform in canonical.,False
CONF_0088,Perambur MTC Terminus <-> Perambur Bus Terminus,station_name,OSM_OVERPASS,Perambur MTC Terminus,CHENNAI_COMMUNITY_GTFS,Perambur Bus Terminus,2026-09-18,Name similarity: 89.47368421052632%. Official vs colloquial/abbreviated form.,resolved_alias,Preserve secondary name as official alias under primary canonical identity.,False
CONF_0089,Red Hills MTC Bus Terminus <-> Redhills Bus Terminus,station_name,OSM_OVERPASS,Red Hills MTC Bus Terminus,CHENNAI_COMMUNITY_GTFS,Redhills Bus Terminus,2026-09-18,Name similarity: 76.59574468085106%. Official vs colloquial/abbreviated form.,resolved_alias,Preserve secondary name as official alias under primary canonical identity.,False
CONF_0090,"Madhavarm APSRTC , TNSTC Bus Terminus <-> M.M.B.T Madhavarm Bus Terminus",station_name,OSM_OVERPASS,"Madhavarm APSRTC , TNSTC Bus Terminus",CHENNAI_COMMUNITY_GTFS,M.M.B.T Madhavarm Bus Terminus,2026-09-18,Name similarity: 84.61538461538461%. Official vs colloquial/abbreviated form.,resolved_alias,Preserve secondary name as official alias under primary canonical identity.,False
CONF_0091,Manali MTC Terminus <-> Manali Bus Terminus,station_name,OSM_OVERPASS,Manali MTC Terminus,CHENNAI_COMMUNITY_GTFS,Manali Bus Terminus,2026-09-18,Name similarity: 88.23529411764706%. Official vs colloquial/abbreviated form.,resolved_alias,Preserve secondary name as official alias under primary canonical identity.,False
CONF_0092,Manali MTC Terminus <-> Manali Bus Terminus,station_name,OSM_OVERPASS,Manali MTC Terminus,CHENNAI_COMMUNITY_GTFS,Manali Bus Terminus,2026-09-18,Name similarity: 88.23529411764706%. Official vs colloquial/abbreviated form.,resolved_alias,Preserve secondary name as official alias under primary canonical identity.,False
CONF_0093,Ennore MTC Terminus <-> Ennore Bus Terminus,station_name,OSM_OVERPASS,Ennore MTC Terminus,CHENNAI_COMMUNITY_GTFS,Ennore Bus Terminus,2026-09-18,Name similarity: 88.23529411764706%. Official vs colloquial/abbreviated form.,resolved_alias,Preserve secondary name as official alias under primary canonical identity.,False
CONF_0094,Janappanchataram Bus Stop <-> Janappanchataram Bus Stop,coordinates,OSM_OVERPASS,"(13.2624366, 80.154631)",OSM_OVERPASS,"(13.2625431, 80.1552103)",2026-09-18,Distance delta: 63.8m between OSM_OVERPASS and OSM_OVERPASS.,unresolved_logged,Preserve both coordinates as source evidence; prioritize official operator/OSM surveyed platform in canonical.,False
CONF_0095,Minjur MTC Terminus <-> Minjur Bus Terminus,station_name,OSM_OVERPASS,Minjur MTC Terminus,CHENNAI_COMMUNITY_GTFS,Minjur Bus Terminus,2026-09-18,Name similarity: 88.23529411764706%. Official vs colloquial/abbreviated form.,resolved_alias,Preserve secondary name as official alias under primary canonical identity.,False
CONF_0096,Adyar Depot <-> Adyar Depot,coordinates,CHENNAI_COMMUNITY_GTFS,"(12.9978, 80.25617)",CHENNAI_COMMUNITY_GTFS,"(12.9991, 80.25638)",2026-09-18,Distance delta: 146.3m between CHENNAI_COMMUNITY_GTFS and CHENNAI_COMMUNITY_GTFS.,unresolved_logged,Preserve both coordinates as source evidence; prioritize official operator/OSM surveyed platform in canonical.,False
CONF_0097,Adyar Depot <-> Adyar Depot,coordinates,CHENNAI_COMMUNITY_GTFS,"(12.9978, 80.25617)",CHENNAI_COMMUNITY_GTFS,"(12.9988, 80.25588)",2026-09-18,Distance delta: 115.5m between CHENNAI_COMMUNITY_GTFS and CHENNAI_COMMUNITY_GTFS.,unresolved_logged,Preserve both coordinates as source evidence; prioritize official operator/OSM surveyed platform in canonical.,False
CONF_0098,Adyar Depot <-> Adyar (Depot),coordinates,CHENNAI_COMMUNITY_GTFS,"(12.9978, 80.25617)",CHENNAI_COMMUNITY_GTFS,"(12.99683, 80.25611)",2026-09-18,Distance delta: 108.1m between CHENNAI_COMMUNITY_GTFS and CHENNAI_COMMUNITY_GTFS.,unresolved_logged,Preserve both coordinates as source evidence; prioritize official operator/OSM surveyed platform in canonical.,False
CONF_0099,Adyar Depot <-> Adyar (Depot),coordinates,CHENNAI_COMMUNITY_GTFS,"(12.9978, 80.25617)",CHENNAI_COMMUNITY_GTFS,"(12.99697, 80.25696)",2026-09-18,Distance delta: 125.9m between CHENNAI_COMMUNITY_GTFS and CHENNAI_COMMUNITY_GTFS.,unresolved_logged,Preserve both coordinates as source evidence; prioritize official operator/OSM surveyed platform in canonical.,False
CONF_0100,Madhavaram Bus Depot <-> Madhavaram Bus Depot,coordinates,CHENNAI_COMMUNITY_GTFS,"(13.132, 80.23708)",CHENNAI_COMMUNITY_GTFS,"(13.13241, 80.2369)",2026-09-18,Distance delta: 49.6m between CHENNAI_COMMUNITY_GTFS and CHENNAI_COMMUNITY_GTFS.,unresolved_logged,Preserve both coordinates as source evidence; prioritize official operator/OSM surveyed platform in canonical.,False
CONF_0101,Alandur Depot <-> Alandur Depot,coordinates,CHENNAI_COMMUNITY_GTFS,"(12.99708, 80.19136)",CHENNAI_COMMUNITY_GTFS,"(12.99719, 80.1906)",2026-09-18,Distance delta: 83.2m between CHENNAI_COMMUNITY_GTFS and CHENNAI_COMMUNITY_GTFS.,unresolved_logged,Preserve both coordinates as source evidence; prioritize official operator/OSM surveyed platform in canonical.,False
CONF_0102,Alandur Depot <-> Alandur Depot,coordinates,CHENNAI_COMMUNITY_GTFS,"(12.99708, 80.19136)",CHENNAI_COMMUNITY_GTFS,"(12.99702, 80.19173)",2026-09-18,Distance delta: 40.6m between CHENNAI_COMMUNITY_GTFS and CHENNAI_COMMUNITY_GTFS.,unresolved_logged,Preserve both coordinates as source evidence; prioritize official operator/OSM surveyed platform in canonical.,False
CONF_0103,Anna Nagar West Depot <-> Anna Nagar West Terminus,station_name,CHENNAI_COMMUNITY_GTFS,Anna Nagar West Depot,CHENNAI_COMMUNITY_GTFS,Anna Nagar West Terminus,2026-09-18,Name similarity: 83.33333333333333%. Official vs colloquial/abbreviated form.,resolved_alias,Preserve secondary name as official alias under primary canonical identity.,False
CONF_0104,Anna Nagar West Depot <-> Anna Nagar West Depot,coordinates,CHENNAI_COMMUNITY_GTFS,"(13.0937, 80.19842)",CHENNAI_COMMUNITY_GTFS,"(13.09403, 80.19878)",2026-09-18,Distance delta: 53.5m between CHENNAI_COMMUNITY_GTFS and CHENNAI_COMMUNITY_GTFS.,unresolved_logged,Preserve both coordinates as source evidence; prioritize official operator/OSM surveyed platform in canonical.,False
CONF_0105,Alandur Depot <-> Alandur Depot,coordinates,CHENNAI_COMMUNITY_GTFS,"(12.99719, 80.1906)",CHENNAI_COMMUNITY_GTFS,"(12.99702, 80.19173)",2026-09-18,Distance delta: 123.9m between CHENNAI_COMMUNITY_GTFS and CHENNAI_COMMUNITY_GTFS.,unresolved_logged,Preserve both coordinates as source evidence; prioritize official operator/OSM surveyed platform in canonical.,False
CONF_0106,Perumbakkam Depot <-> Perumbakkam Bus Terminus,coordinates,CHENNAI_COMMUNITY_GTFS,"(12.88775, 80.2088)",CHENNAI_COMMUNITY_GTFS,"(12.88746, 80.20906)",2026-09-18,Distance delta: 42.8m between CHENNAI_COMMUNITY_GTFS and CHENNAI_COMMUNITY_GTFS.,unresolved_logged,Preserve both coordinates as source evidence; prioritize official operator/OSM surveyed platform in canonical.,False
CONF_0107,Perumbakkam Depot <-> Perumbakkam Bus Terminus,station_name,CHENNAI_COMMUNITY_GTFS,Perumbakkam Depot,CHENNAI_COMMUNITY_GTFS,Perumbakkam Bus Terminus,2026-09-18,Name similarity: 78.57142857142857%. Official vs colloquial/abbreviated form.,resolved_alias,Preserve secondary name as official alias under primary canonical identity.,False
CONF_0108,Tondairpet-1 Depot <-> Tondiarpet Bus Depot,coordinates,CHENNAI_COMMUNITY_GTFS,"(13.13131, 80.29319)",CHENNAI_COMMUNITY_GTFS,"(13.13192, 80.29215)",2026-09-18,Distance delta: 131.5m between CHENNAI_COMMUNITY_GTFS and CHENNAI_COMMUNITY_GTFS.,unresolved_logged,Preserve both coordinates as source evidence; prioritize official operator/OSM surveyed platform in canonical.,False
CONF_0109,Tondairpet-1 Depot <-> Tondiarpet Bus Depot,station_name,CHENNAI_COMMUNITY_GTFS,Tondairpet-1 Depot,CHENNAI_COMMUNITY_GTFS,Tondiarpet Bus Depot,2026-09-18,Name similarity: 78.94736842105263%. Official vs colloquial/abbreviated form.,resolved_alias,Preserve secondary name as official alias under primary canonical identity.,False
CONF_0110,Thiruvanmiyur Depot <-> Thiruvanmiyur Depot,coordinates,CHENNAI_COMMUNITY_GTFS,"(12.9875, 80.25919)",CHENNAI_COMMUNITY_GTFS,"(12.98719, 80.25881)",2026-09-18,Distance delta: 53.7m between CHENNAI_COMMUNITY_GTFS and CHENNAI_COMMUNITY_GTFS.,unresolved_logged,Preserve both coordinates as source evidence; prioritize official operator/OSM surveyed platform in canonical.,False
CONF_0111,Kilambakkam Depot <-> Kilambakkam Bus Terminus,coordinates,CHENNAI_COMMUNITY_GTFS,"(12.87309, 80.07951)",CHENNAI_COMMUNITY_GTFS,"(12.87351, 80.07858)",2026-09-18,Distance delta: 111.1m between CHENNAI_COMMUNITY_GTFS and CHENNAI_COMMUNITY_GTFS.,unresolved_logged,Preserve both coordinates as source evidence; prioritize official operator/OSM surveyed platform in canonical.,False
CONF_0112,Kilambakkam Depot <-> Kilambakkam Bus Terminus,station_name,CHENNAI_COMMUNITY_GTFS,Kilambakkam Depot,CHENNAI_COMMUNITY_GTFS,Kilambakkam Bus Terminus,2026-09-18,Name similarity: 78.57142857142857%. Official vs colloquial/abbreviated form.,resolved_alias,Preserve secondary name as official alias under primary canonical identity.,False
CONF_0113,Adyar Depot <-> Adyar Depot,coordinates,CHENNAI_COMMUNITY_GTFS,"(12.9991, 80.25638)",CHENNAI_COMMUNITY_GTFS,"(12.9988, 80.25588)",2026-09-18,Distance delta: 63.6m between CHENNAI_COMMUNITY_GTFS and CHENNAI_COMMUNITY_GTFS.,unresolved_logged,Preserve both coordinates as source evidence; prioritize official operator/OSM surveyed platform in canonical.,False
CONF_0114,Adyar Old Depot <-> Adyar Old Depot,coordinates,CHENNAI_COMMUNITY_GTFS,"(13.00653, 80.25378)",CHENNAI_COMMUNITY_GTFS,"(13.00667, 80.2532)",2026-09-18,Distance delta: 64.7m between CHENNAI_COMMUNITY_GTFS and CHENNAI_COMMUNITY_GTFS.,unresolved_logged,Preserve both coordinates as source evidence; prioritize official operator/OSM surveyed platform in canonical.,False
CONF_0115,Thiruvanmiyur Depot <-> Thiruvanmiyur Depot,coordinates,CHENNAI_COMMUNITY_GTFS,"(12.98719, 80.25881)",CHENNAI_COMMUNITY_GTFS,"(12.98641, 80.25802)",2026-09-18,Distance delta: 121.9m between CHENNAI_COMMUNITY_GTFS and CHENNAI_COMMUNITY_GTFS.,unresolved_logged,Preserve both coordinates as source evidence; prioritize official operator/OSM surveyed platform in canonical.,False
CONF_0116,Adambakkam Bus Terminus <-> Adambakkam Depot,station_name,CHENNAI_COMMUNITY_GTFS,Adambakkam Bus Terminus,CHENNAI_COMMUNITY_GTFS,Adambakkam Depot,2026-09-18,Name similarity: 76.92307692307692%. Official vs colloquial/abbreviated form.,resolved_alias,Preserve secondary name as official alias under primary canonical identity.,False
CONF_0117,Adambakkam Bus Terminus <-> Adambakkam Depot,station_name,CHENNAI_COMMUNITY_GTFS,Adambakkam Bus Terminus,CHENNAI_COMMUNITY_GTFS,Adambakkam Depot,2026-09-18,Name similarity: 76.92307692307692%. Official vs colloquial/abbreviated form.,resolved_alias,Preserve secondary name as official alias under primary canonical identity.,False
CONF_0118,Adambakkam Bus Terminus <-> Adambakkam Depot,station_name,CHENNAI_COMMUNITY_GTFS,Adambakkam Bus Terminus,CHENNAI_COMMUNITY_GTFS,Adambakkam Depot,2026-09-18,Name similarity: 76.92307692307692%. Official vs colloquial/abbreviated form.,resolved_alias,Preserve secondary name as official alias under primary canonical identity.,False
CONF_0119,Nanganallur Bus Terminus <-> Nanganallur Bus Terminus,coordinates,CHENNAI_COMMUNITY_GTFS,"(12.97763, 80.18171)",CHENNAI_COMMUNITY_GTFS,"(12.97801, 80.18158)",2026-09-18,Distance delta: 44.5m between CHENNAI_COMMUNITY_GTFS and CHENNAI_COMMUNITY_GTFS.,unresolved_logged,Preserve both coordinates as source evidence; prioritize official operator/OSM surveyed platform in canonical.,False
CONF_0120,Perambur Bus Terminus <-> Perambur Bus Terminus,coordinates,CHENNAI_COMMUNITY_GTFS,"(13.1086, 80.24824)",CHENNAI_COMMUNITY_GTFS,"(13.1082, 80.24828)",2026-09-18,Distance delta: 44.7m between CHENNAI_COMMUNITY_GTFS and CHENNAI_COMMUNITY_GTFS.,unresolved_logged,Preserve both coordinates as source evidence; prioritize official operator/OSM surveyed platform in canonical.,False
CONF_0121,Korattur Bus Terminus <-> Korattur Bus Terminus,coordinates,CHENNAI_COMMUNITY_GTFS,"(13.11098, 80.18416)",CHENNAI_COMMUNITY_GTFS,"(13.11162, 80.18432)",2026-09-18,Distance delta: 73.2m between CHENNAI_COMMUNITY_GTFS and CHENNAI_COMMUNITY_GTFS.,unresolved_logged,Preserve both coordinates as source evidence; prioritize official operator/OSM surveyed platform in canonical.,False
CONF_0122,Iyyappanthangal Bus Terminus <-> Iyyappanthangal Bus Depot,coordinates,CHENNAI_COMMUNITY_GTFS,"(13.03753, 80.13477)",CHENNAI_COMMUNITY_GTFS,"(13.03812, 80.13487)",2026-09-18,Distance delta: 66.5m between CHENNAI_COMMUNITY_GTFS and CHENNAI_COMMUNITY_GTFS.,unresolved_logged,Preserve both coordinates as source evidence; prioritize official operator/OSM surveyed platform in canonical.,False
CONF_0123,Iyyappanthangal Bus Terminus <-> Iyyappanthangal Bus Depot,station_name,CHENNAI_COMMUNITY_GTFS,Iyyappanthangal Bus Terminus,CHENNAI_COMMUNITY_GTFS,Iyyappanthangal Bus Depot,2026-09-18,Name similarity: 86.36363636363636%. Official vs colloquial/abbreviated form.,resolved_alias,Preserve secondary name as official alias under primary canonical identity.,False
CONF_0124,Iyyappanthangal Bus Terminus <-> Iyyappanthangal Bus Depot,coordinates,CHENNAI_COMMUNITY_GTFS,"(13.03753, 80.13477)",CHENNAI_COMMUNITY_GTFS,"(13.03797, 80.13535)",2026-09-18,Distance delta: 79.6m between CHENNAI_COMMUNITY_GTFS and CHENNAI_COMMUNITY_GTFS.,unresolved_logged,Preserve both coordinates as source evidence; prioritize official operator/OSM surveyed platform in canonical.,False
CONF_0125,Iyyappanthangal Bus Terminus <-> Iyyappanthangal Bus Depot,station_name,CHENNAI_COMMUNITY_GTFS,Iyyappanthangal Bus Terminus,CHENNAI_COMMUNITY_GTFS,Iyyappanthangal Bus Depot,2026-09-18,Name similarity: 86.36363636363636%. Official vs colloquial/abbreviated form.,resolved_alias,Preserve secondary name as official alias under primary canonical identity.,False
CONF_0126,Thiruvottriyur Depot <-> Thiruvottiyur Ajax Bus Depot,coordinates,CHENNAI_COMMUNITY_GTFS,"(13.17247, 80.30476)",CHENNAI_COMMUNITY_GTFS,"(13.17214, 80.30505)",2026-09-18,Distance delta: 48.3m between CHENNAI_COMMUNITY_GTFS and CHENNAI_COMMUNITY_GTFS.,unresolved_logged,Preserve both coordinates as source evidence; prioritize official operator/OSM surveyed platform in canonical.,False
CONF_0127,Thiruvottriyur Depot <-> Thiruvottiyur Ajax Bus Depot,station_name,CHENNAI_COMMUNITY_GTFS,Thiruvottriyur Depot,CHENNAI_COMMUNITY_GTFS,Thiruvottiyur Ajax Bus Depot,2026-09-18,Name similarity: 79.16666666666667%. Official vs colloquial/abbreviated form.,resolved_alias,Preserve secondary name as official alias under primary canonical identity.,False
CONF_0128,Thiruvottriyur Depot <-> Thiruvottiyur Ajax Bus Depot,coordinates,CHENNAI_COMMUNITY_GTFS,"(13.17247, 80.30476)",CHENNAI_COMMUNITY_GTFS,"(13.17219, 80.30545)",2026-09-18,Distance delta: 80.9m between CHENNAI_COMMUNITY_GTFS and CHENNAI_COMMUNITY_GTFS.,unresolved_logged,Preserve both coordinates as source evidence; prioritize official operator/OSM surveyed platform in canonical.,False
CONF_0129,Thiruvottriyur Depot <-> Thiruvottiyur Ajax Bus Depot,station_name,CHENNAI_COMMUNITY_GTFS,Thiruvottriyur Depot,CHENNAI_COMMUNITY_GTFS,Thiruvottiyur Ajax Bus Depot,2026-09-18,Name similarity: 79.16666666666667%. Official vs colloquial/abbreviated form.,resolved_alias,Preserve secondary name as official alias under primary canonical identity.,False
CONF_0130,Ayanavaram Bus Terminus <-> Ayanavaram Depot,coordinates,CHENNAI_COMMUNITY_GTFS,"(13.09807, 80.24187)",CHENNAI_COMMUNITY_GTFS,"(13.09846, 80.24225)",2026-09-18,Distance delta: 59.8m between CHENNAI_COMMUNITY_GTFS and CHENNAI_COMMUNITY_GTFS.,unresolved_logged,Preserve both coordinates as source evidence; prioritize official operator/OSM surveyed platform in canonical.,False
CONF_0131,Ayanavaram Bus Terminus <-> Ayanavaram Depot,station_name,CHENNAI_COMMUNITY_GTFS,Ayanavaram Bus Terminus,CHENNAI_COMMUNITY_GTFS,Ayanavaram Depot,2026-09-18,Name similarity: 76.92307692307692%. Official vs colloquial/abbreviated form.,resolved_alias,Preserve secondary name as official alias under primary canonical identity.,False
CONF_0132,Thiyagaraya Nagar Depot <-> Thiyagaraya Nagar Bus Depot,coordinates,CHENNAI_COMMUNITY_GTFS,"(13.03388, 80.23004)",CHENNAI_COMMUNITY_GTFS,"(13.03367, 80.23055)",2026-09-18,Distance delta: 60.0m between CHENNAI_COMMUNITY_GTFS and CHENNAI_COMMUNITY_GTFS.,unresolved_logged,Preserve both coordinates as source evidence; prioritize official operator/OSM surveyed platform in canonical.,False
CONF_0133,Kilambakkam Bus Terminus <-> Kilambakkam Bus Terminus,coordinates,CHENNAI_COMMUNITY_GTFS,"(12.87351, 80.07858)",CHENNAI_COMMUNITY_GTFS,"(12.87429, 80.07804)",2026-09-18,Distance delta: 104.6m between CHENNAI_COMMUNITY_GTFS and CHENNAI_COMMUNITY_GTFS.,unresolved_logged,Preserve both coordinates as source evidence; prioritize official operator/OSM surveyed platform in canonical.,False
CONF_0134,Iyyapanthangal Depot <-> Iyyappanthangal Bus Depot,coordinates,CHENNAI_COMMUNITY_GTFS,"(13.03709, 80.13445)",CHENNAI_COMMUNITY_GTFS,"(13.03812, 80.13487)",2026-09-18,Distance delta: 123.2m between CHENNAI_COMMUNITY_GTFS and CHENNAI_COMMUNITY_GTFS.,unresolved_logged,Preserve both coordinates as source evidence; prioritize official operator/OSM surveyed platform in canonical.,False
CONF_0135,Iyyapanthangal Depot <-> Iyyappanthangal Bus Depot,station_name,CHENNAI_COMMUNITY_GTFS,Iyyapanthangal Depot,CHENNAI_COMMUNITY_GTFS,Iyyappanthangal Bus Depot,2026-09-18,Name similarity: 88.88888888888889%. Official vs colloquial/abbreviated form.,resolved_alias,Preserve secondary name as official alias under primary canonical identity.,False
CONF_0136,Iyyapanthangal Depot <-> Iyyappanthangal Bus Depot,coordinates,CHENNAI_COMMUNITY_GTFS,"(13.03709, 80.13445)",CHENNAI_COMMUNITY_GTFS,"(13.03797, 80.13535)",2026-09-18,Distance delta: 138.1m between CHENNAI_COMMUNITY_GTFS and CHENNAI_COMMUNITY_GTFS.,unresolved_logged,Preserve both coordinates as source evidence; prioritize official operator/OSM surveyed platform in canonical.,False
CONF_0137,Iyyapanthangal Depot <-> Iyyappanthangal Bus Depot,station_name,CHENNAI_COMMUNITY_GTFS,Iyyapanthangal Depot,CHENNAI_COMMUNITY_GTFS,Iyyappanthangal Bus Depot,2026-09-18,Name similarity: 88.88888888888889%. Official vs colloquial/abbreviated form.,resolved_alias,Preserve secondary name as official alias under primary canonical identity.,False
CONF_0138,Kannagi Nagar Bus Terminus <-> Kannagi Nagar Depot,station_name,CHENNAI_COMMUNITY_GTFS,Kannagi Nagar Bus Terminus,CHENNAI_COMMUNITY_GTFS,Kannagi Nagar Depot,2026-09-18,Name similarity: 81.25%. Official vs colloquial/abbreviated form.,resolved_alias,Preserve secondary name as official alias under primary canonical identity.,False
CONF_0139,Iyyappanthangal Bus Depot <-> Iyyappanthangal Bus Depot,coordinates,CHENNAI_COMMUNITY_GTFS,"(13.03812, 80.13487)",CHENNAI_COMMUNITY_GTFS,"(13.03797, 80.13535)",2026-09-18,Distance delta: 54.6m between CHENNAI_COMMUNITY_GTFS and CHENNAI_COMMUNITY_GTFS.,unresolved_logged,Preserve both coordinates as source evidence; prioritize official operator/OSM surveyed platform in canonical.,False
CONF_0140,Anna Nagar West Terminus <-> Anna Nagar West Depot,coordinates,CHENNAI_COMMUNITY_GTFS,"(13.09383, 80.19814)",CHENNAI_COMMUNITY_GTFS,"(13.09403, 80.19878)",2026-09-18,Distance delta: 72.8m between CHENNAI_COMMUNITY_GTFS and CHENNAI_COMMUNITY_GTFS.,unresolved_logged,Preserve both coordinates as source evidence; prioritize official operator/OSM surveyed platform in canonical.,False
CONF_0141,Anna Nagar West Terminus <-> Anna Nagar West Depot,station_name,CHENNAI_COMMUNITY_GTFS,Anna Nagar West Terminus,CHENNAI_COMMUNITY_GTFS,Anna Nagar West Depot,2026-09-18,Name similarity: 83.33333333333333%. Official vs colloquial/abbreviated form.,resolved_alias,Preserve secondary name as official alias under primary canonical identity.,False
CONF_0142,Anna Nagar East Metro Station <-> Anna Nagar East Metro Station,coordinates,CHENNAI_COMMUNITY_GTFS,"(13.08446, 80.22045)",CHENNAI_COMMUNITY_GTFS,"(13.0848, 80.21952)",2026-09-18,Distance delta: 107.6m between CHENNAI_COMMUNITY_GTFS and CHENNAI_COMMUNITY_GTFS.,unresolved_logged,Preserve both coordinates as source evidence; prioritize official operator/OSM surveyed platform in canonical.,False
CONF_0143,Adyar (Depot) <-> Adyar (Depot),coordinates,CHENNAI_COMMUNITY_GTFS,"(12.99683, 80.25611)",CHENNAI_COMMUNITY_GTFS,"(12.99697, 80.25696)",2026-09-18,Distance delta: 93.4m between CHENNAI_COMMUNITY_GTFS and CHENNAI_COMMUNITY_GTFS.,unresolved_logged,Preserve both coordinates as source evidence; prioritize official operator/OSM surveyed platform in canonical.,False
CONF_0144,Alandur Metro <-> Alandur Metro,coordinates,CHENNAI_COMMUNITY_GTFS,"(13.00375, 80.20073)",CHENNAI_COMMUNITY_GTFS,"(13.00421, 80.20129)",2026-09-18,Distance delta: 79.4m between CHENNAI_COMMUNITY_GTFS and CHENNAI_COMMUNITY_GTFS.,unresolved_logged,Preserve both coordinates as source evidence; prioritize official operator/OSM surveyed platform in canonical.,False
CONF_0145,Thiruvottiyur Ajax Bus Depot <-> Thiruvottiyur Ajax Bus Depot,coordinates,CHENNAI_COMMUNITY_GTFS,"(13.17214, 80.30505)",CHENNAI_COMMUNITY_GTFS,"(13.17219, 80.30545)",2026-09-18,Distance delta: 43.7m between CHENNAI_COMMUNITY_GTFS and CHENNAI_COMMUNITY_GTFS.,unresolved_logged,Preserve both coordinates as source evidence; prioritize official operator/OSM surveyed platform in canonical.,False
CONF_0146,Puratchi Thalaivar Dr. M.G.Ramachandran Central Metro <-> Central Metro,coordinates,CMRL_API,"(13.080650909851306, 80.27259356057777)",OSM_OVERPASS,"(13.0817666, 80.2739102)",2026-09-18,Distance delta: 189.0m between CMRL_API and OSM_OVERPASS.,unresolved_logged,Preserve both coordinates as source evidence; prioritize official operator/OSM surveyed platform in canonical.,False
CONF_0147,Puratchi Thalaivar Dr. M.G.Ramachandran Central Metro <-> Central Metro,coordinates,CMRL_API,"(13.080650909851306, 80.27259356057777)",OSM_OVERPASS,"(13.0816876, 80.2739223)",2026-09-18,Distance delta: 184.4m between CMRL_API and OSM_OVERPASS.,unresolved_logged,Preserve both coordinates as source evidence; prioritize official operator/OSM surveyed platform in canonical.,False
CONF_0148,Puratchi Thalaivar Dr. M.G.Ramachandran Central Metro <-> Central Metro,coordinates,CMRL_API,"(13.080650909851306, 80.27259356057777)",OSM_OVERPASS,"(13.0817126, 80.2739184)",2026-09-18,Distance delta: 185.8m between CMRL_API and OSM_OVERPASS.,unresolved_logged,Preserve both coordinates as source evidence; prioritize official operator/OSM surveyed platform in canonical.,False
CONF_0149,Puratchi Thalaivar Dr. M.G.Ramachandran Central Metro <-> Central Metro,coordinates,CMRL_API,"(13.080650909851306, 80.27259356057777)",OSM_OVERPASS,"(13.0817435, 80.2739136)",2026-09-18,Distance delta: 187.6m between CMRL_API and OSM_OVERPASS.,unresolved_logged,Preserve both coordinates as source evidence; prioritize official operator/OSM surveyed platform in canonical.,False
CONF_0150,Puratchi Thalaivar Dr. M.G.Ramachandran Central Metro <-> Central Metro,coordinates,CMRL_API,"(13.080650909851306, 80.27259356057777)",OSM_OVERPASS,"(13.0817254, 80.273916)",2026-09-18,Distance delta: 186.5m between CMRL_API and OSM_OVERPASS.,unresolved_logged,Preserve both coordinates as source evidence; prioritize official operator/OSM surveyed platform in canonical.,False
CONF_0151,Egmore Metro <-> Egmore Metro,coordinates,CMRL_API,"(13.0790573, 80.2611065)",OSM_OVERPASS,"(13.0802886, 80.2630538)",2026-09-18,Distance delta: 251.5m between CMRL_API and OSM_OVERPASS.,unresolved_logged,Preserve both coordinates as source evidence; prioritize official operator/OSM surveyed platform in canonical.,False
CONF_0152,Egmore Metro <-> Egmore Metro,coordinates,CMRL_API,"(13.0790573, 80.2611065)",OSM_OVERPASS,"(13.0802705, 80.2630584)",2026-09-18,Distance delta: 250.8m between CMRL_API and OSM_OVERPASS.,unresolved_logged,Preserve both coordinates as source evidence; prioritize official operator/OSM surveyed platform in canonical.,False
CONF_0153,Egmore Metro <-> Egmore,coordinates,CMRL_API,"(13.0790573, 80.2611065)",OSM_OVERPASS,"(13.0802807, 80.2630546)",2026-09-18,Distance delta: 251.1m between CMRL_API and OSM_OVERPASS.,unresolved_logged,Preserve both coordinates as source evidence; prioritize official operator/OSM surveyed platform in canonical.,False
CONF_0154,Anna Nagar East <-> Anna Nagar East,coordinates,CMRL_API,"(13.0847975, 80.218657)",OSM_OVERPASS,"(13.0846312, 80.2203688)",2026-09-18,Distance delta: 186.3m between CMRL_API and OSM_OVERPASS.,unresolved_logged,Preserve both coordinates as source evidence; prioritize official operator/OSM surveyed platform in canonical.,False
CONF_0155,Anna Nagar East <-> Anna Nagar East Metro Station,coordinates,CMRL_API,"(13.0847975, 80.218657)",CHENNAI_COMMUNITY_GTFS,"(13.08446, 80.22045)",2026-09-18,Distance delta: 197.8m between CMRL_API and CHENNAI_COMMUNITY_GTFS.,unresolved_logged,Preserve both coordinates as source evidence; prioritize official operator/OSM surveyed platform in canonical.,False
CONF_0156,Koyambedu <-> Koyambedu,coordinates,CMRL_API,"(13.073257865971941, 80.1929990571153)",OSM_OVERPASS,"(13.0734496, 80.1948363)",2026-09-18,Distance delta: 200.1m between CMRL_API and OSM_OVERPASS.,unresolved_logged,Preserve both coordinates as source evidence; prioritize official operator/OSM surveyed platform in canonical.,False
CONF_0157,Koyambedu <-> Koyambedu,coordinates,CMRL_API,"(13.073257865971941, 80.1929990571153)",OSM_OVERPASS,"(13.0720413, 80.1951189)",2026-09-18,Distance delta: 266.5m between CMRL_API and OSM_OVERPASS.,unresolved_logged,Preserve both coordinates as source evidence; prioritize official operator/OSM surveyed platform in canonical.,False
CONF_0158,Koyambedu <-> Koyambedu,coordinates,CMRL_API,"(13.073257865971941, 80.1929990571153)",OSM_OVERPASS,"(13.0720365, 80.195197)",2026-09-18,Distance delta: 274.1m between CMRL_API and OSM_OVERPASS.,unresolved_logged,Preserve both coordinates as source evidence; prioritize official operator/OSM surveyed platform in canonical.,False
CONF_0159,Koyambedu <-> Koyambedu Metro,coordinates,CMRL_API,"(13.073257865971941, 80.1929990571153)",CHENNAI_COMMUNITY_GTFS,"(13.07331, 80.19492)",2026-09-18,Distance delta: 208.1m between CMRL_API and CHENNAI_COMMUNITY_GTFS.,unresolved_logged,Preserve both coordinates as source evidence; prioritize official operator/OSM surveyed platform in canonical.,False
CONF_0160,Puratchi Thalaivi Dr.J.Jayalalithaa CMBT Metro <-> CMBT,coordinates,CMRL_API,"(13.068749368997844, 80.2018460624593)",OSM_OVERPASS,"(13.0685197, 80.2039836)",2026-09-18,Distance delta: 232.9m between CMRL_API and OSM_OVERPASS.,unresolved_logged,Preserve both coordinates as source evidence; prioritize official operator/OSM surveyed platform in canonical.,False
CONF_0161,Wimco Nagar Metro <-> Wimco Nagar,coordinates,CMRL_API,"(13.17980338532951, 80.3046587788574)",OSM_OVERPASS,"(13.1792903, 80.3073435)",2026-09-18,Distance delta: 296.2m between CMRL_API and OSM_OVERPASS.,unresolved_logged,Preserve both coordinates as source evidence; prioritize official operator/OSM surveyed platform in canonical.,False
CONF_0162,Wimco Nagar Metro <-> Wimco Nagar,coordinates,CMRL_API,"(13.17980338532951, 80.3046587788574)",OSM_OVERPASS,"(13.1792864, 80.3073683)",2026-09-18,Distance delta: 298.9m between CMRL_API and OSM_OVERPASS.,unresolved_logged,Preserve both coordinates as source evidence; prioritize official operator/OSM surveyed platform in canonical.,False
CONF_0163,Wimco Nagar Metro <-> Wimco Nagar,coordinates,CMRL_API,"(13.17980338532951, 80.3046587788574)",OSM_OVERPASS,"(13.1792941, 80.307318)",2026-09-18,Distance delta: 293.4m between CMRL_API and OSM_OVERPASS.,unresolved_logged,Preserve both coordinates as source evidence; prioritize official operator/OSM surveyed platform in canonical.,False
CONF_0164,Thiruvottriyur Theradi Metro <-> Thiruvottiyur Theradi,coordinates,CMRL_API,"(13.159873210723175, 80.29982707479635)",OSM_OVERPASS,"(13.1602152, 80.3024483)",2026-09-18,Distance delta: 286.3m between CMRL_API and OSM_OVERPASS.,unresolved_logged,Preserve both coordinates as source evidence; prioritize official operator/OSM surveyed platform in canonical.,False
CONF_0165,Thiruvottriyur Theradi Metro <-> Thiruvottiyur Theradi,station_name,CMRL_API,Thiruvottriyur Theradi Metro,OSM_OVERPASS,Thiruvottiyur Theradi,2026-09-18,Name similarity: 85.71428571428571%. Official vs colloquial/abbreviated form.,resolved_alias,Preserve secondary name as official alias under primary canonical identity.,False
CONF_0166,Kaladipet Metro <-> Kaladipet,coordinates,CMRL_API,"(13.151050510919191, 80.2968370747963)",OSM_OVERPASS,"(13.1506672, 80.2993928)",2026-09-18,Distance delta: 280.0m between CMRL_API and OSM_OVERPASS.,unresolved_logged,Preserve both coordinates as source evidence; prioritize official operator/OSM surveyed platform in canonical.,False
CONF_0167,Tondiarpet Metro <-> Tondiarpet,coordinates,CMRL_API,"(13.124325437205261, 80.28611267507907)",OSM_OVERPASS,"(13.1245276, 80.2888557)",2026-09-18,Distance delta: 297.9m between CMRL_API and OSM_OVERPASS.,unresolved_logged,Preserve both coordinates as source evidence; prioritize official operator/OSM surveyed platform in canonical.,False
CONF_0168,Mannadi <-> Mannadi,coordinates,CMRL_API,"(13.095684862148422, 80.28351647373415)",OSM_OVERPASS,"(13.095369, 80.2860786)",2026-09-18,Distance delta: 279.7m between CMRL_API and OSM_OVERPASS.,unresolved_logged,Preserve both coordinates as source evidence; prioritize official operator/OSM surveyed platform in canonical.,False
CONF_0169,Mannadi <-> Mannadi,coordinates,CMRL_API,"(13.095684862148422, 80.28351647373415)",OSM_OVERPASS,"(13.0953587, 80.2861592)",2026-09-18,Distance delta: 288.5m between CMRL_API and OSM_OVERPASS.,unresolved_logged,Preserve both coordinates as source evidence; prioritize official operator/OSM surveyed platform in canonical.,False
CONF_0170,Mannadi <-> Mannadi,coordinates,CMRL_API,"(13.095684862148422, 80.28351647373415)",OSM_OVERPASS,"(13.0954465, 80.2861312)",2026-09-18,Distance delta: 284.4m between CMRL_API and OSM_OVERPASS.,unresolved_logged,Preserve both coordinates as source evidence; prioritize official operator/OSM surveyed platform in canonical.,False
CONF_0171,Puratchi Thalaivar Dr. M.G.Ramachandran Central Metro <-> Central Metro,coordinates,CMRL_API,"(13.080650909851306, 80.27259356057777)",OSM_OVERPASS,"(13.0817666, 80.2739102)",2026-09-18,Distance delta: 189.0m between CMRL_API and OSM_OVERPASS.,unresolved_logged,Preserve both coordinates as source evidence; prioritize official operator/OSM surveyed platform in canonical.,False
CONF_0172,Puratchi Thalaivar Dr. M.G.Ramachandran Central Metro <-> Central Metro,coordinates,CMRL_API,"(13.080650909851306, 80.27259356057777)",OSM_OVERPASS,"(13.0816876, 80.2739223)",2026-09-18,Distance delta: 184.4m between CMRL_API and OSM_OVERPASS.,unresolved_logged,Preserve both coordinates as source evidence; prioritize official operator/OSM surveyed platform in canonical.,False
CONF_0173,Puratchi Thalaivar Dr. M.G.Ramachandran Central Metro <-> Central Metro,coordinates,CMRL_API,"(13.080650909851306, 80.27259356057777)",OSM_OVERPASS,"(13.0817126, 80.2739184)",2026-09-18,Distance delta: 185.8m between CMRL_API and OSM_OVERPASS.,unresolved_logged,Preserve both coordinates as source evidence; prioritize official operator/OSM surveyed platform in canonical.,False
CONF_0174,Puratchi Thalaivar Dr. M.G.Ramachandran Central Metro <-> Central Metro,coordinates,CMRL_API,"(13.080650909851306, 80.27259356057777)",OSM_OVERPASS,"(13.0817435, 80.2739136)",2026-09-18,Distance delta: 187.6m between CMRL_API and OSM_OVERPASS.,unresolved_logged,Preserve both coordinates as source evidence; prioritize official operator/OSM surveyed platform in canonical.,False
CONF_0175,Puratchi Thalaivar Dr. M.G.Ramachandran Central Metro <-> Central Metro,coordinates,CMRL_API,"(13.080650909851306, 80.27259356057777)",OSM_OVERPASS,"(13.0817254, 80.273916)",2026-09-18,Distance delta: 186.5m between CMRL_API and OSM_OVERPASS.,unresolved_logged,Preserve both coordinates as source evidence; prioritize official operator/OSM surveyed platform in canonical.,False
CONF_0176,AG &#8211; DMS <-> Ag Dms Metro Station,coordinates,CMRL_API,"(13.045251063261999, 80.24566532373316)",CHENNAI_COMMUNITY_GTFS,"(13.04486, 80.24796)",2026-09-18,Distance delta: 252.3m between CMRL_API and CHENNAI_COMMUNITY_GTFS.,unresolved_logged,Preserve both coordinates as source evidence; prioritize official operator/OSM surveyed platform in canonical.,False
CONF_0177,AG &#8211; DMS <-> Ag Dms Metro Station,station_name,CMRL_API,AG &#8211; DMS,CHENNAI_COMMUNITY_GTFS,Ag Dms Metro Station,2026-09-18,Name similarity: 60.0%. Official vs colloquial/abbreviated form.,resolved_alias,Preserve secondary name as official alias under primary canonical identity.,False
CONF_0178,AG &#8211; DMS <-> Ag Dms Metro Station,coordinates,CMRL_API,"(13.045251063261999, 80.24566532373316)",CHENNAI_COMMUNITY_GTFS,"(13.04484, 80.24812)",2026-09-18,Distance delta: 269.8m between CMRL_API and CHENNAI_COMMUNITY_GTFS.,unresolved_logged,Preserve both coordinates as source evidence; prioritize official operator/OSM surveyed platform in canonical.,False
CONF_0179,AG &#8211; DMS <-> Ag Dms Metro Station,station_name,CMRL_API,AG &#8211; DMS,CHENNAI_COMMUNITY_GTFS,Ag Dms Metro Station,2026-09-18,Name similarity: 60.0%. Official vs colloquial/abbreviated form.,resolved_alias,Preserve secondary name as official alias under primary canonical identity.,False
CONF_0180,Nandanam <-> Nandanam Metro,coordinates,CMRL_API,"(13.031958313555847, 80.23958227321089)",CHENNAI_COMMUNITY_GTFS,"(13.03174, 80.24096)",2026-09-18,Distance delta: 151.2m between CMRL_API and CHENNAI_COMMUNITY_GTFS.,unresolved_logged,Preserve both coordinates as source evidence; prioritize official operator/OSM surveyed platform in canonical.,False
CONF_0181,Nandanam <-> Nandanam Metro,coordinates,CMRL_API,"(13.031958313555847, 80.23958227321089)",CHENNAI_COMMUNITY_GTFS,"(13.03166, 80.24114)",2026-09-18,Distance delta: 172.0m between CMRL_API and CHENNAI_COMMUNITY_GTFS.,unresolved_logged,Preserve both coordinates as source evidence; prioritize official operator/OSM surveyed platform in canonical.,False
CONF_0182,Little Mount <-> Little Mount Metro,coordinates,CMRL_API,"(13.014562787304808, 80.22136727507717)",CHENNAI_COMMUNITY_GTFS,"(13.01396, 80.22322)",2026-09-18,Distance delta: 211.6m between CMRL_API and CHENNAI_COMMUNITY_GTFS.,unresolved_logged,Preserve both coordinates as source evidence; prioritize official operator/OSM surveyed platform in canonical.,False
CONF_0183,OTA-Nanganallur Road <-> Nanganallur Road,coordinates,CMRL_API,"(13.000059014253818, 80.19157157500499)",OSM_OVERPASS,"(12.9998483, 80.1940028)",2026-09-18,Distance delta: 264.5m between CMRL_API and OSM_OVERPASS.,unresolved_logged,Preserve both coordinates as source evidence; prioritize official operator/OSM surveyed platform in canonical.,False
CONF_0184,OTA-Nanganallur Road <-> Nanganallur Road,station_name,CMRL_API,OTA-Nanganallur Road,OSM_OVERPASS,Nanganallur Road,2026-09-18,Name similarity: 88.88888888888889%. Official vs colloquial/abbreviated form.,resolved_alias,Preserve secondary name as official alias under primary canonical identity.,False
CONF_0185,OTA-Nanganallur Road <-> Nanganallur Road,coordinates,CMRL_API,"(13.000059014253818, 80.19157157500499)",OSM_OVERPASS,"(12.9998739, 80.1939756)",2026-09-18,Distance delta: 261.3m between CMRL_API and OSM_OVERPASS.,unresolved_logged,Preserve both coordinates as source evidence; prioritize official operator/OSM surveyed platform in canonical.,False
CONF_0186,OTA-Nanganallur Road <-> Nanganallur Road,station_name,CMRL_API,OTA-Nanganallur Road,OSM_OVERPASS,Nanganallur Road,2026-09-18,Name similarity: 88.88888888888889%. Official vs colloquial/abbreviated form.,resolved_alias,Preserve secondary name as official alias under primary canonical identity.,False
CONF_0187,OTA-Nanganallur Road <-> Nanganallur Road,coordinates,CMRL_API,"(13.000059014253818, 80.19157157500499)",OSM_OVERPASS,"(12.9998798, 80.1940099)",2026-09-18,Distance delta: 264.9m between CMRL_API and OSM_OVERPASS.,unresolved_logged,Preserve both coordinates as source evidence; prioritize official operator/OSM surveyed platform in canonical.,False
CONF_0188,OTA-Nanganallur Road <-> Nanganallur Road,station_name,CMRL_API,OTA-Nanganallur Road,OSM_OVERPASS,Nanganallur Road,2026-09-18,Name similarity: 88.88888888888889%. Official vs colloquial/abbreviated form.,resolved_alias,Preserve secondary name as official alias under primary canonical identity.,False
CONF_0189,OTA-Nanganallur Road <-> Nanganallur Metro,coordinates,CMRL_API,"(13.000059014253818, 80.19157157500499)",CHENNAI_COMMUNITY_GTFS,"(12.99928, 80.19341)",2026-09-18,Distance delta: 217.2m between CMRL_API and CHENNAI_COMMUNITY_GTFS.,unresolved_logged,Preserve both coordinates as source evidence; prioritize official operator/OSM surveyed platform in canonical.,False
CONF_0190,OTA-Nanganallur Road <-> Nanganallur Metro,station_name,CMRL_API,OTA-Nanganallur Road,CHENNAI_COMMUNITY_GTFS,Nanganallur Metro,2026-09-18,Name similarity: 64.86486486486487%. Official vs colloquial/abbreviated form.,resolved_alias,Preserve secondary name as official alias under primary canonical identity.,False
CONF_0191,Chennai International Airport <-> Airport Metro,coordinates,CMRL_API,"(12.9808255, 80.1642095)",CHENNAI_COMMUNITY_GTFS,"(12.98027, 80.16373)",2026-09-18,Distance delta: 80.7m between CMRL_API and CHENNAI_COMMUNITY_GTFS.,unresolved_logged,Preserve both coordinates as source evidence; prioritize official operator/OSM surveyed platform in canonical.,False
CONF_0192,Chennai International Airport <-> Airport Metro,station_name,CMRL_API,Chennai International Airport,CHENNAI_COMMUNITY_GTFS,Airport Metro,2026-09-18,Name similarity: 70.0%. Official vs colloquial/abbreviated form.,resolved_alias,Preserve secondary name as official alias under primary canonical identity.,False
CONF_0193,Shenoy Nagar <-> Shenoy Nagar,coordinates,OSM_OVERPASS,"(13.0776718, 80.225143)",OSM_OVERPASS,"(13.0799248, 80.2251225)",2026-09-18,Distance delta: 250.5m between OSM_OVERPASS and OSM_OVERPASS.,unresolved_logged,Preserve both coordinates as source evidence; prioritize official operator/OSM surveyed platform in canonical.,False
CONF_0194,Anna Nagar East <-> Anna Nagar East,coordinates,OSM_OVERPASS,"(13.0846312, 80.2203688)",OSM_OVERPASS,"(13.0845849, 80.2186077)",2026-09-18,Distance delta: 190.8m between OSM_OVERPASS and OSM_OVERPASS.,unresolved_logged,Preserve both coordinates as source evidence; prioritize official operator/OSM surveyed platform in canonical.,False
CONF_0195,Koyambedu <-> Koyambedu,coordinates,OSM_OVERPASS,"(13.0734496, 80.1948363)",OSM_OVERPASS,"(13.0720413, 80.1951189)",2026-09-18,Distance delta: 159.6m between OSM_OVERPASS and OSM_OVERPASS.,unresolved_logged,Preserve both coordinates as source evidence; prioritize official operator/OSM surveyed platform in canonical.,False
CONF_0196,Koyambedu <-> Koyambedu,coordinates,OSM_OVERPASS,"(13.0734496, 80.1948363)",OSM_OVERPASS,"(13.0720365, 80.195197)",2026-09-18,Distance delta: 161.9m between OSM_OVERPASS and OSM_OVERPASS.,unresolved_logged,Preserve both coordinates as source evidence; prioritize official operator/OSM surveyed platform in canonical.,False
CONF_0197,Chennai International Airport <-> Airport Metro,coordinates,OSM_OVERPASS,"(12.9808092, 80.1642026)",CHENNAI_COMMUNITY_GTFS,"(12.98027, 80.16373)",2026-09-18,Distance delta: 78.8m between OSM_OVERPASS and CHENNAI_COMMUNITY_GTFS.,unresolved_logged,Preserve both coordinates as source evidence; prioritize official operator/OSM surveyed platform in canonical.,False
CONF_0198,Chennai International Airport <-> Airport Metro,station_name,OSM_OVERPASS,Chennai International Airport,CHENNAI_COMMUNITY_GTFS,Airport Metro,2026-09-18,Name similarity: 70.0%. Official vs colloquial/abbreviated form.,resolved_alias,Preserve secondary name as official alias under primary canonical identity.,False
CONF_0199,Anna Nagar East <-> Anna Nagar East Metro Station,coordinates,OSM_OVERPASS,"(13.0845849, 80.2186077)",CHENNAI_COMMUNITY_GTFS,"(13.08446, 80.22045)",2026-09-18,Distance delta: 200.0m between OSM_OVERPASS and CHENNAI_COMMUNITY_GTFS.,unresolved_logged,Preserve both coordinates as source evidence; prioritize official operator/OSM surveyed platform in canonical.,False
CONF_0200,Perumbakkam Bus Depot <-> Perumbakkam Depot,coordinates,OSM_OVERPASS,"(12.8866626, 80.2096881)",CHENNAI_COMMUNITY_GTFS,"(12.88775, 80.2088)",2026-09-18,Distance delta: 154.6m between OSM_OVERPASS and CHENNAI_COMMUNITY_GTFS.,unresolved_logged,Preserve both coordinates as source evidence; prioritize official operator/OSM surveyed platform in canonical.,False
CONF_0201,Tambaram MTC Terminus <-> Tambaram East MTC Terminus,coordinates,OSM_OVERPASS,"(12.9253393, 80.1167451)",OSM_OVERPASS,"(12.923598, 80.1170906)",2026-09-18,Distance delta: 197.2m between OSM_OVERPASS and OSM_OVERPASS.,unresolved_logged,Preserve both coordinates as source evidence; prioritize official operator/OSM surveyed platform in canonical.,False
CONF_0202,NGO Colony Bus Terminus <-> Adambakkam Bus Terminus,station_name,OSM_OVERPASS,NGO Colony Bus Terminus,CHENNAI_COMMUNITY_GTFS,Adambakkam Bus Terminus,2026-09-18,Name similarity: 68.57142857142857%. Official vs colloquial/abbreviated form.,resolved_alias,Preserve secondary name as official alias under primary canonical identity.,False
CONF_0203,Adyar Depot <-> Adyar (Depot),coordinates,OSM_OVERPASS,"(12.9988972, 80.2559382)",CHENNAI_COMMUNITY_GTFS,"(12.99683, 80.25611)",2026-09-18,Distance delta: 230.6m between OSM_OVERPASS and CHENNAI_COMMUNITY_GTFS.,unresolved_logged,Preserve both coordinates as source evidence; prioritize official operator/OSM surveyed platform in canonical.,False
CONF_0204,Adyar Depot <-> Adyar (Depot),coordinates,OSM_OVERPASS,"(12.9988972, 80.2559382)",CHENNAI_COMMUNITY_GTFS,"(12.99697, 80.25696)",2026-09-18,Distance delta: 241.2m between OSM_OVERPASS and CHENNAI_COMMUNITY_GTFS.,unresolved_logged,Preserve both coordinates as source evidence; prioritize official operator/OSM surveyed platform in canonical.,False
CONF_0205,Adyar Depot <-> Adyar (Depot),coordinates,OSM_OVERPASS,"(12.9984686, 80.2561546)",CHENNAI_COMMUNITY_GTFS,"(12.99683, 80.25611)",2026-09-18,Distance delta: 182.3m between OSM_OVERPASS and CHENNAI_COMMUNITY_GTFS.,unresolved_logged,Preserve both coordinates as source evidence; prioritize official operator/OSM surveyed platform in canonical.,False
CONF_0206,Adyar Depot <-> Adyar (Depot),coordinates,OSM_OVERPASS,"(12.9984686, 80.2561546)",CHENNAI_COMMUNITY_GTFS,"(12.99697, 80.25696)",2026-09-18,Distance delta: 188.1m between OSM_OVERPASS and CHENNAI_COMMUNITY_GTFS.,unresolved_logged,Preserve both coordinates as source evidence; prioritize official operator/OSM surveyed platform in canonical.,False
CONF_0207,Adyar Depot <-> Adyar (Depot),coordinates,OSM_OVERPASS,"(12.998741, 80.2561722)",CHENNAI_COMMUNITY_GTFS,"(12.99683, 80.25611)",2026-09-18,Distance delta: 212.6m between OSM_OVERPASS and CHENNAI_COMMUNITY_GTFS.,unresolved_logged,Preserve both coordinates as source evidence; prioritize official operator/OSM surveyed platform in canonical.,False
CONF_0208,Adyar Depot <-> Adyar (Depot),coordinates,OSM_OVERPASS,"(12.998741, 80.2561722)",CHENNAI_COMMUNITY_GTFS,"(12.99697, 80.25696)",2026-09-18,Distance delta: 214.6m between OSM_OVERPASS and CHENNAI_COMMUNITY_GTFS.,unresolved_logged,Preserve both coordinates as source evidence; prioritize official operator/OSM surveyed platform in canonical.,False
CONF_0209,Ayyapanthangal <-> Iyyappanthangal Bus Terminus,station_name,OSM_OVERPASS,Ayyapanthangal,CHENNAI_COMMUNITY_GTFS,Iyyappanthangal Bus Terminus,2026-09-18,Name similarity: 61.904761904761905%. Official vs colloquial/abbreviated form.,resolved_alias,Preserve secondary name as official alias under primary canonical identity.,False
CONF_0210,Ayyapanthangal <-> Iyyappanthangal Bus Depot,station_name,OSM_OVERPASS,Ayyapanthangal,CHENNAI_COMMUNITY_GTFS,Iyyappanthangal Bus Depot,2026-09-18,Name similarity: 66.66666666666666%. Official vs colloquial/abbreviated form.,resolved_alias,Preserve secondary name as official alias under primary canonical identity.,False
CONF_0211,Ayyapanthangal <-> Iyyappanthangal Bus Depot,coordinates,OSM_OVERPASS,"(13.0377933, 80.1349425)",CHENNAI_COMMUNITY_GTFS,"(13.03797, 80.13535)",2026-09-18,Distance delta: 48.3m between OSM_OVERPASS and CHENNAI_COMMUNITY_GTFS.,unresolved_logged,Preserve both coordinates as source evidence; prioritize official operator/OSM surveyed platform in canonical.,False
CONF_0212,Ayyapanthangal <-> Iyyappanthangal Bus Depot,station_name,OSM_OVERPASS,Ayyapanthangal,CHENNAI_COMMUNITY_GTFS,Iyyappanthangal Bus Depot,2026-09-18,Name similarity: 66.66666666666666%. Official vs colloquial/abbreviated form.,resolved_alias,Preserve secondary name as official alias under primary canonical identity.,False
CONF_0213,Puratchi Thalaivar Dr. M.G.R Bus Terminus <-> M.G.R.Koyambedu Bus Terminus,station_name,OSM_OVERPASS,Puratchi Thalaivar Dr. M.G.R Bus Terminus,CHENNAI_COMMUNITY_GTFS,M.G.R.Koyambedu Bus Terminus,2026-09-18,Name similarity: 60.0%. Official vs colloquial/abbreviated form.,resolved_alias,Preserve secondary name as official alias under primary canonical identity.,False
CONF_0214,Koyambedu Mofussil Bus Terminal <-> M.G.R.Koyambedu Bus Terminus,coordinates,OSM_OVERPASS,"(13.0665289, 80.2062855)",CHENNAI_COMMUNITY_GTFS,"(13.0688, 80.2052)",2026-09-18,Distance delta: 278.6m between OSM_OVERPASS and CHENNAI_COMMUNITY_GTFS.,unresolved_logged,Preserve both coordinates as source evidence; prioritize official operator/OSM surveyed platform in canonical.,False
CONF_0215,Koyambedu Mofussil Bus Terminal <-> M.G.R.Koyambedu Bus Terminus,station_name,OSM_OVERPASS,Koyambedu Mofussil Bus Terminal,CHENNAI_COMMUNITY_GTFS,M.G.R.Koyambedu Bus Terminus,2026-09-18,Name similarity: 67.79661016949152%. Official vs colloquial/abbreviated form.,resolved_alias,Preserve secondary name as official alias under primary canonical identity.,False
CONF_0216,Koyambedu Mofussil Bus Terminal <-> M.G.R.Koyambedu Bus Terminus,coordinates,OSM_OVERPASS,"(13.066402, 80.2049735)",CHENNAI_COMMUNITY_GTFS,"(13.0688, 80.2052)",2026-09-18,Distance delta: 267.8m between OSM_OVERPASS and CHENNAI_COMMUNITY_GTFS.,unresolved_logged,Preserve both coordinates as source evidence; prioritize official operator/OSM surveyed platform in canonical.,False
CONF_0217,Koyambedu Mofussil Bus Terminal <-> M.G.R.Koyambedu Bus Terminus,station_name,OSM_OVERPASS,Koyambedu Mofussil Bus Terminal,CHENNAI_COMMUNITY_GTFS,M.G.R.Koyambedu Bus Terminus,2026-09-18,Name similarity: 67.79661016949152%. Official vs colloquial/abbreviated form.,resolved_alias,Preserve secondary name as official alias under primary canonical identity.,False
CONF_0218,Anna Nagar West <-> Annanagar Depot,coordinates,OSM_OVERPASS,"(13.0937546, 80.1984937)",CHENNAI_COMMUNITY_GTFS,"(13.09567, 80.19791)",2026-09-18,Distance delta: 222.2m between OSM_OVERPASS and CHENNAI_COMMUNITY_GTFS.,unresolved_logged,Preserve both coordinates as source evidence; prioritize official operator/OSM surveyed platform in canonical.,False
CONF_0219,Anna Nagar West <-> Annanagar Depot,station_name,OSM_OVERPASS,Anna Nagar West,CHENNAI_COMMUNITY_GTFS,Annanagar Depot,2026-09-18,Name similarity: 80.0%. Official vs colloquial/abbreviated form.,resolved_alias,Preserve secondary name as official alias under primary canonical identity.,False
CONF_0220,V House Bus Terminus <-> Vivekananda House Terminus,coordinates,OSM_OVERPASS,"(13.0512112, 80.2778386)",CHENNAI_COMMUNITY_GTFS,"(13.05065, 80.27957)",2026-09-18,Distance delta: 197.7m between OSM_OVERPASS and CHENNAI_COMMUNITY_GTFS.,unresolved_logged,Preserve both coordinates as source evidence; prioritize official operator/OSM surveyed platform in canonical.,False
CONF_0221,V House Bus Terminus <-> Vivekananda House Terminus,station_name,OSM_OVERPASS,V House Bus Terminus,CHENNAI_COMMUNITY_GTFS,Vivekananda House Terminus,2026-09-18,Name similarity: 82.35294117647058%. Official vs colloquial/abbreviated form.,resolved_alias,Preserve secondary name as official alias under primary canonical identity.,False
CONF_0222,Ayanavaram MTC Terminus <-> Ayanavaram Depot,coordinates,OSM_OVERPASS,"(13.0985912, 80.2420039)",CHENNAI_COMMUNITY_GTFS,"(13.09883, 80.24058)",2026-09-18,Distance delta: 156.5m between OSM_OVERPASS and CHENNAI_COMMUNITY_GTFS.,unresolved_logged,Preserve both coordinates as source evidence; prioritize official operator/OSM surveyed platform in canonical.,False
CONF_0223,Ayanavaram MTC Terminus <-> Ayanavaram Depot,station_name,OSM_OVERPASS,Ayanavaram MTC Terminus,CHENNAI_COMMUNITY_GTFS,Ayanavaram Depot,2026-09-18,Name similarity: 76.92307692307692%. Official vs colloquial/abbreviated form.,resolved_alias,Preserve secondary name as official alias under primary canonical identity.,False
CONF_0224,"Madhavaram Mofussil Bus Terminus <-> Madhavarm APSRTC , TNSTC Bus Terminus",coordinates,OSM_OVERPASS,"(13.1461042, 80.2216999)",OSM_OVERPASS,"(13.1455665, 80.2213643)",2026-09-18,Distance delta: 70.0m between OSM_OVERPASS and OSM_OVERPASS.,unresolved_logged,Preserve both coordinates as source evidence; prioritize official operator/OSM surveyed platform in canonical.,False
CONF_0225,"Madhavaram Mofussil Bus Terminus <-> Madhavarm APSRTC , TNSTC Bus Terminus",station_name,OSM_OVERPASS,Madhavaram Mofussil Bus Terminus,OSM_OVERPASS,"Madhavarm APSRTC , TNSTC Bus Terminus",2026-09-18,Name similarity: 69.56521739130434%. Official vs colloquial/abbreviated form.,resolved_alias,Preserve secondary name as official alias under primary canonical identity.,False
CONF_0226,Madhavaram Mofussil Bus Terminus <-> M.M.B.T Madhavarm Bus Terminus,coordinates,OSM_OVERPASS,"(13.1461042, 80.2216999)",CHENNAI_COMMUNITY_GTFS,"(13.14549, 80.22146)",2026-09-18,Distance delta: 73.1m between OSM_OVERPASS and CHENNAI_COMMUNITY_GTFS.,unresolved_logged,Preserve both coordinates as source evidence; prioritize official operator/OSM surveyed platform in canonical.,False
CONF_0227,Madhavaram Mofussil Bus Terminus <-> M.M.B.T Madhavarm Bus Terminus,station_name,OSM_OVERPASS,Madhavaram Mofussil Bus Terminus,CHENNAI_COMMUNITY_GTFS,M.M.B.T Madhavarm Bus Terminus,2026-09-18,Name similarity: 70.96774193548387%. Official vs colloquial/abbreviated form.,resolved_alias,Preserve secondary name as official alias under primary canonical identity.,False
CONF_0228,Thirovttriyur MTC Terminus <-> Thiruvottriyur Depot,coordinates,OSM_OVERPASS,"(13.1721641, 80.3050914)",CHENNAI_COMMUNITY_GTFS,"(13.17247, 80.30476)",2026-09-18,Distance delta: 49.4m between OSM_OVERPASS and CHENNAI_COMMUNITY_GTFS.,unresolved_logged,Preserve both coordinates as source evidence; prioritize official operator/OSM surveyed platform in canonical.,False
CONF_0229,Thirovttriyur MTC Terminus <-> Thiruvottriyur Depot,station_name,OSM_OVERPASS,Thirovttriyur MTC Terminus,CHENNAI_COMMUNITY_GTFS,Thiruvottriyur Depot,2026-09-18,Name similarity: 60.869565217391305%. Official vs colloquial/abbreviated form.,resolved_alias,Preserve secondary name as official alias under primary canonical identity.,False
CONF_0230,Ennore MTC Terminus <-> Ennore Depot,coordinates,OSM_OVERPASS,"(13.214722, 80.320837)",CHENNAI_COMMUNITY_GTFS,"(13.21569, 80.3209)",2026-09-18,Distance delta: 107.9m between OSM_OVERPASS and CHENNAI_COMMUNITY_GTFS.,unresolved_logged,Preserve both coordinates as source evidence; prioritize official operator/OSM surveyed platform in canonical.,False
CONF_0231,Ennore MTC Terminus <-> Ennore Depot,station_name,OSM_OVERPASS,Ennore MTC Terminus,CHENNAI_COMMUNITY_GTFS,Ennore Depot,2026-09-18,Name similarity: 66.66666666666666%. Official vs colloquial/abbreviated form.,resolved_alias,Preserve secondary name as official alias under primary canonical identity.,False
CONF_0232,Alandur Depot <-> Alandur Depot,coordinates,CHENNAI_COMMUNITY_GTFS,"(12.99584, 80.18871)",CHENNAI_COMMUNITY_GTFS,"(12.99719, 80.1906)",2026-09-18,Distance delta: 253.9m between CHENNAI_COMMUNITY_GTFS and CHENNAI_COMMUNITY_GTFS.,unresolved_logged,Preserve both coordinates as source evidence; prioritize official operator/OSM surveyed platform in canonical.,False
CONF_0233,Annanagar Depot <-> Anna Nagar West Depot,coordinates,CHENNAI_COMMUNITY_GTFS,"(13.09567, 80.19791)",CHENNAI_COMMUNITY_GTFS,"(13.0937, 80.19842)",2026-09-18,Distance delta: 225.9m between CHENNAI_COMMUNITY_GTFS and CHENNAI_COMMUNITY_GTFS.,unresolved_logged,Preserve both coordinates as source evidence; prioritize official operator/OSM surveyed platform in canonical.,False
CONF_0234,Annanagar Depot <-> Anna Nagar West Depot,station_name,CHENNAI_COMMUNITY_GTFS,Annanagar Depot,CHENNAI_COMMUNITY_GTFS,Anna Nagar West Depot,2026-09-18,Name similarity: 83.33333333333333%. Official vs colloquial/abbreviated form.,resolved_alias,Preserve secondary name as official alias under primary canonical identity.,False
CONF_0235,Annanagar Depot <-> Anna Nagar West Terminus,coordinates,CHENNAI_COMMUNITY_GTFS,"(13.09567, 80.19791)",CHENNAI_COMMUNITY_GTFS,"(13.09383, 80.19814)",2026-09-18,Distance delta: 206.1m between CHENNAI_COMMUNITY_GTFS and CHENNAI_COMMUNITY_GTFS.,unresolved_logged,Preserve both coordinates as source evidence; prioritize official operator/OSM surveyed platform in canonical.,False
CONF_0236,Annanagar Depot <-> Anna Nagar West Terminus,station_name,CHENNAI_COMMUNITY_GTFS,Annanagar Depot,CHENNAI_COMMUNITY_GTFS,Anna Nagar West Terminus,2026-09-18,Name similarity: 61.53846153846154%. Official vs colloquial/abbreviated form.,resolved_alias,Preserve secondary name as official alias under primary canonical identity.,False
CONF_0237,Annanagar Depot <-> Anna Nagar West Depot,coordinates,CHENNAI_COMMUNITY_GTFS,"(13.09567, 80.19791)",CHENNAI_COMMUNITY_GTFS,"(13.09403, 80.19878)",2026-09-18,Distance delta: 205.3m between CHENNAI_COMMUNITY_GTFS and CHENNAI_COMMUNITY_GTFS.,unresolved_logged,Preserve both coordinates as source evidence; prioritize official operator/OSM surveyed platform in canonical.,False
CONF_0238,Annanagar Depot <-> Anna Nagar West Depot,station_name,CHENNAI_COMMUNITY_GTFS,Annanagar Depot,CHENNAI_COMMUNITY_GTFS,Anna Nagar West Depot,2026-09-18,Name similarity: 83.33333333333333%. Official vs colloquial/abbreviated form.,resolved_alias,Preserve secondary name as official alias under primary canonical identity.,False
CONF_0239,Tondairpet-1 Depot <-> Tondiarpet Bus Depot,coordinates,CHENNAI_COMMUNITY_GTFS,"(13.13131, 80.29319)",CHENNAI_COMMUNITY_GTFS,"(13.13195, 80.29183)",2026-09-18,Distance delta: 163.6m between CHENNAI_COMMUNITY_GTFS and CHENNAI_COMMUNITY_GTFS.,unresolved_logged,Preserve both coordinates as source evidence; prioritize official operator/OSM surveyed platform in canonical.,False
CONF_0240,Tondairpet-1 Depot <-> Tondiarpet Bus Depot,station_name,CHENNAI_COMMUNITY_GTFS,Tondairpet-1 Depot,CHENNAI_COMMUNITY_GTFS,Tondiarpet Bus Depot,2026-09-18,Name similarity: 78.94736842105263%. Official vs colloquial/abbreviated form.,resolved_alias,Preserve secondary name as official alias under primary canonical identity.,False
CONF_0241,Thiruvanmiyur Depot <-> Thiruvanmiyur Depot,coordinates,CHENNAI_COMMUNITY_GTFS,"(12.9875, 80.25919)",CHENNAI_COMMUNITY_GTFS,"(12.98641, 80.25802)",2026-09-18,Distance delta: 175.4m between CHENNAI_COMMUNITY_GTFS and CHENNAI_COMMUNITY_GTFS.,unresolved_logged,Preserve both coordinates as source evidence; prioritize official operator/OSM surveyed platform in canonical.,False
CONF_0242,Kilambakkam Depot <-> Kilambakkam Bus Terminus,coordinates,CHENNAI_COMMUNITY_GTFS,"(12.87309, 80.07951)",CHENNAI_COMMUNITY_GTFS,"(12.87429, 80.07804)",2026-09-18,Distance delta: 207.8m between CHENNAI_COMMUNITY_GTFS and CHENNAI_COMMUNITY_GTFS.,unresolved_logged,Preserve both coordinates as source evidence; prioritize official operator/OSM surveyed platform in canonical.,False
CONF_0243,Kilambakkam Depot <-> Kilambakkam Bus Terminus,station_name,CHENNAI_COMMUNITY_GTFS,Kilambakkam Depot,CHENNAI_COMMUNITY_GTFS,Kilambakkam Bus Terminus,2026-09-18,Name similarity: 78.57142857142857%. Official vs colloquial/abbreviated form.,resolved_alias,Preserve secondary name as official alias under primary canonical identity.,False
CONF_0244,Adyar Depot <-> Adyar (Depot),coordinates,CHENNAI_COMMUNITY_GTFS,"(12.9991, 80.25638)",CHENNAI_COMMUNITY_GTFS,"(12.99683, 80.25611)",2026-09-18,Distance delta: 254.1m between CHENNAI_COMMUNITY_GTFS and CHENNAI_COMMUNITY_GTFS.,unresolved_logged,Preserve both coordinates as source evidence; prioritize official operator/OSM surveyed platform in canonical.,False
CONF_0245,Adyar Depot <-> Adyar (Depot),coordinates,CHENNAI_COMMUNITY_GTFS,"(12.9991, 80.25638)",CHENNAI_COMMUNITY_GTFS,"(12.99697, 80.25696)",2026-09-18,Distance delta: 245.0m between CHENNAI_COMMUNITY_GTFS and CHENNAI_COMMUNITY_GTFS.,unresolved_logged,Preserve both coordinates as source evidence; prioritize official operator/OSM surveyed platform in canonical.,False
CONF_0246,Adyar Depot <-> Adyar (Depot),coordinates,CHENNAI_COMMUNITY_GTFS,"(12.9988, 80.25588)",CHENNAI_COMMUNITY_GTFS,"(12.99683, 80.25611)",2026-09-18,Distance delta: 220.5m between CHENNAI_COMMUNITY_GTFS and CHENNAI_COMMUNITY_GTFS.,unresolved_logged,Preserve both coordinates as source evidence; prioritize official operator/OSM surveyed platform in canonical.,False
CONF_0247,Adyar Depot <-> Adyar (Depot),coordinates,CHENNAI_COMMUNITY_GTFS,"(12.9988, 80.25588)",CHENNAI_COMMUNITY_GTFS,"(12.99697, 80.25696)",2026-09-18,Distance delta: 234.7m between CHENNAI_COMMUNITY_GTFS and CHENNAI_COMMUNITY_GTFS.,unresolved_logged,Preserve both coordinates as source evidence; prioritize official operator/OSM surveyed platform in canonical.,False
CONF_0248,Ennore Depot <-> Ennore Bus Terminus,coordinates,CHENNAI_COMMUNITY_GTFS,"(13.21569, 80.3209)",CHENNAI_COMMUNITY_GTFS,"(13.21478, 80.32088)",2026-09-18,Distance delta: 101.2m between CHENNAI_COMMUNITY_GTFS and CHENNAI_COMMUNITY_GTFS.,unresolved_logged,Preserve both coordinates as source evidence; prioritize official operator/OSM surveyed platform in canonical.,False
CONF_0249,Ennore Depot <-> Ennore Bus Terminus,station_name,CHENNAI_COMMUNITY_GTFS,Ennore Depot,CHENNAI_COMMUNITY_GTFS,Ennore Bus Terminus,2026-09-18,Name similarity: 66.66666666666666%. Official vs colloquial/abbreviated form.,resolved_alias,Preserve secondary name as official alias under primary canonical identity.,False
CONF_0250,Iyyappanthangal Bus Terminus <-> Iyyapanthangal Depot,coordinates,CHENNAI_COMMUNITY_GTFS,"(13.03753, 80.13477)",CHENNAI_COMMUNITY_GTFS,"(13.03709, 80.13445)",2026-09-18,Distance delta: 60.0m between CHENNAI_COMMUNITY_GTFS and CHENNAI_COMMUNITY_GTFS.,unresolved_logged,Preserve both coordinates as source evidence; prioritize official operator/OSM surveyed platform in canonical.,False
CONF_0251,Iyyappanthangal Bus Terminus <-> Iyyapanthangal Depot,station_name,CHENNAI_COMMUNITY_GTFS,Iyyappanthangal Bus Terminus,CHENNAI_COMMUNITY_GTFS,Iyyapanthangal Depot,2026-09-18,Name similarity: 62.5%. Official vs colloquial/abbreviated form.,resolved_alias,Preserve secondary name as official alias under primary canonical identity.,False
CONF_0252,Ayanavaram Bus Terminus <-> Ayanavaram Depot,coordinates,CHENNAI_COMMUNITY_GTFS,"(13.09807, 80.24187)",CHENNAI_COMMUNITY_GTFS,"(13.09883, 80.24058)",2026-09-18,Distance delta: 163.3m between CHENNAI_COMMUNITY_GTFS and CHENNAI_COMMUNITY_GTFS.,unresolved_logged,Preserve both coordinates as source evidence; prioritize official operator/OSM surveyed platform in canonical.,False
CONF_0253,Ayanavaram Bus Terminus <-> Ayanavaram Depot,station_name,CHENNAI_COMMUNITY_GTFS,Ayanavaram Bus Terminus,CHENNAI_COMMUNITY_GTFS,Ayanavaram Depot,2026-09-18,Name similarity: 76.92307692307692%. Official vs colloquial/abbreviated form.,resolved_alias,Preserve secondary name as official alias under primary canonical identity.,False
CONF_0254,Thiyagaraya Nagar Depot <-> Thiyagaraya Nagar Bus Depot,coordinates,CHENNAI_COMMUNITY_GTFS,"(13.03388, 80.23004)",CHENNAI_COMMUNITY_GTFS,"(13.03502, 80.23094)",2026-09-18,Distance delta: 159.9m between CHENNAI_COMMUNITY_GTFS and CHENNAI_COMMUNITY_GTFS.,unresolved_logged,Preserve both coordinates as source evidence; prioritize official operator/OSM surveyed platform in canonical.,False
CONF_0255,Thiyagaraya Nagar Depot <-> Thiyagaraya Nagar Bus Depot,coordinates,CHENNAI_COMMUNITY_GTFS,"(13.03388, 80.23004)",CHENNAI_COMMUNITY_GTFS,"(13.03499, 80.23094)",2026-09-18,Distance delta: 157.3m between CHENNAI_COMMUNITY_GTFS and CHENNAI_COMMUNITY_GTFS.,unresolved_logged,Preserve both coordinates as source evidence; prioritize official operator/OSM surveyed platform in canonical.,False
CONF_0256,Airport Metro <-> Chennai Airport Metro,coordinates,CHENNAI_COMMUNITY_GTFS,"(12.98027, 80.16373)",CHENNAI_COMMUNITY_GTFS,"(12.98178, 80.16326)",2026-09-18,Distance delta: 175.5m between CHENNAI_COMMUNITY_GTFS and CHENNAI_COMMUNITY_GTFS.,unresolved_logged,Preserve both coordinates as source evidence; prioritize official operator/OSM surveyed platform in canonical.,False
CONF_0257,Madhavaram New Bus Depot <-> Madhavaram Village Bus Terminus,station_name,CHENNAI_COMMUNITY_GTFS,Madhavaram New Bus Depot,CHENNAI_COMMUNITY_GTFS,Madhavaram Village Bus Terminus,2026-09-18,Name similarity: 73.6842105263158%. Official vs colloquial/abbreviated form.,resolved_alias,Preserve secondary name as official alias under primary canonical identity.,False
CONF_0258,Thiyagaraya Nagar Bus Depot <-> Thiyagaraya Nagar Bus Depot,coordinates,CHENNAI_COMMUNITY_GTFS,"(13.03502, 80.23094)",CHENNAI_COMMUNITY_GTFS,"(13.03367, 80.23055)",2026-09-18,Distance delta: 155.9m between CHENNAI_COMMUNITY_GTFS and CHENNAI_COMMUNITY_GTFS.,unresolved_logged,Preserve both coordinates as source evidence; prioritize official operator/OSM surveyed platform in canonical.,False
CONF_0259,Avadi Bus Terminus <-> Avadi Depot,coordinates,CHENNAI_COMMUNITY_GTFS,"(13.11966, 80.10169)",CHENNAI_COMMUNITY_GTFS,"(13.1207, 80.10172)",2026-09-18,Distance delta: 115.7m between CHENNAI_COMMUNITY_GTFS and CHENNAI_COMMUNITY_GTFS.,unresolved_logged,Preserve both coordinates as source evidence; prioritize official operator/OSM surveyed platform in canonical.,False
CONF_0260,Avadi Bus Terminus <-> Avadi Depot,station_name,CHENNAI_COMMUNITY_GTFS,Avadi Bus Terminus,CHENNAI_COMMUNITY_GTFS,Avadi Depot,2026-09-18,Name similarity: 62.5%. Official vs colloquial/abbreviated form.,resolved_alias,Preserve secondary name as official alias under primary canonical identity.,False
CONF_0261,Avadi Bus Terminus <-> Avadi Bus Terminus,coordinates,CHENNAI_COMMUNITY_GTFS,"(13.11966, 80.10169)",CHENNAI_COMMUNITY_GTFS,"(13.11921, 80.09954)",2026-09-18,Distance delta: 238.1m between CHENNAI_COMMUNITY_GTFS and CHENNAI_COMMUNITY_GTFS.,unresolved_logged,Preserve both coordinates as source evidence; prioritize official operator/OSM surveyed platform in canonical.,False
CONF_0262,Avadi Depot <-> Avadi Bus Terminus,coordinates,CHENNAI_COMMUNITY_GTFS,"(13.1207, 80.10172)",CHENNAI_COMMUNITY_GTFS,"(13.11921, 80.09954)",2026-09-18,Distance delta: 288.4m between CHENNAI_COMMUNITY_GTFS and CHENNAI_COMMUNITY_GTFS.,unresolved_logged,Preserve both coordinates as source evidence; prioritize official operator/OSM surveyed platform in canonical.,False
CONF_0263,Avadi Depot <-> Avadi Bus Terminus,station_name,CHENNAI_COMMUNITY_GTFS,Avadi Depot,CHENNAI_COMMUNITY_GTFS,Avadi Bus Terminus,2026-09-18,Name similarity: 62.5%. Official vs colloquial/abbreviated form.,resolved_alias,Preserve secondary name as official alias under primary canonical identity.,False
CONF_0264,Ayanavaram Depot <-> Ayanavaram Depot,coordinates,CHENNAI_COMMUNITY_GTFS,"(13.09883, 80.24058)",CHENNAI_COMMUNITY_GTFS,"(13.09846, 80.24225)",2026-09-18,Distance delta: 185.5m between CHENNAI_COMMUNITY_GTFS and CHENNAI_COMMUNITY_GTFS.,unresolved_logged,Preserve both coordinates as source evidence; prioritize official operator/OSM surveyed platform in canonical.,False
CONF_0265,Thiyagaraya Nagar Bus Depot <-> Thiyagaraya Nagar Bus Depot,coordinates,CHENNAI_COMMUNITY_GTFS,"(13.03499, 80.23094)",CHENNAI_COMMUNITY_GTFS,"(13.03367, 80.23055)",2026-09-18,Distance delta: 152.7m between CHENNAI_COMMUNITY_GTFS and CHENNAI_COMMUNITY_GTFS.,unresolved_logged,Preserve both coordinates as source evidence; prioritize official operator/OSM surveyed platform in canonical.,False
CONF_0266,Metro Grand City2ndt Avenue <-> Metro Grand City 4th Main Road,coordinates,CHENNAI_COMMUNITY_GTFS,"(12.98396, 80.10449)",CHENNAI_COMMUNITY_GTFS,"(12.98514, 80.10542)",2026-09-18,Distance delta: 165.4m between CHENNAI_COMMUNITY_GTFS and CHENNAI_COMMUNITY_GTFS.,unresolved_logged,Preserve both coordinates as source evidence; prioritize official operator/OSM surveyed platform in canonical.,False
CONF_0267,Metro Grand City2ndt Avenue <-> Metro Grand City 4th Main Road,station_name,CHENNAI_COMMUNITY_GTFS,Metro Grand City2ndt Avenue,CHENNAI_COMMUNITY_GTFS,Metro Grand City 4th Main Road,2026-09-18,Name similarity: 66.66666666666666%. Official vs colloquial/abbreviated form.,resolved_alias,Preserve secondary name as official alias under primary canonical identity.,False
CONF_0268,Metro Grand City2ndt Avenue <-> Metro Grand City 4th Main Road,coordinates,CHENNAI_COMMUNITY_GTFS,"(12.98396, 80.10449)",CHENNAI_COMMUNITY_GTFS,"(12.98508, 80.10569)",2026-09-18,Distance delta: 180.0m between CHENNAI_COMMUNITY_GTFS and CHENNAI_COMMUNITY_GTFS.,unresolved_logged,Preserve both coordinates as source evidence; prioritize official operator/OSM surveyed platform in canonical.,False
CONF_0269,Metro Grand City2ndt Avenue <-> Metro Grand City 4th Main Road,station_name,CHENNAI_COMMUNITY_GTFS,Metro Grand City2ndt Avenue,CHENNAI_COMMUNITY_GTFS,Metro Grand City 4th Main Road,2026-09-18,Name similarity: 66.66666666666666%. Official vs colloquial/abbreviated form.,resolved_alias,Preserve secondary name as official alias under primary canonical identity.,False
CONF_0270,Metro Grand City2ndt Avenue <-> Metro Grand City 1st Avenue,coordinates,CHENNAI_COMMUNITY_GTFS,"(12.98396, 80.10449)",CHENNAI_COMMUNITY_GTFS,"(12.98561, 80.10655)",2026-09-18,Distance delta: 288.9m between CHENNAI_COMMUNITY_GTFS and CHENNAI_COMMUNITY_GTFS.,unresolved_logged,Preserve both coordinates as source evidence; prioritize official operator/OSM surveyed platform in canonical.,False
CONF_0271,Metro Grand City2ndt Avenue <-> Metro Grand City 1st Avenue,station_name,CHENNAI_COMMUNITY_GTFS,Metro Grand City2ndt Avenue,CHENNAI_COMMUNITY_GTFS,Metro Grand City 1st Avenue,2026-09-18,Name similarity: 85.18518518518519%. Official vs colloquial/abbreviated form.,resolved_alias,Preserve secondary name as official alias under primary canonical identity.,False
CONF_0272,Metro Grand City 4th Main Road <-> Metro Grand City 2nd Main Road,coordinates,CHENNAI_COMMUNITY_GTFS,"(12.98514, 80.10542)",CHENNAI_COMMUNITY_GTFS,"(12.98596, 80.10805)",2026-09-18,Distance delta: 299.2m between CHENNAI_COMMUNITY_GTFS and CHENNAI_COMMUNITY_GTFS.,unresolved_logged,Preserve both coordinates as source evidence; prioritize official operator/OSM surveyed platform in canonical.,False
CONF_0273,Metro Grand City 4th Main Road <-> Metro Grand City 1st Avenue,coordinates,CHENNAI_COMMUNITY_GTFS,"(12.98514, 80.10542)",CHENNAI_COMMUNITY_GTFS,"(12.98561, 80.10655)",2026-09-18,Distance delta: 133.1m between CHENNAI_COMMUNITY_GTFS and CHENNAI_COMMUNITY_GTFS.,unresolved_logged,Preserve both coordinates as source evidence; prioritize official operator/OSM surveyed platform in canonical.,False
CONF_0274,Metro Grand City 4th Main Road <-> Metro Grand City 1st Avenue,station_name,CHENNAI_COMMUNITY_GTFS,Metro Grand City 4th Main Road,CHENNAI_COMMUNITY_GTFS,Metro Grand City 1st Avenue,2026-09-18,Name similarity: 74.4186046511628%. Official vs colloquial/abbreviated form.,resolved_alias,Preserve secondary name as official alias under primary canonical identity.,False
CONF_0275,Metro Grand City 4th Main Road <-> Metro Grand City 1st Avenue,coordinates,CHENNAI_COMMUNITY_GTFS,"(12.98514, 80.10542)",CHENNAI_COMMUNITY_GTFS,"(12.98584, 80.10659)",2026-09-18,Distance delta: 148.8m between CHENNAI_COMMUNITY_GTFS and CHENNAI_COMMUNITY_GTFS.,unresolved_logged,Preserve both coordinates as source evidence; prioritize official operator/OSM surveyed platform in canonical.,False
CONF_0276,Metro Grand City 4th Main Road <-> Metro Grand City 1st Avenue,station_name,CHENNAI_COMMUNITY_GTFS,Metro Grand City 4th Main Road,CHENNAI_COMMUNITY_GTFS,Metro Grand City 1st Avenue,2026-09-18,Name similarity: 74.4186046511628%. Official vs colloquial/abbreviated form.,resolved_alias,Preserve secondary name as official alias under primary canonical identity.,False
CONF_0277,Metro Grand City 4th Main Road <-> Metro Grand City 2nd Main Road,coordinates,CHENNAI_COMMUNITY_GTFS,"(12.98514, 80.10542)",CHENNAI_COMMUNITY_GTFS,"(12.98599, 80.10769)",2026-09-18,Distance delta: 263.5m between CHENNAI_COMMUNITY_GTFS and CHENNAI_COMMUNITY_GTFS.,unresolved_logged,Preserve both coordinates as source evidence; prioritize official operator/OSM surveyed platform in canonical.,False
CONF_0278,Metro Grand City 4th Main Road <-> Metro Grand City 2nd Main Road,coordinates,CHENNAI_COMMUNITY_GTFS,"(12.98508, 80.10569)",CHENNAI_COMMUNITY_GTFS,"(12.98596, 80.10805)",2026-09-18,Distance delta: 273.8m between CHENNAI_COMMUNITY_GTFS and CHENNAI_COMMUNITY_GTFS.,unresolved_logged,Preserve both coordinates as source evidence; prioritize official operator/OSM surveyed platform in canonical.,False
CONF_0279,Metro Grand City 4th Main Road <-> Metro Grand City 1st Avenue,coordinates,CHENNAI_COMMUNITY_GTFS,"(12.98508, 80.10569)",CHENNAI_COMMUNITY_GTFS,"(12.98561, 80.10655)",2026-09-18,Distance delta: 110.3m between CHENNAI_COMMUNITY_GTFS and CHENNAI_COMMUNITY_GTFS.,unresolved_logged,Preserve both coordinates as source evidence; prioritize official operator/OSM surveyed platform in canonical.,False
CONF_0280,Metro Grand City 4th Main Road <-> Metro Grand City 1st Avenue,station_name,CHENNAI_COMMUNITY_GTFS,Metro Grand City 4th Main Road,CHENNAI_COMMUNITY_GTFS,Metro Grand City 1st Avenue,2026-09-18,Name similarity: 74.4186046511628%. Official vs colloquial/abbreviated form.,resolved_alias,Preserve secondary name as official alias under primary canonical identity.,False
CONF_0281,Metro Grand City 4th Main Road <-> Metro Grand City 1st Avenue,coordinates,CHENNAI_COMMUNITY_GTFS,"(12.98508, 80.10569)",CHENNAI_COMMUNITY_GTFS,"(12.98584, 80.10659)",2026-09-18,Distance delta: 129.0m between CHENNAI_COMMUNITY_GTFS and CHENNAI_COMMUNITY_GTFS.,unresolved_logged,Preserve both coordinates as source evidence; prioritize official operator/OSM surveyed platform in canonical.,False
CONF_0282,Metro Grand City 4th Main Road <-> Metro Grand City 1st Avenue,station_name,CHENNAI_COMMUNITY_GTFS,Metro Grand City 4th Main Road,CHENNAI_COMMUNITY_GTFS,Metro Grand City 1st Avenue,2026-09-18,Name similarity: 74.4186046511628%. Official vs colloquial/abbreviated form.,resolved_alias,Preserve secondary name as official alias under primary canonical identity.,False
CONF_0283,Metro Grand City 4th Main Road <-> Metro Grand City 2nd Main Road,coordinates,CHENNAI_COMMUNITY_GTFS,"(12.98508, 80.10569)",CHENNAI_COMMUNITY_GTFS,"(12.98599, 80.10769)",2026-09-18,Distance delta: 239.2m between CHENNAI_COMMUNITY_GTFS and CHENNAI_COMMUNITY_GTFS.,unresolved_logged,Preserve both coordinates as source evidence; prioritize official operator/OSM surveyed platform in canonical.,False
CONF_0284,Metro Grand City 2nd Main Road <-> Metro Grand City 1st Avenue,coordinates,CHENNAI_COMMUNITY_GTFS,"(12.98596, 80.10805)",CHENNAI_COMMUNITY_GTFS,"(12.98561, 80.10655)",2026-09-18,Distance delta: 167.1m between CHENNAI_COMMUNITY_GTFS and CHENNAI_COMMUNITY_GTFS.,unresolved_logged,Preserve both coordinates as source evidence; prioritize official operator/OSM surveyed platform in canonical.,False
CONF_0285,Metro Grand City 2nd Main Road <-> Metro Grand City 1st Avenue,station_name,CHENNAI_COMMUNITY_GTFS,Metro Grand City 2nd Main Road,CHENNAI_COMMUNITY_GTFS,Metro Grand City 1st Avenue,2026-09-18,Name similarity: 74.4186046511628%. Official vs colloquial/abbreviated form.,resolved_alias,Preserve secondary name as official alias under primary canonical identity.,False
CONF_0286,Metro Grand City 2nd Main Road <-> Metro Grand City 1st Avenue,coordinates,CHENNAI_COMMUNITY_GTFS,"(12.98596, 80.10805)",CHENNAI_COMMUNITY_GTFS,"(12.98584, 80.10659)",2026-09-18,Distance delta: 158.8m between CHENNAI_COMMUNITY_GTFS and CHENNAI_COMMUNITY_GTFS.,unresolved_logged,Preserve both coordinates as source evidence; prioritize official operator/OSM surveyed platform in canonical.,False
CONF_0287,Metro Grand City 2nd Main Road <-> Metro Grand City 1st Avenue,station_name,CHENNAI_COMMUNITY_GTFS,Metro Grand City 2nd Main Road,CHENNAI_COMMUNITY_GTFS,Metro Grand City 1st Avenue,2026-09-18,Name similarity: 74.4186046511628%. Official vs colloquial/abbreviated form.,resolved_alias,Preserve secondary name as official alias under primary canonical identity.,False
CONF_0288,Metro Grand City 1st Avenue <-> Metro Grand City 2nd Main Road,coordinates,CHENNAI_COMMUNITY_GTFS,"(12.98561, 80.10655)",CHENNAI_COMMUNITY_GTFS,"(12.98599, 80.10769)",2026-09-18,Distance delta: 130.5m between CHENNAI_COMMUNITY_GTFS and CHENNAI_COMMUNITY_GTFS.,unresolved_logged,Preserve both coordinates as source evidence; prioritize official operator/OSM surveyed platform in canonical.,False
CONF_0289,Metro Grand City 1st Avenue <-> Metro Grand City 2nd Main Road,station_name,CHENNAI_COMMUNITY_GTFS,Metro Grand City 1st Avenue,CHENNAI_COMMUNITY_GTFS,Metro Grand City 2nd Main Road,2026-09-18,Name similarity: 74.4186046511628%. Official vs colloquial/abbreviated form.,resolved_alias,Preserve secondary name as official alias under primary canonical identity.,False
CONF_0290,Metro Grand City 1st Avenue <-> Metro Grand City 2nd Main Road,coordinates,CHENNAI_COMMUNITY_GTFS,"(12.98584, 80.10659)",CHENNAI_COMMUNITY_GTFS,"(12.98599, 80.10769)",2026-09-18,Distance delta: 120.3m between CHENNAI_COMMUNITY_GTFS and CHENNAI_COMMUNITY_GTFS.,unresolved_logged,Preserve both coordinates as source evidence; prioritize official operator/OSM surveyed platform in canonical.,False
CONF_0291,Metro Grand City 1st Avenue <-> Metro Grand City 2nd Main Road,station_name,CHENNAI_COMMUNITY_GTFS,Metro Grand City 1st Avenue,CHENNAI_COMMUNITY_GTFS,Metro Grand City 2nd Main Road,2026-09-18,Name similarity: 74.4186046511628%. Official vs colloquial/abbreviated form.,resolved_alias,Preserve secondary name as official alias under primary canonical identity.,False
