id,query,expected_intent,expected_operation,test_type,expected_behavior,http_status,actual_intent,actual_operation,actual_status,outcome_reason,response_text,round_trip_ms,actual_json
HI200_001,सैदापेट से नंदनम तक मेट्रो पकड़कर पहुँचने का रास्ता समझा दीजिए।,point_to_point_route,PLAN_ROUTE,native_places,Plan a directionally valid metro journey; give only published route evidence.,200,point_to_point_route,PLAN_ROUTE,unavailable,unsupported_source,No mode-consistent published topology is available for the requested transport mode.,1431.71,"{""candidate_entities"": [], ""candidate_intents"": [""point_to_point_route""], ""clarification_reason"": null, ""data"": {""reason"": ""published_mode_topology_absent"", ""transport_mode"": ""metro""}, ""intent"": ""point_to_point_route"", ""missing_slots"": [], ""operation"": ""PLAN_ROUTE"", ""outcome_reason"": ""unsupported_source"", ""response_text"": ""No mode-consistent published topology is available for the requested transport mode."", ""slots"": {""origin"": ""METRO_NANDANAM"", ""transport_mode"": ""metro""}, ""status"": ""unavailable""}"
HI200_002,"ब्रॉडवे से अडयार बस में जाना है; कहाँ चढ़ूँ, कहाँ उतरूँ?",point_to_point_route,PLAN_ROUTE,colloquial,Recognize a bus journey request and preserve both endpoints; clarify unresolved locations.,200,multimodal_route,PLAN_MULTIMODAL_ROUTE,unavailable,unsupported_source,No confirmed cross-mode transfer graph is available in this snapshot.,1371.14,"{""candidate_entities"": [], ""candidate_intents"": [""multimodal_route""], ""clarification_reason"": null, ""data"": {""reason"": ""confirmed_multimodal_graph_absent""}, ""intent"": ""multimodal_route"", ""missing_slots"": [], ""operation"": ""PLAN_MULTIMODAL_ROUTE"", ""outcome_reason"": ""unsupported_source"", ""response_text"": ""No confirmed cross-mode transfer graph is available in this snapshot."", ""slots"": {}, ""status"": ""unavailable""}"
HI200_003,चेन्नई बीच से तिरुवान्मियूर एमआरटीएस लेकर कैसे पहुँचूँ?,point_to_point_route,PLAN_ROUTE,mode_qualified,"Route using MRTS only, or state that a published directional route is unavailable.",200,point_to_point_route,PLAN_ROUTE,unavailable,unsupported_source,No mode-consistent published topology is available for the requested transport mode.,1387.42,"{""candidate_entities"": [], ""candidate_intents"": [""point_to_point_route""], ""clarification_reason"": null, ""data"": {""reason"": ""published_mode_topology_absent"", ""transport_mode"": ""mrts""}, ""intent"": ""point_to_point_route"", ""missing_slots"": [], ""operation"": ""PLAN_ROUTE"", ""outcome_reason"": ""unsupported_source"", ""response_text"": ""No mode-consistent published topology is available for the requested transport mode."", ""slots"": {""transport_mode"": ""mrts""}, ""status"": ""unavailable""}"
HI200_004,"गिंडी से चेन्नई हवाई अड्डे तक मेट्रो वाला रास्ता बताइए, जल्दी में हूँ।",point_to_point_route,PLAN_ROUTE,native_wording,"Recognize metro journey planning, without inventing optimized travel time.",200,multimodal_route,PLAN_MULTIMODAL_ROUTE,unavailable,unsupported_source,No confirmed cross-mode transfer graph is available in this snapshot.,1385.32,"{""candidate_entities"": [], ""candidate_intents"": [""multimodal_route""], ""clarification_reason"": null, ""data"": {""reason"": ""confirmed_multimodal_graph_absent""}, ""intent"": ""multimodal_route"", ""missing_slots"": [], ""operation"": ""PLAN_MULTIMODAL_ROUTE"", ""outcome_reason"": ""unsupported_source"", ""response_text"": ""No confirmed cross-mode transfer graph is available in this snapshot."", ""slots"": {}, ""status"": ""unavailable""}"
HI200_005,अन्ना नगर से कोयम्बेडु जाने का सीधा बस मार्ग चाहिए।,point_to_point_route,PLAN_ROUTE,direct_preference,Preserve direct bus preference; state any optimization/data limit rather than inventing a connection.,200,point_to_point_route,,clarification,entity_ambiguity,Please clarify which stop or location you mean.,1371.16,"{""candidate_entities"": [""BUS_11959664546"", ""BUS_5321248896"", ""BUS_CMRL_G10""], ""candidate_intents"": [""point_to_point_route""], ""clarification_reason"": ""entity_ambiguity"", ""data"": {}, ""intent"": ""point_to_point_route"", ""missing_slots"": [], ""operation"": null, ""outcome_reason"": ""entity_ambiguity"", ""response_text"": ""Please clarify which stop or location you mean."", ""slots"": {""preference"": ""direct_only"", ""transport_mode"": ""bus""}, ""status"": ""clarification""}"
HI200_006,ताम्बरम से चेन्नई बीच उपनगरीय रेल में सफर कैसे करूँ?,point_to_point_route,PLAN_ROUTE,native_mode_name,Recognize suburban rail journey planning; do not substitute metro routes.,200,point_to_point_route,PLAN_ROUTE,unavailable,unsupported_source,No mode-consistent published topology is available for the requested transport mode.,1375.16,"{""candidate_entities"": [], ""candidate_intents"": [""point_to_point_route""], ""clarification_reason"": null, ""data"": {""reason"": ""published_mode_topology_absent"", ""transport_mode"": ""suburban_rail""}, ""intent"": ""point_to_point_route"", ""missing_slots"": [], ""operation"": ""PLAN_ROUTE"", ""outcome_reason"": ""unsupported_source"", ""response_text"": ""No mode-consistent published topology is available for the requested transport mode."", ""slots"": {""transport_mode"": ""suburban_rail""}, ""status"": ""unavailable""}"
HI200_007,"एग्मोर से वडपलनी पहुँचने की राह बता दो, भैया।",point_to_point_route,PLAN_ROUTE,colloquial,Recognize an open point-to-point journey; preserve endpoints without choosing an arbitrary station.,200,point_to_point_route,PLAN_ROUTE,clarification,missing_execution_slot,Please provide the destination stop.,1354.97,"{""candidate_entities"": [], ""candidate_intents"": [""point_to_point_route""], ""clarification_reason"": ""missing_slot"", ""data"": {}, ""intent"": ""point_to_point_route"", ""missing_slots"": [""destination""], ""operation"": ""PLAN_ROUTE"", ""outcome_reason"": ""missing_execution_slot"", ""response_text"": ""Please provide the destination stop."", ""slots"": {""origin"": ""HUB_CHENNAI_EGMORE""}, ""status"": ""clarification""}"
HI200_008,मुझे मेट्रो से आलंदूर पहुँचना है।,point_to_point_route,,missing_origin,"Ask where the journey starts, without fabricating an origin.",200,point_to_point_route,PLAN_ROUTE,unavailable,unsupported_source,No mode-consistent published topology is available for the requested transport mode.,1375.75,"{""candidate_entities"": [], ""candidate_intents"": [""point_to_point_route""], ""clarification_reason"": null, ""data"": {""reason"": ""published_mode_topology_absent"", ""transport_mode"": ""metro""}, ""intent"": ""point_to_point_route"", ""missing_slots"": [], ""operation"": ""PLAN_ROUTE"", ""outcome_reason"": ""unsupported_source"", ""response_text"": ""No mode-consistent published topology is available for the requested transport mode."", ""slots"": {""origin"": ""METRO_ARIGNAR_ANNA_ALANDUR"", ""transport_mode"": ""metro""}, ""status"": ""unavailable""}"
HI200_009,मेट्रो में गिंडी से निकलूँगा; आगे कैसे जाऊँ?,point_to_point_route,,missing_destination,Ask for destination; do not make up the intended destination.,200,multimodal_route,PLAN_MULTIMODAL_ROUTE,unavailable,unsupported_source,No confirmed cross-mode transfer graph is available in this snapshot.,1344.78,"{""candidate_entities"": [], ""candidate_intents"": [""multimodal_route""], ""clarification_reason"": null, ""data"": {""reason"": ""confirmed_multimodal_graph_absent""}, ""intent"": ""multimodal_route"", ""missing_slots"": [], ""operation"": ""PLAN_MULTIMODAL_ROUTE"", ""outcome_reason"": ""unsupported_source"", ""response_text"": ""No confirmed cross-mode transfer graph is available in this snapshot."", ""slots"": {}, ""status"": ""unavailable""}"
HI200_010,ब्रॉडवे से मरीना बीच तक कम से कम खर्च वाले सार्वजनिक रास्ते की जानकारी चाहिए।,point_to_point_route,PLAN_ROUTE,optimization,Recognize journey planning with cheapest preference; disclose unsupported optimization.,200,fare_calculation,,clarification,entity_ambiguity,Please clarify which stop or location you mean.,1376.59,"{""candidate_entities"": [""BUS_2601"", ""BUS_2602"", ""OSM_POI_12137617372""], ""candidate_intents"": [""fare_calculation""], ""clarification_reason"": ""entity_ambiguity"", ""data"": {}, ""intent"": ""fare_calculation"", ""missing_slots"": [], ""operation"": null, ""outcome_reason"": ""entity_ambiguity"", ""response_text"": ""Please clarify which stop or location you mean."", ""slots"": {}, ""status"": ""clarification""}"
HI200_011,"सेंट्रल से हवाई अड्डा: मेट्रो से पहुँचने का मार्ग, कृपया!",point_to_point_route,PLAN_ROUTE,punctuation,Treat colon/comma as punctuation; preserve metro and both endpoints.,200,point_to_point_route,PLAN_ROUTE,unavailable,unsupported_source,No mode-consistent published topology is available for the requested transport mode.,1389.66,"{""candidate_entities"": [], ""candidate_intents"": [""point_to_point_route""], ""clarification_reason"": null, ""data"": {""reason"": ""published_mode_topology_absent"", ""transport_mode"": ""metro""}, ""intent"": ""point_to_point_route"", ""missing_slots"": [], ""operation"": ""PLAN_ROUTE"", ""outcome_reason"": ""unsupported_source"", ""response_text"": ""No mode-consistent published topology is available for the requested transport mode."", ""slots"": {""transport_mode"": ""metro""}, ""status"": ""unavailable""}"
HI200_012,"गिंडी से नंदनम मेट्रो से पहुँचने का रास्ता चाहिए, किराया नहीं पूछ रहा।",point_to_point_route,PLAN_ROUTE,negated_goal,Answer only route planning; negated fare is not a second goal.,200,,,clarification,intent_ambiguity,Please clarify which transport question you mean.,1351.27,"{""candidate_entities"": [], ""candidate_intents"": [""fare_calculation""], ""clarification_reason"": ""intent_ambiguity"", ""data"": {""reason"": ""negated_selected_goal""}, ""intent"": null, ""missing_slots"": [], ""operation"": null, ""outcome_reason"": ""intent_ambiguity"", ""response_text"": ""Please clarify which transport question you mean."", ""slots"": {}, ""status"": ""clarification""}"
HI200_013,"ताम्बरम से अन्ना नगर तक पहले लोकल रेल, फिर मेट्रो लेकर पूरा सफर कैसे बनेगा?",multimodal_route,PLAN_MULTIMODAL_ROUTE,explicit_mode_sequence,Recognize cross-mode planning; refuse unsupported cross-mode graph rather than presenting a single-mode plan.,200,multimodal_route,PLAN_MULTIMODAL_ROUTE,unavailable,unsupported_source,No confirmed cross-mode transfer graph is available in this snapshot.,1387.09,"{""candidate_entities"": [], ""candidate_intents"": [""multimodal_route""], ""clarification_reason"": null, ""data"": {""reason"": ""confirmed_multimodal_graph_absent""}, ""intent"": ""multimodal_route"", ""missing_slots"": [], ""operation"": ""PLAN_MULTIMODAL_ROUTE"", ""outcome_reason"": ""unsupported_source"", ""response_text"": ""No confirmed cross-mode transfer graph is available in this snapshot."", ""slots"": {}, ""status"": ""unavailable""}"
HI200_014,"कोयम्बेडु से तिरुवान्मियूर जाना है, बस और मेट्रो मिलाकर रास्ता बनाइए।",multimodal_route,PLAN_MULTIMODAL_ROUTE,mixed_modes,Use multimodal family and disclose missing verified transfer graph.,200,multimodal_route,PLAN_MULTIMODAL_ROUTE,unavailable,unsupported_source,No confirmed cross-mode transfer graph is available in this snapshot.,1337.7,"{""candidate_entities"": [], ""candidate_intents"": [""multimodal_route""], ""clarification_reason"": null, ""data"": {""reason"": ""confirmed_multimodal_graph_absent""}, ""intent"": ""multimodal_route"", ""missing_slots"": [], ""operation"": ""PLAN_MULTIMODAL_ROUTE"", ""outcome_reason"": ""unsupported_source"", ""response_text"": ""No confirmed cross-mode transfer graph is available in this snapshot."", ""slots"": {}, ""status"": ""unavailable""}"
HI200_015,अडयार से हवाई अड्डे के लिए बस से मेट्रो जोड़कर यात्रा सुझा दो।,multimodal_route,PLAN_MULTIMODAL_ROUTE,native_places,Recognize a combined bus-plus-metro itinerary; state source limitation.,200,multimodal_route,PLAN_MULTIMODAL_ROUTE,unavailable,unsupported_source,No confirmed cross-mode transfer graph is available in this snapshot.,1343.14,"{""candidate_entities"": [], ""candidate_intents"": [""multimodal_route""], ""clarification_reason"": null, ""data"": {""reason"": ""confirmed_multimodal_graph_absent""}, ""intent"": ""multimodal_route"", ""missing_slots"": [], ""operation"": ""PLAN_MULTIMODAL_ROUTE"", ""outcome_reason"": ""unsupported_source"", ""response_text"": ""No confirmed cross-mode transfer graph is available in this snapshot."", ""slots"": {}, ""status"": ""unavailable""}"
HI200_016,चेन्नई बीच से वडपलनी रेल बदलकर मेट्रो पकड़ूँ तो पूरा मार्ग क्या होगा?,multimodal_route,PLAN_MULTIMODAL_ROUTE,colloquial,Recognize a full mixed-mode itinerary rather than only station interchange information.,200,point_to_point_route,PLAN_ROUTE,unavailable,unsupported_source,No mode-consistent published topology is available for the requested transport mode.,1377.29,"{""candidate_entities"": [], ""candidate_intents"": [""point_to_point_route""], ""clarification_reason"": null, ""data"": {""reason"": ""published_mode_topology_absent"", ""transport_mode"": ""metro""}, ""intent"": ""point_to_point_route"", ""missing_slots"": [], ""operation"": ""PLAN_ROUTE"", ""outcome_reason"": ""unsupported_source"", ""response_text"": ""No mode-consistent published topology is available for the requested transport mode."", ""slots"": {""transport_mode"": ""metro""}, ""status"": ""unavailable""}"
HI200_017,पेरम्बूर से गिंडी तक लोकल ट्रेन और बस दोनों का उपयोग करके पहुँचाना है।,multimodal_route,PLAN_MULTIMODAL_ROUTE,mode_pair,Keep the combined suburban rail and bus journey goal; no fabricated transfer routing.,200,multimodal_route,PLAN_MULTIMODAL_ROUTE,unavailable,unsupported_source,No confirmed cross-mode transfer graph is available in this snapshot.,752.0,"{""candidate_entities"": [], ""candidate_intents"": [""multimodal_route""], ""clarification_reason"": null, ""data"": {""reason"": ""confirmed_multimodal_graph_absent""}, ""intent"": ""multimodal_route"", ""missing_slots"": [], ""operation"": ""PLAN_MULTIMODAL_ROUTE"", ""outcome_reason"": ""unsupported_source"", ""response_text"": ""No confirmed cross-mode transfer graph is available in this snapshot."", ""slots"": {}, ""status"": ""unavailable""}"
HI200_018,मरीना बीच से कोयम्बेडु तक एमआरटीएस और बस की जोड़ वाली यात्रा बताइए।,multimodal_route,PLAN_MULTIMODAL_ROUTE,native_mode_wording,Classify combined MRTS/bus planning and state verified graph limitation.,200,multimodal_route,PLAN_MULTIMODAL_ROUTE,unavailable,unsupported_source,No confirmed cross-mode transfer graph is available in this snapshot.,1356.37,"{""candidate_entities"": [], ""candidate_intents"": [""multimodal_route""], ""clarification_reason"": null, ""data"": {""reason"": ""confirmed_multimodal_graph_absent""}, ""intent"": ""multimodal_route"", ""missing_slots"": [], ""operation"": ""PLAN_MULTIMODAL_ROUTE"", ""outcome_reason"": ""unsupported_source"", ""response_text"": ""No confirmed cross-mode transfer graph is available in this snapshot."", ""slots"": {}, ""status"": ""unavailable""}"
HI200_019,ब्रॉडवे से शोलिंगनल्लूर तक बस-मेट्रो-बस में कहाँ-कहाँ बदलूँ?,multimodal_route,PLAN_MULTIMODAL_ROUTE,three_leg_sequence,Recognize multi-leg multimodal route planning; do not invent transfer points.,200,multimodal_route,PLAN_MULTIMODAL_ROUTE,unavailable,unsupported_source,No confirmed cross-mode transfer graph is available in this snapshot.,1361.1,"{""candidate_entities"": [], ""candidate_intents"": [""multimodal_route""], ""clarification_reason"": null, ""data"": {""reason"": ""confirmed_multimodal_graph_absent""}, ""intent"": ""multimodal_route"", ""missing_slots"": [], ""operation"": ""PLAN_MULTIMODAL_ROUTE"", ""outcome_reason"": ""unsupported_source"", ""response_text"": ""No confirmed cross-mode transfer graph is available in this snapshot."", ""slots"": {}, ""status"": ""unavailable""}"
HI200_020,गिंडी से चेन्नई बीच तक बस के बाद उपनगरीय रेल वाली योजना चाहिए।,multimodal_route,PLAN_MULTIMODAL_ROUTE,ordered_modes,Retain bus-then-suburban-rail journey intent and source limits.,200,multimodal_route,PLAN_MULTIMODAL_ROUTE,unavailable,unsupported_source,No confirmed cross-mode transfer graph is available in this snapshot.,1445.86,"{""candidate_entities"": [], ""candidate_intents"": [""multimodal_route""], ""clarification_reason"": null, ""data"": {""reason"": ""confirmed_multimodal_graph_absent""}, ""intent"": ""multimodal_route"", ""missing_slots"": [], ""operation"": ""PLAN_MULTIMODAL_ROUTE"", ""outcome_reason"": ""unsupported_source"", ""response_text"": ""No confirmed cross-mode transfer graph is available in this snapshot."", ""slots"": {}, ""status"": ""unavailable""}"
HI200_021,सेंट्रल से आईआईटी मद्रास तक मेट्रो और बस जोड़कर पूरा रास्ता समझाओ।,multimodal_route,PLAN_MULTIMODAL_ROUTE,landmark_destination,Recognize mixed-mode route to a landmark; clarify unresolved landmark or disclose routing limitation.,200,multimodal_route,PLAN_MULTIMODAL_ROUTE,unavailable,unsupported_source,No confirmed cross-mode transfer graph is available in this snapshot.,1572.62,"{""candidate_entities"": [], ""candidate_intents"": [""multimodal_route""], ""clarification_reason"": null, ""data"": {""reason"": ""confirmed_multimodal_graph_absent""}, ""intent"": ""multimodal_route"", ""missing_slots"": [], ""operation"": ""PLAN_MULTIMODAL_ROUTE"", ""outcome_reason"": ""unsupported_source"", ""response_text"": ""No confirmed cross-mode transfer graph is available in this snapshot."", ""slots"": {}, ""status"": ""unavailable""}"
HI200_022,अन्ना नगर से ताम्बरम पहुँचने में मेट्रो के साथ लोकल ट्रेन भी जोड़ सकते हैं; यात्रा बनाइए।,multimodal_route,PLAN_MULTIMODAL_ROUTE,permissive_mixed_mode,"Recognize explicit combined itinerary request, not yes/no mode availability.",200,multimodal_route,PLAN_MULTIMODAL_ROUTE,unavailable,unsupported_source,No confirmed cross-mode transfer graph is available in this snapshot.,77.65,"{""candidate_entities"": [], ""candidate_intents"": [""multimodal_route""], ""clarification_reason"": null, ""data"": {""reason"": ""confirmed_multimodal_graph_absent""}, ""intent"": ""multimodal_route"", ""missing_slots"": [], ""operation"": ""PLAN_MULTIMODAL_ROUTE"", ""outcome_reason"": ""unsupported_source"", ""response_text"": ""No confirmed cross-mode transfer graph is available in this snapshot."", ""slots"": {}, ""status"": ""unavailable""}"
HI200_023,"बस और मेट्रो मिलाकर गिंडी पहुँचना है, रास्ता कहाँ से शुरू करूँ यह अभी नहीं बताया।",multimodal_route,,missing_origin,Ask for origin or explicitly disclose absent verified multimodal graph; never invent an origin.,200,multimodal_route,PLAN_MULTIMODAL_ROUTE,unavailable,unsupported_source,No confirmed cross-mode transfer graph is available in this snapshot.,64.27,"{""candidate_entities"": [], ""candidate_intents"": [""multimodal_route""], ""clarification_reason"": null, ""data"": {""reason"": ""confirmed_multimodal_graph_absent""}, ""intent"": ""multimodal_route"", ""missing_slots"": [], ""operation"": ""PLAN_MULTIMODAL_ROUTE"", ""outcome_reason"": ""unsupported_source"", ""response_text"": ""No confirmed cross-mode transfer graph is available in this snapshot."", ""slots"": {}, ""status"": ""unavailable""}"
HI200_024,कोयम्बेडु से एमआरटीएस जोड़कर बस में आगे जाना है; अभी मंजिल तय नहीं है।,multimodal_route,,missing_destination,Ask destination or disclose absent cross-mode graph; no invented itinerary.,200,interchange_transfer,GET_INTERCHANGE_DETAILS,unavailable,unsupported_source,The snapshot has no confirmed interchange records.,523.61,"{""candidate_entities"": [], ""candidate_intents"": [""interchange_transfer""], ""clarification_reason"": null, ""data"": {""reason"": ""confirmed_interchanges_absent""}, ""intent"": ""interchange_transfer"", ""missing_slots"": [], ""operation"": ""GET_INTERCHANGE_DETAILS"", ""outcome_reason"": ""unsupported_source"", ""response_text"": ""The snapshot has no confirmed interchange records."", ""slots"": {}, ""status"": ""unavailable""}"
HI200_025,बस रूट २१जी के शुरू से आखिर तक सारे पड़ाव क्रम में लिखिए।,route_stop_sequence,LIST_ROUTE_STOPS,devanagari_route,List published ordered stops for full route code 21G; never drop suffix.,200,route_stop_sequence,LIST_ROUTE_STOPS,ok,answered,"21G stops: Alandur Court, Meeanambakkam International Airport, Thirusoolam National Airport, Pallavaram Or English Electrical, Pallavaram, Saravana Store Chromepet, Chromepet, Tambaram Tb Hospital, …. Partial published stop coverage found; unusable links or uncovered route variants are omitted. Service operation is not confirmed.",1444.56,"{""candidate_entities"": [], ""candidate_intents"": [""route_stop_sequence""], ""clarification_reason"": null, ""data"": {""excluded_unusable_rows"": 4, ""partial_topology"": true, ""provisional"": true, ""sequences"": [{""direction_id"": 1, ""mode"": ""bus"", ""route_id"": ""GTFS_ROUTE_15116"", ""route_name"": ""21G"", ""source"": ""CHENNAI_COMMUNITY_GTFS"", ""stops"": [{""name"": ""Alandur Court"", ""sequence"": 1, ""stop_id"": ""BUS_8938""}, {""name"": ""Meeanambakkam International Airport"", ""sequence"": 2, ""stop_id"": ""BUS_8785""}, {""name"": ""Thirusoolam National Airport"", ""sequence"": 3, ""stop_id"": ""BUS_8699""}, {""name"": ""Pallavaram Or English Electrical"", ""sequence"": 4, ""stop_id"": ""BUS_10123""}, {""name"": ""Pallavaram"", ""sequence"": 5, ""stop_id"": ""BUS_8578""}, {""name"": ""Saravana Store Chromepet"", ""sequence"": 6, ""stop_id"": ""BUS_8462""}, {""name"": ""Chromepet"", ""sequence"": 7, ""stop_id"": ""BUS_8424""}, {""name"": ""Tambaram Tb Hospital"", ""sequence"": 8, ""stop_id"": ""BUS_8364""}, {""name"": ""Tambaram Sanatorium B.T"", ""sequence"": 9, ""stop_id"": ""BUS_6747""}, {""name"": ""Tambaram Railway Station"", ""sequence"": 10, ""stop_id"": ""BUS_6681""}, {""name"": ""Irumbuliyur"", ""sequence"": 11, ""stop_id"": ""BUS_6594""}, {""name"": ""Perungalattur"", ""sequence"": 12, ""stop_id"": ""BUS_6553""}, {""name"": ""Perungalathur Sriram Gate"", ""sequence"": 13, ""stop_id"": ""BUS_6528""}, {""name"": ""Perungalathur Iraniyamman Temple"", ""sequence"": 14, ""stop_id"": ""BUS_10015""}, {""name"": ""Kilambakkam Bus Terminus"", ""sequence"": 15, ""stop_id"": ""BUS_9991""}]}, {""direction_id"": 1, ""mode"": ""bus"", ""route_id"": ""GTFS_ROUTE_20534"", ""route_name"": ""21G"", ""source"": ""CHENNAI_COMMUNITY_GTFS"", ""stops"": [{""name"": ""Kilambakkam Bus Terminus"", ""sequence"": 1, ""stop_id"": ""BUS_9991""}, {""name"": ""Vandalur Zoo"", ""sequence"": 2, ""stop_id"": ""BUS_6435""}, {""name"": ""Vandalur Gate"", ""sequence"": 3, ""stop_id"": ""BUS_6490""}, {""name"": ""Perungalattur"", ""sequence"": 4, ""stop_id"": ""BUS_6554""}, {""name"": ""Irumbuliyur"", ""sequence"": 5, ""stop_id"": ""BUS_6592""}, {""name"": ""Tambaram West Bus Stand"", ""sequence"": 6, ""stop_id"": ""BUS_6693""}, {""name"": ""Tambaram Sanatorium B.T"", ""sequence"": 7, ""stop_id"": ""BUS_6748""}, {""name"": ""Tambaram Tb Hospital"", ""sequence"": 8, ""stop_id"": ""BUS_8365""}, {""name"": ""Chromepet"", ""sequence"": 9, ""stop_id"": ""BUS_8421""}, {""name"": ""Saravana Store Chromepet"", ""sequence"": 10, ""stop_id"": ""BUS_8464""}, {""name"": ""Pallavaram Bus Stand"", ""sequence"": 11, ""stop_id"": ""BUS_8577""}, {""name"": ""Thirusoolam National Airport"", ""sequence"": 12, ""stop_id"": ""BUS_8729""}, {""name"": ""St Thomas Mount Head Post Office"", ""sequence"": 14, ""stop_id"": ""BUS_8964""}, {""name"": ""Asarkana Omni Bus Stop"", ""sequence"": 15, ""stop_id"": ""BUS_8967""}, {""name"": ""Guindy Bus Terminus"", ""sequence"": 16, ""stop_id"": ""BUS_1461""}, {""name"": ""Chellammal College"", ""sequence"": 17, ""stop_id"": ""BUS_908""}, {""name"": ""Chinnamalai Or Saidapet Court"", ""sequence"": 18, ""stop_id"": ""BUS_5785""}, {""name"": ""Anna University"", ""sequence"": 19, ""stop_id"": ""BUS_502""}, {""name"": ""Gandhi Mandapam"", ""sequence"": 20, ""stop_id"": ""BUS_1337""}, {""name"": ""Kottur"", ""sequence"": 21, ""stop_id"": ""BUS_2142""}, {""name"": ""Kotturpuram"", ""sequence"": 22, ""stop_id"": ""BUS_2145""}, {""name"": ""Nandanam Park"", ""sequence"": 23, ""stop_id"": ""BUS_3016""}, {""name"": ""Adyar Gate"", ""sequence"": 24, ""stop_id"": ""BUS_243""}, {""name"": ""Kaliyappa Hospital"", ""sequence"": 25, ""stop_id"": ""BUS_1740""}, {""name"": ""Mandaveli Railway Station"", ""sequence"": 26, ""stop_id"": ""BUS_2533""}, {""name"": ""Mandaveli Bus Terminus"", ""sequence"": 27, ""stop_id"": ""BUS_6""}]}, {""direction_id"": 0, ""mode"": ""bus"", ""route_id"": ""GTFS_ROUTE_20535"", ""route_name"": ""21G"", ""source"": ""CHENNAI_COMMUNITY_GTFS"", ""stops"": [{""name"": ""Tambaram West Bus Stand"", ""sequence"": 1, ""stop_id"": ""BUS_6693""}, {""name"": ""Kadaperi"", ""sequence"": 2, ""stop_id"": ""BUS_6712""}, {""name"": ""Tambaram Sanatorium B.T"", ""sequence"": 3, ""stop_id"": ""BUS_6748""}, {""name"": ""Tambaram Tb Hospital"", ""sequence"": 4, ""stop_id"": ""BUS_8365""}, {""name"": ""Chromepet Mit Gate"", ""sequence"": 5, ""stop_id"": ""BUS_8386""}, {""name"": ""Chromepet"", ""sequence"": 6, ""stop_id"": ""BUS_8421""}, {""name"": ""Saravana Store Chromepet"", ""sequence"": 7, ""stop_id"": ""BUS_8464""}, {""name"": ""Ponds Company"", ""sequence"": 8, ""stop_id"": ""BUS_8501""}, {""name"": ""Pallavaram"", ""sequence"": 9, ""stop_id"": ""BUS_8567""}, {""name"": ""Pallavaram Or English Electrical"", ""sequence"": 10, ""stop_id"": ""BUS_10124""}, {""name"": ""Thirusoolam National Airport"", ""sequence"": 11, ""stop_id"": ""BUS_8729""}, {""name"": ""Alandur Depot"", ""sequence"": 13, ""stop_id"": ""BUS_8936""}, {""name"": ""St Thomas Mount Head Post Office"", ""sequence"": 14, ""stop_id"": ""BUS_8964""}, {""name"": ""Guindy Bus Terminus"", ""sequence"": 16, ""stop_id"": ""BUS_1461""}, {""name"": ""Chellammal College"", ""sequence"": 17, ""stop_id"": ""BUS_908""}, {""name"": ""Anna University"", ""sequence"": 19, ""stop_id"": ""BUS_502""}, {""name"": ""B M Birla Planetarium Or Clri"", ""sequence"": 20, ""stop_id"": ""BUS_10172""}, {""name"": ""Kottur"", ""sequence"": 21, ""stop_id"": ""BUS_2142""}, {""name"": ""Kotturpuram"", ""sequence"": 22, ""stop_id"": ""BUS_2145""}, {""name"": ""Nandanam Park"", ""sequence"": 23, ""stop_id"": ""BUS_3016""}, {""name"": ""Adyar Gate"", ""sequence"": 24, ""stop_id"": ""BUS_243""}, {""name"": ""Bilroth Hospital"", ""sequence"": 25, ""stop_id"": ""BUS_10996""}, {""name"": ""St Mary'S Road"", ""sequence"": 26, ""stop_id"": ""BUS_11139""}, {""name"": ""Mandaveli Market"", ""sequence"": 27, ""stop_id"": ""BUS_75""}, {""name"": ""Mylapore Tank"", ""sequence"": 28, ""stop_id"": ""BUS_88""}]}], ""truncated"": false, ""uncovered_route_ids"": [""GTFS_ROUTE_8458"", ""GTFS_ROUTE_16347"", ""GTFS_ROUTE_18388"", ""GTFS_ROUTE_15125""]}, ""intent"": ""route_stop_sequence"", ""missing_slots"": [], ""operation"": ""LIST_ROUTE_STOPS"", ""outcome_reason"": ""answered"", ""response_text"": ""21G stops: Alandur Court, Meeanambakkam International Airport, Thirusoolam National Airport, Pallavaram Or English Electrical, Pallavaram, Saravana Store Chromepet, Chromepet, Tambaram Tb Hospital, …. Partial published stop coverage found; unusable links or uncovered route variants are omitted. Service operation is not confirmed."", ""slots"": {""route_number"": ""21G"", ""transport_mode"": ""bus""}, ""status"": ""ok""}"
HI200_026,१०२ए बस किन-किन ठहरावों से होकर निकलती है? पूरी सूची चाहिए।,route_stop_sequence,LIST_ROUTE_STOPS,devanagari_suffix,"Recognize complete stop sequence request for 102A, not one-stop membership.",200,route_stop_sequence,LIST_ROUTE_STOPS,ok,answered,"102A stops: Thiruvanmiyur Bus Stand, Jayanthi Theatre, Tidel Park, Srp Tools, I G P, Kandanchavadi, Perungudi, Seevaram, …. Published stop sequences found. Service operation is not confirmed.",1377.37,"{""candidate_entities"": [], ""candidate_intents"": [""route_stop_sequence""], ""clarification_reason"": null, ""data"": {""excluded_unusable_rows"": 0, ""partial_topology"": false, ""provisional"": true, ""sequences"": [{""direction_id"": 0, ""mode"": ""bus"", ""route_id"": ""GTFS_ROUTE_10248"", ""route_name"": ""102A"", ""source"": ""CHENNAI_COMMUNITY_GTFS"", ""stops"": [{""name"": ""Thiruvanmiyur Bus Stand"", ""sequence"": 1, ""stop_id"": ""BUS_5908""}, {""name"": ""Jayanthi Theatre"", ""sequence"": 2, ""stop_id"": ""BUS_8811""}, {""name"": ""Tidel Park"", ""sequence"": 3, ""stop_id"": ""BUS_8804""}, {""name"": ""Srp Tools"", ""sequence"": 4, ""stop_id"": ""BUS_8693""}, {""name"": ""I G P"", ""sequence"": 5, ""stop_id"": ""BUS_8624""}, {""name"": ""Kandanchavadi"", ""sequence"": 6, ""stop_id"": ""BUS_8542""}, {""name"": ""Perungudi"", ""sequence"": 7, ""stop_id"": ""BUS_8481""}, {""name"": ""Seevaram"", ""sequence"": 8, ""stop_id"": ""BUS_8425""}, {""name"": ""D B Jain College"", ""sequence"": 9, ""stop_id"": ""BUS_8379""}, {""name"": ""Mettukuppam"", ""sequence"": 10, ""stop_id"": ""BUS_8323""}, {""name"": ""Ptc Quarters Or Mootakaran Chavadi"", ""sequence"": 11, ""stop_id"": ""BUS_10066""}, {""name"": ""Okkiyampet"", ""sequence"": 12, ""stop_id"": ""BUS_6686""}, {""name"": ""Kcg College"", ""sequence"": 13, ""stop_id"": ""BUS_6622""}, {""name"": ""Karapakkam"", ""sequence"": 14, ""stop_id"": ""BUS_6579""}, {""name"": ""Dollar Or Accenture"", ""sequence"": 15, ""stop_id"": ""BUS_10031""}, {""name"": ""Shozhinganallur"", ""sequence"": 16, ""stop_id"": ""BUS_10022""}, {""name"": ""Government School Shozhinganallur"", ""sequence"": 17, ""stop_id"": ""BUS_10012""}, {""name"": ""Ponniamman Kovil"", ""sequence"": 18, ""stop_id"": ""BUS_6454""}, {""name"": ""Kumaran Nagar"", ""sequence"": 19, ""stop_id"": ""BUS_6420""}, {""name"": ""Satyabhama University"", ""sequence"": 20, ""stop_id"": ""BUS_6403""}, {""name"": ""Semmancheri"", ""sequence"": 21, ""stop_id"": ""BUS_6358""}, {""name"": ""Ags Complex Navalur"", ""sequence"": 22, ""stop_id"": ""BUS_6314""}, {""name"": ""Navalur"", ""sequence"": 23, ""stop_id"": ""BUS_9974""}, {""name"": ""Egattur"", ""sequence"": 24, ""stop_id"": ""BUS_6269""}, {""name"": ""It Park Siruseri Or Muttukadu"", ""sequence"": 25, ""stop_id"": ""BUS_9966""}, {""name"": ""Tcs Gate 1"", ""sequence"": 26, ""stop_id"": ""BUS_6241""}, {""name"": ""Sipcot Industrial Park"", ""sequence"": 27, ""stop_id"": ""BUS_6223""}, {""name"": ""Tiruchariy Pudupakkam"", ""sequence"": 28, ""stop_id"": ""BUS_6207""}, {""name"": ""Amman Thottam"", ""sequence"": 29, ""stop_id"": ""BUS_6190""}, {""name"": ""Pudupakkam"", ""sequence"": 30, ""stop_id"": ""BUS_6182""}, {""name"": ""Pudupakkam School"", ""sequence"": 31, ""stop_id"": ""BUS_9951""}, {""name"": ""Pudupakkam Panchayat Office"", ""sequence"": 32, ""stop_id"": ""BUS_6171""}, {""name"": ""Cosmo City"", ""sequence"": 33, ""stop_id"": ""BUS_6165""}, {""name"": ""Pudupakkam Or Vandaloor Road Junction"", ""sequence"": 34, ""stop_id"": ""BUS_9948""}]}, {""direction_id"": 1, ""mode"": ""bus"", ""route_id"": ""GTFS_ROUTE_23155"", ""route_name"": ""102A"", ""source"": ""CHENNAI_COMMUNITY_GTFS"", ""stops"": [{""name"": ""Pudupakkam Or Vandaloor Road Junction"", ""sequence"": 1, ""stop_id"": ""BUS_9947""}, {""name"": ""Cosmo City"", ""sequence"": 2, ""stop_id"": ""BUS_6166""}, {""name"": ""Pudupakkam Panchayat Office"", ""sequence"": 3, ""stop_id"": ""BUS_6169""}, {""name"": ""Pudupakkam School"", ""sequence"": 4, ""stop_id"": ""BUS_9952""}, {""name"": ""Pudupakkam"", ""sequence"": 5, ""stop_id"": ""BUS_6181""}, {""name"": ""Amman Thottam"", ""sequence"": 6, ""stop_id"": ""BUS_6189""}, {""name"": ""Tiruchariy Pudupakkam"", ""sequence"": 7, ""stop_id"": ""BUS_6209""}, {""name"": ""Siruseri It Park"", ""sequence"": 8, ""stop_id"": ""BUS_9960""}, {""name"": ""Sipcot Industrial Park"", ""sequence"": 9, ""stop_id"": ""BUS_6224""}, {""name"": ""Tcs Gate 1"", ""sequence"": 10, ""stop_id"": ""BUS_6240""}, {""name"": ""It Park Siruseri Or Muttukadu"", ""sequence"": 11, ""stop_id"": ""BUS_9967""}, {""name"": ""Egattur"", ""sequence"": 12, ""stop_id"": ""BUS_6272""}, {""name"": ""Navalur"", ""sequence"": 13, ""stop_id"": ""BUS_9975""}, {""name"": ""Ags Complex Navalur"", ""sequence"": 14, ""stop_id"": ""BUS_6315""}, {""name"": ""Semmancheri"", ""sequence"": 15, ""stop_id"": ""BUS_6362""}, {""name"": ""Satyabhama University"", ""sequence"": 16, ""stop_id"": ""BUS_6398""}, {""name"": ""Kumaran Nagar"", ""sequence"": 17, ""stop_id"": ""BUS_6417""}, {""name"": ""Ponniamman Kovil"", ""sequence"": 18, ""stop_id"": ""BUS_6455""}, {""name"": ""Government School Shozhinganallur"", ""sequence"": 19, ""stop_id"": ""BUS_10013""}, {""name"": ""Shozhinganallur"", ""sequence"": 20, ""stop_id"": ""BUS_10023""}, {""name"": ""Shozhinganallur 1"", ""sequence"": 21, ""stop_id"": ""BUS_11165""}, {""name"": ""Dollar Or Accenture"", ""sequence"": 22, ""stop_id"": ""BUS_10034""}, {""name"": ""Karapakkam"", ""sequence"": 23, ""stop_id"": ""BUS_6580""}, {""name"": ""Kcg College"", ""sequence"": 24, ""stop_id"": ""BUS_6626""}, {""name"": ""Okkiyampet"", ""sequence"": 25, ""stop_id"": ""BUS_6684""}, {""name"": ""Ptc Quarters Or Mootakaran Chavadi"", ""sequence"": 26, ""stop_id"": ""BUS_10061""}, {""name"": ""Mettukuppam"", ""sequence"": 27, ""stop_id"": ""BUS_8321""}, {""name"": ""D B Jain College"", ""sequence"": 28, ""stop_id"": ""BUS_8377""}, {""name"": ""Seevaram"", ""sequence"": 29, ""stop_id"": ""BUS_8418""}, {""name"": ""Perungudi"", ""sequence"": 30, ""stop_id"": ""BUS_8477""}, {""name"": ""Kandanchavadi"", ""sequence"": 31, ""stop_id"": ""BUS_8561""}, {""name"": ""I G P"", ""sequence"": 32, ""stop_id"": ""BUS_8636""}, {""name"": ""Srp Tools"", ""sequence"": 33, ""stop_id"": ""BUS_8690""}, {""name"": ""Tidel Park"", ""sequence"": 34, ""stop_id"": ""BUS_8820""}, {""name"": ""Jayanthi Theatre"", ""sequence"": 35, ""stop_id"": ""BUS_10815""}, {""name"": ""Thiruvanmiyur Bus Stand"", ""sequence"": 36, ""stop_id"": ""BUS_5908""}]}], ""truncated"": false, ""uncovered_route_ids"": []}, ""intent"": ""route_stop_sequence"", ""missing_slots"": [], ""operation"": ""LIST_ROUTE_STOPS"", ""outcome_reason"": ""answered"", ""response_text"": ""102A stops: Thiruvanmiyur Bus Stand, Jayanthi Theatre, Tidel Park, Srp Tools, I G P, Kandanchavadi, Perungudi, Seevaram, …. Published stop sequences found. Service operation is not confirmed."", ""slots"": {""route_number"": ""102A"", ""transport_mode"": ""bus""}, ""status"": ""ok""}"
HI200_027,रूट ५७० में पहला पड़ाव कौन सा है और उसके बाद सारे पड़ाव किस क्रम में आते हैं?,route_stop_sequence,LIST_ROUTE_STOPS,first_stop_contrast,Recognize stop ordering rather than first service departure.,200,route_stop_sequence,LIST_ROUTE_STOPS,ok,answered,"570 stops: Siruseri It Park, Sipcot Industrial Park, Tcs Gate 1, It Park Siruseri Or Muttukadu, Egattur, Navalur, Ags Complex Navalur, Semmancheri, …. Partial published stop coverage found; unusable links or uncovered route variants are omitted. Service operation is not confirmed.",1376.99,"{""candidate_entities"": [], ""candidate_intents"": [""route_stop_sequence""], ""clarification_reason"": null, ""data"": {""excluded_unusable_rows"": 0, ""partial_topology"": true, ""provisional"": true, ""sequences"": [{""direction_id"": 1, ""mode"": ""bus"", ""route_id"": ""GTFS_ROUTE_17967"", ""route_name"": ""570"", ""source"": ""CHENNAI_COMMUNITY_GTFS"", ""stops"": [{""name"": ""Siruseri It Park"", ""sequence"": 1, ""stop_id"": ""BUS_9960""}, {""name"": ""Sipcot Industrial Park"", ""sequence"": 2, ""stop_id"": ""BUS_6223""}, {""name"": ""Tcs Gate 1"", ""sequence"": 3, ""stop_id"": ""BUS_6241""}, {""name"": ""It Park Siruseri Or Muttukadu"", ""sequence"": 4, ""stop_id"": ""BUS_9966""}, {""name"": ""Egattur"", ""sequence"": 5, ""stop_id"": ""BUS_6269""}, {""name"": ""Navalur"", ""sequence"": 6, ""stop_id"": ""BUS_9974""}, {""name"": ""Ags Complex Navalur"", ""sequence"": 7, ""stop_id"": ""BUS_6314""}, {""name"": ""Semmancheri"", ""sequence"": 8, ""stop_id"": ""BUS_6358""}, {""name"": ""Satyabhama University"", ""sequence"": 9, ""stop_id"": ""BUS_6403""}, {""name"": ""Kumaran Nagar"", ""sequence"": 10, ""stop_id"": ""BUS_6420""}, {""name"": ""Ponniamman Kovil"", ""sequence"": 11, ""stop_id"": ""BUS_6454""}, {""name"": ""Dollar Or Accenture"", ""sequence"": 12, ""stop_id"": ""BUS_10031""}, {""name"": ""Karapakkam"", ""sequence"": 13, ""stop_id"": ""BUS_6579""}, {""name"": ""Kcg College"", ""sequence"": 14, ""stop_id"": ""BUS_6622""}, {""name"": ""Okkiyampet"", ""sequence"": 15, ""stop_id"": ""BUS_6686""}, {""name"": ""Ptc Quarters Or Mootakaran Chavadi"", ""sequence"": 16, ""stop_id"": ""BUS_10066""}, {""name"": ""Mettukuppam"", ""sequence"": 17, ""stop_id"": ""BUS_8323""}, {""name"": ""D B Jain College"", ""sequence"": 18, ""stop_id"": ""BUS_8379""}, {""name"": ""Seevaram"", ""sequence"": 19, ""stop_id"": ""BUS_8425""}, {""name"": ""Perungudi"", ""sequence"": 20, ""stop_id"": ""BUS_8481""}, {""name"": ""Kandanchavadi"", ""sequence"": 21, ""stop_id"": ""BUS_8542""}, {""name"": ""I G P"", ""sequence"": 22, ""stop_id"": ""BUS_8624""}, {""name"": ""Srp Tools"", ""sequence"": 23, ""stop_id"": ""BUS_8711""}, {""name"": ""Tidel Park"", ""sequence"": 24, ""stop_id"": ""BUS_8804""}, {""name"": ""Jayanthi Theatre"", ""sequence"": 25, ""stop_id"": ""BUS_8811""}, {""name"": ""Adyar Depot"", ""sequence"": 26, ""stop_id"": ""BUS_5913""}, {""name"": ""Adyar Depot"", ""sequence"": 27, ""stop_id"": ""BUS_5535""}]}, {""direction_id"": 0, ""mode"": ""bus"", ""route_id"": ""GTFS_ROUTE_17739"", ""route_name"": ""570"", ""source"": ""CHENNAI_COMMUNITY_GTFS"", ""stops"": [{""name"": ""Kk Nagar Telephone Exchange Jaffarkhanpet"", ""sequence"": 1, ""stop_id"": ""BUS_9240""}, {""name"": ""Ashok Pillar"", ""sequence"": 2, ""stop_id"": ""BUS_25""}, {""name"": ""Vadapalani"", ""sequence"": 3, ""stop_id"": ""BUS_9398""}, {""name"": ""Vadapalani Thiru Nagar"", ""sequence"": 4, ""stop_id"": ""BUS_4711""}, {""name"": ""Mmda Colony Road Junction"", ""sequence"": 5, ""stop_id"": ""BUS_2819""}, {""name"": ""M.G.R.Koyambedu Bus Terminus"", ""sequence"": 6, ""stop_id"": ""BUS_5822""}, {""name"": ""Koyambedu Chathiram"", ""sequence"": 7, ""stop_id"": ""BUS_9612""}, {""name"": ""C.P.W.D Quarters"", ""sequence"": 8, ""stop_id"": ""BUS_10305""}, {""name"": ""Thirumangalam"", ""sequence"": 9, ""stop_id"": ""BUS_5723""}, {""name"": ""Anna Nagar West"", ""sequence"": 10, ""stop_id"": ""BUS_7796591114""}, {""name"": ""Kovarthanagiri"", ""sequence"": 11, ""stop_id"": ""BUS_9906""}, {""name"": ""Wheels India Road Junction"", ""sequence"": 12, ""stop_id"": ""BUS_6773""}, {""name"": ""Agrakaram"", ""sequence"": 13, ""stop_id"": ""BUS_6997""}, {""name"": ""Senthil Nagar"", ""sequence"": 14, ""stop_id"": ""BUS_7064""}, {""name"": ""Ambedkar Nagar"", ""sequence"": 15, ""stop_id"": ""BUS_7122""}, {""name"": ""Mallikai Avenue Nagar"", ""sequence"": 16, ""stop_id"": ""BUS_10454""}, {""name"": ""Retteri Junction"", ""sequence"": 17, ""stop_id"": ""BUS_7169""}, {""name"": ""R.T.O Or Kolathur Shastri Nagar"", ""sequence"": 18, ""stop_id"": ""BUS_10481""}]}, {""direction_id"": 0, ""mode"": ""bus"", ""route_id"": ""GTFS_ROUTE_17742"", ""route_name"": ""570"", ""source"": ""CHENNAI_COMMUNITY_GTFS"", ""stops"": [{""name"": ""M.M.B.T"", ""sequence"": 1, ""stop_id"": ""BUS_10501""}, {""name"": ""Madhavaram Rountana"", ""sequence"": 2, ""stop_id"": ""BUS_7342""}, {""name"": ""Madhavaram Bypass"", ""sequence"": 3, ""stop_id"": ""BUS_7302""}, {""name"": ""R.T.O Or Kolathur Shastri Nagar"", ""sequence"": 4, ""stop_id"": ""BUS_10480""}, {""name"": ""Retteri Junction"", ""sequence"": 5, ""stop_id"": ""BUS_7167""}, {""name"": ""Ambedkar Nagar"", ""sequence"": 6, ""stop_id"": ""BUS_7112""}, {""name"": ""Senthil Nagar"", ""sequence"": 7, ""stop_id"": ""BUS_7063""}, {""name"": ""Agrakaram"", ""sequence"": 8, ""stop_id"": ""BUS_6976""}, {""name"": ""Wheels India Road Junction"", ""sequence"": 9, ""stop_id"": ""BUS_6767""}, {""name"": ""Kovarthanagiri"", ""sequence"": 10, ""stop_id"": ""BUS_9910""}, {""name"": ""Anna Nagar West Depot"", ""sequence"": 11, ""stop_id"": ""BUS_9835""}, {""name"": ""Thirumangalam"", ""sequence"": 12, ""stop_id"": ""BUS_5707""}, {""name"": ""C.P.W.D Quarters"", ""sequence"": 13, ""stop_id"": ""BUS_10306""}, {""name"": ""M.G.R.Koyambedu Bus Terminus"", ""sequence"": 14, ""stop_id"": ""BUS_5822""}, {""name"": ""Mmda Colony Road Junction"", ""sequence"": 15, ""stop_id"": ""BUS_2820""}, {""name"": ""Vadapalani Thiru Nagar"", ""sequence"": 16, ""stop_id"": ""BUS_4712""}, {""name"": ""Vadapalani Kovil"", ""sequence"": 17, ""stop_id"": ""BUS_9433""}, {""name"": ""Vadapalani"", ""sequence"": 18, ""stop_id"": ""BUS_4940""}, {""name"": ""Ashok Pillar"", ""sequence"": 19, ""stop_id"": ""BUS_26""}, {""name"": ""Kk Nagar Telephone Exchange Jaffarkhanpet"", ""sequence"": 20, ""stop_id"": ""BUS_9236""}, {""name"": ""Kasi Theatre"", ""sequence"": 21, ""stop_id"": ""BUS_9209""}, {""name"": ""Kalaimagal Nagar"", ""sequence"": 22, ""stop_id"": ""BUS_9176""}, {""name"": ""Cipet"", ""sequence"": 23, ""stop_id"": ""BUS_9055""}, {""name"": ""Guindy Bus Terminus"", ""sequence"": 24, ""stop_id"": ""BUS_1461""}, {""name"": ""Chinnamalai Or Saidapet Court"", ""sequence"": 25, ""stop_id"": ""BUS_5785""}, {""name"": ""Halda"", ""sequence"": 26, ""stop_id"": ""BUS_9021""}, {""name"": ""Kannigapuram"", ""sequence"": 27, ""stop_id"": ""BUS_8988""}, {""name"": ""Vellacherry Check Post"", ""sequence"": 28, ""stop_id"": ""BUS_8937""}, {""name"": ""Guru Nanak College"", ""sequence"": 29, ""stop_id"": ""BUS_8847""}, {""name"": ""Gandhi Road"", ""sequence"": 30, ""stop_id"": ""BUS_8813""}, {""name"": ""Dhandeeswaran Nagar"", ""sequence"": 31, ""stop_id"": ""BUS_8777""}, {""name"": ""Velachery"", ""sequence"": 32, ""stop_id"": ""BUS_8660""}, {""name"": ""Tansi Nagar"", ""sequence"": 33, ""stop_id"": ""BUS_8689""}, {""name"": ""Baby Nagar"", ""sequence"": 34, ""stop_id"": ""BUS_8736""}, {""name"": ""Bharathi Nagar"", ""sequence"": 35, ""stop_id"": ""BUS_8734""}, {""name"": ""Pillaiyar Kovil"", ""sequence"": 36, ""stop_id"": ""BUS_8728""}, {""name"": ""Tharamani Or Irtc Junction"", ""sequence"": 37, ""stop_id"": ""BUS_10133""}, {""name"": ""Srp Tools"", ""sequence"": 38, ""stop_id"": ""BUS_8711""}, {""name"": ""I G P"", ""sequence"": 39, ""stop_id"": ""BUS_8624""}, {""name"": ""Kandanchavadi"", ""sequence"": 40, ""stop_id"": ""BUS_8542""}, {""name"": ""Perungudi"", ""sequence"": 41, ""stop_id"": ""BUS_8481""}, {""name"": ""Seevaram"", ""sequence"": 42, ""stop_id"": ""BUS_8425""}, {""name"": ""D B Jain College"", ""sequence"": 43, ""stop_id"": ""BUS_8379""}, {""name"": ""Mettukuppam"", ""sequence"": 44, ""stop_id"": ""BUS_8323""}, {""name"": ""Ptc Quarters Or Mootakaran Chavadi"", ""sequence"": 45, ""stop_id"": ""BUS_10066""}, {""name"": ""Okkiyampet"", ""sequence"": 46, ""stop_id"": ""BUS_6686""}, {""name"": ""Kcg College"", ""sequence"": 47, ""stop_id"": ""BUS_6622""}, {""name"": ""Karapakkam"", ""sequence"": 48, ""stop_id"": ""BUS_6579""}, {""name"": ""Dollar Or Accenture"", ""sequence"": 49, ""stop_id"": ""BUS_10031""}, {""name"": ""Shozhinganallur"", ""sequence"": 50, ""stop_id"": ""BUS_10022""}, {""name"": ""Government School Shozhinganallur"", ""sequence"": 51, ""stop_id"": ""BUS_10012""}, {""name"": ""Ponniamman Kovil"", ""sequence"": 52, ""stop_id"": ""BUS_6454""}, {""name"": ""Kumaran Nagar"", ""sequence"": 53, ""stop_id"": ""BUS_6420""}, {""name"": ""Satyabhama University"", ""sequence"": 54, ""stop_id"": ""BUS_6403""}, {""name"": ""Semmancheri"", ""sequence"": 55, ""stop_id"": ""BUS_6358""}, {""name"": ""Ags Complex Navalur"", ""sequence"": 56, ""stop_id"": ""BUS_6314""}, {""name"": ""Navalur"", ""sequence"": 57, ""stop_id"": ""BUS_9974""}, {""name"": ""Egattur"", ""sequence"": 58, ""stop_id"": ""BUS_6269""}, {""name"": ""It Park Siruseri Or Muttukadu"", ""sequence"": 59, ""stop_id"": ""BUS_9966""}, {""name"": ""Tcs Gate 1"", ""sequence"": 60, ""stop_id"": ""BUS_6241""}, {""name"": ""Sipcot Industrial Park"", ""sequence"": 61, ""stop_id"": ""BUS_6223""}, {""name"": ""Siruseri It Park"", ""sequence"": 62, ""stop_id"": ""BUS_9961""}]}, {""direction_id"": 0, ""mode"": ""bus"", ""route_id"": ""GTFS_ROUTE_24006"", ""route_name"": ""570"", ""source"": ""CHENNAI_COMMUNITY_GTFS"", ""stops"": [{""name"": ""M.G.R.Koyambedu Bus Terminus"", ""sequence"": 1, ""stop_id"": ""BUS_5822""}, {""name"": ""Mmda Colony Road Junction"", ""sequence"": 2, ""stop_id"": ""BUS_2820""}, {""name"": ""Vadapalani Thiru Nagar"", ""sequence"": 3, ""stop_id"": ""BUS_4712""}, {""name"": ""Vadapalani"", ""sequence"": 4, ""stop_id"": ""BUS_4940""}, {""name"": ""Ashok Nagar Canara Bank"", ""sequence"": 5, ""stop_id"": ""BUS_9343""}, {""name"": ""Ashok Pillar"", ""sequence"": 6, ""stop_id"": ""BUS_26""}, {""name"": ""Kk Nagar Telephone Exchange Jaffarkhanpet"", ""sequence"": 7, ""stop_id"": ""BUS_9236""}, {""name"": ""Kasi Theatre"", ""sequence"": 8, ""stop_id"": ""BUS_9209""}, {""name"": ""Kalaimagal Nagar"", ""sequence"": 9, ""stop_id"": ""BUS_9176""}, {""name"": ""Ekkattuthangal Or Ambal Nagar"", ""sequence"": 10, ""stop_id"": ""BUS_10190""}, {""name"": ""Cipet"", ""sequence"": 11, ""stop_id"": ""BUS_9057""}, {""name"": ""Bsnl Office"", ""sequence"": 12, ""stop_id"": ""BUS_9046""}, {""name"": ""Guindy Bus Terminus"", ""sequence"": 13, ""stop_id"": ""BUS_1461""}, {""name"": ""Chellammal College"", ""sequence"": 14, ""stop_id"": ""BUS_908""}, {""name"": ""Chinnamalai Or Saidapet Court"", ""sequence"": 15, ""stop_id"": ""BUS_5785""}, {""name"": ""Halda"", ""sequence"": 16, ""stop_id"": ""BUS_9021""}, {""name"": ""Kannigapuram"", ""sequence"": 17, ""stop_id"": ""BUS_8988""}, {""name"": ""Vellacherry Check Post"", ""sequence"": 18, ""stop_id"": ""BUS_8937""}, {""name"": ""Guru Nanak College"", ""sequence"": 19, ""stop_id"": ""BUS_8847""}, {""name"": ""Gandhi Road"", ""sequence"": 20, ""stop_id"": ""BUS_8813""}, {""name"": ""Dhandeeswaran Nagar"", ""sequence"": 21, ""stop_id"": ""BUS_8777""}, {""name"": ""Velachery"", ""sequence"": 22, ""stop_id"": ""BUS_8660""}, {""name"": ""Tansi Nagar"", ""sequence"": 23, ""stop_id"": ""BUS_8689""}, {""name"": ""Baby Nagar"", ""sequence"": 24, ""stop_id"": ""BUS_8736""}, {""name"": ""Bharathi Nagar"", ""sequence"": 25, ""stop_id"": ""BUS_8734""}, {""name"": ""Pillaiyar Kovil"", ""sequence"": 26, ""stop_id"": ""BUS_8728""}, {""name"": ""Tharamani Or Irtc Junction"", ""sequence"": 27, ""stop_id"": ""BUS_10133""}, {""name"": ""Srp Tools"", ""sequence"": 28, ""stop_id"": ""BUS_8711""}, {""name"": ""I G P"", ""sequence"": 29, ""stop_id"": ""BUS_8624""}, {""name"": ""Kandanchavadi"", ""sequence"": 30, ""stop_id"": ""BUS_8542""}, {""name"": ""Perungudi"", ""sequence"": 31, ""stop_id"": ""BUS_8481""}, {""name"": ""Seevaram"", ""sequence"": 32, ""stop_id"": ""BUS_8425""}, {""name"": ""D B Jain College"", ""sequence"": 33, ""stop_id"": ""BUS_8379""}, {""name"": ""Mettukuppam"", ""sequence"": 34, ""stop_id"": ""BUS_8323""}, {""name"": ""Ptc Quarters Or Mootakaran Chavadi"", ""sequence"": 35, ""stop_id"": ""BUS_10066""}, {""name"": ""Okkiyampet"", ""sequence"": 36, ""stop_id"": ""BUS_6686""}, {""name"": ""Kcg College"", ""sequence"": 37, ""stop_id"": ""BUS_6622""}, {""name"": ""Karapakkam"", ""sequence"": 38, ""stop_id"": ""BUS_6579""}, {""name"": ""Dollar Or Accenture"", ""sequence"": 39, ""stop_id"": ""BUS_10031""}, {""name"": ""Shozhinganallur"", ""sequence"": 40, ""stop_id"": ""BUS_10022""}, {""name"": ""Government School Shozhinganallur"", ""sequence"": 41, ""stop_id"": ""BUS_10012""}, {""name"": ""Ponniamman Kovil"", ""sequence"": 42, ""stop_id"": ""BUS_6454""}, {""name"": ""Kumaran Nagar"", ""sequence"": 43, ""stop_id"": ""BUS_6420""}, {""name"": ""Satyabhama University"", ""sequence"": 44, ""stop_id"": ""BUS_6403""}, {""name"": ""Semmancheri"", ""sequence"": 45, ""stop_id"": ""BUS_6358""}, {""name"": ""Ags Complex Navalur"", ""sequence"": 46, ""stop_id"": ""BUS_6314""}, {""name"": ""Navalur"", ""sequence"": 47, ""stop_id"": ""BUS_9974""}, {""name"": ""Egattur"", ""sequence"": 48, ""stop_id"": ""BUS_6269""}, {""name"": ""It Park Siruseri Or Muttukadu"", ""sequence"": 49, ""stop_id"": ""BUS_9966""}, {""name"": ""Vaniyanchavadi Padma Adarsh School"", ""sequence"": 50, ""stop_id"": ""BUS_6225""}, {""name"": ""Kazhipattur"", ""sequence"": 51, ""stop_id"": ""BUS_6198""}, {""name"": ""Akshaya Padur"", ""sequence"": 52, ""stop_id"": ""BUS_6179""}, {""name"": ""Padur"", ""sequence"": 53, ""stop_id"": ""BUS_6157""}, {""name"": ""Hindustan College"", ""sequence"": 54, ""stop_id"": ""BUS_6150""}, {""name"": ""Chettinad Hospital"", ""sequence"": 55, ""stop_id"": ""BUS_6132""}, {""name"": ""Kelambakkam V A O Office"", ""sequence"": 56, ""stop_id"": ""BUS_6125""}, {""name"": ""Kelambakkam Bus Terminal"", ""sequence"": 57, ""stop_id"": ""BUS_6099""}]}, {""direction_id"": 1, ""mode"": ""bus"", ""route_id"": ""GTFS_ROUTE_24007"", ""route_name"": ""570"", ""source"": ""CHENNAI_COMMUNITY_GTFS"", ""stops"": [{""name"": ""Kelambakkam Bus Terminal"", ""sequence"": 1, ""stop_id"": ""BUS_6099""}, {""name"": ""Kelambakkmm Police Station"", ""sequence"": 2, ""stop_id"": ""BUS_6096""}, {""name"": ""A.P Super Market"", ""sequence"": 3, ""stop_id"": ""BUS_9946""}, {""name"": ""Chettinad Hospital"", ""sequence"": 4, ""stop_id"": ""BUS_6131""}, {""name"": ""Hindustan College"", ""sequence"": 5, ""stop_id"": ""BUS_6152""}, {""name"": ""Padur"", ""sequence"": 6, ""stop_id"": ""BUS_6158""}, {""name"": ""Akshaya Padur"", ""sequence"": 7, ""stop_id"": ""BUS_6180""}, {""name"": ""Kazhipattur"", ""sequence"": 8, ""stop_id"": ""BUS_6202""}, {""name"": ""Vaniyanchavadi Padma Adarsh School"", ""sequence"": 9, ""stop_id"": ""BUS_6226""}, {""name"": ""It Park Siruseri Or Muttukadu"", ""sequence"": 10, ""stop_id"": ""BUS_9967""}, {""name"": ""Egattur"", ""sequence"": 11, ""stop_id"": ""BUS_6272""}, {""name"": ""Navalur"", ""sequence"": 12, ""stop_id"": ""BUS_9975""}, {""name"": ""Ags Complex Navalur"", ""sequence"": 13, ""stop_id"": ""BUS_6315""}, {""name"": ""Semmancheri"", ""sequence"": 14, ""stop_id"": ""BUS_6362""}, {""name"": ""Satyabhama University"", ""sequence"": 15, ""stop_id"": ""BUS_6398""}, {""name"": ""Kumaran Nagar"", ""sequence"": 16, ""stop_id"": ""BUS_6417""}, {""name"": ""Ponniamman Kovil"", ""sequence"": 17, ""stop_id"": ""BUS_6455""}, {""name"": ""Government School Shozhinganallur"", ""sequence"": 18, ""stop_id"": ""BUS_10013""}, {""name"": ""Shozhinganallur"", ""sequence"": 19, ""stop_id"": ""BUS_10023""}, {""name"": ""Dollar Or Accenture"", ""sequence"": 20, ""stop_id"": ""BUS_10034""}, {""name"": ""Karapakkam"", ""sequence"": 21, ""stop_id"": ""BUS_6580""}, {""name"": ""Kcg College"", ""sequence"": 22, ""stop_id"": ""BUS_6626""}, {""name"": ""Okkiyampet"", ""sequence"": 23, ""stop_id"": ""BUS_6684""}, {""name"": ""Ptc Quarters Or Mootakaran Chavadi"", ""sequence"": 24, ""stop_id"": ""BUS_10061""}, {""name"": ""Mettukuppam"", ""sequence"": 25, ""stop_id"": ""BUS_8321""}, {""name"": ""D B Jain College"", ""sequence"": 26, ""stop_id"": ""BUS_8377""}, {""name"": ""Seevaram"", ""sequence"": 27, ""stop_id"": ""BUS_8418""}, {""name"": ""Perungudi"", ""sequence"": 28, ""stop_id"": ""BUS_8477""}, {""name"": ""Kandanchavadi"", ""sequence"": 29, ""stop_id"": ""BUS_8561""}, {""name"": ""I G P"", ""sequence"": 30, ""stop_id"": ""BUS_8636""}, {""name"": ""S R P Tools"", ""sequence"": 31, ""stop_id"": ""BUS_8710""}, {""name"": ""Tharamani Or Irtc Junction"", ""sequence"": 32, ""stop_id"": ""BUS_10132""}, {""name"": ""Bharathi Nagar"", ""sequence"": 33, ""stop_id"": ""BUS_8727""}, {""name"": ""Baby Nagar"", ""sequence"": 34, ""stop_id"": ""BUS_8714""}, {""name"": ""Tansi Nagar"", ""sequence"": 35, ""stop_id"": ""BUS_8686""}, {""name"": ""Velachery"", ""sequence"": 36, ""stop_id"": ""BUS_8651""}, {""name"": ""Dhandeeswaran Nagar"", ""sequence"": 37, ""stop_id"": ""BUS_8778""}, {""name"": ""Gandhi Road"", ""sequence"": 38, ""stop_id"": ""BUS_8816""}, {""name"": ""Guru Nanak College"", ""sequence"": 39, ""stop_id"": ""BUS_8843""}, {""name"": ""Vellacherry Check Post"", ""sequence"": 40, ""stop_id"": ""BUS_8932""}, {""name"": ""Guindy M K N Salai"", ""sequence"": 41, ""stop_id"": ""BUS_1462""}, {""name"": ""Cipet"", ""sequence"": 42, ""stop_id"": ""BUS_9059""}, {""name"": ""Kalaimagal Nagar"", ""sequence"": 43, ""stop_id"": ""BUS_9174""}, {""name"": ""Kasi Theatre"", ""sequence"": 44, ""stop_id"": ""BUS_9210""}, {""name"": ""Kk Nagar Telephone Exchange Jaffarkhanpet"", ""sequence"": 45, ""stop_id"": ""BUS_9240""}, {""name"": ""Ashok Pillar"", ""sequence"": 46, ""stop_id"": ""BUS_25""}, {""name"": ""Ashok Nagar Canara Bank"", ""sequence"": 47, ""stop_id"": ""BUS_9341""}, {""name"": ""Vadapalani"", ""sequence"": 48, ""stop_id"": ""BUS_9398""}, {""name"": ""Vadapalani Thiru Nagar"", ""sequence"": 49, ""stop_id"": ""BUS_4711""}, {""name"": ""Mmda Colony Road Junction"", ""sequence"": 50, ""stop_id"": ""BUS_2819""}, {""name"": ""M.G.R.Koyambedu Bus Terminus"", ""sequence"": 51, ""stop_id"": ""BUS_5822""}]}, {""direction_id"": 0, ""mode"": ""bus"", ""route_id"": ""GTFS_ROUTE_18488"", ""route_name"": ""570"", ""source"": ""CHENNAI_COMMUNITY_GTFS"", ""stops"": [{""name"": ""M.G.R.Koyambedu Bus Terminus"", ""sequence"": 1, ""stop_id"": ""BUS_5822""}, {""name"": ""Mmda Colony Road Junction"", ""sequence"": 2, ""stop_id"": ""BUS_2820""}, {""name"": ""Vadapalani Thiru Nagar"", ""sequence"": 3, ""stop_id"": ""BUS_4712""}, {""name"": ""Vadapalani Kovil (SIMS Hospital)"", ""sequence"": 4, ""stop_id"": ""BUS_11001""}, {""name"": ""Vadapalani"", ""sequence"": 5, ""stop_id"": ""BUS_4940""}, {""name"": ""Ashok Nagar Canara Bank"", ""sequence"": 6, ""stop_id"": ""BUS_9343""}, {""name"": ""Ashok Pillar"", ""sequence"": 7, ""stop_id"": ""BUS_26""}, {""name"": ""Kasi Theatre"", ""sequence"": 8, ""stop_id"": ""BUS_9209""}, {""name"": ""Kalaimagal Nagar"", ""sequence"": 9, ""stop_id"": ""BUS_9176""}, {""name"": ""Ekkattuthangal Or Ambal Nagar"", ""sequence"": 10, ""stop_id"": ""BUS_10190""}, {""name"": ""Cipet"", ""sequence"": 11, ""stop_id"": ""BUS_9057""}, {""name"": ""Bsnl Office"", ""sequence"": 12, ""stop_id"": ""BUS_9046""}, {""name"": ""Telephone Exchange Guindy"", ""sequence"": 13, ""stop_id"": ""BUS_9036""}, {""name"": ""Guindy Bus Terminus"", ""sequence"": 14, ""stop_id"": ""BUS_1461""}, {""name"": ""Chellammal College"", ""sequence"": 15, ""stop_id"": ""BUS_908""}, {""name"": ""Chinnamalai Or Saidapet Court"", ""sequence"": 16, ""stop_id"": ""BUS_5785""}, {""name"": ""Raj Bhavan Quarters"", ""sequence"": 17, ""stop_id"": ""BUS_5764""}, {""name"": ""Halda"", ""sequence"": 18, ""stop_id"": ""BUS_9021""}, {""name"": ""Kannigapuram"", ""sequence"": 19, ""stop_id"": ""BUS_8988""}, {""name"": ""Vellacherry Check Post"", ""sequence"": 20, ""stop_id"": ""BUS_8937""}, {""name"": ""Guru Nanak College"", ""sequence"": 21, ""stop_id"": ""BUS_8847""}, {""name"": ""Gandhi Road"", ""sequence"": 22, ""stop_id"": ""BUS_8813""}, {""name"": ""Dhandeeswaran Nagar"", ""sequence"": 23, ""stop_id"": ""BUS_8777""}, {""name"": ""Velachery"", ""sequence"": 24, ""stop_id"": ""BUS_8660""}, {""name"": ""Tansi Nagar"", ""sequence"": 25, ""stop_id"": ""BUS_8689""}, {""name"": ""Baby Nagar"", ""sequence"": 26, ""stop_id"": ""BUS_8736""}, {""name"": ""Bharathi Nagar"", ""sequence"": 27, ""stop_id"": ""BUS_8734""}, {""name"": ""Pillaiyar Kovil"", ""sequence"": 28, ""stop_id"": ""BUS_8728""}, {""name"": ""Tharamani Or Irtc Junction"", ""sequence"": 29, ""stop_id"": ""BUS_10133""}, {""name"": ""Srp Tools"", ""sequence"": 30, ""stop_id"": ""BUS_8711""}, {""name"": ""Srp Tools"", ""sequence"": 31, ""stop_id"": ""BUS_8693""}, {""name"": ""I G P"", ""sequence"": 32, ""stop_id"": ""BUS_8624""}, {""name"": ""Kandanchavadi"", ""sequence"": 33, ""stop_id"": ""BUS_8542""}, {""name"": ""Perungudi"", ""sequence"": 34, ""stop_id"": ""BUS_8481""}, {""name"": ""Seevaram"", ""sequence"": 35, ""stop_id"": ""BUS_8425""}, {""name"": ""D B Jain College"", ""sequence"": 36, ""stop_id"": ""BUS_8379""}, {""name"": ""Infoview Thoraipakkam"", ""sequence"": 37, ""stop_id"": ""BUS_8361""}, {""name"": ""Mettukuppam"", ""sequence"": 38, ""stop_id"": ""BUS_8323""}, {""name"": ""Ptc Quarters Or Mootakaran Chavadi"", ""sequence"": 39, ""stop_id"": ""BUS_10066""}, {""name"": ""Okkiyampet"", ""sequence"": 40, ""stop_id"": ""BUS_6686""}, {""name"": ""Kcg College"", ""sequence"": 41, ""stop_id"": ""BUS_6622""}, {""name"": ""Karapakkam"", ""sequence"": 42, ""stop_id"": ""BUS_6579""}, {""name"": ""Dollar Or Accenture"", ""sequence"": 43, ""stop_id"": ""BUS_10031""}, {""name"": ""Shozhinganallur"", ""sequence"": 44, ""stop_id"": ""BUS_10030""}, {""name"": ""Shozhinganallur"", ""sequence"": 45, ""stop_id"": ""BUS_10022""}, {""name"": ""Government School Shozhinganallur"", ""sequence"": 46, ""stop_id"": ""BUS_10012""}, {""name"": ""Oodai"", ""sequence"": 47, ""stop_id"": ""BUS_6471""}, {""name"": ""Ponniamman Kovil"", ""sequence"": 48, ""stop_id"": ""BUS_6454""}, {""name"": ""Kumaran Nagar"", ""sequence"": 49, ""stop_id"": ""BUS_6420""}, {""name"": ""Chemmenchery Arch"", ""sequence"": 50, ""stop_id"": ""BUS_6426""}, {""name"": ""Perumbakkam Bus Terminus"", ""sequence"": 51, ""stop_id"": ""BUS_10929""}]}], ""truncated"": false, ""uncovered_route_ids"": [""GTFS_ROUTE_17304"", ""GTFS_ROUTE_17311""]}, ""intent"": ""route_stop_sequence"", ""missing_slots"": [], ""operation"": ""LIST_ROUTE_STOPS"", ""outcome_reason"": ""answered"", ""response_text"": ""570 stops: Siruseri It Park, Sipcot Industrial Park, Tcs Gate 1, It Park Siruseri Or Muttukadu, Egattur, Navalur, Ags Complex Navalur, Semmancheri, …. Partial published stop coverage found; unusable links or uncovered route variants are omitted. Service operation is not confirmed."", ""slots"": {""route_number"": ""570""}, ""status"": ""ok""}"
HI200_028,नीली लाइन के स्टेशनों का सिलसिला बताइए।,route_stop_sequence,LIST_ROUTE_STOPS,native_line,"List published Blue Line station sequence, or state missing published sequence.",200,route_stop_sequence,LIST_ROUTE_STOPS,clarification,missing_execution_slot,Please provide the route number or line name.,1385.98,"{""candidate_entities"": [], ""candidate_intents"": [""route_stop_sequence""], ""clarification_reason"": ""missing_slot"", ""data"": {}, ""intent"": ""route_stop_sequence"", ""missing_slots"": [""route_number_or_line_name""], ""operation"": ""LIST_ROUTE_STOPS"", ""outcome_reason"": ""missing_execution_slot"", ""response_text"": ""Please provide the route number or line name."", ""slots"": {}, ""status"": ""clarification""}"
HI200_029,"हरी मेट्रो लाइन पर एक स्टेशन के बाद कौन सा स्टेशन पड़ता है, पूरा क्रम बताओ।",route_stop_sequence,LIST_ROUTE_STOPS,native_line,Recognize Green Line station sequence.,200,route_stop_sequence,LIST_ROUTE_STOPS,unavailable,unsupported_source,No mode-consistent published topology is available for the requested transport mode.,1403.28,"{""candidate_entities"": [], ""candidate_intents"": [""route_stop_sequence""], ""clarification_reason"": null, ""data"": {""reason"": ""published_mode_topology_absent"", ""transport_mode"": ""metro""}, ""intent"": ""route_stop_sequence"", ""missing_slots"": [], ""operation"": ""LIST_ROUTE_STOPS"", ""outcome_reason"": ""unsupported_source"", ""response_text"": ""No mode-consistent published topology is available for the requested transport mode."", ""slots"": {""transport_mode"": ""metro""}, ""status"": ""unavailable""}"
HI200_030,बस नंबर २७डी के रास्ते के सभी स्टॉप दिखाइए; सिर्फ आखिरी स्टॉप नहीं।,route_stop_sequence,LIST_ROUTE_STOPS,negation,List the whole 27D sequence; do not mistake last-stop wording for last service.,200,route_stop_sequence,LIST_ROUTE_STOPS,ok,answered,"27D stops: Ayanavaram Depot, Sayani Theatre Aynavaram, Noor Hotel, Joint Office, Railway Quarters, Kambar Arangam, Icf, Icf. Published stop sequences found. Service operation is not confirmed.",1419.45,"{""candidate_entities"": [], ""candidate_intents"": [""route_stop_sequence""], ""clarification_reason"": null, ""data"": {""excluded_unusable_rows"": 0, ""partial_topology"": false, ""provisional"": true, ""sequences"": [{""direction_id"": 1, ""mode"": ""bus"", ""route_id"": ""GTFS_ROUTE_18808"", ""route_name"": ""27D"", ""source"": ""CHENNAI_COMMUNITY_GTFS"", ""stops"": [{""name"": ""Ayanavaram Depot"", ""sequence"": 1, ""stop_id"": ""BUS_9904""}, {""name"": ""Sayani Theatre Aynavaram"", ""sequence"": 2, ""stop_id"": ""BUS_5618""}, {""name"": ""Noor Hotel"", ""sequence"": 3, ""stop_id"": ""BUS_5617""}, {""name"": ""Joint Office"", ""sequence"": 4, ""stop_id"": ""BUS_5616""}, {""name"": ""Railway Quarters"", ""sequence"": 5, ""stop_id"": ""BUS_5615""}, {""name"": ""Kambar Arangam"", ""sequence"": 6, ""stop_id"": ""BUS_5614""}, {""name"": ""Icf"", ""sequence"": 7, ""stop_id"": ""BUS_5613""}, {""name"": ""Icf"", ""sequence"": 8, ""stop_id"": ""BUS_5669""}]}, {""direction_id"": 1, ""mode"": ""bus"", ""route_id"": ""GTFS_ROUTE_10605"", ""route_name"": ""27D"", ""source"": ""CHENNAI_COMMUNITY_GTFS"", ""stops"": [{""name"": ""Ayanavaram Depot"", ""sequence"": 1, ""stop_id"": ""BUS_9904""}, {""name"": ""Noor Hotel"", ""sequence"": 2, ""stop_id"": ""BUS_5665""}, {""name"": ""Joint Office"", ""sequence"": 3, ""stop_id"": ""BUS_5666""}, {""name"": ""Railway Quarters"", ""sequence"": 4, ""stop_id"": ""BUS_5667""}, {""name"": ""Kambar Arangam"", ""sequence"": 5, ""stop_id"": ""BUS_5668""}, {""name"": ""Icf"", ""sequence"": 6, ""stop_id"": ""BUS_5669""}, {""name"": ""Icf Annexe"", ""sequence"": 7, ""stop_id"": ""BUS_5670""}, {""name"": ""Kallukkadai"", ""sequence"": 8, ""stop_id"": ""BUS_5671""}, {""name"": ""Kalpana Hotel"", ""sequence"": 9, ""stop_id"": ""BUS_5672""}, {""name"": ""Villivakkam Bus Stand"", ""sequence"": 10, ""stop_id"": ""BUS_5817""}]}, {""direction_id"": 0, ""mode"": ""bus"", ""route_id"": ""GTFS_ROUTE_18780"", ""route_name"": ""27D"", ""source"": ""CHENNAI_COMMUNITY_GTFS"", ""stops"": [{""name"": ""Icf"", ""sequence"": 1, ""stop_id"": ""BUS_5669""}, {""name"": ""Kalpana Hotel"", ""sequence"": 2, ""stop_id"": ""BUS_5610""}, {""name"": ""Kallukkadai"", ""sequence"": 3, ""stop_id"": ""BUS_5611""}, {""name"": ""Icf Annexe"", ""sequence"": 4, ""stop_id"": ""BUS_5612""}, {""name"": ""Icf"", ""sequence"": 5, ""stop_id"": ""BUS_5613""}, {""name"": ""Kambar Arangam"", ""sequence"": 6, ""stop_id"": ""BUS_5614""}, {""name"": ""Railway Quarters"", ""sequence"": 7, ""stop_id"": ""BUS_5615""}, {""name"": ""Joint Office"", ""sequence"": 8, ""stop_id"": ""BUS_5616""}, {""name"": ""Noor Hotel"", ""sequence"": 9, ""stop_id"": ""BUS_5617""}, {""name"": ""Sayani Theatre Aynavaram"", ""sequence"": 10, ""stop_id"": ""BUS_5618""}, {""name"": ""Ayanavaram Depot"", ""sequence"": 11, ""stop_id"": ""BUS_9904""}]}, {""direction_id"": 0, ""mode"": ""bus"", ""route_id"": ""GTFS_ROUTE_18782"", ""route_name"": ""27D"", ""source"": ""CHENNAI_COMMUNITY_GTFS"", ""stops"": [{""name"": ""Foreshore Estate Bus Terminus"", ""sequence"": 1, ""stop_id"": ""BUS_247677936""}, {""name"": ""Foreshore Estate Bus Stop"", ""sequence"": 2, ""stop_id"": ""BUS_5820""}, {""name"": ""Kuil Thoppu"", ""sequence"": 3, ""stop_id"": ""BUS_5644""}, {""name"": ""Employment Office"", ""sequence"": 4, ""stop_id"": ""BUS_5645""}, {""name"": ""Santhome Church"", ""sequence"": 5, ""stop_id"": ""BUS_5646""}, {""name"": ""All India Radio Light House"", ""sequence"": 6, ""stop_id"": ""BUS_5647""}, {""name"": ""D.G.P Office"", ""sequence"": 7, ""stop_id"": ""BUS_5648""}, {""name"": ""City Centre Or Kalyani Hospital"", ""sequence"": 8, ""stop_id"": ""BUS_5777""}, {""name"": ""Yellow Pages"", ""sequence"": 9, ""stop_id"": ""BUS_5566""}, {""name"": ""Avm Rajeshwari Thirumana Mandapam"", ""sequence"": 10, ""stop_id"": ""BUS_5582""}, {""name"": ""New Woodlands"", ""sequence"": 11, ""stop_id"": ""BUS_5575""}, {""name"": ""Chola Hotel Or Music Academy"", ""sequence"": 12, ""stop_id"": ""BUS_5783""}, {""name"": ""Stella Marys College"", ""sequence"": 13, ""stop_id"": ""BUS_5651""}, {""name"": ""Semmozhi Poonga"", ""sequence"": 14, ""stop_id"": ""BUS_5652""}, {""name"": ""Anand Theatre Or Thousand Light"", ""sequence"": 15, ""stop_id"": ""BUS_155""}, {""name"": ""Spencer Plaza"", ""sequence"": 16, ""stop_id"": ""BUS_129""}, {""name"": ""Lic"", ""sequence"": 17, ""stop_id"": ""BUS_66""}, {""name"": ""Shanthi Theatre"", ""sequence"": 18, ""stop_id"": ""BUS_121""}, {""name"": ""Pudupet"", ""sequence"": 19, ""stop_id"": ""BUS_5654""}, {""name"": ""Egmore Court"", ""sequence"": 20, ""stop_id"": ""BUS_5655""}, {""name"": ""Commissioner Office"", ""sequence"": 21, ""stop_id"": ""BUS_33""}, {""name"": ""Egmore Station Mmda"", ""sequence"": 22, ""stop_id"": ""BUS_20""}, {""name"": ""Egmore Railway Station - South"", ""sequence"": 23, ""stop_id"": ""BUS_5748""}, {""name"": ""T N Sports Authority"", ""sequence"": 24, ""stop_id"": ""BUS_134""}, {""name"": ""Dasaprakash Hotel Or Petrol Pump"", ""sequence"": 25, ""stop_id"": ""BUS_5757""}, {""name"": ""Dharma Prakash Or Mctm School"", ""sequence"": 26, ""stop_id"": ""BUS_5658""}, {""name"": ""Alagappa Schools"", ""sequence"": 27, ""stop_id"": ""BUS_5659""}, {""name"": ""Motcham Aysha Hospital Or Motcham Theatre"", ""sequence"": 28, ""stop_id"": ""BUS_5622""}, {""name"": ""Motcham Theatre Or Grt"", ""sequence"": 29, ""stop_id"": ""BUS_5660""}, {""name"": ""Abirami Theatre"", ""sequence"": 30, ""stop_id"": ""BUS_5661""}, {""name"": ""Medavakkam Kellys"", ""sequence"": 31, ""stop_id"": ""BUS_5662""}, {""name"": ""Medavakkam Mental Hospital"", ""sequence"": 32, ""stop_id"": ""BUS_5663""}, {""name"": ""E.S.I Hospital Ayanavaram"", ""sequence"": 33, ""stop_id"": ""BUS_5735""}, {""name"": ""Sayani Theatre Aynavaram"", ""sequence"": 34, ""stop_id"": ""BUS_5664""}, {""name"": ""Noor Hotel"", ""sequence"": 35, ""stop_id"": ""BUS_5665""}, {""name"": ""Joint Office"", ""sequence"": 36, ""stop_id"": ""BUS_5666""}, {""name"": ""Railway Quarters"", ""sequence"": 37, ""stop_id"": ""BUS_5667""}, {""name"": ""Kambar Arangam"", ""sequence"": 38, ""stop_id"": ""BUS_5668""}, {""name"": ""Icf"", ""sequence"": 39, ""stop_id"": ""BUS_5669""}]}, {""direction_id"": 1, ""mode"": ""bus"", ""route_id"": ""GTFS_ROUTE_20311"", ""route_name"": ""27D"", ""source"": ""CHENNAI_COMMUNITY_GTFS"", ""stops"": [{""name"": ""Icf"", ""sequence"": 1, ""stop_id"": ""BUS_5669""}, {""name"": ""Kalpana Hotel"", ""sequence"": 2, ""stop_id"": ""BUS_5610""}, {""name"": ""Kallukkadai"", ""sequence"": 3, ""stop_id"": ""BUS_5611""}, {""name"": ""Icf Annexe"", ""sequence"": 4, ""stop_id"": ""BUS_5612""}, {""name"": ""Icf"", ""sequence"": 5, ""stop_id"": ""BUS_5613""}, {""name"": ""Kambar Arangam"", ""sequence"": 6, ""stop_id"": ""BUS_5614""}, {""name"": ""Railway Quarters"", ""sequence"": 7, ""stop_id"": ""BUS_5615""}, {""name"": ""Joint Office"", ""sequence"": 8, ""stop_id"": ""BUS_5616""}, {""name"": ""Noor Hotel"", ""sequence"": 9, ""stop_id"": ""BUS_5617""}, {""name"": ""Sayani Theatre Aynavaram"", ""sequence"": 10, ""stop_id"": ""BUS_5618""}, {""name"": ""E.S.I Hospital Ayanavaram"", ""sequence"": 11, ""stop_id"": ""BUS_5721""}, {""name"": ""Medavakkam Mental Hospital"", ""sequence"": 12, ""stop_id"": ""BUS_5620""}, {""name"": ""Medavakkam Kellys"", ""sequence"": 13, ""stop_id"": ""BUS_5621""}, {""name"": ""Motcham Aysha Hospital Or Motcham Theatre"", ""sequence"": 14, ""stop_id"": ""BUS_5622""}, {""name"": ""Purasaivakkam Tank"", ""sequence"": 15, ""stop_id"": ""BUS_5623""}, {""name"": ""Alagappa Schools"", ""sequence"": 16, ""stop_id"": ""BUS_5624""}, {""name"": ""Dharma Prakash Or Mctm School"", ""sequence"": 17, ""stop_id"": ""BUS_5625""}, {""name"": ""Dasaprakash Hotel Or Petrol Pump"", ""sequence"": 18, ""stop_id"": ""BUS_5754""}, {""name"": ""T N Sports Authority"", ""sequence"": 19, ""stop_id"": ""BUS_9634""}, {""name"": ""Egmore Railway Station - South"", ""sequence"": 20, ""stop_id"": ""BUS_5748""}, {""name"": ""Albert Theatre"", ""sequence"": 21, ""stop_id"": ""BUS_9640""}, {""name"": ""Commissioner Office"", ""sequence"": 22, ""stop_id"": ""BUS_9609""}, {""name"": ""Egmore Court"", ""sequence"": 23, ""stop_id"": ""BUS_5628""}, {""name"": ""Aadhithanar salai - Pudupet"", ""sequence"": 24, ""stop_id"": ""BUS_11145""}, {""name"": ""Pudupet"", ""sequence"": 25, ""stop_id"": ""BUS_5629""}, {""name"": ""Shanthi Theatre"", ""sequence"": 26, ""stop_id"": ""BUS_122""}, {""name"": ""Lic"", ""sequence"": 27, ""stop_id"": ""BUS_65""}, {""name"": ""Spencer Plaza TVS"", ""sequence"": 28, ""stop_id"": ""BUS_128""}, {""name"": ""Anand Theatre Or Thousand Light"", ""sequence"": 29, ""stop_id"": ""BUS_5630""}, {""name"": ""Church Park School"", ""sequence"": 30, ""stop_id"": ""BUS_29""}, {""name"": ""Thousand Light Or Us Embassy"", ""sequence"": 31, ""stop_id"": ""BUS_154""}, {""name"": ""Semmozhi Poonga"", ""sequence"": 32, ""stop_id"": ""BUS_5632""}, {""name"": ""Stella Marys College"", ""sequence"": 33, ""stop_id"": ""BUS_5633""}, {""name"": ""Chola Hotel Or Music Academy"", ""sequence"": 34, ""stop_id"": ""BUS_5779""}, {""name"": ""New Woodlands"", ""sequence"": 35, ""stop_id"": ""BUS_9384""}, {""name"": ""Avm Rajeshwari Thirumana Mandapam"", ""sequence"": 36, ""stop_id"": ""BUS_5635""}, {""name"": ""Yellow Pages"", ""sequence"": 37, ""stop_id"": ""BUS_5924""}, {""name"": ""City Centre Or Kalyani Hospital"", ""sequence"": 38, ""stop_id"": ""BUS_5765""}, {""name"": ""D.G.P Office"", ""sequence"": 39, ""stop_id"": ""BUS_5637""}, {""name"": ""All India Radio Light House"", ""sequence"": 40, ""stop_id"": ""BUS_5638""}, {""name"": ""Santhome Church"", ""sequence"": 41, ""stop_id"": ""BUS_5639""}, {""name"": ""Employment Office"", ""sequence"": 42, ""stop_id"": ""BUS_5640""}, {""name"": ""Kuil Thoppu"", ""sequence"": 43, ""stop_id"": ""BUS_5641""}, {""name"": ""Foreshore Estate Bus Stop"", ""sequence"": 44, ""stop_id"": ""BUS_5819""}, {""name"": ""Foreshore Estate Bus Terminus"", ""sequence"": 45, ""stop_id"": ""BUS_247677936""}]}], ""truncated"": false, ""uncovered_route_ids"": []}, ""intent"": ""route_stop_sequence"", ""missing_slots"": [], ""operation"": ""LIST_ROUTE_STOPS"", ""outcome_reason"": ""answered"", ""response_text"": ""27D stops: Ayanavaram Depot, Sayani Theatre Aynavaram, Noor Hotel, Joint Office, Railway Quarters, Kambar Arangam, Icf, Icf. Published stop sequences found. Service operation is not confirmed."", ""slots"": {""route_number"": ""27D"", ""transport_mode"": ""bus""}, ""status"": ""ok""}"
HI200_031,"मुझे १०२ के पड़ावों की सूची चाहिए, १०२ए की नहीं।",route_stop_sequence,LIST_ROUTE_STOPS,negated_route,Honor only route 102; negated 102A is not an additional execution scope.,200,route_stop_sequence,LIST_ROUTE_STOPS,clarification,missing_execution_slot,Please provide the route number or line name.,1396.04,"{""candidate_entities"": [], ""candidate_intents"": [""route_stop_sequence""], ""clarification_reason"": ""missing_slot"", ""data"": {}, ""intent"": ""route_stop_sequence"", ""missing_slots"": [""route_number_or_line_name""], ""operation"": ""LIST_ROUTE_STOPS"", ""outcome_reason"": ""missing_execution_slot"", ""response_text"": ""Please provide the route number or line name."", ""slots"": {}, ""status"": ""clarification""}"
HI200_032,"रूट ४७ए — रुकने की जगहें एक-एक करके, कृपया।",route_stop_sequence,LIST_ROUTE_STOPS,punctuation,Recognize ordered stops for 47A and preserve suffix.,200,route_stop_sequence,LIST_ROUTE_STOPS,ok,answered,"47A stops: Ayanavaram Signal, Sayani Theatre Aynavaram, Noor Hotel, Joint Office, Railway Quarters, Kambar Arangam, Icf, Icf. Published stop sequences found. Service operation is not confirmed.",1376.1,"{""candidate_entities"": [], ""candidate_intents"": [""route_stop_sequence""], ""clarification_reason"": null, ""data"": {""excluded_unusable_rows"": 0, ""partial_topology"": false, ""provisional"": true, ""sequences"": [{""direction_id"": 1, ""mode"": ""bus"", ""route_id"": ""GTFS_ROUTE_19412"", ""route_name"": ""47A"", ""source"": ""CHENNAI_COMMUNITY_GTFS"", ""stops"": [{""name"": ""Ayanavaram Signal"", ""sequence"": 1, ""stop_id"": ""BUS_9878""}, {""name"": ""Sayani Theatre Aynavaram"", ""sequence"": 2, ""stop_id"": ""BUS_5618""}, {""name"": ""Noor Hotel"", ""sequence"": 3, ""stop_id"": ""BUS_5617""}, {""name"": ""Joint Office"", ""sequence"": 4, ""stop_id"": ""BUS_5616""}, {""name"": ""Railway Quarters"", ""sequence"": 5, ""stop_id"": ""BUS_5615""}, {""name"": ""Kambar Arangam"", ""sequence"": 6, ""stop_id"": ""BUS_5614""}, {""name"": ""Icf"", ""sequence"": 7, ""stop_id"": ""BUS_5613""}, {""name"": ""Icf"", ""sequence"": 8, ""stop_id"": ""BUS_6757""}]}, {""direction_id"": 1, ""mode"": ""bus"", ""route_id"": ""GTFS_ROUTE_11414"", ""route_name"": ""47A"", ""source"": ""CHENNAI_COMMUNITY_GTFS"", ""stops"": [{""name"": ""Sayani Theatre Aynavaram"", ""sequence"": 1, ""stop_id"": ""BUS_5664""}, {""name"": ""Noor Hotel"", ""sequence"": 2, ""stop_id"": ""BUS_5665""}, {""name"": ""Joint Office"", ""sequence"": 3, ""stop_id"": ""BUS_5666""}, {""name"": ""Railway Quarters"", ""sequence"": 4, ""stop_id"": ""BUS_5667""}, {""name"": ""Kambar Arangam"", ""sequence"": 5, ""stop_id"": ""BUS_5668""}, {""name"": ""Icf"", ""sequence"": 6, ""stop_id"": ""BUS_6759""}, {""name"": ""Icf Annexe"", ""sequence"": 7, ""stop_id"": ""BUS_5670""}, {""name"": ""Kallukkadai"", ""sequence"": 8, ""stop_id"": ""BUS_5671""}, {""name"": ""Kalpana Hotel"", ""sequence"": 9, ""stop_id"": ""BUS_5672""}, {""name"": ""Villivakkam Bus Stand"", ""sequence"": 10, ""stop_id"": ""BUS_5817""}]}, {""direction_id"": 0, ""mode"": ""bus"", ""route_id"": ""GTFS_ROUTE_19879"", ""route_name"": ""47A"", ""source"": ""CHENNAI_COMMUNITY_GTFS"", ""stops"": [{""name"": ""Icf"", ""sequence"": 1, ""stop_id"": ""BUS_6759""}, {""name"": ""Icf"", ""sequence"": 2, ""stop_id"": ""BUS_5613""}, {""name"": ""Kambar Arangam"", ""sequence"": 3, ""stop_id"": ""BUS_5614""}, {""name"": ""Railway Quarters"", ""sequence"": 4, ""stop_id"": ""BUS_5615""}, {""name"": ""Joint Office"", ""sequence"": 5, ""stop_id"": ""BUS_5616""}, {""name"": ""Noor Hotel"", ""sequence"": 6, ""stop_id"": ""BUS_5617""}, {""name"": ""Ayanavaram Signal"", ""sequence"": 7, ""stop_id"": ""BUS_9878""}]}, {""direction_id"": 0, ""mode"": ""bus"", ""route_id"": ""GTFS_ROUTE_11422"", ""route_name"": ""47A"", ""source"": ""CHENNAI_COMMUNITY_GTFS"", ""stops"": [{""name"": ""Villivakkam Bus Stand"", ""sequence"": 1, ""stop_id"": ""BUS_5817""}, {""name"": ""Kalpana Hotel"", ""sequence"": 2, ""stop_id"": ""BUS_5610""}, {""name"": ""Kallukkadai"", ""sequence"": 3, ""stop_id"": ""BUS_5611""}, {""name"": ""Icf Annexe"", ""sequence"": 4, ""stop_id"": ""BUS_5612""}, {""name"": ""Icf"", ""sequence"": 5, ""stop_id"": ""BUS_5613""}, {""name"": ""Kambar Arangam"", ""sequence"": 6, ""stop_id"": ""BUS_5614""}, {""name"": ""Railway Quarters"", ""sequence"": 7, ""stop_id"": ""BUS_5615""}, {""name"": ""Joint Office"", ""sequence"": 8, ""stop_id"": ""BUS_5616""}, {""name"": ""Noor Hotel"", ""sequence"": 9, ""stop_id"": ""BUS_5617""}, {""name"": ""Sayani Theatre Aynavaram"", ""sequence"": 10, ""stop_id"": ""BUS_5618""}]}], ""truncated"": false, ""uncovered_route_ids"": []}, ""intent"": ""route_stop_sequence"", ""missing_slots"": [], ""operation"": ""LIST_ROUTE_STOPS"", ""outcome_reason"": ""answered"", ""response_text"": ""47A stops: Ayanavaram Signal, Sayani Theatre Aynavaram, Noor Hotel, Joint Office, Railway Quarters, Kambar Arangam, Icf, Icf. Published stop sequences found. Service operation is not confirmed."", ""slots"": {""route_number"": ""47A""}, ""status"": ""ok""}"
HI200_033,एमआरटीएस लाइन के सभी स्टेशन यात्रा के क्रम में बता सकते हो?,route_stop_sequence,LIST_ROUTE_STOPS,mrts_sequence,List a published MRTS sequence or give an explicit data limit.,200,route_stop_sequence,LIST_ROUTE_STOPS,unavailable,unsupported_source,No mode-consistent published topology is available for the requested transport mode.,1415.19,"{""candidate_entities"": [], ""candidate_intents"": [""route_stop_sequence""], ""clarification_reason"": null, ""data"": {""reason"": ""published_mode_topology_absent"", ""transport_mode"": ""mrts""}, ""intent"": ""route_stop_sequence"", ""missing_slots"": [], ""operation"": ""LIST_ROUTE_STOPS"", ""outcome_reason"": ""unsupported_source"", ""response_text"": ""No mode-consistent published topology is available for the requested transport mode."", ""slots"": {""transport_mode"": ""mrts""}, ""status"": ""unavailable""}"
HI200_034,इस बस के पूरे रास्ते के पड़ाव बता दो।,route_stop_sequence,,missing_route,Ask route number or line; do not guess this bus.,200,route_stop_sequence,LIST_ROUTE_STOPS,clarification,missing_execution_slot,Please provide the route number or line name.,1350.67,"{""candidate_entities"": [], ""candidate_intents"": [""route_stop_sequence""], ""clarification_reason"": ""missing_slot"", ""data"": {}, ""intent"": ""route_stop_sequence"", ""missing_slots"": [""route_number_or_line_name""], ""operation"": ""LIST_ROUTE_STOPS"", ""outcome_reason"": ""missing_execution_slot"", ""response_text"": ""Please provide the route number or line name."", ""slots"": {""transport_mode"": ""bus""}, ""status"": ""clarification""}"
HI200_035,बस रूट २१ जी कहाँ-कहाँ रुकता है? सूची बनाओ।,route_stop_sequence,LIST_ROUTE_STOPS,spaced_suffix,Normalize २१ जी to route 21G without losing suffix.,200,route_stop_sequence,LIST_ROUTE_STOPS,ok,answered,"21G stops: Alandur Court, Meeanambakkam International Airport, Thirusoolam National Airport, Pallavaram Or English Electrical, Pallavaram, Saravana Store Chromepet, Chromepet, Tambaram Tb Hospital, …. Partial published stop coverage found; unusable links or uncovered route variants are omitted. Service operation is not confirmed.",1440.56,"{""candidate_entities"": [], ""candidate_intents"": [""route_stop_sequence""], ""clarification_reason"": null, ""data"": {""excluded_unusable_rows"": 4, ""partial_topology"": true, ""provisional"": true, ""sequences"": [{""direction_id"": 1, ""mode"": ""bus"", ""route_id"": ""GTFS_ROUTE_15116"", ""route_name"": ""21G"", ""source"": ""CHENNAI_COMMUNITY_GTFS"", ""stops"": [{""name"": ""Alandur Court"", ""sequence"": 1, ""stop_id"": ""BUS_8938""}, {""name"": ""Meeanambakkam International Airport"", ""sequence"": 2, ""stop_id"": ""BUS_8785""}, {""name"": ""Thirusoolam National Airport"", ""sequence"": 3, ""stop_id"": ""BUS_8699""}, {""name"": ""Pallavaram Or English Electrical"", ""sequence"": 4, ""stop_id"": ""BUS_10123""}, {""name"": ""Pallavaram"", ""sequence"": 5, ""stop_id"": ""BUS_8578""}, {""name"": ""Saravana Store Chromepet"", ""sequence"": 6, ""stop_id"": ""BUS_8462""}, {""name"": ""Chromepet"", ""sequence"": 7, ""stop_id"": ""BUS_8424""}, {""name"": ""Tambaram Tb Hospital"", ""sequence"": 8, ""stop_id"": ""BUS_8364""}, {""name"": ""Tambaram Sanatorium B.T"", ""sequence"": 9, ""stop_id"": ""BUS_6747""}, {""name"": ""Tambaram Railway Station"", ""sequence"": 10, ""stop_id"": ""BUS_6681""}, {""name"": ""Irumbuliyur"", ""sequence"": 11, ""stop_id"": ""BUS_6594""}, {""name"": ""Perungalattur"", ""sequence"": 12, ""stop_id"": ""BUS_6553""}, {""name"": ""Perungalathur Sriram Gate"", ""sequence"": 13, ""stop_id"": ""BUS_6528""}, {""name"": ""Perungalathur Iraniyamman Temple"", ""sequence"": 14, ""stop_id"": ""BUS_10015""}, {""name"": ""Kilambakkam Bus Terminus"", ""sequence"": 15, ""stop_id"": ""BUS_9991""}]}, {""direction_id"": 1, ""mode"": ""bus"", ""route_id"": ""GTFS_ROUTE_20534"", ""route_name"": ""21G"", ""source"": ""CHENNAI_COMMUNITY_GTFS"", ""stops"": [{""name"": ""Kilambakkam Bus Terminus"", ""sequence"": 1, ""stop_id"": ""BUS_9991""}, {""name"": ""Vandalur Zoo"", ""sequence"": 2, ""stop_id"": ""BUS_6435""}, {""name"": ""Vandalur Gate"", ""sequence"": 3, ""stop_id"": ""BUS_6490""}, {""name"": ""Perungalattur"", ""sequence"": 4, ""stop_id"": ""BUS_6554""}, {""name"": ""Irumbuliyur"", ""sequence"": 5, ""stop_id"": ""BUS_6592""}, {""name"": ""Tambaram West Bus Stand"", ""sequence"": 6, ""stop_id"": ""BUS_6693""}, {""name"": ""Tambaram Sanatorium B.T"", ""sequence"": 7, ""stop_id"": ""BUS_6748""}, {""name"": ""Tambaram Tb Hospital"", ""sequence"": 8, ""stop_id"": ""BUS_8365""}, {""name"": ""Chromepet"", ""sequence"": 9, ""stop_id"": ""BUS_8421""}, {""name"": ""Saravana Store Chromepet"", ""sequence"": 10, ""stop_id"": ""BUS_8464""}, {""name"": ""Pallavaram Bus Stand"", ""sequence"": 11, ""stop_id"": ""BUS_8577""}, {""name"": ""Thirusoolam National Airport"", ""sequence"": 12, ""stop_id"": ""BUS_8729""}, {""name"": ""St Thomas Mount Head Post Office"", ""sequence"": 14, ""stop_id"": ""BUS_8964""}, {""name"": ""Asarkana Omni Bus Stop"", ""sequence"": 15, ""stop_id"": ""BUS_8967""}, {""name"": ""Guindy Bus Terminus"", ""sequence"": 16, ""stop_id"": ""BUS_1461""}, {""name"": ""Chellammal College"", ""sequence"": 17, ""stop_id"": ""BUS_908""}, {""name"": ""Chinnamalai Or Saidapet Court"", ""sequence"": 18, ""stop_id"": ""BUS_5785""}, {""name"": ""Anna University"", ""sequence"": 19, ""stop_id"": ""BUS_502""}, {""name"": ""Gandhi Mandapam"", ""sequence"": 20, ""stop_id"": ""BUS_1337""}, {""name"": ""Kottur"", ""sequence"": 21, ""stop_id"": ""BUS_2142""}, {""name"": ""Kotturpuram"", ""sequence"": 22, ""stop_id"": ""BUS_2145""}, {""name"": ""Nandanam Park"", ""sequence"": 23, ""stop_id"": ""BUS_3016""}, {""name"": ""Adyar Gate"", ""sequence"": 24, ""stop_id"": ""BUS_243""}, {""name"": ""Kaliyappa Hospital"", ""sequence"": 25, ""stop_id"": ""BUS_1740""}, {""name"": ""Mandaveli Railway Station"", ""sequence"": 26, ""stop_id"": ""BUS_2533""}, {""name"": ""Mandaveli Bus Terminus"", ""sequence"": 27, ""stop_id"": ""BUS_6""}]}, {""direction_id"": 0, ""mode"": ""bus"", ""route_id"": ""GTFS_ROUTE_20535"", ""route_name"": ""21G"", ""source"": ""CHENNAI_COMMUNITY_GTFS"", ""stops"": [{""name"": ""Tambaram West Bus Stand"", ""sequence"": 1, ""stop_id"": ""BUS_6693""}, {""name"": ""Kadaperi"", ""sequence"": 2, ""stop_id"": ""BUS_6712""}, {""name"": ""Tambaram Sanatorium B.T"", ""sequence"": 3, ""stop_id"": ""BUS_6748""}, {""name"": ""Tambaram Tb Hospital"", ""sequence"": 4, ""stop_id"": ""BUS_8365""}, {""name"": ""Chromepet Mit Gate"", ""sequence"": 5, ""stop_id"": ""BUS_8386""}, {""name"": ""Chromepet"", ""sequence"": 6, ""stop_id"": ""BUS_8421""}, {""name"": ""Saravana Store Chromepet"", ""sequence"": 7, ""stop_id"": ""BUS_8464""}, {""name"": ""Ponds Company"", ""sequence"": 8, ""stop_id"": ""BUS_8501""}, {""name"": ""Pallavaram"", ""sequence"": 9, ""stop_id"": ""BUS_8567""}, {""name"": ""Pallavaram Or English Electrical"", ""sequence"": 10, ""stop_id"": ""BUS_10124""}, {""name"": ""Thirusoolam National Airport"", ""sequence"": 11, ""stop_id"": ""BUS_8729""}, {""name"": ""Alandur Depot"", ""sequence"": 13, ""stop_id"": ""BUS_8936""}, {""name"": ""St Thomas Mount Head Post Office"", ""sequence"": 14, ""stop_id"": ""BUS_8964""}, {""name"": ""Guindy Bus Terminus"", ""sequence"": 16, ""stop_id"": ""BUS_1461""}, {""name"": ""Chellammal College"", ""sequence"": 17, ""stop_id"": ""BUS_908""}, {""name"": ""Anna University"", ""sequence"": 19, ""stop_id"": ""BUS_502""}, {""name"": ""B M Birla Planetarium Or Clri"", ""sequence"": 20, ""stop_id"": ""BUS_10172""}, {""name"": ""Kottur"", ""sequence"": 21, ""stop_id"": ""BUS_2142""}, {""name"": ""Kotturpuram"", ""sequence"": 22, ""stop_id"": ""BUS_2145""}, {""name"": ""Nandanam Park"", ""sequence"": 23, ""stop_id"": ""BUS_3016""}, {""name"": ""Adyar Gate"", ""sequence"": 24, ""stop_id"": ""BUS_243""}, {""name"": ""Bilroth Hospital"", ""sequence"": 25, ""stop_id"": ""BUS_10996""}, {""name"": ""St Mary'S Road"", ""sequence"": 26, ""stop_id"": ""BUS_11139""}, {""name"": ""Mandaveli Market"", ""sequence"": 27, ""stop_id"": ""BUS_75""}, {""name"": ""Mylapore Tank"", ""sequence"": 28, ""stop_id"": ""BUS_88""}]}], ""truncated"": false, ""uncovered_route_ids"": [""GTFS_ROUTE_8458"", ""GTFS_ROUTE_16347"", ""GTFS_ROUTE_18388"", ""GTFS_ROUTE_15125""]}, ""intent"": ""route_stop_sequence"", ""missing_slots"": [], ""operation"": ""LIST_ROUTE_STOPS"", ""outcome_reason"": ""answered"", ""response_text"": ""21G stops: Alandur Court, Meeanambakkam International Airport, Thirusoolam National Airport, Pallavaram Or English Electrical, Pallavaram, Saravana Store Chromepet, Chromepet, Tambaram Tb Hospital, …. Partial published stop coverage found; unusable links or uncovered route variants are omitted. Service operation is not confirmed."", ""slots"": {""route_number"": ""21G"", ""transport_mode"": ""bus""}, ""status"": ""ok""}"
HI200_036,१०२के# बस के हर पड़ाव का क्रम देखना है।,route_stop_sequence,LIST_ROUTE_STOPS,route_variant,Preserve complete operational variant 102K# and list its own sequence.,200,route_stop_sequence,LIST_ROUTE_STOPS,clarification,missing_execution_slot,Please provide a supported route number including its complete suffix.,1405.19,"{""candidate_entities"": [], ""candidate_intents"": [""route_stop_sequence""], ""clarification_reason"": ""missing_slot"", ""data"": {}, ""intent"": ""route_stop_sequence"", ""missing_slots"": [""route_number""], ""operation"": ""LIST_ROUTE_STOPS"", ""outcome_reason"": ""missing_execution_slot"", ""response_text"": ""Please provide a supported route number including its complete suffix."", ""slots"": {""transport_mode"": ""bus""}, ""status"": ""clarification""}"
HI200_037,क्या २१जी बस सैदापेट के स्टॉप पर ठहरती है?,route_stop_membership,CHECK_STOP_ON_ROUTE,devanagari_route,"Check a particular stop on route 21G using published sequence, not plan a journey.",200,route_stop_membership,CHECK_STOP_ON_ROUTE,clarification,missing_execution_slot,Please provide the stop to check.,1384.85,"{""candidate_entities"": [], ""candidate_intents"": [""route_stop_membership""], ""clarification_reason"": ""missing_slot"", ""data"": {}, ""intent"": ""route_stop_membership"", ""missing_slots"": [""stop""], ""operation"": ""CHECK_STOP_ON_ROUTE"", ""outcome_reason"": ""missing_execution_slot"", ""response_text"": ""Please provide the stop to check."", ""slots"": {""route_number"": ""21G"", ""transport_mode"": ""bus""}, ""status"": ""clarification""}"
HI200_038,१०२ए में अडयार वाला पड़ाव शामिल है या नहीं?,route_stop_membership,CHECK_STOP_ON_ROUTE,membership_wording,Check membership for route 102A; do not infer absent service from incomplete coverage.,200,route_stop_membership,CHECK_STOP_ON_ROUTE,clarification,missing_execution_slot,"Please provide the stop to check, the route number or line name.",1431.71,"{""candidate_entities"": [], ""candidate_intents"": [""route_stop_membership""], ""clarification_reason"": ""missing_slot"", ""data"": {}, ""intent"": ""route_stop_membership"", ""missing_slots"": [""stop"", ""route_number_or_line_name""], ""operation"": ""CHECK_STOP_ON_ROUTE"", ""outcome_reason"": ""missing_execution_slot"", ""response_text"": ""Please provide the stop to check, the route number or line name."", ""slots"": {}, ""status"": ""clarification""}"
HI200_039,गिंडी मेट्रो स्टेशन नीली लाइन में आता है क्या?,route_stop_membership,CHECK_STOP_ON_ROUTE,native_line,"Check Guindy metro membership of Blue Line, without turning it into journey planning.",200,route_stop_membership,CHECK_STOP_ON_ROUTE,unavailable,unsupported_source,No mode-consistent published topology is available for the requested transport mode.,1384.45,"{""candidate_entities"": [], ""candidate_intents"": [""route_stop_membership""], ""clarification_reason"": null, ""data"": {""reason"": ""published_mode_topology_absent"", ""transport_mode"": ""metro""}, ""intent"": ""route_stop_membership"", ""missing_slots"": [], ""operation"": ""CHECK_STOP_ON_ROUTE"", ""outcome_reason"": ""unsupported_source"", ""response_text"": ""No mode-consistent published topology is available for the requested transport mode."", ""slots"": {""stop"": ""METRO_GUINDY"", ""transport_mode"": ""metro""}, ""status"": ""unavailable""}"
HI200_040,एग्मोर हरी लाइन का स्टेशन है? सिर्फ हाँ या नहीं की पुष्टि चाहिए।,route_stop_membership,CHECK_STOP_ON_ROUTE,yes_no,Check Green Line station membership using evidence.,200,route_stop_sequence,LIST_ROUTE_STOPS,clarification,missing_execution_slot,Please provide the route number or line name.,1395.44,"{""candidate_entities"": [], ""candidate_intents"": [""route_stop_sequence""], ""clarification_reason"": ""missing_slot"", ""data"": {}, ""intent"": ""route_stop_sequence"", ""missing_slots"": [""route_number_or_line_name""], ""operation"": ""LIST_ROUTE_STOPS"", ""outcome_reason"": ""missing_execution_slot"", ""response_text"": ""Please provide the route number or line name."", ""slots"": {}, ""status"": ""clarification""}"
HI200_041,"बस ५७० से शोलिंगनल्लूर पर उतर सकते हैं, यह स्टॉप उस रूट पर है?",route_stop_membership,CHECK_STOP_ON_ROUTE,colloquial,Recognize one-stop route membership for 570.,200,route_stop_membership,CHECK_STOP_ON_ROUTE,clarification,missing_execution_slot,Please provide the stop to check.,1369.13,"{""candidate_entities"": [], ""candidate_intents"": [""route_stop_membership""], ""clarification_reason"": ""missing_slot"", ""data"": {}, ""intent"": ""route_stop_membership"", ""missing_slots"": [""stop""], ""operation"": ""CHECK_STOP_ON_ROUTE"", ""outcome_reason"": ""missing_execution_slot"", ""response_text"": ""Please provide the stop to check."", ""slots"": {""route_number"": ""570"", ""transport_mode"": ""bus""}, ""status"": ""clarification""}"
HI200_042,रूट २७डी वडपलनी में नहीं रुकता क्या?,route_stop_membership,CHECK_STOP_ON_ROUTE,negative_question,Answer stop membership honestly; negative question must not imply a negative fact.,200,route_stop_membership,CHECK_STOP_ON_ROUTE,clarification,missing_execution_slot,Please provide the stop to check.,1401.89,"{""candidate_entities"": [], ""candidate_intents"": [""route_stop_membership""], ""clarification_reason"": ""missing_slot"", ""data"": {}, ""intent"": ""route_stop_membership"", ""missing_slots"": [""stop""], ""operation"": ""CHECK_STOP_ON_ROUTE"", ""outcome_reason"": ""missing_execution_slot"", ""response_text"": ""Please provide the stop to check."", ""slots"": {""route_number"": ""27D""}, ""status"": ""clarification""}"
HI200_043,तिरुवान्मियूर एमआरटीएस लाइन के स्टेशनों में गिना जाता है?,route_stop_membership,CHECK_STOP_ON_ROUTE,native_membership,Check named MRTS station membership.,200,route_stop_sequence,LIST_ROUTE_STOPS,unavailable,unsupported_source,No mode-consistent published topology is available for the requested transport mode.,1379.16,"{""candidate_entities"": [], ""candidate_intents"": [""route_stop_sequence""], ""clarification_reason"": null, ""data"": {""reason"": ""published_mode_topology_absent"", ""transport_mode"": ""mrts""}, ""intent"": ""route_stop_sequence"", ""missing_slots"": [], ""operation"": ""LIST_ROUTE_STOPS"", ""outcome_reason"": ""unsupported_source"", ""response_text"": ""No mode-consistent published topology is available for the requested transport mode."", ""slots"": {""transport_mode"": ""mrts""}, ""status"": ""unavailable""}"
HI200_044,१०२के# में कन्नगी नगर वाला ठहराव है या किसी दूसरी बस में?,route_stop_membership,CHECK_STOP_ON_ROUTE,route_suffix,"Check complete route variant 102K# and named stop, preserving suffix.",200,route_stop_sequence,LIST_ROUTE_STOPS,clarification,missing_execution_slot,Please provide the route number or line name.,1359.69,"{""candidate_entities"": [], ""candidate_intents"": [""route_stop_sequence""], ""clarification_reason"": ""missing_slot"", ""data"": {}, ""intent"": ""route_stop_sequence"", ""missing_slots"": [""route_number_or_line_name""], ""operation"": ""LIST_ROUTE_STOPS"", ""outcome_reason"": ""missing_execution_slot"", ""response_text"": ""Please provide the route number or line name."", ""slots"": {""transport_mode"": ""bus""}, ""status"": ""clarification""}"
HI200_045,४७ए बस अन्ना नगर पर रुकती है; इसकी पुष्टि कर दो।,route_stop_membership,CHECK_STOP_ON_ROUTE,assertion_confirmation,"Treat assertion with confirmation request as membership, not an established fact.",200,route_stop_membership,CHECK_STOP_ON_ROUTE,clarification,missing_execution_slot,Please provide the stop to check.,1379.75,"{""candidate_entities"": [], ""candidate_intents"": [""route_stop_membership""], ""clarification_reason"": ""missing_slot"", ""data"": {}, ""intent"": ""route_stop_membership"", ""missing_slots"": [""stop""], ""operation"": ""CHECK_STOP_ON_ROUTE"", ""outcome_reason"": ""missing_execution_slot"", ""response_text"": ""Please provide the stop to check."", ""slots"": {""route_number"": ""47A"", ""transport_mode"": ""bus""}, ""status"": ""clarification""}"
HI200_046,इस रूट में ताम्बरम वाला स्टॉप आता है क्या?,route_stop_membership,,missing_route,Ask route number or line; do not guess the referenced route.,200,route_stop_membership,CHECK_STOP_ON_ROUTE,clarification,missing_execution_slot,"Please provide the stop to check, the route number or line name.",1355.68,"{""candidate_entities"": [], ""candidate_intents"": [""route_stop_membership""], ""clarification_reason"": ""missing_slot"", ""data"": {}, ""intent"": ""route_stop_membership"", ""missing_slots"": [""stop"", ""route_number_or_line_name""], ""operation"": ""CHECK_STOP_ON_ROUTE"", ""outcome_reason"": ""missing_execution_slot"", ""response_text"": ""Please provide the stop to check, the route number or line name."", ""slots"": {}, ""status"": ""clarification""}"
HI200_047,२१जी पर यह जगह पड़ती है क्या?,route_stop_membership,,missing_stop,Ask which stop/location; do not fabricate one.,200,route_stop_membership,CHECK_STOP_ON_ROUTE,clarification,missing_execution_slot,"Please provide the stop to check, the route number or line name.",1360.18,"{""candidate_entities"": [], ""candidate_intents"": [""route_stop_membership""], ""clarification_reason"": ""missing_slot"", ""data"": {}, ""intent"": ""route_stop_membership"", ""missing_slots"": [""stop"", ""route_number_or_line_name""], ""operation"": ""CHECK_STOP_ON_ROUTE"", ""outcome_reason"": ""missing_execution_slot"", ""response_text"": ""Please provide the stop to check, the route number or line name."", ""slots"": {}, ""status"": ""clarification""}"
HI200_048,१०२ बस अडयार पर रुकती है? किराया नहीं चाहिए।,route_stop_membership,CHECK_STOP_ON_ROUTE,negated_fare,Handle membership only; ignored negated fare mention must not trigger multi-goal clarification.,200,route_stop_membership,CHECK_STOP_ON_ROUTE,clarification,missing_execution_slot,Please provide the stop to check.,1339.1,"{""candidate_entities"": [], ""candidate_intents"": [""route_stop_membership""], ""clarification_reason"": ""missing_slot"", ""data"": {}, ""intent"": ""route_stop_membership"", ""missing_slots"": [""stop""], ""operation"": ""CHECK_STOP_ON_ROUTE"", ""outcome_reason"": ""missing_execution_slot"", ""response_text"": ""Please provide the stop to check."", ""slots"": {""route_number"": ""102"", ""transport_mode"": ""bus""}, ""status"": ""clarification""}"
HI200_049,गिंडी मेट्रो से दिन की सबसे पहली गाड़ी कब निकलती है?,first_and_last_service,GET_FIRST_LAST_SERVICE,native_first,"Return a published first-service time with source limits, or explicit missing schedule.",200,first_and_last_service,GET_FIRST_LAST_SERVICE,unavailable,unsupported_source,No mode-consistent published schedule is available for the requested transport mode.,1672.45,"{""candidate_entities"": [], ""candidate_intents"": [""first_and_last_service""], ""clarification_reason"": null, ""data"": {""reason"": ""published_mode_schedule_absent"", ""transport_mode"": ""metro""}, ""intent"": ""first_and_last_service"", ""missing_slots"": [], ""operation"": ""GET_FIRST_LAST_SERVICE"", ""outcome_reason"": ""unsupported_source"", ""response_text"": ""No mode-consistent published schedule is available for the requested transport mode."", ""slots"": {""station"": ""METRO_GUINDY"", ""timing_type"": ""first"", ""transport_mode"": ""metro""}, ""status"": ""unavailable""}"
HI200_050,वडपलनी मेट्रो की आखिरी रात वाली सेवा कितने बजे छूटती है?,first_and_last_service,GET_FIRST_LAST_SERVICE,native_last,"Recognize last service, not live status; disclose schedule coverage limits.",200,first_and_last_service,GET_FIRST_LAST_SERVICE,unavailable,unsupported_source,No mode-consistent published schedule is available for the requested transport mode.,1678.21,"{""candidate_entities"": [], ""candidate_intents"": [""first_and_last_service""], ""clarification_reason"": null, ""data"": {""reason"": ""published_mode_schedule_absent"", ""transport_mode"": ""metro""}, ""intent"": ""first_and_last_service"", ""missing_slots"": [], ""operation"": ""GET_FIRST_LAST_SERVICE"", ""outcome_reason"": ""unsupported_source"", ""response_text"": ""No mode-consistent published schedule is available for the requested transport mode."", ""slots"": {""timing_type"": ""last"", ""transport_mode"": ""metro""}, ""status"": ""unavailable""}"
HI200_051,ताम्बरम से चेन्नई बीच जाने वाली लोकल रेल का पहला फेरा बताइए।,first_and_last_service,GET_FIRST_LAST_SERVICE,native_first,Preserve suburban direction and first-service goal.,200,first_and_last_service,GET_FIRST_LAST_SERVICE,clarification,missing_execution_slot,Please provide the boarding stop or station.,1353.29,"{""candidate_entities"": [], ""candidate_intents"": [""first_and_last_service""], ""clarification_reason"": ""missing_slot"", ""data"": {}, ""intent"": ""first_and_last_service"", ""missing_slots"": [""station_or_stop""], ""operation"": ""GET_FIRST_LAST_SERVICE"", ""outcome_reason"": ""missing_execution_slot"", ""response_text"": ""Please provide the boarding stop or station."", ""slots"": {""timing_type"": ""first""}, ""status"": ""clarification""}"
HI200_052,ब्रॉडवे से २१जी बस की अंतिम रवाना होने की घड़ी क्या है?,first_and_last_service,GET_FIRST_LAST_SERVICE,native_last,Use bus route 21G and boarding stop for published last service.,200,first_and_last_service,,clarification,multiple_goals,"Please ask about one route, stop, fare stage or time at a time.",1357.0,"{""candidate_entities"": [], ""candidate_intents"": [""first_and_last_service""], ""clarification_reason"": ""multiple_goals"", ""data"": {}, ""intent"": ""first_and_last_service"", ""missing_slots"": [], ""operation"": null, ""outcome_reason"": ""multiple_goals"", ""response_text"": ""Please ask about one route, stop, fare stage or time at a time."", ""slots"": {}, ""status"": ""clarification""}"
HI200_053,सेंट्रल मेट्रो पर पहली और आखिरी ट्रेन का समय एक साथ चाहिए।,first_and_last_service,GET_FIRST_LAST_SERVICE,combined_extrema,"First and last are one timing goal, not multiple unrelated goals.",200,first_and_last_service,GET_FIRST_LAST_SERVICE,unavailable,unsupported_source,No mode-consistent published schedule is available for the requested transport mode.,1682.26,"{""candidate_entities"": [], ""candidate_intents"": [""first_and_last_service""], ""clarification_reason"": null, ""data"": {""reason"": ""published_mode_schedule_absent"", ""transport_mode"": ""metro""}, ""intent"": ""first_and_last_service"", ""missing_slots"": [], ""operation"": ""GET_FIRST_LAST_SERVICE"", ""outcome_reason"": ""unsupported_source"", ""response_text"": ""No mode-consistent published schedule is available for the requested transport mode."", ""slots"": {""station"": ""RAIL_CHENNAI_CENTRAL"", ""transport_mode"": ""metro""}, ""status"": ""unavailable""}"
HI200_054,नीली लाइन की हवाई अड्डा मेट्रो से सुबह सबसे पहले निकलने वाली सेवा बताओ।,first_and_last_service,GET_FIRST_LAST_SERVICE,line_and_station,Recognize first departure from Airport on Blue Line.,200,first_and_last_service,GET_FIRST_LAST_SERVICE,unavailable,unsupported_source,No mode-consistent published schedule is available for the requested transport mode.,1658.34,"{""candidate_entities"": [], ""candidate_intents"": [""first_and_last_service""], ""clarification_reason"": null, ""data"": {""reason"": ""published_mode_schedule_absent"", ""transport_mode"": ""metro""}, ""intent"": ""first_and_last_service"", ""missing_slots"": [], ""operation"": ""GET_FIRST_LAST_SERVICE"", ""outcome_reason"": ""unsupported_source"", ""response_text"": ""No mode-consistent published schedule is available for the requested transport mode."", ""slots"": {""transport_mode"": ""metro""}, ""status"": ""unavailable""}"
HI200_055,"आलंदूर से अंतिम मेट्रो कब मिलती है, देर हो जाए तो जानना है।",first_and_last_service,GET_FIRST_LAST_SERVICE,colloquial_last,Recognize last scheduled metro service; no live availability claim.,200,first_and_last_service,,clarification,multiple_goals,"Please ask about one route, stop, fare stage or time at a time.",1403.52,"{""candidate_entities"": [], ""candidate_intents"": [""first_and_last_service""], ""clarification_reason"": ""multiple_goals"", ""data"": {}, ""intent"": ""first_and_last_service"", ""missing_slots"": [], ""operation"": null, ""outcome_reason"": ""multiple_goals"", ""response_text"": ""Please ask about one route, stop, fare stage or time at a time."", ""slots"": {}, ""status"": ""clarification""}"
HI200_056,चेन्नई बीच स्टेशन से एमआरटीएस की दिन की शुरुआती ट्रेन का वक्त चाहिए।,first_and_last_service,GET_FIRST_LAST_SERVICE,native_mode,Use MRTS first-service goal; state any absence of published timetable.,200,first_and_last_service,GET_FIRST_LAST_SERVICE,unavailable,unsupported_source,No mode-consistent published schedule is available for the requested transport mode.,1656.13,"{""candidate_entities"": [], ""candidate_intents"": [""first_and_last_service""], ""clarification_reason"": null, ""data"": {""reason"": ""published_mode_schedule_absent"", ""transport_mode"": ""mrts""}, ""intent"": ""first_and_last_service"", ""missing_slots"": [], ""operation"": ""GET_FIRST_LAST_SERVICE"", ""outcome_reason"": ""unsupported_source"", ""response_text"": ""No mode-consistent published schedule is available for the requested transport mode."", ""slots"": {""transport_mode"": ""mrts""}, ""status"": ""unavailable""}"
HI200_057,बस रूट ५७० का गिंडी से आखिरी फेरा किस समय छूटता है?,first_and_last_service,GET_FIRST_LAST_SERVICE,route_and_stop,"Keep specific bus route and boarding stop, avoiding route stop sequence confusion.",200,first_and_last_service,,clarification,entity_ambiguity,Please clarify which stop or location you mean.,1407.9,"{""candidate_entities"": [""BUS_1007625852"", ""BUS_10167"", ""BUS_11200"", ""BUS_11203"", ""BUS_2241055785"", ""BUS_256039818"", ""BUS_3264712327"", ""BUS_3264712469"", ""BUS_5631301427"", ""BUS_CMRL_22""], ""candidate_intents"": [""first_and_last_service""], ""clarification_reason"": ""entity_ambiguity"", ""data"": {}, ""intent"": ""first_and_last_service"", ""missing_slots"": [], ""operation"": null, ""outcome_reason"": ""entity_ambiguity"", ""response_text"": ""Please clarify which stop or location you mean."", ""slots"": {""route_number"": ""570"", ""timing_type"": ""last"", ""transport_mode"": ""bus""}, ""status"": ""clarification""}"
HI200_058,पहली बस का समय बता दो।,first_and_last_service,,missing_boarding_stop,Ask boarding stop/station and enough service context; do not guess.,200,first_and_last_service,GET_FIRST_LAST_SERVICE,clarification,missing_execution_slot,Please provide the boarding stop or station.,1381.95,"{""candidate_entities"": [], ""candidate_intents"": [""first_and_last_service""], ""clarification_reason"": ""missing_slot"", ""data"": {}, ""intent"": ""first_and_last_service"", ""missing_slots"": [""station_or_stop""], ""operation"": ""GET_FIRST_LAST_SERVICE"", ""outcome_reason"": ""missing_execution_slot"", ""response_text"": ""Please provide the boarding stop or station."", ""slots"": {""timing_type"": ""first"", ""transport_mode"": ""bus""}, ""status"": ""clarification""}"
HI200_059,ताम्बरम से रविवार की आखिरी उपनगरीय रेल कब रवाना होती है?,first_and_last_service,GET_FIRST_LAST_SERVICE,date_scope,Use explicit Sunday service scope if supported; otherwise explain date/calendar limitation.,200,first_and_last_service,GET_FIRST_LAST_SERVICE,unavailable,unsupported_source,No mode-consistent published schedule is available for the requested transport mode.,1677.69,"{""candidate_entities"": [], ""candidate_intents"": [""first_and_last_service""], ""clarification_reason"": null, ""data"": {""reason"": ""published_mode_schedule_absent"", ""transport_mode"": ""suburban_rail""}, ""intent"": ""first_and_last_service"", ""missing_slots"": [], ""operation"": ""GET_FIRST_LAST_SERVICE"", ""outcome_reason"": ""unsupported_source"", ""response_text"": ""No mode-consistent published schedule is available for the requested transport mode."", ""slots"": {""timing_type"": ""last"", ""transport_mode"": ""suburban_rail""}, ""status"": ""unavailable""}"
HI200_060,"गिंडी मेट्रो की आखिरी ट्रेन बताइए, उसके आखिरी स्टेशन की सूची नहीं।",first_and_last_service,GET_FIRST_LAST_SERVICE,last_service_contrast,Answer last departure goal only; negated stop list is not another request.,200,route_stop_sequence,LIST_ROUTE_STOPS,unavailable,unsupported_source,No mode-consistent published topology is available for the requested transport mode.,1361.89,"{""candidate_entities"": [], ""candidate_intents"": [""route_stop_sequence""], ""clarification_reason"": null, ""data"": {""reason"": ""published_mode_topology_absent"", ""transport_mode"": ""metro""}, ""intent"": ""route_stop_sequence"", ""missing_slots"": [], ""operation"": ""LIST_ROUTE_STOPS"", ""outcome_reason"": ""unsupported_source"", ""response_text"": ""No mode-consistent published topology is available for the requested transport mode."", ""slots"": {""transport_mode"": ""metro""}, ""status"": ""unavailable""}"
HI200_061,गिंडी मेट्रो पर नीली लाइन की दो गाड़ियों के बीच कितना अंतर रहता है?,service_frequency,GET_SERVICE_FREQUENCY,native_headway,Recognize route-specific scheduled headway; no live frequency claim.,200,service_frequency,GET_SERVICE_FREQUENCY,unavailable,unsupported_source,No mode-consistent published schedule is available for the requested transport mode.,1688.17,"{""candidate_entities"": [], ""candidate_intents"": [""service_frequency""], ""clarification_reason"": null, ""data"": {""reason"": ""published_mode_schedule_absent"", ""transport_mode"": ""metro""}, ""intent"": ""service_frequency"", ""missing_slots"": [], ""operation"": ""GET_SERVICE_FREQUENCY"", ""outcome_reason"": ""unsupported_source"", ""response_text"": ""No mode-consistent published schedule is available for the requested transport mode."", ""slots"": {""station"": ""METRO_GUINDY"", ""transport_mode"": ""metro""}, ""status"": ""unavailable""}"
HI200_062,ब्रॉडवे से २१जी बस कितनी-कितनी देर में मिलती है?,service_frequency,GET_SERVICE_FREQUENCY,colloquial_headway,Use published route-specific bus departures for headway or disclose insufficiency.,200,service_frequency,GET_SERVICE_FREQUENCY,clarification,missing_execution_slot,Please provide the boarding stop or station.,1383.12,"{""candidate_entities"": [], ""candidate_intents"": [""service_frequency""], ""clarification_reason"": ""missing_slot"", ""data"": {}, ""intent"": ""service_frequency"", ""missing_slots"": [""station_or_stop""], ""operation"": ""GET_SERVICE_FREQUENCY"", ""outcome_reason"": ""missing_execution_slot"", ""response_text"": ""Please provide the boarding stop or station."", ""slots"": {""route_number"": ""21G"", ""transport_mode"": ""bus""}, ""status"": ""clarification""}"
HI200_063,ताम्बरम से चेन्नई बीच की दक्षिण लाइन पर लोकल रेल कितनी नियमित आती है?,service_frequency,GET_SERVICE_FREQUENCY,native_frequency,"Recognize frequency for South Line with direction, not first/last.",200,mode_availability,CHECK_SERVICE_AVAILABILITY,clarification,missing_execution_slot,"Please provide the starting stop, the destination stop.",1350.47,"{""candidate_entities"": [], ""candidate_intents"": [""mode_availability""], ""clarification_reason"": ""missing_slot"", ""data"": {}, ""intent"": ""mode_availability"", ""missing_slots"": [""origin"", ""destination""], ""operation"": ""CHECK_SERVICE_AVAILABILITY"", ""outcome_reason"": ""missing_execution_slot"", ""response_text"": ""Please provide the starting stop, the destination stop."", ""slots"": {}, ""status"": ""clarification""}"
HI200_064,हरी मेट्रो लाइन में एग्मोर से अगली गाड़ी के लिए आम तौर पर कितने मिनट रुकना पड़ता है?,service_frequency,GET_SERVICE_FREQUENCY,typical_wait,"Interpret typical interval as scheduled frequency, not live next-arrival.",200,service_frequency,GET_SERVICE_FREQUENCY,unavailable,unsupported_source,No mode-consistent published schedule is available for the requested transport mode.,1651.26,"{""candidate_entities"": [], ""candidate_intents"": [""service_frequency""], ""clarification_reason"": null, ""data"": {""reason"": ""published_mode_schedule_absent"", ""transport_mode"": ""metro""}, ""intent"": ""service_frequency"", ""missing_slots"": [], ""operation"": ""GET_SERVICE_FREQUENCY"", ""outcome_reason"": ""unsupported_source"", ""response_text"": ""No mode-consistent published schedule is available for the requested transport mode."", ""slots"": {""transport_mode"": ""metro""}, ""status"": ""unavailable""}"
HI200_065,रूट ५७० की गिंडी से बसों का औसत अंतराल बताइए।,service_frequency,GET_SERVICE_FREQUENCY,native_statistic,Return schedule-based headway only when directional departures support it.,200,scheduled_departure,,clarification,entity_ambiguity,Please clarify which stop or location you mean.,1359.7,"{""candidate_entities"": [""BUS_1007625852"", ""BUS_10167"", ""BUS_11200"", ""BUS_11203"", ""BUS_2241055785"", ""BUS_256039818"", ""BUS_3264712327"", ""BUS_3264712469"", ""BUS_5631301427"", ""BUS_CMRL_22"", ""METRO_GUINDY"", ""RAIL_GUINDY""], ""candidate_intents"": [""scheduled_departure""], ""clarification_reason"": ""entity_ambiguity"", ""data"": {}, ""intent"": ""scheduled_departure"", ""missing_slots"": [], ""operation"": null, ""outcome_reason"": ""entity_ambiguity"", ""response_text"": ""Please clarify which stop or location you mean."", ""slots"": {""route_number"": ""570""}, ""status"": ""clarification""}"
HI200_066,वडपलनी पर हरी लाइन की मेट्रो का फेरा कितनी देर बाद दोहराता है?,service_frequency,GET_SERVICE_FREQUENCY,native_wording,Recognize Green Line service frequency at Vadapalani.,200,service_frequency,GET_SERVICE_FREQUENCY,unavailable,unsupported_source,No mode-consistent published schedule is available for the requested transport mode.,1683.35,"{""candidate_entities"": [], ""candidate_intents"": [""service_frequency""], ""clarification_reason"": null, ""data"": {""reason"": ""published_mode_schedule_absent"", ""transport_mode"": ""metro""}, ""intent"": ""service_frequency"", ""missing_slots"": [], ""operation"": ""GET_SERVICE_FREQUENCY"", ""outcome_reason"": ""unsupported_source"", ""response_text"": ""No mode-consistent published schedule is available for the requested transport mode."", ""slots"": {""transport_mode"": ""metro""}, ""status"": ""unavailable""}"
HI200_067,सैदापेट से २७डी बस का अंतराल क्या रहता है?,service_frequency,GET_SERVICE_FREQUENCY,route_headway,Recognize bus headway using complete 27D route code.,200,service_frequency,,clarification,multiple_goals,"Please ask about one route, stop, fare stage or time at a time.",1363.87,"{""candidate_entities"": [], ""candidate_intents"": [""service_frequency""], ""clarification_reason"": ""multiple_goals"", ""data"": {}, ""intent"": ""service_frequency"", ""missing_slots"": [], ""operation"": null, ""outcome_reason"": ""multiple_goals"", ""response_text"": ""Please ask about one route, stop, fare stage or time at a time."", ""slots"": {}, ""status"": ""clarification""}"
HI200_068,चेन्नई बीच पर एमआरटीएस गाड़ियाँ एक घंटे में लगभग कितनी बार आती हैं?,service_frequency,GET_SERVICE_FREQUENCY,rate_wording,Frequency goal; disclose provisional schedule and no guessed hourly counts.,200,service_frequency,GET_SERVICE_FREQUENCY,unavailable,unsupported_source,No mode-consistent published schedule is available for the requested transport mode.,1691.54,"{""candidate_entities"": [], ""candidate_intents"": [""service_frequency""], ""clarification_reason"": null, ""data"": {""reason"": ""published_mode_schedule_absent"", ""transport_mode"": ""mrts""}, ""intent"": ""service_frequency"", ""missing_slots"": [], ""operation"": ""GET_SERVICE_FREQUENCY"", ""outcome_reason"": ""unsupported_source"", ""response_text"": ""No mode-consistent published schedule is available for the requested transport mode."", ""slots"": {""transport_mode"": ""mrts""}, ""status"": ""unavailable""}"
HI200_069,गिंडी मेट्रो की नीली लाइन सुबह के व्यस्त समय में कितनी देर-देर में चलती है?,service_frequency,GET_SERVICE_FREQUENCY,peak_scope,Recognize peak headway request and preserve requested period or state scope limitation.,200,service_frequency,GET_SERVICE_FREQUENCY,unavailable,unsupported_source,No mode-consistent published schedule is available for the requested transport mode.,1662.56,"{""candidate_entities"": [], ""candidate_intents"": [""service_frequency""], ""clarification_reason"": null, ""data"": {""reason"": ""published_mode_schedule_absent"", ""transport_mode"": ""metro""}, ""intent"": ""service_frequency"", ""missing_slots"": [], ""operation"": ""GET_SERVICE_FREQUENCY"", ""outcome_reason"": ""unsupported_source"", ""response_text"": ""No mode-consistent published schedule is available for the requested transport mode."", ""slots"": {""station"": ""METRO_GUINDY"", ""transport_mode"": ""metro""}, ""status"": ""unavailable""}"
HI200_070,बसों के बीच कितना अंतर रहता है?,service_frequency,,missing_route_stop,"Ask which boarding stop and route/line, not arbitrary general frequency.",200,service_frequency,GET_SERVICE_FREQUENCY,clarification,missing_execution_slot,"Please provide the boarding stop or station, the route number or line name.",1370.84,"{""candidate_entities"": [], ""candidate_intents"": [""service_frequency""], ""clarification_reason"": ""missing_slot"", ""data"": {}, ""intent"": ""service_frequency"", ""missing_slots"": [""station_or_stop"", ""route_number_or_line_name""], ""operation"": ""GET_SERVICE_FREQUENCY"", ""outcome_reason"": ""missing_execution_slot"", ""response_text"": ""Please provide the boarding stop or station, the route number or line name."", ""slots"": {}, ""status"": ""clarification""}"
HI200_071,नीली लाइन की मेट्रो कितनी-कितनी देर में आती है?,service_frequency,,missing_station,Ask station/boarding location if needed for a directional estimate.,200,service_frequency,GET_SERVICE_FREQUENCY,unavailable,unsupported_source,No mode-consistent published schedule is available for the requested transport mode.,1684.84,"{""candidate_entities"": [], ""candidate_intents"": [""service_frequency""], ""clarification_reason"": null, ""data"": {""reason"": ""published_mode_schedule_absent"", ""transport_mode"": ""metro""}, ""intent"": ""service_frequency"", ""missing_slots"": [], ""operation"": ""GET_SERVICE_FREQUENCY"", ""outcome_reason"": ""unsupported_source"", ""response_text"": ""No mode-consistent published schedule is available for the requested transport mode."", ""slots"": {""transport_mode"": ""metro""}, ""status"": ""unavailable""}"
HI200_072,२१जी बस की ब्रॉडवे पर आवृत्ति चाहिए; पहली बस का समय मत बताना।,service_frequency,GET_SERVICE_FREQUENCY,negated_first,Recognize frequency only; negated first-service phrase must not create another goal.,200,first_and_last_service,GET_FIRST_LAST_SERVICE,clarification,missing_execution_slot,Please provide the boarding stop or station.,1538.08,"{""candidate_entities"": [], ""candidate_intents"": [""first_and_last_service""], ""clarification_reason"": ""missing_slot"", ""data"": {}, ""intent"": ""first_and_last_service"", ""missing_slots"": [""station_or_stop""], ""operation"": ""GET_FIRST_LAST_SERVICE"", ""outcome_reason"": ""missing_execution_slot"", ""response_text"": ""Please provide the boarding stop or station."", ""slots"": {""route_number"": ""21G"", ""timing_type"": ""first"", ""transport_mode"": ""bus""}, ""status"": ""clarification""}"
HI200_073,गिंडी मेट्रो से सुबह ७:१५ के बाद रवाना होने वाली गाड़ियों की समय-सारणी दिखाओ।,scheduled_departure,GET_SCHEDULED_DEPARTURES,devanagari_clock,Normalize 07:15 and return only published departures after requested time.,200,scheduled_departure,GET_SCHEDULED_DEPARTURES,unavailable,unsupported_source,No mode-consistent published schedule is available for the requested transport mode.,1712.64,"{""candidate_entities"": [], ""candidate_intents"": [""scheduled_departure""], ""clarification_reason"": null, ""data"": {""reason"": ""published_mode_schedule_absent"", ""transport_mode"": ""metro""}, ""intent"": ""scheduled_departure"", ""missing_slots"": [], ""operation"": ""GET_SCHEDULED_DEPARTURES"", ""outcome_reason"": ""unsupported_source"", ""response_text"": ""No mode-consistent published schedule is available for the requested transport mode."", ""slots"": {""station"": ""METRO_GUINDY"", ""time"": ""07:15:00"", ""transport_mode"": ""metro""}, ""status"": ""unavailable""}"
HI200_074,ब्रॉडवे से २१जी बस के शाम ६ बजे बाद के छूटने के समय लिखिए।,scheduled_departure,GET_SCHEDULED_DEPARTURES,native_period,Normalize evening six to 18:00 and retain route/stop.,200,scheduled_departure,GET_SCHEDULED_DEPARTURES,clarification,missing_execution_slot,Please provide the boarding stop or station.,1417.75,"{""candidate_entities"": [], ""candidate_intents"": [""scheduled_departure""], ""clarification_reason"": ""missing_slot"", ""data"": {}, ""intent"": ""scheduled_departure"", ""missing_slots"": [""station_or_stop""], ""operation"": ""GET_SCHEDULED_DEPARTURES"", ""outcome_reason"": ""missing_execution_slot"", ""response_text"": ""Please provide the boarding stop or station."", ""slots"": {""route_number"": ""21G"", ""time"": ""18:00:00"", ""transport_mode"": ""bus""}, ""status"": ""clarification""}"
HI200_075,ताम्बरम स्टेशन से चेन्नई बीच की लोकल रेल के निर्धारित प्रस्थान बताओ।,scheduled_departure,GET_SCHEDULED_DEPARTURES,native_schedule,Return published suburban departures for stated direction or a precise data limit.,200,scheduled_departure,GET_SCHEDULED_DEPARTURES,clarification,missing_execution_slot,Please provide the boarding stop or station.,1370.88,"{""candidate_entities"": [], ""candidate_intents"": [""scheduled_departure""], ""clarification_reason"": ""missing_slot"", ""data"": {}, ""intent"": ""scheduled_departure"", ""missing_slots"": [""station_or_stop""], ""operation"": ""GET_SCHEDULED_DEPARTURES"", ""outcome_reason"": ""missing_execution_slot"", ""response_text"": ""Please provide the boarding stop or station."", ""slots"": {}, ""status"": ""clarification""}"
HI200_076,एग्मोर मेट्रो की दोपहर २:३० के बाद वाली समय-सूची चाहिए।,scheduled_departure,GET_SCHEDULED_DEPARTURES,native_clock,Normalize afternoon 2:30 to 14:30; no live arrival representation.,200,scheduled_departure,GET_SCHEDULED_DEPARTURES,unavailable,unsupported_source,No mode-consistent published schedule is available for the requested transport mode.,1699.51,"{""candidate_entities"": [], ""candidate_intents"": [""scheduled_departure""], ""clarification_reason"": null, ""data"": {""reason"": ""published_mode_schedule_absent"", ""transport_mode"": ""metro""}, ""intent"": ""scheduled_departure"", ""missing_slots"": [], ""operation"": ""GET_SCHEDULED_DEPARTURES"", ""outcome_reason"": ""unsupported_source"", ""response_text"": ""No mode-consistent published schedule is available for the requested transport mode."", ""slots"": {""time"": ""14:30:00"", ""transport_mode"": ""metro""}, ""status"": ""unavailable""}"
HI200_077,चेन्नई बीच से एमआरटीएस की समय-सारणी कहाँ तक उपलब्ध है? रवाना होने के समय बताइए।,scheduled_departure,GET_SCHEDULED_DEPARTURES,schedule_request,Recognize published departure schedule request for MRTS.,200,scheduled_departure,GET_SCHEDULED_DEPARTURES,unavailable,unsupported_source,No mode-consistent published schedule is available for the requested transport mode.,1717.98,"{""candidate_entities"": [], ""candidate_intents"": [""scheduled_departure""], ""clarification_reason"": null, ""data"": {""reason"": ""published_mode_schedule_absent"", ""transport_mode"": ""mrts""}, ""intent"": ""scheduled_departure"", ""missing_slots"": [], ""operation"": ""GET_SCHEDULED_DEPARTURES"", ""outcome_reason"": ""unsupported_source"", ""response_text"": ""No mode-consistent published schedule is available for the requested transport mode."", ""slots"": {""transport_mode"": ""mrts""}, ""status"": ""unavailable""}"
HI200_078,गिंडी से बस ५७० के रात ९ बजे के बाद के निर्धारित फेरे दिखाओ।,scheduled_departure,GET_SCHEDULED_DEPARTURES,native_period,Preserve bus route and boarding location; normalize 21:00.,200,scheduled_departure,,clarification,entity_ambiguity,Please clarify which stop or location you mean.,1394.64,"{""candidate_entities"": [""BUS_1007625852"", ""BUS_10167"", ""BUS_11200"", ""BUS_11203"", ""BUS_2241055785"", ""BUS_256039818"", ""BUS_3264712327"", ""BUS_3264712469"", ""BUS_5631301427"", ""BUS_CMRL_22""], ""candidate_intents"": [""scheduled_departure""], ""clarification_reason"": ""entity_ambiguity"", ""data"": {}, ""intent"": ""scheduled_departure"", ""missing_slots"": [], ""operation"": null, ""outcome_reason"": ""entity_ambiguity"", ""response_text"": ""Please clarify which stop or location you mean."", ""slots"": {""route_number"": ""570"", ""time"": ""21:00:00"", ""transport_mode"": ""bus""}, ""status"": ""clarification""}"
HI200_079,गिंडी मेट्रो से ८ बजे के बाद कौन-कौन सी गाड़ियाँ छूटेंगी?,scheduled_departure,,ambiguous_clock,Clarify morning versus evening; never silently choose one.,200,first_and_last_service,,clarification,multiple_goals,"Please ask about one route, stop, fare stage or time at a time.",1364.6,"{""candidate_entities"": [], ""candidate_intents"": [""first_and_last_service""], ""clarification_reason"": ""multiple_goals"", ""data"": {}, ""intent"": ""first_and_last_service"", ""missing_slots"": [], ""operation"": null, ""outcome_reason"": ""multiple_goals"", ""response_text"": ""Please ask about one route, stop, fare stage or time at a time."", ""slots"": {}, ""status"": ""clarification""}"
HI200_080,सेंट्रल मेट्रो से कल की समय-सारणी बताओ।,scheduled_departure,,ambiguous_day,Clarify whether कल means yesterday or tomorrow; never silently assign a date.,200,scheduled_departure,GET_SCHEDULED_DEPARTURES,unavailable,unsupported_source,No mode-consistent published schedule is available for the requested transport mode.,1697.98,"{""candidate_entities"": [], ""candidate_intents"": [""scheduled_departure""], ""clarification_reason"": null, ""data"": {""reason"": ""published_mode_schedule_absent"", ""transport_mode"": ""metro""}, ""intent"": ""scheduled_departure"", ""missing_slots"": [], ""operation"": ""GET_SCHEDULED_DEPARTURES"", ""outcome_reason"": ""unsupported_source"", ""response_text"": ""No mode-consistent published schedule is available for the requested transport mode."", ""slots"": {""station"": ""RAIL_CHENNAI_CENTRAL"", ""temporal_relative"": ""कल"", ""transport_mode"": ""metro""}, ""status"": ""unavailable""}"
HI200_081,"मेट्रो की समय-सारणी चाहिए, स्टेशन अभी नहीं लिखा है।",scheduled_departure,,missing_station,Ask boarding stop or station; no invented timetable.,200,scheduled_departure,GET_SCHEDULED_DEPARTURES,unavailable,unsupported_source,No mode-consistent published schedule is available for the requested transport mode.,1698.58,"{""candidate_entities"": [], ""candidate_intents"": [""scheduled_departure""], ""clarification_reason"": null, ""data"": {""reason"": ""published_mode_schedule_absent"", ""transport_mode"": ""metro""}, ""intent"": ""scheduled_departure"", ""missing_slots"": [], ""operation"": ""GET_SCHEDULED_DEPARTURES"", ""outcome_reason"": ""unsupported_source"", ""response_text"": ""No mode-consistent published schedule is available for the requested transport mode."", ""slots"": {""transport_mode"": ""metro""}, ""status"": ""unavailable""}"
HI200_082,गिंडी मेट्रो से रात २५:६१ पर रवाना होने वाली ट्रेन बताओ।,scheduled_departure,,invalid_clock,Reject or clarify impossible clock; do not normalize it into a valid time.,200,scheduled_departure,GET_SCHEDULED_DEPARTURES,unavailable,unsupported_source,No mode-consistent published schedule is available for the requested transport mode.,1679.15,"{""candidate_entities"": [], ""candidate_intents"": [""scheduled_departure""], ""clarification_reason"": null, ""data"": {""reason"": ""published_mode_schedule_absent"", ""transport_mode"": ""metro""}, ""intent"": ""scheduled_departure"", ""missing_slots"": [], ""operation"": ""GET_SCHEDULED_DEPARTURES"", ""outcome_reason"": ""unsupported_source"", ""response_text"": ""No mode-consistent published schedule is available for the requested transport mode."", ""slots"": {""station"": ""METRO_GUINDY"", ""transport_mode"": ""metro""}, ""status"": ""unavailable""}"
HI200_083,एग्मोर मेट्रो से सुबह ६ बजे से ८ बजे तक के प्रस्थान बताइए।,scheduled_departure,GET_SCHEDULED_DEPARTURES,time_range,Preserve full range; explain unsupported time-range scope rather than answer after only one bound.,200,scheduled_departure,,clarification,multiple_goals,"Please ask about one route, stop, fare stage or time at a time.",1376.05,"{""candidate_entities"": [], ""candidate_intents"": [""scheduled_departure""], ""clarification_reason"": ""multiple_goals"", ""data"": {}, ""intent"": ""scheduled_departure"", ""missing_slots"": [], ""operation"": null, ""outcome_reason"": ""multiple_goals"", ""response_text"": ""Please ask about one route, stop, fare stage or time at a time."", ""slots"": {}, ""status"": ""clarification""}"
HI200_084,गिंडी से रात १० बजे से पहले छूटने वाली मेट्रो की समय-सारणी चाहिए।,scheduled_departure,GET_SCHEDULED_DEPARTURES,before_bound,Honor before-time request or state unsupported before-time scope; never silently invert into after-time.,200,scheduled_departure,,clarification,multiple_goals,"Please ask about one route, stop, fare stage or time at a time.",1379.85,"{""candidate_entities"": [], ""candidate_intents"": [""scheduled_departure""], ""clarification_reason"": ""multiple_goals"", ""data"": {}, ""intent"": ""scheduled_departure"", ""missing_slots"": [], ""operation"": null, ""outcome_reason"": ""multiple_goals"", ""response_text"": ""Please ask about one route, stop, fare stage or time at a time."", ""slots"": {}, ""status"": ""clarification""}"
HI200_085,सैदापेट से नंदनम तक सीधी मेट्रो सेवा है क्या?,mode_availability,CHECK_SERVICE_AVAILABILITY,direct_availability,Confirm only published mode-consistent directional connectivity; no full itinerary needed.,200,mode_availability,CHECK_SERVICE_AVAILABILITY,unavailable,unsupported_source,No mode-consistent published topology is available for the requested transport mode.,1460.77,"{""candidate_entities"": [], ""candidate_intents"": [""mode_availability""], ""clarification_reason"": null, ""data"": {""reason"": ""published_mode_topology_absent"", ""transport_mode"": ""metro""}, ""intent"": ""mode_availability"", ""missing_slots"": [], ""operation"": ""CHECK_SERVICE_AVAILABILITY"", ""outcome_reason"": ""unsupported_source"", ""response_text"": ""No mode-consistent published topology is available for the requested transport mode."", ""slots"": {""origin"": ""METRO_NANDANAM"", ""transport_mode"": ""metro""}, ""status"": ""unavailable""}"
HI200_086,ब्रॉडवे और अडयार के बीच बस चलती है या नहीं?,mode_availability,CHECK_SERVICE_AVAILABILITY,native_yes_no,Check static bus connectivity; absence of recorded connection is not proof of no service.,200,mode_availability,CHECK_SERVICE_AVAILABILITY,clarification,missing_execution_slot,"Please provide the starting stop, the destination stop.",1349.6,"{""candidate_entities"": [], ""candidate_intents"": [""mode_availability""], ""clarification_reason"": ""missing_slot"", ""data"": {}, ""intent"": ""mode_availability"", ""missing_slots"": [""origin"", ""destination""], ""operation"": ""CHECK_SERVICE_AVAILABILITY"", ""outcome_reason"": ""missing_execution_slot"", ""response_text"": ""Please provide the starting stop, the destination stop."", ""slots"": {""transport_mode"": ""bus""}, ""status"": ""clarification""}"
HI200_087,ताम्बरम से चेन्नई बीच तक उपनगरीय रेल उपलब्ध है?,mode_availability,CHECK_SERVICE_AVAILABILITY,native_mode,"Check suburban rail directional availability, without substituting metro.",200,mode_availability,CHECK_SERVICE_AVAILABILITY,unavailable,unsupported_source,No mode-consistent published topology is available for the requested transport mode.,1391.93,"{""candidate_entities"": [], ""candidate_intents"": [""mode_availability""], ""clarification_reason"": null, ""data"": {""reason"": ""published_mode_topology_absent"", ""transport_mode"": ""suburban_rail""}, ""intent"": ""mode_availability"", ""missing_slots"": [], ""operation"": ""CHECK_SERVICE_AVAILABILITY"", ""outcome_reason"": ""unsupported_source"", ""response_text"": ""No mode-consistent published topology is available for the requested transport mode."", ""slots"": {""transport_mode"": ""suburban_rail""}, ""status"": ""unavailable""}"
HI200_088,चेन्नई बीच से तिरुवान्मियूर जाने को एमआरटीएस सेवा मिलती है क्या?,mode_availability,CHECK_SERVICE_AVAILABILITY,mrts_availability,Check MRTS connection and disclose missing coverage if any.,200,mode_availability,CHECK_SERVICE_AVAILABILITY,unavailable,unsupported_source,No mode-consistent published topology is available for the requested transport mode.,1398.47,"{""candidate_entities"": [], ""candidate_intents"": [""mode_availability""], ""clarification_reason"": null, ""data"": {""reason"": ""published_mode_topology_absent"", ""transport_mode"": ""mrts""}, ""intent"": ""mode_availability"", ""missing_slots"": [], ""operation"": ""CHECK_SERVICE_AVAILABILITY"", ""outcome_reason"": ""unsupported_source"", ""response_text"": ""No mode-consistent published topology is available for the requested transport mode."", ""slots"": {""transport_mode"": ""mrts""}, ""status"": ""unavailable""}"
HI200_089,कोयम्बेडु से वडपलनी मेट्रो की सुविधा मिल जाएगी?,mode_availability,CHECK_SERVICE_AVAILABILITY,colloquial_yes_no,Recognize service existence rather than journey route planning.,200,mode_availability,CHECK_SERVICE_AVAILABILITY,unavailable,unsupported_source,No mode-consistent published topology is available for the requested transport mode.,1385.09,"{""candidate_entities"": [], ""candidate_intents"": [""mode_availability""], ""clarification_reason"": null, ""data"": {""reason"": ""published_mode_topology_absent"", ""transport_mode"": ""metro""}, ""intent"": ""mode_availability"", ""missing_slots"": [], ""operation"": ""CHECK_SERVICE_AVAILABILITY"", ""outcome_reason"": ""unsupported_source"", ""response_text"": ""No mode-consistent published topology is available for the requested transport mode."", ""slots"": {""transport_mode"": ""metro""}, ""status"": ""unavailable""}"
HI200_090,"गिंडी से हवाई अड्डे की सीधी बस है, इस बात की पुष्टि चाहिए।",mode_availability,CHECK_SERVICE_AVAILABILITY,assertion_confirmation,Check direct bus connectivity; do not treat user assertion as verified data.,200,mode_availability,,clarification,entity_ambiguity,Please clarify which stop or location you mean.,1377.23,"{""candidate_entities"": [""BUS_1007625852"", ""BUS_10167"", ""BUS_11200"", ""BUS_11203"", ""BUS_2241055785"", ""BUS_256039818"", ""BUS_3264712327"", ""BUS_3264712469"", ""BUS_5631301427"", ""BUS_CMRL_22""], ""candidate_intents"": [""mode_availability""], ""clarification_reason"": ""entity_ambiguity"", ""data"": {}, ""intent"": ""mode_availability"", ""missing_slots"": [], ""operation"": null, ""outcome_reason"": ""entity_ambiguity"", ""response_text"": ""Please clarify which stop or location you mean."", ""slots"": {""transport_mode"": ""bus""}, ""status"": ""clarification""}"
HI200_091,पेरम्बूर से सेंट्रल के बीच लोकल रेल नहीं चलती क्या?,mode_availability,CHECK_SERVICE_AVAILABILITY,negative_question,Answer availability on evidence; negative wording does not establish absence.,200,,,clarification,intent_ambiguity,Please clarify which transport question you mean.,1379.35,"{""candidate_entities"": [], ""candidate_intents"": [""mode_availability""], ""clarification_reason"": ""intent_ambiguity"", ""data"": {""reason"": ""negated_selected_goal""}, ""intent"": null, ""missing_slots"": [], ""operation"": null, ""outcome_reason"": ""intent_ambiguity"", ""response_text"": ""Please clarify which transport question you mean."", ""slots"": {}, ""status"": ""clarification""}"
HI200_092,अन्ना नगर से आलंदूर तक मेट्रो सेवा उपलब्ध है या बस ही लेनी होगी?,mode_availability,CHECK_SERVICE_AVAILABILITY,mode_contrast,Check requested metro availability without inventing alternate bus travel.,200,mode_availability,,clarification,missing_execution_slot,Please choose one transport mode for this question.,1376.22,"{""candidate_entities"": [], ""candidate_intents"": [""mode_availability""], ""clarification_reason"": ""missing_slot"", ""data"": {""requested_modes"": [""metro"", ""bus""]}, ""intent"": ""mode_availability"", ""missing_slots"": [""transport_mode""], ""operation"": null, ""outcome_reason"": ""missing_execution_slot"", ""response_text"": ""Please choose one transport mode for this question."", ""slots"": {""origin"": ""HUB_ALANDUR""}, ""status"": ""clarification""}"
HI200_093,सेंट्रल से हवाई अड्डे मेट्रो अभी रात ११ बजे चलती है क्या?,mode_availability,CHECK_SERVICE_AVAILABILITY,temporal_scope,Preserve requested time; static connectivity cannot certify operating availability at 23:00.,200,first_and_last_service,,clarification,multiple_goals,"Please ask about one route, stop, fare stage or time at a time.",1386.82,"{""candidate_entities"": [], ""candidate_intents"": [""first_and_last_service""], ""clarification_reason"": ""multiple_goals"", ""data"": {}, ""intent"": ""first_and_last_service"", ""missing_slots"": [], ""operation"": null, ""outcome_reason"": ""multiple_goals"", ""response_text"": ""Please ask about one route, stop, fare stage or time at a time."", ""slots"": {}, ""status"": ""clarification""}"
HI200_094,अडयार तक बस मिलती है क्या?,mode_availability,,missing_origin,"Ask starting place, preserving bus availability goal.",200,mode_availability,CHECK_SERVICE_AVAILABILITY,clarification,missing_execution_slot,"Please provide the starting stop, the destination stop.",1379.37,"{""candidate_entities"": [], ""candidate_intents"": [""mode_availability""], ""clarification_reason"": ""missing_slot"", ""data"": {}, ""intent"": ""mode_availability"", ""missing_slots"": [""origin"", ""destination""], ""operation"": ""CHECK_SERVICE_AVAILABILITY"", ""outcome_reason"": ""missing_execution_slot"", ""response_text"": ""Please provide the starting stop, the destination stop."", ""slots"": {""transport_mode"": ""bus""}, ""status"": ""clarification""}"
HI200_095,गिंडी से सीधी मेट्रो है क्या?,mode_availability,,missing_destination,Ask destination; do not guess the desired connection.,200,mode_availability,CHECK_SERVICE_AVAILABILITY,unavailable,unsupported_source,No mode-consistent published topology is available for the requested transport mode.,1396.68,"{""candidate_entities"": [], ""candidate_intents"": [""mode_availability""], ""clarification_reason"": null, ""data"": {""reason"": ""published_mode_topology_absent"", ""transport_mode"": ""metro""}, ""intent"": ""mode_availability"", ""missing_slots"": [], ""operation"": ""CHECK_SERVICE_AVAILABILITY"", ""outcome_reason"": ""unsupported_source"", ""response_text"": ""No mode-consistent published topology is available for the requested transport mode."", ""slots"": {""origin"": ""METRO_GUINDY"", ""transport_mode"": ""metro""}, ""status"": ""unavailable""}"
HI200_096,गिंडी से नंदनम मेट्रो चलती है? रास्ते का विवरण नहीं चाहिए।,mode_availability,CHECK_SERVICE_AVAILABILITY,negated_route,Answer yes/no connectivity only; negated route detail is not a second goal.,200,mode_availability,CHECK_SERVICE_AVAILABILITY,unavailable,unsupported_source,No mode-consistent published topology is available for the requested transport mode.,1347.92,"{""candidate_entities"": [], ""candidate_intents"": [""mode_availability""], ""clarification_reason"": null, ""data"": {""reason"": ""published_mode_topology_absent"", ""transport_mode"": ""metro""}, ""intent"": ""mode_availability"", ""missing_slots"": [], ""operation"": ""CHECK_SERVICE_AVAILABILITY"", ""outcome_reason"": ""unsupported_source"", ""response_text"": ""No mode-consistent published topology is available for the requested transport mode."", ""slots"": {""destination"": ""METRO_NANDANAM"", ""origin"": ""METRO_GUINDY"", ""transport_mode"": ""metro""}, ""status"": ""unavailable""}"
HI200_097,साधारण बस में चार स्टेज के सफर का किराया कितना होगा?,fare_calculation,CALCULATE_FARE,spelled_stage,"Extract stage 4 and ordinary bus service, then use verified stage tariff.",200,fare_calculation,CALCULATE_FARE,ok,answered,Published fare (Ordinary Services): INR 8 (record effective 2018-01-29). Published stage fare found; confirm the current fare before travel.,1412.61,"{""candidate_entities"": [], ""candidate_intents"": [""fare_calculation""], ""clarification_reason"": null, ""data"": {""amount"": 8.0, ""currency"": ""INR"", ""effective_date"": ""2018-01-29"", ""government_order"": ""G.O (Ms.) No.48 Dated 28.01.2018"", ""provisional"": true, ""service_type"": ""Ordinary Services"", ""source"": ""MTC_OFFICIAL"", ""stage_number"": 4}, ""intent"": ""fare_calculation"", ""missing_slots"": [], ""operation"": ""CALCULATE_FARE"", ""outcome_reason"": ""answered"", ""response_text"": ""Published fare (Ordinary Services): INR 8 (record effective 2018-01-29). Published stage fare found; confirm the current fare before travel."", ""slots"": {""service_type"": ""Ordinary Services"", ""stage_number"": 4, ""transport_mode"": ""bus""}, ""status"": ""ok""}"
HI200_098,एक्सप्रेस बस के ६ स्टेज का किराया बताइए।,fare_calculation,CALCULATE_FARE,devanagari_stage,Extract six stages and Express Services; no guessed amount.,200,fare_calculation,CALCULATE_FARE,ok,answered,Published fare (Express Services): INR 15 (record effective 2018-01-29). Published stage fare found; confirm the current fare before travel.,1417.63,"{""candidate_entities"": [], ""candidate_intents"": [""fare_calculation""], ""clarification_reason"": null, ""data"": {""amount"": 15.0, ""currency"": ""INR"", ""effective_date"": ""2018-01-29"", ""government_order"": ""G.O (Ms.) No.48 Dated 28.01.2018"", ""provisional"": true, ""service_type"": ""Express Services"", ""source"": ""MTC_OFFICIAL"", ""stage_number"": 6}, ""intent"": ""fare_calculation"", ""missing_slots"": [], ""operation"": ""CALCULATE_FARE"", ""outcome_reason"": ""answered"", ""response_text"": ""Published fare (Express Services): INR 15 (record effective 2018-01-29). Published stage fare found; confirm the current fare before travel."", ""slots"": {""service_type"": ""Express Services"", ""stage_number"": 6, ""transport_mode"": ""bus""}, ""status"": ""ok""}"
HI200_099,डीलक्स बस में आठ चरण चलने पर कितने रुपये लगते हैं?,fare_calculation,CALCULATE_FARE,spelled_stage_synonym,"Recognize stage count eight and Deluxe service or clarify stage wording, never invent fare.",200,fare_calculation,CALCULATE_FARE,ok,answered,Published fare (Deluxe Services): INR 25 (record effective 2018-01-29). Published stage fare found; confirm the current fare before travel.,1368.59,"{""candidate_entities"": [], ""candidate_intents"": [""fare_calculation""], ""clarification_reason"": null, ""data"": {""amount"": 25.0, ""currency"": ""INR"", ""effective_date"": ""2018-01-29"", ""government_order"": ""G.O (Ms.) No.48 Dated 28.01.2018"", ""provisional"": true, ""service_type"": ""Deluxe Services"", ""source"": ""MTC_OFFICIAL"", ""stage_number"": 8}, ""intent"": ""fare_calculation"", ""missing_slots"": [], ""operation"": ""CALCULATE_FARE"", ""outcome_reason"": ""answered"", ""response_text"": ""Published fare (Deluxe Services): INR 25 (record effective 2018-01-29). Published stage fare found; confirm the current fare before travel."", ""slots"": {""service_type"": ""Deluxe Services"", ""stage_number"": 8, ""transport_mode"": ""bus""}, ""status"": ""ok""}"
HI200_100,रात्रि सेवा की बस में पाँच स्टेज का भाड़ा जानना है।,fare_calculation,CALCULATE_FARE,native_service,Extract five stages and Night Services for tariff lookup.,200,fare_calculation,CALCULATE_FARE,ok,answered,Published fare (Ordinary Services): INR 9 (record effective 2018-01-29). Published stage fare found; confirm the current fare before travel.,1395.41,"{""candidate_entities"": [], ""candidate_intents"": [""fare_calculation""], ""clarification_reason"": null, ""data"": {""amount"": 9.0, ""currency"": ""INR"", ""effective_date"": ""2018-01-29"", ""government_order"": ""G.O (Ms.) No.48 Dated 28.01.2018"", ""provisional"": true, ""service_type"": ""Ordinary Services"", ""source"": ""MTC_OFFICIAL"", ""stage_number"": 5}, ""intent"": ""fare_calculation"", ""missing_slots"": [], ""operation"": ""CALCULATE_FARE"", ""outcome_reason"": ""answered"", ""response_text"": ""Published fare (Ordinary Services): INR 9 (record effective 2018-01-29). Published stage fare found; confirm the current fare before travel."", ""slots"": {""stage_number"": 5, ""transport_mode"": ""bus""}, ""status"": ""ok""}"
HI200_101,"वातानुकूलित बस से १० स्टेज का सफर, टिकट के कितने पैसे बनेंगे?",fare_calculation,CALCULATE_FARE,native_service,Extract ten stages and Air Conditioned Services; return verified tariff or explicit source limit.,200,fare_calculation,CALCULATE_FARE,unavailable,unsupported_source,No verified fare record covers the requested journey or stage.,1373.54,"{""candidate_entities"": [], ""candidate_intents"": [""fare_calculation""], ""clarification_reason"": null, ""data"": {}, ""intent"": ""fare_calculation"", ""missing_slots"": [], ""operation"": ""CALCULATE_FARE"", ""outcome_reason"": ""unsupported_source"", ""response_text"": ""No verified fare record covers the requested journey or stage."", ""slots"": {""service_type"": ""Air Conditioned Services"", ""stage_number"": 10, ""transport_mode"": ""bus""}, ""status"": ""unavailable""}"
HI200_102,गिंडी मेट्रो से हवाई अड्डा मेट्रो तक एक यात्रा के टिकट की कीमत क्या है?,fare_calculation,CALCULATE_FARE,od_fare,Recognize metro origin-destination fare; use authoritative fare data only.,200,fare_calculation,CALCULATE_FARE,clarification,missing_execution_slot,Please provide the destination stop or fare stage number.,1376.08,"{""candidate_entities"": [], ""candidate_intents"": [""fare_calculation""], ""clarification_reason"": ""missing_slot"", ""data"": {}, ""intent"": ""fare_calculation"", ""missing_slots"": [""destination_or_stage_number""], ""operation"": ""CALCULATE_FARE"", ""outcome_reason"": ""missing_execution_slot"", ""response_text"": ""Please provide the destination stop or fare stage number."", ""slots"": {""origin"": ""METRO_GUINDY"", ""transport_mode"": ""metro""}, ""status"": ""clarification""}"
HI200_103,"एग्मोर मेट्रो से नंदनम मेट्रो का किराया बताओ, रास्ता मत समझाना।",fare_calculation,CALCULATE_FARE,negated_route,Fare only; negated route should not trigger multiple goals.,200,fare_calculation,,clarification,entity_ambiguity,Please clarify which stop or location you mean.,1371.64,"{""candidate_entities"": [""BUS_5275790188"", ""HUB_CHENNAI_EGMORE"", ""RAIL_CHENNAI_EGMORE""], ""candidate_intents"": [""fare_calculation""], ""clarification_reason"": ""entity_ambiguity"", ""data"": {}, ""intent"": ""fare_calculation"", ""missing_slots"": [], ""operation"": null, ""outcome_reason"": ""entity_ambiguity"", ""response_text"": ""Please clarify which stop or location you mean."", ""slots"": {""origin"": ""METRO_NANDANAM"", ""transport_mode"": ""metro""}, ""status"": ""clarification""}"
HI200_104,"साधारण एमटीसी बस में तीन स्टेज, किराया?",fare_calculation,CALCULATE_FARE,fragment,Recognize ordinary bus stage fare from a short fragment.,200,fare_calculation,CALCULATE_FARE,ok,answered,Published fare (Ordinary Services): INR 7 (record effective 2018-01-29). Published stage fare found; confirm the current fare before travel.,1388.42,"{""candidate_entities"": [], ""candidate_intents"": [""fare_calculation""], ""clarification_reason"": null, ""data"": {""amount"": 7.0, ""currency"": ""INR"", ""effective_date"": ""2018-01-29"", ""government_order"": ""G.O (Ms.) No.48 Dated 28.01.2018"", ""provisional"": true, ""service_type"": ""Ordinary Services"", ""source"": ""MTC_OFFICIAL"", ""stage_number"": 3}, ""intent"": ""fare_calculation"", ""missing_slots"": [], ""operation"": ""CALCULATE_FARE"", ""outcome_reason"": ""answered"", ""response_text"": ""Published fare (Ordinary Services): INR 7 (record effective 2018-01-29). Published stage fare found; confirm the current fare before travel."", ""slots"": {""fare_type"": ""stage_fare"", ""service_type"": ""Ordinary Services"", ""stage_number"": 3, ""transport_mode"": ""bus""}, ""status"": ""ok""}"
HI200_105,बस में ४ स्टेज जाने के पैसे कितने होंगे? सेवा का प्रकार नहीं मालूम।,fare_calculation,,missing_service_class,Ask bus service class rather than choosing Ordinary by default.,200,fare_calculation,CALCULATE_FARE,ok,answered,Published fare (Ordinary Services): INR 8 (record effective 2018-01-29). Published stage fare found; confirm the current fare before travel.,1390.92,"{""candidate_entities"": [], ""candidate_intents"": [""fare_calculation""], ""clarification_reason"": null, ""data"": {""amount"": 8.0, ""currency"": ""INR"", ""effective_date"": ""2018-01-29"", ""government_order"": ""G.O (Ms.) No.48 Dated 28.01.2018"", ""provisional"": true, ""service_type"": ""Ordinary Services"", ""source"": ""MTC_OFFICIAL"", ""stage_number"": 4}, ""intent"": ""fare_calculation"", ""missing_slots"": [], ""operation"": ""CALCULATE_FARE"", ""outcome_reason"": ""answered"", ""response_text"": ""Published fare (Ordinary Services): INR 8 (record effective 2018-01-29). Published stage fare found; confirm the current fare before travel."", ""slots"": {""stage_number"": 4, ""transport_mode"": ""bus""}, ""status"": ""ok""}"
HI200_106,"मेरा बस किराया निकाल दो, दूरी और स्टेज अभी नहीं बताए हैं।",fare_calculation,,missing_fare_basis,Ask stage number or journey endpoints; no fare guessed.,200,ticketing_and_passes,GET_TICKETING_POLICY,unavailable,unsupported_source,This snapshot contains no authoritative ticket or pass policy table.,1369.82,"{""candidate_entities"": [], ""candidate_intents"": [""ticketing_and_passes""], ""clarification_reason"": null, ""data"": {""reason"": ""ticket_policy_absent""}, ""intent"": ""ticketing_and_passes"", ""missing_slots"": [], ""operation"": ""GET_TICKETING_POLICY"", ""outcome_reason"": ""unsupported_source"", ""response_text"": ""This snapshot contains no authoritative ticket or pass policy table."", ""slots"": {}, ""status"": ""unavailable""}"
HI200_107,साधारण बस में ० स्टेज का किराया क्या है?,fare_calculation,,invalid_stage,Reject or clarify zero stage; never map invalid count to a valid tariff.,200,fare_calculation,CALCULATE_FARE,clarification,missing_execution_slot,Please provide a valid fare stage number.,1380.64,"{""candidate_entities"": [], ""candidate_intents"": [""fare_calculation""], ""clarification_reason"": ""missing_slot"", ""data"": {}, ""intent"": ""fare_calculation"", ""missing_slots"": [""stage_number""], ""operation"": ""CALCULATE_FARE"", ""outcome_reason"": ""missing_execution_slot"", ""response_text"": ""Please provide a valid fare stage number."", ""slots"": {""service_type"": ""Ordinary Services"", ""transport_mode"": ""bus""}, ""status"": ""clarification""}"
HI200_108,साधारण बस के इकतीस स्टेज के किराए की रकम बताओ।,fare_calculation,,out_of_range_stage,Reject/clarify unsupported stage 31; do not drop count and provide another fare.,200,fare_calculation,CALCULATE_FARE,clarification,missing_execution_slot,Please provide a valid fare stage number.,1400.54,"{""candidate_entities"": [], ""candidate_intents"": [""fare_calculation""], ""clarification_reason"": ""missing_slot"", ""data"": {}, ""intent"": ""fare_calculation"", ""missing_slots"": [""stage_number""], ""operation"": ""CALCULATE_FARE"", ""outcome_reason"": ""missing_execution_slot"", ""response_text"": ""Please provide a valid fare stage number."", ""slots"": {""service_type"": ""Ordinary Services"", ""transport_mode"": ""bus""}, ""status"": ""clarification""}"
HI200_109,मेट्रो स्मार्ट कार्ड में कम से कम कितना रिचार्ज कराना पड़ता है?,ticketing_and_passes,GET_TICKETING_POLICY,card_policy,Recognize card policy and disclose absent authoritative ticket/pass rules; no invented minimum.,200,ticketing_and_passes,GET_TICKETING_POLICY,unavailable,unsupported_source,This snapshot contains no authoritative ticket or pass policy table.,1390.36,"{""candidate_entities"": [], ""candidate_intents"": [""ticketing_and_passes""], ""clarification_reason"": null, ""data"": {""reason"": ""ticket_policy_absent""}, ""intent"": ""ticketing_and_passes"", ""missing_slots"": [], ""operation"": ""GET_TICKETING_POLICY"", ""outcome_reason"": ""unsupported_source"", ""response_text"": ""This snapshot contains no authoritative ticket or pass policy table."", ""slots"": {}, ""status"": ""unavailable""}"
HI200_110,मेट्रो का क्यूआर टिकट खरीदने का नियम समझाइए।,ticketing_and_passes,GET_TICKETING_POLICY,qr_policy,Use ticketing family and state authoritative policy limitation.,200,ticketing_and_passes,GET_TICKETING_POLICY,unavailable,unsupported_source,This snapshot contains no authoritative ticket or pass policy table.,1374.94,"{""candidate_entities"": [], ""candidate_intents"": [""ticketing_and_passes""], ""clarification_reason"": null, ""data"": {""reason"": ""ticket_policy_absent""}, ""intent"": ""ticketing_and_passes"", ""missing_slots"": [], ""operation"": ""GET_TICKETING_POLICY"", ""outcome_reason"": ""unsupported_source"", ""response_text"": ""This snapshot contains no authoritative ticket or pass policy table."", ""slots"": {}, ""status"": ""unavailable""}"
HI200_111,एमटीसी का मासिक पास किन बसों में मान्य होता है?,ticketing_and_passes,GET_TICKETING_POLICY,pass_validity,Recognize monthly pass validity policy; do not guess coverage.,200,ticketing_and_passes,GET_TICKETING_POLICY,unavailable,unsupported_source,This snapshot contains no authoritative ticket or pass policy table.,1367.98,"{""candidate_entities"": [], ""candidate_intents"": [""ticketing_and_passes""], ""clarification_reason"": null, ""data"": {""reason"": ""ticket_policy_absent""}, ""intent"": ""ticketing_and_passes"", ""missing_slots"": [], ""operation"": ""GET_TICKETING_POLICY"", ""outcome_reason"": ""unsupported_source"", ""response_text"": ""This snapshot contains no authoritative ticket or pass policy table."", ""slots"": {}, ""status"": ""unavailable""}"
HI200_112,उपनगरीय रेल का सीजन पास लेने के लिए कौन से कागज चाहिए?,ticketing_and_passes,GET_TICKETING_POLICY,pass_documents,"Recognize season-pass policy and disclose source limitation, not journey fare calculation.",200,ticketing_and_passes,GET_TICKETING_POLICY,unavailable,unsupported_source,This snapshot contains no authoritative ticket or pass policy table.,1356.84,"{""candidate_entities"": [], ""candidate_intents"": [""ticketing_and_passes""], ""clarification_reason"": null, ""data"": {""reason"": ""ticket_policy_absent""}, ""intent"": ""ticketing_and_passes"", ""missing_slots"": [], ""operation"": ""GET_TICKETING_POLICY"", ""outcome_reason"": ""unsupported_source"", ""response_text"": ""This snapshot contains no authoritative ticket or pass policy table."", ""slots"": {}, ""status"": ""unavailable""}"
HI200_113,एनसीएमसी कार्ड मेट्रो में चलाने के नियम क्या हैं?,ticketing_and_passes,GET_TICKETING_POLICY,native_card,Recognize NCMC policy; no unsupported validity assertion.,200,ticketing_and_passes,GET_TICKETING_POLICY,unavailable,unsupported_source,This snapshot contains no authoritative ticket or pass policy table.,1417.12,"{""candidate_entities"": [], ""candidate_intents"": [""ticketing_and_passes""], ""clarification_reason"": null, ""data"": {""reason"": ""ticket_policy_absent""}, ""intent"": ""ticketing_and_passes"", ""missing_slots"": [], ""operation"": ""GET_TICKETING_POLICY"", ""outcome_reason"": ""unsupported_source"", ""response_text"": ""This snapshot contains no authoritative ticket or pass policy table."", ""slots"": {}, ""status"": ""unavailable""}"
HI200_114,मेट्रो टोकन खो जाए तो बदलवाने का तरीका बताओ।,ticketing_and_passes,GET_TICKETING_POLICY,replacement_policy,Ticket/token policy; do not invent replacement rules.,200,ticketing_and_passes,GET_TICKETING_POLICY,unavailable,unsupported_source,This snapshot contains no authoritative ticket or pass policy table.,1391.84,"{""candidate_entities"": [], ""candidate_intents"": [""ticketing_and_passes""], ""clarification_reason"": null, ""data"": {""reason"": ""ticket_policy_absent""}, ""intent"": ""ticketing_and_passes"", ""missing_slots"": [], ""operation"": ""GET_TICKETING_POLICY"", ""outcome_reason"": ""unsupported_source"", ""response_text"": ""This snapshot contains no authoritative ticket or pass policy table."", ""slots"": {}, ""status"": ""unavailable""}"
HI200_115,पर्यटक पास एक ही दिन में कितनी यात्राओं के लिए चलता है?,ticketing_and_passes,GET_TICKETING_POLICY,tourist_policy,Recognize tourist pass usage policy; missing source must be explained.,200,service_frequency,GET_SERVICE_FREQUENCY,clarification,missing_execution_slot,"Please provide the boarding stop or station, the route number or line name.",1392.34,"{""candidate_entities"": [], ""candidate_intents"": [""service_frequency""], ""clarification_reason"": ""missing_slot"", ""data"": {}, ""intent"": ""service_frequency"", ""missing_slots"": [""station_or_stop"", ""route_number_or_line_name""], ""operation"": ""GET_SERVICE_FREQUENCY"", ""outcome_reason"": ""missing_execution_slot"", ""response_text"": ""Please provide the boarding stop or station, the route number or line name."", ""slots"": {}, ""status"": ""clarification""}"
HI200_116,बच्चों को मेट्रो टिकट में छूट किस उम्र तक मिलती है?,ticketing_and_passes,GET_TICKETING_POLICY,concession_policy,Recognize child ticket concession rule; do not guess age or concession percentage.,200,ticketing_and_passes,GET_TICKETING_POLICY,unavailable,unsupported_source,This snapshot contains no authoritative ticket or pass policy table.,1359.55,"{""candidate_entities"": [], ""candidate_intents"": [""ticketing_and_passes""], ""clarification_reason"": null, ""data"": {""reason"": ""ticket_policy_absent""}, ""intent"": ""ticketing_and_passes"", ""missing_slots"": [], ""operation"": ""GET_TICKETING_POLICY"", ""outcome_reason"": ""unsupported_source"", ""response_text"": ""This snapshot contains no authoritative ticket or pass policy table."", ""slots"": {}, ""status"": ""unavailable""}"
HI200_117,मेट्रो स्मार्ट कार्ड की बची रकम वापस मिलने का नियम क्या है?,ticketing_and_passes,GET_TICKETING_POLICY,refund_policy,Recognize card refund policy and give source limitation.,200,ticketing_and_passes,GET_TICKETING_POLICY,unavailable,unsupported_source,This snapshot contains no authoritative ticket or pass policy table.,1363.64,"{""candidate_entities"": [], ""candidate_intents"": [""ticketing_and_passes""], ""clarification_reason"": null, ""data"": {""reason"": ""ticket_policy_absent""}, ""intent"": ""ticketing_and_passes"", ""missing_slots"": [], ""operation"": ""GET_TICKETING_POLICY"", ""outcome_reason"": ""unsupported_source"", ""response_text"": ""This snapshot contains no authoritative ticket or pass policy table."", ""slots"": {}, ""status"": ""unavailable""}"
HI200_118,"मेट्रो टिकट नकद लें या कार्ड से, कौन-कौन से भुगतान तरीके मान्य हैं?",ticketing_and_passes,GET_TICKETING_POLICY,payment_policy,Recognize accepted payment rules rather than exact fare.,200,ticketing_and_passes,GET_TICKETING_POLICY,unavailable,unsupported_source,This snapshot contains no authoritative ticket or pass policy table.,1368.14,"{""candidate_entities"": [], ""candidate_intents"": [""ticketing_and_passes""], ""clarification_reason"": null, ""data"": {""reason"": ""ticket_policy_absent""}, ""intent"": ""ticketing_and_passes"", ""missing_slots"": [], ""operation"": ""GET_TICKETING_POLICY"", ""outcome_reason"": ""unsupported_source"", ""response_text"": ""This snapshot contains no authoritative ticket or pass policy table."", ""slots"": {}, ""status"": ""unavailable""}"
HI200_119,बस का मासिक पास दूसरे व्यक्ति को देना मना है क्या?,ticketing_and_passes,GET_TICKETING_POLICY,negative_policy_question,Recognize transferability rules; do not assume allowed/disallowed without authoritative policy.,200,ticketing_and_passes,GET_TICKETING_POLICY,unavailable,unsupported_source,This snapshot contains no authoritative ticket or pass policy table.,1367.59,"{""candidate_entities"": [], ""candidate_intents"": [""ticketing_and_passes""], ""clarification_reason"": null, ""data"": {""reason"": ""ticket_policy_absent""}, ""intent"": ""ticketing_and_passes"", ""missing_slots"": [], ""operation"": ""GET_TICKETING_POLICY"", ""outcome_reason"": ""unsupported_source"", ""response_text"": ""This snapshot contains no authoritative ticket or pass policy table."", ""slots"": {}, ""status"": ""unavailable""}"
HI200_120,"क्यूआर टिकट कब तक मान्य रहता है, कीमत नहीं पूछ रहा।",ticketing_and_passes,GET_TICKETING_POLICY,negated_fare,Handle ticket validity only; negated fare is not a separate goal.,200,ticketing_and_passes,GET_TICKETING_POLICY,unavailable,unsupported_source,This snapshot contains no authoritative ticket or pass policy table.,1379.39,"{""candidate_entities"": [], ""candidate_intents"": [""ticketing_and_passes""], ""clarification_reason"": null, ""data"": {""reason"": ""ticket_policy_absent""}, ""intent"": ""ticketing_and_passes"", ""missing_slots"": [], ""operation"": ""GET_TICKETING_POLICY"", ""outcome_reason"": ""unsupported_source"", ""response_text"": ""This snapshot contains no authoritative ticket or pass policy table."", ""slots"": {}, ""status"": ""unavailable""}"
HI200_121,गिंडी मेट्रो स्टेशन पर बाइक खड़ी करने की पार्किंग मिलती है?,station_facilities,GET_STATION_FACILITY,native_parking,Recognize parking facility goal; disclose unverified facility availability.,200,station_facilities,GET_STATION_FACILITY,unavailable,unsupported_source,Facility availability is not verified in this snapshot.,1395.51,"{""candidate_entities"": [], ""candidate_intents"": [""station_facilities""], ""clarification_reason"": null, ""data"": {""reason"": ""facility_verification_absent""}, ""intent"": ""station_facilities"", ""missing_slots"": [], ""operation"": ""GET_STATION_FACILITY"", ""outcome_reason"": ""unsupported_source"", ""response_text"": ""Facility availability is not verified in this snapshot."", ""slots"": {}, ""status"": ""unavailable""}"
HI200_122,एग्मोर मेट्रो में पीने के पानी की जगह है क्या?,station_facilities,GET_STATION_FACILITY,native_water,Correct facility family; do not claim unverified water availability.,200,station_facilities,GET_STATION_FACILITY,unavailable,unsupported_source,Facility availability is not verified in this snapshot.,1373.93,"{""candidate_entities"": [], ""candidate_intents"": [""station_facilities""], ""clarification_reason"": null, ""data"": {""reason"": ""facility_verification_absent""}, ""intent"": ""station_facilities"", ""missing_slots"": [], ""operation"": ""GET_STATION_FACILITY"", ""outcome_reason"": ""unsupported_source"", ""response_text"": ""Facility availability is not verified in this snapshot."", ""slots"": {}, ""status"": ""unavailable""}"
HI200_123,कोयम्बेडु मेट्रो स्टेशन के अंदर शौचालय उपलब्ध हैं?,station_facilities,GET_STATION_FACILITY,native_restroom,Recognize station restroom facility and explain source limitation.,200,station_facilities,GET_STATION_FACILITY,unavailable,unsupported_source,Facility availability is not verified in this snapshot.,1394.94,"{""candidate_entities"": [], ""candidate_intents"": [""station_facilities""], ""clarification_reason"": null, ""data"": {""reason"": ""facility_verification_absent""}, ""intent"": ""station_facilities"", ""missing_slots"": [], ""operation"": ""GET_STATION_FACILITY"", ""outcome_reason"": ""unsupported_source"", ""response_text"": ""Facility availability is not verified in this snapshot."", ""slots"": {}, ""status"": ""unavailable""}"
HI200_124,वडपलनी मेट्रो पर यात्रियों के लिए बैठकर प्रतीक्षा करने का कमरा है?,station_facilities,GET_STATION_FACILITY,waiting_room,Recognize waiting-room facility; no fabricated yes/no answer.,200,station_facilities,GET_STATION_FACILITY,unavailable,unsupported_source,Facility availability is not verified in this snapshot.,1378.92,"{""candidate_entities"": [], ""candidate_intents"": [""station_facilities""], ""clarification_reason"": null, ""data"": {""reason"": ""facility_verification_absent""}, ""intent"": ""station_facilities"", ""missing_slots"": [], ""operation"": ""GET_STATION_FACILITY"", ""outcome_reason"": ""unsupported_source"", ""response_text"": ""Facility availability is not verified in this snapshot."", ""slots"": {}, ""status"": ""unavailable""}"
HI200_125,चेन्नई सेंट्रल मेट्रो में सामान रखने का क्लोक रूम मिलेगा?,station_facilities,GET_STATION_FACILITY,cloakroom,Station amenity query remains facilities despite source limitation.,200,station_facilities,GET_STATION_FACILITY,unavailable,unsupported_source,Facility availability is not verified in this snapshot.,1344.99,"{""candidate_entities"": [], ""candidate_intents"": [""station_facilities""], ""clarification_reason"": null, ""data"": {""reason"": ""facility_verification_absent""}, ""intent"": ""station_facilities"", ""missing_slots"": [], ""operation"": ""GET_STATION_FACILITY"", ""outcome_reason"": ""unsupported_source"", ""response_text"": ""Facility availability is not verified in this snapshot."", ""slots"": {}, ""status"": ""unavailable""}"
HI200_126,आलंदूर मेट्रो स्टेशन पर एटीएम लगा है क्या?,station_facilities,GET_STATION_FACILITY,native_atm,Recognize ATM facility goal and disclose absent verification.,200,interchange_transfer,GET_INTERCHANGE_DETAILS,unavailable,unsupported_source,The snapshot has no confirmed interchange records.,1346.05,"{""candidate_entities"": [], ""candidate_intents"": [""interchange_transfer""], ""clarification_reason"": null, ""data"": {""reason"": ""confirmed_interchanges_absent""}, ""intent"": ""interchange_transfer"", ""missing_slots"": [], ""operation"": ""GET_INTERCHANGE_DETAILS"", ""outcome_reason"": ""unsupported_source"", ""response_text"": ""The snapshot has no confirmed interchange records."", ""slots"": {}, ""status"": ""unavailable""}"
HI200_127,हवाई अड्डा मेट्रो स्टेशन में वाई-फाई मिलता है?,station_facilities,GET_STATION_FACILITY,wifi,Recognize station Wi-Fi availability; avoid unsupported assurance.,200,mode_availability,CHECK_SERVICE_AVAILABILITY,unavailable,unsupported_source,No mode-consistent published topology is available for the requested transport mode.,1373.02,"{""candidate_entities"": [], ""candidate_intents"": [""mode_availability""], ""clarification_reason"": null, ""data"": {""reason"": ""published_mode_topology_absent"", ""transport_mode"": ""metro""}, ""intent"": ""mode_availability"", ""missing_slots"": [], ""operation"": ""CHECK_SERVICE_AVAILABILITY"", ""outcome_reason"": ""unsupported_source"", ""response_text"": ""No mode-consistent published topology is available for the requested transport mode."", ""slots"": {""transport_mode"": ""metro""}, ""status"": ""unavailable""}"
HI200_128,नंदनम मेट्रो के पास कार पार्क करने की सुविधा पूछनी है।,station_facilities,GET_STATION_FACILITY,car_parking,Correct facilities intent; unverified parking must not be presented as fact.,200,station_facilities,GET_STATION_FACILITY,unavailable,unsupported_source,Facility availability is not verified in this snapshot.,1368.76,"{""candidate_entities"": [], ""candidate_intents"": [""station_facilities""], ""clarification_reason"": null, ""data"": {""reason"": ""facility_verification_absent""}, ""intent"": ""station_facilities"", ""missing_slots"": [], ""operation"": ""GET_STATION_FACILITY"", ""outcome_reason"": ""unsupported_source"", ""response_text"": ""Facility availability is not verified in this snapshot."", ""slots"": {}, ""status"": ""unavailable""}"
HI200_129,ताम्बरम रेलवे स्टेशन पर प्रतीक्षालय की सुविधा है या नहीं?,station_facilities,GET_STATION_FACILITY,suburban_facility,Recognize physical station facility; disclose source coverage limit.,200,station_facilities,GET_STATION_FACILITY,unavailable,unsupported_source,Facility availability is not verified in this snapshot.,1410.76,"{""candidate_entities"": [], ""candidate_intents"": [""station_facilities""], ""clarification_reason"": null, ""data"": {""reason"": ""facility_verification_absent""}, ""intent"": ""station_facilities"", ""missing_slots"": [], ""operation"": ""GET_STATION_FACILITY"", ""outcome_reason"": ""unsupported_source"", ""response_text"": ""Facility availability is not verified in this snapshot."", ""slots"": {}, ""status"": ""unavailable""}"
HI200_130,मेट्रो स्टेशन पर पानी और शौचालय की सुविधाएँ हैं क्या? स्टेशन नहीं बताया।,station_facilities,,missing_station,Ask station or explain facility source limitation; never pick arbitrary station.,200,station_facilities,GET_STATION_FACILITY,unavailable,unsupported_source,Facility availability is not verified in this snapshot.,1346.84,"{""candidate_entities"": [], ""candidate_intents"": [""station_facilities""], ""clarification_reason"": null, ""data"": {""reason"": ""facility_verification_absent""}, ""intent"": ""station_facilities"", ""missing_slots"": [], ""operation"": ""GET_STATION_FACILITY"", ""outcome_reason"": ""unsupported_source"", ""response_text"": ""Facility availability is not verified in this snapshot."", ""slots"": {}, ""status"": ""unavailable""}"
HI200_131,"गिंडी मेट्रो की पार्किंग पूछ रहा हूँ, व्हीलचेयर की जानकारी नहीं।",station_facilities,GET_STATION_FACILITY,negated_accessibility,Handle parking only; negated accessibility phrase must not create another goal.,200,station_facilities,GET_STATION_FACILITY,unavailable,unsupported_source,Facility availability is not verified in this snapshot.,1390.82,"{""candidate_entities"": [], ""candidate_intents"": [""station_facilities""], ""clarification_reason"": null, ""data"": {""reason"": ""facility_verification_absent""}, ""intent"": ""station_facilities"", ""missing_slots"": [], ""operation"": ""GET_STATION_FACILITY"", ""outcome_reason"": ""unsupported_source"", ""response_text"": ""Facility availability is not verified in this snapshot."", ""slots"": {}, ""status"": ""unavailable""}"
HI200_132,एग्मोर मेट्रो: बाथरूम है? जल्दी बता दीजिए।,station_facilities,GET_STATION_FACILITY,colloquial_punctuation,Recognize ordinary restroom facility despite colloquial borrowing/punctuation; no invented fact.,200,interchange_transfer,GET_INTERCHANGE_DETAILS,unavailable,unsupported_source,The snapshot has no confirmed interchange records.,1426.53,"{""candidate_entities"": [], ""candidate_intents"": [""interchange_transfer""], ""clarification_reason"": null, ""data"": {""reason"": ""confirmed_interchanges_absent""}, ""intent"": ""interchange_transfer"", ""missing_slots"": [], ""operation"": ""GET_INTERCHANGE_DETAILS"", ""outcome_reason"": ""unsupported_source"", ""response_text"": ""The snapshot has no confirmed interchange records."", ""slots"": {}, ""status"": ""unavailable""}"
HI200_133,गिंडी मेट्रो में व्हीलचेयर लेकर भीतर जाना संभव है?,station_accessibility,GET_ACCESSIBILITY_INFO,wheelchair,Recognize wheelchair accessibility; report verified feature or precise absence of evidence.,200,station_accessibility,GET_ACCESSIBILITY_INFO,unavailable,unsupported_source,The snapshot contains no verified accessibility feature values.,1366.92,"{""candidate_entities"": [], ""candidate_intents"": [""station_accessibility""], ""clarification_reason"": null, ""data"": {""reason"": ""accessibility_values_absent""}, ""intent"": ""station_accessibility"", ""missing_slots"": [], ""operation"": ""GET_ACCESSIBILITY_INFO"", ""outcome_reason"": ""unsupported_source"", ""response_text"": ""The snapshot contains no verified accessibility feature values."", ""slots"": {}, ""status"": ""unavailable""}"
HI200_134,एग्मोर मेट्रो स्टेशन में सीढ़ियाँ चढ़े बिना जाने के लिए लिफ्ट है क्या?,station_accessibility,GET_ACCESSIBILITY_INFO,native_lift,"Recognize lift accessibility, not generic facility; do not invent availability.",200,station_accessibility,GET_ACCESSIBILITY_INFO,unavailable,unsupported_source,The snapshot contains no verified accessibility feature values.,1403.79,"{""candidate_entities"": [], ""candidate_intents"": [""station_accessibility""], ""clarification_reason"": null, ""data"": {""reason"": ""accessibility_values_absent""}, ""intent"": ""station_accessibility"", ""missing_slots"": [], ""operation"": ""GET_ACCESSIBILITY_INFO"", ""outcome_reason"": ""unsupported_source"", ""response_text"": ""The snapshot contains no verified accessibility feature values."", ""slots"": {}, ""status"": ""unavailable""}"
HI200_135,कोयम्बेडु मेट्रो पर व्हीलचेयर के लिए ढलान वाला रैंप बना है?,station_accessibility,GET_ACCESSIBILITY_INFO,native_ramp,Recognize ramp accessibility and use verified physical-station records.,200,station_accessibility,GET_ACCESSIBILITY_INFO,unavailable,unsupported_source,The snapshot contains no verified accessibility feature values.,1365.74,"{""candidate_entities"": [], ""candidate_intents"": [""station_accessibility""], ""clarification_reason"": null, ""data"": {""reason"": ""accessibility_values_absent""}, ""intent"": ""station_accessibility"", ""missing_slots"": [], ""operation"": ""GET_ACCESSIBILITY_INFO"", ""outcome_reason"": ""unsupported_source"", ""response_text"": ""The snapshot contains no verified accessibility feature values."", ""slots"": {}, ""status"": ""unavailable""}"
HI200_136,वडपलनी मेट्रो में चलती सीढ़ी की सुविधा मिलती है?,station_accessibility,GET_ACCESSIBILITY_INFO,native_escalator,Recognize escalator accessibility from native phrasing; no generic facility substitution.,200,station_accessibility,GET_ACCESSIBILITY_INFO,unavailable,unsupported_source,The snapshot contains no verified accessibility feature values.,1348.19,"{""candidate_entities"": [], ""candidate_intents"": [""station_accessibility""], ""clarification_reason"": null, ""data"": {""reason"": ""accessibility_values_absent""}, ""intent"": ""station_accessibility"", ""missing_slots"": [], ""operation"": ""GET_ACCESSIBILITY_INFO"", ""outcome_reason"": ""unsupported_source"", ""response_text"": ""The snapshot contains no verified accessibility feature values."", ""slots"": {}, ""status"": ""unavailable""}"
HI200_137,आलंदूर मेट्रो पर दृष्टिबाधित यात्रियों के लिए स्पर्श पथ है?,station_accessibility,GET_ACCESSIBILITY_INFO,native_tactile,Recognize tactile accessibility; report source record or limitation.,200,station_accessibility,GET_ACCESSIBILITY_INFO,unavailable,unsupported_source,The snapshot contains no verified accessibility feature values.,1392.94,"{""candidate_entities"": [], ""candidate_intents"": [""station_accessibility""], ""clarification_reason"": null, ""data"": {""reason"": ""accessibility_values_absent""}, ""intent"": ""station_accessibility"", ""missing_slots"": [], ""operation"": ""GET_ACCESSIBILITY_INFO"", ""outcome_reason"": ""unsupported_source"", ""response_text"": ""The snapshot contains no verified accessibility feature values."", ""slots"": {}, ""status"": ""unavailable""}"
HI200_138,हवाई अड्डा मेट्रो में दिव्यांगों के उपयोग वाला शौचालय है क्या?,station_accessibility,GET_ACCESSIBILITY_INFO,accessible_toilet_contrast,Recognize accessible toilet rather than general restroom.,200,station_accessibility,GET_ACCESSIBILITY_INFO,unavailable,unsupported_source,The snapshot contains no verified accessibility feature values.,1359.99,"{""candidate_entities"": [], ""candidate_intents"": [""station_accessibility""], ""clarification_reason"": null, ""data"": {""reason"": ""accessibility_values_absent""}, ""intent"": ""station_accessibility"", ""missing_slots"": [], ""operation"": ""GET_ACCESSIBILITY_INFO"", ""outcome_reason"": ""unsupported_source"", ""response_text"": ""The snapshot contains no verified accessibility feature values."", ""slots"": {}, ""status"": ""unavailable""}"
HI200_139,नंदनम मेट्रो पर बुज़ुर्गों के लिए सीढ़ी के बजाय लिफ्ट मिलेगी?,station_accessibility,GET_ACCESSIBILITY_INFO,colloquial_access,Keep lift accessibility goal despite mention of stairs.,200,station_accessibility,GET_ACCESSIBILITY_INFO,unavailable,unsupported_source,The snapshot contains no verified accessibility feature values.,1407.52,"{""candidate_entities"": [], ""candidate_intents"": [""station_accessibility""], ""clarification_reason"": null, ""data"": {""reason"": ""accessibility_values_absent""}, ""intent"": ""station_accessibility"", ""missing_slots"": [], ""operation"": ""GET_ACCESSIBILITY_INFO"", ""outcome_reason"": ""unsupported_source"", ""response_text"": ""The snapshot contains no verified accessibility feature values."", ""slots"": {}, ""status"": ""unavailable""}"
HI200_140,सैदापेट मेट्रो में व्हीलचेयर से प्लेटफॉर्म तक पहुँचने की सुविधा की पुष्टि करो।,station_accessibility,GET_ACCESSIBILITY_INFO,assertion_confirmation,Verify wheelchair accessibility; do not assume affirmative.,200,station_accessibility,GET_ACCESSIBILITY_INFO,unavailable,unsupported_source,The snapshot contains no verified accessibility feature values.,1389.83,"{""candidate_entities"": [], ""candidate_intents"": [""station_accessibility""], ""clarification_reason"": null, ""data"": {""reason"": ""accessibility_values_absent""}, ""intent"": ""station_accessibility"", ""missing_slots"": [], ""operation"": ""GET_ACCESSIBILITY_INFO"", ""outcome_reason"": ""unsupported_source"", ""response_text"": ""The snapshot contains no verified accessibility feature values."", ""slots"": {}, ""status"": ""unavailable""}"
HI200_141,ताम्बरम रेल स्टेशन पर दिव्यांग रैंप उपलब्ध है?,station_accessibility,GET_ACCESSIBILITY_INFO,suburban_scope,Recognize rail accessibility and honestly disclose missing verified record.,200,station_accessibility,GET_ACCESSIBILITY_INFO,unavailable,unsupported_source,The snapshot contains no verified accessibility feature values.,1360.9,"{""candidate_entities"": [], ""candidate_intents"": [""station_accessibility""], ""clarification_reason"": null, ""data"": {""reason"": ""accessibility_values_absent""}, ""intent"": ""station_accessibility"", ""missing_slots"": [], ""operation"": ""GET_ACCESSIBILITY_INFO"", ""outcome_reason"": ""unsupported_source"", ""response_text"": ""The snapshot contains no verified accessibility feature values."", ""slots"": {}, ""status"": ""unavailable""}"
HI200_142,व्हीलचेयर के अनुकूल मेट्रो स्टेशन है क्या?,station_accessibility,,missing_station,Ask station; do not choose or imply every station is accessible.,200,nearest_transport,FIND_NEAREST_STATION,clarification,missing_execution_slot,Please provide a nearby landmark or locality.,1375.91,"{""candidate_entities"": [], ""candidate_intents"": [""nearest_transport""], ""clarification_reason"": ""missing_slot"", ""data"": {}, ""intent"": ""nearest_transport"", ""missing_slots"": [""landmark_or_locality""], ""operation"": ""FIND_NEAREST_STATION"", ""outcome_reason"": ""missing_execution_slot"", ""response_text"": ""Please provide a nearby landmark or locality."", ""slots"": {""transport_mode"": ""metro""}, ""status"": ""clarification""}"
HI200_143,गिंडी मेट्रो पर लिफ्ट है? पार्किंग नहीं पूछी है।,station_accessibility,GET_ACCESSIBILITY_INFO,negated_facility,Accessibility only; negated parking is not a second goal.,200,,,clarification,intent_ambiguity,Please clarify which transport question you mean.,1350.66,"{""candidate_entities"": [], ""candidate_intents"": [""station_facilities""], ""clarification_reason"": ""intent_ambiguity"", ""data"": {""reason"": ""negated_selected_goal""}, ""intent"": null, ""missing_slots"": [], ""operation"": null, ""outcome_reason"": ""intent_ambiguity"", ""response_text"": ""Please clarify which transport question you mean."", ""slots"": {}, ""status"": ""clarification""}"
HI200_144,सेंट्रल मेट्रो में बिना सीढ़ी चढ़े प्लेटफॉर्म पहुँचा जा सकता है?,station_accessibility,GET_ACCESSIBILITY_INFO,implicit_accessibility,Recognize step-free access question; explain feature evidence limits without guessing.,200,station_accessibility,GET_ACCESSIBILITY_INFO,unavailable,unsupported_source,The snapshot contains no verified accessibility feature values.,1406.21,"{""candidate_entities"": [], ""candidate_intents"": [""station_accessibility""], ""clarification_reason"": null, ""data"": {""reason"": ""accessibility_values_absent""}, ""intent"": ""station_accessibility"", ""missing_slots"": [], ""operation"": ""GET_ACCESSIBILITY_INFO"", ""outcome_reason"": ""unsupported_source"", ""response_text"": ""The snapshot contains no verified accessibility feature values."", ""slots"": {}, ""status"": ""unavailable""}"
HI200_145,गिंडी पर मेट्रो से लोकल ट्रेन बदलने की जगह कहाँ है?,interchange_transfer,GET_INTERCHANGE_DETAILS,mode_pair,Recognize station transfer details; give only confirmed interchange evidence.,200,interchange_transfer,GET_INTERCHANGE_DETAILS,unavailable,unsupported_source,The snapshot has no confirmed interchange records.,1356.19,"{""candidate_entities"": [], ""candidate_intents"": [""interchange_transfer""], ""clarification_reason"": null, ""data"": {""reason"": ""confirmed_interchanges_absent""}, ""intent"": ""interchange_transfer"", ""missing_slots"": [], ""operation"": ""GET_INTERCHANGE_DETAILS"", ""outcome_reason"": ""unsupported_source"", ""response_text"": ""The snapshot has no confirmed interchange records."", ""slots"": {}, ""status"": ""unavailable""}"
HI200_146,आलंदूर मेट्रो में नीली लाइन से हरी लाइन पर कैसे बदलूँ?,interchange_transfer,GET_INTERCHANGE_DETAILS,line_transfer,"Interchange goal, not full endpoint journey; no unverified transfer directions.",200,interchange_transfer,GET_INTERCHANGE_DETAILS,unavailable,unsupported_source,The snapshot has no confirmed interchange records.,1374.54,"{""candidate_entities"": [], ""candidate_intents"": [""interchange_transfer""], ""clarification_reason"": null, ""data"": {""reason"": ""confirmed_interchanges_absent""}, ""intent"": ""interchange_transfer"", ""missing_slots"": [], ""operation"": ""GET_INTERCHANGE_DETAILS"", ""outcome_reason"": ""unsupported_source"", ""response_text"": ""The snapshot has no confirmed interchange records."", ""slots"": {}, ""status"": ""unavailable""}"
HI200_147,चेन्नई सेंट्रल पर उपनगरीय रेल छोड़कर मेट्रो में जाने का जुड़ाव बताइए।,interchange_transfer,GET_INTERCHANGE_DETAILS,native_transfer,Recognize rail-to-metro transfer and state confirmed-interchange coverage limit.,200,multimodal_route,PLAN_MULTIMODAL_ROUTE,unavailable,unsupported_source,No confirmed cross-mode transfer graph is available in this snapshot.,1372.54,"{""candidate_entities"": [], ""candidate_intents"": [""multimodal_route""], ""clarification_reason"": null, ""data"": {""reason"": ""confirmed_multimodal_graph_absent""}, ""intent"": ""multimodal_route"", ""missing_slots"": [], ""operation"": ""PLAN_MULTIMODAL_ROUTE"", ""outcome_reason"": ""unsupported_source"", ""response_text"": ""No confirmed cross-mode transfer graph is available in this snapshot."", ""slots"": {}, ""status"": ""unavailable""}"
HI200_148,कोयम्बेडु में बस अड्डे और मेट्रो स्टेशन के बीच बदलने का इंतजाम क्या है?,interchange_transfer,GET_INTERCHANGE_DETAILS,bus_metro,Recognize physical interchange details without inventing walkway/distance.,200,station_facilities,GET_STATION_FACILITY,unavailable,unsupported_source,Facility availability is not verified in this snapshot.,1353.98,"{""candidate_entities"": [], ""candidate_intents"": [""station_facilities""], ""clarification_reason"": null, ""data"": {""reason"": ""facility_verification_absent""}, ""intent"": ""station_facilities"", ""missing_slots"": [], ""operation"": ""GET_STATION_FACILITY"", ""outcome_reason"": ""unsupported_source"", ""response_text"": ""Facility availability is not verified in this snapshot."", ""slots"": {}, ""status"": ""unavailable""}"
HI200_149,चेन्नई बीच पर लोकल रेल से एमआरटीएस में स्थानांतरण कहाँ होता है?,interchange_transfer,GET_INTERCHANGE_DETAILS,native_transfer,Keep inter-mode transfer goal and disclose source limit.,200,interchange_transfer,GET_INTERCHANGE_DETAILS,unavailable,unsupported_source,The snapshot has no confirmed interchange records.,1387.57,"{""candidate_entities"": [], ""candidate_intents"": [""interchange_transfer""], ""clarification_reason"": null, ""data"": {""reason"": ""confirmed_interchanges_absent""}, ""intent"": ""interchange_transfer"", ""missing_slots"": [], ""operation"": ""GET_INTERCHANGE_DETAILS"", ""outcome_reason"": ""unsupported_source"", ""response_text"": ""The snapshot has no confirmed interchange records."", ""slots"": {}, ""status"": ""unavailable""}"
HI200_150,सेंट्रल मेट्रो में एक मेट्रो लाइन से दूसरी लाइन का इंटरचेंज समझाइए।,interchange_transfer,GET_INTERCHANGE_DETAILS,same_mode_lines,Recognize line interchange rather than mode availability or journey route.,200,interchange_transfer,GET_INTERCHANGE_DETAILS,unavailable,unsupported_source,The snapshot has no confirmed interchange records.,1356.0,"{""candidate_entities"": [], ""candidate_intents"": [""interchange_transfer""], ""clarification_reason"": null, ""data"": {""reason"": ""confirmed_interchanges_absent""}, ""intent"": ""interchange_transfer"", ""missing_slots"": [], ""operation"": ""GET_INTERCHANGE_DETAILS"", ""outcome_reason"": ""unsupported_source"", ""response_text"": ""The snapshot has no confirmed interchange records."", ""slots"": {}, ""status"": ""unavailable""}"
HI200_151,ताम्बरम में ट्रेन से उतरकर बस पकड़ने वाला स्थानांतरण बिंदु है?,interchange_transfer,GET_INTERCHANGE_DETAILS,native_hub,"Recognize transfer feasibility at named hub, not bus stop membership.",200,multimodal_route,PLAN_MULTIMODAL_ROUTE,unavailable,unsupported_source,No confirmed cross-mode transfer graph is available in this snapshot.,1370.38,"{""candidate_entities"": [], ""candidate_intents"": [""multimodal_route""], ""clarification_reason"": null, ""data"": {""reason"": ""confirmed_multimodal_graph_absent""}, ""intent"": ""multimodal_route"", ""missing_slots"": [], ""operation"": ""PLAN_MULTIMODAL_ROUTE"", ""outcome_reason"": ""unsupported_source"", ""response_text"": ""No confirmed cross-mode transfer graph is available in this snapshot."", ""slots"": {}, ""status"": ""unavailable""}"
HI200_152,गिंडी स्टेशन पर बस से मेट्रो में बदलने की जानकारी चाहिए।,interchange_transfer,GET_INTERCHANGE_DETAILS,native_places,Recognize bus-to-metro interchange and verify before answering.,200,multimodal_route,PLAN_MULTIMODAL_ROUTE,unavailable,unsupported_source,No confirmed cross-mode transfer graph is available in this snapshot.,1359.69,"{""candidate_entities"": [], ""candidate_intents"": [""multimodal_route""], ""clarification_reason"": null, ""data"": {""reason"": ""confirmed_multimodal_graph_absent""}, ""intent"": ""multimodal_route"", ""missing_slots"": [], ""operation"": ""PLAN_MULTIMODAL_ROUTE"", ""outcome_reason"": ""unsupported_source"", ""response_text"": ""No confirmed cross-mode transfer graph is available in this snapshot."", ""slots"": {}, ""status"": ""unavailable""}"
HI200_153,एग्मोर में रेल प्लेटफॉर्म से मेट्रो का जुड़ाव सीधा है क्या?,interchange_transfer,GET_INTERCHANGE_DETAILS,connection_yes_no,Confirm only verified physical transfer connection; no inferred direct link.,200,mode_availability,CHECK_SERVICE_AVAILABILITY,unavailable,unsupported_source,No mode-consistent published topology is available for the requested transport mode.,1403.72,"{""candidate_entities"": [], ""candidate_intents"": [""mode_availability""], ""clarification_reason"": null, ""data"": {""reason"": ""published_mode_topology_absent"", ""transport_mode"": ""metro""}, ""intent"": ""mode_availability"", ""missing_slots"": [], ""operation"": ""CHECK_SERVICE_AVAILABILITY"", ""outcome_reason"": ""unsupported_source"", ""response_text"": ""No mode-consistent published topology is available for the requested transport mode."", ""slots"": {""transport_mode"": ""metro""}, ""status"": ""unavailable""}"
HI200_154,मेट्रो से बस में कहाँ बदलना होता है?,interchange_transfer,GET_INTERCHANGE_DETAILS,mode_pair_no_station,Recognize requested mode pair and ask location/scope or explain transfer source limit.,200,interchange_transfer,GET_INTERCHANGE_DETAILS,unavailable,unsupported_source,The snapshot has no confirmed interchange records.,1390.47,"{""candidate_entities"": [], ""candidate_intents"": [""interchange_transfer""], ""clarification_reason"": null, ""data"": {""reason"": ""confirmed_interchanges_absent""}, ""intent"": ""interchange_transfer"", ""missing_slots"": [], ""operation"": ""GET_INTERCHANGE_DETAILS"", ""outcome_reason"": ""unsupported_source"", ""response_text"": ""The snapshot has no confirmed interchange records."", ""slots"": {}, ""status"": ""unavailable""}"
HI200_155,यहाँ गाड़ी बदलने की सुविधा कहाँ है?,interchange_transfer,,missing_location_modes,Ask station or both modes; do not guess referent.,200,station_facilities,GET_STATION_FACILITY,unavailable,unsupported_source,Facility availability is not verified in this snapshot.,1387.88,"{""candidate_entities"": [], ""candidate_intents"": [""station_facilities""], ""clarification_reason"": null, ""data"": {""reason"": ""facility_verification_absent""}, ""intent"": ""station_facilities"", ""missing_slots"": [], ""operation"": ""GET_STATION_FACILITY"", ""outcome_reason"": ""unsupported_source"", ""response_text"": ""Facility availability is not verified in this snapshot."", ""slots"": {}, ""status"": ""unavailable""}"
HI200_156,"आलंदूर में लाइन बदलने का तरीका चाहिए, वहाँ की पार्किंग नहीं।",interchange_transfer,GET_INTERCHANGE_DETAILS,negated_facility,Answer interchange goal only; negated parking is not another question.,200,,,clarification,intent_ambiguity,Please clarify which transport question you mean.,1382.64,"{""candidate_entities"": [], ""candidate_intents"": [""station_facilities""], ""clarification_reason"": ""intent_ambiguity"", ""data"": {""reason"": ""negated_selected_goal""}, ""intent"": null, ""missing_slots"": [], ""operation"": null, ""outcome_reason"": ""intent_ambiguity"", ""response_text"": ""Please clarify which transport question you mean."", ""slots"": {}, ""status"": ""clarification""}"
HI200_157,मरीना बीच के सबसे पास का बस स्टॉप कौन सा पड़ेगा?,nearest_transport,FIND_NEAREST_STATION,native_landmark,Find nearest bus stop using source coordinates and label straight-line distance; do not claim walkable route.,200,nearest_transport,FIND_NEAREST_STATION,ok,answered,Nearest by straight line: Kannagi Statue Or Presidency College (277 m). Nearest by straight-line distance only; walking access is not verified.,1395.46,"{""candidate_entities"": [], ""candidate_intents"": [""nearest_transport""], ""clarification_reason"": null, ""data"": {""anchor"": ""OSM_POI_12137617372"", ""anchor_name"": ""Marina Beach,Chennai"", ""distance_type"": ""straight_line"", ""provisional"": true, ""stops"": [{""distance_m"": 277, ""mode"": ""bus"", ""name"": ""Kannagi Statue Or Presidency College"", ""source"": ""CHENNAI_COMMUNITY_GTFS"", ""stop_id"": ""BUS_5918""}, {""distance_m"": 282, ""mode"": ""bus"", ""name"": ""Kannagi Statue Shelter 1"", ""source"": ""CHENNAI_COMMUNITY_GTFS"", ""stop_id"": ""BUS_10941""}, {""distance_m"": 375, ""mode"": ""bus"", ""name"": ""Kannagi Statue"", ""source"": ""OSM_OVERPASS"", ""stop_id"": ""BUS_357233537""}, {""distance_m"": 380, ""mode"": ""bus"", ""name"": ""Kannagi Statue Or Presidency College"", ""source"": ""CHENNAI_COMMUNITY_GTFS"", ""stop_id"": ""BUS_5923""}, {""distance_m"": 381, ""mode"": ""bus"", ""name"": ""Vivekananda House"", ""source"": ""CHENNAI_COMMUNITY_GTFS"", ""stop_id"": ""BUS_5922""}]}, ""intent"": ""nearest_transport"", ""missing_slots"": [], ""operation"": ""FIND_NEAREST_STATION"", ""outcome_reason"": ""answered"", ""response_text"": ""Nearest by straight line: Kannagi Statue Or Presidency College (277 m). Nearest by straight-line distance only; walking access is not verified."", ""slots"": {""landmark"": ""OSM_POI_12137617372"", ""transport_mode"": ""bus""}, ""status"": ""ok""}"
HI200_158,आईआईटी मद्रास से नज़दीकी मेट्रो स्टेशन बताइए।,nearest_transport,FIND_NEAREST_STATION,native_landmark,Recognize nearest metro to IIT Madras; clarify unresolved landmark or use coordinate evidence.,200,nearest_transport,FIND_NEAREST_STATION,clarification,missing_execution_slot,Please provide a nearby landmark or locality.,705.51,"{""candidate_entities"": [], ""candidate_intents"": [""nearest_transport""], ""clarification_reason"": ""missing_slot"", ""data"": {}, ""intent"": ""nearest_transport"", ""missing_slots"": [""landmark_or_locality""], ""operation"": ""FIND_NEAREST_STATION"", ""outcome_reason"": ""missing_execution_slot"", ""response_text"": ""Please provide a nearby landmark or locality."", ""slots"": {""transport_mode"": ""metro""}, ""status"": ""clarification""}"
HI200_159,अन्ना नगर इलाके के पास सबसे निकट रेल स्टेशन कौन सा है?,nearest_transport,FIND_NEAREST_STATION,native_locality,Use locality as spatial reference and requested rail mode; no invented precise proximity.,200,nearest_transport,FIND_NEAREST_STATION,clarification,missing_execution_slot,Please provide a nearby landmark or locality.,60.41,"{""candidate_entities"": [], ""candidate_intents"": [""nearest_transport""], ""clarification_reason"": ""missing_slot"", ""data"": {}, ""intent"": ""nearest_transport"", ""missing_slots"": [""landmark_or_locality""], ""operation"": ""FIND_NEAREST_STATION"", ""outcome_reason"": ""missing_execution_slot"", ""response_text"": ""Please provide a nearby landmark or locality."", ""slots"": {}, ""status"": ""clarification""}"
HI200_160,अपोलो अस्पताल ग्रीम्स रोड के आसपास सबसे पास वाली बस पकड़ने की जगह बताओ।,nearest_transport,FIND_NEAREST_STATION,landmark_colloquial,Recognize nearest bus stop to full hospital landmark; do not substitute journey planning.,200,nearest_transport,FIND_NEAREST_STATION,clarification,missing_execution_slot,Please provide a nearby landmark or locality.,34.48,"{""candidate_entities"": [], ""candidate_intents"": [""nearest_transport""], ""clarification_reason"": ""missing_slot"", ""data"": {}, ""intent"": ""nearest_transport"", ""missing_slots"": [""landmark_or_locality""], ""operation"": ""FIND_NEAREST_STATION"", ""outcome_reason"": ""missing_execution_slot"", ""response_text"": ""Please provide a nearby landmark or locality."", ""slots"": {""transport_mode"": ""bus""}, ""status"": ""clarification""}"
HI200_161,अडयार में निकटतम सार्वजनिक परिवहन स्टेशन ढूँढ़ दीजिए।,nearest_transport,FIND_NEAREST_STATION,any_mode,Recognize locality-relative nearest transport; clarify unresolved locality or return verified coordinates.,200,nearest_transport,FIND_NEAREST_STATION,clarification,missing_execution_slot,Please provide a nearby landmark or locality.,35.67,"{""candidate_entities"": [], ""candidate_intents"": [""nearest_transport""], ""clarification_reason"": ""missing_slot"", ""data"": {}, ""intent"": ""nearest_transport"", ""missing_slots"": [""landmark_or_locality""], ""operation"": ""FIND_NEAREST_STATION"", ""outcome_reason"": ""missing_execution_slot"", ""response_text"": ""Please provide a nearby landmark or locality."", ""slots"": {}, ""status"": ""clarification""}"
HI200_162,चेपॉक स्टेडियम के नज़दीक कौन सा एमआरटीएस स्टेशन है?,nearest_transport,FIND_NEAREST_STATION,native_landmark_mode,Preserve MRTS mode in nearest lookup.,200,nearest_transport,FIND_NEAREST_STATION,clarification,missing_execution_slot,Please provide a nearby landmark or locality.,1349.46,"{""candidate_entities"": [], ""candidate_intents"": [""nearest_transport""], ""clarification_reason"": ""missing_slot"", ""data"": {}, ""intent"": ""nearest_transport"", ""missing_slots"": [""landmark_or_locality""], ""operation"": ""FIND_NEAREST_STATION"", ""outcome_reason"": ""missing_execution_slot"", ""response_text"": ""Please provide a nearby landmark or locality."", ""slots"": {""transport_mode"": ""mrts""}, ""status"": ""clarification""}"
HI200_163,फीनिक्स मार्केटसिटी के पास उतरने के लिए सबसे निकट बस स्टॉप क्या है?,nearest_transport,FIND_NEAREST_STATION,landmark,Nearest bus stop goal; use recognized landmark coordinates or ask clarification.,200,nearest_transport,FIND_NEAREST_STATION,clarification,missing_execution_slot,Please provide a nearby landmark or locality.,1341.7,"{""candidate_entities"": [], ""candidate_intents"": [""nearest_transport""], ""clarification_reason"": ""missing_slot"", ""data"": {}, ""intent"": ""nearest_transport"", ""missing_slots"": [""landmark_or_locality""], ""operation"": ""FIND_NEAREST_STATION"", ""outcome_reason"": ""missing_execution_slot"", ""response_text"": ""Please provide a nearby landmark or locality."", ""slots"": {""transport_mode"": ""bus""}, ""status"": ""clarification""}"
HI200_164,वेलाचेरी इलाके में सबसे पास का मेट्रो ठहराव बताओ।,nearest_transport,FIND_NEAREST_STATION,locality_mode,Nearest metro relative to Velachery locality; no assumption that a local metro station exists.,200,nearest_transport,FIND_NEAREST_STATION,clarification,missing_execution_slot,Please provide a nearby landmark or locality.,1373.25,"{""candidate_entities"": [], ""candidate_intents"": [""nearest_transport""], ""clarification_reason"": ""missing_slot"", ""data"": {}, ""intent"": ""nearest_transport"", ""missing_slots"": [""landmark_or_locality""], ""operation"": ""FIND_NEAREST_STATION"", ""outcome_reason"": ""missing_execution_slot"", ""response_text"": ""Please provide a nearby landmark or locality."", ""slots"": {""transport_mode"": ""metro""}, ""status"": ""clarification""}"
HI200_165,मरीना बीच से सबसे नज़दीकी उपनगरीय रेल स्टेशन कितना दूर है?,nearest_transport,FIND_NEAREST_STATION,nearest_distance,"Return nearest coordinate distance with straight-line qualification, no fabricated walking distance.",200,nearest_transport,FIND_NEAREST_STATION,ok,answered,Nearest by straight line: Thiruvallikeni (409 m). Nearest by straight-line distance only; walking access is not verified.,1392.49,"{""candidate_entities"": [], ""candidate_intents"": [""nearest_transport""], ""clarification_reason"": null, ""data"": {""anchor"": ""OSM_POI_12137617372"", ""anchor_name"": ""Marina Beach,Chennai"", ""distance_type"": ""straight_line"", ""provisional"": true, ""stops"": [{""distance_m"": 409, ""mode"": ""suburban_rail"", ""name"": ""Thiruvallikeni"", ""source"": ""OSM_OVERPASS"", ""stop_id"": ""RAIL_THIRUVALLIKENI""}, {""distance_m"": 1112, ""mode"": ""suburban_rail"", ""name"": ""Light House"", ""source"": ""OSM_OVERPASS"", ""stop_id"": ""RAIL_LIGHT_HOUSE""}, {""distance_m"": 2033, ""mode"": ""suburban_rail"", ""name"": ""Mundakakanni Amman Koil"", ""source"": ""OSM_OVERPASS"", ""stop_id"": ""RAIL_MUNDAKAKANNI_AMMAN_KOIL""}, {""distance_m"": 2489, ""mode"": ""suburban_rail"", ""name"": ""Chintadaripet"", ""source"": ""OSM_OVERPASS"", ""stop_id"": ""RAIL_CHINTADARIPET""}, {""distance_m"": 2635, ""mode"": ""suburban_rail"", ""name"": ""Thirumayilai"", ""source"": ""OSM_OVERPASS"", ""stop_id"": ""RAIL_THIRUMAYILAI""}]}, ""intent"": ""nearest_transport"", ""missing_slots"": [], ""operation"": ""FIND_NEAREST_STATION"", ""outcome_reason"": ""answered"", ""response_text"": ""Nearest by straight line: Thiruvallikeni (409 m). Nearest by straight-line distance only; walking access is not verified."", ""slots"": {""landmark"": ""OSM_POI_12137617372"", ""transport_mode"": ""suburban_rail""}, ""status"": ""ok""}"
HI200_166,"पास का बस स्टॉप बता दो, जगह अभी नहीं लिखी है।",nearest_transport,,missing_reference,Ask nearby landmark or locality; do not assume user GPS location.,200,route_stop_sequence,LIST_ROUTE_STOPS,clarification,missing_execution_slot,Please provide the route number or line name.,1393.21,"{""candidate_entities"": [], ""candidate_intents"": [""route_stop_sequence""], ""clarification_reason"": ""missing_slot"", ""data"": {}, ""intent"": ""route_stop_sequence"", ""missing_slots"": [""route_number_or_line_name""], ""operation"": ""LIST_ROUTE_STOPS"", ""outcome_reason"": ""missing_execution_slot"", ""response_text"": ""Please provide the route number or line name."", ""slots"": {""transport_mode"": ""bus""}, ""status"": ""clarification""}"
HI200_167,मरीना बीच का सबसे पास मेट्रो स्टेशन चाहिए; वहाँ पहुँचने का रास्ता नहीं पूछ रहा।,nearest_transport,FIND_NEAREST_STATION,negated_route,Nearest only; negated route request must not create multiple goals.,200,nearest_transport,FIND_NEAREST_STATION,ok,answered,Nearest by straight line: Lighthouse Metro (1121 m). Nearest by straight-line distance only; walking access is not verified.,1376.72,"{""candidate_entities"": [], ""candidate_intents"": [""nearest_transport""], ""clarification_reason"": null, ""data"": {""anchor"": ""OSM_POI_12137617372"", ""anchor_name"": ""Marina Beach,Chennai"", ""distance_type"": ""straight_line"", ""provisional"": true, ""stops"": [{""distance_m"": 1121, ""mode"": ""metro"", ""name"": ""Lighthouse Metro"", ""source"": ""OSM_OVERPASS"", ""stop_id"": ""METRO_LIGHTHOUSE""}, {""distance_m"": 2072, ""mode"": ""metro"", ""name"": ""Royapettah Metro"", ""source"": ""OSM_OVERPASS"", ""stop_id"": ""METRO_ROYAPETTAH""}, {""distance_m"": 2131, ""mode"": ""metro"", ""name"": ""அரசினர் தோட்டம்"", ""source"": ""OSM_OVERPASS"", ""stop_id"": ""METRO_OSM_RAIL_603015278""}, {""distance_m"": 2253, ""mode"": ""metro"", ""name"": ""எல் ஐ சி"", ""source"": ""OSM_OVERPASS"", ""stop_id"": ""METRO_OSM_RAIL_5337407350""}, {""distance_m"": 2287, ""mode"": ""metro"", ""name"": ""Government Estate"", ""source"": ""CMRL_API"", ""stop_id"": ""METRO_GOVERNMENT_ESTATE""}]}, ""intent"": ""nearest_transport"", ""missing_slots"": [], ""operation"": ""FIND_NEAREST_STATION"", ""outcome_reason"": ""answered"", ""response_text"": ""Nearest by straight line: Lighthouse Metro (1121 m). Nearest by straight-line distance only; walking access is not verified."", ""slots"": {""landmark"": ""OSM_POI_12137617372"", ""transport_mode"": ""metro""}, ""status"": ""ok""}"
HI200_168,"गिंडी इलाके के आसपास निकटतम स्टेशन, कृपया... मेट्रो वाला।",nearest_transport,FIND_NEAREST_STATION,punctuation_colloquial,Use Guindy locality for nearest metro request despite punctuation.,200,nearest_transport,,clarification,entity_ambiguity,Please clarify which stop or location you mean.,1368.65,"{""candidate_entities"": [""BUS_1007625852"", ""BUS_10167"", ""BUS_11200"", ""BUS_11203"", ""BUS_2241055785"", ""BUS_256039818"", ""BUS_3264712327"", ""BUS_3264712469"", ""BUS_5631301427"", ""BUS_CMRL_22"", ""HUB_GUINDY"", ""METRO_GUINDY"", ""RAIL_GUINDY""], ""candidate_intents"": [""nearest_transport""], ""clarification_reason"": ""entity_ambiguity"", ""data"": {}, ""intent"": ""nearest_transport"", ""missing_slots"": [], ""operation"": null, ""outcome_reason"": ""entity_ambiguity"", ""response_text"": ""Please clarify which stop or location you mean."", ""slots"": {""transport_mode"": ""metro""}, ""status"": ""clarification""}"
HI200_169,"२१जी बस इस वक्त कहाँ पहुँची है, उसकी जीपीएस स्थिति दिखाओ।",realtime_status_query,REJECT_UNSUPPORTED_REALTIME,live_gps,Recognize realtime goal and explicitly refuse absent live feed; no guessed vehicle position.,200,realtime_status_query,REJECT_UNSUPPORTED_REALTIME,unavailable,external_source_required,Live transport status is unavailable; please verify with the operator.,1350.73,"{""candidate_entities"": [], ""candidate_intents"": [""realtime_status_query""], ""clarification_reason"": null, ""data"": {}, ""intent"": ""realtime_status_query"", ""missing_slots"": [], ""operation"": ""REJECT_UNSUPPORTED_REALTIME"", ""outcome_reason"": ""external_source_required"", ""response_text"": ""Live transport status is unavailable; please verify with the operator."", ""slots"": {}, ""status"": ""unavailable""}"
HI200_170,गिंडी मेट्रो अभी कितनी देरी से चल रही है?,realtime_status_query,REJECT_UNSUPPORTED_REALTIME,live_delay,Realtime delay family; explain missing external source without claiming on-time status.,200,first_and_last_service,GET_FIRST_LAST_SERVICE,unavailable,unsupported_source,No mode-consistent published schedule is available for the requested transport mode.,1651.61,"{""candidate_entities"": [], ""candidate_intents"": [""first_and_last_service""], ""clarification_reason"": null, ""data"": {""reason"": ""published_mode_schedule_absent"", ""transport_mode"": ""metro""}, ""intent"": ""first_and_last_service"", ""missing_slots"": [], ""operation"": ""GET_FIRST_LAST_SERVICE"", ""outcome_reason"": ""unsupported_source"", ""response_text"": ""No mode-consistent published schedule is available for the requested transport mode."", ""slots"": {""station"": ""METRO_GUINDY"", ""transport_mode"": ""metro""}, ""status"": ""unavailable""}"
HI200_171,सेंट्रल मेट्रो में अभी यात्रियों की भीड़ कितनी है?,realtime_status_query,REJECT_UNSUPPORTED_REALTIME,live_crowd,Recognize current crowd density and refuse unavailable live information.,200,service_frequency,GET_SERVICE_FREQUENCY,unavailable,unsupported_source,No mode-consistent published schedule is available for the requested transport mode.,1679.8,"{""candidate_entities"": [], ""candidate_intents"": [""service_frequency""], ""clarification_reason"": null, ""data"": {""reason"": ""published_mode_schedule_absent"", ""transport_mode"": ""metro""}, ""intent"": ""service_frequency"", ""missing_slots"": [], ""operation"": ""GET_SERVICE_FREQUENCY"", ""outcome_reason"": ""unsupported_source"", ""response_text"": ""No mode-consistent published schedule is available for the requested transport mode."", ""slots"": {""station"": ""RAIL_CHENNAI_CENTRAL"", ""transport_mode"": ""metro""}, ""status"": ""unavailable""}"
HI200_172,ताम्बरम से चेन्नई बीच वाली लोकल ट्रेन इस समय कहाँ रुकी है?,realtime_status_query,REJECT_UNSUPPORTED_REALTIME,live_location,Recognize realtime vehicle position rather than published schedule.,200,interchange_transfer,GET_INTERCHANGE_DETAILS,unavailable,unsupported_source,The snapshot has no confirmed interchange records.,1372.93,"{""candidate_entities"": [], ""candidate_intents"": [""interchange_transfer""], ""clarification_reason"": null, ""data"": {""reason"": ""confirmed_interchanges_absent""}, ""intent"": ""interchange_transfer"", ""missing_slots"": [], ""operation"": ""GET_INTERCHANGE_DETAILS"", ""outcome_reason"": ""unsupported_source"", ""response_text"": ""The snapshot has no confirmed interchange records."", ""slots"": {}, ""status"": ""unavailable""}"
HI200_173,हवाई अड्डा मेट्रो की सेवा अभी बंद पड़ी है या सामान्य चल रही है?,realtime_status_query,REJECT_UNSUPPORTED_REALTIME,live_disruption,Recognize current disruption/running status; static connectivity is insufficient.,200,mode_availability,CHECK_SERVICE_AVAILABILITY,unavailable,unsupported_source,No mode-consistent published topology is available for the requested transport mode.,1372.94,"{""candidate_entities"": [], ""candidate_intents"": [""mode_availability""], ""clarification_reason"": null, ""data"": {""reason"": ""published_mode_topology_absent"", ""transport_mode"": ""metro""}, ""intent"": ""mode_availability"", ""missing_slots"": [], ""operation"": ""CHECK_SERVICE_AVAILABILITY"", ""outcome_reason"": ""unsupported_source"", ""response_text"": ""No mode-consistent published topology is available for the requested transport mode."", ""slots"": {""transport_mode"": ""metro""}, ""status"": ""unavailable""}"
HI200_174,"बस ५७० का अभी अगला आगमन कितने मिनट में होगा, लाइव बताइए।",realtime_status_query,REJECT_UNSUPPORTED_REALTIME,live_eta,Refuse unavailable live ETA without presenting scheduled time as actual arrival.,200,realtime_status_query,REJECT_UNSUPPORTED_REALTIME,unavailable,external_source_required,Live transport status is unavailable; please verify with the operator.,1357.38,"{""candidate_entities"": [], ""candidate_intents"": [""realtime_status_query""], ""clarification_reason"": null, ""data"": {}, ""intent"": ""realtime_status_query"", ""missing_slots"": [], ""operation"": ""REJECT_UNSUPPORTED_REALTIME"", ""outcome_reason"": ""external_source_required"", ""response_text"": ""Live transport status is unavailable; please verify with the operator."", ""slots"": {}, ""status"": ""unavailable""}"
HI200_175,नीली लाइन पर अभी कोई दुर्घटना से रुकावट है क्या?,realtime_status_query,REJECT_UNSUPPORTED_REALTIME,live_incident,"Recognize live incident status, disclose lack of live operator feed.",200,interchange_transfer,GET_INTERCHANGE_DETAILS,unavailable,unsupported_source,The snapshot has no confirmed interchange records.,1374.31,"{""candidate_entities"": [], ""candidate_intents"": [""interchange_transfer""], ""clarification_reason"": null, ""data"": {""reason"": ""confirmed_interchanges_absent""}, ""intent"": ""interchange_transfer"", ""missing_slots"": [], ""operation"": ""GET_INTERCHANGE_DETAILS"", ""outcome_reason"": ""unsupported_source"", ""response_text"": ""The snapshot has no confirmed interchange records."", ""slots"": {}, ""status"": ""unavailable""}"
HI200_176,वडपलनी मेट्रो की लिफ्ट आज अभी काम कर रही है?,realtime_status_query,REJECT_UNSUPPORTED_REALTIME,live_accessibility,"Live equipment operation is realtime, not static lift availability; no operational assurance.",200,station_accessibility,GET_ACCESSIBILITY_INFO,unavailable,unsupported_source,The snapshot contains no verified accessibility feature values.,1406.67,"{""candidate_entities"": [], ""candidate_intents"": [""station_accessibility""], ""clarification_reason"": null, ""data"": {""reason"": ""accessibility_values_absent""}, ""intent"": ""station_accessibility"", ""missing_slots"": [], ""operation"": ""GET_ACCESSIBILITY_INFO"", ""outcome_reason"": ""unsupported_source"", ""response_text"": ""The snapshot contains no verified accessibility feature values."", ""slots"": {}, ""status"": ""unavailable""}"
HI200_177,"मेट्रो की इस समय की असली देरी चाहिए, समय-सारणी वाली नहीं।",realtime_status_query,REJECT_UNSUPPORTED_REALTIME,negated_schedule,Realtime only; negated timetable is not a second goal.,200,scheduled_departure,GET_SCHEDULED_DEPARTURES,unavailable,unsupported_source,No mode-consistent published schedule is available for the requested transport mode.,1658.7,"{""candidate_entities"": [], ""candidate_intents"": [""scheduled_departure""], ""clarification_reason"": null, ""data"": {""reason"": ""published_mode_schedule_absent"", ""transport_mode"": ""metro""}, ""intent"": ""scheduled_departure"", ""missing_slots"": [], ""operation"": ""GET_SCHEDULED_DEPARTURES"", ""outcome_reason"": ""unsupported_source"", ""response_text"": ""No mode-consistent published schedule is available for the requested transport mode."", ""slots"": {""transport_mode"": ""metro""}, ""status"": ""unavailable""}"
HI200_178,चेन्नई बीच से एमआरटीएस ट्रेन अभी निकल चुकी है या नहीं?,realtime_status_query,REJECT_UNSUPPORTED_REALTIME,live_departure,Recognize actual present departure state and refuse unsupported live status.,200,first_and_last_service,,clarification,multiple_goals,"Please ask about one route, stop, fare stage or time at a time.",1349.11,"{""candidate_entities"": [], ""candidate_intents"": [""first_and_last_service""], ""clarification_reason"": ""multiple_goals"", ""data"": {}, ""intent"": ""first_and_last_service"", ""missing_slots"": [], ""operation"": null, ""outcome_reason"": ""multiple_goals"", ""response_text"": ""Please ask about one route, stop, fare stage or time at a time."", ""slots"": {}, ""status"": ""clarification""}"
HI200_179,२७डी बस में अभी सीट खाली मिलेगी? बस की मौजूदा भीड़ पूछ रहा हूँ।,realtime_status_query,REJECT_UNSUPPORTED_REALTIME,live_capacity,Recognize vehicle realtime capacity/crowding and no guessed seats.,200,ticketing_and_passes,GET_TICKETING_POLICY,unavailable,unsupported_source,This snapshot contains no authoritative ticket or pass policy table.,1359.56,"{""candidate_entities"": [], ""candidate_intents"": [""ticketing_and_passes""], ""clarification_reason"": null, ""data"": {""reason"": ""ticket_policy_absent""}, ""intent"": ""ticketing_and_passes"", ""missing_slots"": [], ""operation"": ""GET_TICKETING_POLICY"", ""outcome_reason"": ""unsupported_source"", ""response_text"": ""This snapshot contains no authoritative ticket or pass policy table."", ""slots"": {}, ""status"": ""unavailable""}"
HI200_180,"आलंदूर में अभी मेट्रो प्लेटफॉर्म बंद है क्या, तुरंत की स्थिति बताओ।",realtime_status_query,REJECT_UNSUPPORTED_REALTIME,live_platform,"Realtime disruption question; disclose external-source need, not facilities fact.",200,interchange_transfer,GET_INTERCHANGE_DETAILS,unavailable,unsupported_source,The snapshot has no confirmed interchange records.,1412.36,"{""candidate_entities"": [], ""candidate_intents"": [""interchange_transfer""], ""clarification_reason"": null, ""data"": {""reason"": ""confirmed_interchanges_absent""}, ""intent"": ""interchange_transfer"", ""missing_slots"": [], ""operation"": ""GET_INTERCHANGE_DETAILS"", ""outcome_reason"": ""unsupported_source"", ""response_text"": ""The snapshot has no confirmed interchange records."", ""slots"": {}, ""status"": ""unavailable""}"
HI200_181,"चेन्नई में कल बारिश होगी क्या, मौसम बताइए।",out_of_scope,REJECT_OUT_OF_SCOPE,weather,Reject weather as outside Chennai public-transport assistant scope.,200,first_and_last_service,,clarification,temporal_ambiguity,Please clarify the time or day you mean.,1351.3,"{""candidate_entities"": [], ""candidate_intents"": [""first_and_last_service""], ""clarification_reason"": ""temporal_ambiguity"", ""data"": {}, ""intent"": ""first_and_last_service"", ""missing_slots"": [], ""operation"": null, ""outcome_reason"": ""temporal_ambiguity"", ""response_text"": ""Please clarify the time or day you mean."", ""slots"": {""temporal_relative"": ""कल""}, ""status"": ""clarification""}"
HI200_182,हवाई अड्डे के लिए मेरे नाम से टैक्सी बुक कर दो।,out_of_scope,REJECT_OUT_OF_SCOPE,cab_transaction,Reject ride-hailing booking; do not claim booking performed.,200,out_of_scope,REJECT_OUT_OF_SCOPE,out_of_scope,out_of_scope,I can help with Chennai public transport questions.,1386.28,"{""candidate_entities"": [], ""candidate_intents"": [""out_of_scope""], ""clarification_reason"": null, ""data"": {}, ""intent"": ""out_of_scope"", ""missing_slots"": [], ""operation"": ""REJECT_OUT_OF_SCOPE"", ""outcome_reason"": ""out_of_scope"", ""response_text"": ""I can help with Chennai public transport questions."", ""slots"": {}, ""status"": ""out_of_scope""}"
HI200_183,मुझे एग्मोर के पास अच्छा होटल आरक्षित करके दे दो।,out_of_scope,REJECT_OUT_OF_SCOPE,hotel_transaction,"Reject hotel booking, with no fabricated reservation.",200,out_of_scope,REJECT_OUT_OF_SCOPE,out_of_scope,out_of_scope,I can help with Chennai public transport questions.,1328.45,"{""candidate_entities"": [], ""candidate_intents"": [""out_of_scope""], ""clarification_reason"": null, ""data"": {}, ""intent"": ""out_of_scope"", ""missing_slots"": [], ""operation"": ""REJECT_OUT_OF_SCOPE"", ""outcome_reason"": ""out_of_scope"", ""response_text"": ""I can help with Chennai public transport questions."", ""slots"": {}, ""status"": ""out_of_scope""}"
HI200_184,चेन्नई से दिल्ली की उड़ान का टिकट खरीदो।,out_of_scope,REJECT_OUT_OF_SCOPE,flight_transaction,Reject flight purchase and intercity flight scope.,200,ticketing_and_passes,GET_TICKETING_POLICY,unavailable,unsupported_source,This snapshot contains no authoritative ticket or pass policy table.,1385.21,"{""candidate_entities"": [], ""candidate_intents"": [""ticketing_and_passes""], ""clarification_reason"": null, ""data"": {""reason"": ""ticket_policy_absent""}, ""intent"": ""ticketing_and_passes"", ""missing_slots"": [], ""operation"": ""GET_TICKETING_POLICY"", ""outcome_reason"": ""unsupported_source"", ""response_text"": ""This snapshot contains no authoritative ticket or pass policy table."", ""slots"": {}, ""status"": ""unavailable""}"
HI200_185,बैंगलुरु जाने वाली लंबी दूरी की ट्रेन में सीट आरक्षित करो।,out_of_scope,REJECT_OUT_OF_SCOPE,intercity_transaction,Reject intercity reservation request; no booking performed.,200,ticketing_and_passes,GET_TICKETING_POLICY,unavailable,unsupported_source,This snapshot contains no authoritative ticket or pass policy table.,1381.81,"{""candidate_entities"": [], ""candidate_intents"": [""ticketing_and_passes""], ""clarification_reason"": null, ""data"": {""reason"": ""ticket_policy_absent""}, ""intent"": ""ticketing_and_passes"", ""missing_slots"": [], ""operation"": ""GET_TICKETING_POLICY"", ""outcome_reason"": ""unsupported_source"", ""response_text"": ""This snapshot contains no authoritative ticket or pass policy table."", ""slots"": {}, ""status"": ""unavailable""}"
HI200_186,मेरे लिए सेंट्रल मेट्रो के दो टिकट अभी खरीदकर भुगतान कर दो।,out_of_scope,REJECT_OUT_OF_SCOPE,transit_purchase,Transactional ticket purchase is outside supported informational ticketing; do not claim payment.,200,ticketing_and_passes,GET_TICKETING_POLICY,unavailable,unsupported_source,This snapshot contains no authoritative ticket or pass policy table.,1377.95,"{""candidate_entities"": [], ""candidate_intents"": [""ticketing_and_passes""], ""clarification_reason"": null, ""data"": {""reason"": ""ticket_policy_absent""}, ""intent"": ""ticketing_and_passes"", ""missing_slots"": [], ""operation"": ""GET_TICKETING_POLICY"", ""outcome_reason"": ""unsupported_source"", ""response_text"": ""This snapshot contains no authoritative ticket or pass policy table."", ""slots"": {}, ""status"": ""unavailable""}"
HI200_187,"घर का बिजली बिल कितना बाकी है, जाँच दो।",out_of_scope,REJECT_OUT_OF_SCOPE,unrelated_account,Reject unrelated utility-account request.,200,fare_calculation,CALCULATE_FARE,clarification,missing_execution_slot,"Please provide a fare stage number, or the starting and destination stops.",1366.49,"{""candidate_entities"": [], ""candidate_intents"": [""fare_calculation""], ""clarification_reason"": ""missing_slot"", ""data"": {}, ""intent"": ""fare_calculation"", ""missing_slots"": [""origin_or_stage_number"", ""destination_or_stage_number""], ""operation"": ""CALCULATE_FARE"", ""outcome_reason"": ""missing_execution_slot"", ""response_text"": ""Please provide a fare stage number, or the starting and destination stops."", ""slots"": {}, ""status"": ""clarification""}"
HI200_188,चेन्नई की सबसे स्वादिष्ट बिरयानी कहाँ मिलेगी?,out_of_scope,REJECT_OUT_OF_SCOPE,food,Reject restaurant/food recommendation as outside transit scope.,200,out_of_scope,REJECT_OUT_OF_SCOPE,out_of_scope,out_of_scope,I can help with Chennai public transport questions.,1359.59,"{""candidate_entities"": [], ""candidate_intents"": [""out_of_scope""], ""clarification_reason"": null, ""data"": {}, ""intent"": ""out_of_scope"", ""missing_slots"": [], ""operation"": ""REJECT_OUT_OF_SCOPE"", ""outcome_reason"": ""out_of_scope"", ""response_text"": ""I can help with Chennai public transport questions."", ""slots"": {}, ""status"": ""out_of_scope""}"
HI200_189,मेरी मोबाइल लोकेशन से पता करो मैं अभी कहाँ हूँ।,out_of_scope,REJECT_OUT_OF_SCOPE,device_location,Do not imply GPS/device access; reject outside scope.,200,realtime_status_query,REJECT_UNSUPPORTED_REALTIME,unavailable,external_source_required,Live transport status is unavailable; please verify with the operator.,1382.79,"{""candidate_entities"": [], ""candidate_intents"": [""realtime_status_query""], ""clarification_reason"": null, ""data"": {}, ""intent"": ""realtime_status_query"", ""missing_slots"": [], ""operation"": ""REJECT_UNSUPPORTED_REALTIME"", ""outcome_reason"": ""external_source_required"", ""response_text"": ""Live transport status is unavailable; please verify with the operator."", ""slots"": {}, ""status"": ""unavailable""}"
HI200_190,"मेट्रो विषय छोड़ो, मुझे गणित का सवाल हल करके दो: सात गुणा आठ कितना?",out_of_scope,REJECT_OUT_OF_SCOPE,explicit_scope_shift,Reject unrelated arithmetic despite transport keyword; no transit intent selected.,200,ticketing_and_passes,GET_TICKETING_POLICY,unavailable,unsupported_source,This snapshot contains no authoritative ticket or pass policy table.,1359.91,"{""candidate_entities"": [], ""candidate_intents"": [""ticketing_and_passes""], ""clarification_reason"": null, ""data"": {""reason"": ""ticket_policy_absent""}, ""intent"": ""ticketing_and_passes"", ""missing_slots"": [], ""operation"": ""GET_TICKETING_POLICY"", ""outcome_reason"": ""unsupported_source"", ""response_text"": ""This snapshot contains no authoritative ticket or pass policy table."", ""slots"": {}, ""status"": ""unavailable""}"
HI200_191,मेरे स्मार्ट कार्ड से बैंक खाते में पैसे भेज दो।,out_of_scope,REJECT_OUT_OF_SCOPE,money_transaction,Reject financial transaction rather than give unsupported card transfer policy.,200,ticketing_and_passes,GET_TICKETING_POLICY,unavailable,unsupported_source,This snapshot contains no authoritative ticket or pass policy table.,1348.79,"{""candidate_entities"": [], ""candidate_intents"": [""ticketing_and_passes""], ""clarification_reason"": null, ""data"": {""reason"": ""ticket_policy_absent""}, ""intent"": ""ticketing_and_passes"", ""missing_slots"": [], ""operation"": ""GET_TICKETING_POLICY"", ""outcome_reason"": ""unsupported_source"", ""response_text"": ""This snapshot contains no authoritative ticket or pass policy table."", ""slots"": {}, ""status"": ""unavailable""}"
HI200_192,नमस्ते! आज का राशिफल सुनाओ।,out_of_scope,REJECT_OUT_OF_SCOPE,smalltalk_plus_oos,Reject horoscope request politely; no transport facts invented.,200,realtime_status_query,REJECT_UNSUPPORTED_REALTIME,unavailable,external_source_required,Live transport status is unavailable; please verify with the operator.,1350.79,"{""candidate_entities"": [], ""candidate_intents"": [""realtime_status_query""], ""clarification_reason"": null, ""data"": {}, ""intent"": ""realtime_status_query"", ""missing_slots"": [], ""operation"": ""REJECT_UNSUPPORTED_REALTIME"", ""outcome_reason"": ""external_source_required"", ""response_text"": ""Live transport status is unavailable; please verify with the operator."", ""slots"": {}, ""status"": ""unavailable""}"
HI200_193,गिंडी मेट्रो से हवाई अड्डे का किराया बताइए और पहली ट्रेन का समय भी बताइए।,,,multiple_goals,Ask which fare or first-service question to answer first; no arbitrary single operation.,200,,,clarification,multiple_goals,Please choose which transport question to answer first.,1405.01,"{""candidate_entities"": [], ""candidate_intents"": [""fare_calculation"", ""first_and_last_service""], ""clarification_reason"": ""multiple_goals"", ""data"": {}, ""intent"": null, ""missing_slots"": [], ""operation"": null, ""outcome_reason"": ""multiple_goals"", ""response_text"": ""Please choose which transport question to answer first."", ""slots"": {}, ""status"": ""clarification""}"
HI200_194,ब्रॉडवे से २१जी बस के सभी स्टॉप बताओ और अभी बस कहाँ है यह भी बताओ।,,,multiple_goals,Clarify separate stop sequence and live location goals; do not answer only one silently.,200,,,clarification,multiple_goals,Please choose which transport question to answer first.,1353.97,"{""candidate_entities"": [], ""candidate_intents"": [""route_stop_sequence"", ""realtime_status_query""], ""clarification_reason"": ""multiple_goals"", ""data"": {}, ""intent"": null, ""missing_slots"": [], ""operation"": null, ""outcome_reason"": ""multiple_goals"", ""response_text"": ""Please choose which transport question to answer first."", ""slots"": {}, ""status"": ""clarification""}"
HI200_195,"आलंदूर मेट्रो में लिफ्ट है क्या, और पार्किंग की सुविधा भी बताओ।",,,multiple_goals,Clarify separate accessibility and facility goals; do not collapse the two.,200,,,clarification,multiple_goals,Please choose which transport question to answer first.,1345.31,"{""candidate_entities"": [], ""candidate_intents"": [""station_accessibility"", ""station_facilities""], ""clarification_reason"": ""multiple_goals"", ""data"": {}, ""intent"": null, ""missing_slots"": [], ""operation"": null, ""outcome_reason"": ""multiple_goals"", ""response_text"": ""Please choose which transport question to answer first."", ""slots"": {}, ""status"": ""clarification""}"
HI200_196,मरीना बीच के पास का बस स्टॉप बताइए और सेंट्रल से वहाँ पहुँचने का रास्ता बताइए।,,,multiple_goals,Clarify nearest-stop and journey-planning goals rather than choose one arbitrarily.,200,route_stop_sequence,LIST_ROUTE_STOPS,clarification,missing_execution_slot,Please provide the route number or line name.,1391.39,"{""candidate_entities"": [], ""candidate_intents"": [""route_stop_sequence""], ""clarification_reason"": ""missing_slot"", ""data"": {}, ""intent"": ""route_stop_sequence"", ""missing_slots"": [""route_number_or_line_name""], ""operation"": ""LIST_ROUTE_STOPS"", ""outcome_reason"": ""missing_execution_slot"", ""response_text"": ""Please provide the route number or line name."", ""slots"": {""transport_mode"": ""bus""}, ""status"": ""clarification""}"
HI200_197,गिंडी मेट्रो की सुविधा?,,,intent_ambiguity,"Ask whether user means service, station amenities, accessibility, or another specific goal.",200,mode_availability,CHECK_SERVICE_AVAILABILITY,unavailable,unsupported_source,No mode-consistent published topology is available for the requested transport mode.,1069.74,"{""candidate_entities"": [], ""candidate_intents"": [""mode_availability""], ""clarification_reason"": null, ""data"": {""reason"": ""published_mode_topology_absent"", ""transport_mode"": ""metro""}, ""intent"": ""mode_availability"", ""missing_slots"": [], ""operation"": ""CHECK_SERVICE_AVAILABILITY"", ""outcome_reason"": ""unsupported_source"", ""response_text"": ""No mode-consistent published topology is available for the requested transport mode."", ""slots"": {""destination"": ""METRO_GUINDY"", ""transport_mode"": ""metro""}, ""status"": ""unavailable""}"
HI200_198,"ताम्बरम, ट्रेन, कल — बस इतनी ही जानकारी है।",,,incomplete_ambiguous,"Ask actual transport goal and day; do not fabricate a route, timetable, fare, or date.",200,first_and_last_service,,clarification,temporal_ambiguity,Please clarify the time or day you mean.,997.83,"{""candidate_entities"": [], ""candidate_intents"": [""first_and_last_service""], ""clarification_reason"": ""temporal_ambiguity"", ""data"": {}, ""intent"": ""first_and_last_service"", ""missing_slots"": [], ""operation"": null, ""outcome_reason"": ""temporal_ambiguity"", ""response_text"": ""Please clarify the time or day you mean."", ""slots"": {""temporal_relative"": ""कल"", ""transport_mode"": ""bus""}, ""status"": ""clarification""}"
HI200_199,"साधारण बस में किराया दस स्टेज का चाहिए, चार स्टेज का नहीं।",fare_calculation,CALCULATE_FARE,negated_stage,Extract only positive ten stages; negated four is not another fare scope.,200,fare_calculation,,clarification,multiple_goals,"Please ask about one route, stop, fare stage or time at a time.",1317.16,"{""candidate_entities"": [], ""candidate_intents"": [""fare_calculation""], ""clarification_reason"": ""multiple_goals"", ""data"": {}, ""intent"": ""fare_calculation"", ""missing_slots"": [], ""operation"": null, ""outcome_reason"": ""multiple_goals"", ""response_text"": ""Please ask about one route, stop, fare stage or time at a time."", ""slots"": {}, ""status"": ""clarification""}"
HI200_200,गिंडी मेट्रो की समय-सारणी रात ११:७५ के बाद बताइए।,scheduled_departure,,invalid_minute,Reject or clarify impossible minute 75; do not silently convert to another clock.,200,scheduled_departure,GET_SCHEDULED_DEPARTURES,unavailable,unsupported_source,No mode-consistent published schedule is available for the requested transport mode.,1710.45,"{""candidate_entities"": [], ""candidate_intents"": [""scheduled_departure""], ""clarification_reason"": null, ""data"": {""reason"": ""published_mode_schedule_absent"", ""transport_mode"": ""metro""}, ""intent"": ""scheduled_departure"", ""missing_slots"": [], ""operation"": ""GET_SCHEDULED_DEPARTURES"", ""outcome_reason"": ""unsupported_source"", ""response_text"": ""No mode-consistent published schedule is available for the requested transport mode."", ""slots"": {""station"": ""METRO_GUINDY"", ""transport_mode"": ""metro""}, ""status"": ""unavailable""}"
