id,query,expected_intent,expected_operation,test_type,expected_behavior,http_status,actual_intent,actual_operation,actual_status,outcome_reason,response_text,round_trip_ms,actual_json
HG200_001,Vadapalani metro se Teynampet metro pahunchne ka tareeka samjha do yaar,point_to_point_route,PLAN_ROUTE,colloquial,Preserve Vadapalani origin and Teynampet destination; return only source-backed metro journey information or a precise source limitation.,200,point_to_point_route,PLAN_ROUTE,unavailable,unsupported_source,No mode-consistent published topology is available for the requested transport mode.,1386.12,"{""candidate_entities"": [], ""candidate_intents"": [""point_to_point_route""], ""clarification_reason"": null, ""data"": {""reason"": ""published_mode_topology_absent"", ""transport_mode"": ""metro""}, ""intent"": ""point_to_point_route"", ""missing_slots"": [], ""operation"": ""PLAN_ROUTE"", ""outcome_reason"": ""unsupported_source"", ""response_text"": ""No mode-consistent published topology is available for the requested transport mode."", ""slots"": {""destination"": ""METRO_TEYNAMPET"", ""transport_mode"": ""metro""}, ""status"": ""unavailable""}"
HG200_002,"Mujhe Alandur se High Court sirf metro me jaana hai, kaise jaun?",point_to_point_route,PLAN_ROUTE,single_mode_constraint,Preserve both endpoints and metro-only constraint; do not silently substitute bus.,200,point_to_point_route,PLAN_ROUTE,unavailable,unsupported_source,No mode-consistent published topology is available for the requested transport mode.,1415.42,"{""candidate_entities"": [], ""candidate_intents"": [""point_to_point_route""], ""clarification_reason"": null, ""data"": {""reason"": ""published_mode_topology_absent"", ""transport_mode"": ""metro""}, ""intent"": ""point_to_point_route"", ""missing_slots"": [], ""operation"": ""PLAN_ROUTE"", ""outcome_reason"": ""unsupported_source"", ""response_text"": ""No mode-consistent published topology is available for the requested transport mode."", ""slots"": {""destination"": ""METRO_HIGH_COURT"", ""origin"": ""METRO_ARIGNAR_ANNA_ALANDUR"", ""transport_mode"": ""metro""}, ""status"": ""unavailable""}"
HG200_003,"Broadway se Adyar bus se kaun sa raasta pakdu, ticket rate nahi pooch raha",point_to_point_route,PLAN_ROUTE,negated_distractor,"Plan bus travel, not fare; any published directional route evidence must carry its source/provisional caveat.",200,fare_calculation,,clarification,entity_ambiguity,Please clarify which stop or location you mean.,1356.3,"{""candidate_entities"": [""BUS_2"", ""BUS_3"", ""BUS_840""], ""candidate_intents"": [""fare_calculation""], ""clarification_reason"": ""entity_ambiguity"", ""data"": {}, ""intent"": ""fare_calculation"", ""missing_slots"": [], ""operation"": null, ""outcome_reason"": ""entity_ambiguity"", ""response_text"": ""Please clarify which stop or location you mean."", ""slots"": {""destination"": ""BUS_5631301421"", ""transport_mode"": ""bus""}, ""status"": ""clarification""}"
HG200_004,"Airport metro tk jana h, starting jagah main bhool gaya likhna",point_to_point_route,PLAN_ROUTE,missing_origin,Ask for the absent origin instead of guessing the current location.,200,route_stop_sequence,LIST_ROUTE_STOPS,unavailable,unsupported_source,No mode-consistent published topology is available for the requested transport mode.,1364.66,"{""candidate_entities"": [], ""candidate_intents"": [""route_stop_sequence""], ""clarification_reason"": null, ""data"": {""reason"": ""published_mode_topology_absent"", ""transport_mode"": ""metro""}, ""intent"": ""route_stop_sequence"", ""missing_slots"": [], ""operation"": ""LIST_ROUTE_STOPS"", ""outcome_reason"": ""unsupported_source"", ""response_text"": ""No mode-consistent published topology is available for the requested transport mode."", ""slots"": {""transport_mode"": ""metro""}, ""status"": ""unavailable""}"
HG200_005,"Egmore metro se nikalunga; kidhar jana hai abhi nahi bataya, route help chahiye",point_to_point_route,PLAN_ROUTE,missing_destination,Ask for destination and preserve the supplied origin.,200,interchange_transfer,GET_INTERCHANGE_DETAILS,unavailable,unsupported_source,The snapshot has no confirmed interchange records.,1384.19,"{""candidate_entities"": [], ""candidate_intents"": [""interchange_transfer""], ""clarification_reason"": null, ""data"": {""reason"": ""confirmed_interchanges_absent""}, ""intent"": ""interchange_transfer"", ""missing_slots"": [], ""operation"": ""GET_INTERCHANGE_DETAILS"", ""outcome_reason"": ""unsupported_source"", ""response_text"": ""The snapshot has no confirmed interchange records."", ""slots"": {}, ""status"": ""unavailable""}"
HG200_006,"Guindy se Chennai Central metro rasta dikha, change jitna kam ho utna better",point_to_point_route,PLAN_ROUTE,preference,Retain least-transfer preference; report inability to honor it if the route service cannot optimize.,200,interchange_transfer,GET_INTERCHANGE_DETAILS,unavailable,unsupported_source,The snapshot has no confirmed interchange records.,1361.0,"{""candidate_entities"": [], ""candidate_intents"": [""interchange_transfer""], ""clarification_reason"": null, ""data"": {""reason"": ""confirmed_interchanges_absent""}, ""intent"": ""interchange_transfer"", ""missing_slots"": [], ""operation"": ""GET_INTERCHANGE_DETAILS"", ""outcome_reason"": ""unsupported_source"", ""response_text"": ""The snapshot has no confirmed interchange records."", ""slots"": {}, ""status"": ""unavailable""}"
HG200_007,Poonamallee Bus Terminus se CMBT ka bus rasta bta sakte ho?,point_to_point_route,PLAN_ROUTE,spelling_variant,Preserve two bus journey endpoints; give directional sourced connection evidence or a limitation.,200,point_to_point_route,,clarification,entity_ambiguity,Please clarify which stop or location you mean.,1355.4,"{""candidate_entities"": [""BUS_401880999"", ""BUS_5321248890"", ""BUS_5410""], ""candidate_intents"": [""point_to_point_route""], ""clarification_reason"": ""entity_ambiguity"", ""data"": {}, ""intent"": ""point_to_point_route"", ""missing_slots"": [], ""operation"": null, ""outcome_reason"": ""entity_ambiguity"", ""response_text"": ""Please clarify which stop or location you mean."", ""slots"": {""origin"": ""BUS_5821"", ""transport_mode"": ""bus""}, ""status"": ""clarification""}"
HG200_008,Ashok Nagar metro se Saidapet metro jaane ka quickest route kya padega?,point_to_point_route,PLAN_ROUTE,optimization_constraint,Do not ignore quickest constraint or invent a travel-time optimum.,200,point_to_point_route,PLAN_ROUTE,unavailable,unsupported_source,No mode-consistent published topology is available for the requested transport mode.,1377.25,"{""candidate_entities"": [], ""candidate_intents"": [""point_to_point_route""], ""clarification_reason"": null, ""data"": {""reason"": ""published_mode_topology_absent"", ""transport_mode"": ""metro""}, ""intent"": ""point_to_point_route"", ""missing_slots"": [], ""operation"": ""PLAN_ROUTE"", ""outcome_reason"": ""unsupported_source"", ""response_text"": ""No mode-consistent published topology is available for the requested transport mode."", ""slots"": {""destination"": ""METRO_ASHOK_NAGAR"", ""transport_mode"": ""metro""}, ""status"": ""unavailable""}"
HG200_009,"Anna Nagar Tower metro se Airport jana hai via Alandur metro, poora route batana",point_to_point_route,PLAN_ROUTE,waypoint,Retain Alandur as an intermediate waypoint and Airport as destination; clarify or limit if waypoint routing is unsupported.,200,point_to_point_route,PLAN_ROUTE,unavailable,unsupported_source,No mode-consistent published topology is available for the requested transport mode.,1394.55,"{""candidate_entities"": [], ""candidate_intents"": [""point_to_point_route""], ""clarification_reason"": null, ""data"": {""reason"": ""published_mode_topology_absent"", ""transport_mode"": ""metro""}, ""intent"": ""point_to_point_route"", ""missing_slots"": [], ""operation"": ""PLAN_ROUTE"", ""outcome_reason"": ""unsupported_source"", ""response_text"": ""No mode-consistent published topology is available for the requested transport mode."", ""slots"": {""transport_mode"": ""metro"", ""via"": ""METRO_ARIGNAR_ANNA_ALANDUR""}, ""status"": ""unavailable""}"
HG200_010,"Nandanam metro se LIC metro direct hi jaana hai, interchange avoid karna",point_to_point_route,PLAN_ROUTE,constraint_negation,Preserve direct-only restriction; do not present an interchange journey as fulfillment.,200,mode_availability,CHECK_SERVICE_AVAILABILITY,unavailable,unsupported_source,No mode-consistent published topology is available for the requested transport mode.,1382.62,"{""candidate_entities"": [], ""candidate_intents"": [""mode_availability""], ""clarification_reason"": null, ""data"": {""reason"": ""published_mode_topology_absent"", ""transport_mode"": ""metro""}, ""intent"": ""mode_availability"", ""missing_slots"": [], ""operation"": ""CHECK_SERVICE_AVAILABILITY"", ""outcome_reason"": ""unsupported_source"", ""response_text"": ""No mode-consistent published topology is available for the requested transport mode."", ""slots"": {""destination"": ""METRO_LIC"", ""transport_mode"": ""metro""}, ""status"": ""unavailable""}"
HG200_011,"Local train se Tambaram to Chennai Beach kaise niklu, pura safar bata do",point_to_point_route,PLAN_ROUTE,mixed_english,Recognize local-train journey planning; preserve Tambaram to Chennai Beach direction.,200,point_to_point_route,PLAN_ROUTE,unavailable,unsupported_source,No mode-consistent published topology is available for the requested transport mode.,1355.43,"{""candidate_entities"": [], ""candidate_intents"": [""point_to_point_route""], ""clarification_reason"": null, ""data"": {""reason"": ""published_mode_topology_absent"", ""transport_mode"": ""suburban_rail""}, ""intent"": ""point_to_point_route"", ""missing_slots"": [], ""operation"": ""PLAN_ROUTE"", ""outcome_reason"": ""unsupported_source"", ""response_text"": ""No mode-consistent published topology is available for the requested transport mode."", ""slots"": {""destination"": ""RAIL_CHENNAI_BEACH"", ""origin"": ""RAIL_TAMBARAM"", ""transport_mode"": ""suburban_rail""}, ""status"": ""unavailable""}"
HG200_012,"Thirumangalam metro se Nehru Park metro ka raasta chahiye, bus bilkul nahi",point_to_point_route,PLAN_ROUTE,excluded_mode,Plan the explicitly requested metro journey and honor exclusion of bus.,200,mode_availability,,clarification,missing_execution_slot,Please choose one transport mode for this question.,1357.13,"{""candidate_entities"": [], ""candidate_intents"": [""mode_availability""], ""clarification_reason"": ""missing_slot"", ""data"": {""requested_modes"": [""metro"", ""bus""]}, ""intent"": ""mode_availability"", ""missing_slots"": [""transport_mode""], ""operation"": null, ""outcome_reason"": ""missing_execution_slot"", ""response_text"": ""Please choose one transport mode for this question."", ""slots"": {}, ""status"": ""clarification""}"
HG200_013,"Tambaram se Anna Nagar jana h, pehle local fir metro ka combo batao",multimodal_route,PLAN_MULTIMODAL_ROUTE,mode_chain,Recognize an explicit suburban-rail then metro journey; do not claim verified multimodal routing without confirmed transfer evidence.,200,multimodal_route,PLAN_MULTIMODAL_ROUTE,unavailable,unsupported_source,No confirmed cross-mode transfer graph is available in this snapshot.,1365.6,"{""candidate_entities"": [], ""candidate_intents"": [""multimodal_route""], ""clarification_reason"": null, ""data"": {""reason"": ""confirmed_multimodal_graph_absent""}, ""intent"": ""multimodal_route"", ""missing_slots"": [], ""operation"": ""PLAN_MULTIMODAL_ROUTE"", ""outcome_reason"": ""unsupported_source"", ""response_text"": ""No confirmed cross-mode transfer graph is available in this snapshot."", ""slots"": {}, ""status"": ""unavailable""}"
HG200_014,Velachery se High Court bus aur metro mila ke kaise pahuchu?,multimodal_route,PLAN_MULTIMODAL_ROUTE,mixed_modes,Retain both endpoints and combined bus/metro request; report source limits if no verified itinerary can be built.,200,point_to_point_route,,clarification,missing_execution_slot,Please choose one transport mode for this question.,1371.42,"{""candidate_entities"": [], ""candidate_intents"": [""point_to_point_route""], ""clarification_reason"": ""missing_slot"", ""data"": {""requested_modes"": [""bus"", ""metro""]}, ""intent"": ""point_to_point_route"", ""missing_slots"": [""transport_mode""], ""operation"": null, ""outcome_reason"": ""missing_execution_slot"", ""response_text"": ""Please choose one transport mode for this question."", ""slots"": {}, ""status"": ""clarification""}"
HG200_015,"Avadi se Airport ka route chahiye local train plus metro me, steps me samjhao",multimodal_route,PLAN_MULTIMODAL_ROUTE,mode_chain,Recognize multimodal route rather than an interchange-only or fare goal.,200,multimodal_route,PLAN_MULTIMODAL_ROUTE,unavailable,unsupported_source,No confirmed cross-mode transfer graph is available in this snapshot.,1377.27,"{""candidate_entities"": [], ""candidate_intents"": [""multimodal_route""], ""clarification_reason"": null, ""data"": {""reason"": ""confirmed_multimodal_graph_absent""}, ""intent"": ""multimodal_route"", ""missing_slots"": [], ""operation"": ""PLAN_MULTIMODAL_ROUTE"", ""outcome_reason"": ""unsupported_source"", ""response_text"": ""No confirmed cross-mode transfer graph is available in this snapshot."", ""slots"": {}, ""status"": ""unavailable""}"
HG200_016,Mylapore se Koyambedu bus se nikal kar metro change karu to kya journey banegi?,multimodal_route,PLAN_MULTIMODAL_ROUTE,colloquial,"Preserve Mylapore origin, Koyambedu destination and requested bus/metro combination.",200,multimodal_route,PLAN_MULTIMODAL_ROUTE,unavailable,unsupported_source,No confirmed cross-mode transfer graph is available in this snapshot.,1374.88,"{""candidate_entities"": [], ""candidate_intents"": [""multimodal_route""], ""clarification_reason"": null, ""data"": {""reason"": ""confirmed_multimodal_graph_absent""}, ""intent"": ""multimodal_route"", ""missing_slots"": [], ""operation"": ""PLAN_MULTIMODAL_ROUTE"", ""outcome_reason"": ""unsupported_source"", ""response_text"": ""No confirmed cross-mode transfer graph is available in this snapshot."", ""slots"": {}, ""status"": ""unavailable""}"
HG200_017,"Bus aur metro dono use kar lunga, destination Teynampet hai; start kaha se bolna bhool gaya",multimodal_route,PLAN_MULTIMODAL_ROUTE,missing_origin,Ask for starting point for the combined-mode journey.,200,first_and_last_service,,clarification,missing_execution_slot,Please choose one transport mode for this question.,1389.37,"{""candidate_entities"": [], ""candidate_intents"": [""first_and_last_service""], ""clarification_reason"": ""missing_slot"", ""data"": {""requested_modes"": [""bus"", ""metro""]}, ""intent"": ""first_and_last_service"", ""missing_slots"": [""transport_mode""], ""operation"": null, ""outcome_reason"": ""missing_execution_slot"", ""response_text"": ""Please choose one transport mode for this question."", ""slots"": {}, ""status"": ""clarification""}"
HG200_018,"Chromepet se bus+metro travel karna hai, destination likha hi nahi maine",multimodal_route,PLAN_MULTIMODAL_ROUTE,missing_destination,Ask for destination and do not invent a second endpoint.,200,multimodal_route,PLAN_MULTIMODAL_ROUTE,unavailable,unsupported_source,No confirmed cross-mode transfer graph is available in this snapshot.,1382.41,"{""candidate_entities"": [], ""candidate_intents"": [""multimodal_route""], ""clarification_reason"": null, ""data"": {""reason"": ""confirmed_multimodal_graph_absent""}, ""intent"": ""multimodal_route"", ""missing_slots"": [], ""operation"": ""PLAN_MULTIMODAL_ROUTE"", ""outcome_reason"": ""unsupported_source"", ""response_text"": ""No confirmed cross-mode transfer graph is available in this snapshot."", ""slots"": {}, ""status"": ""unavailable""}"
HG200_019,Guindy se Washermenpet tak metro ke saath bus connect karke sabse sasta way?,multimodal_route,PLAN_MULTIMODAL_ROUTE,optimization_constraint,Retain cheapest multimodal preference; do not present an unoptimized partial connection as cheapest.,200,point_to_point_route,,clarification,missing_execution_slot,Please choose one transport mode for this question.,1386.67,"{""candidate_entities"": [], ""candidate_intents"": [""point_to_point_route""], ""clarification_reason"": ""missing_slot"", ""data"": {""requested_modes"": [""metro"", ""bus""]}, ""intent"": ""point_to_point_route"", ""missing_slots"": [""transport_mode""], ""operation"": null, ""outcome_reason"": ""missing_execution_slot"", ""response_text"": ""Please choose one transport mode for this question."", ""slots"": {""origin"": ""HUB_GUINDY""}, ""status"": ""clarification""}"
HG200_020,"Perambur se Chennai Airport local aur metro se jaana hai, Central hote hue",multimodal_route,PLAN_MULTIMODAL_ROUTE,waypoint,Retain Central waypoint and Airport destination with explicit multimodal request; unsupported constraint requires limitation or clarification.,200,point_to_point_route,PLAN_ROUTE,unavailable,unsupported_source,No mode-consistent published topology is available for the requested transport mode.,1399.45,"{""candidate_entities"": [], ""candidate_intents"": [""point_to_point_route""], ""clarification_reason"": null, ""data"": {""reason"": ""published_mode_topology_absent"", ""transport_mode"": ""metro""}, ""intent"": ""point_to_point_route"", ""missing_slots"": [], ""operation"": ""PLAN_ROUTE"", ""outcome_reason"": ""unsupported_source"", ""response_text"": ""No mode-consistent published topology is available for the requested transport mode."", ""slots"": {""transport_mode"": ""metro""}, ""status"": ""unavailable""}"
HG200_021,"Thiruvanmiyur se Egmore, MRTS utar ke bus lena chahta hu; travel chain bta",multimodal_route,PLAN_MULTIMODAL_ROUTE,mode_chain,Recognize MRTS/bus journey planning rather than service availability.,200,multimodal_route,PLAN_MULTIMODAL_ROUTE,unavailable,unsupported_source,No confirmed cross-mode transfer graph is available in this snapshot.,1377.78,"{""candidate_entities"": [], ""candidate_intents"": [""multimodal_route""], ""clarification_reason"": null, ""data"": {""reason"": ""confirmed_multimodal_graph_absent""}, ""intent"": ""multimodal_route"", ""missing_slots"": [], ""operation"": ""PLAN_MULTIMODAL_ROUTE"", ""outcome_reason"": ""unsupported_source"", ""response_text"": ""No confirmed cross-mode transfer graph is available in this snapshot."", ""slots"": {}, ""status"": ""unavailable""}"
HG200_022,"Bus se metro pakad ke Marina Beach jana h from Porur, shortest plan milega?",multimodal_route,PLAN_MULTIMODAL_ROUTE,mixed_english,Preserve requested mode chain and optimization; do not invent confirmed walking legs.,200,multimodal_route,PLAN_MULTIMODAL_ROUTE,unavailable,unsupported_source,No confirmed cross-mode transfer graph is available in this snapshot.,1379.98,"{""candidate_entities"": [], ""candidate_intents"": [""multimodal_route""], ""clarification_reason"": null, ""data"": {""reason"": ""confirmed_multimodal_graph_absent""}, ""intent"": ""multimodal_route"", ""missing_slots"": [], ""operation"": ""PLAN_MULTIMODAL_ROUTE"", ""outcome_reason"": ""unsupported_source"", ""response_text"": ""No confirmed cross-mode transfer graph is available in this snapshot."", ""slots"": {}, ""status"": ""unavailable""}"
HG200_023,"Sirf metro nahi, Ambattur se Saidapet bus bhi jodna padega; route explain karo",multimodal_route,PLAN_MULTIMODAL_ROUTE,negation,Do not read negated metro-only phrase as a single-mode route; preserve combined-mode goal.,200,multimodal_route,PLAN_MULTIMODAL_ROUTE,unavailable,unsupported_source,No confirmed cross-mode transfer graph is available in this snapshot.,1350.78,"{""candidate_entities"": [], ""candidate_intents"": [""multimodal_route""], ""clarification_reason"": null, ""data"": {""reason"": ""confirmed_multimodal_graph_absent""}, ""intent"": ""multimodal_route"", ""missing_slots"": [], ""operation"": ""PLAN_MULTIMODAL_ROUTE"", ""outcome_reason"": ""unsupported_source"", ""response_text"": ""No confirmed cross-mode transfer graph is available in this snapshot."", ""slots"": {}, ""status"": ""unavailable""}"
HG200_024,Kya tum local aur bus ka combined journey Chennai Beach se Madipakkam ke liye samjha sakte ho?,multimodal_route,PLAN_MULTIMODAL_ROUTE,indirect_request,"Interpret the modal phrasing as a request for an itinerary, retaining both travel modes.",200,multimodal_route,PLAN_MULTIMODAL_ROUTE,unavailable,unsupported_source,No confirmed cross-mode transfer graph is available in this snapshot.,1375.89,"{""candidate_entities"": [], ""candidate_intents"": [""multimodal_route""], ""clarification_reason"": null, ""data"": {""reason"": ""confirmed_multimodal_graph_absent""}, ""intent"": ""multimodal_route"", ""missing_slots"": [], ""operation"": ""PLAN_MULTIMODAL_ROUTE"", ""outcome_reason"": ""unsupported_source"", ""response_text"": ""No confirmed cross-mode transfer graph is available in this snapshot."", ""slots"": {}, ""status"": ""unavailable""}"
HG200_025,570S bus ka start se end tk har stop naam order me likh do,route_stop_sequence,LIST_ROUTE_STOPS,suffix,List sourced ordered stop sequences for 570S without truncating its S suffix; disclose incomplete variants.,200,route_stop_sequence,LIST_ROUTE_STOPS,unavailable,unsupported_source,No mode-consistent published stop sequence is available for that route.,1383.62,"{""candidate_entities"": [], ""candidate_intents"": [""route_stop_sequence""], ""clarification_reason"": null, ""data"": {}, ""intent"": ""route_stop_sequence"", ""missing_slots"": [], ""operation"": ""LIST_ROUTE_STOPS"", ""outcome_reason"": ""unsupported_source"", ""response_text"": ""No mode-consistent published stop sequence is available for that route."", ""slots"": {""route_number"": ""570S"", ""transport_mode"": ""bus""}, ""status"": ""unavailable""}"
HG200_026,21 G bus raste me konse-konse stops leti hai? bas poori list chahiye,route_stop_sequence,LIST_ROUTE_STOPS,split_suffix,Normalize separated route suffix while retaining 21G and list its sequence.,200,route_stop_sequence,LIST_ROUTE_STOPS,ok,answered,"21G stops: Alandur Court, Meeanambakkam International Airport, Thirusoolam National Airport, Pallavaram Or English Electrical, Pallavaram, Saravana Store Chromepet, Chromepet, Tambaram Tb Hospital, …. Partial published stop coverage found; unusable links or uncovered route variants are omitted. Service operation is not confirmed.",1386.51,"{""candidate_entities"": [], ""candidate_intents"": [""route_stop_sequence""], ""clarification_reason"": null, ""data"": {""excluded_unusable_rows"": 4, ""partial_topology"": true, ""provisional"": true, ""sequences"": [{""direction_id"": 1, ""mode"": ""bus"", ""route_id"": ""GTFS_ROUTE_15116"", ""route_name"": ""21G"", ""source"": ""CHENNAI_COMMUNITY_GTFS"", ""stops"": [{""name"": ""Alandur Court"", ""sequence"": 1, ""stop_id"": ""BUS_8938""}, {""name"": ""Meeanambakkam International Airport"", ""sequence"": 2, ""stop_id"": ""BUS_8785""}, {""name"": ""Thirusoolam National Airport"", ""sequence"": 3, ""stop_id"": ""BUS_8699""}, {""name"": ""Pallavaram Or English Electrical"", ""sequence"": 4, ""stop_id"": ""BUS_10123""}, {""name"": ""Pallavaram"", ""sequence"": 5, ""stop_id"": ""BUS_8578""}, {""name"": ""Saravana Store Chromepet"", ""sequence"": 6, ""stop_id"": ""BUS_8462""}, {""name"": ""Chromepet"", ""sequence"": 7, ""stop_id"": ""BUS_8424""}, {""name"": ""Tambaram Tb Hospital"", ""sequence"": 8, ""stop_id"": ""BUS_8364""}, {""name"": ""Tambaram Sanatorium B.T"", ""sequence"": 9, ""stop_id"": ""BUS_6747""}, {""name"": ""Tambaram Railway Station"", ""sequence"": 10, ""stop_id"": ""BUS_6681""}, {""name"": ""Irumbuliyur"", ""sequence"": 11, ""stop_id"": ""BUS_6594""}, {""name"": ""Perungalattur"", ""sequence"": 12, ""stop_id"": ""BUS_6553""}, {""name"": ""Perungalathur Sriram Gate"", ""sequence"": 13, ""stop_id"": ""BUS_6528""}, {""name"": ""Perungalathur Iraniyamman Temple"", ""sequence"": 14, ""stop_id"": ""BUS_10015""}, {""name"": ""Kilambakkam Bus Terminus"", ""sequence"": 15, ""stop_id"": ""BUS_9991""}]}, {""direction_id"": 1, ""mode"": ""bus"", ""route_id"": ""GTFS_ROUTE_20534"", ""route_name"": ""21G"", ""source"": ""CHENNAI_COMMUNITY_GTFS"", ""stops"": [{""name"": ""Kilambakkam Bus Terminus"", ""sequence"": 1, ""stop_id"": ""BUS_9991""}, {""name"": ""Vandalur Zoo"", ""sequence"": 2, ""stop_id"": ""BUS_6435""}, {""name"": ""Vandalur Gate"", ""sequence"": 3, ""stop_id"": ""BUS_6490""}, {""name"": ""Perungalattur"", ""sequence"": 4, ""stop_id"": ""BUS_6554""}, {""name"": ""Irumbuliyur"", ""sequence"": 5, ""stop_id"": ""BUS_6592""}, {""name"": ""Tambaram West Bus Stand"", ""sequence"": 6, ""stop_id"": ""BUS_6693""}, {""name"": ""Tambaram Sanatorium B.T"", ""sequence"": 7, ""stop_id"": ""BUS_6748""}, {""name"": ""Tambaram Tb Hospital"", ""sequence"": 8, ""stop_id"": ""BUS_8365""}, {""name"": ""Chromepet"", ""sequence"": 9, ""stop_id"": ""BUS_8421""}, {""name"": ""Saravana Store Chromepet"", ""sequence"": 10, ""stop_id"": ""BUS_8464""}, {""name"": ""Pallavaram Bus Stand"", ""sequence"": 11, ""stop_id"": ""BUS_8577""}, {""name"": ""Thirusoolam National Airport"", ""sequence"": 12, ""stop_id"": ""BUS_8729""}, {""name"": ""St Thomas Mount Head Post Office"", ""sequence"": 14, ""stop_id"": ""BUS_8964""}, {""name"": ""Asarkana Omni Bus Stop"", ""sequence"": 15, ""stop_id"": ""BUS_8967""}, {""name"": ""Guindy Bus Terminus"", ""sequence"": 16, ""stop_id"": ""BUS_1461""}, {""name"": ""Chellammal College"", ""sequence"": 17, ""stop_id"": ""BUS_908""}, {""name"": ""Chinnamalai Or Saidapet Court"", ""sequence"": 18, ""stop_id"": ""BUS_5785""}, {""name"": ""Anna University"", ""sequence"": 19, ""stop_id"": ""BUS_502""}, {""name"": ""Gandhi Mandapam"", ""sequence"": 20, ""stop_id"": ""BUS_1337""}, {""name"": ""Kottur"", ""sequence"": 21, ""stop_id"": ""BUS_2142""}, {""name"": ""Kotturpuram"", ""sequence"": 22, ""stop_id"": ""BUS_2145""}, {""name"": ""Nandanam Park"", ""sequence"": 23, ""stop_id"": ""BUS_3016""}, {""name"": ""Adyar Gate"", ""sequence"": 24, ""stop_id"": ""BUS_243""}, {""name"": ""Kaliyappa Hospital"", ""sequence"": 25, ""stop_id"": ""BUS_1740""}, {""name"": ""Mandaveli Railway Station"", ""sequence"": 26, ""stop_id"": ""BUS_2533""}, {""name"": ""Mandaveli Bus Terminus"", ""sequence"": 27, ""stop_id"": ""BUS_6""}]}, {""direction_id"": 0, ""mode"": ""bus"", ""route_id"": ""GTFS_ROUTE_20535"", ""route_name"": ""21G"", ""source"": ""CHENNAI_COMMUNITY_GTFS"", ""stops"": [{""name"": ""Tambaram West Bus Stand"", ""sequence"": 1, ""stop_id"": ""BUS_6693""}, {""name"": ""Kadaperi"", ""sequence"": 2, ""stop_id"": ""BUS_6712""}, {""name"": ""Tambaram Sanatorium B.T"", ""sequence"": 3, ""stop_id"": ""BUS_6748""}, {""name"": ""Tambaram Tb Hospital"", ""sequence"": 4, ""stop_id"": ""BUS_8365""}, {""name"": ""Chromepet Mit Gate"", ""sequence"": 5, ""stop_id"": ""BUS_8386""}, {""name"": ""Chromepet"", ""sequence"": 6, ""stop_id"": ""BUS_8421""}, {""name"": ""Saravana Store Chromepet"", ""sequence"": 7, ""stop_id"": ""BUS_8464""}, {""name"": ""Ponds Company"", ""sequence"": 8, ""stop_id"": ""BUS_8501""}, {""name"": ""Pallavaram"", ""sequence"": 9, ""stop_id"": ""BUS_8567""}, {""name"": ""Pallavaram Or English Electrical"", ""sequence"": 10, ""stop_id"": ""BUS_10124""}, {""name"": ""Thirusoolam National Airport"", ""sequence"": 11, ""stop_id"": ""BUS_8729""}, {""name"": ""Alandur Depot"", ""sequence"": 13, ""stop_id"": ""BUS_8936""}, {""name"": ""St Thomas Mount Head Post Office"", ""sequence"": 14, ""stop_id"": ""BUS_8964""}, {""name"": ""Guindy Bus Terminus"", ""sequence"": 16, ""stop_id"": ""BUS_1461""}, {""name"": ""Chellammal College"", ""sequence"": 17, ""stop_id"": ""BUS_908""}, {""name"": ""Anna University"", ""sequence"": 19, ""stop_id"": ""BUS_502""}, {""name"": ""B M Birla Planetarium Or Clri"", ""sequence"": 20, ""stop_id"": ""BUS_10172""}, {""name"": ""Kottur"", ""sequence"": 21, ""stop_id"": ""BUS_2142""}, {""name"": ""Kotturpuram"", ""sequence"": 22, ""stop_id"": ""BUS_2145""}, {""name"": ""Nandanam Park"", ""sequence"": 23, ""stop_id"": ""BUS_3016""}, {""name"": ""Adyar Gate"", ""sequence"": 24, ""stop_id"": ""BUS_243""}, {""name"": ""Bilroth Hospital"", ""sequence"": 25, ""stop_id"": ""BUS_10996""}, {""name"": ""St Mary'S Road"", ""sequence"": 26, ""stop_id"": ""BUS_11139""}, {""name"": ""Mandaveli Market"", ""sequence"": 27, ""stop_id"": ""BUS_75""}, {""name"": ""Mylapore Tank"", ""sequence"": 28, ""stop_id"": ""BUS_88""}]}], ""truncated"": false, ""uncovered_route_ids"": [""GTFS_ROUTE_8458"", ""GTFS_ROUTE_16347"", ""GTFS_ROUTE_18388"", ""GTFS_ROUTE_15125""]}, ""intent"": ""route_stop_sequence"", ""missing_slots"": [], ""operation"": ""LIST_ROUTE_STOPS"", ""outcome_reason"": ""answered"", ""response_text"": ""21G stops: Alandur Court, Meeanambakkam International Airport, Thirusoolam National Airport, Pallavaram Or English Electrical, Pallavaram, Saravana Store Chromepet, Chromepet, Tambaram Tb Hospital, …. Partial published stop coverage found; unusable links or uncovered route variants are omitted. Service operation is not confirmed."", ""slots"": {""route_number"": ""21G"", ""transport_mode"": ""bus""}, ""status"": ""ok""}"
HG200_027,102-A bus ke saare stoppage ek ek krke btao,route_stop_sequence,LIST_ROUTE_STOPS,hyphen_suffix,Retain route 102A after delimiter normalization; do not return 102 as an equivalent.,200,route_stop_sequence,LIST_ROUTE_STOPS,ok,answered,"102A stops: Thiruvanmiyur Bus Stand, Jayanthi Theatre, Tidel Park, Srp Tools, I G P, Kandanchavadi, Perungudi, Seevaram, …. Published stop sequences found. Service operation is not confirmed.",1385.53,"{""candidate_entities"": [], ""candidate_intents"": [""route_stop_sequence""], ""clarification_reason"": null, ""data"": {""excluded_unusable_rows"": 0, ""partial_topology"": false, ""provisional"": true, ""sequences"": [{""direction_id"": 0, ""mode"": ""bus"", ""route_id"": ""GTFS_ROUTE_10248"", ""route_name"": ""102A"", ""source"": ""CHENNAI_COMMUNITY_GTFS"", ""stops"": [{""name"": ""Thiruvanmiyur Bus Stand"", ""sequence"": 1, ""stop_id"": ""BUS_5908""}, {""name"": ""Jayanthi Theatre"", ""sequence"": 2, ""stop_id"": ""BUS_8811""}, {""name"": ""Tidel Park"", ""sequence"": 3, ""stop_id"": ""BUS_8804""}, {""name"": ""Srp Tools"", ""sequence"": 4, ""stop_id"": ""BUS_8693""}, {""name"": ""I G P"", ""sequence"": 5, ""stop_id"": ""BUS_8624""}, {""name"": ""Kandanchavadi"", ""sequence"": 6, ""stop_id"": ""BUS_8542""}, {""name"": ""Perungudi"", ""sequence"": 7, ""stop_id"": ""BUS_8481""}, {""name"": ""Seevaram"", ""sequence"": 8, ""stop_id"": ""BUS_8425""}, {""name"": ""D B Jain College"", ""sequence"": 9, ""stop_id"": ""BUS_8379""}, {""name"": ""Mettukuppam"", ""sequence"": 10, ""stop_id"": ""BUS_8323""}, {""name"": ""Ptc Quarters Or Mootakaran Chavadi"", ""sequence"": 11, ""stop_id"": ""BUS_10066""}, {""name"": ""Okkiyampet"", ""sequence"": 12, ""stop_id"": ""BUS_6686""}, {""name"": ""Kcg College"", ""sequence"": 13, ""stop_id"": ""BUS_6622""}, {""name"": ""Karapakkam"", ""sequence"": 14, ""stop_id"": ""BUS_6579""}, {""name"": ""Dollar Or Accenture"", ""sequence"": 15, ""stop_id"": ""BUS_10031""}, {""name"": ""Shozhinganallur"", ""sequence"": 16, ""stop_id"": ""BUS_10022""}, {""name"": ""Government School Shozhinganallur"", ""sequence"": 17, ""stop_id"": ""BUS_10012""}, {""name"": ""Ponniamman Kovil"", ""sequence"": 18, ""stop_id"": ""BUS_6454""}, {""name"": ""Kumaran Nagar"", ""sequence"": 19, ""stop_id"": ""BUS_6420""}, {""name"": ""Satyabhama University"", ""sequence"": 20, ""stop_id"": ""BUS_6403""}, {""name"": ""Semmancheri"", ""sequence"": 21, ""stop_id"": ""BUS_6358""}, {""name"": ""Ags Complex Navalur"", ""sequence"": 22, ""stop_id"": ""BUS_6314""}, {""name"": ""Navalur"", ""sequence"": 23, ""stop_id"": ""BUS_9974""}, {""name"": ""Egattur"", ""sequence"": 24, ""stop_id"": ""BUS_6269""}, {""name"": ""It Park Siruseri Or Muttukadu"", ""sequence"": 25, ""stop_id"": ""BUS_9966""}, {""name"": ""Tcs Gate 1"", ""sequence"": 26, ""stop_id"": ""BUS_6241""}, {""name"": ""Sipcot Industrial Park"", ""sequence"": 27, ""stop_id"": ""BUS_6223""}, {""name"": ""Tiruchariy Pudupakkam"", ""sequence"": 28, ""stop_id"": ""BUS_6207""}, {""name"": ""Amman Thottam"", ""sequence"": 29, ""stop_id"": ""BUS_6190""}, {""name"": ""Pudupakkam"", ""sequence"": 30, ""stop_id"": ""BUS_6182""}, {""name"": ""Pudupakkam School"", ""sequence"": 31, ""stop_id"": ""BUS_9951""}, {""name"": ""Pudupakkam Panchayat Office"", ""sequence"": 32, ""stop_id"": ""BUS_6171""}, {""name"": ""Cosmo City"", ""sequence"": 33, ""stop_id"": ""BUS_6165""}, {""name"": ""Pudupakkam Or Vandaloor Road Junction"", ""sequence"": 34, ""stop_id"": ""BUS_9948""}]}, {""direction_id"": 1, ""mode"": ""bus"", ""route_id"": ""GTFS_ROUTE_23155"", ""route_name"": ""102A"", ""source"": ""CHENNAI_COMMUNITY_GTFS"", ""stops"": [{""name"": ""Pudupakkam Or Vandaloor Road Junction"", ""sequence"": 1, ""stop_id"": ""BUS_9947""}, {""name"": ""Cosmo City"", ""sequence"": 2, ""stop_id"": ""BUS_6166""}, {""name"": ""Pudupakkam Panchayat Office"", ""sequence"": 3, ""stop_id"": ""BUS_6169""}, {""name"": ""Pudupakkam School"", ""sequence"": 4, ""stop_id"": ""BUS_9952""}, {""name"": ""Pudupakkam"", ""sequence"": 5, ""stop_id"": ""BUS_6181""}, {""name"": ""Amman Thottam"", ""sequence"": 6, ""stop_id"": ""BUS_6189""}, {""name"": ""Tiruchariy Pudupakkam"", ""sequence"": 7, ""stop_id"": ""BUS_6209""}, {""name"": ""Siruseri It Park"", ""sequence"": 8, ""stop_id"": ""BUS_9960""}, {""name"": ""Sipcot Industrial Park"", ""sequence"": 9, ""stop_id"": ""BUS_6224""}, {""name"": ""Tcs Gate 1"", ""sequence"": 10, ""stop_id"": ""BUS_6240""}, {""name"": ""It Park Siruseri Or Muttukadu"", ""sequence"": 11, ""stop_id"": ""BUS_9967""}, {""name"": ""Egattur"", ""sequence"": 12, ""stop_id"": ""BUS_6272""}, {""name"": ""Navalur"", ""sequence"": 13, ""stop_id"": ""BUS_9975""}, {""name"": ""Ags Complex Navalur"", ""sequence"": 14, ""stop_id"": ""BUS_6315""}, {""name"": ""Semmancheri"", ""sequence"": 15, ""stop_id"": ""BUS_6362""}, {""name"": ""Satyabhama University"", ""sequence"": 16, ""stop_id"": ""BUS_6398""}, {""name"": ""Kumaran Nagar"", ""sequence"": 17, ""stop_id"": ""BUS_6417""}, {""name"": ""Ponniamman Kovil"", ""sequence"": 18, ""stop_id"": ""BUS_6455""}, {""name"": ""Government School Shozhinganallur"", ""sequence"": 19, ""stop_id"": ""BUS_10013""}, {""name"": ""Shozhinganallur"", ""sequence"": 20, ""stop_id"": ""BUS_10023""}, {""name"": ""Shozhinganallur 1"", ""sequence"": 21, ""stop_id"": ""BUS_11165""}, {""name"": ""Dollar Or Accenture"", ""sequence"": 22, ""stop_id"": ""BUS_10034""}, {""name"": ""Karapakkam"", ""sequence"": 23, ""stop_id"": ""BUS_6580""}, {""name"": ""Kcg College"", ""sequence"": 24, ""stop_id"": ""BUS_6626""}, {""name"": ""Okkiyampet"", ""sequence"": 25, ""stop_id"": ""BUS_6684""}, {""name"": ""Ptc Quarters Or Mootakaran Chavadi"", ""sequence"": 26, ""stop_id"": ""BUS_10061""}, {""name"": ""Mettukuppam"", ""sequence"": 27, ""stop_id"": ""BUS_8321""}, {""name"": ""D B Jain College"", ""sequence"": 28, ""stop_id"": ""BUS_8377""}, {""name"": ""Seevaram"", ""sequence"": 29, ""stop_id"": ""BUS_8418""}, {""name"": ""Perungudi"", ""sequence"": 30, ""stop_id"": ""BUS_8477""}, {""name"": ""Kandanchavadi"", ""sequence"": 31, ""stop_id"": ""BUS_8561""}, {""name"": ""I G P"", ""sequence"": 32, ""stop_id"": ""BUS_8636""}, {""name"": ""Srp Tools"", ""sequence"": 33, ""stop_id"": ""BUS_8690""}, {""name"": ""Tidel Park"", ""sequence"": 34, ""stop_id"": ""BUS_8820""}, {""name"": ""Jayanthi Theatre"", ""sequence"": 35, ""stop_id"": ""BUS_10815""}, {""name"": ""Thiruvanmiyur Bus Stand"", ""sequence"": 36, ""stop_id"": ""BUS_5908""}]}], ""truncated"": false, ""uncovered_route_ids"": []}, ""intent"": ""route_stop_sequence"", ""missing_slots"": [], ""operation"": ""LIST_ROUTE_STOPS"", ""outcome_reason"": ""answered"", ""response_text"": ""102A stops: Thiruvanmiyur Bus Stand, Jayanthi Theatre, Tidel Park, Srp Tools, I G P, Kandanchavadi, Perungudi, Seevaram, …. Published stop sequences found. Service operation is not confirmed."", ""slots"": {""route_number"": ""102A"", ""transport_mode"": ""bus""}, ""status"": ""ok""}"
HG200_028,Blue Line metro me stations ka sequence first se last kya hai?,route_stop_sequence,LIST_ROUTE_STOPS,line_sequence,Return only sourced Blue Line ordered topology or the matching source limitation.,200,route_stop_sequence,LIST_ROUTE_STOPS,unavailable,unsupported_source,No mode-consistent published topology is available for the requested transport mode.,1353.56,"{""candidate_entities"": [], ""candidate_intents"": [""route_stop_sequence""], ""clarification_reason"": null, ""data"": {""reason"": ""published_mode_topology_absent"", ""transport_mode"": ""metro""}, ""intent"": ""route_stop_sequence"", ""missing_slots"": [], ""operation"": ""LIST_ROUTE_STOPS"", ""outcome_reason"": ""unsupported_source"", ""response_text"": ""No mode-consistent published topology is available for the requested transport mode."", ""slots"": {""line_name"": ""Blue Line"", ""transport_mode"": ""metro""}, ""status"": ""unavailable""}"
HG200_029,"Green Line wali metro kahan kahan rukti h, station order bhejo",route_stop_sequence,LIST_ROUTE_STOPS,roman_spelling,"Recognize ordered Green Line stations, not journey planning or live status.",200,route_stop_sequence,LIST_ROUTE_STOPS,unavailable,unsupported_source,No mode-consistent published topology is available for the requested transport mode.,1372.58,"{""candidate_entities"": [], ""candidate_intents"": [""route_stop_sequence""], ""clarification_reason"": null, ""data"": {""reason"": ""published_mode_topology_absent"", ""transport_mode"": ""metro""}, ""intent"": ""route_stop_sequence"", ""missing_slots"": [], ""operation"": ""LIST_ROUTE_STOPS"", ""outcome_reason"": ""unsupported_source"", ""response_text"": ""No mode-consistent published topology is available for the requested transport mode."", ""slots"": {""line_name"": ""Green Line"", ""transport_mode"": ""metro""}, ""status"": ""unavailable""}"
HG200_030,Bus no 29C ke poore stop chain dikha do; kiraya nahi chahiye,route_stop_sequence,LIST_ROUTE_STOPS,negated_distractor,List 29C stops and ignore explicitly negated fare goal.,200,route_stop_sequence,LIST_ROUTE_STOPS,ok,answered,"29C stops: Vmc Street, Avm Rajeshwari Thirumana Mandapam, New Woodlands, Chola Hotel Or Music Academy, Stella Marys College, Semmozhi Poonga, M.O.P Vaishnava College, Taj Hotel Or Uthamar Gandhi Salai, …. Partial published stop coverage found; unusable links or uncovered route variants are omitted. Service operation is not confirmed.",1366.57,"{""candidate_entities"": [], ""candidate_intents"": [""route_stop_sequence""], ""clarification_reason"": null, ""data"": {""excluded_unusable_rows"": 0, ""partial_topology"": true, ""provisional"": true, ""sequences"": [{""direction_id"": 1, ""mode"": ""bus"", ""route_id"": ""GTFS_ROUTE_11172"", ""route_name"": ""29C"", ""source"": ""CHENNAI_COMMUNITY_GTFS"", ""stops"": [{""name"": ""Vmc Street"", ""sequence"": 1, ""stop_id"": ""BUS_5581""}, {""name"": ""Avm Rajeshwari Thirumana Mandapam"", ""sequence"": 2, ""stop_id"": ""BUS_5582""}, {""name"": ""New Woodlands"", ""sequence"": 3, ""stop_id"": ""BUS_5575""}, {""name"": ""Chola Hotel Or Music Academy"", ""sequence"": 4, ""stop_id"": ""BUS_5783""}, {""name"": ""Stella Marys College"", ""sequence"": 5, ""stop_id"": ""BUS_5651""}, {""name"": ""Semmozhi Poonga"", ""sequence"": 6, ""stop_id"": ""BUS_5652""}, {""name"": ""M.O.P Vaishnava College"", ""sequence"": 7, ""stop_id"": ""BUS_5718""}, {""name"": ""Taj Hotel Or Uthamar Gandhi Salai"", ""sequence"": 8, ""stop_id"": ""BUS_5827""}, {""name"": ""Sterling Road"", ""sequence"": 9, ""stop_id"": ""BUS_9534""}, {""name"": ""Chetpet"", ""sequence"": 10, ""stop_id"": ""BUS_5719""}, {""name"": ""Kmc Hospital"", ""sequence"": 11, ""stop_id"": ""BUS_9659""}, {""name"": ""Motcham Aysha Hospital Or Motcham Theatre"", ""sequence"": 12, ""stop_id"": ""BUS_5622""}, {""name"": ""Purasaivakkam Tank"", ""sequence"": 13, ""stop_id"": ""BUS_9761""}, {""name"": ""Saravana"", ""sequence"": 14, ""stop_id"": ""BUS_10324""}, {""name"": ""Saravana Theatre"", ""sequence"": 15, ""stop_id"": ""BUS_9834""}, {""name"": ""Binny Mill Canteen"", ""sequence"": 16, ""stop_id"": ""BUS_6783""}, {""name"": ""Mettupalayam Pearmbur"", ""sequence"": 17, ""stop_id"": ""BUS_6807""}, {""name"": ""Jamalaya"", ""sequence"": 18, ""stop_id"": ""BUS_6820""}, {""name"": ""Mangalapuram - Near Perambur"", ""sequence"": 19, ""stop_id"": ""BUS_10387""}, {""name"": ""Perambur Railway Station"", ""sequence"": 20, ""stop_id"": ""BUS_6833""}, {""name"": ""Perambur Bus Terminus"", ""sequence"": 21, ""stop_id"": ""BUS_6839""}]}, {""direction_id"": 1, ""mode"": ""bus"", ""route_id"": ""GTFS_ROUTE_15101"", ""route_name"": ""29C"", ""source"": ""CHENNAI_COMMUNITY_GTFS"", ""stops"": [{""name"": ""Mandaveli Bus Terminus"", ""sequence"": 1, ""stop_id"": ""BUS_5""}, {""name"": ""Mandaveli Market"", ""sequence"": 2, ""stop_id"": ""BUS_76""}, {""name"": ""Mylapore Tank"", ""sequence"": 3, ""stop_id"": ""BUS_88""}, {""name"": ""Thiruvalluvar Statue"", ""sequence"": 4, ""stop_id"": ""BUS_135""}, {""name"": ""Vmc Street"", ""sequence"": 5, ""stop_id"": ""BUS_5581""}, {""name"": ""Avm Rajeshwari Thirumana Mandapam"", ""sequence"": 6, ""stop_id"": ""BUS_5582""}, {""name"": ""New Woodlands"", ""sequence"": 7, ""stop_id"": ""BUS_5575""}, {""name"": ""Chola Hotel Or Music Academy"", ""sequence"": 8, ""stop_id"": ""BUS_5783""}, {""name"": ""Stella Marys College"", ""sequence"": 9, ""stop_id"": ""BUS_5651""}, {""name"": ""Semmozhi Poonga"", ""sequence"": 10, ""stop_id"": ""BUS_5652""}, {""name"": ""M.O.P Vaishnava College"", ""sequence"": 11, ""stop_id"": ""BUS_5718""}, {""name"": ""Taj Hotel Or Uthamar Gandhi Salai"", ""sequence"": 12, ""stop_id"": ""BUS_5827""}, {""name"": ""Sterling Road"", ""sequence"": 13, ""stop_id"": ""BUS_9534""}, {""name"": ""Chetpet"", ""sequence"": 14, ""stop_id"": ""BUS_5719""}, {""name"": ""Kmc Hospital"", ""sequence"": 15, ""stop_id"": ""BUS_9659""}, {""name"": ""Motcham Aysha Hospital Or Motcham Theatre"", ""sequence"": 16, ""stop_id"": ""BUS_5622""}, {""name"": ""Purasaivakkam Tank"", ""sequence"": 17, ""stop_id"": ""BUS_9761""}, {""name"": ""Saravana"", ""sequence"": 18, ""stop_id"": ""BUS_10324""}, {""name"": ""Saravana Theatre"", ""sequence"": 19, ""stop_id"": ""BUS_9834""}, {""name"": ""Binny Mill Canteen"", ""sequence"": 20, ""stop_id"": ""BUS_6783""}, {""name"": ""Mettupalayam Pearmbur"", ""sequence"": 21, ""stop_id"": ""BUS_6807""}, {""name"": ""Jamalaya"", ""sequence"": 22, ""stop_id"": ""BUS_6820""}, {""name"": ""Mangalapuram - Near Perambur"", ""sequence"": 23, ""stop_id"": ""BUS_10387""}, {""name"": ""Perambur Railway Station"", ""sequence"": 24, ""stop_id"": ""BUS_6833""}, {""name"": ""Perambur Bus Terminus"", ""sequence"": 25, ""stop_id"": ""BUS_6839""}]}], ""truncated"": false, ""uncovered_route_ids"": [""GTFS_ROUTE_8631"", ""GTFS_ROUTE_8640"", ""GTFS_ROUTE_15850""]}, ""intent"": ""route_stop_sequence"", ""missing_slots"": [], ""operation"": ""LIST_ROUTE_STOPS"", ""outcome_reason"": ""answered"", ""response_text"": ""29C stops: Vmc Street, Avm Rajeshwari Thirumana Mandapam, New Woodlands, Chola Hotel Or Music Academy, Stella Marys College, Semmozhi Poonga, M.O.P Vaishnava College, Taj Hotel Or Uthamar Gandhi Salai, …. Partial published stop coverage found; unusable links or uncovered route variants are omitted. Service operation is not confirmed."", ""slots"": {""route_number"": ""29C"", ""transport_mode"": ""bus""}, ""status"": ""ok""}"
HG200_031,M1 bus ka route-stop list nikal doge?,route_stop_sequence,LIST_ROUTE_STOPS,alphanumeric_prefix,Preserve M1 as the route code rather than dropping the letter.,200,route_stop_sequence,LIST_ROUTE_STOPS,unavailable,unsupported_source,No mode-consistent published stop sequence is available for that route.,1366.76,"{""candidate_entities"": [], ""candidate_intents"": [""route_stop_sequence""], ""clarification_reason"": null, ""data"": {}, ""intent"": ""route_stop_sequence"", ""missing_slots"": [], ""operation"": ""LIST_ROUTE_STOPS"", ""outcome_reason"": ""unsupported_source"", ""response_text"": ""No mode-consistent published stop sequence is available for that route."", ""slots"": {""route_number"": ""M1"", ""transport_mode"": ""bus""}, ""status"": ""unavailable""}"
HG200_032,"१०२A bus kaha kaha rukti hai, ordered list chahiye mujhe",route_stop_sequence,LIST_ROUTE_STOPS,native_digit_contrast,Normalize Devanagari route numerals to 102A while preserving the suffix.,200,route_stop_sequence,LIST_ROUTE_STOPS,ok,answered,"102A stops: Thiruvanmiyur Bus Stand, Jayanthi Theatre, Tidel Park, Srp Tools, I G P, Kandanchavadi, Perungudi, Seevaram, …. Published stop sequences found. Service operation is not confirmed.",1394.66,"{""candidate_entities"": [], ""candidate_intents"": [""route_stop_sequence""], ""clarification_reason"": null, ""data"": {""excluded_unusable_rows"": 0, ""partial_topology"": false, ""provisional"": true, ""sequences"": [{""direction_id"": 0, ""mode"": ""bus"", ""route_id"": ""GTFS_ROUTE_10248"", ""route_name"": ""102A"", ""source"": ""CHENNAI_COMMUNITY_GTFS"", ""stops"": [{""name"": ""Thiruvanmiyur Bus Stand"", ""sequence"": 1, ""stop_id"": ""BUS_5908""}, {""name"": ""Jayanthi Theatre"", ""sequence"": 2, ""stop_id"": ""BUS_8811""}, {""name"": ""Tidel Park"", ""sequence"": 3, ""stop_id"": ""BUS_8804""}, {""name"": ""Srp Tools"", ""sequence"": 4, ""stop_id"": ""BUS_8693""}, {""name"": ""I G P"", ""sequence"": 5, ""stop_id"": ""BUS_8624""}, {""name"": ""Kandanchavadi"", ""sequence"": 6, ""stop_id"": ""BUS_8542""}, {""name"": ""Perungudi"", ""sequence"": 7, ""stop_id"": ""BUS_8481""}, {""name"": ""Seevaram"", ""sequence"": 8, ""stop_id"": ""BUS_8425""}, {""name"": ""D B Jain College"", ""sequence"": 9, ""stop_id"": ""BUS_8379""}, {""name"": ""Mettukuppam"", ""sequence"": 10, ""stop_id"": ""BUS_8323""}, {""name"": ""Ptc Quarters Or Mootakaran Chavadi"", ""sequence"": 11, ""stop_id"": ""BUS_10066""}, {""name"": ""Okkiyampet"", ""sequence"": 12, ""stop_id"": ""BUS_6686""}, {""name"": ""Kcg College"", ""sequence"": 13, ""stop_id"": ""BUS_6622""}, {""name"": ""Karapakkam"", ""sequence"": 14, ""stop_id"": ""BUS_6579""}, {""name"": ""Dollar Or Accenture"", ""sequence"": 15, ""stop_id"": ""BUS_10031""}, {""name"": ""Shozhinganallur"", ""sequence"": 16, ""stop_id"": ""BUS_10022""}, {""name"": ""Government School Shozhinganallur"", ""sequence"": 17, ""stop_id"": ""BUS_10012""}, {""name"": ""Ponniamman Kovil"", ""sequence"": 18, ""stop_id"": ""BUS_6454""}, {""name"": ""Kumaran Nagar"", ""sequence"": 19, ""stop_id"": ""BUS_6420""}, {""name"": ""Satyabhama University"", ""sequence"": 20, ""stop_id"": ""BUS_6403""}, {""name"": ""Semmancheri"", ""sequence"": 21, ""stop_id"": ""BUS_6358""}, {""name"": ""Ags Complex Navalur"", ""sequence"": 22, ""stop_id"": ""BUS_6314""}, {""name"": ""Navalur"", ""sequence"": 23, ""stop_id"": ""BUS_9974""}, {""name"": ""Egattur"", ""sequence"": 24, ""stop_id"": ""BUS_6269""}, {""name"": ""It Park Siruseri Or Muttukadu"", ""sequence"": 25, ""stop_id"": ""BUS_9966""}, {""name"": ""Tcs Gate 1"", ""sequence"": 26, ""stop_id"": ""BUS_6241""}, {""name"": ""Sipcot Industrial Park"", ""sequence"": 27, ""stop_id"": ""BUS_6223""}, {""name"": ""Tiruchariy Pudupakkam"", ""sequence"": 28, ""stop_id"": ""BUS_6207""}, {""name"": ""Amman Thottam"", ""sequence"": 29, ""stop_id"": ""BUS_6190""}, {""name"": ""Pudupakkam"", ""sequence"": 30, ""stop_id"": ""BUS_6182""}, {""name"": ""Pudupakkam School"", ""sequence"": 31, ""stop_id"": ""BUS_9951""}, {""name"": ""Pudupakkam Panchayat Office"", ""sequence"": 32, ""stop_id"": ""BUS_6171""}, {""name"": ""Cosmo City"", ""sequence"": 33, ""stop_id"": ""BUS_6165""}, {""name"": ""Pudupakkam Or Vandaloor Road Junction"", ""sequence"": 34, ""stop_id"": ""BUS_9948""}]}, {""direction_id"": 1, ""mode"": ""bus"", ""route_id"": ""GTFS_ROUTE_23155"", ""route_name"": ""102A"", ""source"": ""CHENNAI_COMMUNITY_GTFS"", ""stops"": [{""name"": ""Pudupakkam Or Vandaloor Road Junction"", ""sequence"": 1, ""stop_id"": ""BUS_9947""}, {""name"": ""Cosmo City"", ""sequence"": 2, ""stop_id"": ""BUS_6166""}, {""name"": ""Pudupakkam Panchayat Office"", ""sequence"": 3, ""stop_id"": ""BUS_6169""}, {""name"": ""Pudupakkam School"", ""sequence"": 4, ""stop_id"": ""BUS_9952""}, {""name"": ""Pudupakkam"", ""sequence"": 5, ""stop_id"": ""BUS_6181""}, {""name"": ""Amman Thottam"", ""sequence"": 6, ""stop_id"": ""BUS_6189""}, {""name"": ""Tiruchariy Pudupakkam"", ""sequence"": 7, ""stop_id"": ""BUS_6209""}, {""name"": ""Siruseri It Park"", ""sequence"": 8, ""stop_id"": ""BUS_9960""}, {""name"": ""Sipcot Industrial Park"", ""sequence"": 9, ""stop_id"": ""BUS_6224""}, {""name"": ""Tcs Gate 1"", ""sequence"": 10, ""stop_id"": ""BUS_6240""}, {""name"": ""It Park Siruseri Or Muttukadu"", ""sequence"": 11, ""stop_id"": ""BUS_9967""}, {""name"": ""Egattur"", ""sequence"": 12, ""stop_id"": ""BUS_6272""}, {""name"": ""Navalur"", ""sequence"": 13, ""stop_id"": ""BUS_9975""}, {""name"": ""Ags Complex Navalur"", ""sequence"": 14, ""stop_id"": ""BUS_6315""}, {""name"": ""Semmancheri"", ""sequence"": 15, ""stop_id"": ""BUS_6362""}, {""name"": ""Satyabhama University"", ""sequence"": 16, ""stop_id"": ""BUS_6398""}, {""name"": ""Kumaran Nagar"", ""sequence"": 17, ""stop_id"": ""BUS_6417""}, {""name"": ""Ponniamman Kovil"", ""sequence"": 18, ""stop_id"": ""BUS_6455""}, {""name"": ""Government School Shozhinganallur"", ""sequence"": 19, ""stop_id"": ""BUS_10013""}, {""name"": ""Shozhinganallur"", ""sequence"": 20, ""stop_id"": ""BUS_10023""}, {""name"": ""Shozhinganallur 1"", ""sequence"": 21, ""stop_id"": ""BUS_11165""}, {""name"": ""Dollar Or Accenture"", ""sequence"": 22, ""stop_id"": ""BUS_10034""}, {""name"": ""Karapakkam"", ""sequence"": 23, ""stop_id"": ""BUS_6580""}, {""name"": ""Kcg College"", ""sequence"": 24, ""stop_id"": ""BUS_6626""}, {""name"": ""Okkiyampet"", ""sequence"": 25, ""stop_id"": ""BUS_6684""}, {""name"": ""Ptc Quarters Or Mootakaran Chavadi"", ""sequence"": 26, ""stop_id"": ""BUS_10061""}, {""name"": ""Mettukuppam"", ""sequence"": 27, ""stop_id"": ""BUS_8321""}, {""name"": ""D B Jain College"", ""sequence"": 28, ""stop_id"": ""BUS_8377""}, {""name"": ""Seevaram"", ""sequence"": 29, ""stop_id"": ""BUS_8418""}, {""name"": ""Perungudi"", ""sequence"": 30, ""stop_id"": ""BUS_8477""}, {""name"": ""Kandanchavadi"", ""sequence"": 31, ""stop_id"": ""BUS_8561""}, {""name"": ""I G P"", ""sequence"": 32, ""stop_id"": ""BUS_8636""}, {""name"": ""Srp Tools"", ""sequence"": 33, ""stop_id"": ""BUS_8690""}, {""name"": ""Tidel Park"", ""sequence"": 34, ""stop_id"": ""BUS_8820""}, {""name"": ""Jayanthi Theatre"", ""sequence"": 35, ""stop_id"": ""BUS_10815""}, {""name"": ""Thiruvanmiyur Bus Stand"", ""sequence"": 36, ""stop_id"": ""BUS_5908""}]}], ""truncated"": false, ""uncovered_route_ids"": []}, ""intent"": ""route_stop_sequence"", ""missing_slots"": [], ""operation"": ""LIST_ROUTE_STOPS"", ""outcome_reason"": ""answered"", ""response_text"": ""102A stops: Thiruvanmiyur Bus Stand, Jayanthi Theatre, Tidel Park, Srp Tools, I G P, Kandanchavadi, Perungudi, Seevaram, …. Published stop sequences found. Service operation is not confirmed."", ""slots"": {""route_number"": ""102A"", ""transport_mode"": ""bus""}, ""status"": ""ok""}"
HG200_033,"२५R ki stops wali list do, bus number Hindi digits me likha hai",route_stop_sequence,LIST_ROUTE_STOPS,native_digit_contrast,Preserve 25R route identity after digit normalization; do not ask for an already supplied route.,200,route_stop_sequence,LIST_ROUTE_STOPS,ok,answered,"25 R stops: Anna Square Bus Terminus one, Madras University, Marina Beach, Kannagi Statue Or Presidency College, Vivekananda House, Ice House Police Station, Meersahibpet Market, New College, …. Published stop sequences found. Service operation is not confirmed.",1423.62,"{""candidate_entities"": [], ""candidate_intents"": [""route_stop_sequence""], ""clarification_reason"": null, ""data"": {""excluded_unusable_rows"": 0, ""partial_topology"": false, ""provisional"": true, ""sequences"": [{""direction_id"": 0, ""mode"": ""bus"", ""route_id"": ""GTFS_ROUTE_20163"", ""route_name"": ""25 R"", ""source"": ""CHENNAI_COMMUNITY_GTFS"", ""stops"": [{""name"": ""Anna Square Bus Terminus one"", ""sequence"": 1, ""stop_id"": ""BUS_495""}, {""name"": ""Madras University"", ""sequence"": 2, ""stop_id"": ""BUS_2413""}, {""name"": ""Marina Beach"", ""sequence"": 3, ""stop_id"": ""BUS_2601""}, {""name"": ""Kannagi Statue Or Presidency College"", ""sequence"": 4, ""stop_id"": ""BUS_5918""}, {""name"": ""Vivekananda House"", ""sequence"": 5, ""stop_id"": ""BUS_5916""}, {""name"": ""Ice House Police Station"", ""sequence"": 6, ""stop_id"": ""BUS_9449""}, {""name"": ""Meersahibpet Market"", ""sequence"": 7, ""stop_id"": ""BUS_9455""}, {""name"": ""New College"", ""sequence"": 8, ""stop_id"": ""BUS_9464""}, {""name"": ""Thousand Light Or Us Embassy"", ""sequence"": 9, ""stop_id"": ""BUS_154""}, {""name"": ""M.G.R Salai Nungambakkam Or Palm Grove"", ""sequence"": 10, ""stop_id"": ""BUS_5560""}, {""name"": ""Vetnary Hospital"", ""sequence"": 11, ""stop_id"": ""BUS_156""}, {""name"": ""Periyar Salai"", ""sequence"": 12, ""stop_id"": ""BUS_104""}, {""name"": ""Liberty"", ""sequence"": 13, ""stop_id"": ""BUS_63""}, {""name"": ""Trustpuram"", ""sequence"": 14, ""stop_id"": ""BUS_138""}, {""name"": ""Power House Kodambakkam"", ""sequence"": 15, ""stop_id"": ""BUS_111""}, {""name"": ""Saamiyar Madam"", ""sequence"": 16, ""stop_id"": ""BUS_120""}, {""name"": ""Nagathamman Koil"", ""sequence"": 17, ""stop_id"": ""BUS_90""}, {""name"": ""Virugambakkam"", ""sequence"": 18, ""stop_id"": ""BUS_9393""}, {""name"": ""Alwar Thirunagar"", ""sequence"": 19, ""stop_id"": ""BUS_10235""}, {""name"": ""Kesavardhini"", ""sequence"": 20, ""stop_id"": ""BUS_9359""}, {""name"": ""Valasaravakkam"", ""sequence"": 21, ""stop_id"": ""BUS_9351""}, {""name"": ""Jai Garden"", ""sequence"": 22, ""stop_id"": ""BUS_9326""}, {""name"": ""Gopala Krishna Theatre"", ""sequence"": 23, ""stop_id"": ""BUS_9269""}, {""name"": ""Porur"", ""sequence"": 24, ""stop_id"": ""BUS_5774""}, {""name"": ""Ramachandra Hospital"", ""sequence"": 25, ""stop_id"": ""BUS_5775""}, {""name"": ""Iyappanthangal"", ""sequence"": 26, ""stop_id"": ""BUS_5776""}, {""name"": ""Iyyappanthangal Bus Depot"", ""sequence"": 27, ""stop_id"": ""BUS_5926""}, {""name"": ""Kattupakkam"", ""sequence"": 28, ""stop_id"": ""BUS_5778""}, {""name"": ""Poonamallee Municipality Or Kumananchavadi"", ""sequence"": 29, ""stop_id"": ""BUS_5642""}, {""name"": ""Karayanchavadi"", ""sequence"": 30, ""stop_id"": ""BUS_5780""}, {""name"": ""Kallarai"", ""sequence"": 31, ""stop_id"": ""BUS_5781""}, {""name"": ""Poonamallee Government Hospital"", ""sequence"": 32, ""stop_id"": ""BUS_5782""}, {""name"": ""Poonamallee"", ""sequence"": 33, ""stop_id"": ""BUS_9440""}]}], ""truncated"": false, ""uncovered_route_ids"": []}, ""intent"": ""route_stop_sequence"", ""missing_slots"": [], ""operation"": ""LIST_ROUTE_STOPS"", ""outcome_reason"": ""answered"", ""response_text"": ""25 R stops: Anna Square Bus Terminus one, Madras University, Marina Beach, Kannagi Statue Or Presidency College, Vivekananda House, Ice House Police Station, Meersahibpet Market, New College, …. Published stop sequences found. Service operation is not confirmed."", ""slots"": {""route_number"": ""25R"", ""transport_mode"": ""bus""}, ""status"": ""ok""}"
HG200_034,"Ek bus ka saara stops sequence jaana hai, number abhi mere paas nahi",route_stop_sequence,LIST_ROUTE_STOPS,missing_route,Ask for route number or line name; do not pick a default bus.,200,route_stop_sequence,LIST_ROUTE_STOPS,clarification,missing_execution_slot,Please provide the route number or line name.,1401.46,"{""candidate_entities"": [], ""candidate_intents"": [""route_stop_sequence""], ""clarification_reason"": ""missing_slot"", ""data"": {}, ""intent"": ""route_stop_sequence"", ""missing_slots"": [""route_number_or_line_name""], ""operation"": ""LIST_ROUTE_STOPS"", ""outcome_reason"": ""missing_execution_slot"", ""response_text"": ""Please provide the route number or line name."", ""slots"": {""transport_mode"": ""bus""}, ""status"": ""clarification""}"
HG200_035,102K# ka stop order kya hai? hash wala variant hi batana,route_stop_sequence,LIST_ROUTE_STOPS,express_variant,Keep the meaningful # suffix and do not answer another route variant.,200,route_stop_sequence,LIST_ROUTE_STOPS,clarification,missing_execution_slot,Please provide the route number or line name.,1371.54,"{""candidate_entities"": [], ""candidate_intents"": [""route_stop_sequence""], ""clarification_reason"": ""missing_slot"", ""data"": {}, ""intent"": ""route_stop_sequence"", ""missing_slots"": [""route_number_or_line_name""], ""operation"": ""LIST_ROUTE_STOPS"", ""outcome_reason"": ""missing_execution_slot"", ""response_text"": ""Please provide the route number or line name."", ""slots"": {}, ""status"": ""clarification""}"
HG200_036,Bus route 27D me dono direction ke stop order alag hote to dono dikhao,route_stop_sequence,LIST_ROUTE_STOPS,directional_variants,Return separate sourced directional sequences with provisional/completeness qualifications.,200,route_stop_sequence,LIST_ROUTE_STOPS,ok,answered,"27D stops: Ayanavaram Depot, Sayani Theatre Aynavaram, Noor Hotel, Joint Office, Railway Quarters, Kambar Arangam, Icf, Icf. Published stop sequences found. Service operation is not confirmed.",1353.06,"{""candidate_entities"": [], ""candidate_intents"": [""route_stop_sequence""], ""clarification_reason"": null, ""data"": {""excluded_unusable_rows"": 0, ""partial_topology"": false, ""provisional"": true, ""sequences"": [{""direction_id"": 1, ""mode"": ""bus"", ""route_id"": ""GTFS_ROUTE_18808"", ""route_name"": ""27D"", ""source"": ""CHENNAI_COMMUNITY_GTFS"", ""stops"": [{""name"": ""Ayanavaram Depot"", ""sequence"": 1, ""stop_id"": ""BUS_9904""}, {""name"": ""Sayani Theatre Aynavaram"", ""sequence"": 2, ""stop_id"": ""BUS_5618""}, {""name"": ""Noor Hotel"", ""sequence"": 3, ""stop_id"": ""BUS_5617""}, {""name"": ""Joint Office"", ""sequence"": 4, ""stop_id"": ""BUS_5616""}, {""name"": ""Railway Quarters"", ""sequence"": 5, ""stop_id"": ""BUS_5615""}, {""name"": ""Kambar Arangam"", ""sequence"": 6, ""stop_id"": ""BUS_5614""}, {""name"": ""Icf"", ""sequence"": 7, ""stop_id"": ""BUS_5613""}, {""name"": ""Icf"", ""sequence"": 8, ""stop_id"": ""BUS_5669""}]}, {""direction_id"": 1, ""mode"": ""bus"", ""route_id"": ""GTFS_ROUTE_10605"", ""route_name"": ""27D"", ""source"": ""CHENNAI_COMMUNITY_GTFS"", ""stops"": [{""name"": ""Ayanavaram Depot"", ""sequence"": 1, ""stop_id"": ""BUS_9904""}, {""name"": ""Noor Hotel"", ""sequence"": 2, ""stop_id"": ""BUS_5665""}, {""name"": ""Joint Office"", ""sequence"": 3, ""stop_id"": ""BUS_5666""}, {""name"": ""Railway Quarters"", ""sequence"": 4, ""stop_id"": ""BUS_5667""}, {""name"": ""Kambar Arangam"", ""sequence"": 5, ""stop_id"": ""BUS_5668""}, {""name"": ""Icf"", ""sequence"": 6, ""stop_id"": ""BUS_5669""}, {""name"": ""Icf Annexe"", ""sequence"": 7, ""stop_id"": ""BUS_5670""}, {""name"": ""Kallukkadai"", ""sequence"": 8, ""stop_id"": ""BUS_5671""}, {""name"": ""Kalpana Hotel"", ""sequence"": 9, ""stop_id"": ""BUS_5672""}, {""name"": ""Villivakkam Bus Stand"", ""sequence"": 10, ""stop_id"": ""BUS_5817""}]}, {""direction_id"": 0, ""mode"": ""bus"", ""route_id"": ""GTFS_ROUTE_18780"", ""route_name"": ""27D"", ""source"": ""CHENNAI_COMMUNITY_GTFS"", ""stops"": [{""name"": ""Icf"", ""sequence"": 1, ""stop_id"": ""BUS_5669""}, {""name"": ""Kalpana Hotel"", ""sequence"": 2, ""stop_id"": ""BUS_5610""}, {""name"": ""Kallukkadai"", ""sequence"": 3, ""stop_id"": ""BUS_5611""}, {""name"": ""Icf Annexe"", ""sequence"": 4, ""stop_id"": ""BUS_5612""}, {""name"": ""Icf"", ""sequence"": 5, ""stop_id"": ""BUS_5613""}, {""name"": ""Kambar Arangam"", ""sequence"": 6, ""stop_id"": ""BUS_5614""}, {""name"": ""Railway Quarters"", ""sequence"": 7, ""stop_id"": ""BUS_5615""}, {""name"": ""Joint Office"", ""sequence"": 8, ""stop_id"": ""BUS_5616""}, {""name"": ""Noor Hotel"", ""sequence"": 9, ""stop_id"": ""BUS_5617""}, {""name"": ""Sayani Theatre Aynavaram"", ""sequence"": 10, ""stop_id"": ""BUS_5618""}, {""name"": ""Ayanavaram Depot"", ""sequence"": 11, ""stop_id"": ""BUS_9904""}]}, {""direction_id"": 0, ""mode"": ""bus"", ""route_id"": ""GTFS_ROUTE_18782"", ""route_name"": ""27D"", ""source"": ""CHENNAI_COMMUNITY_GTFS"", ""stops"": [{""name"": ""Foreshore Estate Bus Terminus"", ""sequence"": 1, ""stop_id"": ""BUS_247677936""}, {""name"": ""Foreshore Estate Bus Stop"", ""sequence"": 2, ""stop_id"": ""BUS_5820""}, {""name"": ""Kuil Thoppu"", ""sequence"": 3, ""stop_id"": ""BUS_5644""}, {""name"": ""Employment Office"", ""sequence"": 4, ""stop_id"": ""BUS_5645""}, {""name"": ""Santhome Church"", ""sequence"": 5, ""stop_id"": ""BUS_5646""}, {""name"": ""All India Radio Light House"", ""sequence"": 6, ""stop_id"": ""BUS_5647""}, {""name"": ""D.G.P Office"", ""sequence"": 7, ""stop_id"": ""BUS_5648""}, {""name"": ""City Centre Or Kalyani Hospital"", ""sequence"": 8, ""stop_id"": ""BUS_5777""}, {""name"": ""Yellow Pages"", ""sequence"": 9, ""stop_id"": ""BUS_5566""}, {""name"": ""Avm Rajeshwari Thirumana Mandapam"", ""sequence"": 10, ""stop_id"": ""BUS_5582""}, {""name"": ""New Woodlands"", ""sequence"": 11, ""stop_id"": ""BUS_5575""}, {""name"": ""Chola Hotel Or Music Academy"", ""sequence"": 12, ""stop_id"": ""BUS_5783""}, {""name"": ""Stella Marys College"", ""sequence"": 13, ""stop_id"": ""BUS_5651""}, {""name"": ""Semmozhi Poonga"", ""sequence"": 14, ""stop_id"": ""BUS_5652""}, {""name"": ""Anand Theatre Or Thousand Light"", ""sequence"": 15, ""stop_id"": ""BUS_155""}, {""name"": ""Spencer Plaza"", ""sequence"": 16, ""stop_id"": ""BUS_129""}, {""name"": ""Lic"", ""sequence"": 17, ""stop_id"": ""BUS_66""}, {""name"": ""Shanthi Theatre"", ""sequence"": 18, ""stop_id"": ""BUS_121""}, {""name"": ""Pudupet"", ""sequence"": 19, ""stop_id"": ""BUS_5654""}, {""name"": ""Egmore Court"", ""sequence"": 20, ""stop_id"": ""BUS_5655""}, {""name"": ""Commissioner Office"", ""sequence"": 21, ""stop_id"": ""BUS_33""}, {""name"": ""Egmore Station Mmda"", ""sequence"": 22, ""stop_id"": ""BUS_20""}, {""name"": ""Egmore Railway Station - South"", ""sequence"": 23, ""stop_id"": ""BUS_5748""}, {""name"": ""T N Sports Authority"", ""sequence"": 24, ""stop_id"": ""BUS_134""}, {""name"": ""Dasaprakash Hotel Or Petrol Pump"", ""sequence"": 25, ""stop_id"": ""BUS_5757""}, {""name"": ""Dharma Prakash Or Mctm School"", ""sequence"": 26, ""stop_id"": ""BUS_5658""}, {""name"": ""Alagappa Schools"", ""sequence"": 27, ""stop_id"": ""BUS_5659""}, {""name"": ""Motcham Aysha Hospital Or Motcham Theatre"", ""sequence"": 28, ""stop_id"": ""BUS_5622""}, {""name"": ""Motcham Theatre Or Grt"", ""sequence"": 29, ""stop_id"": ""BUS_5660""}, {""name"": ""Abirami Theatre"", ""sequence"": 30, ""stop_id"": ""BUS_5661""}, {""name"": ""Medavakkam Kellys"", ""sequence"": 31, ""stop_id"": ""BUS_5662""}, {""name"": ""Medavakkam Mental Hospital"", ""sequence"": 32, ""stop_id"": ""BUS_5663""}, {""name"": ""E.S.I Hospital Ayanavaram"", ""sequence"": 33, ""stop_id"": ""BUS_5735""}, {""name"": ""Sayani Theatre Aynavaram"", ""sequence"": 34, ""stop_id"": ""BUS_5664""}, {""name"": ""Noor Hotel"", ""sequence"": 35, ""stop_id"": ""BUS_5665""}, {""name"": ""Joint Office"", ""sequence"": 36, ""stop_id"": ""BUS_5666""}, {""name"": ""Railway Quarters"", ""sequence"": 37, ""stop_id"": ""BUS_5667""}, {""name"": ""Kambar Arangam"", ""sequence"": 38, ""stop_id"": ""BUS_5668""}, {""name"": ""Icf"", ""sequence"": 39, ""stop_id"": ""BUS_5669""}]}, {""direction_id"": 1, ""mode"": ""bus"", ""route_id"": ""GTFS_ROUTE_20311"", ""route_name"": ""27D"", ""source"": ""CHENNAI_COMMUNITY_GTFS"", ""stops"": [{""name"": ""Icf"", ""sequence"": 1, ""stop_id"": ""BUS_5669""}, {""name"": ""Kalpana Hotel"", ""sequence"": 2, ""stop_id"": ""BUS_5610""}, {""name"": ""Kallukkadai"", ""sequence"": 3, ""stop_id"": ""BUS_5611""}, {""name"": ""Icf Annexe"", ""sequence"": 4, ""stop_id"": ""BUS_5612""}, {""name"": ""Icf"", ""sequence"": 5, ""stop_id"": ""BUS_5613""}, {""name"": ""Kambar Arangam"", ""sequence"": 6, ""stop_id"": ""BUS_5614""}, {""name"": ""Railway Quarters"", ""sequence"": 7, ""stop_id"": ""BUS_5615""}, {""name"": ""Joint Office"", ""sequence"": 8, ""stop_id"": ""BUS_5616""}, {""name"": ""Noor Hotel"", ""sequence"": 9, ""stop_id"": ""BUS_5617""}, {""name"": ""Sayani Theatre Aynavaram"", ""sequence"": 10, ""stop_id"": ""BUS_5618""}, {""name"": ""E.S.I Hospital Ayanavaram"", ""sequence"": 11, ""stop_id"": ""BUS_5721""}, {""name"": ""Medavakkam Mental Hospital"", ""sequence"": 12, ""stop_id"": ""BUS_5620""}, {""name"": ""Medavakkam Kellys"", ""sequence"": 13, ""stop_id"": ""BUS_5621""}, {""name"": ""Motcham Aysha Hospital Or Motcham Theatre"", ""sequence"": 14, ""stop_id"": ""BUS_5622""}, {""name"": ""Purasaivakkam Tank"", ""sequence"": 15, ""stop_id"": ""BUS_5623""}, {""name"": ""Alagappa Schools"", ""sequence"": 16, ""stop_id"": ""BUS_5624""}, {""name"": ""Dharma Prakash Or Mctm School"", ""sequence"": 17, ""stop_id"": ""BUS_5625""}, {""name"": ""Dasaprakash Hotel Or Petrol Pump"", ""sequence"": 18, ""stop_id"": ""BUS_5754""}, {""name"": ""T N Sports Authority"", ""sequence"": 19, ""stop_id"": ""BUS_9634""}, {""name"": ""Egmore Railway Station - South"", ""sequence"": 20, ""stop_id"": ""BUS_5748""}, {""name"": ""Albert Theatre"", ""sequence"": 21, ""stop_id"": ""BUS_9640""}, {""name"": ""Commissioner Office"", ""sequence"": 22, ""stop_id"": ""BUS_9609""}, {""name"": ""Egmore Court"", ""sequence"": 23, ""stop_id"": ""BUS_5628""}, {""name"": ""Aadhithanar salai - Pudupet"", ""sequence"": 24, ""stop_id"": ""BUS_11145""}, {""name"": ""Pudupet"", ""sequence"": 25, ""stop_id"": ""BUS_5629""}, {""name"": ""Shanthi Theatre"", ""sequence"": 26, ""stop_id"": ""BUS_122""}, {""name"": ""Lic"", ""sequence"": 27, ""stop_id"": ""BUS_65""}, {""name"": ""Spencer Plaza TVS"", ""sequence"": 28, ""stop_id"": ""BUS_128""}, {""name"": ""Anand Theatre Or Thousand Light"", ""sequence"": 29, ""stop_id"": ""BUS_5630""}, {""name"": ""Church Park School"", ""sequence"": 30, ""stop_id"": ""BUS_29""}, {""name"": ""Thousand Light Or Us Embassy"", ""sequence"": 31, ""stop_id"": ""BUS_154""}, {""name"": ""Semmozhi Poonga"", ""sequence"": 32, ""stop_id"": ""BUS_5632""}, {""name"": ""Stella Marys College"", ""sequence"": 33, ""stop_id"": ""BUS_5633""}, {""name"": ""Chola Hotel Or Music Academy"", ""sequence"": 34, ""stop_id"": ""BUS_5779""}, {""name"": ""New Woodlands"", ""sequence"": 35, ""stop_id"": ""BUS_9384""}, {""name"": ""Avm Rajeshwari Thirumana Mandapam"", ""sequence"": 36, ""stop_id"": ""BUS_5635""}, {""name"": ""Yellow Pages"", ""sequence"": 37, ""stop_id"": ""BUS_5924""}, {""name"": ""City Centre Or Kalyani Hospital"", ""sequence"": 38, ""stop_id"": ""BUS_5765""}, {""name"": ""D.G.P Office"", ""sequence"": 39, ""stop_id"": ""BUS_5637""}, {""name"": ""All India Radio Light House"", ""sequence"": 40, ""stop_id"": ""BUS_5638""}, {""name"": ""Santhome Church"", ""sequence"": 41, ""stop_id"": ""BUS_5639""}, {""name"": ""Employment Office"", ""sequence"": 42, ""stop_id"": ""BUS_5640""}, {""name"": ""Kuil Thoppu"", ""sequence"": 43, ""stop_id"": ""BUS_5641""}, {""name"": ""Foreshore Estate Bus Stop"", ""sequence"": 44, ""stop_id"": ""BUS_5819""}, {""name"": ""Foreshore Estate Bus Terminus"", ""sequence"": 45, ""stop_id"": ""BUS_247677936""}]}], ""truncated"": false, ""uncovered_route_ids"": []}, ""intent"": ""route_stop_sequence"", ""missing_slots"": [], ""operation"": ""LIST_ROUTE_STOPS"", ""outcome_reason"": ""answered"", ""response_text"": ""27D stops: Ayanavaram Depot, Sayani Theatre Aynavaram, Noor Hotel, Joint Office, Railway Quarters, Kambar Arangam, Icf, Icf. Published stop sequences found. Service operation is not confirmed."", ""slots"": {""route_number"": ""27D"", ""transport_mode"": ""bus""}, ""status"": ""ok""}"
HG200_037,29C bus T Nagar par rukti hai ya bypass kar deti h?,route_stop_membership,CHECK_STOP_ON_ROUTE,colloquial,Check the requested stop on 29C; negative membership requires complete consistent route evidence.,200,route_stop_membership,CHECK_STOP_ON_ROUTE,clarification,missing_execution_slot,Please provide the stop to check.,1364.98,"{""candidate_entities"": [], ""candidate_intents"": [""route_stop_membership""], ""clarification_reason"": ""missing_slot"", ""data"": {}, ""intent"": ""route_stop_membership"", ""missing_slots"": [""stop""], ""operation"": ""CHECK_STOP_ON_ROUTE"", ""outcome_reason"": ""missing_execution_slot"", ""response_text"": ""Please provide the stop to check."", ""slots"": {""route_number"": ""29C"", ""transport_mode"": ""bus""}, ""status"": ""clarification""}"
HG200_038,21G bus me Guindy stop aata h kya bhai?,route_stop_membership,CHECK_STOP_ON_ROUTE,roman_spelling,"Recognize membership, retain Guindy stop and 21G route; ambiguity may require an explicit stop choice.",200,route_stop_membership,,clarification,entity_ambiguity,Please clarify which stop or location you mean.,1383.25,"{""candidate_entities"": [""BUS_1007625852"", ""BUS_10167"", ""BUS_11200"", ""BUS_11203"", ""BUS_2241055785"", ""BUS_256039818"", ""BUS_3264712327"", ""BUS_3264712469"", ""BUS_5631301427"", ""BUS_CMRL_22""], ""candidate_intents"": [""route_stop_membership""], ""clarification_reason"": ""entity_ambiguity"", ""data"": {}, ""intent"": ""route_stop_membership"", ""missing_slots"": [], ""operation"": null, ""outcome_reason"": ""entity_ambiguity"", ""response_text"": ""Please clarify which stop or location you mean."", ""slots"": {""route_number"": ""21G"", ""transport_mode"": ""bus""}, ""status"": ""clarification""}"
HG200_039,"102A me Adyar included hai ki nahi, sirf ye confirm karna",route_stop_membership,CHECK_STOP_ON_ROUTE,suffix,Check Adyar membership on exactly 102A; do not give full route advice.,200,route_stop_sequence,LIST_ROUTE_STOPS,clarification,missing_execution_slot,Please provide the route number or line name.,1374.16,"{""candidate_entities"": [], ""candidate_intents"": [""route_stop_sequence""], ""clarification_reason"": ""missing_slot"", ""data"": {}, ""intent"": ""route_stop_sequence"", ""missing_slots"": [""route_number_or_line_name""], ""operation"": ""LIST_ROUTE_STOPS"", ""outcome_reason"": ""missing_execution_slot"", ""response_text"": ""Please provide the route number or line name."", ""slots"": {}, ""status"": ""clarification""}"
HG200_040,570 S bus Sholinganallur pe halt karti hai?,route_stop_membership,CHECK_STOP_ON_ROUTE,split_suffix,Normalize route suffix and check Sholinganallur membership without inferring current running service.,200,route_stop_membership,CHECK_STOP_ON_ROUTE,unavailable,unsupported_source,Route or stop is absent from the canonical snapshot.,1392.33,"{""candidate_entities"": [], ""candidate_intents"": [""route_stop_membership""], ""clarification_reason"": null, ""data"": {}, ""intent"": ""route_stop_membership"", ""missing_slots"": [], ""operation"": ""CHECK_STOP_ON_ROUTE"", ""outcome_reason"": ""unsupported_source"", ""response_text"": ""Route or stop is absent from the canonical snapshot."", ""slots"": {""route_number"": ""570S"", ""stop"": ""BUS_5093966251"", ""transport_mode"": ""bus""}, ""status"": ""unavailable""}"
HG200_041,Green Line me Guindy station padta hai kya?,route_stop_membership,CHECK_STOP_ON_ROUTE,line_membership,Check the named station against Green Line topology; do not assume membership from location alone.,200,interchange_transfer,GET_INTERCHANGE_DETAILS,unavailable,unsupported_source,The snapshot has no confirmed interchange records.,1365.55,"{""candidate_entities"": [], ""candidate_intents"": [""interchange_transfer""], ""clarification_reason"": null, ""data"": {""reason"": ""confirmed_interchanges_absent""}, ""intent"": ""interchange_transfer"", ""missing_slots"": [], ""operation"": ""GET_INTERCHANGE_DETAILS"", ""outcome_reason"": ""unsupported_source"", ""response_text"": ""The snapshot has no confirmed interchange records."", ""slots"": {}, ""status"": ""unavailable""}"
HG200_042,Blue Line ke stops me Egmore bhi hai kya?,route_stop_membership,CHECK_STOP_ON_ROUTE,line_membership,Recognize one-station line membership rather than nearest or route planning.,200,route_stop_sequence,LIST_ROUTE_STOPS,unavailable,unsupported_source,No mode-consistent published stop sequence is available for that route.,1368.98,"{""candidate_entities"": [], ""candidate_intents"": [""route_stop_sequence""], ""clarification_reason"": null, ""data"": {}, ""intent"": ""route_stop_sequence"", ""missing_slots"": [], ""operation"": ""LIST_ROUTE_STOPS"", ""outcome_reason"": ""unsupported_source"", ""response_text"": ""No mode-consistent published stop sequence is available for that route."", ""slots"": {""line_name"": ""Blue Line""}, ""status"": ""unavailable""}"
HG200_043,२१G bus Saidapet par rukti hai kya? Hindi digits ko bus number samjho,route_stop_membership,CHECK_STOP_ON_ROUTE,native_digit_contrast,Interpret २१G as 21G route and preserve Saidapet stop.,200,route_stop_sequence,LIST_ROUTE_STOPS,ok,answered,"21G stops: Alandur Court, Meeanambakkam International Airport, Thirusoolam National Airport, Pallavaram Or English Electrical, Pallavaram, Saravana Store Chromepet, Chromepet, Tambaram Tb Hospital, …. Partial published stop coverage found; unusable links or uncovered route variants are omitted. Service operation is not confirmed.",1421.33,"{""candidate_entities"": [], ""candidate_intents"": [""route_stop_sequence""], ""clarification_reason"": null, ""data"": {""excluded_unusable_rows"": 4, ""partial_topology"": true, ""provisional"": true, ""sequences"": [{""direction_id"": 1, ""mode"": ""bus"", ""route_id"": ""GTFS_ROUTE_15116"", ""route_name"": ""21G"", ""source"": ""CHENNAI_COMMUNITY_GTFS"", ""stops"": [{""name"": ""Alandur Court"", ""sequence"": 1, ""stop_id"": ""BUS_8938""}, {""name"": ""Meeanambakkam International Airport"", ""sequence"": 2, ""stop_id"": ""BUS_8785""}, {""name"": ""Thirusoolam National Airport"", ""sequence"": 3, ""stop_id"": ""BUS_8699""}, {""name"": ""Pallavaram Or English Electrical"", ""sequence"": 4, ""stop_id"": ""BUS_10123""}, {""name"": ""Pallavaram"", ""sequence"": 5, ""stop_id"": ""BUS_8578""}, {""name"": ""Saravana Store Chromepet"", ""sequence"": 6, ""stop_id"": ""BUS_8462""}, {""name"": ""Chromepet"", ""sequence"": 7, ""stop_id"": ""BUS_8424""}, {""name"": ""Tambaram Tb Hospital"", ""sequence"": 8, ""stop_id"": ""BUS_8364""}, {""name"": ""Tambaram Sanatorium B.T"", ""sequence"": 9, ""stop_id"": ""BUS_6747""}, {""name"": ""Tambaram Railway Station"", ""sequence"": 10, ""stop_id"": ""BUS_6681""}, {""name"": ""Irumbuliyur"", ""sequence"": 11, ""stop_id"": ""BUS_6594""}, {""name"": ""Perungalattur"", ""sequence"": 12, ""stop_id"": ""BUS_6553""}, {""name"": ""Perungalathur Sriram Gate"", ""sequence"": 13, ""stop_id"": ""BUS_6528""}, {""name"": ""Perungalathur Iraniyamman Temple"", ""sequence"": 14, ""stop_id"": ""BUS_10015""}, {""name"": ""Kilambakkam Bus Terminus"", ""sequence"": 15, ""stop_id"": ""BUS_9991""}]}, {""direction_id"": 1, ""mode"": ""bus"", ""route_id"": ""GTFS_ROUTE_20534"", ""route_name"": ""21G"", ""source"": ""CHENNAI_COMMUNITY_GTFS"", ""stops"": [{""name"": ""Kilambakkam Bus Terminus"", ""sequence"": 1, ""stop_id"": ""BUS_9991""}, {""name"": ""Vandalur Zoo"", ""sequence"": 2, ""stop_id"": ""BUS_6435""}, {""name"": ""Vandalur Gate"", ""sequence"": 3, ""stop_id"": ""BUS_6490""}, {""name"": ""Perungalattur"", ""sequence"": 4, ""stop_id"": ""BUS_6554""}, {""name"": ""Irumbuliyur"", ""sequence"": 5, ""stop_id"": ""BUS_6592""}, {""name"": ""Tambaram West Bus Stand"", ""sequence"": 6, ""stop_id"": ""BUS_6693""}, {""name"": ""Tambaram Sanatorium B.T"", ""sequence"": 7, ""stop_id"": ""BUS_6748""}, {""name"": ""Tambaram Tb Hospital"", ""sequence"": 8, ""stop_id"": ""BUS_8365""}, {""name"": ""Chromepet"", ""sequence"": 9, ""stop_id"": ""BUS_8421""}, {""name"": ""Saravana Store Chromepet"", ""sequence"": 10, ""stop_id"": ""BUS_8464""}, {""name"": ""Pallavaram Bus Stand"", ""sequence"": 11, ""stop_id"": ""BUS_8577""}, {""name"": ""Thirusoolam National Airport"", ""sequence"": 12, ""stop_id"": ""BUS_8729""}, {""name"": ""St Thomas Mount Head Post Office"", ""sequence"": 14, ""stop_id"": ""BUS_8964""}, {""name"": ""Asarkana Omni Bus Stop"", ""sequence"": 15, ""stop_id"": ""BUS_8967""}, {""name"": ""Guindy Bus Terminus"", ""sequence"": 16, ""stop_id"": ""BUS_1461""}, {""name"": ""Chellammal College"", ""sequence"": 17, ""stop_id"": ""BUS_908""}, {""name"": ""Chinnamalai Or Saidapet Court"", ""sequence"": 18, ""stop_id"": ""BUS_5785""}, {""name"": ""Anna University"", ""sequence"": 19, ""stop_id"": ""BUS_502""}, {""name"": ""Gandhi Mandapam"", ""sequence"": 20, ""stop_id"": ""BUS_1337""}, {""name"": ""Kottur"", ""sequence"": 21, ""stop_id"": ""BUS_2142""}, {""name"": ""Kotturpuram"", ""sequence"": 22, ""stop_id"": ""BUS_2145""}, {""name"": ""Nandanam Park"", ""sequence"": 23, ""stop_id"": ""BUS_3016""}, {""name"": ""Adyar Gate"", ""sequence"": 24, ""stop_id"": ""BUS_243""}, {""name"": ""Kaliyappa Hospital"", ""sequence"": 25, ""stop_id"": ""BUS_1740""}, {""name"": ""Mandaveli Railway Station"", ""sequence"": 26, ""stop_id"": ""BUS_2533""}, {""name"": ""Mandaveli Bus Terminus"", ""sequence"": 27, ""stop_id"": ""BUS_6""}]}, {""direction_id"": 0, ""mode"": ""bus"", ""route_id"": ""GTFS_ROUTE_20535"", ""route_name"": ""21G"", ""source"": ""CHENNAI_COMMUNITY_GTFS"", ""stops"": [{""name"": ""Tambaram West Bus Stand"", ""sequence"": 1, ""stop_id"": ""BUS_6693""}, {""name"": ""Kadaperi"", ""sequence"": 2, ""stop_id"": ""BUS_6712""}, {""name"": ""Tambaram Sanatorium B.T"", ""sequence"": 3, ""stop_id"": ""BUS_6748""}, {""name"": ""Tambaram Tb Hospital"", ""sequence"": 4, ""stop_id"": ""BUS_8365""}, {""name"": ""Chromepet Mit Gate"", ""sequence"": 5, ""stop_id"": ""BUS_8386""}, {""name"": ""Chromepet"", ""sequence"": 6, ""stop_id"": ""BUS_8421""}, {""name"": ""Saravana Store Chromepet"", ""sequence"": 7, ""stop_id"": ""BUS_8464""}, {""name"": ""Ponds Company"", ""sequence"": 8, ""stop_id"": ""BUS_8501""}, {""name"": ""Pallavaram"", ""sequence"": 9, ""stop_id"": ""BUS_8567""}, {""name"": ""Pallavaram Or English Electrical"", ""sequence"": 10, ""stop_id"": ""BUS_10124""}, {""name"": ""Thirusoolam National Airport"", ""sequence"": 11, ""stop_id"": ""BUS_8729""}, {""name"": ""Alandur Depot"", ""sequence"": 13, ""stop_id"": ""BUS_8936""}, {""name"": ""St Thomas Mount Head Post Office"", ""sequence"": 14, ""stop_id"": ""BUS_8964""}, {""name"": ""Guindy Bus Terminus"", ""sequence"": 16, ""stop_id"": ""BUS_1461""}, {""name"": ""Chellammal College"", ""sequence"": 17, ""stop_id"": ""BUS_908""}, {""name"": ""Anna University"", ""sequence"": 19, ""stop_id"": ""BUS_502""}, {""name"": ""B M Birla Planetarium Or Clri"", ""sequence"": 20, ""stop_id"": ""BUS_10172""}, {""name"": ""Kottur"", ""sequence"": 21, ""stop_id"": ""BUS_2142""}, {""name"": ""Kotturpuram"", ""sequence"": 22, ""stop_id"": ""BUS_2145""}, {""name"": ""Nandanam Park"", ""sequence"": 23, ""stop_id"": ""BUS_3016""}, {""name"": ""Adyar Gate"", ""sequence"": 24, ""stop_id"": ""BUS_243""}, {""name"": ""Bilroth Hospital"", ""sequence"": 25, ""stop_id"": ""BUS_10996""}, {""name"": ""St Mary'S Road"", ""sequence"": 26, ""stop_id"": ""BUS_11139""}, {""name"": ""Mandaveli Market"", ""sequence"": 27, ""stop_id"": ""BUS_75""}, {""name"": ""Mylapore Tank"", ""sequence"": 28, ""stop_id"": ""BUS_88""}]}], ""truncated"": false, ""uncovered_route_ids"": [""GTFS_ROUTE_8458"", ""GTFS_ROUTE_16347"", ""GTFS_ROUTE_18388"", ""GTFS_ROUTE_15125""]}, ""intent"": ""route_stop_sequence"", ""missing_slots"": [], ""operation"": ""LIST_ROUTE_STOPS"", ""outcome_reason"": ""answered"", ""response_text"": ""21G stops: Alandur Court, Meeanambakkam International Airport, Thirusoolam National Airport, Pallavaram Or English Electrical, Pallavaram, Saravana Store Chromepet, Chromepet, Tambaram Tb Hospital, …. Partial published stop coverage found; unusable links or uncovered route variants are omitted. Service operation is not confirmed."", ""slots"": {""route_number"": ""21G"", ""transport_mode"": ""bus""}, ""status"": ""ok""}"
HG200_044,१०२-C Thiruvanmiyur cover karti h kya?,route_stop_membership,CHECK_STOP_ON_ROUTE,native_digit_suffix,"Normalize native digits and hyphen, preserve C suffix and stop scope.",200,route_stop_membership,CHECK_STOP_ON_ROUTE,clarification,missing_execution_slot,Please provide the route number or line name.,1355.45,"{""candidate_entities"": [], ""candidate_intents"": [""route_stop_membership""], ""clarification_reason"": ""missing_slot"", ""data"": {}, ""intent"": ""route_stop_membership"", ""missing_slots"": [""route_number_or_line_name""], ""operation"": ""CHECK_STOP_ON_ROUTE"", ""outcome_reason"": ""missing_execution_slot"", ""response_text"": ""Please provide the route number or line name."", ""slots"": {""stop"": ""BUS_3247299914""}, ""status"": ""clarification""}"
HG200_045,"Guindy par ye bus rukti h kya, route number main abhi nahi de sakta",route_stop_membership,CHECK_STOP_ON_ROUTE,missing_route,Request the missing route identifier while retaining the named stop.,200,route_stop_membership,,clarification,entity_ambiguity,Please clarify which stop or location you mean.,1387.0,"{""candidate_entities"": [""BUS_1007625852"", ""BUS_10167"", ""BUS_11200"", ""BUS_11203"", ""BUS_2241055785"", ""BUS_256039818"", ""BUS_3264712327"", ""BUS_3264712469"", ""BUS_5631301427"", ""BUS_CMRL_22""], ""candidate_intents"": [""route_stop_membership""], ""clarification_reason"": ""entity_ambiguity"", ""data"": {}, ""intent"": ""route_stop_membership"", ""missing_slots"": [], ""operation"": null, ""outcome_reason"": ""entity_ambiguity"", ""response_text"": ""Please clarify which stop or location you mean."", ""slots"": {""transport_mode"": ""bus""}, ""status"": ""clarification""}"
HG200_046,Bus 25R kisi stop par rukti hai kya? stop ka naam nahi likha maine,route_stop_membership,CHECK_STOP_ON_ROUTE,missing_stop,Ask which stop should be checked instead of returning arbitrary membership.,200,route_stop_sequence,LIST_ROUTE_STOPS,ok,answered,"25 R stops: Anna Square Bus Terminus one, Madras University, Marina Beach, Kannagi Statue Or Presidency College, Vivekananda House, Ice House Police Station, Meersahibpet Market, New College, …. Published stop sequences found. Service operation is not confirmed.",1381.31,"{""candidate_entities"": [], ""candidate_intents"": [""route_stop_sequence""], ""clarification_reason"": null, ""data"": {""excluded_unusable_rows"": 0, ""partial_topology"": false, ""provisional"": true, ""sequences"": [{""direction_id"": 0, ""mode"": ""bus"", ""route_id"": ""GTFS_ROUTE_20163"", ""route_name"": ""25 R"", ""source"": ""CHENNAI_COMMUNITY_GTFS"", ""stops"": [{""name"": ""Anna Square Bus Terminus one"", ""sequence"": 1, ""stop_id"": ""BUS_495""}, {""name"": ""Madras University"", ""sequence"": 2, ""stop_id"": ""BUS_2413""}, {""name"": ""Marina Beach"", ""sequence"": 3, ""stop_id"": ""BUS_2601""}, {""name"": ""Kannagi Statue Or Presidency College"", ""sequence"": 4, ""stop_id"": ""BUS_5918""}, {""name"": ""Vivekananda House"", ""sequence"": 5, ""stop_id"": ""BUS_5916""}, {""name"": ""Ice House Police Station"", ""sequence"": 6, ""stop_id"": ""BUS_9449""}, {""name"": ""Meersahibpet Market"", ""sequence"": 7, ""stop_id"": ""BUS_9455""}, {""name"": ""New College"", ""sequence"": 8, ""stop_id"": ""BUS_9464""}, {""name"": ""Thousand Light Or Us Embassy"", ""sequence"": 9, ""stop_id"": ""BUS_154""}, {""name"": ""M.G.R Salai Nungambakkam Or Palm Grove"", ""sequence"": 10, ""stop_id"": ""BUS_5560""}, {""name"": ""Vetnary Hospital"", ""sequence"": 11, ""stop_id"": ""BUS_156""}, {""name"": ""Periyar Salai"", ""sequence"": 12, ""stop_id"": ""BUS_104""}, {""name"": ""Liberty"", ""sequence"": 13, ""stop_id"": ""BUS_63""}, {""name"": ""Trustpuram"", ""sequence"": 14, ""stop_id"": ""BUS_138""}, {""name"": ""Power House Kodambakkam"", ""sequence"": 15, ""stop_id"": ""BUS_111""}, {""name"": ""Saamiyar Madam"", ""sequence"": 16, ""stop_id"": ""BUS_120""}, {""name"": ""Nagathamman Koil"", ""sequence"": 17, ""stop_id"": ""BUS_90""}, {""name"": ""Virugambakkam"", ""sequence"": 18, ""stop_id"": ""BUS_9393""}, {""name"": ""Alwar Thirunagar"", ""sequence"": 19, ""stop_id"": ""BUS_10235""}, {""name"": ""Kesavardhini"", ""sequence"": 20, ""stop_id"": ""BUS_9359""}, {""name"": ""Valasaravakkam"", ""sequence"": 21, ""stop_id"": ""BUS_9351""}, {""name"": ""Jai Garden"", ""sequence"": 22, ""stop_id"": ""BUS_9326""}, {""name"": ""Gopala Krishna Theatre"", ""sequence"": 23, ""stop_id"": ""BUS_9269""}, {""name"": ""Porur"", ""sequence"": 24, ""stop_id"": ""BUS_5774""}, {""name"": ""Ramachandra Hospital"", ""sequence"": 25, ""stop_id"": ""BUS_5775""}, {""name"": ""Iyappanthangal"", ""sequence"": 26, ""stop_id"": ""BUS_5776""}, {""name"": ""Iyyappanthangal Bus Depot"", ""sequence"": 27, ""stop_id"": ""BUS_5926""}, {""name"": ""Kattupakkam"", ""sequence"": 28, ""stop_id"": ""BUS_5778""}, {""name"": ""Poonamallee Municipality Or Kumananchavadi"", ""sequence"": 29, ""stop_id"": ""BUS_5642""}, {""name"": ""Karayanchavadi"", ""sequence"": 30, ""stop_id"": ""BUS_5780""}, {""name"": ""Kallarai"", ""sequence"": 31, ""stop_id"": ""BUS_5781""}, {""name"": ""Poonamallee Government Hospital"", ""sequence"": 32, ""stop_id"": ""BUS_5782""}, {""name"": ""Poonamallee"", ""sequence"": 33, ""stop_id"": ""BUS_9440""}]}], ""truncated"": false, ""uncovered_route_ids"": []}, ""intent"": ""route_stop_sequence"", ""missing_slots"": [], ""operation"": ""LIST_ROUTE_STOPS"", ""outcome_reason"": ""answered"", ""response_text"": ""25 R stops: Anna Square Bus Terminus one, Madras University, Marina Beach, Kannagi Statue Or Presidency College, Vivekananda House, Ice House Police Station, Meersahibpet Market, New College, …. Published stop sequences found. Service operation is not confirmed."", ""slots"": {""route_number"": ""25R"", ""transport_mode"": ""bus""}, ""status"": ""ok""}"
HG200_047,"27D Ashok Pillar se guzarti hai? timing nahi, stop confirm chahiye",route_stop_membership,CHECK_STOP_ON_ROUTE,negated_distractor,Check stop coverage only; do not answer a timing question.,200,route_stop_membership,,clarification,entity_ambiguity,Please clarify which stop or location you mean.,1391.24,"{""candidate_entities"": [""BUS_1024560151"", ""BUS_1024562407"", ""BUS_25"", ""BUS_26"", ""BUS_9412862313""], ""candidate_intents"": [""route_stop_membership""], ""clarification_reason"": ""entity_ambiguity"", ""data"": {}, ""intent"": ""route_stop_membership"", ""missing_slots"": [], ""operation"": null, ""outcome_reason"": ""entity_ambiguity"", ""response_text"": ""Please clarify which stop or location you mean."", ""slots"": {}, ""status"": ""clarification""}"
HG200_048,"102K# Kannagi Nagar pe rukne wali variant hai na, stop record check karo",route_stop_membership,CHECK_STOP_ON_ROUTE,express_variant,Check source-backed membership for the exact # variant and clarify ambiguous stop aliases.,200,route_stop_sequence,LIST_ROUTE_STOPS,clarification,missing_execution_slot,Please provide the route number or line name.,1389.93,"{""candidate_entities"": [], ""candidate_intents"": [""route_stop_sequence""], ""clarification_reason"": ""missing_slot"", ""data"": {}, ""intent"": ""route_stop_sequence"", ""missing_slots"": [""route_number_or_line_name""], ""operation"": ""LIST_ROUTE_STOPS"", ""outcome_reason"": ""missing_execution_slot"", ""response_text"": ""Please provide the route number or line name."", ""slots"": {}, ""status"": ""clarification""}"
HG200_049,Guindy metro se roz sabse pehli train kitne baje nikalti hai?,first_and_last_service,GET_FIRST_LAST_SERVICE,colloquial,"Recognize first-service goal; current production has no valid metro timetable, so give a source-specific limitation.",200,first_and_last_service,GET_FIRST_LAST_SERVICE,unavailable,unsupported_source,No mode-consistent published schedule is available for the requested transport mode.,1682.78,"{""candidate_entities"": [], ""candidate_intents"": [""first_and_last_service""], ""clarification_reason"": null, ""data"": {""reason"": ""published_mode_schedule_absent"", ""transport_mode"": ""metro""}, ""intent"": ""first_and_last_service"", ""missing_slots"": [], ""operation"": ""GET_FIRST_LAST_SERVICE"", ""outcome_reason"": ""unsupported_source"", ""response_text"": ""No mode-consistent published schedule is available for the requested transport mode."", ""slots"": {""station"": ""METRO_GUINDY"", ""timing_type"": ""first"", ""transport_mode"": ""metro""}, ""status"": ""unavailable""}"
HG200_050,Poonamallee Bus Terminus se 25R ki aakhri bus ka schedule time?,first_and_last_service,GET_FIRST_LAST_SERVICE,scheduled_boundary,Use published route/physical-stop service bounds if unambiguous; distinguish schedule from live departure.,200,scheduled_departure,GET_SCHEDULED_DEPARTURES,unavailable,unsupported_source,No mode-consistent published departures were found for this stop.,1420.16,"{""candidate_entities"": [], ""candidate_intents"": [""scheduled_departure""], ""clarification_reason"": null, ""data"": {}, ""intent"": ""scheduled_departure"", ""missing_slots"": [], ""operation"": ""GET_SCHEDULED_DEPARTURES"", ""outcome_reason"": ""unsupported_source"", ""response_text"": ""No mode-consistent published departures were found for this stop."", ""slots"": {""route_number"": ""25R"", ""station"": ""BUS_5821"", ""transport_mode"": ""bus""}, ""status"": ""unavailable""}"
HG200_051,Chennai Beach se Tambaram last local ka time bata dijiye,first_and_last_service,GET_FIRST_LAST_SERVICE,polite_roman,"Retain Chennai Beach origin and Tambaram destination, give source-backed bounds or missing-source limitation.",200,first_and_last_service,,clarification,entity_ambiguity,Please clarify which stop or location you mean.,1412.8,"{""candidate_entities"": [""BUS_1173910097"", ""BUS_5286945822"", ""HUB_TAMBARAM"", ""RAIL_TAMBARAM""], ""candidate_intents"": [""first_and_last_service""], ""clarification_reason"": ""entity_ambiguity"", ""data"": {}, ""intent"": ""first_and_last_service"", ""missing_slots"": [], ""operation"": null, ""outcome_reason"": ""entity_ambiguity"", ""response_text"": ""Please clarify which stop or location you mean."", ""slots"": {""station"": ""RAIL_CHENNAI_BEACH"", ""timing_type"": ""last""}, ""status"": ""clarification""}"
HG200_052,CMBT par 27D ka subah wala first trip kab start hota h?,first_and_last_service,GET_FIRST_LAST_SERVICE,colloquial,Recognize earliest scheduled service for supplied route and station; clarify alias ambiguity only if real.,200,first_and_last_service,,clarification,entity_ambiguity,Please clarify which stop or location you mean.,1426.62,"{""candidate_entities"": [""BUS_401880999"", ""BUS_5321248890"", ""BUS_5410"", ""METRO_CMBT""], ""candidate_intents"": [""first_and_last_service""], ""clarification_reason"": ""entity_ambiguity"", ""data"": {}, ""intent"": ""first_and_last_service"", ""missing_slots"": [], ""operation"": null, ""outcome_reason"": ""entity_ambiguity"", ""response_text"": ""Please clarify which stop or location you mean."", ""slots"": {""timing_type"": ""first""}, ""status"": ""clarification""}"
HG200_053,102 bus Broadway se pehli aur aakhri service ki timings dono de do,first_and_last_service,GET_FIRST_LAST_SERVICE,two_bounds_same_goal,Treat first and last bounds as one supported family and preserve Broadway origin.,200,first_and_last_service,,clarification,multiple_goals,"Please ask about one route, stop, fare stage or time at a time.",1389.21,"{""candidate_entities"": [], ""candidate_intents"": [""first_and_last_service""], ""clarification_reason"": ""multiple_goals"", ""data"": {}, ""intent"": ""first_and_last_service"", ""missing_slots"": [], ""operation"": null, ""outcome_reason"": ""multiple_goals"", ""response_text"": ""Please ask about one route, stop, fare stage or time at a time."", ""slots"": {}, ""status"": ""clarification""}"
HG200_054,First metro kab hai bhai? station ka naam maine nahi diya,first_and_last_service,GET_FIRST_LAST_SERVICE,missing_station,Ask for a station/origin to identify the requested first service.,200,interchange_transfer,GET_INTERCHANGE_DETAILS,unavailable,unsupported_source,The snapshot has no confirmed interchange records.,1381.86,"{""candidate_entities"": [], ""candidate_intents"": [""interchange_transfer""], ""clarification_reason"": null, ""data"": {""reason"": ""confirmed_interchanges_absent""}, ""intent"": ""interchange_transfer"", ""missing_slots"": [], ""operation"": ""GET_INTERCHANGE_DETAILS"", ""outcome_reason"": ""unsupported_source"", ""response_text"": ""The snapshot has no confirmed interchange records."", ""slots"": {}, ""status"": ""unavailable""}"
HG200_055,"21G ki last bus ka timing chahiye, kis stop se woh nahi likha",first_and_last_service,GET_FIRST_LAST_SERVICE,missing_station,Request the missing stop/origin; do not treat the route alone as a particular physical-stop schedule.,200,first_and_last_service,GET_FIRST_LAST_SERVICE,clarification,missing_execution_slot,Please provide the boarding stop or station.,1373.81,"{""candidate_entities"": [], ""candidate_intents"": [""first_and_last_service""], ""clarification_reason"": ""missing_slot"", ""data"": {}, ""intent"": ""first_and_last_service"", ""missing_slots"": [""station_or_stop""], ""operation"": ""GET_FIRST_LAST_SERVICE"", ""outcome_reason"": ""missing_execution_slot"", ""response_text"": ""Please provide the boarding stop or station."", ""slots"": {""route_number"": ""21G"", ""timing_type"": ""last"", ""transport_mode"": ""bus""}, ""status"": ""clarification""}"
HG200_056,"Alandur metro ki aakhri train kal, matlab kis din ki poochu samajh nahi aa raha",first_and_last_service,,ambiguous_day,Ask whether kal means yesterday or tomorrow; do not default the date or execute a dated timetable.,200,first_and_last_service,,clarification,multiple_goals,"Please ask about one route, stop, fare stage or time at a time.",1365.34,"{""candidate_entities"": [], ""candidate_intents"": [""first_and_last_service""], ""clarification_reason"": ""multiple_goals"", ""data"": {}, ""intent"": ""first_and_last_service"", ""missing_slots"": [], ""operation"": null, ""outcome_reason"": ""multiple_goals"", ""response_text"": ""Please ask about one route, stop, fare stage or time at a time."", ""slots"": {}, ""status"": ""clarification""}"
HG200_057,"Last bus from Broadway raat 10 baje ke baad kab hogi, route 102 hai",first_and_last_service,GET_FIRST_LAST_SERVICE,unsupported_clock_bound,Retain clock filter; first/last service with clock constraints must state unsupported scope rather than ignore 22:00.,200,first_and_last_service,,clarification,multiple_goals,"Please ask about one route, stop, fare stage or time at a time.",1361.54,"{""candidate_entities"": [], ""candidate_intents"": [""first_and_last_service""], ""clarification_reason"": ""multiple_goals"", ""data"": {}, ""intent"": ""first_and_last_service"", ""missing_slots"": [], ""operation"": null, ""outcome_reason"": ""multiple_goals"", ""response_text"": ""Please ask about one route, stop, fare stage or time at a time."", ""slots"": {}, ""status"": ""clarification""}"
HG200_058,५७०S ki pehli bus Kelambakkam se kb nikalti h?,first_and_last_service,GET_FIRST_LAST_SERVICE,native_digit_contrast,Preserve native-numeral route 570S and explicit origin for the first-service query.,200,first_and_last_service,GET_FIRST_LAST_SERVICE,clarification,missing_execution_slot,Please provide the boarding stop or station.,1376.32,"{""candidate_entities"": [], ""candidate_intents"": [""first_and_last_service""], ""clarification_reason"": ""missing_slot"", ""data"": {}, ""intent"": ""first_and_last_service"", ""missing_slots"": [""station_or_stop""], ""operation"": ""GET_FIRST_LAST_SERVICE"", ""outcome_reason"": ""missing_execution_slot"", ""response_text"": ""Please provide the boarding stop or station."", ""slots"": {""route_number"": ""570S"", ""timing_type"": ""first"", ""transport_mode"": ""bus""}, ""status"": ""clarification""}"
HG200_059,"Guindy se Airport ki first metro aaj ka published schedule batao, live nahi",first_and_last_service,GET_FIRST_LAST_SERVICE,negated_live,Recognize static first service despite live word being negated; do not claim unsupported metro timetable.,200,,,clarification,intent_ambiguity,Please clarify which transport question you mean.,1373.18,"{""candidate_entities"": [], ""candidate_intents"": [""realtime_status_query""], ""clarification_reason"": ""intent_ambiguity"", ""data"": {""reason"": ""negated_selected_goal""}, ""intent"": null, ""missing_slots"": [], ""operation"": null, ""outcome_reason"": ""intent_ambiguity"", ""response_text"": ""Please clarify which transport question you mean."", ""slots"": {}, ""status"": ""clarification""}"
HG200_060,"Pehli bus Broadway se Adyar ke liye Saidapet hote hue, 21G ka timing?",first_and_last_service,GET_FIRST_LAST_SERVICE,waypoint,"Preserve Broadway origin, Adyar destination and Saidapet waypoint; explicitly limit unsupported timetable waypoint filtering.",200,scheduled_departure,GET_SCHEDULED_DEPARTURES,unavailable,unsupported_source,Waypoint-filtered timetable requests are unsupported. Ask for a boarding stop and destination without a waypoint.,1384.43,"{""candidate_entities"": [], ""candidate_intents"": [""scheduled_departure""], ""clarification_reason"": null, ""data"": {""reason"": ""timetable_waypoint_scope_unsupported""}, ""intent"": ""scheduled_departure"", ""missing_slots"": [], ""operation"": ""GET_SCHEDULED_DEPARTURES"", ""outcome_reason"": ""unsupported_source"", ""response_text"": ""Waypoint-filtered timetable requests are unsupported. Ask for a boarding stop and destination without a waypoint."", ""slots"": {""route_number"": ""21G"", ""transport_mode"": ""bus""}, ""status"": ""unavailable""}"
HG200_061,25R Poonamallee Bus Terminus se average kitne minute gap me chalti hai schedule me?,service_frequency,GET_SERVICE_FREQUENCY,colloquial,Compute only a source-backed single route/direction/physical-stop scheduled headway or request genuine disambiguation.,200,service_frequency,GET_SERVICE_FREQUENCY,clarification,missing_execution_slot,Please provide a supported route number including its complete suffix.,1377.54,"{""candidate_entities"": [], ""candidate_intents"": [""service_frequency""], ""clarification_reason"": ""missing_slot"", ""data"": {}, ""intent"": ""service_frequency"", ""missing_slots"": [""route_number""], ""operation"": ""GET_SERVICE_FREQUENCY"", ""outcome_reason"": ""missing_execution_slot"", ""response_text"": ""Please provide a supported route number including its complete suffix."", ""slots"": {""station"": ""BUS_5821"", ""transport_mode"": ""bus""}, ""status"": ""clarification""}"
HG200_062,102 bus Broadway par timetable ke mutabik kitni der der me milti hai?,service_frequency,GET_SERVICE_FREQUENCY,roman_reduplication,"Interpret repeated der as headway, not a live countdown.",200,service_frequency,,clarification,entity_ambiguity,Please clarify which stop or location you mean.,1377.34,"{""candidate_entities"": [""BUS_2"", ""BUS_3"", ""BUS_840""], ""candidate_intents"": [""service_frequency""], ""clarification_reason"": ""entity_ambiguity"", ""data"": {}, ""intent"": ""service_frequency"", ""missing_slots"": [], ""operation"": null, ""outcome_reason"": ""entity_ambiguity"", ""response_text"": ""Please clarify which stop or location you mean."", ""slots"": {""route_number"": ""102"", ""transport_mode"": ""bus""}, ""status"": ""clarification""}"
HG200_063,Green Line metro Nehru Park pe scheduled frequency kya rehti hai?,service_frequency,GET_SERVICE_FREQUENCY,line_headway,Preserve line and station; refuse missing valid metro schedule instead of inventing frequency.,200,scheduled_departure,GET_SCHEDULED_DEPARTURES,unavailable,unsupported_source,No mode-consistent published schedule is available for the requested transport mode.,1671.41,"{""candidate_entities"": [], ""candidate_intents"": [""scheduled_departure""], ""clarification_reason"": null, ""data"": {""reason"": ""published_mode_schedule_absent"", ""transport_mode"": ""metro""}, ""intent"": ""scheduled_departure"", ""missing_slots"": [], ""operation"": ""GET_SCHEDULED_DEPARTURES"", ""outcome_reason"": ""unsupported_source"", ""response_text"": ""No mode-consistent published schedule is available for the requested transport mode."", ""slots"": {""line_name"": ""Green Line"", ""station"": ""METRO_NEHRU_PARK"", ""transport_mode"": ""metro""}, ""status"": ""unavailable""}"
HG200_064,Blue Line Guindy station pe trains ka normal interval btao,service_frequency,GET_SERVICE_FREQUENCY,colloquial,Recognize headway goal for Blue Line at Guindy; qualify unsupported source.,200,service_frequency,,clarification,entity_ambiguity,Please clarify which stop or location you mean.,1360.63,"{""candidate_entities"": [""BUS_1007625852"", ""BUS_10167"", ""BUS_11200"", ""BUS_11203"", ""BUS_2241055785"", ""BUS_256039818"", ""BUS_300316947"", ""BUS_3264712327"", ""BUS_3264712469"", ""BUS_5631301427"", ""BUS_CMRL_22"", ""METRO_GUINDY"", ""RAIL_GUINDY""], ""candidate_intents"": [""service_frequency""], ""clarification_reason"": ""entity_ambiguity"", ""data"": {}, ""intent"": ""service_frequency"", ""missing_slots"": [], ""operation"": null, ""outcome_reason"": ""entity_ambiguity"", ""response_text"": ""Please clarify which stop or location you mean."", ""slots"": {""line_name"": ""Blue Line""}, ""status"": ""clarification""}"
HG200_065,21 G buses Saidapet stop se kitne-kitne min ke gap pe hain?,service_frequency,GET_SERVICE_FREQUENCY,split_suffix,Retain 21G identifier and requested physical stop; do not mix schedule directions.,200,service_frequency,,clarification,entity_ambiguity,Please clarify which stop or location you mean.,1396.46,"{""candidate_entities"": [""BUS_2481259029"", ""BUS_5790"", ""BUS_9164"", ""BUS_CMRL_20"", ""RAIL_SAIDAPET""], ""candidate_intents"": [""service_frequency""], ""clarification_reason"": ""entity_ambiguity"", ""data"": {}, ""intent"": ""service_frequency"", ""missing_slots"": [], ""operation"": null, ""outcome_reason"": ""entity_ambiguity"", ""response_text"": ""Please clarify which stop or location you mean."", ""slots"": {}, ""status"": ""clarification""}"
HG200_066,१०२A Broadway pe kitni der ke antaral me scheduled bus deti hai?,service_frequency,GET_SERVICE_FREQUENCY,native_digit_contrast,Normalize native digits with A suffix and retain headway family.,200,service_frequency,,clarification,entity_ambiguity,Please clarify which stop or location you mean.,1382.55,"{""candidate_entities"": [""BUS_2"", ""BUS_3"", ""BUS_840""], ""candidate_intents"": [""service_frequency""], ""clarification_reason"": ""entity_ambiguity"", ""data"": {}, ""intent"": ""service_frequency"", ""missing_slots"": [], ""operation"": null, ""outcome_reason"": ""entity_ambiguity"", ""response_text"": ""Please clarify which stop or location you mean."", ""slots"": {""transport_mode"": ""bus""}, ""status"": ""clarification""}"
HG200_067,"Bus frequency janna h at CMBT, route ka number nahi malum",service_frequency,GET_SERVICE_FREQUENCY,missing_route,Ask which route/line; do not average unrelated routes together.,200,route_stop_sequence,LIST_ROUTE_STOPS,clarification,missing_execution_slot,Please provide the route number or line name.,1394.73,"{""candidate_entities"": [], ""candidate_intents"": [""route_stop_sequence""], ""clarification_reason"": ""missing_slot"", ""data"": {}, ""intent"": ""route_stop_sequence"", ""missing_slots"": [""route_number_or_line_name""], ""operation"": ""LIST_ROUTE_STOPS"", ""outcome_reason"": ""missing_execution_slot"", ""response_text"": ""Please provide the route number or line name."", ""slots"": {""transport_mode"": ""bus""}, ""status"": ""clarification""}"
HG200_068,"27D ka average gap batao, stop ka naam main bhool gaya",service_frequency,GET_SERVICE_FREQUENCY,missing_station,Ask for the missing physical stop or origin instead of selecting a schedule group arbitrarily.,200,route_stop_sequence,LIST_ROUTE_STOPS,clarification,missing_execution_slot,Please provide the route number or line name.,850.47,"{""candidate_entities"": [], ""candidate_intents"": [""route_stop_sequence""], ""clarification_reason"": ""missing_slot"", ""data"": {}, ""intent"": ""route_stop_sequence"", ""missing_slots"": [""route_number_or_line_name""], ""operation"": ""LIST_ROUTE_STOPS"", ""outcome_reason"": ""missing_execution_slot"", ""response_text"": ""Please provide the route number or line name."", ""slots"": {}, ""status"": ""clarification""}"
HG200_069,"570S Kelambakkam se timetable gap kya hai, aaj live wait nahi pooch rha",service_frequency,GET_SERVICE_FREQUENCY,negated_live,Recognize scheduled frequency despite negated live wait wording.,200,scheduled_departure,,clarification,multiple_goals,"Please ask about one route, stop, fare stage or time at a time.",1367.16,"{""candidate_entities"": [], ""candidate_intents"": [""scheduled_departure""], ""clarification_reason"": ""multiple_goals"", ""data"": {}, ""intent"": ""scheduled_departure"", ""missing_slots"": [], ""operation"": null, ""outcome_reason"": ""multiple_goals"", ""response_text"": ""Please ask about one route, stop, fare stage or time at a time."", ""slots"": {}, ""status"": ""clarification""}"
HG200_070,M1 Thiruvanmiyur se evening me kitne minute par ek bus scheduled hoti h?,service_frequency,GET_SERVICE_FREQUENCY,period_constraint,Honor requested evening scope if represented; otherwise explicitly disclose unsupported period filtering rather than claim it.,200,first_and_last_service,GET_FIRST_LAST_SERVICE,unavailable,unsupported_source,No mode-consistent published schedule was found for this stop.,1416.69,"{""candidate_entities"": [], ""candidate_intents"": [""first_and_last_service""], ""clarification_reason"": null, ""data"": {}, ""intent"": ""first_and_last_service"", ""missing_slots"": [], ""operation"": ""GET_FIRST_LAST_SERVICE"", ""outcome_reason"": ""unsupported_source"", ""response_text"": ""No mode-consistent published schedule was found for this stop."", ""slots"": {""station"": ""BUS_3247299914"", ""transport_mode"": ""bus""}, ""status"": ""unavailable""}"
HG200_071,102 Broadway se Adyar via Guindy buses ka schedule interval kya h?,service_frequency,GET_SERVICE_FREQUENCY,waypoint,Preserve endpoints and via Guindy; unsupported frequency waypoint filtering must be limited before partial execution.,200,scheduled_departure,GET_SCHEDULED_DEPARTURES,unavailable,unsupported_source,Waypoint-filtered timetable requests are unsupported. Ask for a boarding stop and destination without a waypoint.,1389.03,"{""candidate_entities"": [], ""candidate_intents"": [""scheduled_departure""], ""clarification_reason"": null, ""data"": {""reason"": ""timetable_waypoint_scope_unsupported""}, ""intent"": ""scheduled_departure"", ""missing_slots"": [], ""operation"": ""GET_SCHEDULED_DEPARTURES"", ""outcome_reason"": ""unsupported_source"", ""response_text"": ""Waypoint-filtered timetable requests are unsupported. Ask for a boarding stop and destination without a waypoint."", ""slots"": {}, ""status"": ""unavailable""}"
HG200_072,25R ka Poonamallee Bus Terminus pe kal ka frequency schedule,service_frequency,,ambiguous_day,Ask whether kal is yesterday or tomorrow instead of choosing a date.,200,scheduled_departure,,clarification,temporal_ambiguity,Please clarify the time or day you mean.,1382.15,"{""candidate_entities"": [], ""candidate_intents"": [""scheduled_departure""], ""clarification_reason"": ""temporal_ambiguity"", ""data"": {}, ""intent"": ""scheduled_departure"", ""missing_slots"": [], ""operation"": null, ""outcome_reason"": ""temporal_ambiguity"", ""response_text"": ""Please clarify the time or day you mean."", ""slots"": {""route_number"": ""25R"", ""station"": ""BUS_5821"", ""temporal_relative"": ""kal"", ""transport_mode"": ""bus""}, ""status"": ""clarification""}"
HG200_073,Poonamallee Bus Terminus se subah 7:15 baje ke baad departures dikhao,scheduled_departure,GET_SCHEDULED_DEPARTURES,explicit_am,"Return only published departures at/after 07:15 for requested stop, qualified as static schedule.",200,scheduled_departure,GET_SCHEDULED_DEPARTURES,ok,answered,"Published departures: 101X at 07:15:00, 65B at 07:15:00, 62 at 07:15:00, 49X at 07:15:00, 62 at 07:15:00 (service-day time). Published departures only; times are not live predictions.",1415.54,"{""candidate_entities"": [], ""candidate_intents"": [""scheduled_departure""], ""clarification_reason"": null, ""data"": {""departures"": [{""route_id"": ""GTFS_ROUTE_21419"", ""route_name"": ""101X"", ""source"": ""CHENNAI_COMMUNITY_GTFS"", ""time"": ""07:15:00""}, {""route_id"": ""GTFS_ROUTE_12540"", ""route_name"": ""65B"", ""source"": ""CHENNAI_COMMUNITY_GTFS"", ""time"": ""07:15:00""}, {""route_id"": ""GTFS_ROUTE_20088"", ""route_name"": ""62"", ""source"": ""CHENNAI_COMMUNITY_GTFS"", ""time"": ""07:15:00""}, {""route_id"": ""GTFS_ROUTE_20338"", ""route_name"": ""49X"", ""source"": ""CHENNAI_COMMUNITY_GTFS"", ""time"": ""07:15:00""}, {""route_id"": ""GTFS_ROUTE_20089"", ""route_name"": ""62"", ""source"": ""CHENNAI_COMMUNITY_GTFS"", ""time"": ""07:15:00""}], ""provisional"": true, ""time_format"": ""gtfs_service_day""}, ""intent"": ""scheduled_departure"", ""missing_slots"": [], ""operation"": ""GET_SCHEDULED_DEPARTURES"", ""outcome_reason"": ""answered"", ""response_text"": ""Published departures: 101X at 07:15:00, 65B at 07:15:00, 62 at 07:15:00, 49X at 07:15:00, 62 at 07:15:00 (service-day time). Published departures only; times are not live predictions."", ""slots"": {""station"": ""BUS_5821"", ""time"": ""07:15:00"", ""transport_mode"": ""bus""}, ""status"": ""ok""}"
HG200_074,Bus 25R Poonamallee Bus Terminus se 18:40 par scheduled departure list milegi?,scheduled_departure,GET_SCHEDULED_DEPARTURES,24h_clock,"Retain route, origin and explicit 24-hour clock; do not convert it into live ETA.",200,scheduled_departure,GET_SCHEDULED_DEPARTURES,unavailable,unsupported_source,No mode-consistent published departures were found for this stop.,1422.27,"{""candidate_entities"": [], ""candidate_intents"": [""scheduled_departure""], ""clarification_reason"": null, ""data"": {}, ""intent"": ""scheduled_departure"", ""missing_slots"": [], ""operation"": ""GET_SCHEDULED_DEPARTURES"", ""outcome_reason"": ""unsupported_source"", ""response_text"": ""No mode-consistent published departures were found for this stop."", ""slots"": {""route_number"": ""25R"", ""station"": ""BUS_5821"", ""time"": ""18:40:00"", ""transport_mode"": ""bus""}, ""status"": ""unavailable""}"
HG200_075,Broadway pe 102 ke 9:30 AM se aage wale timetable departures bta do,scheduled_departure,GET_SCHEDULED_DEPARTURES,explicit_am,"Filter published departures at/after the explicit AM clock, subject to genuine physical-stop ambiguity.",200,scheduled_departure,,clarification,entity_ambiguity,Please clarify which stop or location you mean.,1401.83,"{""candidate_entities"": [""BUS_2"", ""BUS_3"", ""BUS_840""], ""candidate_intents"": [""scheduled_departure""], ""clarification_reason"": ""entity_ambiguity"", ""data"": {}, ""intent"": ""scheduled_departure"", ""missing_slots"": [], ""operation"": null, ""outcome_reason"": ""entity_ambiguity"", ""response_text"": ""Please clarify which stop or location you mean."", ""slots"": {""time"": ""09:30:00""}, ""status"": ""clarification""}"
HG200_076,Guindy metro ka timetable shaam 6:20 ke baad chahiye mujhe,scheduled_departure,GET_SCHEDULED_DEPARTURES,hindi_daypart,Recognize departures and preserve evening clock; explicitly report invalid/missing metro timetable source.,200,scheduled_departure,GET_SCHEDULED_DEPARTURES,unavailable,unsupported_source,No mode-consistent published schedule is available for the requested transport mode.,1676.9,"{""candidate_entities"": [], ""candidate_intents"": [""scheduled_departure""], ""clarification_reason"": null, ""data"": {""reason"": ""published_mode_schedule_absent"", ""transport_mode"": ""metro""}, ""intent"": ""scheduled_departure"", ""missing_slots"": [], ""operation"": ""GET_SCHEDULED_DEPARTURES"", ""outcome_reason"": ""unsupported_source"", ""response_text"": ""No mode-consistent published schedule is available for the requested transport mode."", ""slots"": {""station"": ""METRO_GUINDY"", ""time"": ""18:20:00"", ""transport_mode"": ""metro""}, ""status"": ""unavailable""}"
HG200_077,२१G bus Saidapet se रात ९:१० baje ka schedule dikhana,scheduled_departure,GET_SCHEDULED_DEPARTURES,native_digit_mixed_script,Normalize native route/time digits with the explicit night daypart; preserve Saidapet station scope.,200,scheduled_departure,,clarification,entity_ambiguity,Please clarify which stop or location you mean.,1409.69,"{""candidate_entities"": [""BUS_2481259029"", ""BUS_5790"", ""BUS_9164"", ""BUS_CMRL_20""], ""candidate_intents"": [""scheduled_departure""], ""clarification_reason"": ""entity_ambiguity"", ""data"": {}, ""intent"": ""scheduled_departure"", ""missing_slots"": [], ""operation"": null, ""outcome_reason"": ""entity_ambiguity"", ""response_text"": ""Please clarify which stop or location you mean."", ""slots"": {""route_number"": ""21G"", ""time"": ""21:10:00"", ""transport_mode"": ""bus""}, ""status"": ""clarification""}"
HG200_078,"Departures batao 6 PM par, station maine mention nahi kiya",scheduled_departure,GET_SCHEDULED_DEPARTURES,missing_station,Ask which station/stop instead of picking a transit node.,200,route_stop_sequence,LIST_ROUTE_STOPS,clarification,missing_execution_slot,Please provide the route number or line name.,1372.59,"{""candidate_entities"": [], ""candidate_intents"": [""route_stop_sequence""], ""clarification_reason"": ""missing_slot"", ""data"": {}, ""intent"": ""route_stop_sequence"", ""missing_slots"": [""route_number_or_line_name""], ""operation"": ""LIST_ROUTE_STOPS"", ""outcome_reason"": ""missing_execution_slot"", ""response_text"": ""Please provide the route number or line name."", ""slots"": {}, ""status"": ""clarification""}"
HG200_079,Poonamallee Bus Terminus pe bus schedule 9 baje wala chahiye,scheduled_departure,,ambiguous_clock,Ask AM or PM for bare 9 baje; no silent morning default.,200,scheduled_departure,,clarification,temporal_ambiguity,Please clarify the time or day you mean.,1377.48,"{""candidate_entities"": [], ""candidate_intents"": [""scheduled_departure""], ""clarification_reason"": ""temporal_ambiguity"", ""data"": {}, ""intent"": ""scheduled_departure"", ""missing_slots"": [], ""operation"": null, ""outcome_reason"": ""temporal_ambiguity"", ""response_text"": ""Please clarify the time or day you mean."", ""slots"": {""station"": ""BUS_5821"", ""time"": [""09:00:00"", ""21:00:00""], ""transport_mode"": ""bus""}, ""status"": ""clarification""}"
HG200_080,CMBT se departure 26:75 pe kab hai? typo lag raha par check karo,scheduled_departure,,invalid_clock,Reject/clarify invalid clock without removing it and answering an unconstrained timetable.,200,scheduled_departure,,clarification,entity_ambiguity,Please clarify which stop or location you mean.,1379.48,"{""candidate_entities"": [""BUS_401880999"", ""BUS_5321248890"", ""BUS_5410"", ""METRO_CMBT""], ""candidate_intents"": [""scheduled_departure""], ""clarification_reason"": ""entity_ambiguity"", ""data"": {}, ""intent"": ""scheduled_departure"", ""missing_slots"": [], ""operation"": null, ""outcome_reason"": ""entity_ambiguity"", ""response_text"": ""Please clarify which stop or location you mean."", ""slots"": {}, ""status"": ""clarification""}"
HG200_081,Poonamallee Bus Terminus se 25R departures kal ka schedule dikhao,scheduled_departure,,ambiguous_day,Clarify ambiguous kal before schedule execution; never assume tomorrow.,200,scheduled_departure,,clarification,temporal_ambiguity,Please clarify the time or day you mean.,1398.96,"{""candidate_entities"": [], ""candidate_intents"": [""scheduled_departure""], ""clarification_reason"": ""temporal_ambiguity"", ""data"": {}, ""intent"": ""scheduled_departure"", ""missing_slots"": [], ""operation"": null, ""outcome_reason"": ""temporal_ambiguity"", ""response_text"": ""Please clarify the time or day you mean."", ""slots"": {""station"": ""BUS_5821"", ""temporal_relative"": ""kal"", ""transport_mode"": ""bus""}, ""status"": ""clarification""}"
HG200_082,"Broadway se Adyar via Guindy, 102 ke 08:15 AM departures chahiye",scheduled_departure,GET_SCHEDULED_DEPARTURES,waypoint,Retain all three location roles; explain unsupported timetable waypoint filter rather than drop Guindy.,200,scheduled_departure,GET_SCHEDULED_DEPARTURES,unavailable,unsupported_source,Waypoint-filtered timetable requests are unsupported. Ask for a boarding stop and destination without a waypoint.,1353.61,"{""candidate_entities"": [], ""candidate_intents"": [""scheduled_departure""], ""clarification_reason"": null, ""data"": {""reason"": ""timetable_waypoint_scope_unsupported""}, ""intent"": ""scheduled_departure"", ""missing_slots"": [], ""operation"": ""GET_SCHEDULED_DEPARTURES"", ""outcome_reason"": ""unsupported_source"", ""response_text"": ""Waypoint-filtered timetable requests are unsupported. Ask for a boarding stop and destination without a waypoint."", ""slots"": {""time"": ""08:15:00""}, ""status"": ""unavailable""}"
HG200_083,25R Poonamallee Bus Terminus se 5 PM se pehle ki departure list do,scheduled_departure,GET_SCHEDULED_DEPARTURES,unsupported_before_filter,Preserve before constraint and state unsupported query shape; do not return at/after 17:00 as fulfillment.,200,scheduled_departure,,clarification,multiple_goals,"Please ask about one route, stop, fare stage or time at a time.",1424.14,"{""candidate_entities"": [], ""candidate_intents"": [""scheduled_departure""], ""clarification_reason"": ""multiple_goals"", ""data"": {}, ""intent"": ""scheduled_departure"", ""missing_slots"": [], ""operation"": null, ""outcome_reason"": ""multiple_goals"", ""response_text"": ""Please ask about one route, stop, fare stage or time at a time."", ""slots"": {}, ""status"": ""clarification""}"
HG200_084,"CMBT pe 27D departures 14:05 ka published chart, current arrival mat bta",scheduled_departure,GET_SCHEDULED_DEPARTURES,negated_live,Use static departures at explicit clock; do not misread negated current-arrival language as realtime.,200,scheduled_departure,,clarification,multiple_goals,"Please ask about one route, stop, fare stage or time at a time.",1364.91,"{""candidate_entities"": [], ""candidate_intents"": [""scheduled_departure""], ""clarification_reason"": ""multiple_goals"", ""data"": {}, ""intent"": ""scheduled_departure"", ""missing_slots"": [], ""operation"": null, ""outcome_reason"": ""multiple_goals"", ""response_text"": ""Please ask about one route, stop, fare stage or time at a time."", ""slots"": {}, ""status"": ""clarification""}"
HG200_085,Saidapet se Guindy direct bus service hai bhi ya nahi?,mode_availability,CHECK_SERVICE_AVAILABILITY,colloquial,Check sourced service connectivity; negative availability cannot be proven from partial topology.,200,mode_availability,,clarification,entity_ambiguity,Please clarify which stop or location you mean.,1384.23,"{""candidate_entities"": [""BUS_1007625852"", ""BUS_10167"", ""BUS_11200"", ""BUS_11203"", ""BUS_2241055785"", ""BUS_2481259029"", ""BUS_256039818"", ""BUS_3264712327"", ""BUS_3264712469"", ""BUS_5631301427"", ""BUS_5790"", ""BUS_9164"", ""BUS_CMRL_20"", ""BUS_CMRL_22""], ""candidate_intents"": [""mode_availability""], ""clarification_reason"": ""entity_ambiguity"", ""data"": {}, ""intent"": ""mode_availability"", ""missing_slots"": [], ""operation"": null, ""outcome_reason"": ""entity_ambiguity"", ""response_text"": ""Please clarify which stop or location you mean."", ""slots"": {""transport_mode"": ""bus""}, ""status"": ""clarification""}"
HG200_086,Alandur aur Airport ke beech metro chalti h kya?,mode_availability,CHECK_SERVICE_AVAILABILITY,existence,Recognize connectivity existence without treating it as a route instruction request.,200,mode_availability,CHECK_SERVICE_AVAILABILITY,unavailable,unsupported_source,No mode-consistent published topology is available for the requested transport mode.,1386.93,"{""candidate_entities"": [], ""candidate_intents"": [""mode_availability""], ""clarification_reason"": null, ""data"": {""reason"": ""published_mode_topology_absent"", ""transport_mode"": ""metro""}, ""intent"": ""mode_availability"", ""missing_slots"": [], ""operation"": ""CHECK_SERVICE_AVAILABILITY"", ""outcome_reason"": ""unsupported_source"", ""response_text"": ""No mode-consistent published topology is available for the requested transport mode."", ""slots"": {""destination"": ""METRO_ARIGNAR_ANNA_ALANDUR"", ""transport_mode"": ""metro""}, ""status"": ""unavailable""}"
HG200_087,Tambaram se Chennai Beach local train milti hai kya generally?,mode_availability,CHECK_SERVICE_AVAILABILITY,colloquial,"Check only published suburban connectivity, distinguishing static evidence from current service.",200,mode_availability,CHECK_SERVICE_AVAILABILITY,unavailable,unsupported_source,No mode-consistent published topology is available for the requested transport mode.,1382.12,"{""candidate_entities"": [], ""candidate_intents"": [""mode_availability""], ""clarification_reason"": null, ""data"": {""reason"": ""published_mode_topology_absent"", ""transport_mode"": ""suburban_rail""}, ""intent"": ""mode_availability"", ""missing_slots"": [], ""operation"": ""CHECK_SERVICE_AVAILABILITY"", ""outcome_reason"": ""unsupported_source"", ""response_text"": ""No mode-consistent published topology is available for the requested transport mode."", ""slots"": {""destination"": ""RAIL_CHENNAI_BEACH"", ""origin"": ""RAIL_TAMBARAM"", ""transport_mode"": ""suburban_rail""}, ""status"": ""unavailable""}"
HG200_088,Velachery to Thirumayilai MRTS connection available hai?,mode_availability,CHECK_SERVICE_AVAILABILITY,mixed_english,Preserve MRTS mode and endpoints; do not replace with other modes silently.,200,mode_availability,CHECK_SERVICE_AVAILABILITY,unavailable,unsupported_source,No mode-consistent published topology is available for the requested transport mode.,1378.9,"{""candidate_entities"": [], ""candidate_intents"": [""mode_availability""], ""clarification_reason"": null, ""data"": {""reason"": ""published_mode_topology_absent"", ""transport_mode"": ""mrts""}, ""intent"": ""mode_availability"", ""missing_slots"": [], ""operation"": ""CHECK_SERVICE_AVAILABILITY"", ""outcome_reason"": ""unsupported_source"", ""response_text"": ""No mode-consistent published topology is available for the requested transport mode."", ""slots"": {""line_name"": ""MRTS"", ""origin"": ""MRTS_VELACHERY"", ""transport_mode"": ""mrts""}, ""status"": ""unavailable""}"
HG200_089,Porur se CMBT bus aati jaati hai ki route hi nahi hai?,mode_availability,CHECK_SERVICE_AVAILABILITY,existence_negation,Recognize bus availability and avoid a definite no from incomplete records.,200,interchange_transfer,GET_INTERCHANGE_DETAILS,unavailable,unsupported_source,The snapshot has no confirmed interchange records.,1359.1,"{""candidate_entities"": [], ""candidate_intents"": [""interchange_transfer""], ""clarification_reason"": null, ""data"": {""reason"": ""confirmed_interchanges_absent""}, ""intent"": ""interchange_transfer"", ""missing_slots"": [], ""operation"": ""GET_INTERCHANGE_DETAILS"", ""outcome_reason"": ""unsupported_source"", ""response_text"": ""The snapshot has no confirmed interchange records."", ""slots"": {}, ""status"": ""unavailable""}"
HG200_090,Nehru Park se Anna Nagar Tower metro connection hoga na?,mode_availability,CHECK_SERVICE_AVAILABILITY,informal,Recognize mode connectivity rather than fare or nearest transport.,200,mode_availability,CHECK_SERVICE_AVAILABILITY,unavailable,unsupported_source,No mode-consistent published topology is available for the requested transport mode.,1368.06,"{""candidate_entities"": [], ""candidate_intents"": [""mode_availability""], ""clarification_reason"": null, ""data"": {""reason"": ""published_mode_topology_absent"", ""transport_mode"": ""metro""}, ""intent"": ""mode_availability"", ""missing_slots"": [], ""operation"": ""CHECK_SERVICE_AVAILABILITY"", ""outcome_reason"": ""unsupported_source"", ""response_text"": ""No mode-consistent published topology is available for the requested transport mode."", ""slots"": {""origin"": ""METRO_NEHRU_PARK"", ""transport_mode"": ""metro""}, ""status"": ""unavailable""}"
HG200_091,Airport ke liye bus service h kya? meri starting locality nahi di,mode_availability,CHECK_SERVICE_AVAILABILITY,missing_origin,Ask for origin while retaining Airport destination.,200,mode_availability,CHECK_SERVICE_AVAILABILITY,clarification,missing_execution_slot,"Please provide the starting stop, the destination stop.",1366.54,"{""candidate_entities"": [], ""candidate_intents"": [""mode_availability""], ""clarification_reason"": ""missing_slot"", ""data"": {}, ""intent"": ""mode_availability"", ""missing_slots"": [""origin"", ""destination""], ""operation"": ""CHECK_SERVICE_AVAILABILITY"", ""outcome_reason"": ""missing_execution_slot"", ""response_text"": ""Please provide the starting stop, the destination stop."", ""slots"": {""transport_mode"": ""bus""}, ""status"": ""clarification""}"
HG200_092,"Pallavaram se local available h kya, destination batana reh gaya",mode_availability,CHECK_SERVICE_AVAILABILITY,missing_destination,Request the missing destination rather than check generic station existence.,200,mode_availability,,clarification,entity_ambiguity,Please clarify which stop or location you mean.,1380.14,"{""candidate_entities"": [""BUS_3969967347"", ""BUS_4435694788"", ""BUS_8566"", ""BUS_8567"", ""BUS_8575"", ""BUS_8578"", ""RAIL_PALLAVARAM""], ""candidate_intents"": [""mode_availability""], ""clarification_reason"": ""entity_ambiguity"", ""data"": {}, ""intent"": ""mode_availability"", ""missing_slots"": [], ""operation"": null, ""outcome_reason"": ""entity_ambiguity"", ""response_text"": ""Please clarify which stop or location you mean."", ""slots"": {}, ""status"": ""clarification""}"
HG200_093,"Guindy se Central metro connection check karo, route directions abhi nahi chahiye",mode_availability,CHECK_SERVICE_AVAILABILITY,negated_distractor,Answer connectivity/source scope only; route instructions are explicitly not requested.,200,route_stop_sequence,LIST_ROUTE_STOPS,unavailable,unsupported_source,No mode-consistent published topology is available for the requested transport mode.,1358.04,"{""candidate_entities"": [], ""candidate_intents"": [""route_stop_sequence""], ""clarification_reason"": null, ""data"": {""reason"": ""published_mode_topology_absent"", ""transport_mode"": ""metro""}, ""intent"": ""route_stop_sequence"", ""missing_slots"": [], ""operation"": ""LIST_ROUTE_STOPS"", ""outcome_reason"": ""unsupported_source"", ""response_text"": ""No mode-consistent published topology is available for the requested transport mode."", ""slots"": {""transport_mode"": ""metro""}, ""status"": ""unavailable""}"
HG200_094,"Broadway se Adyar bus kal chalti hai kya, future trip plan kar raha hu",mode_availability,CHECK_SERVICE_AVAILABILITY,dated_availability,"Recognize future-oriented connectivity goal; current/dated bus trip availability requires an explicit limitation, not topology proof.",200,first_and_last_service,,clarification,multiple_goals,"Please ask about one route, stop, fare stage or time at a time.",1377.17,"{""candidate_entities"": [], ""candidate_intents"": [""first_and_last_service""], ""clarification_reason"": ""multiple_goals"", ""data"": {}, ""intent"": ""first_and_last_service"", ""missing_slots"": [], ""operation"": null, ""outcome_reason"": ""multiple_goals"", ""response_text"": ""Please ask about one route, stop, fare stage or time at a time."", ""slots"": {}, ""status"": ""clarification""}"
HG200_095,Guindy se Airport aaj 11 PM metro available hai kya?,mode_availability,CHECK_SERVICE_AVAILABILITY,time_specific_availability,Retain time/day availability constraints; no valid metro timetable means a source limitation instead of claiming operation today.,200,mode_availability,CHECK_SERVICE_AVAILABILITY,unavailable,unsupported_source,No mode-consistent published topology is available for the requested transport mode.,1405.54,"{""candidate_entities"": [], ""candidate_intents"": [""mode_availability""], ""clarification_reason"": null, ""data"": {""reason"": ""published_mode_topology_absent"", ""transport_mode"": ""metro""}, ""intent"": ""mode_availability"", ""missing_slots"": [], ""operation"": ""CHECK_SERVICE_AVAILABILITY"", ""outcome_reason"": ""unsupported_source"", ""response_text"": ""No mode-consistent published topology is available for the requested transport mode."", ""slots"": {""origin"": ""METRO_GUINDY"", ""temporal_relative"": ""aaj"", ""time"": ""23:00:00"", ""transport_mode"": ""metro""}, ""status"": ""unavailable""}"
HG200_096,"Chennai Beach se Tambaram sirf local train hai kya, bus ki availability mat ginna",mode_availability,CHECK_SERVICE_AVAILABILITY,excluded_mode,Check the explicitly requested local mode and preserve excluded bus constraint.,200,,,clarification,intent_ambiguity,Please clarify which transport question you mean.,1401.18,"{""candidate_entities"": [], ""candidate_intents"": [""mode_availability""], ""clarification_reason"": ""intent_ambiguity"", ""data"": {""reason"": ""negated_selected_goal""}, ""intent"": null, ""missing_slots"": [], ""operation"": null, ""outcome_reason"": ""intent_ambiguity"", ""response_text"": ""Please clarify which transport question you mean."", ""slots"": {}, ""status"": ""clarification""}"
HG200_097,Ordinary MTC bus stage 6 ka kiraya kitna baithega?,fare_calculation,CALCULATE_FARE,stage_fare,Return the sourced dated Ordinary stage-6 tariff if present; disclose effective date and source.,200,fare_calculation,CALCULATE_FARE,ok,answered,Published fare (Ordinary Services): INR 10 (record effective 2018-01-29). Published stage fare found; confirm the current fare before travel.,1385.28,"{""candidate_entities"": [], ""candidate_intents"": [""fare_calculation""], ""clarification_reason"": null, ""data"": {""amount"": 10.0, ""currency"": ""INR"", ""effective_date"": ""2018-01-29"", ""government_order"": ""G.O (Ms.) No.48 Dated 28.01.2018"", ""provisional"": true, ""service_type"": ""Ordinary Services"", ""source"": ""MTC_OFFICIAL"", ""stage_number"": 6}, ""intent"": ""fare_calculation"", ""missing_slots"": [], ""operation"": ""CALCULATE_FARE"", ""outcome_reason"": ""answered"", ""response_text"": ""Published fare (Ordinary Services): INR 10 (record effective 2018-01-29). Published stage fare found; confirm the current fare before travel."", ""slots"": {""service_type"": ""Ordinary Services"", ""stage_number"": 6, ""transport_mode"": ""bus""}, ""status"": ""ok""}"
HG200_098,Express service me 11 stages ka ticket amount bta do,fare_calculation,CALCULATE_FARE,service_class,Use exactly Express stage-11 tariff; no silent substitution with Ordinary.,200,fare_calculation,CALCULATE_FARE,ok,answered,Published fare (Express Services): INR 22 (record effective 2018-01-29). Published stage fare found; confirm the current fare before travel.,1399.91,"{""candidate_entities"": [], ""candidate_intents"": [""fare_calculation""], ""clarification_reason"": null, ""data"": {""amount"": 22.0, ""currency"": ""INR"", ""effective_date"": ""2018-01-29"", ""government_order"": ""G.O (Ms.) No.48 Dated 28.01.2018"", ""provisional"": true, ""service_type"": ""Express Services"", ""source"": ""MTC_OFFICIAL"", ""stage_number"": 11}, ""intent"": ""fare_calculation"", ""missing_slots"": [], ""operation"": ""CALCULATE_FARE"", ""outcome_reason"": ""answered"", ""response_text"": ""Published fare (Express Services): INR 22 (record effective 2018-01-29). Published stage fare found; confirm the current fare before travel."", ""slots"": {""service_type"": ""Express Services"", ""stage_number"": 11}, ""status"": ""ok""}"
HG200_099,Deluxe bus ka 8 stage fare kya hai bhai?,fare_calculation,CALCULATE_FARE,service_class,Return the sourced dated Deluxe stage-8 amount if available.,200,fare_calculation,CALCULATE_FARE,ok,answered,Published fare (Deluxe Services): INR 25 (record effective 2018-01-29). Published stage fare found; confirm the current fare before travel.,1413.81,"{""candidate_entities"": [], ""candidate_intents"": [""fare_calculation""], ""clarification_reason"": null, ""data"": {""amount"": 25.0, ""currency"": ""INR"", ""effective_date"": ""2018-01-29"", ""government_order"": ""G.O (Ms.) No.48 Dated 28.01.2018"", ""provisional"": true, ""service_type"": ""Deluxe Services"", ""source"": ""MTC_OFFICIAL"", ""stage_number"": 8}, ""intent"": ""fare_calculation"", ""missing_slots"": [], ""operation"": ""CALCULATE_FARE"", ""outcome_reason"": ""answered"", ""response_text"": ""Published fare (Deluxe Services): INR 25 (record effective 2018-01-29). Published stage fare found; confirm the current fare before travel."", ""slots"": {""fare_type"": ""stage_fare"", ""service_type"": ""Deluxe Services"", ""stage_number"": 8, ""transport_mode"": ""bus""}, ""status"": ""ok""}"
HG200_100,Night service stage 3 ke paise kitne lagenge?,fare_calculation,CALCULATE_FARE,service_class,Honor Night tariff class; disclose lack of requested class if source absent.,200,fare_calculation,CALCULATE_FARE,ok,answered,Published fare (Night Services): INR 15 (record effective 2018-01-29). Published stage fare found; confirm the current fare before travel.,1382.94,"{""candidate_entities"": [], ""candidate_intents"": [""fare_calculation""], ""clarification_reason"": null, ""data"": {""amount"": 15.0, ""currency"": ""INR"", ""effective_date"": ""2018-01-29"", ""government_order"": ""G.O (Ms.) No.48 Dated 28.01.2018"", ""provisional"": true, ""service_type"": ""Night Services"", ""source"": ""MTC_OFFICIAL"", ""stage_number"": 3}, ""intent"": ""fare_calculation"", ""missing_slots"": [], ""operation"": ""CALCULATE_FARE"", ""outcome_reason"": ""answered"", ""response_text"": ""Published fare (Night Services): INR 15 (record effective 2018-01-29). Published stage fare found; confirm the current fare before travel."", ""slots"": {""service_type"": ""Night Services"", ""stage_number"": 3}, ""status"": ""ok""}"
HG200_101,AC bus me stage 7 ka cost bataoge?,fare_calculation,CALCULATE_FARE,unsupported_class_source,Do not substitute an available non-AC tariff for the requested AC class.,200,fare_calculation,CALCULATE_FARE,unavailable,unsupported_source,No verified fare record covers the requested journey or stage.,1360.84,"{""candidate_entities"": [], ""candidate_intents"": [""fare_calculation""], ""clarification_reason"": null, ""data"": {}, ""intent"": ""fare_calculation"", ""missing_slots"": [], ""operation"": ""CALCULATE_FARE"", ""outcome_reason"": ""unsupported_source"", ""response_text"": ""No verified fare record covers the requested journey or stage."", ""slots"": {""service_type"": ""Air Conditioned Services"", ""stage_number"": 7, ""transport_mode"": ""bus""}, ""status"": ""unavailable""}"
HG200_102,Ordinary bus me ६ stage ka किराया kitna h?,fare_calculation,CALCULATE_FARE,native_digit_contrast,Normalize Devanagari stage ६ to 6 and preserve Ordinary class.,200,fare_calculation,CALCULATE_FARE,ok,answered,Published fare (Ordinary Services): INR 10 (record effective 2018-01-29). Published stage fare found; confirm the current fare before travel.,1408.16,"{""candidate_entities"": [], ""candidate_intents"": [""fare_calculation""], ""clarification_reason"": null, ""data"": {""amount"": 10.0, ""currency"": ""INR"", ""effective_date"": ""2018-01-29"", ""government_order"": ""G.O (Ms.) No.48 Dated 28.01.2018"", ""provisional"": true, ""service_type"": ""Ordinary Services"", ""source"": ""MTC_OFFICIAL"", ""stage_number"": 6}, ""intent"": ""fare_calculation"", ""missing_slots"": [], ""operation"": ""CALCULATE_FARE"", ""outcome_reason"": ""answered"", ""response_text"": ""Published fare (Ordinary Services): INR 10 (record effective 2018-01-29). Published stage fare found; confirm the current fare before travel."", ""slots"": {""service_type"": ""Ordinary Services"", ""stage_number"": 6, ""transport_mode"": ""bus""}, ""status"": ""ok""}"
HG200_103,Guindy metro se High Court metro token ticket kitne ka?,fare_calculation,CALCULATE_FARE,metro_pair,Return dated source-backed metro pair token fare or genuine entity ambiguity; do not invent amount.,200,fare_calculation,CALCULATE_FARE,unavailable,unsupported_source,No verified fare record covers the requested journey or stage.,1389.84,"{""candidate_entities"": [], ""candidate_intents"": [""fare_calculation""], ""clarification_reason"": null, ""data"": {}, ""intent"": ""fare_calculation"", ""missing_slots"": [], ""operation"": ""CALCULATE_FARE"", ""outcome_reason"": ""unsupported_source"", ""response_text"": ""No verified fare record covers the requested journey or stage."", ""slots"": {""destination"": ""METRO_HIGH_COURT"", ""origin"": ""METRO_GUINDY"", ""ticket_type"": ""token"", ""transport_mode"": ""metro""}, ""status"": ""unavailable""}"
HG200_104,Airport se Alandur metro smart card fare kya padega?,fare_calculation,CALCULATE_FARE,unsupported_discount,Retain smart-card request; unverified discount policy must be limited rather than applying a guessed discount.,200,ticketing_and_passes,GET_TICKETING_POLICY,unavailable,unsupported_source,This snapshot contains no authoritative ticket or pass policy table.,1365.06,"{""candidate_entities"": [], ""candidate_intents"": [""ticketing_and_passes""], ""clarification_reason"": null, ""data"": {""reason"": ""ticket_policy_absent""}, ""intent"": ""ticketing_and_passes"", ""missing_slots"": [], ""operation"": ""GET_TICKETING_POLICY"", ""outcome_reason"": ""unsupported_source"", ""response_text"": ""This snapshot contains no authoritative ticket or pass policy table."", ""slots"": {}, ""status"": ""unavailable""}"
HG200_105,"Broadway se Adyar bus ka kiraya nikal do, stage ka mujhe nahi pata",fare_calculation,CALCULATE_FARE,unsupported_bus_od,Explain unsupported bus OD stage arithmetic; do not invent fare from a guessed stage delta.,200,interchange_transfer,GET_INTERCHANGE_DETAILS,unavailable,unsupported_source,The snapshot has no confirmed interchange records.,1423.15,"{""candidate_entities"": [], ""candidate_intents"": [""interchange_transfer""], ""clarification_reason"": null, ""data"": {""reason"": ""confirmed_interchanges_absent""}, ""intent"": ""interchange_transfer"", ""missing_slots"": [], ""operation"": ""GET_INTERCHANGE_DETAILS"", ""outcome_reason"": ""unsupported_source"", ""response_text"": ""The snapshot has no confirmed interchange records."", ""slots"": {}, ""status"": ""unavailable""}"
HG200_106,Bus fare kitna hai? start end dono nahi diye aur stage bhi nahi,fare_calculation,CALCULATE_FARE,missing_fare_scope,Ask for origin/destination pair or fare stage.,200,fare_calculation,CALCULATE_FARE,clarification,missing_execution_slot,Please provide a valid fare stage number.,1367.1,"{""candidate_entities"": [], ""candidate_intents"": [""fare_calculation""], ""clarification_reason"": ""missing_slot"", ""data"": {}, ""intent"": ""fare_calculation"", ""missing_slots"": [""stage_number""], ""operation"": ""CALCULATE_FARE"", ""outcome_reason"": ""missing_execution_slot"", ""response_text"": ""Please provide a valid fare stage number."", ""slots"": {""transport_mode"": ""bus""}, ""status"": ""clarification""}"
HG200_107,"MTC stage 12 ka amount chahiye, bus class specify nahi ki maine",fare_calculation,CALCULATE_FARE,disclosed_default_class,Ordinary default is acceptable only if explicitly disclosed with recorded fare source and date.,200,fare_calculation,CALCULATE_FARE,ok,answered,Published fare (Ordinary Services): INR 15 (record effective 2018-01-29). Published stage fare found; confirm the current fare before travel.,1381.32,"{""candidate_entities"": [], ""candidate_intents"": [""fare_calculation""], ""clarification_reason"": null, ""data"": {""amount"": 15.0, ""currency"": ""INR"", ""effective_date"": ""2018-01-29"", ""government_order"": ""G.O (Ms.) No.48 Dated 28.01.2018"", ""provisional"": true, ""service_type"": ""Ordinary Services"", ""source"": ""MTC_OFFICIAL"", ""stage_number"": 12}, ""intent"": ""fare_calculation"", ""missing_slots"": [], ""operation"": ""CALCULATE_FARE"", ""outcome_reason"": ""answered"", ""response_text"": ""Published fare (Ordinary Services): INR 15 (record effective 2018-01-29). Published stage fare found; confirm the current fare before travel."", ""slots"": {""stage_number"": 12, ""transport_mode"": ""bus""}, ""status"": ""ok""}"
HG200_108,"Egmore metro se Central metro ka amount, route mat samjhana abhi",fare_calculation,CALCULATE_FARE,negated_distractor,Recognize fare goal rather than route and return only sourced dated token fare or limitation.,200,fare_calculation,,clarification,entity_ambiguity,Please clarify which stop or location you mean.,1389.43,"{""candidate_entities"": [""METRO_EGMORE"", ""METRO_EGMORE_652426199""], ""candidate_intents"": [""fare_calculation""], ""clarification_reason"": ""entity_ambiguity"", ""data"": {}, ""intent"": ""fare_calculation"", ""missing_slots"": [], ""operation"": null, ""outcome_reason"": ""entity_ambiguity"", ""response_text"": ""Please clarify which stop or location you mean."", ""slots"": {""destination"": ""METRO_CENTRAL"", ""transport_mode"": ""metro""}, ""status"": ""clarification""}"
HG200_109,"Metro smart card recharge ka process kya h, thoda easy samjhao",ticketing_and_passes,GET_TICKETING_POLICY,colloquial,Recognize recharge policy goal; say authoritative policy source is absent rather than invent steps.,200,ticketing_and_passes,GET_TICKETING_POLICY,unavailable,unsupported_source,This snapshot contains no authoritative ticket or pass policy table.,1379.26,"{""candidate_entities"": [], ""candidate_intents"": [""ticketing_and_passes""], ""clarification_reason"": null, ""data"": {""reason"": ""ticket_policy_absent""}, ""intent"": ""ticketing_and_passes"", ""missing_slots"": [], ""operation"": ""GET_TICKETING_POLICY"", ""outcome_reason"": ""unsupported_source"", ""response_text"": ""This snapshot contains no authoritative ticket or pass policy table."", ""slots"": {}, ""status"": ""unavailable""}"
HG200_110,MTC monthly pass banwane ke rules aur documents kya honge?,ticketing_and_passes,GET_TICKETING_POLICY,policy_requirements,Give a source-specific ticket/pass policy limitation; do not invent requirements.,200,ticketing_and_passes,GET_TICKETING_POLICY,unavailable,unsupported_source,This snapshot contains no authoritative ticket or pass policy table.,1355.96,"{""candidate_entities"": [], ""candidate_intents"": [""ticketing_and_passes""], ""clarification_reason"": null, ""data"": {""reason"": ""ticket_policy_absent""}, ""intent"": ""ticketing_and_passes"", ""missing_slots"": [], ""operation"": ""GET_TICKETING_POLICY"", ""outcome_reason"": ""unsupported_source"", ""response_text"": ""This snapshot contains no authoritative ticket or pass policy table."", ""slots"": {}, ""status"": ""unavailable""}"
HG200_111,NCMC card Chennai metro me use karne ka niyam bata do,ticketing_and_passes,GET_TICKETING_POLICY,policy_usage,Retain NCMC policy goal; no unverified acceptance assertion.,200,ticketing_and_passes,GET_TICKETING_POLICY,unavailable,unsupported_source,This snapshot contains no authoritative ticket or pass policy table.,1413.18,"{""candidate_entities"": [], ""candidate_intents"": [""ticketing_and_passes""], ""clarification_reason"": null, ""data"": {""reason"": ""ticket_policy_absent""}, ""intent"": ""ticketing_and_passes"", ""missing_slots"": [], ""operation"": ""GET_TICKETING_POLICY"", ""outcome_reason"": ""unsupported_source"", ""response_text"": ""This snapshot contains no authoritative ticket or pass policy table."", ""slots"": {}, ""status"": ""unavailable""}"
HG200_112,QR ticket ka validity rule kya rehta h metro me?,ticketing_and_passes,GET_TICKETING_POLICY,policy_validity,Do not invent QR expiry or refund policy without authoritative source.,200,ticketing_and_passes,GET_TICKETING_POLICY,unavailable,unsupported_source,This snapshot contains no authoritative ticket or pass policy table.,1427.22,"{""candidate_entities"": [], ""candidate_intents"": [""ticketing_and_passes""], ""clarification_reason"": null, ""data"": {""reason"": ""ticket_policy_absent""}, ""intent"": ""ticketing_and_passes"", ""missing_slots"": [], ""operation"": ""GET_TICKETING_POLICY"", ""outcome_reason"": ""unsupported_source"", ""response_text"": ""This snapshot contains no authoritative ticket or pass policy table."", ""slots"": {}, ""status"": ""unavailable""}"
HG200_113,Token ticket return ho sakta hai kya? metro wala pooch raha hu,ticketing_and_passes,GET_TICKETING_POLICY,policy_refund,"Recognize token refund policy, distinguish it from token fare calculation.",200,ticketing_and_passes,GET_TICKETING_POLICY,unavailable,unsupported_source,This snapshot contains no authoritative ticket or pass policy table.,1412.95,"{""candidate_entities"": [], ""candidate_intents"": [""ticketing_and_passes""], ""clarification_reason"": null, ""data"": {""reason"": ""ticket_policy_absent""}, ""intent"": ""ticketing_and_passes"", ""missing_slots"": [], ""operation"": ""GET_TICKETING_POLICY"", ""outcome_reason"": ""unsupported_source"", ""response_text"": ""This snapshot contains no authoritative ticket or pass policy table."", ""slots"": {}, ""status"": ""unavailable""}"
HG200_114,"Suburban season pass renew kaise hota hai, rule batao",ticketing_and_passes,GET_TICKETING_POLICY,policy_renewal,Retain suburban season-pass policy question and report missing source.,200,ticketing_and_passes,GET_TICKETING_POLICY,unavailable,unsupported_source,This snapshot contains no authoritative ticket or pass policy table.,1452.34,"{""candidate_entities"": [], ""candidate_intents"": [""ticketing_and_passes""], ""clarification_reason"": null, ""data"": {""reason"": ""ticket_policy_absent""}, ""intent"": ""ticketing_and_passes"", ""missing_slots"": [], ""operation"": ""GET_TICKETING_POLICY"", ""outcome_reason"": ""unsupported_source"", ""response_text"": ""This snapshot contains no authoritative ticket or pass policy table."", ""slots"": {}, ""status"": ""unavailable""}"
HG200_115,Tourist pass lena ho to kya conditions hoti hain Chennai metro me?,ticketing_and_passes,GET_TICKETING_POLICY,policy_conditions,No fabricated tourist-pass availability/conditions; source limitation is appropriate.,200,ticketing_and_passes,GET_TICKETING_POLICY,unavailable,unsupported_source,This snapshot contains no authoritative ticket or pass policy table.,1451.84,"{""candidate_entities"": [], ""candidate_intents"": [""ticketing_and_passes""], ""clarification_reason"": null, ""data"": {""reason"": ""ticket_policy_absent""}, ""intent"": ""ticketing_and_passes"", ""missing_slots"": [], ""operation"": ""GET_TICKETING_POLICY"", ""outcome_reason"": ""unsupported_source"", ""response_text"": ""This snapshot contains no authoritative ticket or pass policy table."", ""slots"": {}, ""status"": ""unavailable""}"
HG200_116,Monthly pass kisi aur ko deke travel karwa sakte hai kya?,ticketing_and_passes,GET_TICKETING_POLICY,policy_transferability,Recognize pass transferability policy without inventing an authoritative rule.,200,ticketing_and_passes,GET_TICKETING_POLICY,unavailable,unsupported_source,This snapshot contains no authoritative ticket or pass policy table.,1386.96,"{""candidate_entities"": [], ""candidate_intents"": [""ticketing_and_passes""], ""clarification_reason"": null, ""data"": {""reason"": ""ticket_policy_absent""}, ""intent"": ""ticketing_and_passes"", ""missing_slots"": [], ""operation"": ""GET_TICKETING_POLICY"", ""outcome_reason"": ""unsupported_source"", ""response_text"": ""This snapshot contains no authoritative ticket or pass policy table."", ""slots"": {}, ""status"": ""unavailable""}"
HG200_117,"Bus monthly pass ke rules bolna, per ride kiraya nahi puch raha",ticketing_and_passes,GET_TICKETING_POLICY,negated_fare,Choose ticket/pass policy despite explicit negated fare distractor.,200,ticketing_and_passes,GET_TICKETING_POLICY,unavailable,unsupported_source,This snapshot contains no authoritative ticket or pass policy table.,1364.2,"{""candidate_entities"": [], ""candidate_intents"": [""ticketing_and_passes""], ""clarification_reason"": null, ""data"": {""reason"": ""ticket_policy_absent""}, ""intent"": ""ticketing_and_passes"", ""missing_slots"": [], ""operation"": ""GET_TICKETING_POLICY"", ""outcome_reason"": ""unsupported_source"", ""response_text"": ""This snapshot contains no authoritative ticket or pass policy table."", ""slots"": {}, ""status"": ""unavailable""}"
HG200_118,Metro smartcard kho gayi to replace ka process kya rahega?,ticketing_and_passes,GET_TICKETING_POLICY,roman_spelling,Recognize replacement policy and report no verified policy data.,200,ticketing_and_passes,GET_TICKETING_POLICY,unavailable,unsupported_source,This snapshot contains no authoritative ticket or pass policy table.,1367.72,"{""candidate_entities"": [], ""candidate_intents"": [""ticketing_and_passes""], ""clarification_reason"": null, ""data"": {""reason"": ""ticket_policy_absent""}, ""intent"": ""ticketing_and_passes"", ""missing_slots"": [], ""operation"": ""GET_TICKETING_POLICY"", ""outcome_reason"": ""unsupported_source"", ""response_text"": ""This snapshot contains no authoritative ticket or pass policy table."", ""slots"": {}, ""status"": ""unavailable""}"
HG200_119,Chennai local ka season pass online apply karne ka tarika?,ticketing_and_passes,GET_TICKETING_POLICY,mixed_english,Do not invent booking links or application flow; report policy-source limit.,200,ticketing_and_passes,GET_TICKETING_POLICY,unavailable,unsupported_source,This snapshot contains no authoritative ticket or pass policy table.,1388.93,"{""candidate_entities"": [], ""candidate_intents"": [""ticketing_and_passes""], ""clarification_reason"": null, ""data"": {""reason"": ""ticket_policy_absent""}, ""intent"": ""ticketing_and_passes"", ""missing_slots"": [], ""operation"": ""GET_TICKETING_POLICY"", ""outcome_reason"": ""unsupported_source"", ""response_text"": ""This snapshot contains no authoritative ticket or pass policy table."", ""slots"": {}, ""status"": ""unavailable""}"
HG200_120,"Ticket policy help chahiye, QR ticket ko cancel karna ho to?",ticketing_and_passes,GET_TICKETING_POLICY,policy_cancellation,Recognize ticket policy with unspecified mode; clarify mode if necessary or state missing policy source.,200,ticketing_and_passes,GET_TICKETING_POLICY,unavailable,unsupported_source,This snapshot contains no authoritative ticket or pass policy table.,1354.86,"{""candidate_entities"": [], ""candidate_intents"": [""ticketing_and_passes""], ""clarification_reason"": null, ""data"": {""reason"": ""ticket_policy_absent""}, ""intent"": ""ticketing_and_passes"", ""missing_slots"": [], ""operation"": ""GET_TICKETING_POLICY"", ""outcome_reason"": ""unsupported_source"", ""response_text"": ""This snapshot contains no authoritative ticket or pass policy table."", ""slots"": {}, ""status"": ""unavailable""}"
HG200_121,Nandanam metro pe bike parking ki suvidha hai kya?,station_facilities,GET_STATION_FACILITY,colloquial,Recognize parking amenity; unverified facility source must be disclosed instead of asserting availability.,200,station_facilities,GET_STATION_FACILITY,unavailable,unsupported_source,Facility availability is not verified in this snapshot.,1367.99,"{""candidate_entities"": [], ""candidate_intents"": [""station_facilities""], ""clarification_reason"": null, ""data"": {""reason"": ""facility_verification_absent""}, ""intent"": ""station_facilities"", ""missing_slots"": [], ""operation"": ""GET_STATION_FACILITY"", ""outcome_reason"": ""unsupported_source"", ""response_text"": ""Facility availability is not verified in this snapshot."", ""slots"": {}, ""status"": ""unavailable""}"
HG200_122,Guindy metro me paani peene ka point milta hai?,station_facilities,GET_STATION_FACILITY,colloquial_facility,Recognize drinking-water facility and explain no verified amenity inventory.,200,interchange_transfer,GET_INTERCHANGE_DETAILS,unavailable,unsupported_source,The snapshot has no confirmed interchange records.,1378.24,"{""candidate_entities"": [], ""candidate_intents"": [""interchange_transfer""], ""clarification_reason"": null, ""data"": {""reason"": ""confirmed_interchanges_absent""}, ""intent"": ""interchange_transfer"", ""missing_slots"": [], ""operation"": ""GET_INTERCHANGE_DETAILS"", ""outcome_reason"": ""unsupported_source"", ""response_text"": ""The snapshot has no confirmed interchange records."", ""slots"": {}, ""status"": ""unavailable""}"
HG200_123,Egmore station par cloak room h kya luggage rakhne ke liye?,station_facilities,GET_STATION_FACILITY,amenity_purpose,"Recognize cloak-room facility, not route or accessibility; do not claim unsupported storage.",200,station_facilities,GET_STATION_FACILITY,unavailable,unsupported_source,Facility availability is not verified in this snapshot.,1367.52,"{""candidate_entities"": [], ""candidate_intents"": [""station_facilities""], ""clarification_reason"": null, ""data"": {""reason"": ""facility_verification_absent""}, ""intent"": ""station_facilities"", ""missing_slots"": [], ""operation"": ""GET_STATION_FACILITY"", ""outcome_reason"": ""unsupported_source"", ""response_text"": ""Facility availability is not verified in this snapshot."", ""slots"": {}, ""status"": ""unavailable""}"
HG200_124,High Court metro me ATM mil jayega kya?,station_facilities,GET_STATION_FACILITY,mixed_english,Give specific absence of verified ATM records rather than assert yes/no.,200,out_of_scope,REJECT_OUT_OF_SCOPE,out_of_scope,out_of_scope,I can help with Chennai public transport questions.,1382.81,"{""candidate_entities"": [], ""candidate_intents"": [""out_of_scope""], ""clarification_reason"": null, ""data"": {}, ""intent"": ""out_of_scope"", ""missing_slots"": [], ""operation"": ""REJECT_OUT_OF_SCOPE"", ""outcome_reason"": ""out_of_scope"", ""response_text"": ""I can help with Chennai public transport questions."", ""slots"": {}, ""status"": ""out_of_scope""}"
HG200_125,Vadapalani metro pe toilet facility ka info chahiye,station_facilities,GET_STATION_FACILITY,facility_synonym,Recognize general restroom facility; do not conflate with accessible toilet request.,200,station_facilities,GET_STATION_FACILITY,unavailable,unsupported_source,Facility availability is not verified in this snapshot.,1385.94,"{""candidate_entities"": [], ""candidate_intents"": [""station_facilities""], ""clarification_reason"": null, ""data"": {""reason"": ""facility_verification_absent""}, ""intent"": ""station_facilities"", ""missing_slots"": [], ""operation"": ""GET_STATION_FACILITY"", ""outcome_reason"": ""unsupported_source"", ""response_text"": ""Facility availability is not verified in this snapshot."", ""slots"": {}, ""status"": ""unavailable""}"
HG200_126,Chennai Central metro me free wifi hai kya yaar?,station_facilities,GET_STATION_FACILITY,colloquial,Recognize Wi-Fi facility and state missing verified source without inventing service.,200,station_facilities,GET_STATION_FACILITY,unavailable,unsupported_source,Facility availability is not verified in this snapshot.,1375.07,"{""candidate_entities"": [], ""candidate_intents"": [""station_facilities""], ""clarification_reason"": null, ""data"": {""reason"": ""facility_verification_absent""}, ""intent"": ""station_facilities"", ""missing_slots"": [], ""operation"": ""GET_STATION_FACILITY"", ""outcome_reason"": ""unsupported_source"", ""response_text"": ""Facility availability is not verified in this snapshot."", ""slots"": {}, ""status"": ""unavailable""}"
HG200_127,CMBT bus stand me waiting room ka record hai?,station_facilities,GET_STATION_FACILITY,bus_facility,Source-limited facility goal remains in station_facilities even for bus station.,200,station_facilities,GET_STATION_FACILITY,unavailable,unsupported_source,Facility availability is not verified in this snapshot.,1411.86,"{""candidate_entities"": [], ""candidate_intents"": [""station_facilities""], ""clarification_reason"": null, ""data"": {""reason"": ""facility_verification_absent""}, ""intent"": ""station_facilities"", ""missing_slots"": [], ""operation"": ""GET_STATION_FACILITY"", ""outcome_reason"": ""unsupported_source"", ""response_text"": ""Facility availability is not verified in this snapshot."", ""slots"": {}, ""status"": ""unavailable""}"
HG200_128,Parking kaha hai station pe? station ka naam main nahi bol paya,station_facilities,GET_STATION_FACILITY,missing_station,Ask which station instead of assuming a nearby/current one.,200,interchange_transfer,GET_INTERCHANGE_DETAILS,unavailable,unsupported_source,The snapshot has no confirmed interchange records.,1434.26,"{""candidate_entities"": [], ""candidate_intents"": [""interchange_transfer""], ""clarification_reason"": null, ""data"": {""reason"": ""confirmed_interchanges_absent""}, ""intent"": ""interchange_transfer"", ""missing_slots"": [], ""operation"": ""GET_INTERCHANGE_DETAILS"", ""outcome_reason"": ""unsupported_source"", ""response_text"": ""The snapshot has no confirmed interchange records."", ""slots"": {}, ""status"": ""unavailable""}"
HG200_129,"Metro station me drinking water h kya, kaunsa station nahi likha",station_facilities,GET_STATION_FACILITY,missing_station,Request station for the supplied drinking-water amenity.,200,interchange_transfer,GET_INTERCHANGE_DETAILS,unavailable,unsupported_source,The snapshot has no confirmed interchange records.,1391.99,"{""candidate_entities"": [], ""candidate_intents"": [""interchange_transfer""], ""clarification_reason"": null, ""data"": {""reason"": ""confirmed_interchanges_absent""}, ""intent"": ""interchange_transfer"", ""missing_slots"": [], ""operation"": ""GET_INTERCHANGE_DETAILS"", ""outcome_reason"": ""unsupported_source"", ""response_text"": ""The snapshot has no confirmed interchange records."", ""slots"": {}, ""status"": ""unavailable""}"
HG200_130,"Alandur metro me parking pooch raha hu, lift nahi",station_facilities,GET_STATION_FACILITY,negated_accessibility,Recognize parking only; negated lift does not create an accessibility goal.,200,station_facilities,GET_STATION_FACILITY,unavailable,unsupported_source,Facility availability is not verified in this snapshot.,1371.47,"{""candidate_entities"": [], ""candidate_intents"": [""station_facilities""], ""clarification_reason"": null, ""data"": {""reason"": ""facility_verification_absent""}, ""intent"": ""station_facilities"", ""missing_slots"": [], ""operation"": ""GET_STATION_FACILITY"", ""outcome_reason"": ""unsupported_source"", ""response_text"": ""Facility availability is not verified in this snapshot."", ""slots"": {}, ""status"": ""unavailable""}"
HG200_131,Saidapet metro par washroom ka available data bataiye,station_facilities,GET_STATION_FACILITY,polite_roman,Retain station and requested restroom; respond with source-qualified information or limitation.,200,station_facilities,GET_STATION_FACILITY,unavailable,unsupported_source,Facility availability is not verified in this snapshot.,1391.16,"{""candidate_entities"": [], ""candidate_intents"": [""station_facilities""], ""clarification_reason"": null, ""data"": {""reason"": ""facility_verification_absent""}, ""intent"": ""station_facilities"", ""missing_slots"": [], ""operation"": ""GET_STATION_FACILITY"", ""outcome_reason"": ""unsupported_source"", ""response_text"": ""Facility availability is not verified in this snapshot."", ""slots"": {}, ""status"": ""unavailable""}"
HG200_132,Tambaram railway station me waiting hall hai ki nahi?,station_facilities,GET_STATION_FACILITY,local_station_facility,Do not mistake railway station amenity for intercity out-of-scope; report absent facility inventory.,200,station_facilities,GET_STATION_FACILITY,unavailable,unsupported_source,Facility availability is not verified in this snapshot.,1551.25,"{""candidate_entities"": [], ""candidate_intents"": [""station_facilities""], ""clarification_reason"": null, ""data"": {""reason"": ""facility_verification_absent""}, ""intent"": ""station_facilities"", ""missing_slots"": [], ""operation"": ""GET_STATION_FACILITY"", ""outcome_reason"": ""unsupported_source"", ""response_text"": ""Facility availability is not verified in this snapshot."", ""slots"": {}, ""status"": ""unavailable""}"
HG200_133,Guindy metro pe wheelchair access ka record btao,station_accessibility,GET_ACCESSIBILITY_INFO,colloquial,"Recognize wheelchair accessibility; canonical values are null, so do not assert availability.",200,station_accessibility,GET_ACCESSIBILITY_INFO,unavailable,unsupported_source,The snapshot contains no verified accessibility feature values.,2871.31,"{""candidate_entities"": [], ""candidate_intents"": [""station_accessibility""], ""clarification_reason"": null, ""data"": {""reason"": ""accessibility_values_absent""}, ""intent"": ""station_accessibility"", ""missing_slots"": [], ""operation"": ""GET_ACCESSIBILITY_INFO"", ""outcome_reason"": ""unsupported_source"", ""response_text"": ""The snapshot contains no verified accessibility feature values."", ""slots"": {}, ""status"": ""unavailable""}"
HG200_134,"Alandur metro me lift lagi hai kya, stairs mushkil hain mere liye",station_accessibility,GET_ACCESSIBILITY_INFO,assistive_context,Recognize lift feature and source limitation; do not infer from generic station facts.,200,station_accessibility,GET_ACCESSIBILITY_INFO,unavailable,unsupported_source,The snapshot contains no verified accessibility feature values.,2047.78,"{""candidate_entities"": [], ""candidate_intents"": [""station_accessibility""], ""clarification_reason"": null, ""data"": {""reason"": ""accessibility_values_absent""}, ""intent"": ""station_accessibility"", ""missing_slots"": [], ""operation"": ""GET_ACCESSIBILITY_INFO"", ""outcome_reason"": ""unsupported_source"", ""response_text"": ""The snapshot contains no verified accessibility feature values."", ""slots"": {}, ""status"": ""unavailable""}"
HG200_135,Airport metro station pe ramp available hai wheelchair ke liye?,station_accessibility,GET_ACCESSIBILITY_INFO,assistive_context,Retain explicitly asked ramp and avoid inventing accessibility status.,200,station_accessibility,GET_ACCESSIBILITY_INFO,unavailable,unsupported_source,The snapshot contains no verified accessibility feature values.,1425.88,"{""candidate_entities"": [], ""candidate_intents"": [""station_accessibility""], ""clarification_reason"": null, ""data"": {""reason"": ""accessibility_values_absent""}, ""intent"": ""station_accessibility"", ""missing_slots"": [], ""operation"": ""GET_ACCESSIBILITY_INFO"", ""outcome_reason"": ""unsupported_source"", ""response_text"": ""The snapshot contains no verified accessibility feature values."", ""slots"": {}, ""status"": ""unavailable""}"
HG200_136,Nehru Park metro me escalator ka verified info h kya?,station_accessibility,GET_ACCESSIBILITY_INFO,verified_source_request,Recognize escalator accessibility; no availability claim without verified record.,200,ticketing_and_passes,GET_TICKETING_POLICY,unavailable,unsupported_source,This snapshot contains no authoritative ticket or pass policy table.,1388.57,"{""candidate_entities"": [], ""candidate_intents"": [""ticketing_and_passes""], ""clarification_reason"": null, ""data"": {""reason"": ""ticket_policy_absent""}, ""intent"": ""ticketing_and_passes"", ""missing_slots"": [], ""operation"": ""GET_TICKETING_POLICY"", ""outcome_reason"": ""unsupported_source"", ""response_text"": ""This snapshot contains no authoritative ticket or pass policy table."", ""slots"": {}, ""status"": ""unavailable""}"
HG200_137,Central metro me accessible toilet ka status kya hai?,station_accessibility,GET_ACCESSIBILITY_INFO,specific_assistive_feature,Distinguish accessible toilet from general restroom facility and state missing verification.,200,station_accessibility,GET_ACCESSIBILITY_INFO,unavailable,unsupported_source,The snapshot contains no verified accessibility feature values.,1443.17,"{""candidate_entities"": [], ""candidate_intents"": [""station_accessibility""], ""clarification_reason"": null, ""data"": {""reason"": ""accessibility_values_absent""}, ""intent"": ""station_accessibility"", ""missing_slots"": [], ""operation"": ""GET_ACCESSIBILITY_INFO"", ""outcome_reason"": ""unsupported_source"", ""response_text"": ""The snapshot contains no verified accessibility feature values."", ""slots"": {}, ""status"": ""unavailable""}"
HG200_138,Blind passengers ke liye Vadapalani metro me tactile paths hain?,station_accessibility,GET_ACCESSIBILITY_INFO,assistive_context,"Recognize tactile-path accessibility, not general facility or route advice.",200,station_accessibility,GET_ACCESSIBILITY_INFO,unavailable,unsupported_source,The snapshot contains no verified accessibility feature values.,1423.85,"{""candidate_entities"": [], ""candidate_intents"": [""station_accessibility""], ""clarification_reason"": null, ""data"": {""reason"": ""accessibility_values_absent""}, ""intent"": ""station_accessibility"", ""missing_slots"": [], ""operation"": ""GET_ACCESSIBILITY_INFO"", ""outcome_reason"": ""unsupported_source"", ""response_text"": ""The snapshot contains no verified accessibility feature values."", ""slots"": {}, ""status"": ""unavailable""}"
HG200_139,Tambaram local station par ramp ka data mil sakta h?,station_accessibility,GET_ACCESSIBILITY_INFO,nonmetro_source_limit,State absent suburban accessibility records; do not invent a negative or positive feature value.,200,station_accessibility,GET_ACCESSIBILITY_INFO,unavailable,unsupported_source,The snapshot contains no verified accessibility feature values.,1427.0,"{""candidate_entities"": [], ""candidate_intents"": [""station_accessibility""], ""clarification_reason"": null, ""data"": {""reason"": ""accessibility_values_absent""}, ""intent"": ""station_accessibility"", ""missing_slots"": [], ""operation"": ""GET_ACCESSIBILITY_INFO"", ""outcome_reason"": ""unsupported_source"", ""response_text"": ""The snapshot contains no verified accessibility feature values."", ""slots"": {}, ""status"": ""unavailable""}"
HG200_140,CMBT bus stand wheelchair friendly hai kya?,station_accessibility,GET_ACCESSIBILITY_INFO,nonmetro_source_limit,Recognize accessibility despite bus stand; specify missing bus accessibility source.,200,station_accessibility,GET_ACCESSIBILITY_INFO,unavailable,unsupported_source,The snapshot contains no verified accessibility feature values.,1408.07,"{""candidate_entities"": [], ""candidate_intents"": [""station_accessibility""], ""clarification_reason"": null, ""data"": {""reason"": ""accessibility_values_absent""}, ""intent"": ""station_accessibility"", ""missing_slots"": [], ""operation"": ""GET_ACCESSIBILITY_INFO"", ""outcome_reason"": ""unsupported_source"", ""response_text"": ""The snapshot contains no verified accessibility feature values."", ""slots"": {}, ""status"": ""unavailable""}"
HG200_141,"Lift ka status batao please, kis station ki woh bolna reh gaya",station_accessibility,GET_ACCESSIBILITY_INFO,missing_station,Ask which station while preserving lift feature.,200,realtime_status_query,REJECT_UNSUPPORTED_REALTIME,unavailable,external_source_required,Live transport status is unavailable; please verify with the operator.,1447.3,"{""candidate_entities"": [], ""candidate_intents"": [""realtime_status_query""], ""clarification_reason"": null, ""data"": {}, ""intent"": ""realtime_status_query"", ""missing_slots"": [], ""operation"": ""REJECT_UNSUPPORTED_REALTIME"", ""outcome_reason"": ""external_source_required"", ""response_text"": ""Live transport status is unavailable; please verify with the operator."", ""slots"": {}, ""status"": ""unavailable""}"
HG200_142,"Metro me accessible toilet chahiye, station naam abhi nahi diya",station_accessibility,GET_ACCESSIBILITY_INFO,missing_station,Request missing station without guessing a physical node.,200,interchange_transfer,GET_INTERCHANGE_DETAILS,unavailable,unsupported_source,The snapshot has no confirmed interchange records.,1453.47,"{""candidate_entities"": [], ""candidate_intents"": [""interchange_transfer""], ""clarification_reason"": null, ""data"": {""reason"": ""confirmed_interchanges_absent""}, ""intent"": ""interchange_transfer"", ""missing_slots"": [], ""operation"": ""GET_INTERCHANGE_DETAILS"", ""outcome_reason"": ""unsupported_source"", ""response_text"": ""The snapshot has no confirmed interchange records."", ""slots"": {}, ""status"": ""unavailable""}"
HG200_143,"High Court metro pe lift ka info chahiye, parking nahi",station_accessibility,GET_ACCESSIBILITY_INFO,negated_facility,Recognize lift accessibility while ignoring explicitly negated parking.,200,,,clarification,intent_ambiguity,Please clarify which transport question you mean.,3304.16,"{""candidate_entities"": [], ""candidate_intents"": [""station_facilities""], ""clarification_reason"": ""intent_ambiguity"", ""data"": {""reason"": ""negated_selected_goal""}, ""intent"": null, ""missing_slots"": [], ""operation"": null, ""outcome_reason"": ""intent_ambiguity"", ""response_text"": ""Please clarify which transport question you mean."", ""slots"": {}, ""status"": ""clarification""}"
HG200_144,Saidapet metro me chalne me dikkat wale passenger ke liye accessibility kya hai?,station_accessibility,GET_ACCESSIBILITY_INFO,general_accessibility,Recognize overall assistive-access goal and source limitation; do not invent a default specific feature.,200,station_accessibility,GET_ACCESSIBILITY_INFO,unavailable,unsupported_source,The snapshot contains no verified accessibility feature values.,3036.57,"{""candidate_entities"": [], ""candidate_intents"": [""station_accessibility""], ""clarification_reason"": null, ""data"": {""reason"": ""accessibility_values_absent""}, ""intent"": ""station_accessibility"", ""missing_slots"": [], ""operation"": ""GET_ACCESSIBILITY_INFO"", ""outcome_reason"": ""unsupported_source"", ""response_text"": ""The snapshot contains no verified accessibility feature values."", ""slots"": {}, ""status"": ""unavailable""}"
HG200_145,Central par metro se local train switch karne ka interchange info?,interchange_transfer,GET_INTERCHANGE_DETAILS,colloquial,Recognize metro-to-suburban transfer; unconfirmed hub/transfer records cannot prove a verified connection.,200,ticketing_and_passes,GET_TICKETING_POLICY,unavailable,unsupported_source,This snapshot contains no authoritative ticket or pass policy table.,3110.5,"{""candidate_entities"": [], ""candidate_intents"": [""ticketing_and_passes""], ""clarification_reason"": null, ""data"": {""reason"": ""ticket_policy_absent""}, ""intent"": ""ticketing_and_passes"", ""missing_slots"": [], ""operation"": ""GET_TICKETING_POLICY"", ""outcome_reason"": ""unsupported_source"", ""response_text"": ""This snapshot contains no authoritative ticket or pass policy table."", ""slots"": {}, ""status"": ""unavailable""}"
HG200_146,"Guindy me local se metro badalne ka tarika btao, station transfer wala",interchange_transfer,GET_INTERCHANGE_DETAILS,mode_direction,Preserve source/destination mode order; give source-specific transfer limitation without inventing a path.,200,interchange_transfer,GET_INTERCHANGE_DETAILS,unavailable,unsupported_source,The snapshot has no confirmed interchange records.,1839.18,"{""candidate_entities"": [], ""candidate_intents"": [""interchange_transfer""], ""clarification_reason"": null, ""data"": {""reason"": ""confirmed_interchanges_absent""}, ""intent"": ""interchange_transfer"", ""missing_slots"": [], ""operation"": ""GET_INTERCHANGE_DETAILS"", ""outcome_reason"": ""unsupported_source"", ""response_text"": ""The snapshot has no confirmed interchange records."", ""slots"": {}, ""status"": ""unavailable""}"
HG200_147,Alandur pe Blue Line se Green Line interchange kaisa hota hai?,interchange_transfer,GET_INTERCHANGE_DETAILS,line_transfer,"Recognize intra-metro interchange as transfer goal, not full endpoint journey.",200,interchange_transfer,GET_INTERCHANGE_DETAILS,unavailable,unsupported_source,The snapshot has no confirmed interchange records.,1432.87,"{""candidate_entities"": [], ""candidate_intents"": [""interchange_transfer""], ""clarification_reason"": null, ""data"": {""reason"": ""confirmed_interchanges_absent""}, ""intent"": ""interchange_transfer"", ""missing_slots"": [], ""operation"": ""GET_INTERCHANGE_DETAILS"", ""outcome_reason"": ""unsupported_source"", ""response_text"": ""The snapshot has no confirmed interchange records."", ""slots"": {}, ""status"": ""unavailable""}"
HG200_148,CMBT me bus se metro connect karna ho to transfer info milega?,interchange_transfer,GET_INTERCHANGE_DETAILS,mode_direction,Recognize bus-to-metro transfer at CMBT; only confirmed evidence may support walking instruction.,200,mode_availability,,clarification,missing_execution_slot,Please choose one transport mode for this question.,1410.9,"{""candidate_entities"": [], ""candidate_intents"": [""mode_availability""], ""clarification_reason"": ""missing_slot"", ""data"": {""requested_modes"": [""bus"", ""metro""]}, ""intent"": ""mode_availability"", ""missing_slots"": [""transport_mode""], ""operation"": null, ""outcome_reason"": ""missing_execution_slot"", ""response_text"": ""Please choose one transport mode for this question."", ""slots"": {""destination"": ""HUB_CMBT""}, ""status"": ""clarification""}"
HG200_149,"St Thomas Mount metro se suburban platform jana, connection kaise?",interchange_transfer,GET_INTERCHANGE_DETAILS,platform_source_limit,Recognize transfer while explicitly limiting absent platform/gate/verified-walking data.,200,point_to_point_route,,clarification,missing_execution_slot,Please choose one transport mode for this question.,1433.97,"{""candidate_entities"": [], ""candidate_intents"": [""point_to_point_route""], ""clarification_reason"": ""missing_slot"", ""data"": {""requested_modes"": [""metro"", ""suburban_rail""]}, ""intent"": ""point_to_point_route"", ""missing_slots"": [""transport_mode""], ""operation"": null, ""outcome_reason"": ""missing_execution_slot"", ""response_text"": ""Please choose one transport mode for this question."", ""slots"": {""origin"": ""HUB_ST__THOMAS_MOUNT""}, ""status"": ""clarification""}"
HG200_150,Metro se bus interchange possible hai kya? station main mention nahi kar raha,interchange_transfer,GET_INTERCHANGE_DETAILS,mode_pair_only,Treat supplied mode pair as recognized transfer scope; avoid claiming a specific unmentioned station.,200,interchange_transfer,GET_INTERCHANGE_DETAILS,unavailable,unsupported_source,The snapshot has no confirmed interchange records.,1409.35,"{""candidate_entities"": [], ""candidate_intents"": [""interchange_transfer""], ""clarification_reason"": null, ""data"": {""reason"": ""confirmed_interchanges_absent""}, ""intent"": ""interchange_transfer"", ""missing_slots"": [], ""operation"": ""GET_INTERCHANGE_DETAILS"", ""outcome_reason"": ""unsupported_source"", ""response_text"": ""The snapshot has no confirmed interchange records."", ""slots"": {}, ""status"": ""unavailable""}"
HG200_151,"Train badalni hai, interchange help chahiye par kaunse station pe nahi bataya",interchange_transfer,GET_INTERCHANGE_DETAILS,missing_transfer_scope,Ask for station or from/to modes before a transfer operation.,200,interchange_transfer,GET_INTERCHANGE_DETAILS,unavailable,unsupported_source,The snapshot has no confirmed interchange records.,1448.3,"{""candidate_entities"": [], ""candidate_intents"": [""interchange_transfer""], ""clarification_reason"": null, ""data"": {""reason"": ""confirmed_interchanges_absent""}, ""intent"": ""interchange_transfer"", ""missing_slots"": [], ""operation"": ""GET_INTERCHANGE_DETAILS"", ""outcome_reason"": ""unsupported_source"", ""response_text"": ""The snapshot has no confirmed interchange records."", ""slots"": {}, ""status"": ""unavailable""}"
HG200_152,High Court metro se bus stop tak paidal transfer ka info chahiye,interchange_transfer,GET_INTERCHANGE_DETAILS,walking_transfer,Do not invent a verified walking route from geometric/candidate transfer evidence.,200,ticketing_and_passes,GET_TICKETING_POLICY,unavailable,unsupported_source,This snapshot contains no authoritative ticket or pass policy table.,1453.68,"{""candidate_entities"": [], ""candidate_intents"": [""ticketing_and_passes""], ""clarification_reason"": null, ""data"": {""reason"": ""ticket_policy_absent""}, ""intent"": ""ticketing_and_passes"", ""missing_slots"": [], ""operation"": ""GET_TICKETING_POLICY"", ""outcome_reason"": ""unsupported_source"", ""response_text"": ""This snapshot contains no authoritative ticket or pass policy table."", ""slots"": {}, ""status"": ""unavailable""}"
HG200_153,"Chennai Beach local se MRTS switch ho sakta hai, transfer data?",interchange_transfer,GET_INTERCHANGE_DETAILS,rail_mode_pair,Recognize suburban-to-MRTS transfer and disclose source confirmation limits.,200,interchange_transfer,GET_INTERCHANGE_DETAILS,unavailable,unsupported_source,The snapshot has no confirmed interchange records.,1339.12,"{""candidate_entities"": [], ""candidate_intents"": [""interchange_transfer""], ""clarification_reason"": null, ""data"": {""reason"": ""confirmed_interchanges_absent""}, ""intent"": ""interchange_transfer"", ""missing_slots"": [], ""operation"": ""GET_INTERCHANGE_DETAILS"", ""outcome_reason"": ""unsupported_source"", ""response_text"": ""The snapshot has no confirmed interchange records."", ""slots"": {}, ""status"": ""unavailable""}"
HG200_154,Guindy bus stand se metro pakadne ke liye badalna kahan padega?,interchange_transfer,GET_INTERCHANGE_DETAILS,colloquial,Treat as local transfer query with Guindy context rather than nearest transport.,200,interchange_transfer,GET_INTERCHANGE_DETAILS,unavailable,unsupported_source,The snapshot has no confirmed interchange records.,1445.59,"{""candidate_entities"": [], ""candidate_intents"": [""interchange_transfer""], ""clarification_reason"": null, ""data"": {""reason"": ""confirmed_interchanges_absent""}, ""intent"": ""interchange_transfer"", ""missing_slots"": [], ""operation"": ""GET_INTERCHANGE_DETAILS"", ""outcome_reason"": ""unsupported_source"", ""response_text"": ""The snapshot has no confirmed interchange records."", ""slots"": {}, ""status"": ""unavailable""}"
HG200_155,"Central metro me line change ka info, fare nahi chahiye abhi",interchange_transfer,GET_INTERCHANGE_DETAILS,negated_fare,Recognize line transfer and ignore explicitly negated fare request.,200,,,clarification,intent_ambiguity,Please clarify which transport question you mean.,1396.25,"{""candidate_entities"": [], ""candidate_intents"": [""fare_calculation""], ""clarification_reason"": ""intent_ambiguity"", ""data"": {""reason"": ""negated_selected_goal""}, ""intent"": null, ""missing_slots"": [], ""operation"": null, ""outcome_reason"": ""intent_ambiguity"", ""response_text"": ""Please clarify which transport question you mean."", ""slots"": {}, ""status"": ""clarification""}"
HG200_156,Koyambedu par bus utar ke metro chadhne ka walking connection verified hai?,interchange_transfer,GET_INTERCHANGE_DETAILS,verified_source_request,Answer evidence status honestly; do not describe unverified interchange as confirmed.,200,interchange_transfer,GET_INTERCHANGE_DETAILS,unavailable,unsupported_source,The snapshot has no confirmed interchange records.,1434.43,"{""candidate_entities"": [], ""candidate_intents"": [""interchange_transfer""], ""clarification_reason"": null, ""data"": {""reason"": ""confirmed_interchanges_absent""}, ""intent"": ""interchange_transfer"", ""missing_slots"": [], ""operation"": ""GET_INTERCHANGE_DETAILS"", ""outcome_reason"": ""unsupported_source"", ""response_text"": ""The snapshot has no confirmed interchange records."", ""slots"": {}, ""status"": ""unavailable""}"
HG200_157,Marina Beach ke sabse kareeb metro station konsa h?,nearest_transport,FIND_NEAREST_STATION,colloquial,Find geometric nearest requested-mode stop from canonical Marina Beach coordinates; include straight-line/walking caveat.,200,nearest_transport,FIND_NEAREST_STATION,ok,answered,Nearest by straight line: Lighthouse Metro (1121 m). Nearest by straight-line distance only; walking access is not verified.,1449.84,"{""candidate_entities"": [], ""candidate_intents"": [""nearest_transport""], ""clarification_reason"": null, ""data"": {""anchor"": ""OSM_POI_12137617372"", ""anchor_name"": ""Marina Beach,Chennai"", ""distance_type"": ""straight_line"", ""provisional"": true, ""stops"": [{""distance_m"": 1121, ""mode"": ""metro"", ""name"": ""Lighthouse Metro"", ""source"": ""OSM_OVERPASS"", ""stop_id"": ""METRO_LIGHTHOUSE""}, {""distance_m"": 2072, ""mode"": ""metro"", ""name"": ""Royapettah Metro"", ""source"": ""OSM_OVERPASS"", ""stop_id"": ""METRO_ROYAPETTAH""}, {""distance_m"": 2131, ""mode"": ""metro"", ""name"": ""அரசினர் தோட்டம்"", ""source"": ""OSM_OVERPASS"", ""stop_id"": ""METRO_OSM_RAIL_603015278""}, {""distance_m"": 2253, ""mode"": ""metro"", ""name"": ""எல் ஐ சி"", ""source"": ""OSM_OVERPASS"", ""stop_id"": ""METRO_OSM_RAIL_5337407350""}, {""distance_m"": 2287, ""mode"": ""metro"", ""name"": ""Government Estate"", ""source"": ""CMRL_API"", ""stop_id"": ""METRO_GOVERNMENT_ESTATE""}]}, ""intent"": ""nearest_transport"", ""missing_slots"": [], ""operation"": ""FIND_NEAREST_STATION"", ""outcome_reason"": ""answered"", ""response_text"": ""Nearest by straight line: Lighthouse Metro (1121 m). Nearest by straight-line distance only; walking access is not verified."", ""slots"": {""landmark"": ""OSM_POI_12137617372"", ""transport_mode"": ""metro""}, ""status"": ""ok""}"
HG200_158,IIT Madras ke aas paas nearest bus stop ka naam btao,nearest_transport,FIND_NEAREST_STATION,landmark,Find nearest bus stop to the explicit landmark; do not silently return metro.,200,nearest_transport,FIND_NEAREST_STATION,ok,answered,Nearest by straight line: Anjaneyar Temple Pudupakkam (1445 m). Nearest by straight-line distance only; walking access is not verified.,1449.04,"{""candidate_entities"": [], ""candidate_intents"": [""nearest_transport""], ""clarification_reason"": null, ""data"": {""anchor"": ""OSM_POI_11013406019"", ""anchor_name"": ""IIT Madras, Thaiyur Campus"", ""distance_type"": ""straight_line"", ""provisional"": true, ""stops"": [{""distance_m"": 1445, ""mode"": ""bus"", ""name"": ""Anjaneyar Temple Pudupakkam"", ""source"": ""CHENNAI_COMMUNITY_GTFS"", ""stop_id"": ""BUS_6161""}, {""distance_m"": 1461, ""mode"": ""bus"", ""name"": ""Anjaneyar Temple Pudupakkam"", ""source"": ""CHENNAI_COMMUNITY_GTFS"", ""stop_id"": ""BUS_6164""}, {""distance_m"": 1528, ""mode"": ""bus"", ""name"": ""Pudupakkam"", ""source"": ""CHENNAI_COMMUNITY_GTFS"", ""stop_id"": ""BUS_6144""}, {""distance_m"": 1548, ""mode"": ""bus"", ""name"": ""Pudupakkam Or Vandaloor Road Junction"", ""source"": ""CHENNAI_COMMUNITY_GTFS"", ""stop_id"": ""BUS_9947""}, {""distance_m"": 1562, ""mode"": ""bus"", ""name"": ""Pudupakkam"", ""source"": ""CHENNAI_COMMUNITY_GTFS"", ""stop_id"": ""BUS_6143""}]}, ""intent"": ""nearest_transport"", ""missing_slots"": [], ""operation"": ""FIND_NEAREST_STATION"", ""outcome_reason"": ""answered"", ""response_text"": ""Nearest by straight line: Anjaneyar Temple Pudupakkam (1445 m). Nearest by straight-line distance only; walking access is not verified."", ""slots"": {""landmark"": ""OSM_POI_11013406019"", ""transport_mode"": ""bus""}, ""status"": ""ok""}"
HG200_159,Apollo Hospital ke closest metro ka coordinate distance chahiye,nearest_transport,FIND_NEAREST_STATION,geometric_distance,Recognize geometric nearest request and state source/distance basis.,200,nearest_transport,,clarification,entity_ambiguity,Please clarify which stop or location you mean.,1411.65,"{""candidate_entities"": [""OSM_POI_132073184"", ""OSM_POI_211260239"", ""OSM_POI_7821906869"", ""OSM_POI_7824965252""], ""candidate_intents"": [""nearest_transport""], ""clarification_reason"": ""entity_ambiguity"", ""data"": {}, ""intent"": ""nearest_transport"", ""missing_slots"": [], ""operation"": null, ""outcome_reason"": ""entity_ambiguity"", ""response_text"": ""Please clarify which stop or location you mean."", ""slots"": {""transport_mode"": ""metro""}, ""status"": ""clarification""}"
HG200_160,T Nagar me sabse paas wala local train station dhund do,nearest_transport,FIND_NEAREST_STATION,locality,Use T Nagar reference and local-train mode; clarify genuine locality aliases rather than infer user coordinates.,200,nearest_transport,FIND_NEAREST_STATION,clarification,missing_execution_slot,Please provide a nearby landmark or locality.,1385.92,"{""candidate_entities"": [], ""candidate_intents"": [""nearest_transport""], ""clarification_reason"": ""missing_slot"", ""data"": {}, ""intent"": ""nearest_transport"", ""missing_slots"": [""landmark_or_locality""], ""operation"": ""FIND_NEAREST_STATION"", ""outcome_reason"": ""missing_execution_slot"", ""response_text"": ""Please provide a nearby landmark or locality."", ""slots"": {""transport_mode"": ""suburban_rail""}, ""status"": ""clarification""}"
HG200_161,Besant Nagar ke near bus stop milega? sabse nazdeek ka,nearest_transport,FIND_NEAREST_STATION,mixed_english,"Recognize proximity despite milega phrasing, not a point-to-point bus route.",200,nearest_transport,,clarification,entity_ambiguity,Please clarify which stop or location you mean.,1375.11,"{""candidate_entities"": [""BUS_10914"", ""BUS_417750654"", ""BUS_8912"", ""BUS_8922""], ""candidate_intents"": [""nearest_transport""], ""clarification_reason"": ""entity_ambiguity"", ""data"": {}, ""intent"": ""nearest_transport"", ""missing_slots"": [], ""operation"": null, ""outcome_reason"": ""entity_ambiguity"", ""response_text"": ""Please clarify which stop or location you mean."", ""slots"": {""transport_mode"": ""bus""}, ""status"": ""clarification""}"
HG200_162,Mylapore ke najdeek MRTS station bata sakte ho?,nearest_transport,FIND_NEAREST_STATION,roman_spelling,Preserve explicitly requested MRTS mode in spatial result.,200,nearest_transport,,clarification,entity_ambiguity,Please clarify which stop or location you mean.,1358.78,"{""candidate_entities"": [""BUS_5580"", ""BUS_5603""], ""candidate_intents"": [""nearest_transport""], ""clarification_reason"": ""entity_ambiguity"", ""data"": {}, ""intent"": ""nearest_transport"", ""missing_slots"": [], ""operation"": null, ""outcome_reason"": ""entity_ambiguity"", ""response_text"": ""Please clarify which stop or location you mean."", ""slots"": {""transport_mode"": ""mrts""}, ""status"": ""clarification""}"
HG200_163,Nearest metro station kaunsa hai? meri location aapko di nahi,nearest_transport,FIND_NEAREST_STATION,missing_location,Request landmark/locality because user location is absent; do not infer GPS.,200,nearest_transport,FIND_NEAREST_STATION,clarification,missing_execution_slot,Please provide a nearby landmark or locality.,1394.13,"{""candidate_entities"": [], ""candidate_intents"": [""nearest_transport""], ""clarification_reason"": ""missing_slot"", ""data"": {}, ""intent"": ""nearest_transport"", ""missing_slots"": [""landmark_or_locality""], ""operation"": ""FIND_NEAREST_STATION"", ""outcome_reason"": ""missing_execution_slot"", ""response_text"": ""Please provide a nearby landmark or locality."", ""slots"": {""transport_mode"": ""metro""}, ""status"": ""clarification""}"
HG200_164,"Paas ka bus stop bata na, aas paas kis jagah ki woh abhi nahi bataya",nearest_transport,FIND_NEAREST_STATION,missing_location,"Ask for reference location, preserving bus mode.",200,nearest_transport,FIND_NEAREST_STATION,clarification,missing_execution_slot,Please provide a nearby landmark or locality.,1387.73,"{""candidate_entities"": [], ""candidate_intents"": [""nearest_transport""], ""clarification_reason"": ""missing_slot"", ""data"": {}, ""intent"": ""nearest_transport"", ""missing_slots"": [""landmark_or_locality""], ""operation"": ""FIND_NEAREST_STATION"", ""outcome_reason"": ""missing_execution_slot"", ""response_text"": ""Please provide a nearby landmark or locality."", ""slots"": {""transport_mode"": ""bus""}, ""status"": ""clarification""}"
HG200_165,Anna Nagar Tower metro ke closest bus stop kaun sa padega?,nearest_transport,FIND_NEAREST_STATION,stop_as_reference,"Use the named metro station as reference point, while returning only bus candidates.",200,nearest_transport,,clarification,missing_execution_slot,Please choose one transport mode for this question.,1379.68,"{""candidate_entities"": [], ""candidate_intents"": [""nearest_transport""], ""clarification_reason"": ""missing_slot"", ""data"": {""requested_modes"": [""metro"", ""bus""]}, ""intent"": ""nearest_transport"", ""missing_slots"": [""transport_mode""], ""operation"": null, ""outcome_reason"": ""missing_execution_slot"", ""response_text"": ""Please choose one transport mode for this question."", ""slots"": {}, ""status"": ""clarification""}"
HG200_166,"Marina Beach ke paas metro chahiye, bus stop nahi",nearest_transport,FIND_NEAREST_STATION,negated_mode,Honor requested metro and excluded bus; no mixed-mode nearest response.,200,nearest_transport,,clarification,missing_execution_slot,Please choose one transport mode for this question.,1379.27,"{""candidate_entities"": [], ""candidate_intents"": [""nearest_transport""], ""clarification_reason"": ""missing_slot"", ""data"": {""requested_modes"": [""metro"", ""bus""]}, ""intent"": ""nearest_transport"", ""missing_slots"": [""transport_mode""], ""operation"": null, ""outcome_reason"": ""missing_execution_slot"", ""response_text"": ""Please choose one transport mode for this question."", ""slots"": {""landmark"": ""OSM_POI_12137617372""}, ""status"": ""clarification""}"
HG200_167,Fort St George se sabse kam walking distance wala metro kaunsa?,nearest_transport,FIND_NEAREST_STATION,unsupported_walk_metric,Do not substitute geometric nearest for walking optimum without explicitly stating unsupported pedestrian network metric.,200,point_to_point_route,PLAN_ROUTE,unavailable,unsupported_source,No mode-consistent published topology is available for the requested transport mode.,1390.93,"{""candidate_entities"": [], ""candidate_intents"": [""point_to_point_route""], ""clarification_reason"": null, ""data"": {""reason"": ""published_mode_topology_absent"", ""transport_mode"": ""metro""}, ""intent"": ""point_to_point_route"", ""missing_slots"": [], ""operation"": ""PLAN_ROUTE"", ""outcome_reason"": ""unsupported_source"", ""response_text"": ""No mode-consistent published topology is available for the requested transport mode."", ""slots"": {""transport_mode"": ""metro""}, ""status"": ""unavailable""}"
HG200_168,"Thiruvanmiyur ke paas public transport me closest station btao, koi mode fixed nahi",nearest_transport,FIND_NEAREST_STATION,unconstrained_mode,Find geometric nearest canonical transport stop or clarify reference ambiguity; do not invent mode constraint.,200,nearest_transport,FIND_NEAREST_STATION,ok,answered,Nearest by straight line: Thiruvanmiyur (0 m). Nearest by straight-line distance only; walking access is not verified.,1403.01,"{""candidate_entities"": [], ""candidate_intents"": [""nearest_transport""], ""clarification_reason"": null, ""data"": {""anchor"": ""BUS_3247299914"", ""anchor_name"": ""Thiruvanmiyur"", ""distance_type"": ""straight_line"", ""provisional"": true, ""stops"": [{""distance_m"": 0, ""mode"": ""bus"", ""name"": ""Thiruvanmiyur"", ""source"": ""OSM_OVERPASS"", ""stop_id"": ""BUS_3247299914""}, {""distance_m"": 53, ""mode"": ""bus"", ""name"": ""Thiruvanmiyur Depot"", ""source"": ""CHENNAI_COMMUNITY_GTFS"", ""stop_id"": ""BUS_8788""}, {""distance_m"": 94, ""mode"": ""bus"", ""name"": ""Thiruvanmiyur Depot"", ""source"": ""CHENNAI_COMMUNITY_GTFS"", ""stop_id"": ""BUS_5349""}, {""distance_m"": 140, ""mode"": ""bus"", ""name"": ""Thiruvanmiyur Bus Stand"", ""source"": ""CHENNAI_COMMUNITY_GTFS"", ""stop_id"": ""BUS_5908""}, {""distance_m"": 146, ""mode"": ""bus"", ""name"": ""Thiruvanmiyur Depot"", ""source"": ""CHENNAI_COMMUNITY_GTFS"", ""stop_id"": ""BUS_8805""}]}, ""intent"": ""nearest_transport"", ""missing_slots"": [], ""operation"": ""FIND_NEAREST_STATION"", ""outcome_reason"": ""answered"", ""response_text"": ""Nearest by straight line: Thiruvanmiyur (0 m). Nearest by straight-line distance only; walking access is not verified."", ""slots"": {""landmark"": ""BUS_3247299914""}, ""status"": ""ok""}"
HG200_169,Bus 25R iss waqt GPS pe kidhar chal rahi h?,realtime_status_query,REJECT_UNSUPPORTED_REALTIME,live_gps,Return realtime source unavailable under the realtime intent; no live vehicle location invention.,200,realtime_status_query,REJECT_UNSUPPORTED_REALTIME,unavailable,external_source_required,Live transport status is unavailable; please verify with the operator.,1401.32,"{""candidate_entities"": [], ""candidate_intents"": [""realtime_status_query""], ""clarification_reason"": null, ""data"": {}, ""intent"": ""realtime_status_query"", ""missing_slots"": [], ""operation"": ""REJECT_UNSUPPORTED_REALTIME"", ""outcome_reason"": ""external_source_required"", ""response_text"": ""Live transport status is unavailable; please verify with the operator."", ""slots"": {}, ""status"": ""unavailable""}"
HG200_170,Guindy metro pe abhi train late hai kya?,realtime_status_query,REJECT_UNSUPPORTED_REALTIME,live_delay,Refuse absent live delay feed; do not substitute a static schedule as current running status.,200,first_and_last_service,GET_FIRST_LAST_SERVICE,unavailable,unsupported_source,No mode-consistent published schedule is available for the requested transport mode.,1693.4,"{""candidate_entities"": [], ""candidate_intents"": [""first_and_last_service""], ""clarification_reason"": null, ""data"": {""reason"": ""published_mode_schedule_absent"", ""transport_mode"": ""metro""}, ""intent"": ""first_and_last_service"", ""missing_slots"": [], ""operation"": ""GET_FIRST_LAST_SERVICE"", ""outcome_reason"": ""unsupported_source"", ""response_text"": ""No mode-consistent published schedule is available for the requested transport mode."", ""slots"": {""station"": ""METRO_GUINDY"", ""transport_mode"": ""metro""}, ""status"": ""unavailable""}"
HG200_171,"Central metro me filhaal crowd kitni h, bheed avoid karni hai",realtime_status_query,REJECT_UNSUPPORTED_REALTIME,live_crowd,No live crowd/occupancy assertion; recognize realtime crowd goal.,200,service_frequency,,clarification,multiple_goals,"Please ask about one route, stop, fare stage or time at a time.",1400.4,"{""candidate_entities"": [], ""candidate_intents"": [""service_frequency""], ""clarification_reason"": ""multiple_goals"", ""data"": {}, ""intent"": ""service_frequency"", ""missing_slots"": [], ""operation"": null, ""outcome_reason"": ""multiple_goals"", ""response_text"": ""Please ask about one route, stop, fare stage or time at a time."", ""slots"": {}, ""status"": ""clarification""}"
HG200_172,102A bus ka real time arrival Adyar par kitne minute me hoga?,realtime_status_query,REJECT_UNSUPPORTED_REALTIME,live_eta,Retain exact A suffix and refuse live ETA without realtime feed.,200,service_frequency,GET_SERVICE_FREQUENCY,unavailable,unsupported_source,Insufficient published departures for a schedule-based frequency estimate.,1409.75,"{""candidate_entities"": [], ""candidate_intents"": [""service_frequency""], ""clarification_reason"": null, ""data"": {}, ""intent"": ""service_frequency"", ""missing_slots"": [], ""operation"": ""GET_SERVICE_FREQUENCY"", ""outcome_reason"": ""unsupported_source"", ""response_text"": ""Insufficient published departures for a schedule-based frequency estimate."", ""slots"": {""route_number"": ""102A"", ""station"": ""BUS_5631301421"", ""transport_mode"": ""bus""}, ""status"": ""unavailable""}"
HG200_173,"570S abhi Kelambakkam pahuchi kya, tracking karke bolo",realtime_status_query,REJECT_UNSUPPORTED_REALTIME,live_position,Recognize live progress question and state missing telemetry.,200,realtime_status_query,REJECT_UNSUPPORTED_REALTIME,unavailable,external_source_required,Live transport status is unavailable; please verify with the operator.,1362.34,"{""candidate_entities"": [], ""candidate_intents"": [""realtime_status_query""], ""clarification_reason"": null, ""data"": {}, ""intent"": ""realtime_status_query"", ""missing_slots"": [], ""operation"": ""REJECT_UNSUPPORTED_REALTIME"", ""outcome_reason"": ""external_source_required"", ""response_text"": ""Live transport status is unavailable; please verify with the operator."", ""slots"": {}, ""status"": ""unavailable""}"
HG200_174,MRTS Thirumayilai pe aaj abhi disruption chal raha h kya?,realtime_status_query,REJECT_UNSUPPORTED_REALTIME,live_disruption,Do not invent current disruption or operational status; external live source required.,200,service_frequency,GET_SERVICE_FREQUENCY,unavailable,unsupported_source,No mode-consistent published schedule is available for the requested transport mode.,1679.67,"{""candidate_entities"": [], ""candidate_intents"": [""service_frequency""], ""clarification_reason"": null, ""data"": {""reason"": ""published_mode_schedule_absent"", ""transport_mode"": ""mrts""}, ""intent"": ""service_frequency"", ""missing_slots"": [], ""operation"": ""GET_SERVICE_FREQUENCY"", ""outcome_reason"": ""unsupported_source"", ""response_text"": ""No mode-consistent published schedule is available for the requested transport mode."", ""slots"": {""line_name"": ""MRTS"", ""temporal_relative"": ""aaj"", ""transport_mode"": ""mrts""}, ""status"": ""unavailable""}"
HG200_175,२१G bus right now kaha hai bhai?,realtime_status_query,REJECT_UNSUPPORTED_REALTIME,native_digit_contrast,Normalize route identity and select realtime family before source refusal.,200,route_stop_membership,CHECK_STOP_ON_ROUTE,clarification,missing_execution_slot,Please provide the stop to check.,1408.52,"{""candidate_entities"": [], ""candidate_intents"": [""route_stop_membership""], ""clarification_reason"": ""missing_slot"", ""data"": {}, ""intent"": ""route_stop_membership"", ""missing_slots"": [""stop""], ""operation"": ""CHECK_STOP_ON_ROUTE"", ""outcome_reason"": ""missing_execution_slot"", ""response_text"": ""Please provide the stop to check."", ""slots"": {""route_number"": ""21G"", ""transport_mode"": ""bus""}, ""status"": ""clarification""}"
HG200_176,Guindy local abhi on time hai ya delay? timetable nahi pucha,realtime_status_query,REJECT_UNSUPPORTED_REALTIME,negated_schedule,Recognize live delay and ignore negated timetable distractor.,200,first_and_last_service,,clarification,multiple_goals,"Please ask about one route, stop, fare stage or time at a time.",1360.56,"{""candidate_entities"": [], ""candidate_intents"": [""first_and_last_service""], ""clarification_reason"": ""multiple_goals"", ""data"": {}, ""intent"": ""first_and_last_service"", ""missing_slots"": [], ""operation"": null, ""outcome_reason"": ""multiple_goals"", ""response_text"": ""Please ask about one route, stop, fare stage or time at a time."", ""slots"": {}, ""status"": ""clarification""}"
HG200_177,Airport metro ki iss pal crowd level check kar do,realtime_status_query,REJECT_UNSUPPORTED_REALTIME,live_crowd,"No invented crowd data; correct realtime refusal is a safe limitation, not full travel goal fulfillment.",200,realtime_status_query,REJECT_UNSUPPORTED_REALTIME,unavailable,external_source_required,Live transport status is unavailable; please verify with the operator.,1359.68,"{""candidate_entities"": [], ""candidate_intents"": [""realtime_status_query""], ""clarification_reason"": null, ""data"": {}, ""intent"": ""realtime_status_query"", ""missing_slots"": [], ""operation"": ""REJECT_UNSUPPORTED_REALTIME"", ""outcome_reason"": ""external_source_required"", ""response_text"": ""Live transport status is unavailable; please verify with the operator."", ""slots"": {}, ""status"": ""unavailable""}"
HG200_178,"27D ka current location share karo, route stops mat bhejna",realtime_status_query,REJECT_UNSUPPORTED_REALTIME,negated_sequence,Recognize live position; do not provide route stops as requested location.,200,route_stop_sequence,LIST_ROUTE_STOPS,ok,answered,"27D stops: Ayanavaram Depot, Sayani Theatre Aynavaram, Noor Hotel, Joint Office, Railway Quarters, Kambar Arangam, Icf, Icf. Published stop sequences found. Service operation is not confirmed.",1378.74,"{""candidate_entities"": [], ""candidate_intents"": [""route_stop_sequence""], ""clarification_reason"": null, ""data"": {""excluded_unusable_rows"": 0, ""partial_topology"": false, ""provisional"": true, ""sequences"": [{""direction_id"": 1, ""mode"": ""bus"", ""route_id"": ""GTFS_ROUTE_18808"", ""route_name"": ""27D"", ""source"": ""CHENNAI_COMMUNITY_GTFS"", ""stops"": [{""name"": ""Ayanavaram Depot"", ""sequence"": 1, ""stop_id"": ""BUS_9904""}, {""name"": ""Sayani Theatre Aynavaram"", ""sequence"": 2, ""stop_id"": ""BUS_5618""}, {""name"": ""Noor Hotel"", ""sequence"": 3, ""stop_id"": ""BUS_5617""}, {""name"": ""Joint Office"", ""sequence"": 4, ""stop_id"": ""BUS_5616""}, {""name"": ""Railway Quarters"", ""sequence"": 5, ""stop_id"": ""BUS_5615""}, {""name"": ""Kambar Arangam"", ""sequence"": 6, ""stop_id"": ""BUS_5614""}, {""name"": ""Icf"", ""sequence"": 7, ""stop_id"": ""BUS_5613""}, {""name"": ""Icf"", ""sequence"": 8, ""stop_id"": ""BUS_5669""}]}, {""direction_id"": 1, ""mode"": ""bus"", ""route_id"": ""GTFS_ROUTE_10605"", ""route_name"": ""27D"", ""source"": ""CHENNAI_COMMUNITY_GTFS"", ""stops"": [{""name"": ""Ayanavaram Depot"", ""sequence"": 1, ""stop_id"": ""BUS_9904""}, {""name"": ""Noor Hotel"", ""sequence"": 2, ""stop_id"": ""BUS_5665""}, {""name"": ""Joint Office"", ""sequence"": 3, ""stop_id"": ""BUS_5666""}, {""name"": ""Railway Quarters"", ""sequence"": 4, ""stop_id"": ""BUS_5667""}, {""name"": ""Kambar Arangam"", ""sequence"": 5, ""stop_id"": ""BUS_5668""}, {""name"": ""Icf"", ""sequence"": 6, ""stop_id"": ""BUS_5669""}, {""name"": ""Icf Annexe"", ""sequence"": 7, ""stop_id"": ""BUS_5670""}, {""name"": ""Kallukkadai"", ""sequence"": 8, ""stop_id"": ""BUS_5671""}, {""name"": ""Kalpana Hotel"", ""sequence"": 9, ""stop_id"": ""BUS_5672""}, {""name"": ""Villivakkam Bus Stand"", ""sequence"": 10, ""stop_id"": ""BUS_5817""}]}, {""direction_id"": 0, ""mode"": ""bus"", ""route_id"": ""GTFS_ROUTE_18780"", ""route_name"": ""27D"", ""source"": ""CHENNAI_COMMUNITY_GTFS"", ""stops"": [{""name"": ""Icf"", ""sequence"": 1, ""stop_id"": ""BUS_5669""}, {""name"": ""Kalpana Hotel"", ""sequence"": 2, ""stop_id"": ""BUS_5610""}, {""name"": ""Kallukkadai"", ""sequence"": 3, ""stop_id"": ""BUS_5611""}, {""name"": ""Icf Annexe"", ""sequence"": 4, ""stop_id"": ""BUS_5612""}, {""name"": ""Icf"", ""sequence"": 5, ""stop_id"": ""BUS_5613""}, {""name"": ""Kambar Arangam"", ""sequence"": 6, ""stop_id"": ""BUS_5614""}, {""name"": ""Railway Quarters"", ""sequence"": 7, ""stop_id"": ""BUS_5615""}, {""name"": ""Joint Office"", ""sequence"": 8, ""stop_id"": ""BUS_5616""}, {""name"": ""Noor Hotel"", ""sequence"": 9, ""stop_id"": ""BUS_5617""}, {""name"": ""Sayani Theatre Aynavaram"", ""sequence"": 10, ""stop_id"": ""BUS_5618""}, {""name"": ""Ayanavaram Depot"", ""sequence"": 11, ""stop_id"": ""BUS_9904""}]}, {""direction_id"": 0, ""mode"": ""bus"", ""route_id"": ""GTFS_ROUTE_18782"", ""route_name"": ""27D"", ""source"": ""CHENNAI_COMMUNITY_GTFS"", ""stops"": [{""name"": ""Foreshore Estate Bus Terminus"", ""sequence"": 1, ""stop_id"": ""BUS_247677936""}, {""name"": ""Foreshore Estate Bus Stop"", ""sequence"": 2, ""stop_id"": ""BUS_5820""}, {""name"": ""Kuil Thoppu"", ""sequence"": 3, ""stop_id"": ""BUS_5644""}, {""name"": ""Employment Office"", ""sequence"": 4, ""stop_id"": ""BUS_5645""}, {""name"": ""Santhome Church"", ""sequence"": 5, ""stop_id"": ""BUS_5646""}, {""name"": ""All India Radio Light House"", ""sequence"": 6, ""stop_id"": ""BUS_5647""}, {""name"": ""D.G.P Office"", ""sequence"": 7, ""stop_id"": ""BUS_5648""}, {""name"": ""City Centre Or Kalyani Hospital"", ""sequence"": 8, ""stop_id"": ""BUS_5777""}, {""name"": ""Yellow Pages"", ""sequence"": 9, ""stop_id"": ""BUS_5566""}, {""name"": ""Avm Rajeshwari Thirumana Mandapam"", ""sequence"": 10, ""stop_id"": ""BUS_5582""}, {""name"": ""New Woodlands"", ""sequence"": 11, ""stop_id"": ""BUS_5575""}, {""name"": ""Chola Hotel Or Music Academy"", ""sequence"": 12, ""stop_id"": ""BUS_5783""}, {""name"": ""Stella Marys College"", ""sequence"": 13, ""stop_id"": ""BUS_5651""}, {""name"": ""Semmozhi Poonga"", ""sequence"": 14, ""stop_id"": ""BUS_5652""}, {""name"": ""Anand Theatre Or Thousand Light"", ""sequence"": 15, ""stop_id"": ""BUS_155""}, {""name"": ""Spencer Plaza"", ""sequence"": 16, ""stop_id"": ""BUS_129""}, {""name"": ""Lic"", ""sequence"": 17, ""stop_id"": ""BUS_66""}, {""name"": ""Shanthi Theatre"", ""sequence"": 18, ""stop_id"": ""BUS_121""}, {""name"": ""Pudupet"", ""sequence"": 19, ""stop_id"": ""BUS_5654""}, {""name"": ""Egmore Court"", ""sequence"": 20, ""stop_id"": ""BUS_5655""}, {""name"": ""Commissioner Office"", ""sequence"": 21, ""stop_id"": ""BUS_33""}, {""name"": ""Egmore Station Mmda"", ""sequence"": 22, ""stop_id"": ""BUS_20""}, {""name"": ""Egmore Railway Station - South"", ""sequence"": 23, ""stop_id"": ""BUS_5748""}, {""name"": ""T N Sports Authority"", ""sequence"": 24, ""stop_id"": ""BUS_134""}, {""name"": ""Dasaprakash Hotel Or Petrol Pump"", ""sequence"": 25, ""stop_id"": ""BUS_5757""}, {""name"": ""Dharma Prakash Or Mctm School"", ""sequence"": 26, ""stop_id"": ""BUS_5658""}, {""name"": ""Alagappa Schools"", ""sequence"": 27, ""stop_id"": ""BUS_5659""}, {""name"": ""Motcham Aysha Hospital Or Motcham Theatre"", ""sequence"": 28, ""stop_id"": ""BUS_5622""}, {""name"": ""Motcham Theatre Or Grt"", ""sequence"": 29, ""stop_id"": ""BUS_5660""}, {""name"": ""Abirami Theatre"", ""sequence"": 30, ""stop_id"": ""BUS_5661""}, {""name"": ""Medavakkam Kellys"", ""sequence"": 31, ""stop_id"": ""BUS_5662""}, {""name"": ""Medavakkam Mental Hospital"", ""sequence"": 32, ""stop_id"": ""BUS_5663""}, {""name"": ""E.S.I Hospital Ayanavaram"", ""sequence"": 33, ""stop_id"": ""BUS_5735""}, {""name"": ""Sayani Theatre Aynavaram"", ""sequence"": 34, ""stop_id"": ""BUS_5664""}, {""name"": ""Noor Hotel"", ""sequence"": 35, ""stop_id"": ""BUS_5665""}, {""name"": ""Joint Office"", ""sequence"": 36, ""stop_id"": ""BUS_5666""}, {""name"": ""Railway Quarters"", ""sequence"": 37, ""stop_id"": ""BUS_5667""}, {""name"": ""Kambar Arangam"", ""sequence"": 38, ""stop_id"": ""BUS_5668""}, {""name"": ""Icf"", ""sequence"": 39, ""stop_id"": ""BUS_5669""}]}, {""direction_id"": 1, ""mode"": ""bus"", ""route_id"": ""GTFS_ROUTE_20311"", ""route_name"": ""27D"", ""source"": ""CHENNAI_COMMUNITY_GTFS"", ""stops"": [{""name"": ""Icf"", ""sequence"": 1, ""stop_id"": ""BUS_5669""}, {""name"": ""Kalpana Hotel"", ""sequence"": 2, ""stop_id"": ""BUS_5610""}, {""name"": ""Kallukkadai"", ""sequence"": 3, ""stop_id"": ""BUS_5611""}, {""name"": ""Icf Annexe"", ""sequence"": 4, ""stop_id"": ""BUS_5612""}, {""name"": ""Icf"", ""sequence"": 5, ""stop_id"": ""BUS_5613""}, {""name"": ""Kambar Arangam"", ""sequence"": 6, ""stop_id"": ""BUS_5614""}, {""name"": ""Railway Quarters"", ""sequence"": 7, ""stop_id"": ""BUS_5615""}, {""name"": ""Joint Office"", ""sequence"": 8, ""stop_id"": ""BUS_5616""}, {""name"": ""Noor Hotel"", ""sequence"": 9, ""stop_id"": ""BUS_5617""}, {""name"": ""Sayani Theatre Aynavaram"", ""sequence"": 10, ""stop_id"": ""BUS_5618""}, {""name"": ""E.S.I Hospital Ayanavaram"", ""sequence"": 11, ""stop_id"": ""BUS_5721""}, {""name"": ""Medavakkam Mental Hospital"", ""sequence"": 12, ""stop_id"": ""BUS_5620""}, {""name"": ""Medavakkam Kellys"", ""sequence"": 13, ""stop_id"": ""BUS_5621""}, {""name"": ""Motcham Aysha Hospital Or Motcham Theatre"", ""sequence"": 14, ""stop_id"": ""BUS_5622""}, {""name"": ""Purasaivakkam Tank"", ""sequence"": 15, ""stop_id"": ""BUS_5623""}, {""name"": ""Alagappa Schools"", ""sequence"": 16, ""stop_id"": ""BUS_5624""}, {""name"": ""Dharma Prakash Or Mctm School"", ""sequence"": 17, ""stop_id"": ""BUS_5625""}, {""name"": ""Dasaprakash Hotel Or Petrol Pump"", ""sequence"": 18, ""stop_id"": ""BUS_5754""}, {""name"": ""T N Sports Authority"", ""sequence"": 19, ""stop_id"": ""BUS_9634""}, {""name"": ""Egmore Railway Station - South"", ""sequence"": 20, ""stop_id"": ""BUS_5748""}, {""name"": ""Albert Theatre"", ""sequence"": 21, ""stop_id"": ""BUS_9640""}, {""name"": ""Commissioner Office"", ""sequence"": 22, ""stop_id"": ""BUS_9609""}, {""name"": ""Egmore Court"", ""sequence"": 23, ""stop_id"": ""BUS_5628""}, {""name"": ""Aadhithanar salai - Pudupet"", ""sequence"": 24, ""stop_id"": ""BUS_11145""}, {""name"": ""Pudupet"", ""sequence"": 25, ""stop_id"": ""BUS_5629""}, {""name"": ""Shanthi Theatre"", ""sequence"": 26, ""stop_id"": ""BUS_122""}, {""name"": ""Lic"", ""sequence"": 27, ""stop_id"": ""BUS_65""}, {""name"": ""Spencer Plaza TVS"", ""sequence"": 28, ""stop_id"": ""BUS_128""}, {""name"": ""Anand Theatre Or Thousand Light"", ""sequence"": 29, ""stop_id"": ""BUS_5630""}, {""name"": ""Church Park School"", ""sequence"": 30, ""stop_id"": ""BUS_29""}, {""name"": ""Thousand Light Or Us Embassy"", ""sequence"": 31, ""stop_id"": ""BUS_154""}, {""name"": ""Semmozhi Poonga"", ""sequence"": 32, ""stop_id"": ""BUS_5632""}, {""name"": ""Stella Marys College"", ""sequence"": 33, ""stop_id"": ""BUS_5633""}, {""name"": ""Chola Hotel Or Music Academy"", ""sequence"": 34, ""stop_id"": ""BUS_5779""}, {""name"": ""New Woodlands"", ""sequence"": 35, ""stop_id"": ""BUS_9384""}, {""name"": ""Avm Rajeshwari Thirumana Mandapam"", ""sequence"": 36, ""stop_id"": ""BUS_5635""}, {""name"": ""Yellow Pages"", ""sequence"": 37, ""stop_id"": ""BUS_5924""}, {""name"": ""City Centre Or Kalyani Hospital"", ""sequence"": 38, ""stop_id"": ""BUS_5765""}, {""name"": ""D.G.P Office"", ""sequence"": 39, ""stop_id"": ""BUS_5637""}, {""name"": ""All India Radio Light House"", ""sequence"": 40, ""stop_id"": ""BUS_5638""}, {""name"": ""Santhome Church"", ""sequence"": 41, ""stop_id"": ""BUS_5639""}, {""name"": ""Employment Office"", ""sequence"": 42, ""stop_id"": ""BUS_5640""}, {""name"": ""Kuil Thoppu"", ""sequence"": 43, ""stop_id"": ""BUS_5641""}, {""name"": ""Foreshore Estate Bus Stop"", ""sequence"": 44, ""stop_id"": ""BUS_5819""}, {""name"": ""Foreshore Estate Bus Terminus"", ""sequence"": 45, ""stop_id"": ""BUS_247677936""}]}], ""truncated"": false, ""uncovered_route_ids"": []}, ""intent"": ""route_stop_sequence"", ""missing_slots"": [], ""operation"": ""LIST_ROUTE_STOPS"", ""outcome_reason"": ""answered"", ""response_text"": ""27D stops: Ayanavaram Depot, Sayani Theatre Aynavaram, Noor Hotel, Joint Office, Railway Quarters, Kambar Arangam, Icf, Icf. Published stop sequences found. Service operation is not confirmed."", ""slots"": {""route_number"": ""27D""}, ""status"": ""ok""}"
HG200_179,Bus kab live aayegi? stop ya route mere message me nahi hai,realtime_status_query,REJECT_UNSUPPORTED_REALTIME,missing_context_live,Realtime source refusal remains appropriate even when context is absent; do not pretend clarification enables live tracking.,200,realtime_status_query,REJECT_UNSUPPORTED_REALTIME,unavailable,external_source_required,Live transport status is unavailable; please verify with the operator.,1378.03,"{""candidate_entities"": [], ""candidate_intents"": [""realtime_status_query""], ""clarification_reason"": null, ""data"": {}, ""intent"": ""realtime_status_query"", ""missing_slots"": [], ""operation"": ""REJECT_UNSUPPORTED_REALTIME"", ""outcome_reason"": ""external_source_required"", ""response_text"": ""Live transport status is unavailable; please verify with the operator."", ""slots"": {}, ""status"": ""unavailable""}"
HG200_180,"Blue Line me abhi service suspended hai kya, latest status chahiye",realtime_status_query,REJECT_UNSUPPORTED_REALTIME,current_service_status,Recognize live disruption/status rather than static mode availability; refuse without current feed.,200,ticketing_and_passes,GET_TICKETING_POLICY,unavailable,unsupported_source,This snapshot contains no authoritative ticket or pass policy table.,1389.05,"{""candidate_entities"": [], ""candidate_intents"": [""ticketing_and_passes""], ""clarification_reason"": null, ""data"": {""reason"": ""ticket_policy_absent""}, ""intent"": ""ticketing_and_passes"", ""missing_slots"": [], ""operation"": ""GET_TICKETING_POLICY"", ""outcome_reason"": ""unsupported_source"", ""response_text"": ""This snapshot contains no authoritative ticket or pass policy table."", ""slots"": {}, ""status"": ""unavailable""}"
HG200_181,Guindy station ke paas dosa ghar tak order kar do,out_of_scope,REJECT_OUT_OF_SCOPE,food_order_transit_entity,Reject food-ordering domain; transit location does not convert it to nearest transport.,200,ticketing_and_passes,GET_TICKETING_POLICY,unavailable,unsupported_source,This snapshot contains no authoritative ticket or pass policy table.,1467.02,"{""candidate_entities"": [], ""candidate_intents"": [""ticketing_and_passes""], ""clarification_reason"": null, ""data"": {""reason"": ""ticket_policy_absent""}, ""intent"": ""ticketing_and_passes"", ""missing_slots"": [], ""operation"": ""GET_TICKETING_POLICY"", ""outcome_reason"": ""unsupported_source"", ""response_text"": ""This snapshot contains no authoritative ticket or pass policy table."", ""slots"": {}, ""status"": ""unavailable""}"
HG200_182,"Airport jana hai, mere liye Ola cab book karo abhi",out_of_scope,REJECT_OUT_OF_SCOPE,cab_booking,Reject ride-hailing request; do not present public-transit itinerary as fulfillment.,200,out_of_scope,REJECT_OUT_OF_SCOPE,out_of_scope,out_of_scope,I can help with Chennai public transport questions.,1456.24,"{""candidate_entities"": [], ""candidate_intents"": [""out_of_scope""], ""clarification_reason"": null, ""data"": {}, ""intent"": ""out_of_scope"", ""missing_slots"": [], ""operation"": ""REJECT_OUT_OF_SCOPE"", ""outcome_reason"": ""out_of_scope"", ""response_text"": ""I can help with Chennai public transport questions."", ""slots"": {}, ""status"": ""out_of_scope""}"
HG200_183,Chennai Central ke pass budget hotel book karna h,out_of_scope,REJECT_OUT_OF_SCOPE,hotel_booking_transit_entity,Reject hotel booking while preserving scope boundary.,200,out_of_scope,REJECT_OUT_OF_SCOPE,out_of_scope,out_of_scope,I can help with Chennai public transport questions.,1414.25,"{""candidate_entities"": [], ""candidate_intents"": [""out_of_scope""], ""clarification_reason"": null, ""data"": {}, ""intent"": ""out_of_scope"", ""missing_slots"": [], ""operation"": ""REJECT_OUT_OF_SCOPE"", ""outcome_reason"": ""out_of_scope"", ""response_text"": ""I can help with Chennai public transport questions."", ""slots"": {}, ""status"": ""out_of_scope""}"
HG200_184,"Aaj Chennai me baarish hogi kya, weather batao yaar",out_of_scope,REJECT_OUT_OF_SCOPE,weather,Reject weather question; do not misclassify live transport because of aaj wording.,200,service_frequency,GET_SERVICE_FREQUENCY,clarification,missing_execution_slot,"Please provide the boarding stop or station, the route number or line name.",1387.21,"{""candidate_entities"": [], ""candidate_intents"": [""service_frequency""], ""clarification_reason"": ""missing_slot"", ""data"": {}, ""intent"": ""service_frequency"", ""missing_slots"": [""station_or_stop"", ""route_number_or_line_name""], ""operation"": ""GET_SERVICE_FREQUENCY"", ""outcome_reason"": ""missing_execution_slot"", ""response_text"": ""Please provide the boarding stop or station, the route number or line name."", ""slots"": {""temporal_relative"": ""aaj""}, ""status"": ""clarification""}"
HG200_185,Delhi wali flight ka ticket cost kya padega Chennai se?,out_of_scope,REJECT_OUT_OF_SCOPE,intercity_flight,Reject non-CMA flight fare query instead of calculating metro/bus fare.,200,fare_calculation,CALCULATE_FARE,clarification,missing_execution_slot,"Please provide a fare stage number, or the starting and destination stops.",1347.49,"{""candidate_entities"": [], ""candidate_intents"": [""fare_calculation""], ""clarification_reason"": ""missing_slot"", ""data"": {}, ""intent"": ""fare_calculation"", ""missing_slots"": [""origin_or_stage_number"", ""destination_or_stage_number""], ""operation"": ""CALCULATE_FARE"", ""outcome_reason"": ""missing_execution_slot"", ""response_text"": ""Please provide a fare stage number, or the starting and destination stops."", ""slots"": {}, ""status"": ""clarification""}"
HG200_186,Bangalore ke liye private sleeper bus reserve kar do,out_of_scope,REJECT_OUT_OF_SCOPE,intercity_private_bus,Reject intercity private booking; bus word alone must not trigger local public transit.,200,mode_availability,CHECK_SERVICE_AVAILABILITY,clarification,missing_execution_slot,"Please provide the starting stop, the destination stop.",1361.04,"{""candidate_entities"": [], ""candidate_intents"": [""mode_availability""], ""clarification_reason"": ""missing_slot"", ""data"": {}, ""intent"": ""mode_availability"", ""missing_slots"": [""origin"", ""destination""], ""operation"": ""CHECK_SERVICE_AVAILABILITY"", ""outcome_reason"": ""missing_execution_slot"", ""response_text"": ""Please provide the starting stop, the destination stop."", ""slots"": {""transport_mode"": ""bus""}, ""status"": ""clarification""}"
HG200_187,Central ke restaurant me table reserve karwana hai,out_of_scope,REJECT_OUT_OF_SCOPE,restaurant_transit_entity,Reject restaurant reservation even with canonical station name.,200,station_facilities,GET_STATION_FACILITY,unavailable,unsupported_source,Facility availability is not verified in this snapshot.,1420.96,"{""candidate_entities"": [], ""candidate_intents"": [""station_facilities""], ""clarification_reason"": null, ""data"": {""reason"": ""facility_verification_absent""}, ""intent"": ""station_facilities"", ""missing_slots"": [], ""operation"": ""GET_STATION_FACILITY"", ""outcome_reason"": ""unsupported_source"", ""response_text"": ""Facility availability is not verified in this snapshot."", ""slots"": {}, ""status"": ""unavailable""}"
HG200_188,"Nandanam flat ka rent kitna chalega, broker se baat karao",out_of_scope,REJECT_OUT_OF_SCOPE,housing,"Reject housing/broker request, not transit fare.",200,fare_calculation,,clarification,entity_ambiguity,Please clarify which stop or location you mean.,1420.68,"{""candidate_entities"": [""BUS_9514067017"", ""BUS_CMRL_19"", ""METRO_NANDANAM""], ""candidate_intents"": [""fare_calculation""], ""clarification_reason"": ""entity_ambiguity"", ""data"": {}, ""intent"": ""fare_calculation"", ""missing_slots"": [], ""operation"": null, ""outcome_reason"": ""entity_ambiguity"", ""response_text"": ""Please clarify which stop or location you mean."", ""slots"": {}, ""status"": ""clarification""}"
HG200_189,T Nagar ke nearby cinema showtime bta doge?,out_of_scope,REJECT_OUT_OF_SCOPE,cinema_schedule,Reject cinema schedule despite location and timing semantics.,200,service_frequency,GET_SERVICE_FREQUENCY,clarification,missing_execution_slot,"Please provide the boarding stop or station, the route number or line name.",1458.74,"{""candidate_entities"": [], ""candidate_intents"": [""service_frequency""], ""clarification_reason"": ""missing_slot"", ""data"": {}, ""intent"": ""service_frequency"", ""missing_slots"": [""station_or_stop"", ""route_number_or_line_name""], ""operation"": ""GET_SERVICE_FREQUENCY"", ""outcome_reason"": ""missing_execution_slot"", ""response_text"": ""Please provide the boarding stop or station, the route number or line name."", ""slots"": {}, ""status"": ""clarification""}"
HG200_190,"21G ka bus route nahi chahiye, mujhe cricket score batao",out_of_scope,REJECT_OUT_OF_SCOPE,negated_transit_distractor,Reject cricket goal while ignoring explicitly negated route request.,200,ticketing_and_passes,GET_TICKETING_POLICY,unavailable,unsupported_source,This snapshot contains no authoritative ticket or pass policy table.,1721.26,"{""candidate_entities"": [], ""candidate_intents"": [""ticketing_and_passes""], ""clarification_reason"": null, ""data"": {""reason"": ""ticket_policy_absent""}, ""intent"": ""ticketing_and_passes"", ""missing_slots"": [], ""operation"": ""GET_TICKETING_POLICY"", ""outcome_reason"": ""unsupported_source"", ""response_text"": ""This snapshot contains no authoritative ticket or pass policy table."", ""slots"": {}, ""status"": ""unavailable""}"
HG200_191,Metro ke baare me nahi; laptop slow hai kaise repair karu?,out_of_scope,REJECT_OUT_OF_SCOPE,negated_transit_distractor,"Reject computer repair as out of scope, not station facilities.",200,ticketing_and_passes,GET_TICKETING_POLICY,unavailable,unsupported_source,This snapshot contains no authoritative ticket or pass policy table.,1353.86,"{""candidate_entities"": [], ""candidate_intents"": [""ticketing_and_passes""], ""clarification_reason"": null, ""data"": {""reason"": ""ticket_policy_absent""}, ""intent"": ""ticketing_and_passes"", ""missing_slots"": [], ""operation"": ""GET_TICKETING_POLICY"", ""outcome_reason"": ""unsupported_source"", ""response_text"": ""This snapshot contains no authoritative ticket or pass policy table."", ""slots"": {}, ""status"": ""unavailable""}"
HG200_192,"Mumbai local ka monthly pass rule samjhao, Chennai wala nahi",out_of_scope,REJECT_OUT_OF_SCOPE,other_city,Reject out-of-geography local-pass question; do not supply Chennai policy.,200,ticketing_and_passes,GET_TICKETING_POLICY,unavailable,unsupported_source,This snapshot contains no authoritative ticket or pass policy table.,1378.89,"{""candidate_entities"": [], ""candidate_intents"": [""ticketing_and_passes""], ""clarification_reason"": null, ""data"": {""reason"": ""ticket_policy_absent""}, ""intent"": ""ticketing_and_passes"", ""missing_slots"": [], ""operation"": ""GET_TICKETING_POLICY"", ""outcome_reason"": ""unsupported_source"", ""response_text"": ""This snapshot contains no authoritative ticket or pass policy table."", ""slots"": {}, ""status"": ""unavailable""}"
HG200_193,25R aur 102 dono bus routes ke stops ek saath dikha do bhai,,,competing_routes,Ask user to choose one route scope; do not silently drop either requested route.,200,route_stop_sequence,LIST_ROUTE_STOPS,clarification,missing_execution_slot,Please provide a supported route number including its complete suffix.,1368.68,"{""candidate_entities"": [], ""candidate_intents"": [""route_stop_sequence""], ""clarification_reason"": ""missing_slot"", ""data"": {}, ""intent"": ""route_stop_sequence"", ""missing_slots"": [""route_number""], ""operation"": ""LIST_ROUTE_STOPS"", ""outcome_reason"": ""missing_execution_slot"", ""response_text"": ""Please provide a supported route number including its complete suffix."", ""slots"": {""transport_mode"": ""bus""}, ""status"": ""clarification""}"
HG200_194,Ordinary stage 5 aur stage 9 ka fare dono nikal do,,,competing_stages,Clarify competing stage scopes; do not execute only one stage.,200,fare_calculation,,clarification,multiple_goals,"Please ask about one route, stop, fare stage or time at a time.",1390.15,"{""candidate_entities"": [], ""candidate_intents"": [""fare_calculation""], ""clarification_reason"": ""multiple_goals"", ""data"": {}, ""intent"": ""fare_calculation"", ""missing_slots"": [], ""operation"": null, ""outcome_reason"": ""multiple_goals"", ""response_text"": ""Please ask about one route, stop, fare stage or time at a time."", ""slots"": {}, ""status"": ""clarification""}"
HG200_195,Broadway se 102 bus departures 7 AM ya 9 PM dono options me batao,,,competing_clocks,Clarify multiple explicit clocks; no silent selection of one time.,200,scheduled_departure,,clarification,multiple_goals,"Please ask about one route, stop, fare stage or time at a time.",1384.1,"{""candidate_entities"": [], ""candidate_intents"": [""scheduled_departure""], ""clarification_reason"": ""multiple_goals"", ""data"": {}, ""intent"": ""scheduled_departure"", ""missing_slots"": [], ""operation"": null, ""outcome_reason"": ""multiple_goals"", ""response_text"": ""Please ask about one route, stop, fare stage or time at a time."", ""slots"": {}, ""status"": ""clarification""}"
HG200_196,Marina Beach aur IIT Madras dono ke closest metro station batao,,,competing_nearest_locations,Request one reference location or explicit separate questions; do not pick one locality silently.,200,nearest_transport,,clarification,multiple_goals,"Please ask about one route, stop, fare stage or time at a time.",1359.96,"{""candidate_entities"": [], ""candidate_intents"": [""nearest_transport""], ""clarification_reason"": ""multiple_goals"", ""data"": {}, ""intent"": ""nearest_transport"", ""missing_slots"": [], ""operation"": null, ""outcome_reason"": ""multiple_goals"", ""response_text"": ""Please ask about one route, stop, fare stage or time at a time."", ""slots"": {}, ""status"": ""clarification""}"
HG200_197,Guindy se Airport metro ka rasta aur ticket ka kiraya dono btao,,,multiple_goals_route_fare,Clarify two distinct goals (route and fare) with both candidate families; no single-family partial answer.,200,fare_calculation,CALCULATE_FARE,unavailable,unsupported_source,No verified fare record covers the requested journey or stage.,1393.73,"{""candidate_entities"": [], ""candidate_intents"": [""fare_calculation""], ""clarification_reason"": null, ""data"": {}, ""intent"": ""fare_calculation"", ""missing_slots"": [], ""operation"": ""CALCULATE_FARE"", ""outcome_reason"": ""unsupported_source"", ""response_text"": ""No verified fare record covers the requested journey or stage."", ""slots"": {""destination"": ""METRO_AIRPORT"", ""origin"": ""METRO_GUINDY"", ""transport_mode"": ""metro""}, ""status"": ""unavailable""}"
HG200_198,Alandur metro me parking bhi hai aur lift bhi? dono info chahiye,,,multiple_goals_facility_accessibility,Clarify station facilities plus accessibility goals; do not mistake them for one feature.,200,,,clarification,multiple_goals,Please choose which transport question to answer first.,1383.86,"{""candidate_entities"": [], ""candidate_intents"": [""station_facilities"", ""station_accessibility""], ""clarification_reason"": ""multiple_goals"", ""data"": {}, ""intent"": null, ""missing_slots"": [], ""operation"": null, ""outcome_reason"": ""multiple_goals"", ""response_text"": ""Please choose which transport question to answer first."", ""slots"": {}, ""status"": ""clarification""}"
HG200_199,102A Guindy pe rukti hai kya aur abhi GPS pe kahan hai?,,,multiple_goals_membership_live,Clarify membership and live-location goals; a one-family safe refusal must not count as understanding both.,200,route_stop_membership,,clarification,entity_ambiguity,Please clarify which stop or location you mean.,1424.26,"{""candidate_entities"": [""BUS_1007625852"", ""BUS_10167"", ""BUS_11200"", ""BUS_11203"", ""BUS_2241055785"", ""BUS_256039818"", ""BUS_3264712327"", ""BUS_3264712469"", ""BUS_5631301427"", ""BUS_CMRL_22"", ""METRO_GUINDY"", ""RAIL_GUINDY""], ""candidate_intents"": [""route_stop_membership""], ""clarification_reason"": ""entity_ambiguity"", ""data"": {}, ""intent"": ""route_stop_membership"", ""missing_slots"": [], ""operation"": null, ""outcome_reason"": ""entity_ambiguity"", ""response_text"": ""Please clarify which stop or location you mean."", ""slots"": {}, ""status"": ""clarification""}"
HG200_200,"Broadway se Adyar aur Tambaram tak bus route bta do, dono jagah jana h",,,competing_destinations,Clarify destination/itinerary scope rather than silently discarding one endpoint.,200,point_to_point_route,,clarification,multiple_goals,"Please ask about one route, stop, fare stage or time at a time.",1457.0,"{""candidate_entities"": [], ""candidate_intents"": [""point_to_point_route""], ""clarification_reason"": ""multiple_goals"", ""data"": {}, ""intent"": ""point_to_point_route"", ""missing_slots"": [], ""operation"": null, ""outcome_reason"": ""multiple_goals"", ""response_text"": ""Please ask about one route, stop, fare stage or time at a time."", ""slots"": {}, ""status"": ""clarification""}"
