query,template_family,station,intent,origin,destination,transport_mode,information_type,slots_reviewed,language,script,source,split
नेहरू पार्क से वेलाचेरी कैसे जाऊँ?,route_query:how_basic,NEHRU_PARK,route_query,NEHRU_PARK,VELACHERY,,,False,hi,devanagari,template_combinatorial,train
how to reach thousand lights from airport in chennai?,route_query:reach_english,CHENNAI_AIRPORT,route_query,CHENNAI_AIRPORT,THOUSAND_LIGHTS,,,False,hinglish,latin_hinglish,template_combinatorial,train
ताम्बरम से तेनामपेट कैसे जाऊँ?,route_query:how_basic,TAMBARAM,route_query,TAMBARAM,TEYNAMPET,,,False,hi,devanagari,template_combinatorial,train
vadapalani se chennai central interchange station kaun sa padega?,route_query:interchange_point,VADAPALANI,route_query,VADAPALANI,CHENNAI_CENTRAL,,,False,hinglish,latin_hinglish,template_combinatorial,train
चेन्नई एयरपोर्ट स्टेशन से निकलकर अन्ना नगर तक कैसे पहुंचें?,route_query:station_exit,CHENNAI_AIRPORT,route_query,CHENNAI_AIRPORT,ANNA_NAGAR,,,False,hi,devanagari,template_combinatorial,train
कृपया ताम्बरम से एग्मोर जाने का सबसे आसान तरीका बताएं,route_query:easiest_way,TAMBARAM,route_query,TAMBARAM,CHENNAI_EGMORE,,,False,hi,devanagari,template_combinatorial,train
एलआईसी से नेहरू पार्क कैसे पहुंच सकते हैं?,route_query:reach_info,LIC,route_query,LIC,NEHRU_PARK,,,False,hi,devanagari,template_combinatorial,train
कृपया सीएमबीटी से एलआईसी जाने का सबसे आसान तरीका बताएं,route_query:easiest_way,CMBT,route_query,CMBT,LIC,,,False,hi,devanagari,template_combinatorial,train
vadapalani se egmore travel directions,route_query:directions,VADAPALANI,route_query,VADAPALANI,CHENNAI_EGMORE,,,False,hinglish,latin_hinglish,template_combinatorial,train
vadapalani se kilpauk fastest way to travel?,route_query:fastest_path,VADAPALANI,route_query,VADAPALANI,KILPAUK,,,False,hinglish,latin_hinglish,template_combinatorial,train
नेहरू पार्क स्टेशन से निकलकर एग्मोर तक कैसे पहुंचें?,route_query:station_exit,NEHRU_PARK,route_query,NEHRU_PARK,CHENNAI_EGMORE,,,False,hi,devanagari,template_combinatorial,train
shenoy nagar se velachery interchange station kaun sa padega?,route_query:interchange_point,SHENOY_NAGAR,route_query,SHENOY_NAGAR,VELACHERY,,,False,hinglish,latin_hinglish,template_combinatorial,train
टी नगर स्टेशन से निकलकर कोयम्बेडु मार्केट तक कैसे पहुंचें?,route_query:station_exit,NANDANAM,route_query,NANDANAM,KOYAMBEDU,,,False,hi,devanagari,template_combinatorial,train
गवर्नमेंट एस्टेट स्टेशन से निकलकर चेन्नई बीच तक कैसे पहुंचें?,route_query:station_exit,GOVERNMENT_ESTATE,route_query,GOVERNMENT_ESTATE,CHENNAI_BEACH,,,False,hi,devanagari,template_combinatorial,train
सेंट थॉमस माउंट से लिटिल माउंट जाने के लिए क्या साधन है?,route_query:means_transport,ST_THOMAS_MOUNT,route_query,ST_THOMAS_MOUNT,LITTLE_MOUNT,,,False,hi,devanagari,template_combinatorial,train
koyambedu se tambaram kaise jau?,route_query:how_basic,KOYAMBEDU,route_query,KOYAMBEDU,TAMBARAM,,,False,hinglish,latin_hinglish,template_combinatorial,train
एग्मोर से एजी-डीएमएस जाने के लिए इंटरचेंज कहाँ करना होगा?,route_query:interchange_point,CHENNAI_EGMORE,route_query,CHENNAI_EGMORE,AG_DMS,,,False,hi,devanagari,template_combinatorial,train
thirumangalam se chennai central jane ke liye direct train hai kya?,route_query:direct_train,THIRUMANGALAM,route_query,THIRUMANGALAM,CHENNAI_CENTRAL,,,False,hinglish,latin_hinglish,template_combinatorial,train
हाई कोर्ट से नेहरू पार्क कैसे पहुंच सकते हैं?,route_query:reach_info,HIGH_COURT,route_query,HIGH_COURT,NEHRU_PARK,,,False,hi,devanagari,template_combinatorial,train
हवाई अड्डा से अन्ना नगर के लिए कौन सी ट्रेन या बस ठीक रहेगी?,route_query:mode_advice,CHENNAI_AIRPORT,route_query,CHENNAI_AIRPORT,ANNA_NAGAR,,,False,hi,devanagari,template_combinatorial,train
chennai central se nandanam jane ke liye direct train hai kya?,route_query:direct_train,CHENNAI_CENTRAL,route_query,CHENNAI_CENTRAL,NANDANAM,,,False,hinglish,latin_hinglish,template_combinatorial,train
सेंट थॉमस माउंट से गिंडी के लिए सीधी मेट्रो या ट्रेन है क्या?,route_query:direct_metro,ST_THOMAS_MOUNT,route_query,ST_THOMAS_MOUNT,GUINDY,,,False,hi,devanagari,template_combinatorial,train
वडापलानी से मीनांबक्कम कैसे पहुंच सकते हैं?,route_query:reach_info,VADAPALANI,route_query,VADAPALANI,MEENAMBAKKAM,,,False,hi,devanagari,template_combinatorial,train
गवर्नमेंट एस्टेट से सीएमबीटी जाने के लिए क्या साधन है?,route_query:means_transport,GOVERNMENT_ESTATE,route_query,GOVERNMENT_ESTATE,CMBT,,,False,hi,devanagari,template_combinatorial,train
क्या चेन्नई सेंट्रल से गवर्नमेंट एस्टेट के लिए कोई सीधा रास्ता है?,route_query:direct_path,CHENNAI_CENTRAL,route_query,CHENNAI_CENTRAL,GOVERNMENT_ESTATE,,,False,hi,devanagari,template_combinatorial,train
गवर्नमेंट एस्टेट से वडापलानी कैसे पहुंच सकते हैं?,route_query:reach_info,GOVERNMENT_ESTATE,route_query,GOVERNMENT_ESTATE,VADAPALANI,,,False,hi,devanagari,template_combinatorial,train
हाई कोर्ट से कोयम्बेडु के लिए कौन सा मार्ग अच्छा है?,route_query:best_route,HIGH_COURT,route_query,HIGH_COURT,KOYAMBEDU,,,False,hi,devanagari,template_combinatorial,train
tambaram se vadapalani jane ke liye direct train hai kya?,route_query:direct_train,TAMBARAM,route_query,TAMBARAM,VADAPALANI,,,False,hinglish,latin_hinglish,template_combinatorial,train
आलंदूर से ताम्बरम जाने के लिए इंटरचेंज कहाँ करना होगा?,route_query:interchange_point,ALANDUR,route_query,ALANDUR,TAMBARAM,,,False,hi,devanagari,template_combinatorial,train
गवर्नमेंट एस्टेट स्टेशन से निकलकर टी नगर तक कैसे पहुंचें?,route_query:station_exit,GOVERNMENT_ESTATE,route_query,GOVERNMENT_ESTATE,NANDANAM,,,False,hi,devanagari,template_combinatorial,train
हवाई अड्डा से तिरुमंगलम के लिए दिशा-निर्देश दीजिए,route_query:directions,CHENNAI_AIRPORT,route_query,CHENNAI_AIRPORT,THIRUMANGALAM,,,False,hi,devanagari,template_combinatorial,train
चेन्नई सेंट्रल से हवाई अड्डा जाने के लिए सबसे तेज़ रास्ता कौन सा है?,route_query:fastest_path,CHENNAI_CENTRAL,route_query,CHENNAI_CENTRAL,CHENNAI_AIRPORT,,,False,hi,devanagari,template_combinatorial,train
एग्मोर से हाई कोर्ट के लिए कौन सी ट्रेन या बस ठीक रहेगी?,route_query:mode_advice,CHENNAI_EGMORE,route_query,CHENNAI_EGMORE,HIGH_COURT,,,False,hi,devanagari,template_combinatorial,train
meenambakkam se velachery travel directions,route_query:directions,MEENAMBAKKAM,route_query,MEENAMBAKKAM,VELACHERY,,,False,hinglish,latin_hinglish,template_combinatorial,train
वेलाचेरी से लिटिल माउंट का सबसे सुरक्षित रास्ता क्या है?,route_query:safe_route,VELACHERY,route_query,VELACHERY,LITTLE_MOUNT,,,False,hi,devanagari,template_combinatorial,train
कृपया तेनामपेट से एजी-डीएमएस जाने का सबसे आसान तरीका बताएं,route_query:easiest_way,TEYNAMPET,route_query,TEYNAMPET,AG_DMS,,,False,hi,devanagari,template_combinatorial,train
little mount se nehru park ke liye kaun sa route best hai?,route_query:best_route,LITTLE_MOUNT,route_query,LITTLE_MOUNT,NEHRU_PARK,,,False,hinglish,latin_hinglish,template_combinatorial,train
नंदनम से एयरपोर्ट के लिए कौन सा मार्ग अच्छा है?,route_query:best_route,NANDANAM,route_query,NANDANAM,CHENNAI_AIRPORT,,,False,hi,devanagari,template_combinatorial,train
सीएमबीटी से तेनामपेट जाने के लिए सबसे तेज़ रास्ता कौन सा है?,route_query:fastest_path,CMBT,route_query,CMBT,TEYNAMPET,,,False,hi,devanagari,template_combinatorial,train
ag dms se thirumangalam kaise jau?,route_query:how_basic,AG_DMS,route_query,AG_DMS,THIRUMANGALAM,,,False,hinglish,latin_hinglish,template_combinatorial,train
तिरुमंगलम से नंदनम के लिए दिशा-निर्देश दीजिए,route_query:directions,THIRUMANGALAM,route_query,THIRUMANGALAM,NANDANAM,,,False,hi,devanagari,template_combinatorial,train
high court se tambaram jane ke liye direct train hai kya?,route_query:direct_train,HIGH_COURT,route_query,HIGH_COURT,TAMBARAM,,,False,hinglish,latin_hinglish,template_combinatorial,train
egmore se thousand lights interchange station kaun sa padega?,route_query:interchange_point,CHENNAI_EGMORE,route_query,CHENNAI_EGMORE,THOUSAND_LIGHTS,,,False,hinglish,latin_hinglish,template_combinatorial,train
हवाई अड्डा स्टेशन से निकलकर तिरुमंगलम तक कैसे पहुंचें?,route_query:station_exit,CHENNAI_AIRPORT,route_query,CHENNAI_AIRPORT,THIRUMANGALAM,,,False,hi,devanagari,template_combinatorial,train
क्या अशोक नगर से किल्पॉक के लिए कोई सीधा रास्ता है?,route_query:direct_path,ASHOK_NAGAR,route_query,ASHOK_NAGAR,KILPAUK,,,False,hi,devanagari,template_combinatorial,train
how to reach nehru park from shenoy nagar in chennai?,route_query:reach_english,SHENOY_NAGAR,route_query,SHENOY_NAGAR,NEHRU_PARK,,,False,hinglish,latin_hinglish,template_combinatorial,train
anna nagar to st thomas mount kaise pahuche?,route_query:reach_info,ANNA_NAGAR,route_query,ANNA_NAGAR,ST_THOMAS_MOUNT,,,False,hinglish,latin_hinglish,template_combinatorial,train
एग्मोर से वेलाचेरी कैसे पहुंच सकते हैं?,route_query:reach_info,CHENNAI_EGMORE,route_query,CHENNAI_EGMORE,VELACHERY,,,False,hi,devanagari,template_combinatorial,train
शेनॉय नगर से एग्मोर जाने के लिए क्या साधन है?,route_query:means_transport,SHENOY_NAGAR,route_query,SHENOY_NAGAR,CHENNAI_EGMORE,,,False,hi,devanagari,template_combinatorial,train
कृपया तिरुमंगलम से सीएमबीटी जाने का सबसे आसान तरीका बताएं,route_query:easiest_way,THIRUMANGALAM,route_query,THIRUMANGALAM,CMBT,,,False,hi,devanagari,template_combinatorial,train
किल्पॉक से हवाई अड्डा जाने के लिए क्या साधन है?,route_query:means_transport,KILPAUK,route_query,KILPAUK,CHENNAI_AIRPORT,,,False,hi,devanagari,template_combinatorial,train
सेंट थॉमस माउंट से लिटिल माउंट के लिए सीधी मेट्रो या ट्रेन है क्या?,route_query:direct_metro,ST_THOMAS_MOUNT,route_query,ST_THOMAS_MOUNT,LITTLE_MOUNT,,,False,hi,devanagari,template_combinatorial,train
chennai airport se lic kaise jau?,route_query:how_basic,CHENNAI_AIRPORT,route_query,CHENNAI_AIRPORT,LIC,,,False,hinglish,latin_hinglish,template_combinatorial,train
central railway station se chennai egmore ke liye kaun sa route best hai?,route_query:best_route,CHENNAI_CENTRAL,route_query,CHENNAI_CENTRAL,CHENNAI_EGMORE,,,False,hinglish,latin_hinglish,template_combinatorial,train
thirumangalam to tambaram kaise pahuche?,route_query:reach_info,THIRUMANGALAM,route_query,THIRUMANGALAM,TAMBARAM,,,False,hinglish,latin_hinglish,template_combinatorial,train
how to reach central railway station from guindy in chennai?,route_query:reach_english,GUINDY,route_query,GUINDY,CHENNAI_CENTRAL,,,False,hinglish,latin_hinglish,template_combinatorial,train
thousand lights se central railway station ke liye kaun sa route best hai?,route_query:best_route,THOUSAND_LIGHTS,route_query,THOUSAND_LIGHTS,CHENNAI_CENTRAL,,,False,hinglish,latin_hinglish,template_combinatorial,train
सीएमबीटी से ताम्बरम जाने के लिए सबसे तेज़ रास्ता कौन सा है?,route_query:fastest_path,CMBT,route_query,CMBT,TAMBARAM,,,False,hi,devanagari,template_combinatorial,train
गिंडी से शेनॉय नगर कैसे जाऊँ?,route_query:how_basic,GUINDY,route_query,GUINDY,SHENOY_NAGAR,,,False,hi,devanagari,template_combinatorial,train
वेलाचेरी से तिरुमंगलम जाने के लिए इंटरचेंज कहाँ करना होगा?,route_query:interchange_point,VELACHERY,route_query,VELACHERY,THIRUMANGALAM,,,False,hi,devanagari,template_combinatorial,train
how to reach kilpauk from airport in chennai?,route_query:reach_english,CHENNAI_AIRPORT,route_query,CHENNAI_AIRPORT,KILPAUK,,,False,hinglish,latin_hinglish,template_combinatorial,train
चेन्नई बीच से ताम्बरम का सबसे सुरक्षित रास्ता क्या है?,route_query:safe_route,CHENNAI_BEACH,route_query,CHENNAI_BEACH,TAMBARAM,,,False,hi,devanagari,template_combinatorial,train
शेनॉय नगर से वडापलानी के लिए दिशा-निर्देश दीजिए,route_query:directions,SHENOY_NAGAR,route_query,SHENOY_NAGAR,VADAPALANI,,,False,hi,devanagari,template_combinatorial,train
चेन्नई बीच से सेंट्रल जाने के लिए सबसे तेज़ रास्ता कौन सा है?,route_query:fastest_path,CHENNAI_BEACH,route_query,CHENNAI_BEACH,CHENNAI_CENTRAL,,,False,hi,devanagari,template_combinatorial,train
अन्ना नगर स्टेशन से निकलकर नेहरू पार्क तक कैसे पहुंचें?,route_query:station_exit,ANNA_NAGAR,route_query,ANNA_NAGAR,NEHRU_PARK,,,False,hi,devanagari,template_combinatorial,train
शेनॉय नगर से मीनांबक्कम के लिए सीधी मेट्रो या ट्रेन है क्या?,route_query:direct_metro,SHENOY_NAGAR,route_query,SHENOY_NAGAR,MEENAMBAKKAM,,,False,hi,devanagari,template_combinatorial,train
alandur se vadapalani ke liye kaun sa route best hai?,route_query:best_route,ALANDUR,route_query,ALANDUR,VADAPALANI,,,False,hinglish,latin_hinglish,template_combinatorial,train
t nagar se alandur interchange station kaun sa padega?,route_query:interchange_point,NANDANAM,route_query,NANDANAM,ALANDUR,,,False,hinglish,latin_hinglish,template_combinatorial,train
तेनामपेट से मीनांबक्कम के लिए कौन सी ट्रेन या बस ठीक रहेगी?,route_query:mode_advice,TEYNAMPET,route_query,TEYNAMPET,MEENAMBAKKAM,,,False,hi,devanagari,template_combinatorial,train
chennai beach se vadapalani interchange station kaun sa padega?,route_query:interchange_point,CHENNAI_BEACH,route_query,CHENNAI_BEACH,VADAPALANI,,,False,hinglish,latin_hinglish,template_combinatorial,train
chennai central se anna nagar fastest way to travel?,route_query:fastest_path,CHENNAI_CENTRAL,route_query,CHENNAI_CENTRAL,ANNA_NAGAR,,,False,hinglish,latin_hinglish,template_combinatorial,train
government estate se shenoy nagar travel directions,route_query:directions,GOVERNMENT_ESTATE,route_query,GOVERNMENT_ESTATE,SHENOY_NAGAR,,,False,hinglish,latin_hinglish,template_combinatorial,train
shenoy nagar se nandanam fastest way to travel?,route_query:fastest_path,SHENOY_NAGAR,route_query,SHENOY_NAGAR,NANDANAM,,,False,hinglish,latin_hinglish,template_combinatorial,train
alandur se shenoy nagar fastest way to travel?,route_query:fastest_path,ALANDUR,route_query,ALANDUR,SHENOY_NAGAR,,,False,hinglish,latin_hinglish,template_combinatorial,train
anna nagar se ashok nagar kaise jau?,route_query:how_basic,ANNA_NAGAR,route_query,ANNA_NAGAR,ASHOK_NAGAR,,,False,hinglish,latin_hinglish,template_combinatorial,train
shenoy nagar se st thomas mount interchange station kaun sa padega?,route_query:interchange_point,SHENOY_NAGAR,route_query,SHENOY_NAGAR,ST_THOMAS_MOUNT,,,False,hinglish,latin_hinglish,template_combinatorial,train
velachery se meenambakkam travel directions,route_query:directions,VELACHERY,route_query,VELACHERY,MEENAMBAKKAM,,,False,hinglish,latin_hinglish,template_combinatorial,train
चेन्नई एयरपोर्ट से तिरुमंगलम के लिए कौन सी ट्रेन या बस ठीक रहेगी?,route_query:mode_advice,CHENNAI_AIRPORT,route_query,CHENNAI_AIRPORT,THIRUMANGALAM,,,False,hi,devanagari,template_combinatorial,train
ताम्बरम से कोयम्बेडु मार्केट जाने के लिए सबसे तेज़ रास्ता कौन सा है?,route_query:fastest_path,TAMBARAM,route_query,TAMBARAM,KOYAMBEDU,,,False,hi,devanagari,template_combinatorial,train
chennai central to meenambakkam kaise pahuche?,route_query:reach_info,CHENNAI_CENTRAL,route_query,CHENNAI_CENTRAL,MEENAMBAKKAM,,,False,hinglish,latin_hinglish,template_combinatorial,train
तेनामपेट से चेन्नई बीच कैसे पहुंच सकते हैं?,route_query:reach_info,TEYNAMPET,route_query,TEYNAMPET,CHENNAI_BEACH,,,False,hi,devanagari,template_combinatorial,train
how to reach chennai egmore from little mount in chennai?,route_query:reach_english,LITTLE_MOUNT,route_query,LITTLE_MOUNT,CHENNAI_EGMORE,,,False,hinglish,latin_hinglish,template_combinatorial,train
टी नगर से कोयम्बेडु कैसे पहुंच सकते हैं?,route_query:reach_info,NANDANAM,route_query,NANDANAM,KOYAMBEDU,,,False,hi,devanagari,template_combinatorial,train
क्या अशोक नगर से टी नगर के लिए कोई सीधा रास्ता है?,route_query:direct_path,ASHOK_NAGAR,route_query,ASHOK_NAGAR,NANDANAM,,,False,hi,devanagari,template_combinatorial,train
क्या तेनामपेट से टी नगर के लिए कोई सीधा रास्ता है?,route_query:direct_path,TEYNAMPET,route_query,TEYNAMPET,NANDANAM,,,False,hi,devanagari,template_combinatorial,train
नंदनम से किल्पॉक का सबसे सुरक्षित रास्ता क्या है?,route_query:safe_route,NANDANAM,route_query,NANDANAM,KILPAUK,,,False,hi,devanagari,template_combinatorial,train
मीनांबक्कम से लिटिल माउंट के लिए सीधी मेट्रो या ट्रेन है क्या?,route_query:direct_metro,MEENAMBAKKAM,route_query,MEENAMBAKKAM,LITTLE_MOUNT,,,False,hi,devanagari,template_combinatorial,train
नंदनम से एग्मोर के लिए सीधी मेट्रो या ट्रेन है क्या?,route_query:direct_metro,NANDANAM,route_query,NANDANAM,CHENNAI_EGMORE,,,False,hi,devanagari,template_combinatorial,train
नेहरू पार्क से शेनॉय नगर जाने के लिए सबसे तेज़ रास्ता कौन सा है?,route_query:fastest_path,NEHRU_PARK,route_query,NEHRU_PARK,SHENOY_NAGAR,,,False,hi,devanagari,template_combinatorial,train
guindy se kilpauk fastest way to travel?,route_query:fastest_path,GUINDY,route_query,GUINDY,KILPAUK,,,False,hinglish,latin_hinglish,template_combinatorial,train
government estate se st thomas mount fastest way to travel?,route_query:fastest_path,GOVERNMENT_ESTATE,route_query,GOVERNMENT_ESTATE,ST_THOMAS_MOUNT,,,False,hinglish,latin_hinglish,template_combinatorial,train
एलआईसी से लिटिल माउंट कैसे जाऊँ?,route_query:how_basic,LIC,route_query,LIC,LITTLE_MOUNT,,,False,hi,devanagari,template_combinatorial,train
हाई कोर्ट से चेन्नई बीच जाने के लिए इंटरचेंज कहाँ करना होगा?,route_query:interchange_point,HIGH_COURT,route_query,HIGH_COURT,CHENNAI_BEACH,,,False,hi,devanagari,template_combinatorial,train
तेनामपेट से सेंट थॉमस माउंट के लिए सीधी मेट्रो या ट्रेन है क्या?,route_query:direct_metro,TEYNAMPET,route_query,TEYNAMPET,ST_THOMAS_MOUNT,,,False,hi,devanagari,template_combinatorial,train
हाई कोर्ट से सेंट्रल जाने के लिए क्या साधन है?,route_query:means_transport,HIGH_COURT,route_query,HIGH_COURT,CHENNAI_CENTRAL,,,False,hi,devanagari,template_combinatorial,train
चेन्नई एयरपोर्ट से सैदापेट कैसे जाऊँ?,route_query:how_basic,CHENNAI_AIRPORT,route_query,CHENNAI_AIRPORT,SAIDAPET,,,False,hi,devanagari,template_combinatorial,train
alandur se chennai egmore jane ke liye direct train hai kya?,route_query:direct_train,ALANDUR,route_query,ALANDUR,CHENNAI_EGMORE,,,False,hinglish,latin_hinglish,template_combinatorial,train
vadapalani se t nagar fastest way to travel?,route_query:fastest_path,VADAPALANI,route_query,VADAPALANI,NANDANAM,,,False,hinglish,latin_hinglish,template_combinatorial,train
guindy se thirumangalam kaise jau?,route_query:how_basic,GUINDY,route_query,GUINDY,THIRUMANGALAM,,,False,hinglish,latin_hinglish,template_combinatorial,train
koyambedu se kilpauk travel directions,route_query:directions,KOYAMBEDU,route_query,KOYAMBEDU,KILPAUK,,,False,hinglish,latin_hinglish,template_combinatorial,train
गवर्नमेंट एस्टेट से सीएमबीटी के लिए सीधी मेट्रो या ट्रेन है क्या?,route_query:direct_metro,GOVERNMENT_ESTATE,route_query,GOVERNMENT_ESTATE,CMBT,,,False,hi,devanagari,template_combinatorial,train
सीएमबीटी से अशोक नगर कैसे पहुंच सकते हैं?,route_query:reach_info,CMBT,route_query,CMBT,ASHOK_NAGAR,,,False,hi,devanagari,template_combinatorial,train
anna nagar se teynampet kaise jau?,route_query:how_basic,ANNA_NAGAR,route_query,ANNA_NAGAR,TEYNAMPET,,,False,hinglish,latin_hinglish,template_combinatorial,train
how to reach egmore from chennai beach in chennai?,route_query:reach_english,CHENNAI_BEACH,route_query,CHENNAI_BEACH,CHENNAI_EGMORE,,,False,hinglish,latin_hinglish,template_combinatorial,train
एयरपोर्ट से शेनॉय नगर जाने के लिए सबसे तेज़ रास्ता कौन सा है?,route_query:fastest_path,CHENNAI_AIRPORT,route_query,CHENNAI_AIRPORT,SHENOY_NAGAR,,,False,hi,devanagari,template_combinatorial,train
सेंट्रल रेलवे स्टेशन से थाउजेंड लाइट्स कैसे पहुंच सकते हैं?,route_query:reach_info,CHENNAI_CENTRAL,route_query,CHENNAI_CENTRAL,THOUSAND_LIGHTS,,,False,hi,devanagari,template_combinatorial,train
कृपया एग्मोर से हाई कोर्ट जाने का सबसे आसान तरीका बताएं,route_query:easiest_way,CHENNAI_EGMORE,route_query,CHENNAI_EGMORE,HIGH_COURT,,,False,hi,devanagari,template_combinatorial,train
एजी-डीएमएस से सेंट थॉमस माउंट कैसे जाऊँ?,route_query:how_basic,AG_DMS,route_query,AG_DMS,ST_THOMAS_MOUNT,,,False,hi,devanagari,template_combinatorial,train
how to reach meenambakkam from vadapalani in chennai?,route_query:reach_english,VADAPALANI,route_query,VADAPALANI,MEENAMBAKKAM,,,False,hinglish,latin_hinglish,template_combinatorial,train
अशोक नगर से वेलाचेरी के लिए सीधी मेट्रो या ट्रेन है क्या?,route_query:direct_metro,ASHOK_NAGAR,route_query,ASHOK_NAGAR,VELACHERY,,,False,hi,devanagari,template_combinatorial,train
नेहरू पार्क से टी नगर के लिए कौन सा मार्ग अच्छा है?,route_query:best_route,NEHRU_PARK,route_query,NEHRU_PARK,NANDANAM,,,False,hi,devanagari,template_combinatorial,train
ag dms se government estate jane ke liye direct train hai kya?,route_query:direct_train,AG_DMS,route_query,AG_DMS,GOVERNMENT_ESTATE,,,False,hinglish,latin_hinglish,template_combinatorial,train
government estate se vadapalani ke liye kaun sa route best hai?,route_query:best_route,GOVERNMENT_ESTATE,route_query,GOVERNMENT_ESTATE,VADAPALANI,,,False,hinglish,latin_hinglish,template_combinatorial,train
चेन्नई सेंट्रल से वेलाचेरी के लिए सीधी मेट्रो या ट्रेन है क्या?,route_query:direct_metro,CHENNAI_CENTRAL,route_query,CHENNAI_CENTRAL,VELACHERY,,,False,hi,devanagari,template_combinatorial,train
how to reach nehru park from nandanam in chennai?,route_query:reach_english,NANDANAM,route_query,NANDANAM,NEHRU_PARK,,,False,hinglish,latin_hinglish,template_combinatorial,train
सैदापेट से सेंट थॉमस माउंट जाने के लिए सबसे तेज़ रास्ता कौन सा है?,route_query:fastest_path,SAIDAPET,route_query,SAIDAPET,ST_THOMAS_MOUNT,,,False,hi,devanagari,template_combinatorial,train
chennai airport se alandur kaise jau?,route_query:how_basic,CHENNAI_AIRPORT,route_query,CHENNAI_AIRPORT,ALANDUR,,,False,hinglish,latin_hinglish,template_combinatorial,train
how to reach shenoy nagar from nehru park in chennai?,route_query:reach_english,NEHRU_PARK,route_query,NEHRU_PARK,SHENOY_NAGAR,,,False,hinglish,latin_hinglish,template_combinatorial,train
कृपया सैदापेट से हाई कोर्ट जाने का सबसे आसान तरीका बताएं,route_query:easiest_way,SAIDAPET,route_query,SAIDAPET,HIGH_COURT,,,False,hi,devanagari,template_combinatorial,train
how to reach thousand lights from government estate in chennai?,route_query:reach_english,GOVERNMENT_ESTATE,route_query,GOVERNMENT_ESTATE,THOUSAND_LIGHTS,,,False,hinglish,latin_hinglish,template_combinatorial,train
वडापलानी से किल्पॉक के लिए सीधी मेट्रो या ट्रेन है क्या?,route_query:direct_metro,VADAPALANI,route_query,VADAPALANI,KILPAUK,,,False,hi,devanagari,template_combinatorial,train
how to reach government estate from chennai beach in chennai?,route_query:reach_english,CHENNAI_BEACH,route_query,CHENNAI_BEACH,GOVERNMENT_ESTATE,,,False,hinglish,latin_hinglish,template_combinatorial,train
vadapalani se anna nagar jane ke liye direct train hai kya?,route_query:direct_train,VADAPALANI,route_query,VADAPALANI,ANNA_NAGAR,,,False,hinglish,latin_hinglish,template_combinatorial,train
chennai central se teynampet ke liye kaun sa route best hai?,route_query:best_route,CHENNAI_CENTRAL,route_query,CHENNAI_CENTRAL,TEYNAMPET,,,False,hinglish,latin_hinglish,template_combinatorial,train
सेंट्रल रेलवे स्टेशन से एयरपोर्ट के लिए सीधी मेट्रो या ट्रेन है क्या?,route_query:direct_metro,CHENNAI_CENTRAL,route_query,CHENNAI_CENTRAL,CHENNAI_AIRPORT,,,False,hi,devanagari,template_combinatorial,train
लिटिल माउंट से एयरपोर्ट जाने के लिए क्या साधन है?,route_query:means_transport,LITTLE_MOUNT,route_query,LITTLE_MOUNT,CHENNAI_AIRPORT,,,False,hi,devanagari,template_combinatorial,train
chennai egmore to tambaram kaise pahuche?,route_query:reach_info,CHENNAI_EGMORE,route_query,CHENNAI_EGMORE,TAMBARAM,,,False,hinglish,latin_hinglish,template_combinatorial,train
हवाई अड्डा से एग्मोर का सबसे सुरक्षित रास्ता क्या है?,route_query:safe_route,CHENNAI_AIRPORT,route_query,CHENNAI_AIRPORT,CHENNAI_EGMORE,,,False,hi,devanagari,template_combinatorial,train
anna nagar se chennai airport interchange station kaun sa padega?,route_query:interchange_point,ANNA_NAGAR,route_query,ANNA_NAGAR,CHENNAI_AIRPORT,,,False,hinglish,latin_hinglish,template_combinatorial,train
एजी-डीएमएस से चेन्नई बीच कैसे पहुंच सकते हैं?,route_query:reach_info,AG_DMS,route_query,AG_DMS,CHENNAI_BEACH,,,False,hi,devanagari,template_combinatorial,train
नंदनम स्टेशन से निकलकर सैदापेट तक कैसे पहुंचें?,route_query:station_exit,NANDANAM,route_query,NANDANAM,SAIDAPET,,,False,hi,devanagari,template_combinatorial,train
t nagar se guindy interchange station kaun sa padega?,route_query:interchange_point,NANDANAM,route_query,NANDANAM,GUINDY,,,False,hinglish,latin_hinglish,template_combinatorial,train
चेन्नई एयरपोर्ट से आलंदूर के लिए सीधी मेट्रो या ट्रेन है क्या?,route_query:direct_metro,CHENNAI_AIRPORT,route_query,CHENNAI_AIRPORT,ALANDUR,,,False,hi,devanagari,template_combinatorial,train
st thomas mount se ashok nagar jane ke liye direct train hai kya?,route_query:direct_train,ST_THOMAS_MOUNT,route_query,ST_THOMAS_MOUNT,ASHOK_NAGAR,,,False,hinglish,latin_hinglish,template_combinatorial,train
ashok nagar se st thomas mount ke liye kaun sa route best hai?,route_query:best_route,ASHOK_NAGAR,route_query,ASHOK_NAGAR,ST_THOMAS_MOUNT,,,False,hinglish,latin_hinglish,template_combinatorial,train
एग्मोर से चेन्नई एयरपोर्ट जाने के लिए क्या साधन है?,route_query:means_transport,CHENNAI_EGMORE,route_query,CHENNAI_EGMORE,CHENNAI_AIRPORT,,,False,hi,devanagari,template_combinatorial,train
ashok nagar se little mount ke liye kaun sa route best hai?,route_query:best_route,ASHOK_NAGAR,route_query,ASHOK_NAGAR,LITTLE_MOUNT,,,False,hinglish,latin_hinglish,template_combinatorial,train
how to reach nandanam from anna nagar in chennai?,route_query:reach_english,ANNA_NAGAR,route_query,ANNA_NAGAR,NANDANAM,,,False,hinglish,latin_hinglish,template_combinatorial,train
क्या हाई कोर्ट से लिटिल माउंट के लिए कोई सीधा रास्ता है?,route_query:direct_path,HIGH_COURT,route_query,HIGH_COURT,LITTLE_MOUNT,,,False,hi,devanagari,template_combinatorial,train
central railway station se meenambakkam interchange station kaun sa padega?,route_query:interchange_point,CHENNAI_CENTRAL,route_query,CHENNAI_CENTRAL,MEENAMBAKKAM,,,False,hinglish,latin_hinglish,template_combinatorial,train
central se t nagar travel directions,route_query:directions,CHENNAI_CENTRAL,route_query,CHENNAI_CENTRAL,NANDANAM,,,False,hinglish,latin_hinglish,template_combinatorial,train
सेंट्रल रेलवे स्टेशन से चेन्नई बीच के लिए सीधी मेट्रो या ट्रेन है क्या?,route_query:direct_metro,CHENNAI_CENTRAL,route_query,CHENNAI_CENTRAL,CHENNAI_BEACH,,,False,hi,devanagari,template_combinatorial,train
नेहरू पार्क से गिंडी के लिए दिशा-निर्देश दीजिए,route_query:directions,NEHRU_PARK,route_query,NEHRU_PARK,GUINDY,,,False,hi,devanagari,template_combinatorial,train
लिटिल माउंट से चेन्नई एयरपोर्ट जाने के लिए इंटरचेंज कहाँ करना होगा?,route_query:interchange_point,LITTLE_MOUNT,route_query,LITTLE_MOUNT,CHENNAI_AIRPORT,,,False,hi,devanagari,template_combinatorial,train
अन्ना नगर से अशोक नगर जाने के लिए इंटरचेंज कहाँ करना होगा?,route_query:interchange_point,ANNA_NAGAR,route_query,ANNA_NAGAR,ASHOK_NAGAR,,,False,hi,devanagari,template_combinatorial,train
किल्पॉक से अन्ना नगर के लिए कौन सी ट्रेन या बस ठीक रहेगी?,route_query:mode_advice,KILPAUK,route_query,KILPAUK,ANNA_NAGAR,,,False,hi,devanagari,template_combinatorial,train
high court se chennai central fastest way to travel?,route_query:fastest_path,HIGH_COURT,route_query,HIGH_COURT,CHENNAI_CENTRAL,,,False,hinglish,latin_hinglish,template_combinatorial,train
nehru park se tambaram travel directions,route_query:directions,NEHRU_PARK,route_query,NEHRU_PARK,TAMBARAM,,,False,hinglish,latin_hinglish,template_combinatorial,train
nandanam se central railway station kaise jau?,route_query:how_basic,NANDANAM,route_query,NANDANAM,CHENNAI_CENTRAL,,,False,hinglish,latin_hinglish,template_combinatorial,train
लिटिल माउंट से तिरुमंगलम जाने के लिए क्या साधन है?,route_query:means_transport,LITTLE_MOUNT,route_query,LITTLE_MOUNT,THIRUMANGALAM,,,False,hi,devanagari,template_combinatorial,train
एजी-डीएमएस से लिटिल माउंट के लिए सीधी मेट्रो या ट्रेन है क्या?,route_query:direct_metro,AG_DMS,route_query,AG_DMS,LITTLE_MOUNT,,,False,hi,devanagari,template_combinatorial,train
टी नगर से कोयम्बेडु मार्केट जाने के लिए सबसे तेज़ रास्ता कौन सा है?,route_query:fastest_path,NANDANAM,route_query,NANDANAM,KOYAMBEDU,,,False,hi,devanagari,template_combinatorial,train
high court se cmbt interchange station kaun sa padega?,route_query:interchange_point,HIGH_COURT,route_query,HIGH_COURT,CMBT,,,False,hinglish,latin_hinglish,template_combinatorial,train
एजी-डीएमएस से अन्ना नगर के लिए सीधी मेट्रो या ट्रेन है क्या?,route_query:direct_metro,AG_DMS,route_query,AG_DMS,ANNA_NAGAR,,,False,hi,devanagari,template_combinatorial,train
क्या नेहरू पार्क से चेन्नई सेंट्रल के लिए कोई सीधा रास्ता है?,route_query:direct_path,NEHRU_PARK,route_query,NEHRU_PARK,CHENNAI_CENTRAL,,,False,hi,devanagari,template_combinatorial,train
meenambakkam se guindy ke liye kaun sa route best hai?,route_query:best_route,MEENAMBAKKAM,route_query,MEENAMBAKKAM,GUINDY,,,False,hinglish,latin_hinglish,template_combinatorial,train
lic se government estate jane ke liye direct train hai kya?,route_query:direct_train,LIC,route_query,LIC,GOVERNMENT_ESTATE,,,False,hinglish,latin_hinglish,template_combinatorial,train
central railway station se velachery fastest way to travel?,route_query:fastest_path,CHENNAI_CENTRAL,route_query,CHENNAI_CENTRAL,VELACHERY,,,False,hinglish,latin_hinglish,template_combinatorial,train
एलआईसी स्टेशन से निकलकर कोयम्बेडु मार्केट तक कैसे पहुंचें?,route_query:station_exit,LIC,route_query,LIC,KOYAMBEDU,,,False,hi,devanagari,template_combinatorial,train
एयरपोर्ट से लिटिल माउंट के लिए कौन सी ट्रेन या बस ठीक रहेगी?,route_query:mode_advice,CHENNAI_AIRPORT,route_query,CHENNAI_AIRPORT,LITTLE_MOUNT,,,False,hi,devanagari,template_combinatorial,train
guindy se egmore travel directions,route_query:directions,GUINDY,route_query,GUINDY,CHENNAI_EGMORE,,,False,hinglish,latin_hinglish,template_combinatorial,train
अन्ना नगर से एजी-डीएमएस के लिए सीधी मेट्रो या ट्रेन है क्या?,route_query:direct_metro,ANNA_NAGAR,route_query,ANNA_NAGAR,AG_DMS,,,False,hi,devanagari,template_combinatorial,train
हाई कोर्ट से एलआईसी के लिए कौन सी ट्रेन या बस ठीक रहेगी?,route_query:mode_advice,HIGH_COURT,route_query,HIGH_COURT,LIC,,,False,hi,devanagari,template_combinatorial,train
हाई कोर्ट से सेंट्रल रेलवे स्टेशन का सबसे सुरक्षित रास्ता क्या है?,route_query:safe_route,HIGH_COURT,route_query,HIGH_COURT,CHENNAI_CENTRAL,,,False,hi,devanagari,template_combinatorial,train
तिरुमंगलम से चेन्नई बीच जाने के लिए सबसे तेज़ रास्ता कौन सा है?,route_query:fastest_path,THIRUMANGALAM,route_query,THIRUMANGALAM,CHENNAI_BEACH,,,False,hi,devanagari,template_combinatorial,train
एयरपोर्ट से कोयम्बेडु मार्केट जाने के लिए इंटरचेंज कहाँ करना होगा?,route_query:interchange_point,CHENNAI_AIRPORT,route_query,CHENNAI_AIRPORT,KOYAMBEDU,,,False,hi,devanagari,template_combinatorial,train
how to reach central from anna nagar in chennai?,route_query:reach_english,ANNA_NAGAR,route_query,ANNA_NAGAR,CHENNAI_CENTRAL,,,False,hinglish,latin_hinglish,template_combinatorial,train
ashok nagar se thousand lights kaise jau?,route_query:how_basic,ASHOK_NAGAR,route_query,ASHOK_NAGAR,THOUSAND_LIGHTS,,,False,hinglish,latin_hinglish,template_combinatorial,train
nehru park to t nagar kaise pahuche?,route_query:reach_info,NEHRU_PARK,route_query,NEHRU_PARK,NANDANAM,,,False,hinglish,latin_hinglish,template_combinatorial,train
nehru park se high court fastest way to travel?,route_query:fastest_path,NEHRU_PARK,route_query,NEHRU_PARK,HIGH_COURT,,,False,hinglish,latin_hinglish,template_combinatorial,train
चेन्नई बीच से सैदापेट जाने के लिए क्या साधन है?,route_query:means_transport,CHENNAI_BEACH,route_query,CHENNAI_BEACH,SAIDAPET,,,False,hi,devanagari,template_combinatorial,train
किल्पॉक से चेन्नई सेंट्रल के लिए दिशा-निर्देश दीजिए,route_query:directions,KILPAUK,route_query,KILPAUK,CHENNAI_CENTRAL,,,False,hi,devanagari,template_combinatorial,train
तिरुमंगलम से सीएमबीटी के लिए दिशा-निर्देश दीजिए,route_query:directions,THIRUMANGALAM,route_query,THIRUMANGALAM,CMBT,,,False,hi,devanagari,template_combinatorial,train
वडापलानी से ताम्बरम के लिए दिशा-निर्देश दीजिए,route_query:directions,VADAPALANI,route_query,VADAPALANI,TAMBARAM,,,False,hi,devanagari,template_combinatorial,train
एयरपोर्ट से तिरुमंगलम का सबसे सुरक्षित रास्ता क्या है?,route_query:safe_route,CHENNAI_AIRPORT,route_query,CHENNAI_AIRPORT,THIRUMANGALAM,,,False,hi,devanagari,template_combinatorial,train
teynampet se vadapalani travel directions,route_query:directions,TEYNAMPET,route_query,TEYNAMPET,VADAPALANI,,,False,hinglish,latin_hinglish,template_combinatorial,train
chennai egmore se meenambakkam travel directions,route_query:directions,CHENNAI_EGMORE,route_query,CHENNAI_EGMORE,MEENAMBAKKAM,,,False,hinglish,latin_hinglish,template_combinatorial,train
तिरुमंगलम से चेन्नई बीच का सबसे सुरक्षित रास्ता क्या है?,route_query:safe_route,THIRUMANGALAM,route_query,THIRUMANGALAM,CHENNAI_BEACH,,,False,hi,devanagari,template_combinatorial,train
कृपया चेन्नई बीच से ताम्बरम जाने का सबसे आसान तरीका बताएं,route_query:easiest_way,CHENNAI_BEACH,route_query,CHENNAI_BEACH,TAMBARAM,,,False,hi,devanagari,template_combinatorial,train
एयरपोर्ट से सेंट्रल रेलवे स्टेशन जाने के लिए क्या साधन है?,route_query:means_transport,CHENNAI_AIRPORT,route_query,CHENNAI_AIRPORT,CHENNAI_CENTRAL,,,False,hi,devanagari,template_combinatorial,train
central railway station se government estate jane ke liye direct train hai kya?,route_query:direct_train,CHENNAI_CENTRAL,route_query,CHENNAI_CENTRAL,GOVERNMENT_ESTATE,,,False,hinglish,latin_hinglish,template_combinatorial,train
chennai airport to meenambakkam kaise pahuche?,route_query:reach_info,CHENNAI_AIRPORT,route_query,CHENNAI_AIRPORT,MEENAMBAKKAM,,,False,hinglish,latin_hinglish,template_combinatorial,train
how to reach chennai airport from nandanam in chennai?,route_query:reach_english,NANDANAM,route_query,NANDANAM,CHENNAI_AIRPORT,,,False,hinglish,latin_hinglish,template_combinatorial,train
सैदापेट से तिरुमंगलम के लिए सीधी मेट्रो या ट्रेन है क्या?,route_query:direct_metro,SAIDAPET,route_query,SAIDAPET,THIRUMANGALAM,,,False,hi,devanagari,template_combinatorial,train
हवाई अड्डा से सेंट थॉमस माउंट के लिए कौन सी ट्रेन या बस ठीक रहेगी?,route_query:mode_advice,CHENNAI_AIRPORT,route_query,CHENNAI_AIRPORT,ST_THOMAS_MOUNT,,,False,hi,devanagari,template_combinatorial,train
चेन्नई बीच से एजी-डीएमएस जाने के लिए क्या साधन है?,route_query:means_transport,CHENNAI_BEACH,route_query,CHENNAI_BEACH,AG_DMS,,,False,hi,devanagari,template_combinatorial,train
किल्पॉक से हवाई अड्डा कैसे जाऊँ?,route_query:how_basic,KILPAUK,route_query,KILPAUK,CHENNAI_AIRPORT,,,False,hi,devanagari,template_combinatorial,train
एलआईसी से गवर्नमेंट एस्टेट के लिए सीधी मेट्रो या ट्रेन है क्या?,route_query:direct_metro,LIC,route_query,LIC,GOVERNMENT_ESTATE,,,False,hi,devanagari,template_combinatorial,train
वडापलानी से तेनामपेट के लिए दिशा-निर्देश दीजिए,route_query:directions,VADAPALANI,route_query,VADAPALANI,TEYNAMPET,,,False,hi,devanagari,template_combinatorial,train
central railway station se chennai beach kaise jau?,route_query:how_basic,CHENNAI_CENTRAL,route_query,CHENNAI_CENTRAL,CHENNAI_BEACH,,,False,hinglish,latin_hinglish,template_combinatorial,train
एयरपोर्ट से तिरुमंगलम कैसे पहुंच सकते हैं?,route_query:reach_info,CHENNAI_AIRPORT,route_query,CHENNAI_AIRPORT,THIRUMANGALAM,,,False,hi,devanagari,template_combinatorial,train
एलआईसी से सैदापेट जाने के लिए क्या साधन है?,route_query:means_transport,LIC,route_query,LIC,SAIDAPET,,,False,hi,devanagari,template_combinatorial,train
how to reach ashok nagar from nandanam in chennai?,route_query:reach_english,NANDANAM,route_query,NANDANAM,ASHOK_NAGAR,,,False,hinglish,latin_hinglish,template_combinatorial,train
एजी-डीएमएस से एयरपोर्ट जाने के लिए क्या साधन है?,route_query:means_transport,AG_DMS,route_query,AG_DMS,CHENNAI_AIRPORT,,,False,hi,devanagari,template_combinatorial,train
नेहरू पार्क से सेंट्रल रेलवे स्टेशन जाने के लिए इंटरचेंज कहाँ करना होगा?,route_query:interchange_point,NEHRU_PARK,route_query,NEHRU_PARK,CHENNAI_CENTRAL,,,False,hi,devanagari,template_combinatorial,train
कृपया एयरपोर्ट से एजी-डीएमएस जाने का सबसे आसान तरीका बताएं,route_query:easiest_way,CHENNAI_AIRPORT,route_query,CHENNAI_AIRPORT,AG_DMS,,,False,hi,devanagari,template_combinatorial,train
कृपया चेन्नई एग्मोर से तेनामपेट जाने का सबसे आसान तरीका बताएं,route_query:easiest_way,CHENNAI_EGMORE,route_query,CHENNAI_EGMORE,TEYNAMPET,,,False,hi,devanagari,template_combinatorial,train
चेन्नई एग्मोर से गवर्नमेंट एस्टेट कैसे जाऊँ?,route_query:how_basic,CHENNAI_EGMORE,route_query,CHENNAI_EGMORE,GOVERNMENT_ESTATE,,,False,hi,devanagari,template_combinatorial,train
velachery to egmore kaise pahuche?,route_query:reach_info,VELACHERY,route_query,VELACHERY,CHENNAI_EGMORE,,,False,hinglish,latin_hinglish,template_combinatorial,train
अन्ना नगर से कोयम्बेडु मार्केट जाने के लिए सबसे तेज़ रास्ता कौन सा है?,route_query:fastest_path,ANNA_NAGAR,route_query,ANNA_NAGAR,KOYAMBEDU,,,False,hi,devanagari,template_combinatorial,train
नेहरू पार्क से कोयम्बेडु मार्केट कैसे जाऊँ?,route_query:how_basic,NEHRU_PARK,route_query,NEHRU_PARK,KOYAMBEDU,,,False,hi,devanagari,template_combinatorial,train
cmbt se chennai central kaise jau?,route_query:how_basic,CMBT,route_query,CMBT,CHENNAI_CENTRAL,,,False,hinglish,latin_hinglish,template_combinatorial,train
cmbt se t nagar kaise jau?,route_query:how_basic,CMBT,route_query,CMBT,NANDANAM,,,False,hinglish,latin_hinglish,template_combinatorial,train
सैदापेट से नंदनम के लिए कौन सा मार्ग अच्छा है?,route_query:best_route,SAIDAPET,route_query,SAIDAPET,NANDANAM,,,False,hi,devanagari,template_combinatorial,train
क्या एयरपोर्ट से लिटिल माउंट के लिए कोई सीधा रास्ता है?,route_query:direct_path,CHENNAI_AIRPORT,route_query,CHENNAI_AIRPORT,LITTLE_MOUNT,,,False,hi,devanagari,template_combinatorial,train
चेन्नई एग्मोर से सेंट थॉमस माउंट कैसे जाऊँ?,route_query:how_basic,CHENNAI_EGMORE,route_query,CHENNAI_EGMORE,ST_THOMAS_MOUNT,,,False,hi,devanagari,template_combinatorial,train
एयरपोर्ट से हाई कोर्ट जाने के लिए इंटरचेंज कहाँ करना होगा?,route_query:interchange_point,CHENNAI_AIRPORT,route_query,CHENNAI_AIRPORT,HIGH_COURT,,,False,hi,devanagari,template_combinatorial,train
एग्मोर से हवाई अड्डा के लिए दिशा-निर्देश दीजिए,route_query:directions,CHENNAI_EGMORE,route_query,CHENNAI_EGMORE,CHENNAI_AIRPORT,,,False,hi,devanagari,template_combinatorial,train
egmore to airport kaise pahuche?,route_query:reach_info,CHENNAI_EGMORE,route_query,CHENNAI_EGMORE,CHENNAI_AIRPORT,,,False,hinglish,latin_hinglish,template_combinatorial,train
shenoy nagar se teynampet travel directions,route_query:directions,SHENOY_NAGAR,route_query,SHENOY_NAGAR,TEYNAMPET,,,False,hinglish,latin_hinglish,template_combinatorial,train
क्या तिरुमंगलम से सैदापेट के लिए कोई सीधा रास्ता है?,route_query:direct_path,THIRUMANGALAM,route_query,THIRUMANGALAM,SAIDAPET,,,False,hi,devanagari,template_combinatorial,train
एयरपोर्ट से सीएमबीटी जाने के लिए इंटरचेंज कहाँ करना होगा?,route_query:interchange_point,CHENNAI_AIRPORT,route_query,CHENNAI_AIRPORT,CMBT,,,False,hi,devanagari,template_combinatorial,train
एजी-डीएमएस से अन्ना नगर जाने के लिए सबसे तेज़ रास्ता कौन सा है?,route_query:fastest_path,AG_DMS,route_query,AG_DMS,ANNA_NAGAR,,,False,hi,devanagari,template_combinatorial,train
एजी-डीएमएस स्टेशन से निकलकर एयरपोर्ट तक कैसे पहुंचें?,route_query:station_exit,AG_DMS,route_query,AG_DMS,CHENNAI_AIRPORT,,,False,hi,devanagari,template_combinatorial,train
एग्मोर से हवाई अड्डा का सबसे सुरक्षित रास्ता क्या है?,route_query:safe_route,CHENNAI_EGMORE,route_query,CHENNAI_EGMORE,CHENNAI_AIRPORT,,,False,hi,devanagari,template_combinatorial,train
तेनामपेट से एयरपोर्ट के लिए कौन सा मार्ग अच्छा है?,route_query:best_route,TEYNAMPET,route_query,TEYNAMPET,CHENNAI_AIRPORT,,,False,hi,devanagari,template_combinatorial,train
कृपया कोयम्बेडु से चेन्नई एग्मोर जाने का सबसे आसान तरीका बताएं,route_query:easiest_way,KOYAMBEDU,route_query,KOYAMBEDU,CHENNAI_EGMORE,,,False,hi,devanagari,template_combinatorial,train
t nagar se little mount travel directions,route_query:directions,NANDANAM,route_query,NANDANAM,LITTLE_MOUNT,,,False,hinglish,latin_hinglish,template_combinatorial,train
high court se velachery interchange station kaun sa padega?,route_query:interchange_point,HIGH_COURT,route_query,HIGH_COURT,VELACHERY,,,False,hinglish,latin_hinglish,template_combinatorial,train
kilpauk se airport jane ke liye direct train hai kya?,route_query:direct_train,KILPAUK,route_query,KILPAUK,CHENNAI_AIRPORT,,,False,hinglish,latin_hinglish,template_combinatorial,train
तेनामपेट से सेंट्रल जाने के लिए सबसे तेज़ रास्ता कौन सा है?,route_query:fastest_path,TEYNAMPET,route_query,TEYNAMPET,CHENNAI_CENTRAL,,,False,hi,devanagari,template_combinatorial,train
सेंट्रल से चेन्नई बीच के लिए सीधी मेट्रो या ट्रेन है क्या?,route_query:direct_metro,CHENNAI_CENTRAL,route_query,CHENNAI_CENTRAL,CHENNAI_BEACH,,,False,hi,devanagari,template_combinatorial,train
government estate se thousand lights ke liye kaun sa route best hai?,route_query:best_route,GOVERNMENT_ESTATE,route_query,GOVERNMENT_ESTATE,THOUSAND_LIGHTS,,,False,hinglish,latin_hinglish,template_combinatorial,train
teynampet to egmore kaise pahuche?,route_query:reach_info,TEYNAMPET,route_query,TEYNAMPET,CHENNAI_EGMORE,,,False,hinglish,latin_hinglish,template_combinatorial,train
central se chennai airport travel directions,route_query:directions,CHENNAI_CENTRAL,route_query,CHENNAI_CENTRAL,CHENNAI_AIRPORT,,,False,hinglish,latin_hinglish,template_combinatorial,train
चेन्नई एग्मोर से गिंडी के लिए कौन सा मार्ग अच्छा है?,route_query:best_route,CHENNAI_EGMORE,route_query,CHENNAI_EGMORE,GUINDY,,,False,hi,devanagari,template_combinatorial,train
chennai egmore se thousand lights interchange station kaun sa padega?,route_query:interchange_point,CHENNAI_EGMORE,route_query,CHENNAI_EGMORE,THOUSAND_LIGHTS,,,False,hinglish,latin_hinglish,template_combinatorial,train
t nagar se nehru park jane ke liye direct train hai kya?,route_query:direct_train,NANDANAM,route_query,NANDANAM,NEHRU_PARK,,,False,hinglish,latin_hinglish,template_combinatorial,train
नेहरू पार्क से आलंदूर जाने के लिए इंटरचेंज कहाँ करना होगा?,route_query:interchange_point,NEHRU_PARK,route_query,NEHRU_PARK,ALANDUR,,,False,hi,devanagari,template_combinatorial,train
शेनॉय नगर से नंदनम कैसे पहुंच सकते हैं?,route_query:reach_info,SHENOY_NAGAR,route_query,SHENOY_NAGAR,NANDANAM,,,False,hi,devanagari,template_combinatorial,train
meenambakkam se anna nagar travel directions,route_query:directions,MEENAMBAKKAM,route_query,MEENAMBAKKAM,ANNA_NAGAR,,,False,hinglish,latin_hinglish,template_combinatorial,train
chennai egmore se chennai central fastest way to travel?,route_query:fastest_path,CHENNAI_EGMORE,route_query,CHENNAI_EGMORE,CHENNAI_CENTRAL,,,False,hinglish,latin_hinglish,template_combinatorial,train
सेंट थॉमस माउंट से शेनॉय नगर जाने के लिए सबसे तेज़ रास्ता कौन सा है?,route_query:fastest_path,ST_THOMAS_MOUNT,route_query,ST_THOMAS_MOUNT,SHENOY_NAGAR,,,False,hi,devanagari,template_combinatorial,train
how to reach thirumangalam from central railway station in chennai?,route_query:reach_english,CHENNAI_CENTRAL,route_query,CHENNAI_CENTRAL,THIRUMANGALAM,,,False,hinglish,latin_hinglish,template_combinatorial,train
तिरुमंगलम से हवाई अड्डा जाने के लिए इंटरचेंज कहाँ करना होगा?,route_query:interchange_point,THIRUMANGALAM,route_query,THIRUMANGALAM,CHENNAI_AIRPORT,,,False,hi,devanagari,template_combinatorial,train
कृपया चेन्नई एयरपोर्ट से सैदापेट जाने का सबसे आसान तरीका बताएं,route_query:easiest_way,CHENNAI_AIRPORT,route_query,CHENNAI_AIRPORT,SAIDAPET,,,False,hi,devanagari,template_combinatorial,train
तेनामपेट से थाउजेंड लाइट्स जाने के लिए सबसे तेज़ रास्ता कौन सा है?,route_query:fastest_path,TEYNAMPET,route_query,TEYNAMPET,THOUSAND_LIGHTS,,,False,hi,devanagari,template_combinatorial,train
वडापलानी स्टेशन से निकलकर शेनॉय नगर तक कैसे पहुंचें?,route_query:station_exit,VADAPALANI,route_query,VADAPALANI,SHENOY_NAGAR,,,False,hi,devanagari,template_combinatorial,train
egmore to ashok nagar kaise pahuche?,route_query:reach_info,CHENNAI_EGMORE,route_query,CHENNAI_EGMORE,ASHOK_NAGAR,,,False,hinglish,latin_hinglish,template_combinatorial,train
क्या सेंट थॉमस माउंट से ताम्बरम के लिए कोई सीधा रास्ता है?,route_query:direct_path,ST_THOMAS_MOUNT,route_query,ST_THOMAS_MOUNT,TAMBARAM,,,False,hi,devanagari,template_combinatorial,train
कृपया शेनॉय नगर से कोयम्बेडु मार्केट जाने का सबसे आसान तरीका बताएं,route_query:easiest_way,SHENOY_NAGAR,route_query,SHENOY_NAGAR,KOYAMBEDU,,,False,hi,devanagari,template_combinatorial,train
thirumangalam to chennai beach kaise pahuche?,route_query:reach_info,THIRUMANGALAM,route_query,THIRUMANGALAM,CHENNAI_BEACH,,,False,hinglish,latin_hinglish,template_combinatorial,train
egmore to koyambedu kaise pahuche?,route_query:reach_info,CHENNAI_EGMORE,route_query,CHENNAI_EGMORE,KOYAMBEDU,,,False,hinglish,latin_hinglish,template_combinatorial,train
टी नगर से सैदापेट का सबसे सुरक्षित रास्ता क्या है?,route_query:safe_route,NANDANAM,route_query,NANDANAM,SAIDAPET,,,False,hi,devanagari,template_combinatorial,train
अशोक नगर से कोयम्बेडु मार्केट के लिए कौन सी ट्रेन या बस ठीक रहेगी?,route_query:mode_advice,ASHOK_NAGAR,route_query,ASHOK_NAGAR,KOYAMBEDU,,,False,hi,devanagari,template_combinatorial,train
saidapet se anna nagar jane ke liye direct train hai kya?,route_query:direct_train,SAIDAPET,route_query,SAIDAPET,ANNA_NAGAR,,,False,hinglish,latin_hinglish,template_combinatorial,train
saidapet se central railway station jane ke liye direct train hai kya?,route_query:direct_train,SAIDAPET,route_query,SAIDAPET,CHENNAI_CENTRAL,,,False,hinglish,latin_hinglish,template_combinatorial,train
egmore se lic ke liye kaun sa route best hai?,route_query:best_route,CHENNAI_EGMORE,route_query,CHENNAI_EGMORE,LIC,,,False,hinglish,latin_hinglish,template_combinatorial,train
सेंट थॉमस माउंट से एलआईसी के लिए कौन सा मार्ग अच्छा है?,route_query:best_route,ST_THOMAS_MOUNT,route_query,ST_THOMAS_MOUNT,LIC,,,False,hi,devanagari,template_combinatorial,train
चेन्नई एयरपोर्ट से चेन्नई बीच के लिए कौन सी ट्रेन या बस ठीक रहेगी?,route_query:mode_advice,CHENNAI_AIRPORT,route_query,CHENNAI_AIRPORT,CHENNAI_BEACH,,,False,hi,devanagari,template_combinatorial,train
how to reach little mount from saidapet in chennai?,route_query:reach_english,SAIDAPET,route_query,SAIDAPET,LITTLE_MOUNT,,,False,hinglish,latin_hinglish,template_combinatorial,train
एजी-डीएमएस स्टेशन से निकलकर अन्ना नगर तक कैसे पहुंचें?,route_query:station_exit,AG_DMS,route_query,AG_DMS,ANNA_NAGAR,,,False,hi,devanagari,template_combinatorial,train
guindy se lic travel directions,route_query:directions,GUINDY,route_query,GUINDY,LIC,,,False,hinglish,latin_hinglish,template_combinatorial,train
guindy se thousand lights travel directions,route_query:directions,GUINDY,route_query,GUINDY,THOUSAND_LIGHTS,,,False,hinglish,latin_hinglish,template_combinatorial,train
teynampet se cmbt travel directions,route_query:directions,TEYNAMPET,route_query,TEYNAMPET,CMBT,,,False,hinglish,latin_hinglish,template_combinatorial,train
वडापलानी से थाउजेंड लाइट्स के लिए कौन सा मार्ग अच्छा है?,route_query:best_route,VADAPALANI,route_query,VADAPALANI,THOUSAND_LIGHTS,,,False,hi,devanagari,template_combinatorial,train
कोयम्बेडु से चेन्नई एयरपोर्ट के लिए कौन सी ट्रेन या बस ठीक रहेगी?,route_query:mode_advice,KOYAMBEDU,route_query,KOYAMBEDU,CHENNAI_AIRPORT,,,False,hi,devanagari,template_combinatorial,train
सेंट थॉमस माउंट से गवर्नमेंट एस्टेट जाने के लिए इंटरचेंज कहाँ करना होगा?,route_query:interchange_point,ST_THOMAS_MOUNT,route_query,ST_THOMAS_MOUNT,GOVERNMENT_ESTATE,,,False,hi,devanagari,template_combinatorial,train
alandur se kilpauk ke liye kaun sa route best hai?,route_query:best_route,ALANDUR,route_query,ALANDUR,KILPAUK,,,False,hinglish,latin_hinglish,template_combinatorial,train
chennai beach se nehru park jane ke liye direct train hai kya?,route_query:direct_train,CHENNAI_BEACH,route_query,CHENNAI_BEACH,NEHRU_PARK,,,False,hinglish,latin_hinglish,template_combinatorial,train
एग्मोर से अशोक नगर जाने के लिए क्या साधन है?,route_query:means_transport,CHENNAI_EGMORE,route_query,CHENNAI_EGMORE,ASHOK_NAGAR,,,False,hi,devanagari,template_combinatorial,train
सेंट थॉमस माउंट से हाई कोर्ट कैसे पहुंच सकते हैं?,route_query:reach_info,ST_THOMAS_MOUNT,route_query,ST_THOMAS_MOUNT,HIGH_COURT,,,False,hi,devanagari,template_combinatorial,train
tambaram to little mount kaise pahuche?,route_query:reach_info,TAMBARAM,route_query,TAMBARAM,LITTLE_MOUNT,,,False,hinglish,latin_hinglish,template_combinatorial,train
चेन्नई बीच से किल्पॉक के लिए दिशा-निर्देश दीजिए,route_query:directions,CHENNAI_BEACH,route_query,CHENNAI_BEACH,KILPAUK,,,False,hi,devanagari,template_combinatorial,train
chennai beach se ag dms jane ke liye direct train hai kya?,route_query:direct_train,CHENNAI_BEACH,route_query,CHENNAI_BEACH,AG_DMS,,,False,hinglish,latin_hinglish,template_combinatorial,train
टी नगर से तिरुमंगलम के लिए दिशा-निर्देश दीजिए,route_query:directions,NANDANAM,route_query,NANDANAM,THIRUMANGALAM,,,False,hi,devanagari,template_combinatorial,train
क्या मीनांबक्कम से एजी-डीएमएस के लिए कोई सीधा रास्ता है?,route_query:direct_path,MEENAMBAKKAM,route_query,MEENAMBAKKAM,AG_DMS,,,False,hi,devanagari,template_combinatorial,train
thousand lights se airport jane ke liye direct train hai kya?,route_query:direct_train,THOUSAND_LIGHTS,route_query,THOUSAND_LIGHTS,CHENNAI_AIRPORT,,,False,hinglish,latin_hinglish,template_combinatorial,train
क्या हवाई अड्डा से अन्ना नगर के लिए कोई सीधा रास्ता है?,route_query:direct_path,CHENNAI_AIRPORT,route_query,CHENNAI_AIRPORT,ANNA_NAGAR,,,False,hi,devanagari,template_combinatorial,train
vadapalani to little mount kaise pahuche?,route_query:reach_info,VADAPALANI,route_query,VADAPALANI,LITTLE_MOUNT,,,False,hinglish,latin_hinglish,template_combinatorial,train
तेनामपेट से चेन्नई एयरपोर्ट जाने के लिए क्या साधन है?,route_query:means_transport,TEYNAMPET,route_query,TEYNAMPET,CHENNAI_AIRPORT,,,False,hi,devanagari,template_combinatorial,train
नंदनम से शेनॉय नगर जाने के लिए सबसे तेज़ रास्ता कौन सा है?,route_query:fastest_path,NANDANAM,route_query,NANDANAM,SHENOY_NAGAR,,,False,hi,devanagari,template_combinatorial,train
चेन्नई एग्मोर से तेनामपेट जाने के लिए इंटरचेंज कहाँ करना होगा?,route_query:interchange_point,CHENNAI_EGMORE,route_query,CHENNAI_EGMORE,TEYNAMPET,,,False,hi,devanagari,template_combinatorial,train
एलआईसी से चेन्नई एयरपोर्ट जाने के लिए सबसे तेज़ रास्ता कौन सा है?,route_query:fastest_path,LIC,route_query,LIC,CHENNAI_AIRPORT,,,False,hi,devanagari,template_combinatorial,train
shenoy nagar se airport kaise jau?,route_query:how_basic,SHENOY_NAGAR,route_query,SHENOY_NAGAR,CHENNAI_AIRPORT,,,False,hinglish,latin_hinglish,template_combinatorial,train
कोयम्बेडु मार्केट से सीएमबीटी के लिए कौन सी ट्रेन या बस ठीक रहेगी?,route_query:mode_advice,KOYAMBEDU,route_query,KOYAMBEDU,CMBT,,,False,hi,devanagari,template_combinatorial,train
cmbt se meenambakkam jane ke liye direct train hai kya?,route_query:direct_train,CMBT,route_query,CMBT,MEENAMBAKKAM,,,False,hinglish,latin_hinglish,template_combinatorial,train
chennai airport se chennai central kaise jau?,route_query:how_basic,CHENNAI_AIRPORT,route_query,CHENNAI_AIRPORT,CHENNAI_CENTRAL,,,False,hinglish,latin_hinglish,template_combinatorial,train
t nagar to chennai egmore kaise pahuche?,route_query:reach_info,NANDANAM,route_query,NANDANAM,CHENNAI_EGMORE,,,False,hinglish,latin_hinglish,template_combinatorial,train
वडापलानी से हवाई अड्डा जाने के लिए सबसे तेज़ रास्ता कौन सा है?,route_query:fastest_path,VADAPALANI,route_query,VADAPALANI,CHENNAI_AIRPORT,,,False,hi,devanagari,template_combinatorial,train
little mount se egmore fastest way to travel?,route_query:fastest_path,LITTLE_MOUNT,route_query,LITTLE_MOUNT,CHENNAI_EGMORE,,,False,hinglish,latin_hinglish,template_combinatorial,train
central se thousand lights jane ke liye direct train hai kya?,route_query:direct_train,CHENNAI_CENTRAL,route_query,CHENNAI_CENTRAL,THOUSAND_LIGHTS,,,False,hinglish,latin_hinglish,template_combinatorial,train
कोयम्बेडु मार्केट से अशोक नगर जाने के लिए सबसे तेज़ रास्ता कौन सा है?,route_query:fastest_path,KOYAMBEDU,route_query,KOYAMBEDU,ASHOK_NAGAR,,,False,hi,devanagari,template_combinatorial,train
lic se nehru park interchange station kaun sa padega?,route_query:interchange_point,LIC,route_query,LIC,NEHRU_PARK,,,False,hinglish,latin_hinglish,template_combinatorial,train
central railway station se thousand lights jane ke liye direct train hai kya?,route_query:direct_train,CHENNAI_CENTRAL,route_query,CHENNAI_CENTRAL,THOUSAND_LIGHTS,,,False,hinglish,latin_hinglish,template_combinatorial,train
अन्ना नगर से कोयम्बेडु कैसे पहुंच सकते हैं?,route_query:reach_info,ANNA_NAGAR,route_query,ANNA_NAGAR,KOYAMBEDU,,,False,hi,devanagari,template_combinatorial,train
सैदापेट से गिंडी के लिए दिशा-निर्देश दीजिए,route_query:directions,SAIDAPET,route_query,SAIDAPET,GUINDY,,,False,hi,devanagari,template_combinatorial,train
टी नगर से सेंट्रल रेलवे स्टेशन के लिए कौन सा मार्ग अच्छा है?,route_query:best_route,NANDANAM,route_query,NANDANAM,CHENNAI_CENTRAL,,,False,hi,devanagari,template_combinatorial,train
chennai beach se central railway station kaise jau?,route_query:how_basic,CHENNAI_BEACH,route_query,CHENNAI_BEACH,CHENNAI_CENTRAL,,,False,hinglish,latin_hinglish,template_combinatorial,train
high court se teynampet ke liye kaun sa route best hai?,route_query:best_route,HIGH_COURT,route_query,HIGH_COURT,TEYNAMPET,,,False,hinglish,latin_hinglish,template_combinatorial,train
chennai beach se anna nagar travel directions,route_query:directions,CHENNAI_BEACH,route_query,CHENNAI_BEACH,ANNA_NAGAR,,,False,hinglish,latin_hinglish,template_combinatorial,train
government estate se vadapalani kaise jau?,route_query:how_basic,GOVERNMENT_ESTATE,route_query,GOVERNMENT_ESTATE,VADAPALANI,,,False,hinglish,latin_hinglish,template_combinatorial,train
लिटिल माउंट से गवर्नमेंट एस्टेट का सबसे सुरक्षित रास्ता क्या है?,route_query:safe_route,LITTLE_MOUNT,route_query,LITTLE_MOUNT,GOVERNMENT_ESTATE,,,False,hi,devanagari,template_combinatorial,train
क्या नेहरू पार्क से चेन्नई एयरपोर्ट के लिए कोई सीधा रास्ता है?,route_query:direct_path,NEHRU_PARK,route_query,NEHRU_PARK,CHENNAI_AIRPORT,,,False,hi,devanagari,template_combinatorial,train
तेनामपेट से गिंडी के लिए कौन सा मार्ग अच्छा है?,route_query:best_route,TEYNAMPET,route_query,TEYNAMPET,GUINDY,,,False,hi,devanagari,template_combinatorial,train
एयरपोर्ट से कोयम्बेडु के लिए कौन सी ट्रेन या बस ठीक रहेगी?,route_query:mode_advice,CHENNAI_AIRPORT,route_query,CHENNAI_AIRPORT,KOYAMBEDU,,,False,hi,devanagari,template_combinatorial,train
anna nagar se little mount ke liye kaun sa route best hai?,route_query:best_route,ANNA_NAGAR,route_query,ANNA_NAGAR,LITTLE_MOUNT,,,False,hinglish,latin_hinglish,template_combinatorial,train
सीएमबीटी से टी नगर जाने के लिए इंटरचेंज कहाँ करना होगा?,route_query:interchange_point,CMBT,route_query,CMBT,NANDANAM,,,False,hi,devanagari,template_combinatorial,train
lic se saidapet kaise jau?,route_query:how_basic,LIC,route_query,LIC,SAIDAPET,,,False,hinglish,latin_hinglish,template_combinatorial,train
egmore se thousand lights kaise jau?,route_query:how_basic,CHENNAI_EGMORE,route_query,CHENNAI_EGMORE,THOUSAND_LIGHTS,,,False,hinglish,latin_hinglish,template_combinatorial,train
कृपया सेंट थॉमस माउंट से सीएमबीटी जाने का सबसे आसान तरीका बताएं,route_query:easiest_way,ST_THOMAS_MOUNT,route_query,ST_THOMAS_MOUNT,CMBT,,,False,hi,devanagari,template_combinatorial,train
नंदनम से सेंट्रल रेलवे स्टेशन जाने के लिए क्या साधन है?,route_query:means_transport,NANDANAM,route_query,NANDANAM,CHENNAI_CENTRAL,,,False,hi,devanagari,template_combinatorial,train
central railway station se lic interchange station kaun sa padega?,route_query:interchange_point,CHENNAI_CENTRAL,route_query,CHENNAI_CENTRAL,LIC,,,False,hinglish,latin_hinglish,template_combinatorial,train
thousand lights se ag dms jane ke liye direct train hai kya?,route_query:direct_train,THOUSAND_LIGHTS,route_query,THOUSAND_LIGHTS,AG_DMS,,,False,hinglish,latin_hinglish,template_combinatorial,train
vadapalani se nehru park travel directions,route_query:directions,VADAPALANI,route_query,VADAPALANI,NEHRU_PARK,,,False,hinglish,latin_hinglish,template_combinatorial,train
गिंडी से सेंट थॉमस माउंट कैसे जाऊँ?,route_query:how_basic,GUINDY,route_query,GUINDY,ST_THOMAS_MOUNT,,,False,hi,devanagari,template_combinatorial,train
आलंदूर से वडापलानी के लिए दिशा-निर्देश दीजिए,route_query:directions,ALANDUR,route_query,ALANDUR,VADAPALANI,,,False,hi,devanagari,template_combinatorial,train
ताम्बरम से हवाई अड्डा का सबसे सुरक्षित रास्ता क्या है?,route_query:safe_route,TAMBARAM,route_query,TAMBARAM,CHENNAI_AIRPORT,,,False,hi,devanagari,template_combinatorial,train
चेन्नई एयरपोर्ट से गवर्नमेंट एस्टेट के लिए दिशा-निर्देश दीजिए,route_query:directions,CHENNAI_AIRPORT,route_query,CHENNAI_AIRPORT,GOVERNMENT_ESTATE,,,False,hi,devanagari,template_combinatorial,train
हाई कोर्ट से तिरुमंगलम के लिए कौन सा मार्ग अच्छा है?,route_query:best_route,HIGH_COURT,route_query,HIGH_COURT,THIRUMANGALAM,,,False,hi,devanagari,template_combinatorial,train
ताम्बरम से कोयम्बेडु कैसे पहुंच सकते हैं?,route_query:reach_info,TAMBARAM,route_query,TAMBARAM,KOYAMBEDU,,,False,hi,devanagari,template_combinatorial,train
central se kilpauk jane ke liye direct train hai kya?,route_query:direct_train,CHENNAI_CENTRAL,route_query,CHENNAI_CENTRAL,KILPAUK,,,False,hinglish,latin_hinglish,template_combinatorial,train
कृपया टी नगर से कोयम्बेडु जाने का सबसे आसान तरीका बताएं,route_query:easiest_way,NANDANAM,route_query,NANDANAM,KOYAMBEDU,,,False,hi,devanagari,template_combinatorial,train
एग्मोर से अन्ना नगर के लिए कौन सा मार्ग अच्छा है?,route_query:best_route,CHENNAI_EGMORE,route_query,CHENNAI_EGMORE,ANNA_NAGAR,,,False,hi,devanagari,template_combinatorial,train
how to reach nandanam from st thomas mount in chennai?,route_query:reach_english,ST_THOMAS_MOUNT,route_query,ST_THOMAS_MOUNT,NANDANAM,,,False,hinglish,latin_hinglish,template_combinatorial,train
कोयम्बेडु से शेनॉय नगर के लिए कौन सा मार्ग अच्छा है?,route_query:best_route,KOYAMBEDU,route_query,KOYAMBEDU,SHENOY_NAGAR,,,False,hi,devanagari,template_combinatorial,train
टी नगर से शेनॉय नगर के लिए दिशा-निर्देश दीजिए,route_query:directions,NANDANAM,route_query,NANDANAM,SHENOY_NAGAR,,,False,hi,devanagari,template_combinatorial,train
shenoy nagar to kilpauk kaise pahuche?,route_query:reach_info,SHENOY_NAGAR,route_query,SHENOY_NAGAR,KILPAUK,,,False,hinglish,latin_hinglish,template_combinatorial,train
vadapalani se cmbt travel directions,route_query:directions,VADAPALANI,route_query,VADAPALANI,CMBT,,,False,hinglish,latin_hinglish,template_combinatorial,train
सीएमबीटी से शेनॉय नगर जाने के लिए क्या साधन है?,route_query:means_transport,CMBT,route_query,CMBT,SHENOY_NAGAR,,,False,hi,devanagari,template_combinatorial,train
thirumangalam se velachery travel directions,route_query:directions,THIRUMANGALAM,route_query,THIRUMANGALAM,VELACHERY,,,False,hinglish,latin_hinglish,template_combinatorial,train
सेंट्रल से हाई कोर्ट जाने के लिए इंटरचेंज कहाँ करना होगा?,route_query:interchange_point,CHENNAI_CENTRAL,route_query,CHENNAI_CENTRAL,HIGH_COURT,,,False,hi,devanagari,template_combinatorial,train
वडापलानी स्टेशन से निकलकर सैदापेट तक कैसे पहुंचें?,route_query:station_exit,VADAPALANI,route_query,VADAPALANI,SAIDAPET,,,False,hi,devanagari,template_combinatorial,train
tambaram se little mount kaise jau?,route_query:how_basic,TAMBARAM,route_query,TAMBARAM,LITTLE_MOUNT,,,False,hinglish,latin_hinglish,template_combinatorial,train
velachery se lic jane ke liye direct train hai kya?,route_query:direct_train,VELACHERY,route_query,VELACHERY,LIC,,,False,hinglish,latin_hinglish,template_combinatorial,train
अशोक नगर से गवर्नमेंट एस्टेट के लिए कौन सी ट्रेन या बस ठीक रहेगी?,route_query:mode_advice,ASHOK_NAGAR,route_query,ASHOK_NAGAR,GOVERNMENT_ESTATE,,,False,hi,devanagari,template_combinatorial,train
गवर्नमेंट एस्टेट से मीनांबक्कम जाने के लिए क्या साधन है?,route_query:means_transport,GOVERNMENT_ESTATE,route_query,GOVERNMENT_ESTATE,MEENAMBAKKAM,,,False,hi,devanagari,template_combinatorial,train
वेलाचेरी से सैदापेट के लिए कौन सी ट्रेन या बस ठीक रहेगी?,route_query:mode_advice,VELACHERY,route_query,VELACHERY,SAIDAPET,,,False,hi,devanagari,template_combinatorial,train
nehru park se guindy jane ke liye direct train hai kya?,route_query:direct_train,NEHRU_PARK,route_query,NEHRU_PARK,GUINDY,,,False,hinglish,latin_hinglish,template_combinatorial,train
ag dms se t nagar ke liye kaun sa route best hai?,route_query:best_route,AG_DMS,route_query,AG_DMS,NANDANAM,,,False,hinglish,latin_hinglish,template_combinatorial,train
shenoy nagar to government estate kaise pahuche?,route_query:reach_info,SHENOY_NAGAR,route_query,SHENOY_NAGAR,GOVERNMENT_ESTATE,,,False,hinglish,latin_hinglish,template_combinatorial,train
meenambakkam to little mount kaise pahuche?,route_query:reach_info,MEENAMBAKKAM,route_query,MEENAMBAKKAM,LITTLE_MOUNT,,,False,hinglish,latin_hinglish,template_combinatorial,train
high court se little mount fastest way to travel?,route_query:fastest_path,HIGH_COURT,route_query,HIGH_COURT,LITTLE_MOUNT,,,False,hinglish,latin_hinglish,template_combinatorial,train
तेनामपेट से कोयम्बेडु कैसे पहुंच सकते हैं?,route_query:reach_info,TEYNAMPET,route_query,TEYNAMPET,KOYAMBEDU,,,False,hi,devanagari,template_combinatorial,train
कृपया थाउजेंड लाइट्स से गवर्नमेंट एस्टेट जाने का सबसे आसान तरीका बताएं,route_query:easiest_way,THOUSAND_LIGHTS,route_query,THOUSAND_LIGHTS,GOVERNMENT_ESTATE,,,False,hi,devanagari,template_combinatorial,train
chennai beach se ag dms kaise jau?,route_query:how_basic,CHENNAI_BEACH,route_query,CHENNAI_BEACH,AG_DMS,,,False,hinglish,latin_hinglish,template_combinatorial,train
एलआईसी से मीनांबक्कम के लिए कौन सा मार्ग अच्छा है?,route_query:best_route,LIC,route_query,LIC,MEENAMBAKKAM,,,False,hi,devanagari,template_combinatorial,train
गवर्नमेंट एस्टेट से कोयम्बेडु मार्केट के लिए कौन सी ट्रेन या बस ठीक रहेगी?,route_query:mode_advice,GOVERNMENT_ESTATE,route_query,GOVERNMENT_ESTATE,KOYAMBEDU,,,False,hi,devanagari,template_combinatorial,train
government estate to meenambakkam kaise pahuche?,route_query:reach_info,GOVERNMENT_ESTATE,route_query,GOVERNMENT_ESTATE,MEENAMBAKKAM,,,False,hinglish,latin_hinglish,template_combinatorial,train
सेंट थॉमस माउंट से कोयम्बेडु जाने के लिए क्या साधन है?,route_query:means_transport,ST_THOMAS_MOUNT,route_query,ST_THOMAS_MOUNT,KOYAMBEDU,,,False,hi,devanagari,template_combinatorial,train
shenoy nagar se tambaram interchange station kaun sa padega?,route_query:interchange_point,SHENOY_NAGAR,route_query,SHENOY_NAGAR,TAMBARAM,,,False,hinglish,latin_hinglish,template_combinatorial,train
anna nagar se lic interchange station kaun sa padega?,route_query:interchange_point,ANNA_NAGAR,route_query,ANNA_NAGAR,LIC,,,False,hinglish,latin_hinglish,template_combinatorial,train
koyambedu se t nagar travel directions,route_query:directions,KOYAMBEDU,route_query,KOYAMBEDU,NANDANAM,,,False,hinglish,latin_hinglish,template_combinatorial,train
सैदापेट से किल्पॉक कैसे जाऊँ?,route_query:how_basic,SAIDAPET,route_query,SAIDAPET,KILPAUK,,,False,hi,devanagari,template_combinatorial,train
चेन्नई एग्मोर से सेंट थॉमस माउंट जाने के लिए सबसे तेज़ रास्ता कौन सा है?,route_query:fastest_path,CHENNAI_EGMORE,route_query,CHENNAI_EGMORE,ST_THOMAS_MOUNT,,,False,hi,devanagari,template_combinatorial,train
ag dms se guindy travel directions,route_query:directions,AG_DMS,route_query,AG_DMS,GUINDY,,,False,hinglish,latin_hinglish,template_combinatorial,train
सेंट्रल रेलवे स्टेशन से सीएमबीटी जाने के लिए सबसे तेज़ रास्ता कौन सा है?,route_query:fastest_path,CHENNAI_CENTRAL,route_query,CHENNAI_CENTRAL,CMBT,,,False,hi,devanagari,template_combinatorial,train
shenoy nagar se t nagar jane ke liye direct train hai kya?,route_query:direct_train,SHENOY_NAGAR,route_query,SHENOY_NAGAR,NANDANAM,,,False,hinglish,latin_hinglish,template_combinatorial,train
how to reach t nagar from velachery in chennai?,route_query:reach_english,VELACHERY,route_query,VELACHERY,NANDANAM,,,False,hinglish,latin_hinglish,template_combinatorial,train
चेन्नई एग्मोर से सीएमबीटी का सबसे सुरक्षित रास्ता क्या है?,route_query:safe_route,CHENNAI_EGMORE,route_query,CHENNAI_EGMORE,CMBT,,,False,hi,devanagari,template_combinatorial,train
गिंडी से सैदापेट के लिए कौन सी ट्रेन या बस ठीक रहेगी?,route_query:mode_advice,GUINDY,route_query,GUINDY,SAIDAPET,,,False,hi,devanagari,template_combinatorial,train
हाई कोर्ट से शेनॉय नगर के लिए कौन सी ट्रेन या बस ठीक रहेगी?,route_query:mode_advice,HIGH_COURT,route_query,HIGH_COURT,SHENOY_NAGAR,,,False,hi,devanagari,template_combinatorial,train
सैदापेट से ताम्बरम के लिए सीधी मेट्रो या ट्रेन है क्या?,route_query:direct_metro,SAIDAPET,route_query,SAIDAPET,TAMBARAM,,,False,hi,devanagari,template_combinatorial,train
वडापलानी से चेन्नई बीच के लिए सीधी मेट्रो या ट्रेन है क्या?,route_query:direct_metro,VADAPALANI,route_query,VADAPALANI,CHENNAI_BEACH,,,False,hi,devanagari,template_combinatorial,train
अशोक नगर से लिटिल माउंट का सबसे सुरक्षित रास्ता क्या है?,route_query:safe_route,ASHOK_NAGAR,route_query,ASHOK_NAGAR,LITTLE_MOUNT,,,False,hi,devanagari,template_combinatorial,train
how to reach anna nagar from vadapalani in chennai?,route_query:reach_english,VADAPALANI,route_query,VADAPALANI,ANNA_NAGAR,,,False,hinglish,latin_hinglish,template_combinatorial,train
ag dms se nandanam travel directions,route_query:directions,AG_DMS,route_query,AG_DMS,NANDANAM,,,False,hinglish,latin_hinglish,template_combinatorial,train
तिरुमंगलम से सेंट्रल रेलवे स्टेशन जाने के लिए क्या साधन है?,route_query:means_transport,THIRUMANGALAM,route_query,THIRUMANGALAM,CHENNAI_CENTRAL,,,False,hi,devanagari,template_combinatorial,train
how to reach velachery from chennai airport in chennai?,route_query:reach_english,CHENNAI_AIRPORT,route_query,CHENNAI_AIRPORT,VELACHERY,,,False,hinglish,latin_hinglish,template_combinatorial,train
सैदापेट से आलंदूर के लिए सीधी मेट्रो या ट्रेन है क्या?,route_query:direct_metro,SAIDAPET,route_query,SAIDAPET,ALANDUR,,,False,hi,devanagari,template_combinatorial,train
nehru park se thirumangalam interchange station kaun sa padega?,route_query:interchange_point,NEHRU_PARK,route_query,NEHRU_PARK,THIRUMANGALAM,,,False,hinglish,latin_hinglish,template_combinatorial,train
government estate se meenambakkam fastest way to travel?,route_query:fastest_path,GOVERNMENT_ESTATE,route_query,GOVERNMENT_ESTATE,MEENAMBAKKAM,,,False,hinglish,latin_hinglish,template_combinatorial,train
chennai central to shenoy nagar kaise pahuche?,route_query:reach_info,CHENNAI_CENTRAL,route_query,CHENNAI_CENTRAL,SHENOY_NAGAR,,,False,hinglish,latin_hinglish,template_combinatorial,train
central railway station to little mount kaise pahuche?,route_query:reach_info,CHENNAI_CENTRAL,route_query,CHENNAI_CENTRAL,LITTLE_MOUNT,,,False,hinglish,latin_hinglish,template_combinatorial,train
alandur se anna nagar jane ke liye direct train hai kya?,route_query:direct_train,ALANDUR,route_query,ALANDUR,ANNA_NAGAR,,,False,hinglish,latin_hinglish,template_combinatorial,train
वडापलानी से एयरपोर्ट कैसे जाऊँ?,route_query:how_basic,VADAPALANI,route_query,VADAPALANI,CHENNAI_AIRPORT,,,False,hi,devanagari,template_combinatorial,train
तिरुमंगलम से सैदापेट के लिए कौन सी ट्रेन या बस ठीक रहेगी?,route_query:mode_advice,THIRUMANGALAM,route_query,THIRUMANGALAM,SAIDAPET,,,False,hi,devanagari,template_combinatorial,train
सेंट थॉमस माउंट से टी नगर जाने के लिए क्या साधन है?,route_query:means_transport,ST_THOMAS_MOUNT,route_query,ST_THOMAS_MOUNT,NANDANAM,,,False,hi,devanagari,template_combinatorial,train
गिंडी से चेन्नई सेंट्रल के लिए सीधी मेट्रो या ट्रेन है क्या?,route_query:direct_metro,GUINDY,route_query,GUINDY,CHENNAI_CENTRAL,,,False,hi,devanagari,template_combinatorial,train
तेनामपेट स्टेशन से निकलकर मीनांबक्कम तक कैसे पहुंचें?,route_query:station_exit,TEYNAMPET,route_query,TEYNAMPET,MEENAMBAKKAM,,,False,hi,devanagari,template_combinatorial,train
airport se koyambedu fastest way to travel?,route_query:fastest_path,CHENNAI_AIRPORT,route_query,CHENNAI_AIRPORT,KOYAMBEDU,,,False,hinglish,latin_hinglish,template_combinatorial,train
अशोक नगर से वेलाचेरी का सबसे सुरक्षित रास्ता क्या है?,route_query:safe_route,ASHOK_NAGAR,route_query,ASHOK_NAGAR,VELACHERY,,,False,hi,devanagari,template_combinatorial,train
nehru park se little mount fastest way to travel?,route_query:fastest_path,NEHRU_PARK,route_query,NEHRU_PARK,LITTLE_MOUNT,,,False,hinglish,latin_hinglish,template_combinatorial,train
वडापलानी से चेन्नई सेंट्रल के लिए कौन सी ट्रेन या बस ठीक रहेगी?,route_query:mode_advice,VADAPALANI,route_query,VADAPALANI,CHENNAI_CENTRAL,,,False,hi,devanagari,template_combinatorial,train
वडापलानी से सीएमबीटी के लिए दिशा-निर्देश दीजिए,route_query:directions,VADAPALANI,route_query,VADAPALANI,CMBT,,,False,hi,devanagari,template_combinatorial,train
st thomas mount to guindy kaise pahuche?,route_query:reach_info,ST_THOMAS_MOUNT,route_query,ST_THOMAS_MOUNT,GUINDY,,,False,hinglish,latin_hinglish,template_combinatorial,train
कृपया एजी-डीएमएस से लिटिल माउंट जाने का सबसे आसान तरीका बताएं,route_query:easiest_way,AG_DMS,route_query,AG_DMS,LITTLE_MOUNT,,,False,hi,devanagari,template_combinatorial,train
क्या गवर्नमेंट एस्टेट से एग्मोर के लिए कोई सीधा रास्ता है?,route_query:direct_path,GOVERNMENT_ESTATE,route_query,GOVERNMENT_ESTATE,CHENNAI_EGMORE,,,False,hi,devanagari,template_combinatorial,train
चेन्नई एग्मोर से हाई कोर्ट कैसे पहुंच सकते हैं?,route_query:reach_info,CHENNAI_EGMORE,route_query,CHENNAI_EGMORE,HIGH_COURT,,,False,hi,devanagari,template_combinatorial,train
चेन्नई एयरपोर्ट से लिटिल माउंट का सबसे सुरक्षित रास्ता क्या है?,route_query:safe_route,CHENNAI_AIRPORT,route_query,CHENNAI_AIRPORT,LITTLE_MOUNT,,,False,hi,devanagari,template_combinatorial,train
कोयम्बेडु से हाई कोर्ट के लिए दिशा-निर्देश दीजिए,route_query:directions,KOYAMBEDU,route_query,KOYAMBEDU,HIGH_COURT,,,False,hi,devanagari,template_combinatorial,train
chennai egmore se anna nagar interchange station kaun sa padega?,route_query:interchange_point,CHENNAI_EGMORE,route_query,CHENNAI_EGMORE,ANNA_NAGAR,,,False,hinglish,latin_hinglish,template_combinatorial,train
velachery se egmore kaise jau?,route_query:how_basic,VELACHERY,route_query,VELACHERY,CHENNAI_EGMORE,,,False,hinglish,latin_hinglish,template_combinatorial,train
सैदापेट से सेंट्रल रेलवे स्टेशन के लिए कौन सा मार्ग अच्छा है?,route_query:best_route,SAIDAPET,route_query,SAIDAPET,CHENNAI_CENTRAL,,,False,hi,devanagari,template_combinatorial,train
cmbt to t nagar kaise pahuche?,route_query:reach_info,CMBT,route_query,CMBT,NANDANAM,,,False,hinglish,latin_hinglish,template_combinatorial,train
saidapet se ag dms fastest way to travel?,route_query:fastest_path,SAIDAPET,route_query,SAIDAPET,AG_DMS,,,False,hinglish,latin_hinglish,template_combinatorial,train
cmbt se thousand lights travel directions,route_query:directions,CMBT,route_query,CMBT,THOUSAND_LIGHTS,,,False,hinglish,latin_hinglish,template_combinatorial,train
चेन्नई सेंट्रल से एग्मोर जाने के लिए सबसे तेज़ रास्ता कौन सा है?,route_query:fastest_path,CHENNAI_CENTRAL,route_query,CHENNAI_CENTRAL,CHENNAI_EGMORE,,,False,hi,devanagari,template_combinatorial,train
हाई कोर्ट से तेनामपेट के लिए दिशा-निर्देश दीजिए,route_query:directions,HIGH_COURT,route_query,HIGH_COURT,TEYNAMPET,,,False,hi,devanagari,template_combinatorial,train
वेलाचेरी से सैदापेट जाने के लिए सबसे तेज़ रास्ता कौन सा है?,route_query:fastest_path,VELACHERY,route_query,VELACHERY,SAIDAPET,,,False,hi,devanagari,template_combinatorial,train
chennai beach se koyambedu ke liye kaun sa route best hai?,route_query:best_route,CHENNAI_BEACH,route_query,CHENNAI_BEACH,KOYAMBEDU,,,False,hinglish,latin_hinglish,template_combinatorial,train
nandanam se anna nagar travel directions,route_query:directions,NANDANAM,route_query,NANDANAM,ANNA_NAGAR,,,False,hinglish,latin_hinglish,template_combinatorial,train
वेलाचेरी से आलंदूर कैसे जाऊँ?,route_query:how_basic,VELACHERY,route_query,VELACHERY,ALANDUR,,,False,hi,devanagari,template_combinatorial,train
central railway station se vadapalani interchange station kaun sa padega?,route_query:interchange_point,CHENNAI_CENTRAL,route_query,CHENNAI_CENTRAL,VADAPALANI,,,False,hinglish,latin_hinglish,template_combinatorial,train
kilpauk se government estate ke liye kaun sa route best hai?,route_query:best_route,KILPAUK,route_query,KILPAUK,GOVERNMENT_ESTATE,,,False,hinglish,latin_hinglish,template_combinatorial,train
वेलाचेरी से अशोक नगर के लिए कौन सी ट्रेन या बस ठीक रहेगी?,route_query:mode_advice,VELACHERY,route_query,VELACHERY,ASHOK_NAGAR,,,False,hi,devanagari,template_combinatorial,train
क्या चेन्नई बीच से तेनामपेट के लिए कोई सीधा रास्ता है?,route_query:direct_path,CHENNAI_BEACH,route_query,CHENNAI_BEACH,TEYNAMPET,,,False,hi,devanagari,template_combinatorial,train
alandur se saidapet kaise jau?,route_query:how_basic,ALANDUR,route_query,ALANDUR,SAIDAPET,,,False,hinglish,latin_hinglish,template_combinatorial,train
एजी-डीएमएस से तेनामपेट के लिए कौन सी ट्रेन या बस ठीक रहेगी?,route_query:mode_advice,AG_DMS,route_query,AG_DMS,TEYNAMPET,,,False,hi,devanagari,template_combinatorial,train
alandur se meenambakkam fastest way to travel?,route_query:fastest_path,ALANDUR,route_query,ALANDUR,MEENAMBAKKAM,,,False,hinglish,latin_hinglish,template_combinatorial,train
एलआईसी से वेलाचेरी जाने के लिए क्या साधन है?,route_query:means_transport,LIC,route_query,LIC,VELACHERY,,,False,hi,devanagari,template_combinatorial,train
central railway station se st thomas mount interchange station kaun sa padega?,route_query:interchange_point,CHENNAI_CENTRAL,route_query,CHENNAI_CENTRAL,ST_THOMAS_MOUNT,,,False,hinglish,latin_hinglish,template_combinatorial,train
velachery se meenambakkam interchange station kaun sa padega?,route_query:interchange_point,VELACHERY,route_query,VELACHERY,MEENAMBAKKAM,,,False,hinglish,latin_hinglish,template_combinatorial,train
कृपया वडापलानी से किल्पॉक जाने का सबसे आसान तरीका बताएं,route_query:easiest_way,VADAPALANI,route_query,VADAPALANI,KILPAUK,,,False,hi,devanagari,template_combinatorial,train
little mount se airport jane ke liye direct train hai kya?,route_query:direct_train,LITTLE_MOUNT,route_query,LITTLE_MOUNT,CHENNAI_AIRPORT,,,False,hinglish,latin_hinglish,template_combinatorial,train
अशोक नगर से आलंदूर का सबसे सुरक्षित रास्ता क्या है?,route_query:safe_route,ASHOK_NAGAR,route_query,ASHOK_NAGAR,ALANDUR,,,False,hi,devanagari,template_combinatorial,train
central railway station se government estate fastest way to travel?,route_query:fastest_path,CHENNAI_CENTRAL,route_query,CHENNAI_CENTRAL,GOVERNMENT_ESTATE,,,False,hinglish,latin_hinglish,template_combinatorial,train
सेंट्रल से वडापलानी जाने के लिए क्या साधन है?,route_query:means_transport,CHENNAI_CENTRAL,route_query,CHENNAI_CENTRAL,VADAPALANI,,,False,hi,devanagari,template_combinatorial,train
तिरुमंगलम से कोयम्बेडु मार्केट जाने के लिए इंटरचेंज कहाँ करना होगा?,route_query:interchange_point,THIRUMANGALAM,route_query,THIRUMANGALAM,KOYAMBEDU,,,False,hi,devanagari,template_combinatorial,train
किल्पॉक से सेंट थॉमस माउंट के लिए कौन सी ट्रेन या बस ठीक रहेगी?,route_query:mode_advice,KILPAUK,route_query,KILPAUK,ST_THOMAS_MOUNT,,,False,hi,devanagari,template_combinatorial,train
टी नगर से सीएमबीटी का सबसे सुरक्षित रास्ता क्या है?,route_query:safe_route,NANDANAM,route_query,NANDANAM,CMBT,,,False,hi,devanagari,template_combinatorial,train
कृपया सीएमबीटी से कोयम्बेडु जाने का सबसे आसान तरीका बताएं,route_query:easiest_way,CMBT,route_query,CMBT,KOYAMBEDU,,,False,hi,devanagari,template_combinatorial,train
गिंडी से चेन्नई एग्मोर का सबसे सुरक्षित रास्ता क्या है?,route_query:safe_route,GUINDY,route_query,GUINDY,CHENNAI_EGMORE,,,False,hi,devanagari,template_combinatorial,train
चेन्नई एग्मोर से चेन्नई सेंट्रल के लिए कौन सा मार्ग अच्छा है?,route_query:best_route,CHENNAI_EGMORE,route_query,CHENNAI_EGMORE,CHENNAI_CENTRAL,,,False,hi,devanagari,template_combinatorial,train
kilpauk se egmore travel directions,route_query:directions,KILPAUK,route_query,KILPAUK,CHENNAI_EGMORE,,,False,hinglish,latin_hinglish,template_combinatorial,train
आलंदूर से मीनांबक्कम कैसे जाऊँ?,route_query:how_basic,ALANDUR,route_query,ALANDUR,MEENAMBAKKAM,,,False,hi,devanagari,template_combinatorial,train
how to reach teynampet from t nagar in chennai?,route_query:reach_english,NANDANAM,route_query,NANDANAM,TEYNAMPET,,,False,hinglish,latin_hinglish,template_combinatorial,train
ताम्बरम से हाई कोर्ट जाने के लिए सबसे तेज़ रास्ता कौन सा है?,route_query:fastest_path,TAMBARAM,route_query,TAMBARAM,HIGH_COURT,,,False,hi,devanagari,template_combinatorial,train
little mount se nehru park fastest way to travel?,route_query:fastest_path,LITTLE_MOUNT,route_query,LITTLE_MOUNT,NEHRU_PARK,,,False,hinglish,latin_hinglish,template_combinatorial,train
वडापलानी से चेन्नई एयरपोर्ट जाने के लिए सबसे तेज़ रास्ता कौन सा है?,route_query:fastest_path,VADAPALANI,route_query,VADAPALANI,CHENNAI_AIRPORT,,,False,hi,devanagari,template_combinatorial,train
एयरपोर्ट से सेंट्रल रेलवे स्टेशन के लिए कौन सी ट्रेन या बस ठीक रहेगी?,route_query:mode_advice,CHENNAI_AIRPORT,route_query,CHENNAI_AIRPORT,CHENNAI_CENTRAL,,,False,hi,devanagari,template_combinatorial,train
how to reach vadapalani from st thomas mount in chennai?,route_query:reach_english,ST_THOMAS_MOUNT,route_query,ST_THOMAS_MOUNT,VADAPALANI,,,False,hinglish,latin_hinglish,template_combinatorial,train
एग्मोर स्टेशन से निकलकर अन्ना नगर तक कैसे पहुंचें?,route_query:station_exit,CHENNAI_EGMORE,route_query,CHENNAI_EGMORE,ANNA_NAGAR,,,False,hi,devanagari,template_combinatorial,train
how to reach chennai airport from cmbt in chennai?,route_query:reach_english,CMBT,route_query,CMBT,CHENNAI_AIRPORT,,,False,hinglish,latin_hinglish,template_combinatorial,train
कृपया चेन्नई एग्मोर से कोयम्बेडु जाने का सबसे आसान तरीका बताएं,route_query:easiest_way,CHENNAI_EGMORE,route_query,CHENNAI_EGMORE,KOYAMBEDU,,,False,hi,devanagari,template_combinatorial,train
सेंट्रल से अशोक नगर के लिए कौन सी ट्रेन या बस ठीक रहेगी?,route_query:mode_advice,CHENNAI_CENTRAL,route_query,CHENNAI_CENTRAL,ASHOK_NAGAR,,,False,hi,devanagari,template_combinatorial,train
लिटिल माउंट से चेन्नई बीच के लिए दिशा-निर्देश दीजिए,route_query:directions,LITTLE_MOUNT,route_query,LITTLE_MOUNT,CHENNAI_BEACH,,,False,hi,devanagari,template_combinatorial,train
t nagar se chennai airport fastest way to travel?,route_query:fastest_path,NANDANAM,route_query,NANDANAM,CHENNAI_AIRPORT,,,False,hinglish,latin_hinglish,template_combinatorial,train
चेन्नई एयरपोर्ट से अशोक नगर के लिए कौन सा मार्ग अच्छा है?,route_query:best_route,CHENNAI_AIRPORT,route_query,CHENNAI_AIRPORT,ASHOK_NAGAR,,,False,hi,devanagari,template_combinatorial,train
how to reach teynampet from guindy in chennai?,route_query:reach_english,GUINDY,route_query,GUINDY,TEYNAMPET,,,False,hinglish,latin_hinglish,template_combinatorial,train
गवर्नमेंट एस्टेट से नेहरू पार्क के लिए दिशा-निर्देश दीजिए,route_query:directions,GOVERNMENT_ESTATE,route_query,GOVERNMENT_ESTATE,NEHRU_PARK,,,False,hi,devanagari,template_combinatorial,train
एलआईसी से चेन्नई सेंट्रल के लिए कौन सी ट्रेन या बस ठीक रहेगी?,route_query:mode_advice,LIC,route_query,LIC,CHENNAI_CENTRAL,,,False,hi,devanagari,template_combinatorial,train
chennai airport se teynampet fastest way to travel?,route_query:fastest_path,CHENNAI_AIRPORT,route_query,CHENNAI_AIRPORT,TEYNAMPET,,,False,hinglish,latin_hinglish,template_combinatorial,train
मीनांबक्कम से सीएमबीटी जाने के लिए सबसे तेज़ रास्ता कौन सा है?,route_query:fastest_path,MEENAMBAKKAM,route_query,MEENAMBAKKAM,CMBT,,,False,hi,devanagari,template_combinatorial,train
guindy se egmore jane ke liye direct train hai kya?,route_query:direct_train,GUINDY,route_query,GUINDY,CHENNAI_EGMORE,,,False,hinglish,latin_hinglish,template_combinatorial,train
nandanam se guindy ke liye kaun sa route best hai?,route_query:best_route,NANDANAM,route_query,NANDANAM,GUINDY,,,False,hinglish,latin_hinglish,template_combinatorial,train
गवर्नमेंट एस्टेट से किल्पॉक के लिए कौन सा मार्ग अच्छा है?,route_query:best_route,GOVERNMENT_ESTATE,route_query,GOVERNMENT_ESTATE,KILPAUK,,,False,hi,devanagari,template_combinatorial,train
ताम्बरम से सैदापेट का सबसे सुरक्षित रास्ता क्या है?,route_query:safe_route,TAMBARAM,route_query,TAMBARAM,SAIDAPET,,,False,hi,devanagari,template_combinatorial,train
chennai central se nehru park ke liye kaun sa route best hai?,route_query:best_route,CHENNAI_CENTRAL,route_query,CHENNAI_CENTRAL,NEHRU_PARK,,,False,hinglish,latin_hinglish,template_combinatorial,train
ag dms se government estate interchange station kaun sa padega?,route_query:interchange_point,AG_DMS,route_query,AG_DMS,GOVERNMENT_ESTATE,,,False,hinglish,latin_hinglish,template_combinatorial,train
cmbt se shenoy nagar fastest way to travel?,route_query:fastest_path,CMBT,route_query,CMBT,SHENOY_NAGAR,,,False,hinglish,latin_hinglish,template_combinatorial,train
how to reach meenambakkam from chennai beach in chennai?,route_query:reach_english,CHENNAI_BEACH,route_query,CHENNAI_BEACH,MEENAMBAKKAM,,,False,hinglish,latin_hinglish,template_combinatorial,train
shenoy nagar se ashok nagar fastest way to travel?,route_query:fastest_path,SHENOY_NAGAR,route_query,SHENOY_NAGAR,ASHOK_NAGAR,,,False,hinglish,latin_hinglish,template_combinatorial,train
वेलाचेरी से अन्ना नगर का सबसे सुरक्षित रास्ता क्या है?,route_query:safe_route,VELACHERY,route_query,VELACHERY,ANNA_NAGAR,,,False,hi,devanagari,template_combinatorial,train
thousand lights se koyambedu fastest way to travel?,route_query:fastest_path,THOUSAND_LIGHTS,route_query,THOUSAND_LIGHTS,KOYAMBEDU,,,False,hinglish,latin_hinglish,template_combinatorial,train
एजी-डीएमएस से सेंट थॉमस माउंट के लिए कौन सा मार्ग अच्छा है?,route_query:best_route,AG_DMS,route_query,AG_DMS,ST_THOMAS_MOUNT,,,False,hi,devanagari,template_combinatorial,train
nehru park se vadapalani ke liye kaun sa route best hai?,route_query:best_route,NEHRU_PARK,route_query,NEHRU_PARK,VADAPALANI,,,False,hinglish,latin_hinglish,template_combinatorial,train
एलआईसी से एग्मोर जाने के लिए इंटरचेंज कहाँ करना होगा?,route_query:interchange_point,LIC,route_query,LIC,CHENNAI_EGMORE,,,False,hi,devanagari,template_combinatorial,train
st thomas mount se teynampet interchange station kaun sa padega?,route_query:interchange_point,ST_THOMAS_MOUNT,route_query,ST_THOMAS_MOUNT,TEYNAMPET,,,False,hinglish,latin_hinglish,template_combinatorial,train
हाई कोर्ट से सेंट्रल रेलवे स्टेशन जाने के लिए इंटरचेंज कहाँ करना होगा?,route_query:interchange_point,HIGH_COURT,route_query,HIGH_COURT,CHENNAI_CENTRAL,,,False,hi,devanagari,template_combinatorial,train
कृपया हाई कोर्ट से चेन्नई एयरपोर्ट जाने का सबसे आसान तरीका बताएं,route_query:easiest_way,HIGH_COURT,route_query,HIGH_COURT,CHENNAI_AIRPORT,,,False,hi,devanagari,template_combinatorial,train
एयरपोर्ट से चेन्नई सेंट्रल जाने के लिए इंटरचेंज कहाँ करना होगा?,route_query:interchange_point,CHENNAI_AIRPORT,route_query,CHENNAI_AIRPORT,CHENNAI_CENTRAL,,,False,hi,devanagari,template_combinatorial,train
little mount se guindy fastest way to travel?,route_query:fastest_path,LITTLE_MOUNT,route_query,LITTLE_MOUNT,GUINDY,,,False,hinglish,latin_hinglish,template_combinatorial,train
st thomas mount se airport kaise jau?,route_query:how_basic,ST_THOMAS_MOUNT,route_query,ST_THOMAS_MOUNT,CHENNAI_AIRPORT,,,False,hinglish,latin_hinglish,template_combinatorial,train
कृपया सैदापेट से एयरपोर्ट जाने का सबसे आसान तरीका बताएं,route_query:easiest_way,SAIDAPET,route_query,SAIDAPET,CHENNAI_AIRPORT,,,False,hi,devanagari,template_combinatorial,train
how to reach shenoy nagar from saidapet in chennai?,route_query:reach_english,SAIDAPET,route_query,SAIDAPET,SHENOY_NAGAR,,,False,hinglish,latin_hinglish,template_combinatorial,train
koyambedu se central kaise jau?,route_query:how_basic,KOYAMBEDU,route_query,KOYAMBEDU,CHENNAI_CENTRAL,,,False,hinglish,latin_hinglish,template_combinatorial,train
सीएमबीटी से किल्पॉक कैसे पहुंच सकते हैं?,route_query:reach_info,CMBT,route_query,CMBT,KILPAUK,,,False,hi,devanagari,template_combinatorial,train
चेन्नई बीच से एजी-डीएमएस के लिए दिशा-निर्देश दीजिए,route_query:directions,CHENNAI_BEACH,route_query,CHENNAI_BEACH,AG_DMS,,,False,hi,devanagari,template_combinatorial,train
chennai beach se little mount interchange station kaun sa padega?,route_query:interchange_point,CHENNAI_BEACH,route_query,CHENNAI_BEACH,LITTLE_MOUNT,,,False,hinglish,latin_hinglish,template_combinatorial,train
चेन्नई सेंट्रल स्टेशन से निकलकर किल्पॉक तक कैसे पहुंचें?,route_query:station_exit,CHENNAI_CENTRAL,route_query,CHENNAI_CENTRAL,KILPAUK,,,False,hi,devanagari,template_combinatorial,train
how to reach shenoy nagar from egmore in chennai?,route_query:reach_english,CHENNAI_EGMORE,route_query,CHENNAI_EGMORE,SHENOY_NAGAR,,,False,hinglish,latin_hinglish,template_combinatorial,train
koyambedu se vadapalani jane ke liye direct train hai kya?,route_query:direct_train,KOYAMBEDU,route_query,KOYAMBEDU,VADAPALANI,,,False,hinglish,latin_hinglish,template_combinatorial,train
मीनांबक्कम से अशोक नगर का सबसे सुरक्षित रास्ता क्या है?,route_query:safe_route,MEENAMBAKKAM,route_query,MEENAMBAKKAM,ASHOK_NAGAR,,,False,hi,devanagari,template_combinatorial,train
हवाई अड्डा स्टेशन से निकलकर थाउजेंड लाइट्स तक कैसे पहुंचें?,route_query:station_exit,CHENNAI_AIRPORT,route_query,CHENNAI_AIRPORT,THOUSAND_LIGHTS,,,False,hi,devanagari,template_combinatorial,train
alandur se shenoy nagar jane ke liye direct train hai kya?,route_query:direct_train,ALANDUR,route_query,ALANDUR,SHENOY_NAGAR,,,False,hinglish,latin_hinglish,template_combinatorial,train
koyambedu se chennai beach ke liye kaun sa route best hai?,route_query:best_route,KOYAMBEDU,route_query,KOYAMBEDU,CHENNAI_BEACH,,,False,hinglish,latin_hinglish,template_combinatorial,train
high court to ag dms kaise pahuche?,route_query:reach_info,HIGH_COURT,route_query,HIGH_COURT,AG_DMS,,,False,hinglish,latin_hinglish,template_combinatorial,train
ag dms to saidapet kaise pahuche?,route_query:reach_info,AG_DMS,route_query,AG_DMS,SAIDAPET,,,False,hinglish,latin_hinglish,template_combinatorial,train
alandur se tambaram travel directions,route_query:directions,ALANDUR,route_query,ALANDUR,TAMBARAM,,,False,hinglish,latin_hinglish,template_combinatorial,train
गिंडी से अन्ना नगर जाने के लिए क्या साधन है?,route_query:means_transport,GUINDY,route_query,GUINDY,ANNA_NAGAR,,,False,hi,devanagari,template_combinatorial,train
लिटिल माउंट से एजी-डीएमएस जाने के लिए इंटरचेंज कहाँ करना होगा?,route_query:interchange_point,LITTLE_MOUNT,route_query,LITTLE_MOUNT,AG_DMS,,,False,hi,devanagari,template_combinatorial,train
लिटिल माउंट से सीएमबीटी के लिए दिशा-निर्देश दीजिए,route_query:directions,LITTLE_MOUNT,route_query,LITTLE_MOUNT,CMBT,,,False,hi,devanagari,template_combinatorial,train
kilpauk se anna nagar kaise jau?,route_query:how_basic,KILPAUK,route_query,KILPAUK,ANNA_NAGAR,,,False,hinglish,latin_hinglish,template_combinatorial,train
सेंट थॉमस माउंट से हवाई अड्डा का सबसे सुरक्षित रास्ता क्या है?,route_query:safe_route,ST_THOMAS_MOUNT,route_query,ST_THOMAS_MOUNT,CHENNAI_AIRPORT,,,False,hi,devanagari,template_combinatorial,train
हाई कोर्ट से गवर्नमेंट एस्टेट के लिए सीधी मेट्रो या ट्रेन है क्या?,route_query:direct_metro,HIGH_COURT,route_query,HIGH_COURT,GOVERNMENT_ESTATE,,,False,hi,devanagari,template_combinatorial,train
वेलाचेरी से अशोक नगर कैसे पहुंच सकते हैं?,route_query:reach_info,VELACHERY,route_query,VELACHERY,ASHOK_NAGAR,,,False,hi,devanagari,template_combinatorial,train
आलंदूर से गवर्नमेंट एस्टेट जाने के लिए सबसे तेज़ रास्ता कौन सा है?,route_query:fastest_path,ALANDUR,route_query,ALANDUR,GOVERNMENT_ESTATE,,,False,hi,devanagari,template_combinatorial,train
सीएमबीटी से कोयम्बेडु जाने के लिए इंटरचेंज कहाँ करना होगा?,route_query:interchange_point,CMBT,route_query,CMBT,KOYAMBEDU,,,False,hi,devanagari,template_combinatorial,train
क्या एयरपोर्ट से गिंडी के लिए कोई सीधा रास्ता है?,route_query:direct_path,CHENNAI_AIRPORT,route_query,CHENNAI_AIRPORT,GUINDY,,,False,hi,devanagari,template_combinatorial,train
चेन्नई एग्मोर से वडापलानी जाने के लिए इंटरचेंज कहाँ करना होगा?,route_query:interchange_point,CHENNAI_EGMORE,route_query,CHENNAI_EGMORE,VADAPALANI,,,False,hi,devanagari,template_combinatorial,train
कोयम्बेडु से नेहरू पार्क जाने के लिए क्या साधन है?,route_query:means_transport,KOYAMBEDU,route_query,KOYAMBEDU,NEHRU_PARK,,,False,hi,devanagari,template_combinatorial,train
एजी-डीएमएस से एलआईसी के लिए सीधी मेट्रो या ट्रेन है क्या?,route_query:direct_metro,AG_DMS,route_query,AG_DMS,LIC,,,False,hi,devanagari,template_combinatorial,train
थाउजेंड लाइट्स से मीनांबक्कम के लिए कौन सा मार्ग अच्छा है?,route_query:best_route,THOUSAND_LIGHTS,route_query,THOUSAND_LIGHTS,MEENAMBAKKAM,,,False,hi,devanagari,template_combinatorial,train
कृपया टी नगर से मीनांबक्कम जाने का सबसे आसान तरीका बताएं,route_query:easiest_way,NANDANAM,route_query,NANDANAM,MEENAMBAKKAM,,,False,hi,devanagari,template_combinatorial,train
chennai airport se teynampet kaise jau?,route_query:how_basic,CHENNAI_AIRPORT,route_query,CHENNAI_AIRPORT,TEYNAMPET,,,False,hinglish,latin_hinglish,template_combinatorial,train
कृपया एग्मोर से तेनामपेट जाने का सबसे आसान तरीका बताएं,route_query:easiest_way,CHENNAI_EGMORE,route_query,CHENNAI_EGMORE,TEYNAMPET,,,False,hi,devanagari,template_combinatorial,train
velachery se high court fastest way to travel?,route_query:fastest_path,VELACHERY,route_query,VELACHERY,HIGH_COURT,,,False,hinglish,latin_hinglish,template_combinatorial,train
government estate se cmbt ke liye kaun sa route best hai?,route_query:best_route,GOVERNMENT_ESTATE,route_query,GOVERNMENT_ESTATE,CMBT,,,False,hinglish,latin_hinglish,template_combinatorial,train
अन्ना नगर से चेन्नई एग्मोर का सबसे सुरक्षित रास्ता क्या है?,route_query:safe_route,ANNA_NAGAR,route_query,ANNA_NAGAR,CHENNAI_EGMORE,,,False,hi,devanagari,template_combinatorial,train
little mount se central travel directions,route_query:directions,LITTLE_MOUNT,route_query,LITTLE_MOUNT,CHENNAI_CENTRAL,,,False,hinglish,latin_hinglish,template_combinatorial,train
saidapet to st thomas mount kaise pahuche?,route_query:reach_info,SAIDAPET,route_query,SAIDAPET,ST_THOMAS_MOUNT,,,False,hinglish,latin_hinglish,template_combinatorial,train
chennai beach se cmbt fastest way to travel?,route_query:fastest_path,CHENNAI_BEACH,route_query,CHENNAI_BEACH,CMBT,,,False,hinglish,latin_hinglish,template_combinatorial,train
tambaram se chennai egmore travel directions,route_query:directions,TAMBARAM,route_query,TAMBARAM,CHENNAI_EGMORE,,,False,hinglish,latin_hinglish,template_combinatorial,train
kilpauk se saidapet ke liye kaun sa route best hai?,route_query:best_route,KILPAUK,route_query,KILPAUK,SAIDAPET,,,False,hinglish,latin_hinglish,template_combinatorial,train
चेन्नई सेंट्रल से किल्पॉक कैसे पहुंच सकते हैं?,route_query:reach_info,CHENNAI_CENTRAL,route_query,CHENNAI_CENTRAL,KILPAUK,,,False,hi,devanagari,template_combinatorial,train
चेन्नई बीच से हाई कोर्ट जाने के लिए क्या साधन है?,route_query:means_transport,CHENNAI_BEACH,route_query,CHENNAI_BEACH,HIGH_COURT,,,False,hi,devanagari,template_combinatorial,train
चेन्नई सेंट्रल से एलआईसी कैसे जाऊँ?,route_query:how_basic,CHENNAI_CENTRAL,route_query,CHENNAI_CENTRAL,LIC,,,False,hi,devanagari,template_combinatorial,train
कोयम्बेडु से सेंट थॉमस माउंट जाने के लिए इंटरचेंज कहाँ करना होगा?,route_query:interchange_point,KOYAMBEDU,route_query,KOYAMBEDU,ST_THOMAS_MOUNT,,,False,hi,devanagari,template_combinatorial,train
अशोक नगर से एलआईसी कैसे पहुंच सकते हैं?,route_query:reach_info,ASHOK_NAGAR,route_query,ASHOK_NAGAR,LIC,,,False,hi,devanagari,template_combinatorial,train
एलआईसी से कोयम्बेडु जाने के लिए क्या साधन है?,route_query:means_transport,LIC,route_query,LIC,KOYAMBEDU,,,False,hi,devanagari,template_combinatorial,train
एग्मोर से चेन्नई सेंट्रल जाने के लिए क्या साधन है?,route_query:means_transport,CHENNAI_EGMORE,route_query,CHENNAI_EGMORE,CHENNAI_CENTRAL,,,False,hi,devanagari,template_combinatorial,train
एजी-डीएमएस से टी नगर जाने के लिए क्या साधन है?,route_query:means_transport,AG_DMS,route_query,AG_DMS,NANDANAM,,,False,hi,devanagari,template_combinatorial,train
एयरपोर्ट से गिंडी के लिए कौन सा मार्ग अच्छा है?,route_query:best_route,CHENNAI_AIRPORT,route_query,CHENNAI_AIRPORT,GUINDY,,,False,hi,devanagari,template_combinatorial,train
शेनॉय नगर स्टेशन से निकलकर नंदनम तक कैसे पहुंचें?,route_query:station_exit,SHENOY_NAGAR,route_query,SHENOY_NAGAR,NANDANAM,,,False,hi,devanagari,template_combinatorial,train
nehru park to ashok nagar kaise pahuche?,route_query:reach_info,NEHRU_PARK,route_query,NEHRU_PARK,ASHOK_NAGAR,,,False,hinglish,latin_hinglish,template_combinatorial,train
तिरुमंगलम से सेंट्रल जाने के लिए सबसे तेज़ रास्ता कौन सा है?,route_query:fastest_path,THIRUMANGALAM,route_query,THIRUMANGALAM,CHENNAI_CENTRAL,,,False,hi,devanagari,template_combinatorial,train
लिटिल माउंट से एलआईसी जाने के लिए सबसे तेज़ रास्ता कौन सा है?,route_query:fastest_path,LITTLE_MOUNT,route_query,LITTLE_MOUNT,LIC,,,False,hi,devanagari,template_combinatorial,train
egmore se ashok nagar jane ke liye direct train hai kya?,route_query:direct_train,CHENNAI_EGMORE,route_query,CHENNAI_EGMORE,ASHOK_NAGAR,,,False,hinglish,latin_hinglish,template_combinatorial,train
गवर्नमेंट एस्टेट से अशोक नगर कैसे जाऊँ?,route_query:how_basic,GOVERNMENT_ESTATE,route_query,GOVERNMENT_ESTATE,ASHOK_NAGAR,,,False,hi,devanagari,template_combinatorial,train
nandanam se alandur interchange station kaun sa padega?,route_query:interchange_point,NANDANAM,route_query,NANDANAM,ALANDUR,,,False,hinglish,latin_hinglish,template_combinatorial,train
teynampet se ashok nagar kaise jau?,route_query:how_basic,TEYNAMPET,route_query,TEYNAMPET,ASHOK_NAGAR,,,False,hinglish,latin_hinglish,template_combinatorial,train
क्या एजी-डीएमएस से नंदनम के लिए कोई सीधा रास्ता है?,route_query:direct_path,AG_DMS,route_query,AG_DMS,NANDANAM,,,False,hi,devanagari,template_combinatorial,train
हाई कोर्ट से कोयम्बेडु मार्केट के लिए कौन सा मार्ग अच्छा है?,route_query:best_route,HIGH_COURT,route_query,HIGH_COURT,KOYAMBEDU,,,False,hi,devanagari,template_combinatorial,train
chennai airport se ashok nagar ke liye kaun sa route best hai?,route_query:best_route,CHENNAI_AIRPORT,route_query,CHENNAI_AIRPORT,ASHOK_NAGAR,,,False,hinglish,latin_hinglish,template_combinatorial,train
हाई कोर्ट से अशोक नगर जाने के लिए क्या साधन है?,route_query:means_transport,HIGH_COURT,route_query,HIGH_COURT,ASHOK_NAGAR,,,False,hi,devanagari,template_combinatorial,train
egmore se alandur travel directions,route_query:directions,CHENNAI_EGMORE,route_query,CHENNAI_EGMORE,ALANDUR,,,False,hinglish,latin_hinglish,template_combinatorial,train
चेन्नई एग्मोर से नेहरू पार्क जाने के लिए सबसे तेज़ रास्ता कौन सा है?,route_query:fastest_path,CHENNAI_EGMORE,route_query,CHENNAI_EGMORE,NEHRU_PARK,,,False,hi,devanagari,template_combinatorial,train
koyambedu se st thomas mount fastest way to travel?,route_query:fastest_path,KOYAMBEDU,route_query,KOYAMBEDU,ST_THOMAS_MOUNT,,,False,hinglish,latin_hinglish,template_combinatorial,train
how to reach chennai central from cmbt in chennai?,route_query:reach_english,CMBT,route_query,CMBT,CHENNAI_CENTRAL,,,False,hinglish,latin_hinglish,template_combinatorial,train
how to reach koyambedu from vadapalani in chennai?,route_query:reach_english,VADAPALANI,route_query,VADAPALANI,KOYAMBEDU,,,False,hinglish,latin_hinglish,template_combinatorial,train
अन्ना नगर से नंदनम कैसे जाऊँ?,route_query:how_basic,ANNA_NAGAR,route_query,ANNA_NAGAR,NANDANAM,,,False,hi,devanagari,template_combinatorial,train
क्या गवर्नमेंट एस्टेट से चेन्नई एग्मोर के लिए कोई सीधा रास्ता है?,route_query:direct_path,GOVERNMENT_ESTATE,route_query,GOVERNMENT_ESTATE,CHENNAI_EGMORE,,,False,hi,devanagari,template_combinatorial,train
सेंट्रल रेलवे स्टेशन से चेन्नई एग्मोर कैसे जाऊँ?,route_query:how_basic,CHENNAI_CENTRAL,route_query,CHENNAI_CENTRAL,CHENNAI_EGMORE,,,False,hi,devanagari,template_combinatorial,train
thousand lights se teynampet jane ke liye direct train hai kya?,route_query:direct_train,THOUSAND_LIGHTS,route_query,THOUSAND_LIGHTS,TEYNAMPET,,,False,hinglish,latin_hinglish,template_combinatorial,train
एग्मोर से थाउजेंड लाइट्स के लिए सीधी मेट्रो या ट्रेन है क्या?,route_query:direct_metro,CHENNAI_EGMORE,route_query,CHENNAI_EGMORE,THOUSAND_LIGHTS,,,False,hi,devanagari,template_combinatorial,train
chennai egmore se koyambedu travel directions,route_query:directions,CHENNAI_EGMORE,route_query,CHENNAI_EGMORE,KOYAMBEDU,,,False,hinglish,latin_hinglish,template_combinatorial,train
ashok nagar se shenoy nagar jane ke liye direct train hai kya?,route_query:direct_train,ASHOK_NAGAR,route_query,ASHOK_NAGAR,SHENOY_NAGAR,,,False,hinglish,latin_hinglish,template_combinatorial,train
anna nagar se nehru park ke liye kaun sa route best hai?,route_query:best_route,ANNA_NAGAR,route_query,ANNA_NAGAR,NEHRU_PARK,,,False,hinglish,latin_hinglish,template_combinatorial,train
ताम्बरम से किल्पॉक का सबसे सुरक्षित रास्ता क्या है?,route_query:safe_route,TAMBARAM,route_query,TAMBARAM,KILPAUK,,,False,hi,devanagari,template_combinatorial,train
central se tambaram fastest way to travel?,route_query:fastest_path,CHENNAI_CENTRAL,route_query,CHENNAI_CENTRAL,TAMBARAM,,,False,hinglish,latin_hinglish,template_combinatorial,train
अन्ना नगर से चेन्नई सेंट्रल कैसे जाऊँ?,route_query:how_basic,ANNA_NAGAR,route_query,ANNA_NAGAR,CHENNAI_CENTRAL,,,False,hi,devanagari,template_combinatorial,train
वडापलानी स्टेशन से निकलकर एयरपोर्ट तक कैसे पहुंचें?,route_query:station_exit,VADAPALANI,route_query,VADAPALANI,CHENNAI_AIRPORT,,,False,hi,devanagari,template_combinatorial,train
नेहरू पार्क से चेन्नई एयरपोर्ट जाने के लिए क्या साधन है?,route_query:means_transport,NEHRU_PARK,route_query,NEHRU_PARK,CHENNAI_AIRPORT,,,False,hi,devanagari,template_combinatorial,train
चेन्नई एयरपोर्ट से कोयम्बेडु मार्केट के लिए दिशा-निर्देश दीजिए,route_query:directions,CHENNAI_AIRPORT,route_query,CHENNAI_AIRPORT,KOYAMBEDU,,,False,hi,devanagari,template_combinatorial,train
एग्मोर स्टेशन से निकलकर चेन्नई एयरपोर्ट तक कैसे पहुंचें?,route_query:station_exit,CHENNAI_EGMORE,route_query,CHENNAI_EGMORE,CHENNAI_AIRPORT,,,False,hi,devanagari,template_combinatorial,train
nehru park to anna nagar kaise pahuche?,route_query:reach_info,NEHRU_PARK,route_query,NEHRU_PARK,ANNA_NAGAR,,,False,hinglish,latin_hinglish,template_combinatorial,train
kilpauk se egmore ke liye kaun sa route best hai?,route_query:best_route,KILPAUK,route_query,KILPAUK,CHENNAI_EGMORE,,,False,hinglish,latin_hinglish,template_combinatorial,train
एयरपोर्ट से ताम्बरम जाने के लिए क्या साधन है?,route_query:means_transport,CHENNAI_AIRPORT,route_query,CHENNAI_AIRPORT,TAMBARAM,,,False,hi,devanagari,template_combinatorial,train
little mount se shenoy nagar jane ke liye direct train hai kya?,route_query:direct_train,LITTLE_MOUNT,route_query,LITTLE_MOUNT,SHENOY_NAGAR,,,False,hinglish,latin_hinglish,template_combinatorial,train
किल्पॉक से हवाई अड्डा के लिए दिशा-निर्देश दीजिए,route_query:directions,KILPAUK,route_query,KILPAUK,CHENNAI_AIRPORT,,,False,hi,devanagari,template_combinatorial,train
anna nagar se central railway station travel directions,route_query:directions,ANNA_NAGAR,route_query,ANNA_NAGAR,CHENNAI_CENTRAL,,,False,hinglish,latin_hinglish,template_combinatorial,train
कृपया थाउजेंड लाइट्स से मीनांबक्कम जाने का सबसे आसान तरीका बताएं,route_query:easiest_way,THOUSAND_LIGHTS,route_query,THOUSAND_LIGHTS,MEENAMBAKKAM,,,False,hi,devanagari,template_combinatorial,train
thirumangalam se alandur ke liye kaun sa route best hai?,route_query:best_route,THIRUMANGALAM,route_query,THIRUMANGALAM,ALANDUR,,,False,hinglish,latin_hinglish,template_combinatorial,train
saidapet se nehru park fastest way to travel?,route_query:fastest_path,SAIDAPET,route_query,SAIDAPET,NEHRU_PARK,,,False,hinglish,latin_hinglish,template_combinatorial,train
कृपया चेन्नई एयरपोर्ट से वडापलानी जाने का सबसे आसान तरीका बताएं,route_query:easiest_way,CHENNAI_AIRPORT,route_query,CHENNAI_AIRPORT,VADAPALANI,,,False,hi,devanagari,template_combinatorial,train
सेंट्रल से हवाई अड्डा के लिए कौन सा मार्ग अच्छा है?,route_query:best_route,CHENNAI_CENTRAL,route_query,CHENNAI_CENTRAL,CHENNAI_AIRPORT,,,False,hi,devanagari,template_combinatorial,train
saidapet se cmbt travel directions,route_query:directions,SAIDAPET,route_query,SAIDAPET,CMBT,,,False,hinglish,latin_hinglish,template_combinatorial,train
लिटिल माउंट स्टेशन से निकलकर सेंट्रल तक कैसे पहुंचें?,route_query:station_exit,LITTLE_MOUNT,route_query,LITTLE_MOUNT,CHENNAI_CENTRAL,,,False,hi,devanagari,template_combinatorial,train
alandur se thousand lights fastest way to travel?,route_query:fastest_path,ALANDUR,route_query,ALANDUR,THOUSAND_LIGHTS,,,False,hinglish,latin_hinglish,template_combinatorial,train
vadapalani to ashok nagar kaise pahuche?,route_query:reach_info,VADAPALANI,route_query,VADAPALANI,ASHOK_NAGAR,,,False,hinglish,latin_hinglish,template_combinatorial,train
central railway station to lic kaise pahuche?,route_query:reach_info,CHENNAI_CENTRAL,route_query,CHENNAI_CENTRAL,LIC,,,False,hinglish,latin_hinglish,template_combinatorial,train
तिरुमंगलम से सेंट थॉमस माउंट जाने के लिए सबसे तेज़ रास्ता कौन सा है?,route_query:fastest_path,THIRUMANGALAM,route_query,THIRUMANGALAM,ST_THOMAS_MOUNT,,,False,hi,devanagari,template_combinatorial,train
cmbt se t nagar fastest way to travel?,route_query:fastest_path,CMBT,route_query,CMBT,NANDANAM,,,False,hinglish,latin_hinglish,template_combinatorial,train
कृपया सैदापेट से सेंट थॉमस माउंट जाने का सबसे आसान तरीका बताएं,route_query:easiest_way,SAIDAPET,route_query,SAIDAPET,ST_THOMAS_MOUNT,,,False,hi,devanagari,template_combinatorial,train
high court se shenoy nagar interchange station kaun sa padega?,route_query:interchange_point,HIGH_COURT,route_query,HIGH_COURT,SHENOY_NAGAR,,,False,hinglish,latin_hinglish,template_combinatorial,train
central to velachery kaise pahuche?,route_query:reach_info,CHENNAI_CENTRAL,route_query,CHENNAI_CENTRAL,VELACHERY,,,False,hinglish,latin_hinglish,template_combinatorial,train
नेहरू पार्क से चेन्नई एग्मोर कैसे जाऊँ?,route_query:how_basic,NEHRU_PARK,route_query,NEHRU_PARK,CHENNAI_EGMORE,,,False,hi,devanagari,template_combinatorial,train
मीनांबक्कम से शेनॉय नगर का सबसे सुरक्षित रास्ता क्या है?,route_query:safe_route,MEENAMBAKKAM,route_query,MEENAMBAKKAM,SHENOY_NAGAR,,,False,hi,devanagari,template_combinatorial,train
सीएमबीटी से एयरपोर्ट जाने के लिए सबसे तेज़ रास्ता कौन सा है?,route_query:fastest_path,CMBT,route_query,CMBT,CHENNAI_AIRPORT,,,False,hi,devanagari,template_combinatorial,train
एलआईसी से शेनॉय नगर जाने के लिए सबसे तेज़ रास्ता कौन सा है?,route_query:fastest_path,LIC,route_query,LIC,SHENOY_NAGAR,,,False,hi,devanagari,template_combinatorial,train
कृपया सेंट्रल से थाउजेंड लाइट्स जाने का सबसे आसान तरीका बताएं,route_query:easiest_way,CHENNAI_CENTRAL,route_query,CHENNAI_CENTRAL,THOUSAND_LIGHTS,,,False,hi,devanagari,template_combinatorial,train
ताम्बरम से सेंट थॉमस माउंट जाने के लिए क्या साधन है?,route_query:means_transport,TAMBARAM,route_query,TAMBARAM,ST_THOMAS_MOUNT,,,False,hi,devanagari,template_combinatorial,train
अन्ना नगर से ताम्बरम कैसे जाऊँ?,route_query:how_basic,ANNA_NAGAR,route_query,ANNA_NAGAR,TAMBARAM,,,False,hi,devanagari,template_combinatorial,train
गिंडी से अन्ना नगर के लिए कौन सी ट्रेन या बस ठीक रहेगी?,route_query:mode_advice,GUINDY,route_query,GUINDY,ANNA_NAGAR,,,False,hi,devanagari,template_combinatorial,train
guindy to koyambedu kaise pahuche?,route_query:reach_info,GUINDY,route_query,GUINDY,KOYAMBEDU,,,False,hinglish,latin_hinglish,template_combinatorial,train
कृपया एग्मोर से थाउजेंड लाइट्स जाने का सबसे आसान तरीका बताएं,route_query:easiest_way,CHENNAI_EGMORE,route_query,CHENNAI_EGMORE,THOUSAND_LIGHTS,,,False,hi,devanagari,template_combinatorial,train
एयरपोर्ट स्टेशन से निकलकर एलआईसी तक कैसे पहुंचें?,route_query:station_exit,CHENNAI_AIRPORT,route_query,CHENNAI_AIRPORT,LIC,,,False,hi,devanagari,template_combinatorial,train
tambaram to saidapet kaise pahuche?,route_query:reach_info,TAMBARAM,route_query,TAMBARAM,SAIDAPET,,,False,hinglish,latin_hinglish,template_combinatorial,train
अशोक नगर से गिंडी का सबसे सुरक्षित रास्ता क्या है?,route_query:safe_route,ASHOK_NAGAR,route_query,ASHOK_NAGAR,GUINDY,,,False,hi,devanagari,template_combinatorial,train
सेंट्रल रेलवे स्टेशन स्टेशन से निकलकर चेन्नई बीच तक कैसे पहुंचें?,route_query:station_exit,CHENNAI_CENTRAL,route_query,CHENNAI_CENTRAL,CHENNAI_BEACH,,,False,hi,devanagari,template_combinatorial,train
एयरपोर्ट से हाई कोर्ट जाने के लिए सबसे तेज़ रास्ता कौन सा है?,route_query:fastest_path,CHENNAI_AIRPORT,route_query,CHENNAI_AIRPORT,HIGH_COURT,,,False,hi,devanagari,template_combinatorial,train
how to reach guindy from egmore in chennai?,route_query:reach_english,CHENNAI_EGMORE,route_query,CHENNAI_EGMORE,GUINDY,,,False,hinglish,latin_hinglish,template_combinatorial,train
नंदनम से चेन्नई सेंट्रल के लिए कौन सी ट्रेन या बस ठीक रहेगी?,route_query:mode_advice,NANDANAM,route_query,NANDANAM,CHENNAI_CENTRAL,,,False,hi,devanagari,template_combinatorial,train
एलआईसी से शेनॉय नगर का सबसे सुरक्षित रास्ता क्या है?,route_query:safe_route,LIC,route_query,LIC,SHENOY_NAGAR,,,False,hi,devanagari,template_combinatorial,train
सैदापेट से चेन्नई बीच कैसे पहुंच सकते हैं?,route_query:reach_info,SAIDAPET,route_query,SAIDAPET,CHENNAI_BEACH,,,False,hi,devanagari,template_combinatorial,train
airport se central railway station ke liye kaun sa route best hai?,route_query:best_route,CHENNAI_AIRPORT,route_query,CHENNAI_AIRPORT,CHENNAI_CENTRAL,,,False,hinglish,latin_hinglish,template_combinatorial,train
tambaram se egmore fastest way to travel?,route_query:fastest_path,TAMBARAM,route_query,TAMBARAM,CHENNAI_EGMORE,,,False,hinglish,latin_hinglish,template_combinatorial,train
अन्ना नगर से लिटिल माउंट के लिए कौन सा मार्ग अच्छा है?,route_query:best_route,ANNA_NAGAR,route_query,ANNA_NAGAR,LITTLE_MOUNT,,,False,hi,devanagari,template_combinatorial,train
सीएमबीटी से नंदनम जाने के लिए इंटरचेंज कहाँ करना होगा?,route_query:interchange_point,CMBT,route_query,CMBT,NANDANAM,,,False,hi,devanagari,template_combinatorial,train
हाई कोर्ट से किल्पॉक जाने के लिए इंटरचेंज कहाँ करना होगा?,route_query:interchange_point,HIGH_COURT,route_query,HIGH_COURT,KILPAUK,,,False,hi,devanagari,template_combinatorial,train
meenambakkam se guindy interchange station kaun sa padega?,route_query:interchange_point,MEENAMBAKKAM,route_query,MEENAMBAKKAM,GUINDY,,,False,hinglish,latin_hinglish,template_combinatorial,train
t nagar se central railway station kaise jau?,route_query:how_basic,NANDANAM,route_query,NANDANAM,CHENNAI_CENTRAL,,,False,hinglish,latin_hinglish,template_combinatorial,train
st thomas mount se chennai beach travel directions,route_query:directions,ST_THOMAS_MOUNT,route_query,ST_THOMAS_MOUNT,CHENNAI_BEACH,,,False,hinglish,latin_hinglish,template_combinatorial,train
हवाई अड्डा से शेनॉय नगर का सबसे सुरक्षित रास्ता क्या है?,route_query:safe_route,CHENNAI_AIRPORT,route_query,CHENNAI_AIRPORT,SHENOY_NAGAR,,,False,hi,devanagari,template_combinatorial,train
लिटिल माउंट से किल्पॉक का सबसे सुरक्षित रास्ता क्या है?,route_query:safe_route,LITTLE_MOUNT,route_query,LITTLE_MOUNT,KILPAUK,,,False,hi,devanagari,template_combinatorial,train
thousand lights se alandur fastest way to travel?,route_query:fastest_path,THOUSAND_LIGHTS,route_query,THOUSAND_LIGHTS,ALANDUR,,,False,hinglish,latin_hinglish,template_combinatorial,train
saidapet se st thomas mount ke liye kaun sa route best hai?,route_query:best_route,SAIDAPET,route_query,SAIDAPET,ST_THOMAS_MOUNT,,,False,hinglish,latin_hinglish,template_combinatorial,train
chennai egmore se airport ke liye kaun sa route best hai?,route_query:best_route,CHENNAI_EGMORE,route_query,CHENNAI_EGMORE,CHENNAI_AIRPORT,,,False,hinglish,latin_hinglish,template_combinatorial,train
चेन्नई एयरपोर्ट से थाउजेंड लाइट्स कैसे पहुंच सकते हैं?,route_query:reach_info,CHENNAI_AIRPORT,route_query,CHENNAI_AIRPORT,THOUSAND_LIGHTS,,,False,hi,devanagari,template_combinatorial,train
चेन्नई बीच से चेन्नई एग्मोर जाने के लिए इंटरचेंज कहाँ करना होगा?,route_query:interchange_point,CHENNAI_BEACH,route_query,CHENNAI_BEACH,CHENNAI_EGMORE,,,False,hi,devanagari,template_combinatorial,train
क्या एजी-डीएमएस से लिटिल माउंट के लिए कोई सीधा रास्ता है?,route_query:direct_path,AG_DMS,route_query,AG_DMS,LITTLE_MOUNT,,,False,hi,devanagari,template_combinatorial,train
सैदापेट से वडापलानी जाने के लिए सबसे तेज़ रास्ता कौन सा है?,route_query:fastest_path,SAIDAPET,route_query,SAIDAPET,VADAPALANI,,,False,hi,devanagari,template_combinatorial,train
how to reach anna nagar from central railway station in chennai?,route_query:reach_english,CHENNAI_CENTRAL,route_query,CHENNAI_CENTRAL,ANNA_NAGAR,,,False,hinglish,latin_hinglish,template_combinatorial,train
क्या कोयम्बेडु मार्केट से हवाई अड्डा के लिए कोई सीधा रास्ता है?,route_query:direct_path,KOYAMBEDU,route_query,KOYAMBEDU,CHENNAI_AIRPORT,,,False,hi,devanagari,template_combinatorial,train
गिंडी से सीएमबीटी के लिए दिशा-निर्देश दीजिए,route_query:directions,GUINDY,route_query,GUINDY,CMBT,,,False,hi,devanagari,template_combinatorial,train
t nagar se airport travel directions,route_query:directions,NANDANAM,route_query,NANDANAM,CHENNAI_AIRPORT,,,False,hinglish,latin_hinglish,template_combinatorial,train
किल्पॉक से अन्ना नगर जाने के लिए क्या साधन है?,route_query:means_transport,KILPAUK,route_query,KILPAUK,ANNA_NAGAR,,,False,hi,devanagari,template_combinatorial,train
चेन्नई एयरपोर्ट से तेनामपेट के लिए कौन सा मार्ग अच्छा है?,route_query:best_route,CHENNAI_AIRPORT,route_query,CHENNAI_AIRPORT,TEYNAMPET,,,False,hi,devanagari,template_combinatorial,train
मीनांबक्कम से एजी-डीएमएस कैसे जाऊँ?,route_query:how_basic,MEENAMBAKKAM,route_query,MEENAMBAKKAM,AG_DMS,,,False,hi,devanagari,template_combinatorial,train
guindy to airport kaise pahuche?,route_query:reach_info,GUINDY,route_query,GUINDY,CHENNAI_AIRPORT,,,False,hinglish,latin_hinglish,template_combinatorial,train
तिरुमंगलम से गवर्नमेंट एस्टेट कैसे पहुंच सकते हैं?,route_query:reach_info,THIRUMANGALAM,route_query,THIRUMANGALAM,GOVERNMENT_ESTATE,,,False,hi,devanagari,template_combinatorial,train
एलआईसी से सेंट थॉमस माउंट के लिए सीधी मेट्रो या ट्रेन है क्या?,route_query:direct_metro,LIC,route_query,LIC,ST_THOMAS_MOUNT,,,False,hi,devanagari,template_combinatorial,train
सेंट्रल रेलवे स्टेशन से चेन्नई बीच का सबसे सुरक्षित रास्ता क्या है?,route_query:safe_route,CHENNAI_CENTRAL,route_query,CHENNAI_CENTRAL,CHENNAI_BEACH,,,False,hi,devanagari,template_combinatorial,train
teynampet to central railway station kaise pahuche?,route_query:reach_info,TEYNAMPET,route_query,TEYNAMPET,CHENNAI_CENTRAL,,,False,hinglish,latin_hinglish,template_combinatorial,train
गवर्नमेंट एस्टेट से सेंट्रल के लिए सीधी मेट्रो या ट्रेन है क्या?,route_query:direct_metro,GOVERNMENT_ESTATE,route_query,GOVERNMENT_ESTATE,CHENNAI_CENTRAL,,,False,hi,devanagari,template_combinatorial,train
anna nagar se vadapalani ke liye kaun sa route best hai?,route_query:best_route,ANNA_NAGAR,route_query,ANNA_NAGAR,VADAPALANI,,,False,hinglish,latin_hinglish,template_combinatorial,train
चेन्नई बीच से कोयम्बेडु कैसे पहुंच सकते हैं?,route_query:reach_info,CHENNAI_BEACH,route_query,CHENNAI_BEACH,KOYAMBEDU,,,False,hi,devanagari,template_combinatorial,train
chennai airport se cmbt fastest way to travel?,route_query:fastest_path,CHENNAI_AIRPORT,route_query,CHENNAI_AIRPORT,CMBT,,,False,hinglish,latin_hinglish,template_combinatorial,train
meenambakkam se thousand lights fastest way to travel?,route_query:fastest_path,MEENAMBAKKAM,route_query,MEENAMBAKKAM,THOUSAND_LIGHTS,,,False,hinglish,latin_hinglish,template_combinatorial,train
क्या सीएमबीटी से एग्मोर के लिए कोई सीधा रास्ता है?,route_query:direct_path,CMBT,route_query,CMBT,CHENNAI_EGMORE,,,False,hi,devanagari,template_combinatorial,train
क्या सेंट्रल से चेन्नई बीच के लिए कोई सीधा रास्ता है?,route_query:direct_path,CHENNAI_CENTRAL,route_query,CHENNAI_CENTRAL,CHENNAI_BEACH,,,False,hi,devanagari,template_combinatorial,train
thousand lights se chennai beach kaise jau?,route_query:how_basic,THOUSAND_LIGHTS,route_query,THOUSAND_LIGHTS,CHENNAI_BEACH,,,False,hinglish,latin_hinglish,template_combinatorial,train
high court se teynampet jane ke liye direct train hai kya?,route_query:direct_train,HIGH_COURT,route_query,HIGH_COURT,TEYNAMPET,,,False,hinglish,latin_hinglish,template_combinatorial,train
सेंट्रल से तिरुमंगलम कैसे पहुंच सकते हैं?,route_query:reach_info,CHENNAI_CENTRAL,route_query,CHENNAI_CENTRAL,THIRUMANGALAM,,,False,hi,devanagari,template_combinatorial,train
saidapet se alandur interchange station kaun sa padega?,route_query:interchange_point,SAIDAPET,route_query,SAIDAPET,ALANDUR,,,False,hinglish,latin_hinglish,template_combinatorial,train
शेनॉय नगर से गवर्नमेंट एस्टेट का सबसे सुरक्षित रास्ता क्या है?,route_query:safe_route,SHENOY_NAGAR,route_query,SHENOY_NAGAR,GOVERNMENT_ESTATE,,,False,hi,devanagari,template_combinatorial,train
chennai airport se alandur ke liye kaun sa route best hai?,route_query:best_route,CHENNAI_AIRPORT,route_query,CHENNAI_AIRPORT,ALANDUR,,,False,hinglish,latin_hinglish,template_combinatorial,train
tambaram se kilpauk kaise jau?,route_query:how_basic,TAMBARAM,route_query,TAMBARAM,KILPAUK,,,False,hinglish,latin_hinglish,template_combinatorial,train
आलंदूर से तिरुमंगलम जाने के लिए सबसे तेज़ रास्ता कौन सा है?,route_query:fastest_path,ALANDUR,route_query,ALANDUR,THIRUMANGALAM,,,False,hi,devanagari,template_combinatorial,train
क्या सेंट्रल से चेन्नई एग्मोर के लिए कोई सीधा रास्ता है?,route_query:direct_path,CHENNAI_CENTRAL,route_query,CHENNAI_CENTRAL,CHENNAI_EGMORE,,,False,hi,devanagari,template_combinatorial,train
गिंडी से चेन्नई सेंट्रल जाने के लिए क्या साधन है?,route_query:means_transport,GUINDY,route_query,GUINDY,CHENNAI_CENTRAL,,,False,hi,devanagari,template_combinatorial,train
anna nagar se vadapalani interchange station kaun sa padega?,route_query:interchange_point,ANNA_NAGAR,route_query,ANNA_NAGAR,VADAPALANI,,,False,hinglish,latin_hinglish,template_combinatorial,train
lic se st thomas mount fastest way to travel?,route_query:fastest_path,LIC,route_query,LIC,ST_THOMAS_MOUNT,,,False,hinglish,latin_hinglish,template_combinatorial,train
anna nagar se nandanam jane ke liye direct train hai kya?,route_query:direct_train,ANNA_NAGAR,route_query,ANNA_NAGAR,NANDANAM,,,False,hinglish,latin_hinglish,template_combinatorial,train
सेंट थॉमस माउंट से गवर्नमेंट एस्टेट कैसे जाऊँ?,route_query:how_basic,ST_THOMAS_MOUNT,route_query,ST_THOMAS_MOUNT,GOVERNMENT_ESTATE,,,False,hi,devanagari,template_combinatorial,train
नेहरू पार्क से अन्ना नगर के लिए कौन सी ट्रेन या बस ठीक रहेगी?,route_query:mode_advice,NEHRU_PARK,route_query,NEHRU_PARK,ANNA_NAGAR,,,False,hi,devanagari,template_combinatorial,train
वडापलानी से ताम्बरम के लिए सीधी मेट्रो या ट्रेन है क्या?,route_query:direct_metro,VADAPALANI,route_query,VADAPALANI,TAMBARAM,,,False,hi,devanagari,template_combinatorial,train
अशोक नगर स्टेशन से निकलकर कोयम्बेडु तक कैसे पहुंचें?,route_query:station_exit,ASHOK_NAGAR,route_query,ASHOK_NAGAR,KOYAMBEDU,,,False,hi,devanagari,template_combinatorial,train
तिरुमंगलम से किल्पॉक का सबसे सुरक्षित रास्ता क्या है?,route_query:safe_route,THIRUMANGALAM,route_query,THIRUMANGALAM,KILPAUK,,,False,hi,devanagari,template_combinatorial,train
एलआईसी स्टेशन से निकलकर सेंट्रल रेलवे स्टेशन तक कैसे पहुंचें?,route_query:station_exit,LIC,route_query,LIC,CHENNAI_CENTRAL,,,False,hi,devanagari,template_combinatorial,train
शेनॉय नगर से मीनांबक्कम का सबसे सुरक्षित रास्ता क्या है?,route_query:safe_route,SHENOY_NAGAR,route_query,SHENOY_NAGAR,MEENAMBAKKAM,,,False,hi,devanagari,template_combinatorial,train
alandur to anna nagar kaise pahuche?,route_query:reach_info,ALANDUR,route_query,ALANDUR,ANNA_NAGAR,,,False,hinglish,latin_hinglish,template_combinatorial,train
thirumangalam to alandur kaise pahuche?,route_query:reach_info,THIRUMANGALAM,route_query,THIRUMANGALAM,ALANDUR,,,False,hinglish,latin_hinglish,template_combinatorial,train
चेन्नई एयरपोर्ट से नेहरू पार्क के लिए कौन सी ट्रेन या बस ठीक रहेगी?,route_query:mode_advice,CHENNAI_AIRPORT,route_query,CHENNAI_AIRPORT,NEHRU_PARK,,,False,hi,devanagari,template_combinatorial,train
how to reach t nagar from anna nagar in chennai?,route_query:reach_english,ANNA_NAGAR,route_query,ANNA_NAGAR,NANDANAM,,,False,hinglish,latin_hinglish,template_combinatorial,train
गवर्नमेंट एस्टेट से किल्पॉक के लिए कौन सी ट्रेन या बस ठीक रहेगी?,route_query:mode_advice,GOVERNMENT_ESTATE,route_query,GOVERNMENT_ESTATE,KILPAUK,,,False,hi,devanagari,template_combinatorial,train
हवाई अड्डा से मीनांबक्कम के लिए दिशा-निर्देश दीजिए,route_query:directions,CHENNAI_AIRPORT,route_query,CHENNAI_AIRPORT,MEENAMBAKKAM,,,False,hi,devanagari,template_combinatorial,train
egmore se vadapalani travel directions,route_query:directions,CHENNAI_EGMORE,route_query,CHENNAI_EGMORE,VADAPALANI,,,False,hinglish,latin_hinglish,template_combinatorial,train
क्या हवाई अड्डा से तेनामपेट के लिए कोई सीधा रास्ता है?,route_query:direct_path,CHENNAI_AIRPORT,route_query,CHENNAI_AIRPORT,TEYNAMPET,,,False,hi,devanagari,template_combinatorial,train
चेन्नई एग्मोर से गिंडी जाने के लिए इंटरचेंज कहाँ करना होगा?,route_query:interchange_point,CHENNAI_EGMORE,route_query,CHENNAI_EGMORE,GUINDY,,,False,hi,devanagari,template_combinatorial,train
क्या कोयम्बेडु मार्केट स्टेशन पर लोकल ट्रेन की सुविधा उपलब्ध है?,service_availability:station_availability,KOYAMBEDU,service_availability,KOYAMBEDU,,suburban_rail,,False,hi,devanagari,template_combinatorial,train
चेन्नई एयरपोर्ट से हाई कोर्ट के बीच लोकल ट्रेन चलती है क्या?,service_availability:running_check,CHENNAI_AIRPORT,service_availability,CHENNAI_AIRPORT,HIGH_COURT,suburban_rail,,False,hi,devanagari,template_combinatorial,train
अशोक नगर से चेन्नई एग्मोर के बीच मेट्रो चलती है क्या?,service_availability:running_check,ASHOK_NAGAR,service_availability,ASHOK_NAGAR,CHENNAI_EGMORE,metro,,False,hi,devanagari,template_combinatorial,train
सीएमबीटी से गिंडी के लिए सीधी ट्रेन है?,service_availability:direct_mode,CMBT,service_availability,CMBT,GUINDY,railway,,False,hi,devanagari,template_combinatorial,train
क्या आज चेन्नई एयरपोर्ट से गिंडी ट्रेन चालू है?,service_availability:today_running,CHENNAI_AIRPORT,service_availability,CHENNAI_AIRPORT,GUINDY,railway,,False,hi,devanagari,template_combinatorial,train
तेनामपेट से लिटिल माउंट ट्रेन कनेक्टिविटी है क्या?,service_availability:connectivity,TEYNAMPET,service_availability,TEYNAMPET,LITTLE_MOUNT,railway,,False,hi,devanagari,template_combinatorial,train
thousand lights to chennai central local train connectivity available?,service_availability:connectivity,THOUSAND_LIGHTS,service_availability,THOUSAND_LIGHTS,CHENNAI_CENTRAL,suburban_rail,,False,hinglish,latin_hinglish,template_combinatorial,train
ताम्बरम से सेंट्रल तक मेट्रो चल रही है?,service_availability:running_active,TAMBARAM,service_availability,TAMBARAM,CHENNAI_CENTRAL,metro,,False,hi,devanagari,template_combinatorial,train
चेन्नई बीच से गवर्नमेंट एस्टेट के लिए सीधी लोकल ट्रेन है?,service_availability:direct_mode,CHENNAI_BEACH,service_availability,CHENNAI_BEACH,GOVERNMENT_ESTATE,suburban_rail,,False,hi,devanagari,template_combinatorial,train
high court and anna nagar transit bus running today?,service_availability:today_running,HIGH_COURT,service_availability,HIGH_COURT,ANNA_NAGAR,bus,,False,hinglish,latin_hinglish,template_combinatorial,train
अन्ना नगर से सेंट थॉमस माउंट के बीच लोकल ट्रेन चलती है क्या?,service_availability:running_check,ANNA_NAGAR,service_availability,ANNA_NAGAR,ST_THOMAS_MOUNT,suburban_rail,,False,hi,devanagari,template_combinatorial,train
थाउजेंड लाइट्स से सेंट्रल के बीच बस चलती है क्या?,service_availability:running_check,THOUSAND_LIGHTS,service_availability,THOUSAND_LIGHTS,CHENNAI_CENTRAL,bus,,False,hi,devanagari,template_combinatorial,train
velachery se central direct bus hai kya?,service_availability:direct_mode,VELACHERY,service_availability,VELACHERY,CHENNAI_CENTRAL,bus,,False,hinglish,latin_hinglish,template_combinatorial,train
नंदनम से एलआईसी मेट्रो कनेक्टिविटी है क्या?,service_availability:connectivity,NANDANAM,service_availability,NANDANAM,LIC,metro,,False,hi,devanagari,template_combinatorial,train
क्या कोयम्बेडु मार्केट स्टेशन पर बस की सुविधा उपलब्ध है?,service_availability:station_availability,KOYAMBEDU,service_availability,KOYAMBEDU,,bus,,False,hi,devanagari,template_combinatorial,train
क्या शेनॉय नगर जाने के लिए चेन्नई सेंट्रल से ट्रेन मिल जाएगी?,service_availability:destination_get,CHENNAI_CENTRAL,service_availability,CHENNAI_CENTRAL,SHENOY_NAGAR,railway,,False,hi,devanagari,template_combinatorial,train
क्या नेहरू पार्क जाने के लिए मीनांबक्कम से बस मिल जाएगी?,service_availability:destination_get,MEENAMBAKKAM,service_availability,MEENAMBAKKAM,NEHRU_PARK,bus,,False,hi,devanagari,template_combinatorial,train
kya high court se koyambedu local train milegi?,service_availability:get_mode,HIGH_COURT,service_availability,HIGH_COURT,KOYAMBEDU,suburban_rail,,False,hinglish,latin_hinglish,template_combinatorial,train
kya meenambakkam se chennai beach bus milegi?,service_availability:get_mode,MEENAMBAKKAM,service_availability,MEENAMBAKKAM,CHENNAI_BEACH,bus,,False,hinglish,latin_hinglish,template_combinatorial,train
क्या मैं सीएमबीटी से सेंट्रल रेलवे स्टेशन ट्रेन से जा सकता हूँ?,service_availability:travel_feasibility,CMBT,service_availability,CMBT,CHENNAI_CENTRAL,railway,,False,hi,devanagari,template_combinatorial,train
सैदापेट पर लोकल ट्रेन का संचालन हो रहा है क्या?,service_availability:operational_status,SAIDAPET,service_availability,SAIDAPET,,suburban_rail,,False,hi,devanagari,template_combinatorial,train
क्या कोयम्बेडु मार्केट जाने के लिए लिटिल माउंट से मेट्रो मिल जाएगी?,service_availability:destination_get,LITTLE_MOUNT,service_availability,LITTLE_MOUNT,KOYAMBEDU,metro,,False,hi,devanagari,template_combinatorial,train
क्या एयरपोर्ट से वडापलानी जाने के लिए बस मिलेगी?,service_availability:get_mode,CHENNAI_AIRPORT,service_availability,CHENNAI_AIRPORT,VADAPALANI,bus,,False,hi,devanagari,template_combinatorial,train
क्या मैं किल्पॉक से सैदापेट मेट्रो से जा सकता हूँ?,service_availability:travel_feasibility,KILPAUK,service_availability,KILPAUK,SAIDAPET,metro,,False,hi,devanagari,template_combinatorial,train
central railway station se st thomas mount direct local train hai kya?,service_availability:direct_mode,CHENNAI_CENTRAL,service_availability,CHENNAI_CENTRAL,ST_THOMAS_MOUNT,suburban_rail,,False,hinglish,latin_hinglish,template_combinatorial,train
kya t nagar se thousand lights metro se ja sakte hai?,service_availability:travel_feasibility,NANDANAM,service_availability,NANDANAM,THOUSAND_LIGHTS,metro,,False,hinglish,latin_hinglish,template_combinatorial,train
अन्ना नगर से गवर्नमेंट एस्टेट के बीच ट्रेन चलती है क्या?,service_availability:running_check,ANNA_NAGAR,service_availability,ANNA_NAGAR,GOVERNMENT_ESTATE,railway,,False,hi,devanagari,template_combinatorial,train
क्या मैं चेन्नई एयरपोर्ट से एजी-डीएमएस लोकल ट्रेन से जा सकता हूँ?,service_availability:travel_feasibility,CHENNAI_AIRPORT,service_availability,CHENNAI_AIRPORT,AG_DMS,suburban_rail,,False,hi,devanagari,template_combinatorial,train
teynampet and st thomas mount transit local train running today?,service_availability:today_running,TEYNAMPET,service_availability,TEYNAMPET,ST_THOMAS_MOUNT,suburban_rail,,False,hinglish,latin_hinglish,template_combinatorial,train
सैदापेट पर ट्रेन का संचालन हो रहा है क्या?,service_availability:operational_status,SAIDAPET,service_availability,SAIDAPET,,railway,,False,hi,devanagari,template_combinatorial,train
क्या आज सीएमबीटी से हवाई अड्डा बस चालू है?,service_availability:today_running,CMBT,service_availability,CMBT,CHENNAI_AIRPORT,bus,,False,hi,devanagari,template_combinatorial,train
क्या नंदनम स्टेशन पर बस की सुविधा उपलब्ध है?,service_availability:station_availability,NANDANAM,service_availability,NANDANAM,,bus,,False,hi,devanagari,template_combinatorial,train
क्या आज शेनॉय नगर से सेंट्रल बस चालू है?,service_availability:today_running,SHENOY_NAGAR,service_availability,SHENOY_NAGAR,CHENNAI_CENTRAL,bus,,False,hi,devanagari,template_combinatorial,train
क्या हवाई अड्डा स्टेशन पर ट्रेन की सुविधा उपलब्ध है?,service_availability:station_availability,CHENNAI_AIRPORT,service_availability,CHENNAI_AIRPORT,,railway,,False,hi,devanagari,template_combinatorial,train
kya thirumangalam se government estate metro milegi?,service_availability:get_mode,THIRUMANGALAM,service_availability,THIRUMANGALAM,GOVERNMENT_ESTATE,metro,,False,hinglish,latin_hinglish,template_combinatorial,train
क्या चेन्नई बीच जाने के लिए मीनांबक्कम से लोकल ट्रेन मिल जाएगी?,service_availability:destination_get,MEENAMBAKKAM,service_availability,MEENAMBAKKAM,CHENNAI_BEACH,suburban_rail,,False,hi,devanagari,template_combinatorial,train
एयरपोर्ट पर ट्रेन का संचालन हो रहा है क्या?,service_availability:operational_status,CHENNAI_AIRPORT,service_availability,CHENNAI_AIRPORT,,railway,,False,hi,devanagari,template_combinatorial,train
सैदापेट से शेनॉय नगर के लिए सीधी ट्रेन है?,service_availability:direct_mode,SAIDAPET,service_availability,SAIDAPET,SHENOY_NAGAR,railway,,False,hi,devanagari,template_combinatorial,train
क्या लिटिल माउंट स्टेशन पर बस की सुविधा उपलब्ध है?,service_availability:station_availability,LITTLE_MOUNT,service_availability,LITTLE_MOUNT,,bus,,False,hi,devanagari,template_combinatorial,train
chennai airport to thirumangalam train connectivity available?,service_availability:connectivity,CHENNAI_AIRPORT,service_availability,CHENNAI_AIRPORT,THIRUMANGALAM,railway,,False,hinglish,latin_hinglish,template_combinatorial,train
क्या चेन्नई एयरपोर्ट स्टेशन पर ट्रेन की सुविधा उपलब्ध है?,service_availability:station_availability,CHENNAI_AIRPORT,service_availability,CHENNAI_AIRPORT,,railway,,False,hi,devanagari,template_combinatorial,train
kya meenambakkam se central metro milegi?,service_availability:get_mode,MEENAMBAKKAM,service_availability,MEENAMBAKKAM,CHENNAI_CENTRAL,metro,,False,hinglish,latin_hinglish,template_combinatorial,train
क्या अन्ना नगर स्टेशन पर लोकल ट्रेन की सुविधा उपलब्ध है?,service_availability:station_availability,ANNA_NAGAR,service_availability,ANNA_NAGAR,,suburban_rail,,False,hi,devanagari,template_combinatorial,train
chennai central to velachery local train connectivity available?,service_availability:connectivity,CHENNAI_CENTRAL,service_availability,CHENNAI_CENTRAL,VELACHERY,suburban_rail,,False,hinglish,latin_hinglish,template_combinatorial,train
क्या आज तिरुमंगलम से हाई कोर्ट लोकल ट्रेन चालू है?,service_availability:today_running,THIRUMANGALAM,service_availability,THIRUMANGALAM,HIGH_COURT,suburban_rail,,False,hi,devanagari,template_combinatorial,train
एजी-डीएमएस पर मेट्रो का संचालन हो रहा है क्या?,service_availability:operational_status,AG_DMS,service_availability,AG_DMS,,metro,,False,hi,devanagari,template_combinatorial,train
chennai beach to koyambedu train connectivity available?,service_availability:connectivity,CHENNAI_BEACH,service_availability,CHENNAI_BEACH,KOYAMBEDU,railway,,False,hinglish,latin_hinglish,template_combinatorial,train
government estate to airport train connectivity available?,service_availability:connectivity,GOVERNMENT_ESTATE,service_availability,GOVERNMENT_ESTATE,CHENNAI_AIRPORT,railway,,False,hinglish,latin_hinglish,template_combinatorial,train
kya saidapet se st thomas mount bus milegi?,service_availability:get_mode,SAIDAPET,service_availability,SAIDAPET,ST_THOMAS_MOUNT,bus,,False,hinglish,latin_hinglish,template_combinatorial,train
क्या सेंट थॉमस माउंट स्टेशन पर बस की सुविधा उपलब्ध है?,service_availability:station_availability,ST_THOMAS_MOUNT,service_availability,ST_THOMAS_MOUNT,,bus,,False,hi,devanagari,template_combinatorial,train
कोयम्बेडु से एयरपोर्ट के बीच ट्रेन चलती है क्या?,service_availability:running_check,KOYAMBEDU,service_availability,KOYAMBEDU,CHENNAI_AIRPORT,railway,,False,hi,devanagari,template_combinatorial,train
vadapalani to nandanam local train connectivity available?,service_availability:connectivity,VADAPALANI,service_availability,VADAPALANI,NANDANAM,suburban_rail,,False,hinglish,latin_hinglish,template_combinatorial,train
क्या कोयम्बेडु स्टेशन पर बस की सुविधा उपलब्ध है?,service_availability:station_availability,KOYAMBEDU,service_availability,KOYAMBEDU,,bus,,False,hi,devanagari,template_combinatorial,train
shenoy nagar par bus service chal rahi hai kya?,service_availability:service_status,SHENOY_NAGAR,service_availability,SHENOY_NAGAR,,bus,,False,hinglish,latin_hinglish,template_combinatorial,train
lic par bus service chal rahi hai kya?,service_availability:service_status,LIC,service_availability,LIC,,bus,,False,hinglish,latin_hinglish,template_combinatorial,train
क्या मीनांबक्कम जाने के लिए गिंडी से लोकल ट्रेन मिल जाएगी?,service_availability:destination_get,GUINDY,service_availability,GUINDY,MEENAMBAKKAM,suburban_rail,,False,hi,devanagari,template_combinatorial,train
क्या आज शेनॉय नगर से लिटिल माउंट ट्रेन चालू है?,service_availability:today_running,SHENOY_NAGAR,service_availability,SHENOY_NAGAR,LITTLE_MOUNT,railway,,False,hi,devanagari,template_combinatorial,train
एयरपोर्ट से सेंट्रल तक ट्रेन चल रही है?,service_availability:running_active,CHENNAI_AIRPORT,service_availability,CHENNAI_AIRPORT,CHENNAI_CENTRAL,railway,,False,hi,devanagari,template_combinatorial,train
क्या कोयम्बेडु मार्केट जाने के लिए किल्पॉक से मेट्रो मिल जाएगी?,service_availability:destination_get,KILPAUK,service_availability,KILPAUK,KOYAMBEDU,metro,,False,hi,devanagari,template_combinatorial,train
क्या मैं आलंदूर से सेंट्रल रेलवे स्टेशन लोकल ट्रेन से जा सकता हूँ?,service_availability:travel_feasibility,ALANDUR,service_availability,ALANDUR,CHENNAI_CENTRAL,suburban_rail,,False,hi,devanagari,template_combinatorial,train
क्या चेन्नई बीच से थाउजेंड लाइट्स जाने के लिए बस मिलेगी?,service_availability:get_mode,CHENNAI_BEACH,service_availability,CHENNAI_BEACH,THOUSAND_LIGHTS,bus,,False,hi,devanagari,template_combinatorial,train
क्या आज तिरुमंगलम से चेन्नई एग्मोर ट्रेन चालू है?,service_availability:today_running,THIRUMANGALAM,service_availability,THIRUMANGALAM,CHENNAI_EGMORE,railway,,False,hi,devanagari,template_combinatorial,train
kya chennai egmore se chennai central local train se ja sakte hai?,service_availability:travel_feasibility,CHENNAI_EGMORE,service_availability,CHENNAI_EGMORE,CHENNAI_CENTRAL,suburban_rail,,False,hinglish,latin_hinglish,template_combinatorial,train
तिरुमंगलम से टी नगर के लिए सीधी बस है?,service_availability:direct_mode,THIRUMANGALAM,service_availability,THIRUMANGALAM,NANDANAM,bus,,False,hi,devanagari,template_combinatorial,train
क्या गिंडी से ताम्बरम जाने के लिए मेट्रो मिलेगी?,service_availability:get_mode,GUINDY,service_availability,GUINDY,TAMBARAM,metro,,False,hi,devanagari,template_combinatorial,train
vadapalani and thirumangalam transit bus running today?,service_availability:today_running,VADAPALANI,service_availability,VADAPALANI,THIRUMANGALAM,bus,,False,hinglish,latin_hinglish,template_combinatorial,train
chennai central par local train service chal rahi hai kya?,service_availability:service_status,CHENNAI_CENTRAL,service_availability,CHENNAI_CENTRAL,,suburban_rail,,False,hinglish,latin_hinglish,template_combinatorial,train
सेंट्रल रेलवे स्टेशन से ताम्बरम के बीच लोकल ट्रेन चलती है क्या?,service_availability:running_check,CHENNAI_CENTRAL,service_availability,CHENNAI_CENTRAL,TAMBARAM,suburban_rail,,False,hi,devanagari,template_combinatorial,train
क्या आज वडापलानी से सेंट थॉमस माउंट लोकल ट्रेन चालू है?,service_availability:today_running,VADAPALANI,service_availability,VADAPALANI,ST_THOMAS_MOUNT,suburban_rail,,False,hi,devanagari,template_combinatorial,train
kya kilpauk se alandur metro se ja sakte hai?,service_availability:travel_feasibility,KILPAUK,service_availability,KILPAUK,ALANDUR,metro,,False,hinglish,latin_hinglish,template_combinatorial,train
एजी-डीएमएस से थाउजेंड लाइट्स के बीच मेट्रो चलती है क्या?,service_availability:running_check,AG_DMS,service_availability,AG_DMS,THOUSAND_LIGHTS,metro,,False,hi,devanagari,template_combinatorial,train
government estate to lic local train connectivity available?,service_availability:connectivity,GOVERNMENT_ESTATE,service_availability,GOVERNMENT_ESTATE,LIC,suburban_rail,,False,hinglish,latin_hinglish,template_combinatorial,train
central railway station to ag dms local train connectivity available?,service_availability:connectivity,CHENNAI_CENTRAL,service_availability,CHENNAI_CENTRAL,AG_DMS,suburban_rail,,False,hinglish,latin_hinglish,template_combinatorial,train
kya ag dms se thirumangalam local train milegi?,service_availability:get_mode,AG_DMS,service_availability,AG_DMS,THIRUMANGALAM,suburban_rail,,False,hinglish,latin_hinglish,template_combinatorial,train
kya high court se saidapet train se ja sakte hai?,service_availability:travel_feasibility,HIGH_COURT,service_availability,HIGH_COURT,SAIDAPET,railway,,False,hinglish,latin_hinglish,template_combinatorial,train
shenoy nagar to chennai airport metro connectivity available?,service_availability:connectivity,SHENOY_NAGAR,service_availability,SHENOY_NAGAR,CHENNAI_AIRPORT,metro,,False,hinglish,latin_hinglish,template_combinatorial,train
एयरपोर्ट से किल्पॉक ट्रेन कनेक्टिविटी है क्या?,service_availability:connectivity,CHENNAI_AIRPORT,service_availability,CHENNAI_AIRPORT,KILPAUK,railway,,False,hi,devanagari,template_combinatorial,train
क्या कोयम्बेडु मार्केट से सेंट्रल जाने के लिए ट्रेन मिलेगी?,service_availability:get_mode,KOYAMBEDU,service_availability,KOYAMBEDU,CHENNAI_CENTRAL,railway,,False,hi,devanagari,template_combinatorial,train
egmore par bus service chal rahi hai kya?,service_availability:service_status,CHENNAI_EGMORE,service_availability,CHENNAI_EGMORE,,bus,,False,hinglish,latin_hinglish,template_combinatorial,train
एलआईसी से टी नगर ट्रेन कनेक्टिविटी है क्या?,service_availability:connectivity,LIC,service_availability,LIC,NANDANAM,railway,,False,hi,devanagari,template_combinatorial,train
kya ashok nagar se shenoy nagar metro milegi?,service_availability:get_mode,ASHOK_NAGAR,service_availability,ASHOK_NAGAR,SHENOY_NAGAR,metro,,False,hinglish,latin_hinglish,template_combinatorial,train
चेन्नई बीच से कोयम्बेडु तक ट्रेन चल रही है?,service_availability:running_active,CHENNAI_BEACH,service_availability,CHENNAI_BEACH,KOYAMBEDU,railway,,False,hi,devanagari,template_combinatorial,train
kya chennai central se shenoy nagar bus se ja sakte hai?,service_availability:travel_feasibility,CHENNAI_CENTRAL,service_availability,CHENNAI_CENTRAL,SHENOY_NAGAR,bus,,False,hinglish,latin_hinglish,template_combinatorial,train
kya velachery se t nagar bus se ja sakte hai?,service_availability:travel_feasibility,VELACHERY,service_availability,VELACHERY,NANDANAM,bus,,False,hinglish,latin_hinglish,template_combinatorial,train
thirumangalam to chennai beach metro connectivity available?,service_availability:connectivity,THIRUMANGALAM,service_availability,THIRUMANGALAM,CHENNAI_BEACH,metro,,False,hinglish,latin_hinglish,template_combinatorial,train
क्या मैं एयरपोर्ट से वेलाचेरी ट्रेन से जा सकता हूँ?,service_availability:travel_feasibility,CHENNAI_AIRPORT,service_availability,CHENNAI_AIRPORT,VELACHERY,railway,,False,hi,devanagari,template_combinatorial,train
कोयम्बेडु से नेहरू पार्क जाने के लिए मेट्रो सेवा चालू है কি?,service_availability:service_status,KOYAMBEDU,service_availability,KOYAMBEDU,NEHRU_PARK,metro,,False,hi,devanagari,template_combinatorial,train
kya chennai beach se government estate train milegi?,service_availability:get_mode,CHENNAI_BEACH,service_availability,CHENNAI_BEACH,GOVERNMENT_ESTATE,railway,,False,hinglish,latin_hinglish,template_combinatorial,train
सीएमबीटी से चेन्नई सेंट्रल लोकल ट्रेन कनेक्टिविटी है क्या?,service_availability:connectivity,CMBT,service_availability,CMBT,CHENNAI_CENTRAL,suburban_rail,,False,hi,devanagari,template_combinatorial,train
t nagar to cmbt local train connectivity available?,service_availability:connectivity,NANDANAM,service_availability,NANDANAM,CMBT,suburban_rail,,False,hinglish,latin_hinglish,template_combinatorial,train
kya st thomas mount se little mount train se ja sakte hai?,service_availability:travel_feasibility,ST_THOMAS_MOUNT,service_availability,ST_THOMAS_MOUNT,LITTLE_MOUNT,railway,,False,hinglish,latin_hinglish,template_combinatorial,train
meenambakkam par metro service chal rahi hai kya?,service_availability:service_status,MEENAMBAKKAM,service_availability,MEENAMBAKKAM,,metro,,False,hinglish,latin_hinglish,template_combinatorial,train
kya vadapalani se cmbt bus milegi?,service_availability:get_mode,VADAPALANI,service_availability,VADAPALANI,CMBT,bus,,False,hinglish,latin_hinglish,template_combinatorial,train
kya egmore se st thomas mount metro milegi?,service_availability:get_mode,CHENNAI_EGMORE,service_availability,CHENNAI_EGMORE,ST_THOMAS_MOUNT,metro,,False,hinglish,latin_hinglish,template_combinatorial,train
क्या नंदनम जाने के लिए सेंट्रल से बस मिल जाएगी?,service_availability:destination_get,CHENNAI_CENTRAL,service_availability,CHENNAI_CENTRAL,NANDANAM,bus,,False,hi,devanagari,template_combinatorial,train
किल्पॉक से लिटिल माउंट तक बस चल रही है?,service_availability:running_active,KILPAUK,service_availability,KILPAUK,LITTLE_MOUNT,bus,,False,hi,devanagari,template_combinatorial,train
ashok nagar to cmbt train connectivity available?,service_availability:connectivity,ASHOK_NAGAR,service_availability,ASHOK_NAGAR,CMBT,railway,,False,hinglish,latin_hinglish,template_combinatorial,train
क्या थाउजेंड लाइट्स से गवर्नमेंट एस्टेट जाने के लिए मेट्रो मिलेगी?,service_availability:get_mode,THOUSAND_LIGHTS,service_availability,THOUSAND_LIGHTS,GOVERNMENT_ESTATE,metro,,False,hi,devanagari,template_combinatorial,train
guindy se meenambakkam direct local train hai kya?,service_availability:direct_mode,GUINDY,service_availability,GUINDY,MEENAMBAKKAM,suburban_rail,,False,hinglish,latin_hinglish,template_combinatorial,train
क्या सेंट्रल रेलवे स्टेशन स्टेशन पर मेट्रो की सुविधा उपलब्ध है?,service_availability:station_availability,CHENNAI_CENTRAL,service_availability,CHENNAI_CENTRAL,,metro,,False,hi,devanagari,template_combinatorial,train
एयरपोर्ट से अशोक नगर जाने के लिए लोकल ट्रेन सेवा चालू है কি?,service_availability:service_status,CHENNAI_AIRPORT,service_availability,CHENNAI_AIRPORT,ASHOK_NAGAR,suburban_rail,,False,hi,devanagari,template_combinatorial,train
kya thirumangalam se teynampet bus milegi?,service_availability:get_mode,THIRUMANGALAM,service_availability,THIRUMANGALAM,TEYNAMPET,bus,,False,hinglish,latin_hinglish,template_combinatorial,train
शेनॉय नगर से सेंट थॉमस माउंट जाने के लिए ट्रेन सेवा चालू है কি?,service_availability:service_status,SHENOY_NAGAR,service_availability,SHENOY_NAGAR,ST_THOMAS_MOUNT,railway,,False,hi,devanagari,template_combinatorial,train
kya high court se vadapalani bus milegi?,service_availability:get_mode,HIGH_COURT,service_availability,HIGH_COURT,VADAPALANI,bus,,False,hinglish,latin_hinglish,template_combinatorial,train
thousand lights se koyambedu direct bus hai kya?,service_availability:direct_mode,THOUSAND_LIGHTS,service_availability,THOUSAND_LIGHTS,KOYAMBEDU,bus,,False,hinglish,latin_hinglish,template_combinatorial,train
kya koyambedu se meenambakkam train se ja sakte hai?,service_availability:travel_feasibility,KOYAMBEDU,service_availability,KOYAMBEDU,MEENAMBAKKAM,railway,,False,hinglish,latin_hinglish,template_combinatorial,train
tambaram se cmbt direct metro hai kya?,service_availability:direct_mode,TAMBARAM,service_availability,TAMBARAM,CMBT,metro,,False,hinglish,latin_hinglish,template_combinatorial,train
चेन्नई एग्मोर से ताम्बरम के बीच लोकल ट्रेन चलती है क्या?,service_availability:running_check,CHENNAI_EGMORE,service_availability,CHENNAI_EGMORE,TAMBARAM,suburban_rail,,False,hi,devanagari,template_combinatorial,train
थाउजेंड लाइट्स से सेंट्रल तक लोकल ट्रेन चल रही है?,service_availability:running_active,THOUSAND_LIGHTS,service_availability,THOUSAND_LIGHTS,CHENNAI_CENTRAL,suburban_rail,,False,hi,devanagari,template_combinatorial,train
नंदनम से सेंट थॉमस माउंट के लिए सीधी ट्रेन है?,service_availability:direct_mode,NANDANAM,service_availability,NANDANAM,ST_THOMAS_MOUNT,railway,,False,hi,devanagari,template_combinatorial,train
guindy and chennai beach transit local train running today?,service_availability:today_running,GUINDY,service_availability,GUINDY,CHENNAI_BEACH,suburban_rail,,False,hinglish,latin_hinglish,template_combinatorial,train
kya little mount se egmore bus se ja sakte hai?,service_availability:travel_feasibility,LITTLE_MOUNT,service_availability,LITTLE_MOUNT,CHENNAI_EGMORE,bus,,False,hinglish,latin_hinglish,template_combinatorial,train
airport se chennai central direct bus hai kya?,service_availability:direct_mode,CHENNAI_AIRPORT,service_availability,CHENNAI_AIRPORT,CHENNAI_CENTRAL,bus,,False,hinglish,latin_hinglish,template_combinatorial,train
एजी-डीएमएस से कोयम्बेडु मार्केट तक मेट्रो चल रही है?,service_availability:running_active,AG_DMS,service_availability,AG_DMS,KOYAMBEDU,metro,,False,hi,devanagari,template_combinatorial,train
हाई कोर्ट से चेन्नई सेंट्रल के बीच ट्रेन चलती है क्या?,service_availability:running_check,HIGH_COURT,service_availability,HIGH_COURT,CHENNAI_CENTRAL,railway,,False,hi,devanagari,template_combinatorial,train
सेंट्रल रेलवे स्टेशन से सैदापेट जाने के लिए बस सेवा चालू है কি?,service_availability:service_status,CHENNAI_CENTRAL,service_availability,CHENNAI_CENTRAL,SAIDAPET,bus,,False,hi,devanagari,template_combinatorial,train
क्या एलआईसी स्टेशन पर लोकल ट्रेन की सुविधा उपलब्ध है?,service_availability:station_availability,LIC,service_availability,LIC,,suburban_rail,,False,hi,devanagari,template_combinatorial,train
एजी-डीएमएस से किल्पॉक तक बस चल रही है?,service_availability:running_active,AG_DMS,service_availability,AG_DMS,KILPAUK,bus,,False,hi,devanagari,template_combinatorial,train
अशोक नगर पर ट्रेन का संचालन हो रहा है क्या?,service_availability:operational_status,ASHOK_NAGAR,service_availability,ASHOK_NAGAR,,railway,,False,hi,devanagari,template_combinatorial,train
t nagar se shenoy nagar direct local train hai kya?,service_availability:direct_mode,NANDANAM,service_availability,NANDANAM,SHENOY_NAGAR,suburban_rail,,False,hinglish,latin_hinglish,template_combinatorial,train
thousand lights and vadapalani transit train running today?,service_availability:today_running,THOUSAND_LIGHTS,service_availability,THOUSAND_LIGHTS,VADAPALANI,railway,,False,hinglish,latin_hinglish,template_combinatorial,train
सैदापेट से गिंडी लोकल ट्रेन कनेक्टिविटी है क्या?,service_availability:connectivity,SAIDAPET,service_availability,SAIDAPET,GUINDY,suburban_rail,,False,hi,devanagari,template_combinatorial,train
क्या किल्पॉक स्टेशन पर लोकल ट्रेन की सुविधा उपलब्ध है?,service_availability:station_availability,KILPAUK,service_availability,KILPAUK,,suburban_rail,,False,hi,devanagari,template_combinatorial,train
क्या आज थाउजेंड लाइट्स से कोयम्बेडु मेट्रो चालू है?,service_availability:today_running,THOUSAND_LIGHTS,service_availability,THOUSAND_LIGHTS,KOYAMBEDU,metro,,False,hi,devanagari,template_combinatorial,train
क्या सीएमबीटी स्टेशन पर मेट्रो की सुविधा उपलब्ध है?,service_availability:station_availability,CMBT,service_availability,CMBT,,metro,,False,hi,devanagari,template_combinatorial,train
government estate and chennai egmore transit bus running today?,service_availability:today_running,GOVERNMENT_ESTATE,service_availability,GOVERNMENT_ESTATE,CHENNAI_EGMORE,bus,,False,hinglish,latin_hinglish,template_combinatorial,train
kya chennai airport se government estate metro se ja sakte hai?,service_availability:travel_feasibility,CHENNAI_AIRPORT,service_availability,CHENNAI_AIRPORT,GOVERNMENT_ESTATE,metro,,False,hinglish,latin_hinglish,template_combinatorial,train
मीनांबक्कम से तिरुमंगलम मेट्रो कनेक्टिविटी है क्या?,service_availability:connectivity,MEENAMBAKKAM,service_availability,MEENAMBAKKAM,THIRUMANGALAM,metro,,False,hi,devanagari,template_combinatorial,train
chennai beach par metro service chal rahi hai kya?,service_availability:service_status,CHENNAI_BEACH,service_availability,CHENNAI_BEACH,,metro,,False,hinglish,latin_hinglish,template_combinatorial,train
मीनांबक्कम से चेन्नई बीच तक बस चल रही है?,service_availability:running_active,MEENAMBAKKAM,service_availability,MEENAMBAKKAM,CHENNAI_BEACH,bus,,False,hi,devanagari,template_combinatorial,train
वेलाचेरी से चेन्नई सेंट्रल जाने के लिए बस सेवा चालू है কি?,service_availability:service_status,VELACHERY,service_availability,VELACHERY,CHENNAI_CENTRAL,bus,,False,hi,devanagari,template_combinatorial,train
teynampet par local train service chal rahi hai kya?,service_availability:service_status,TEYNAMPET,service_availability,TEYNAMPET,,suburban_rail,,False,hinglish,latin_hinglish,template_combinatorial,train
ताम्बरम से हाई कोर्ट मेट्रो कनेक्टिविटी है क्या?,service_availability:connectivity,TAMBARAM,service_availability,TAMBARAM,HIGH_COURT,metro,,False,hi,devanagari,template_combinatorial,train
क्या चेन्नई एयरपोर्ट से अन्ना नगर जाने के लिए लोकल ट्रेन मिलेगी?,service_availability:get_mode,CHENNAI_AIRPORT,service_availability,CHENNAI_AIRPORT,ANNA_NAGAR,suburban_rail,,False,hi,devanagari,template_combinatorial,train
kilpauk par bus service chal rahi hai kya?,service_availability:service_status,KILPAUK,service_availability,KILPAUK,,bus,,False,hinglish,latin_hinglish,template_combinatorial,train
चेन्नई सेंट्रल से वडापलानी बस कनेक्टिविटी है क्या?,service_availability:connectivity,CHENNAI_CENTRAL,service_availability,CHENNAI_CENTRAL,VADAPALANI,bus,,False,hi,devanagari,template_combinatorial,train
kya egmore se ashok nagar local train milegi?,service_availability:get_mode,CHENNAI_EGMORE,service_availability,CHENNAI_EGMORE,ASHOK_NAGAR,suburban_rail,,False,hinglish,latin_hinglish,template_combinatorial,train
kya high court se thirumangalam local train milegi?,service_availability:get_mode,HIGH_COURT,service_availability,HIGH_COURT,THIRUMANGALAM,suburban_rail,,False,hinglish,latin_hinglish,template_combinatorial,train
सैदापेट से वेलाचेरी लोकल ट्रेन कनेक्टिविटी है क्या?,service_availability:connectivity,SAIDAPET,service_availability,SAIDAPET,VELACHERY,suburban_rail,,False,hi,devanagari,template_combinatorial,train
क्या टी नगर स्टेशन पर मेट्रो की सुविधा उपलब्ध है?,service_availability:station_availability,NANDANAM,service_availability,NANDANAM,,metro,,False,hi,devanagari,template_combinatorial,train
क्या मैं एग्मोर से एजी-डीएमएस बस से जा सकता हूँ?,service_availability:travel_feasibility,CHENNAI_EGMORE,service_availability,CHENNAI_EGMORE,AG_DMS,bus,,False,hi,devanagari,template_combinatorial,train
अशोक नगर से तेनामपेट के लिए सीधी लोकल ट्रेन है?,service_availability:direct_mode,ASHOK_NAGAR,service_availability,ASHOK_NAGAR,TEYNAMPET,suburban_rail,,False,hi,devanagari,template_combinatorial,train
kya egmore se anna nagar bus se ja sakte hai?,service_availability:travel_feasibility,CHENNAI_EGMORE,service_availability,CHENNAI_EGMORE,ANNA_NAGAR,bus,,False,hinglish,latin_hinglish,template_combinatorial,train
आलंदूर से तिरुमंगलम जाने के लिए बस सेवा चालू है কি?,service_availability:service_status,ALANDUR,service_availability,ALANDUR,THIRUMANGALAM,bus,,False,hi,devanagari,template_combinatorial,train
क्या सेंट थॉमस माउंट जाने के लिए ताम्बरम से बस मिल जाएगी?,service_availability:destination_get,TAMBARAM,service_availability,TAMBARAM,ST_THOMAS_MOUNT,bus,,False,hi,devanagari,template_combinatorial,train
thirumangalam to velachery bus connectivity available?,service_availability:connectivity,THIRUMANGALAM,service_availability,THIRUMANGALAM,VELACHERY,bus,,False,hinglish,latin_hinglish,template_combinatorial,train
lic to guindy metro connectivity available?,service_availability:connectivity,LIC,service_availability,LIC,GUINDY,metro,,False,hinglish,latin_hinglish,template_combinatorial,train
kya meenambakkam se chennai central metro milegi?,service_availability:get_mode,MEENAMBAKKAM,service_availability,MEENAMBAKKAM,CHENNAI_CENTRAL,metro,,False,hinglish,latin_hinglish,template_combinatorial,train
अशोक नगर से सेंट थॉमस माउंट जाने के लिए लोकल ट्रेन सेवा चालू है কি?,service_availability:service_status,ASHOK_NAGAR,service_availability,ASHOK_NAGAR,ST_THOMAS_MOUNT,suburban_rail,,False,hi,devanagari,template_combinatorial,train
क्या आज सेंट थॉमस माउंट से नेहरू पार्क ट्रेन चालू है?,service_availability:today_running,ST_THOMAS_MOUNT,service_availability,ST_THOMAS_MOUNT,NEHRU_PARK,railway,,False,hi,devanagari,template_combinatorial,train
chennai egmore se ashok nagar direct train hai kya?,service_availability:direct_mode,CHENNAI_EGMORE,service_availability,CHENNAI_EGMORE,ASHOK_NAGAR,railway,,False,hinglish,latin_hinglish,template_combinatorial,train
सेंट्रल रेलवे स्टेशन से थाउजेंड लाइट्स तक ट्रेन चल रही है?,service_availability:running_active,CHENNAI_CENTRAL,service_availability,CHENNAI_CENTRAL,THOUSAND_LIGHTS,railway,,False,hi,devanagari,template_combinatorial,train
क्या आज गिंडी से सैदापेट मेट्रो चालू है?,service_availability:today_running,GUINDY,service_availability,GUINDY,SAIDAPET,metro,,False,hi,devanagari,template_combinatorial,train
क्या अशोक नगर स्टेशन पर मेट्रो की सुविधा उपलब्ध है?,service_availability:station_availability,ASHOK_NAGAR,service_availability,ASHOK_NAGAR,,metro,,False,hi,devanagari,template_combinatorial,train
ag dms to airport local train connectivity available?,service_availability:connectivity,AG_DMS,service_availability,AG_DMS,CHENNAI_AIRPORT,suburban_rail,,False,hinglish,latin_hinglish,template_combinatorial,train
alandur par local train service chal rahi hai kya?,service_availability:service_status,ALANDUR,service_availability,ALANDUR,,suburban_rail,,False,hinglish,latin_hinglish,template_combinatorial,train
एजी-डीएमएस से गवर्नमेंट एस्टेट के लिए सीधी लोकल ट्रेन है?,service_availability:direct_mode,AG_DMS,service_availability,AG_DMS,GOVERNMENT_ESTATE,suburban_rail,,False,hi,devanagari,template_combinatorial,train
क्या मैं नंदनम से गिंडी बस से जा सकता हूँ?,service_availability:travel_feasibility,NANDANAM,service_availability,NANDANAM,GUINDY,bus,,False,hi,devanagari,template_combinatorial,train
क्या एयरपोर्ट जाने के लिए चेन्नई बीच से लोकल ट्रेन मिल जाएगी?,service_availability:destination_get,CHENNAI_BEACH,service_availability,CHENNAI_BEACH,CHENNAI_AIRPORT,suburban_rail,,False,hi,devanagari,template_combinatorial,train
तेनामपेट से एलआईसी तक बस चल रही है?,service_availability:running_active,TEYNAMPET,service_availability,TEYNAMPET,LIC,bus,,False,hi,devanagari,template_combinatorial,train
st thomas mount se chennai central direct bus hai kya?,service_availability:direct_mode,ST_THOMAS_MOUNT,service_availability,ST_THOMAS_MOUNT,CHENNAI_CENTRAL,bus,,False,hinglish,latin_hinglish,template_combinatorial,train
shenoy nagar se high court direct local train hai kya?,service_availability:direct_mode,SHENOY_NAGAR,service_availability,SHENOY_NAGAR,HIGH_COURT,suburban_rail,,False,hinglish,latin_hinglish,template_combinatorial,train
st thomas mount par metro service chal rahi hai kya?,service_availability:service_status,ST_THOMAS_MOUNT,service_availability,ST_THOMAS_MOUNT,,metro,,False,hinglish,latin_hinglish,template_combinatorial,train
kya thirumangalam se ag dms local train se ja sakte hai?,service_availability:travel_feasibility,THIRUMANGALAM,service_availability,THIRUMANGALAM,AG_DMS,suburban_rail,,False,hinglish,latin_hinglish,template_combinatorial,train
क्या आज किल्पॉक से गवर्नमेंट एस्टेट मेट्रो चालू है?,service_availability:today_running,KILPAUK,service_availability,KILPAUK,GOVERNMENT_ESTATE,metro,,False,hi,devanagari,template_combinatorial,train
kya chennai beach se alandur local train se ja sakte hai?,service_availability:travel_feasibility,CHENNAI_BEACH,service_availability,CHENNAI_BEACH,ALANDUR,suburban_rail,,False,hinglish,latin_hinglish,template_combinatorial,train
एजी-डीएमएस से थाउजेंड लाइट्स जाने के लिए मेट्रो सेवा चालू है কি?,service_availability:service_status,AG_DMS,service_availability,AG_DMS,THOUSAND_LIGHTS,metro,,False,hi,devanagari,template_combinatorial,train
kya kilpauk se government estate local train se ja sakte hai?,service_availability:travel_feasibility,KILPAUK,service_availability,KILPAUK,GOVERNMENT_ESTATE,suburban_rail,,False,hinglish,latin_hinglish,template_combinatorial,train
नेहरू पार्क पर ट्रेन का संचालन हो रहा है क्या?,service_availability:operational_status,NEHRU_PARK,service_availability,NEHRU_PARK,,railway,,False,hi,devanagari,template_combinatorial,train
चेन्नई एयरपोर्ट पर बस का संचालन हो रहा है क्या?,service_availability:operational_status,CHENNAI_AIRPORT,service_availability,CHENNAI_AIRPORT,,bus,,False,hi,devanagari,template_combinatorial,train
kya airport se central railway station train milegi?,service_availability:get_mode,CHENNAI_AIRPORT,service_availability,CHENNAI_AIRPORT,CHENNAI_CENTRAL,railway,,False,hinglish,latin_hinglish,template_combinatorial,train
chennai airport se lic direct train hai kya?,service_availability:direct_mode,CHENNAI_AIRPORT,service_availability,CHENNAI_AIRPORT,LIC,railway,,False,hinglish,latin_hinglish,template_combinatorial,train
ashok nagar to little mount bus connectivity available?,service_availability:connectivity,ASHOK_NAGAR,service_availability,ASHOK_NAGAR,LITTLE_MOUNT,bus,,False,hinglish,latin_hinglish,template_combinatorial,train
central se egmore direct local train hai kya?,service_availability:direct_mode,CHENNAI_CENTRAL,service_availability,CHENNAI_CENTRAL,CHENNAI_EGMORE,suburban_rail,,False,hinglish,latin_hinglish,template_combinatorial,train
सैदापेट से टी नगर जाने के लिए लोकल ट्रेन सेवा चालू है কি?,service_availability:service_status,SAIDAPET,service_availability,SAIDAPET,NANDANAM,suburban_rail,,False,hi,devanagari,template_combinatorial,train
हाई कोर्ट से गिंडी के बीच ट्रेन चलती है क्या?,service_availability:running_check,HIGH_COURT,service_availability,HIGH_COURT,GUINDY,railway,,False,hi,devanagari,template_combinatorial,train
क्या हाई कोर्ट जाने के लिए तेनामपेट से लोकल ट्रेन मिल जाएगी?,service_availability:destination_get,TEYNAMPET,service_availability,TEYNAMPET,HIGH_COURT,suburban_rail,,False,hi,devanagari,template_combinatorial,train
क्या हाई कोर्ट स्टेशन पर बस की सुविधा उपलब्ध है?,service_availability:station_availability,HIGH_COURT,service_availability,HIGH_COURT,,bus,,False,hi,devanagari,template_combinatorial,train
क्या वडापलानी स्टेशन पर लोकल ट्रेन की सुविधा उपलब्ध है?,service_availability:station_availability,VADAPALANI,service_availability,VADAPALANI,,suburban_rail,,False,hi,devanagari,template_combinatorial,train
anna nagar se chennai central direct metro hai kya?,service_availability:direct_mode,ANNA_NAGAR,service_availability,ANNA_NAGAR,CHENNAI_CENTRAL,metro,,False,hinglish,latin_hinglish,template_combinatorial,train
क्या आज कोयम्बेडु से एलआईसी लोकल ट्रेन चालू है?,service_availability:today_running,KOYAMBEDU,service_availability,KOYAMBEDU,LIC,suburban_rail,,False,hi,devanagari,template_combinatorial,train
ashok nagar and kilpauk transit metro running today?,service_availability:today_running,ASHOK_NAGAR,service_availability,ASHOK_NAGAR,KILPAUK,metro,,False,hinglish,latin_hinglish,template_combinatorial,train
एजी-डीएमएस से नंदनम के लिए सीधी ट्रेन है?,service_availability:direct_mode,AG_DMS,service_availability,AG_DMS,NANDANAM,railway,,False,hi,devanagari,template_combinatorial,train
ag dms and kilpauk transit local train running today?,service_availability:today_running,AG_DMS,service_availability,AG_DMS,KILPAUK,suburban_rail,,False,hinglish,latin_hinglish,template_combinatorial,train
vadapalani to anna nagar local train connectivity available?,service_availability:connectivity,VADAPALANI,service_availability,VADAPALANI,ANNA_NAGAR,suburban_rail,,False,hinglish,latin_hinglish,template_combinatorial,train
kya alandur se cmbt local train milegi?,service_availability:get_mode,ALANDUR,service_availability,ALANDUR,CMBT,suburban_rail,,False,hinglish,latin_hinglish,template_combinatorial,train
kya ashok nagar se vadapalani bus milegi?,service_availability:get_mode,ASHOK_NAGAR,service_availability,ASHOK_NAGAR,VADAPALANI,bus,,False,hinglish,latin_hinglish,template_combinatorial,train
चेन्नई सेंट्रल पर बस का संचालन हो रहा है क्या?,service_availability:operational_status,CHENNAI_CENTRAL,service_availability,CHENNAI_CENTRAL,,bus,,False,hi,devanagari,template_combinatorial,train
chennai egmore se tambaram direct train hai kya?,service_availability:direct_mode,CHENNAI_EGMORE,service_availability,CHENNAI_EGMORE,TAMBARAM,railway,,False,hinglish,latin_hinglish,template_combinatorial,train
क्या आज एयरपोर्ट से किल्पॉक ट्रेन चालू है?,service_availability:today_running,CHENNAI_AIRPORT,service_availability,CHENNAI_AIRPORT,KILPAUK,railway,,False,hi,devanagari,template_combinatorial,train
क्या मैं ताम्बरम से एलआईसी मेट्रो से जा सकता हूँ?,service_availability:travel_feasibility,TAMBARAM,service_availability,TAMBARAM,LIC,metro,,False,hi,devanagari,template_combinatorial,train
हवाई अड्डा से तिरुमंगलम के लिए सीधी ट्रेन है?,service_availability:direct_mode,CHENNAI_AIRPORT,service_availability,CHENNAI_AIRPORT,THIRUMANGALAM,railway,,False,hi,devanagari,template_combinatorial,train
vadapalani se koyambedu direct train hai kya?,service_availability:direct_mode,VADAPALANI,service_availability,VADAPALANI,KOYAMBEDU,railway,,False,hinglish,latin_hinglish,template_combinatorial,train
kya nehru park se tambaram train milegi?,service_availability:get_mode,NEHRU_PARK,service_availability,NEHRU_PARK,TAMBARAM,railway,,False,hinglish,latin_hinglish,template_combinatorial,train
kya chennai egmore se central local train se ja sakte hai?,service_availability:travel_feasibility,CHENNAI_EGMORE,service_availability,CHENNAI_EGMORE,CHENNAI_CENTRAL,suburban_rail,,False,hinglish,latin_hinglish,template_combinatorial,train
हाई कोर्ट पर मेट्रो का संचालन हो रहा है क्या?,service_availability:operational_status,HIGH_COURT,service_availability,HIGH_COURT,,metro,,False,hi,devanagari,template_combinatorial,train
shenoy nagar to thousand lights train connectivity available?,service_availability:connectivity,SHENOY_NAGAR,service_availability,SHENOY_NAGAR,THOUSAND_LIGHTS,railway,,False,hinglish,latin_hinglish,template_combinatorial,train
क्या ताम्बरम स्टेशन पर बस की सुविधा उपलब्ध है?,service_availability:station_availability,TAMBARAM,service_availability,TAMBARAM,,bus,,False,hi,devanagari,template_combinatorial,train
टी नगर से नेहरू पार्क जाने के लिए बस सेवा चालू है কি?,service_availability:service_status,NANDANAM,service_availability,NANDANAM,NEHRU_PARK,bus,,False,hi,devanagari,template_combinatorial,train
saidapet se ashok nagar direct local train hai kya?,service_availability:direct_mode,SAIDAPET,service_availability,SAIDAPET,ASHOK_NAGAR,suburban_rail,,False,hinglish,latin_hinglish,template_combinatorial,train
क्या चेन्नई सेंट्रल स्टेशन पर ट्रेन की सुविधा उपलब्ध है?,service_availability:station_availability,CHENNAI_CENTRAL,service_availability,CHENNAI_CENTRAL,,railway,,False,hi,devanagari,template_combinatorial,train
क्या एलआईसी जाने के लिए हाई कोर्ट से बस मिल जाएगी?,service_availability:destination_get,HIGH_COURT,service_availability,HIGH_COURT,LIC,bus,,False,hi,devanagari,template_combinatorial,train
kya koyambedu se airport metro se ja sakte hai?,service_availability:travel_feasibility,KOYAMBEDU,service_availability,KOYAMBEDU,CHENNAI_AIRPORT,metro,,False,hinglish,latin_hinglish,template_combinatorial,train
alandur se central railway station direct bus hai kya?,service_availability:direct_mode,ALANDUR,service_availability,ALANDUR,CHENNAI_CENTRAL,bus,,False,hinglish,latin_hinglish,template_combinatorial,train
airport to central train connectivity available?,service_availability:connectivity,CHENNAI_AIRPORT,service_availability,CHENNAI_AIRPORT,CHENNAI_CENTRAL,railway,,False,hinglish,latin_hinglish,template_combinatorial,train
किल्पॉक से चेन्नई एग्मोर तक लोकल ट्रेन चल रही है?,service_availability:running_active,KILPAUK,service_availability,KILPAUK,CHENNAI_EGMORE,suburban_rail,,False,hi,devanagari,template_combinatorial,train
kya chennai central se high court bus milegi?,service_availability:get_mode,CHENNAI_CENTRAL,service_availability,CHENNAI_CENTRAL,HIGH_COURT,bus,,False,hinglish,latin_hinglish,template_combinatorial,train
thousand lights and chennai egmore transit local train running today?,service_availability:today_running,THOUSAND_LIGHTS,service_availability,THOUSAND_LIGHTS,CHENNAI_EGMORE,suburban_rail,,False,hinglish,latin_hinglish,template_combinatorial,train
एग्मोर पर लोकल ट्रेन का संचालन हो रहा है क्या?,service_availability:operational_status,CHENNAI_EGMORE,service_availability,CHENNAI_EGMORE,,suburban_rail,,False,hi,devanagari,template_combinatorial,train
airport to chennai egmore bus connectivity available?,service_availability:connectivity,CHENNAI_AIRPORT,service_availability,CHENNAI_AIRPORT,CHENNAI_EGMORE,bus,,False,hinglish,latin_hinglish,template_combinatorial,train
ताम्बरम से हाई कोर्ट के लिए सीधी बस है?,service_availability:direct_mode,TAMBARAM,service_availability,TAMBARAM,HIGH_COURT,bus,,False,hi,devanagari,template_combinatorial,train
एजी-डीएमएस से एयरपोर्ट के बीच लोकल ट्रेन चलती है क्या?,service_availability:running_check,AG_DMS,service_availability,AG_DMS,CHENNAI_AIRPORT,suburban_rail,,False,hi,devanagari,template_combinatorial,train
तेनामपेट पर मेट्रो का संचालन हो रहा है क्या?,service_availability:operational_status,TEYNAMPET,service_availability,TEYNAMPET,,metro,,False,hi,devanagari,template_combinatorial,train
teynampet se government estate direct bus hai kya?,service_availability:direct_mode,TEYNAMPET,service_availability,TEYNAMPET,GOVERNMENT_ESTATE,bus,,False,hinglish,latin_hinglish,template_combinatorial,train
गवर्नमेंट एस्टेट से तेनामपेट जाने के लिए ट्रेन सेवा चालू है কি?,service_availability:service_status,GOVERNMENT_ESTATE,service_availability,GOVERNMENT_ESTATE,TEYNAMPET,railway,,False,hi,devanagari,template_combinatorial,train
वेलाचेरी से आलंदूर जाने के लिए ट्रेन सेवा चालू है কি?,service_availability:service_status,VELACHERY,service_availability,VELACHERY,ALANDUR,railway,,False,hi,devanagari,template_combinatorial,train
किल्पॉक पर लोकल ट्रेन का संचालन हो रहा है क्या?,service_availability:operational_status,KILPAUK,service_availability,KILPAUK,,suburban_rail,,False,hi,devanagari,template_combinatorial,train
क्या थाउजेंड लाइट्स स्टेशन पर मेट्रो की सुविधा उपलब्ध है?,service_availability:station_availability,THOUSAND_LIGHTS,service_availability,THOUSAND_LIGHTS,,metro,,False,hi,devanagari,template_combinatorial,train
क्या मैं सेंट्रल से गिंडी लोकल ट्रेन से जा सकता हूँ?,service_availability:travel_feasibility,CHENNAI_CENTRAL,service_availability,CHENNAI_CENTRAL,GUINDY,suburban_rail,,False,hi,devanagari,template_combinatorial,train
velachery to government estate metro connectivity available?,service_availability:connectivity,VELACHERY,service_availability,VELACHERY,GOVERNMENT_ESTATE,metro,,False,hinglish,latin_hinglish,template_combinatorial,train
नेहरू पार्क पर बस का संचालन हो रहा है क्या?,service_availability:operational_status,NEHRU_PARK,service_availability,NEHRU_PARK,,bus,,False,hi,devanagari,template_combinatorial,train
kilpauk to vadapalani local train connectivity available?,service_availability:connectivity,KILPAUK,service_availability,KILPAUK,VADAPALANI,suburban_rail,,False,hinglish,latin_hinglish,template_combinatorial,train
velachery and egmore transit local train running today?,service_availability:today_running,VELACHERY,service_availability,VELACHERY,CHENNAI_EGMORE,suburban_rail,,False,hinglish,latin_hinglish,template_combinatorial,train
लिटिल माउंट से एयरपोर्ट के बीच लोकल ट्रेन चलती है क्या?,service_availability:running_check,LITTLE_MOUNT,service_availability,LITTLE_MOUNT,CHENNAI_AIRPORT,suburban_rail,,False,hi,devanagari,template_combinatorial,train
chennai airport and nandanam transit metro running today?,service_availability:today_running,CHENNAI_AIRPORT,service_availability,CHENNAI_AIRPORT,NANDANAM,metro,,False,hinglish,latin_hinglish,template_combinatorial,train
शेनॉय नगर से नंदनम जाने के लिए ट्रेन सेवा चालू है কি?,service_availability:service_status,SHENOY_NAGAR,service_availability,SHENOY_NAGAR,NANDANAM,railway,,False,hi,devanagari,template_combinatorial,train
क्या चेन्नई बीच से चेन्नई सेंट्रल जाने के लिए ट्रेन मिलेगी?,service_availability:get_mode,CHENNAI_BEACH,service_availability,CHENNAI_BEACH,CHENNAI_CENTRAL,railway,,False,hi,devanagari,template_combinatorial,train
कोयम्बेडु मार्केट से चेन्नई एग्मोर के लिए सीधी ट्रेन है?,service_availability:direct_mode,KOYAMBEDU,service_availability,KOYAMBEDU,CHENNAI_EGMORE,railway,,False,hi,devanagari,template_combinatorial,train
क्या आज सेंट थॉमस माउंट से चेन्नई एयरपोर्ट बस चालू है?,service_availability:today_running,ST_THOMAS_MOUNT,service_availability,ST_THOMAS_MOUNT,CHENNAI_AIRPORT,bus,,False,hi,devanagari,template_combinatorial,train
guindy and cmbt transit local train running today?,service_availability:today_running,GUINDY,service_availability,GUINDY,CMBT,suburban_rail,,False,hinglish,latin_hinglish,template_combinatorial,train
cmbt and guindy transit train running today?,service_availability:today_running,CMBT,service_availability,CMBT,GUINDY,railway,,False,hinglish,latin_hinglish,template_combinatorial,train
क्या थाउजेंड लाइट्स स्टेशन पर बस की सुविधा उपलब्ध है?,service_availability:station_availability,THOUSAND_LIGHTS,service_availability,THOUSAND_LIGHTS,,bus,,False,hi,devanagari,template_combinatorial,train
मीनांबक्कम पर बस का संचालन हो रहा है क्या?,service_availability:operational_status,MEENAMBAKKAM,service_availability,MEENAMBAKKAM,,bus,,False,hi,devanagari,template_combinatorial,train
t nagar par local train service chal rahi hai kya?,service_availability:service_status,NANDANAM,service_availability,NANDANAM,,suburban_rail,,False,hinglish,latin_hinglish,template_combinatorial,train
kya chennai beach se government estate local train se ja sakte hai?,service_availability:travel_feasibility,CHENNAI_BEACH,service_availability,CHENNAI_BEACH,GOVERNMENT_ESTATE,suburban_rail,,False,hinglish,latin_hinglish,template_combinatorial,train
क्या आज नंदनम से कोयम्बेडु मार्केट ट्रेन चालू है?,service_availability:today_running,NANDANAM,service_availability,NANDANAM,KOYAMBEDU,railway,,False,hi,devanagari,template_combinatorial,train
chennai beach to ag dms bus connectivity available?,service_availability:connectivity,CHENNAI_BEACH,service_availability,CHENNAI_BEACH,AG_DMS,bus,,False,hinglish,latin_hinglish,template_combinatorial,train
ashok nagar se chennai central direct local train hai kya?,service_availability:direct_mode,ASHOK_NAGAR,service_availability,ASHOK_NAGAR,CHENNAI_CENTRAL,suburban_rail,,False,hinglish,latin_hinglish,template_combinatorial,train
क्या वडापलानी से टी नगर जाने के लिए ट्रेन मिलेगी?,service_availability:get_mode,VADAPALANI,service_availability,VADAPALANI,NANDANAM,railway,,False,hi,devanagari,template_combinatorial,train
velachery to kilpauk local train connectivity available?,service_availability:connectivity,VELACHERY,service_availability,VELACHERY,KILPAUK,suburban_rail,,False,hinglish,latin_hinglish,template_combinatorial,train
क्या सेंट्रल रेलवे स्टेशन जाने के लिए मीनांबक्कम से लोकल ट्रेन मिल जाएगी?,service_availability:destination_get,MEENAMBAKKAM,service_availability,MEENAMBAKKAM,CHENNAI_CENTRAL,suburban_rail,,False,hi,devanagari,template_combinatorial,train
chennai beach par local train service chal rahi hai kya?,service_availability:service_status,CHENNAI_BEACH,service_availability,CHENNAI_BEACH,,suburban_rail,,False,hinglish,latin_hinglish,template_combinatorial,train
क्या एयरपोर्ट जाने के लिए गवर्नमेंट एस्टेट से मेट्रो मिल जाएगी?,service_availability:destination_get,GOVERNMENT_ESTATE,service_availability,GOVERNMENT_ESTATE,CHENNAI_AIRPORT,metro,,False,hi,devanagari,template_combinatorial,train
kilpauk and teynampet transit metro running today?,service_availability:today_running,KILPAUK,service_availability,KILPAUK,TEYNAMPET,metro,,False,hinglish,latin_hinglish,template_combinatorial,train
क्या हाई कोर्ट स्टेशन पर मेट्रो की सुविधा उपलब्ध है?,service_availability:station_availability,HIGH_COURT,service_availability,HIGH_COURT,,metro,,False,hi,devanagari,template_combinatorial,train
क्या मैं अन्ना नगर से सेंट थॉमस माउंट ट्रेन से जा सकता हूँ?,service_availability:travel_feasibility,ANNA_NAGAR,service_availability,ANNA_NAGAR,ST_THOMAS_MOUNT,railway,,False,hi,devanagari,template_combinatorial,train
सेंट थॉमस माउंट से नेहरू पार्क के लिए सीधी मेट्रो है?,service_availability:direct_mode,ST_THOMAS_MOUNT,service_availability,ST_THOMAS_MOUNT,NEHRU_PARK,metro,,False,hi,devanagari,template_combinatorial,train
सेंट्रल से अशोक नगर बस कनेक्टिविटी है क्या?,service_availability:connectivity,CHENNAI_CENTRAL,service_availability,CHENNAI_CENTRAL,ASHOK_NAGAR,bus,,False,hi,devanagari,template_combinatorial,train
cmbt and chennai airport transit train running today?,service_availability:today_running,CMBT,service_availability,CMBT,CHENNAI_AIRPORT,railway,,False,hinglish,latin_hinglish,template_combinatorial,train
क्या तेनामपेट जाने के लिए चेन्नई बीच से बस मिल जाएगी?,service_availability:destination_get,CHENNAI_BEACH,service_availability,CHENNAI_BEACH,TEYNAMPET,bus,,False,hi,devanagari,template_combinatorial,train
वडापलानी से शेनॉय नगर ट्रेन कनेक्टिविटी है क्या?,service_availability:connectivity,VADAPALANI,service_availability,VADAPALANI,SHENOY_NAGAR,railway,,False,hi,devanagari,template_combinatorial,train
कोयम्बेडु से चेन्नई बीच के लिए सीधी बस है?,service_availability:direct_mode,KOYAMBEDU,service_availability,KOYAMBEDU,CHENNAI_BEACH,bus,,False,hi,devanagari,template_combinatorial,train
t nagar se meenambakkam direct bus hai kya?,service_availability:direct_mode,NANDANAM,service_availability,NANDANAM,MEENAMBAKKAM,bus,,False,hinglish,latin_hinglish,template_combinatorial,train
हवाई अड्डा पर बस का संचालन हो रहा है क्या?,service_availability:operational_status,CHENNAI_AIRPORT,service_availability,CHENNAI_AIRPORT,,bus,,False,hi,devanagari,template_combinatorial,train
central se t nagar direct local train hai kya?,service_availability:direct_mode,CHENNAI_CENTRAL,service_availability,CHENNAI_CENTRAL,NANDANAM,suburban_rail,,False,hinglish,latin_hinglish,template_combinatorial,train
एजी-डीएमएस से वडापलानी ट्रेन कनेक्टिविटी है क्या?,service_availability:connectivity,AG_DMS,service_availability,AG_DMS,VADAPALANI,railway,,False,hi,devanagari,template_combinatorial,train
चेन्नई एयरपोर्ट से मीनांबक्कम जाने के लिए बस सेवा चालू है কি?,service_availability:service_status,CHENNAI_AIRPORT,service_availability,CHENNAI_AIRPORT,MEENAMBAKKAM,bus,,False,hi,devanagari,template_combinatorial,train
क्या सैदापेट स्टेशन पर बस की सुविधा उपलब्ध है?,service_availability:station_availability,SAIDAPET,service_availability,SAIDAPET,,bus,,False,hi,devanagari,template_combinatorial,train
central railway station to thirumangalam metro connectivity available?,service_availability:connectivity,CHENNAI_CENTRAL,service_availability,CHENNAI_CENTRAL,THIRUMANGALAM,metro,,False,hinglish,latin_hinglish,template_combinatorial,train
चेन्नई बीच से ताम्बरम बस कनेक्टिविटी है क्या?,service_availability:connectivity,CHENNAI_BEACH,service_availability,CHENNAI_BEACH,TAMBARAM,bus,,False,hi,devanagari,template_combinatorial,train
थाउजेंड लाइट्स से सेंट्रल रेलवे स्टेशन ट्रेन कनेक्टिविटी है क्या?,service_availability:connectivity,THOUSAND_LIGHTS,service_availability,THOUSAND_LIGHTS,CHENNAI_CENTRAL,railway,,False,hi,devanagari,template_combinatorial,train
हाई कोर्ट से मीनांबक्कम मेट्रो कनेक्टिविटी है क्या?,service_availability:connectivity,HIGH_COURT,service_availability,HIGH_COURT,MEENAMBAKKAM,metro,,False,hi,devanagari,template_combinatorial,train
मीनांबक्कम से थाउजेंड लाइट्स के लिए सीधी मेट्रो है?,service_availability:direct_mode,MEENAMBAKKAM,service_availability,MEENAMBAKKAM,THOUSAND_LIGHTS,metro,,False,hi,devanagari,template_combinatorial,train
चेन्नई एग्मोर से चेन्नई बीच तक लोकल ट्रेन चल रही है?,service_availability:running_active,CHENNAI_EGMORE,service_availability,CHENNAI_EGMORE,CHENNAI_BEACH,suburban_rail,,False,hi,devanagari,template_combinatorial,train
ashok nagar par train service chal rahi hai kya?,service_availability:service_status,ASHOK_NAGAR,service_availability,ASHOK_NAGAR,,railway,,False,hinglish,latin_hinglish,template_combinatorial,train
chennai egmore par bus service chal rahi hai kya?,service_availability:service_status,CHENNAI_EGMORE,service_availability,CHENNAI_EGMORE,,bus,,False,hinglish,latin_hinglish,template_combinatorial,train
क्या चेन्नई एयरपोर्ट जाने के लिए नंदनम से मेट्रो मिल जाएगी?,service_availability:destination_get,NANDANAM,service_availability,NANDANAM,CHENNAI_AIRPORT,metro,,False,hi,devanagari,template_combinatorial,train
teynampet se t nagar direct local train hai kya?,service_availability:direct_mode,TEYNAMPET,service_availability,TEYNAMPET,NANDANAM,suburban_rail,,False,hinglish,latin_hinglish,template_combinatorial,train
टी नगर से ताम्बरम के बीच ट्रेन चलती है क्या?,service_availability:running_check,NANDANAM,service_availability,NANDANAM,TAMBARAM,railway,,False,hi,devanagari,template_combinatorial,train
kya tambaram se koyambedu metro se ja sakte hai?,service_availability:travel_feasibility,TAMBARAM,service_availability,TAMBARAM,KOYAMBEDU,metro,,False,hinglish,latin_hinglish,template_combinatorial,train
सीएमबीटी से थाउजेंड लाइट्स तक ट्रेन चल रही है?,service_availability:running_active,CMBT,service_availability,CMBT,THOUSAND_LIGHTS,railway,,False,hi,devanagari,template_combinatorial,train
government estate se guindy direct bus hai kya?,service_availability:direct_mode,GOVERNMENT_ESTATE,service_availability,GOVERNMENT_ESTATE,GUINDY,bus,,False,hinglish,latin_hinglish,template_combinatorial,train
चेन्नई एग्मोर से नंदनम के बीच लोकल ट्रेन चलती है क्या?,service_availability:running_check,CHENNAI_EGMORE,service_availability,CHENNAI_EGMORE,NANDANAM,suburban_rail,,False,hi,devanagari,template_combinatorial,train
चेन्नई सेंट्रल से वडापलानी के लिए सीधी मेट्रो है?,service_availability:direct_mode,CHENNAI_CENTRAL,service_availability,CHENNAI_CENTRAL,VADAPALANI,metro,,False,hi,devanagari,template_combinatorial,train
chennai egmore se lic direct local train hai kya?,service_availability:direct_mode,CHENNAI_EGMORE,service_availability,CHENNAI_EGMORE,LIC,suburban_rail,,False,hinglish,latin_hinglish,template_combinatorial,train
alandur and tambaram transit local train running today?,service_availability:today_running,ALANDUR,service_availability,ALANDUR,TAMBARAM,suburban_rail,,False,hinglish,latin_hinglish,template_combinatorial,train
गिंडी पर ट्रेन का संचालन हो रहा है क्या?,service_availability:operational_status,GUINDY,service_availability,GUINDY,,railway,,False,hi,devanagari,template_combinatorial,train
सेंट्रल रेलवे स्टेशन से कोयम्बेडु जाने के लिए लोकल ट्रेन सेवा चालू है কি?,service_availability:service_status,CHENNAI_CENTRAL,service_availability,CHENNAI_CENTRAL,KOYAMBEDU,suburban_rail,,False,hi,devanagari,template_combinatorial,train
egmore and nandanam transit train running today?,service_availability:today_running,CHENNAI_EGMORE,service_availability,CHENNAI_EGMORE,NANDANAM,railway,,False,hinglish,latin_hinglish,template_combinatorial,train
क्या तिरुमंगलम से लिटिल माउंट जाने के लिए बस मिलेगी?,service_availability:get_mode,THIRUMANGALAM,service_availability,THIRUMANGALAM,LITTLE_MOUNT,bus,,False,hi,devanagari,template_combinatorial,train
government estate par train service chal rahi hai kya?,service_availability:service_status,GOVERNMENT_ESTATE,service_availability,GOVERNMENT_ESTATE,,railway,,False,hinglish,latin_hinglish,template_combinatorial,train
आलंदूर पर मेट्रो का संचालन हो रहा है क्या?,service_availability:operational_status,ALANDUR,service_availability,ALANDUR,,metro,,False,hi,devanagari,template_combinatorial,train
kya st thomas mount se ashok nagar train milegi?,service_availability:get_mode,ST_THOMAS_MOUNT,service_availability,ST_THOMAS_MOUNT,ASHOK_NAGAR,railway,,False,hinglish,latin_hinglish,template_combinatorial,train
किल्पॉक से हाई कोर्ट जाने के लिए लोकल ट्रेन सेवा चालू है কি?,service_availability:service_status,KILPAUK,service_availability,KILPAUK,HIGH_COURT,suburban_rail,,False,hi,devanagari,template_combinatorial,train
चेन्नई बीच से वडापलानी के बीच बस चलती है क्या?,service_availability:running_check,CHENNAI_BEACH,service_availability,CHENNAI_BEACH,VADAPALANI,bus,,False,hi,devanagari,template_combinatorial,train
एजी-डीएमएस से सेंट्रल रेलवे स्टेशन लोकल ट्रेन कनेक्टिविटी है क्या?,service_availability:connectivity,AG_DMS,service_availability,AG_DMS,CHENNAI_CENTRAL,suburban_rail,,False,hi,devanagari,template_combinatorial,train
chennai central to thousand lights bus connectivity available?,service_availability:connectivity,CHENNAI_CENTRAL,service_availability,CHENNAI_CENTRAL,THOUSAND_LIGHTS,bus,,False,hinglish,latin_hinglish,template_combinatorial,train
क्या मैं एग्मोर से अन्ना नगर लोकल ट्रेन से जा सकता हूँ?,service_availability:travel_feasibility,CHENNAI_EGMORE,service_availability,CHENNAI_EGMORE,ANNA_NAGAR,suburban_rail,,False,hi,devanagari,template_combinatorial,train
चेन्नई सेंट्रल से सीएमबीटी जाने के लिए लोकल ट्रेन सेवा चालू है কি?,service_availability:service_status,CHENNAI_CENTRAL,service_availability,CHENNAI_CENTRAL,CMBT,suburban_rail,,False,hi,devanagari,template_combinatorial,train
क्या लिटिल माउंट जाने के लिए सैदापेट से मेट्रो मिल जाएगी?,service_availability:destination_get,SAIDAPET,service_availability,SAIDAPET,LITTLE_MOUNT,metro,,False,hi,devanagari,template_combinatorial,train
क्या कोयम्बेडु मार्केट स्टेशन पर ट्रेन की सुविधा उपलब्ध है?,service_availability:station_availability,KOYAMBEDU,service_availability,KOYAMBEDU,,railway,,False,hi,devanagari,template_combinatorial,train
अन्ना नगर से सैदापेट तक ट्रेन चल रही है?,service_availability:running_active,ANNA_NAGAR,service_availability,ANNA_NAGAR,SAIDAPET,railway,,False,hi,devanagari,template_combinatorial,train
vadapalani se central direct local train hai kya?,service_availability:direct_mode,VADAPALANI,service_availability,VADAPALANI,CHENNAI_CENTRAL,suburban_rail,,False,hinglish,latin_hinglish,template_combinatorial,train
क्या सीएमबीटी जाने के लिए हाई कोर्ट से ट्रेन मिल जाएगी?,service_availability:destination_get,HIGH_COURT,service_availability,HIGH_COURT,CMBT,railway,,False,hi,devanagari,template_combinatorial,train
kya anna nagar se government estate metro milegi?,service_availability:get_mode,ANNA_NAGAR,service_availability,ANNA_NAGAR,GOVERNMENT_ESTATE,metro,,False,hinglish,latin_hinglish,template_combinatorial,train
kya meenambakkam se nehru park local train milegi?,service_availability:get_mode,MEENAMBAKKAM,service_availability,MEENAMBAKKAM,NEHRU_PARK,suburban_rail,,False,hinglish,latin_hinglish,template_combinatorial,train
क्या मैं आलंदूर से हाई कोर्ट लोकल ट्रेन से जा सकता हूँ?,service_availability:travel_feasibility,ALANDUR,service_availability,ALANDUR,HIGH_COURT,suburban_rail,,False,hi,devanagari,template_combinatorial,train
kya central railway station se t nagar bus se ja sakte hai?,service_availability:travel_feasibility,CHENNAI_CENTRAL,service_availability,CHENNAI_CENTRAL,NANDANAM,bus,,False,hinglish,latin_hinglish,template_combinatorial,train
क्या सेंट थॉमस माउंट स्टेशन पर मेट्रो की सुविधा उपलब्ध है?,service_availability:station_availability,ST_THOMAS_MOUNT,service_availability,ST_THOMAS_MOUNT,,metro,,False,hi,devanagari,template_combinatorial,train
कोयम्बेडु मार्केट से चेन्नई बीच तक लोकल ट्रेन चल रही है?,service_availability:running_active,KOYAMBEDU,service_availability,KOYAMBEDU,CHENNAI_BEACH,suburban_rail,,False,hi,devanagari,template_combinatorial,train
मीनांबक्कम पर लोकल ट्रेन का संचालन हो रहा है क्या?,service_availability:operational_status,MEENAMBAKKAM,service_availability,MEENAMBAKKAM,,suburban_rail,,False,hi,devanagari,template_combinatorial,train
एयरपोर्ट से गिंडी के बीच बस चलती है क्या?,service_availability:running_check,CHENNAI_AIRPORT,service_availability,CHENNAI_AIRPORT,GUINDY,bus,,False,hi,devanagari,template_combinatorial,train
क्या एलआईसी स्टेशन पर मेट्रो की सुविधा उपलब्ध है?,service_availability:station_availability,LIC,service_availability,LIC,,metro,,False,hi,devanagari,template_combinatorial,train
क्या मीनांबक्कम से वडापलानी जाने के लिए मेट्रो मिलेगी?,service_availability:get_mode,MEENAMBAKKAM,service_availability,MEENAMBAKKAM,VADAPALANI,metro,,False,hi,devanagari,template_combinatorial,train
क्या मैं आलंदूर से अन्ना नगर बस से जा सकता हूँ?,service_availability:travel_feasibility,ALANDUR,service_availability,ALANDUR,ANNA_NAGAR,bus,,False,hi,devanagari,template_combinatorial,train
shenoy nagar par train service chal rahi hai kya?,service_availability:service_status,SHENOY_NAGAR,service_availability,SHENOY_NAGAR,,railway,,False,hinglish,latin_hinglish,template_combinatorial,train
क्या मैं कोयम्बेडु मार्केट से ताम्बरम लोकल ट्रेन से जा सकता हूँ?,service_availability:travel_feasibility,KOYAMBEDU,service_availability,KOYAMBEDU,TAMBARAM,suburban_rail,,False,hi,devanagari,template_combinatorial,train
kya velachery se thousand lights local train milegi?,service_availability:get_mode,VELACHERY,service_availability,VELACHERY,THOUSAND_LIGHTS,suburban_rail,,False,hinglish,latin_hinglish,template_combinatorial,train
nehru park par bus service chal rahi hai kya?,service_availability:service_status,NEHRU_PARK,service_availability,NEHRU_PARK,,bus,,False,hinglish,latin_hinglish,template_combinatorial,train
kya saidapet se chennai egmore bus se ja sakte hai?,service_availability:travel_feasibility,SAIDAPET,service_availability,SAIDAPET,CHENNAI_EGMORE,bus,,False,hinglish,latin_hinglish,template_combinatorial,train
alandur and little mount transit local train running today?,service_availability:today_running,ALANDUR,service_availability,ALANDUR,LITTLE_MOUNT,suburban_rail,,False,hinglish,latin_hinglish,template_combinatorial,train
chennai airport to meenambakkam train connectivity available?,service_availability:connectivity,CHENNAI_AIRPORT,service_availability,CHENNAI_AIRPORT,MEENAMBAKKAM,railway,,False,hinglish,latin_hinglish,template_combinatorial,train
क्या टी नगर से एयरपोर्ट जाने के लिए ट्रेन मिलेगी?,service_availability:get_mode,NANDANAM,service_availability,NANDANAM,CHENNAI_AIRPORT,railway,,False,hi,devanagari,template_combinatorial,train
thousand lights par train service chal rahi hai kya?,service_availability:service_status,THOUSAND_LIGHTS,service_availability,THOUSAND_LIGHTS,,railway,,False,hinglish,latin_hinglish,template_combinatorial,train
kya shenoy nagar se st thomas mount train se ja sakte hai?,service_availability:travel_feasibility,SHENOY_NAGAR,service_availability,SHENOY_NAGAR,ST_THOMAS_MOUNT,railway,,False,hinglish,latin_hinglish,template_combinatorial,train
तिरुमंगलम से गवर्नमेंट एस्टेट के बीच बस चलती है क्या?,service_availability:running_check,THIRUMANGALAM,service_availability,THIRUMANGALAM,GOVERNMENT_ESTATE,bus,,False,hi,devanagari,template_combinatorial,train
एयरपोर्ट से गवर्नमेंट एस्टेट मेट्रो कनेक्टिविटी है क्या?,service_availability:connectivity,CHENNAI_AIRPORT,service_availability,CHENNAI_AIRPORT,GOVERNMENT_ESTATE,metro,,False,hi,devanagari,template_combinatorial,train
टी नगर से थाउजेंड लाइट्स तक ट्रेन चल रही है?,service_availability:running_active,NANDANAM,service_availability,NANDANAM,THOUSAND_LIGHTS,railway,,False,hi,devanagari,template_combinatorial,train
tambaram to meenambakkam train connectivity available?,service_availability:connectivity,TAMBARAM,service_availability,TAMBARAM,MEENAMBAKKAM,railway,,False,hinglish,latin_hinglish,template_combinatorial,train
t nagar to teynampet train connectivity available?,service_availability:connectivity,NANDANAM,service_availability,NANDANAM,TEYNAMPET,railway,,False,hinglish,latin_hinglish,template_combinatorial,train
हाई कोर्ट से वेलाचेरी जाने के लिए बस सेवा चालू है কি?,service_availability:service_status,HIGH_COURT,service_availability,HIGH_COURT,VELACHERY,bus,,False,hi,devanagari,template_combinatorial,train
क्या लिटिल माउंट से हवाई अड्डा जाने के लिए ट्रेन मिलेगी?,service_availability:get_mode,LITTLE_MOUNT,service_availability,LITTLE_MOUNT,CHENNAI_AIRPORT,railway,,False,hi,devanagari,template_combinatorial,train
kya saidapet se alandur local train milegi?,service_availability:get_mode,SAIDAPET,service_availability,SAIDAPET,ALANDUR,suburban_rail,,False,hinglish,latin_hinglish,template_combinatorial,train
क्या एयरपोर्ट से तेनामपेट जाने के लिए लोकल ट्रेन मिलेगी?,service_availability:get_mode,CHENNAI_AIRPORT,service_availability,CHENNAI_AIRPORT,TEYNAMPET,suburban_rail,,False,hi,devanagari,template_combinatorial,train
क्या हवाई अड्डा जाने के लिए चेन्नई एग्मोर से बस मिल जाएगी?,service_availability:destination_get,CHENNAI_EGMORE,service_availability,CHENNAI_EGMORE,CHENNAI_AIRPORT,bus,,False,hi,devanagari,template_combinatorial,train
क्या मैं एलआईसी से टी नगर बस से जा सकता हूँ?,service_availability:travel_feasibility,LIC,service_availability,LIC,NANDANAM,bus,,False,hi,devanagari,template_combinatorial,train
kya anna nagar se shenoy nagar train se ja sakte hai?,service_availability:travel_feasibility,ANNA_NAGAR,service_availability,ANNA_NAGAR,SHENOY_NAGAR,railway,,False,hinglish,latin_hinglish,template_combinatorial,train
चेन्नई एयरपोर्ट से चेन्नई सेंट्रल जाने के लिए ट्रेन सेवा चालू है কি?,service_availability:service_status,CHENNAI_AIRPORT,service_availability,CHENNAI_AIRPORT,CHENNAI_CENTRAL,railway,,False,hi,devanagari,template_combinatorial,train
अशोक नगर से थाउजेंड लाइट्स ट्रेन कनेक्टिविटी है क्या?,service_availability:connectivity,ASHOK_NAGAR,service_availability,ASHOK_NAGAR,THOUSAND_LIGHTS,railway,,False,hi,devanagari,template_combinatorial,train
alandur to meenambakkam bus connectivity available?,service_availability:connectivity,ALANDUR,service_availability,ALANDUR,MEENAMBAKKAM,bus,,False,hinglish,latin_hinglish,template_combinatorial,train
thousand lights and t nagar transit bus running today?,service_availability:today_running,THOUSAND_LIGHTS,service_availability,THOUSAND_LIGHTS,NANDANAM,bus,,False,hinglish,latin_hinglish,template_combinatorial,train
cmbt se chennai central direct metro hai kya?,service_availability:direct_mode,CMBT,service_availability,CMBT,CHENNAI_CENTRAL,metro,,False,hinglish,latin_hinglish,template_combinatorial,train
लिटिल माउंट से तेनामपेट के बीच बस चलती है क्या?,service_availability:running_check,LITTLE_MOUNT,service_availability,LITTLE_MOUNT,TEYNAMPET,bus,,False,hi,devanagari,template_combinatorial,train
little mount and t nagar transit bus running today?,service_availability:today_running,LITTLE_MOUNT,service_availability,LITTLE_MOUNT,NANDANAM,bus,,False,hinglish,latin_hinglish,template_combinatorial,train
नंदनम से एलआईसी लोकल ट्रेन कनेक्टिविटी है क्या?,service_availability:connectivity,NANDANAM,service_availability,NANDANAM,LIC,suburban_rail,,False,hi,devanagari,template_combinatorial,train
chennai central and government estate transit train running today?,service_availability:today_running,CHENNAI_CENTRAL,service_availability,CHENNAI_CENTRAL,GOVERNMENT_ESTATE,railway,,False,hinglish,latin_hinglish,template_combinatorial,train
सेंट थॉमस माउंट से नेहरू पार्क के लिए सीधी ट्रेन है?,service_availability:direct_mode,ST_THOMAS_MOUNT,service_availability,ST_THOMAS_MOUNT,NEHRU_PARK,railway,,False,hi,devanagari,template_combinatorial,train
गवर्नमेंट एस्टेट पर मेट्रो का संचालन हो रहा है क्या?,service_availability:operational_status,GOVERNMENT_ESTATE,service_availability,GOVERNMENT_ESTATE,,metro,,False,hi,devanagari,template_combinatorial,train
नेहरू पार्क से सैदापेट तक मेट्रो चल रही है?,service_availability:running_active,NEHRU_PARK,service_availability,NEHRU_PARK,SAIDAPET,metro,,False,hi,devanagari,template_combinatorial,train
क्या अन्ना नगर जाने के लिए एग्मोर से मेट्रो मिल जाएगी?,service_availability:destination_get,CHENNAI_EGMORE,service_availability,CHENNAI_EGMORE,ANNA_NAGAR,metro,,False,hi,devanagari,template_combinatorial,train
चेन्नई सेंट्रल से मीनांबक्कम तक ट्रेन चल रही है?,service_availability:running_active,CHENNAI_CENTRAL,service_availability,CHENNAI_CENTRAL,MEENAMBAKKAM,railway,,False,hi,devanagari,template_combinatorial,train
क्या अन्ना नगर स्टेशन पर ट्रेन की सुविधा उपलब्ध है?,service_availability:station_availability,ANNA_NAGAR,service_availability,ANNA_NAGAR,,railway,,False,hi,devanagari,template_combinatorial,train
ashok nagar par bus service chal rahi hai kya?,service_availability:service_status,ASHOK_NAGAR,service_availability,ASHOK_NAGAR,,bus,,False,hinglish,latin_hinglish,template_combinatorial,train
thirumangalam par metro service chal rahi hai kya?,service_availability:service_status,THIRUMANGALAM,service_availability,THIRUMANGALAM,,metro,,False,hinglish,latin_hinglish,template_combinatorial,train
kya vadapalani se thirumangalam bus milegi?,service_availability:get_mode,VADAPALANI,service_availability,VADAPALANI,THIRUMANGALAM,bus,,False,hinglish,latin_hinglish,template_combinatorial,train
क्या मैं किल्पॉक से चेन्नई सेंट्रल मेट्रो से जा सकता हूँ?,service_availability:travel_feasibility,KILPAUK,service_availability,KILPAUK,CHENNAI_CENTRAL,metro,,False,hi,devanagari,template_combinatorial,train
क्या मैं वेलाचेरी से सेंट थॉमस माउंट बस से जा सकता हूँ?,service_availability:travel_feasibility,VELACHERY,service_availability,VELACHERY,ST_THOMAS_MOUNT,bus,,False,hi,devanagari,template_combinatorial,train
नंदनम से सीएमबीटी के लिए सीधी बस है?,service_availability:direct_mode,NANDANAM,service_availability,NANDANAM,CMBT,bus,,False,hi,devanagari,template_combinatorial,train
क्या चेन्नई एग्मोर से ताम्बरम जाने के लिए ट्रेन मिलेगी?,service_availability:get_mode,CHENNAI_EGMORE,service_availability,CHENNAI_EGMORE,TAMBARAM,railway,,False,hi,devanagari,template_combinatorial,train
st thomas mount par bus service chal rahi hai kya?,service_availability:service_status,ST_THOMAS_MOUNT,service_availability,ST_THOMAS_MOUNT,,bus,,False,hinglish,latin_hinglish,template_combinatorial,train
st thomas mount and thirumangalam transit bus running today?,service_availability:today_running,ST_THOMAS_MOUNT,service_availability,ST_THOMAS_MOUNT,THIRUMANGALAM,bus,,False,hinglish,latin_hinglish,template_combinatorial,train
चेन्नई सेंट्रल से अन्ना नगर ट्रेन कनेक्टिविटी है क्या?,service_availability:connectivity,CHENNAI_CENTRAL,service_availability,CHENNAI_CENTRAL,ANNA_NAGAR,railway,,False,hi,devanagari,template_combinatorial,train
kya central railway station se airport local train se ja sakte hai?,service_availability:travel_feasibility,CHENNAI_CENTRAL,service_availability,CHENNAI_CENTRAL,CHENNAI_AIRPORT,suburban_rail,,False,hinglish,latin_hinglish,template_combinatorial,train
नेहरू पार्क से शेनॉय नगर लोकल ट्रेन कनेक्टिविटी है क्या?,service_availability:connectivity,NEHRU_PARK,service_availability,NEHRU_PARK,SHENOY_NAGAR,suburban_rail,,False,hi,devanagari,template_combinatorial,train
kya thirumangalam se nandanam train milegi?,service_availability:get_mode,THIRUMANGALAM,service_availability,THIRUMANGALAM,NANDANAM,railway,,False,hinglish,latin_hinglish,template_combinatorial,train
वेलाचेरी पर बस का संचालन हो रहा है क्या?,service_availability:operational_status,VELACHERY,service_availability,VELACHERY,,bus,,False,hi,devanagari,template_combinatorial,train
क्या अन्ना नगर जाने के लिए गिंडी से मेट्रो मिल जाएगी?,service_availability:destination_get,GUINDY,service_availability,GUINDY,ANNA_NAGAR,metro,,False,hi,devanagari,template_combinatorial,train
kya saidapet se lic bus milegi?,service_availability:get_mode,SAIDAPET,service_availability,SAIDAPET,LIC,bus,,False,hinglish,latin_hinglish,template_combinatorial,train
क्या मैं ताम्बरम से सेंट्रल रेलवे स्टेशन मेट्रो से जा सकता हूँ?,service_availability:travel_feasibility,TAMBARAM,service_availability,TAMBARAM,CHENNAI_CENTRAL,metro,,False,hi,devanagari,template_combinatorial,train
ag dms se alandur direct metro hai kya?,service_availability:direct_mode,AG_DMS,service_availability,AG_DMS,ALANDUR,metro,,False,hinglish,latin_hinglish,template_combinatorial,train
क्या मैं तिरुमंगलम से सैदापेट मेट्रो से जा सकता हूँ?,service_availability:travel_feasibility,THIRUMANGALAM,service_availability,THIRUMANGALAM,SAIDAPET,metro,,False,hi,devanagari,template_combinatorial,train
क्या मैं तेनामपेट से अशोक नगर लोकल ट्रेन से जा सकता हूँ?,service_availability:travel_feasibility,TEYNAMPET,service_availability,TEYNAMPET,ASHOK_NAGAR,suburban_rail,,False,hi,devanagari,template_combinatorial,train
kya vadapalani se chennai egmore train milegi?,service_availability:get_mode,VADAPALANI,service_availability,VADAPALANI,CHENNAI_EGMORE,railway,,False,hinglish,latin_hinglish,template_combinatorial,train
क्या कोयम्बेडु मार्केट से टी नगर जाने के लिए बस मिलेगी?,service_availability:get_mode,KOYAMBEDU,service_availability,KOYAMBEDU,NANDANAM,bus,,False,hi,devanagari,template_combinatorial,train
क्या नंदनम से किल्पॉक जाने के लिए मेट्रो मिलेगी?,service_availability:get_mode,NANDANAM,service_availability,NANDANAM,KILPAUK,metro,,False,hi,devanagari,template_combinatorial,train
kya thirumangalam se little mount metro milegi?,service_availability:get_mode,THIRUMANGALAM,service_availability,THIRUMANGALAM,LITTLE_MOUNT,metro,,False,hinglish,latin_hinglish,template_combinatorial,train
चेन्नई सेंट्रल से चेन्नई एयरपोर्ट के बीच ट्रेन चलती है क्या?,service_availability:running_check,CHENNAI_CENTRAL,service_availability,CHENNAI_CENTRAL,CHENNAI_AIRPORT,railway,,False,hi,devanagari,template_combinatorial,train
kya teynampet se chennai central train se ja sakte hai?,service_availability:travel_feasibility,TEYNAMPET,service_availability,TEYNAMPET,CHENNAI_CENTRAL,railway,,False,hinglish,latin_hinglish,template_combinatorial,train
एग्मोर से किल्पॉक मेट्रो कनेक्टिविटी है क्या?,service_availability:connectivity,CHENNAI_EGMORE,service_availability,CHENNAI_EGMORE,KILPAUK,metro,,False,hi,devanagari,template_combinatorial,train
चेन्नई एग्मोर से हवाई अड्डा लोकल ट्रेन कनेक्टिविटी है क्या?,service_availability:connectivity,CHENNAI_EGMORE,service_availability,CHENNAI_EGMORE,CHENNAI_AIRPORT,suburban_rail,,False,hi,devanagari,template_combinatorial,train
चेन्नई एयरपोर्ट से सेंट थॉमस माउंट जाने के लिए लोकल ट्रेन सेवा चालू है কি?,service_availability:service_status,CHENNAI_AIRPORT,service_availability,CHENNAI_AIRPORT,ST_THOMAS_MOUNT,suburban_rail,,False,hi,devanagari,template_combinatorial,train
सेंट्रल रेलवे स्टेशन से तेनामपेट के बीच बस चलती है क्या?,service_availability:running_check,CHENNAI_CENTRAL,service_availability,CHENNAI_CENTRAL,TEYNAMPET,bus,,False,hi,devanagari,template_combinatorial,train
airport and lic transit local train running today?,service_availability:today_running,CHENNAI_AIRPORT,service_availability,CHENNAI_AIRPORT,LIC,suburban_rail,,False,hinglish,latin_hinglish,template_combinatorial,train
क्या ताम्बरम जाने के लिए नंदनम से बस मिल जाएगी?,service_availability:destination_get,NANDANAM,service_availability,NANDANAM,TAMBARAM,bus,,False,hi,devanagari,template_combinatorial,train
meenambakkam par train service chal rahi hai kya?,service_availability:service_status,MEENAMBAKKAM,service_availability,MEENAMBAKKAM,,railway,,False,hinglish,latin_hinglish,template_combinatorial,train
क्या टी नगर जाने के लिए मीनांबक्कम से बस मिल जाएगी?,service_availability:destination_get,MEENAMBAKKAM,service_availability,MEENAMBAKKAM,NANDANAM,bus,,False,hi,devanagari,template_combinatorial,train
एग्मोर से सेंट्रल रेलवे स्टेशन के लिए सीधी बस है?,service_availability:direct_mode,CHENNAI_EGMORE,service_availability,CHENNAI_EGMORE,CHENNAI_CENTRAL,bus,,False,hi,devanagari,template_combinatorial,train
चेन्नई सेंट्रल से चेन्नई बीच के बीच मेट्रो चलती है क्या?,service_availability:running_check,CHENNAI_CENTRAL,service_availability,CHENNAI_CENTRAL,CHENNAI_BEACH,metro,,False,hi,devanagari,template_combinatorial,train
क्या एयरपोर्ट से सीएमबीटी जाने के लिए ट्रेन मिलेगी?,service_availability:get_mode,CHENNAI_AIRPORT,service_availability,CHENNAI_AIRPORT,CMBT,railway,,False,hi,devanagari,template_combinatorial,train
shenoy nagar and koyambedu transit bus running today?,service_availability:today_running,SHENOY_NAGAR,service_availability,SHENOY_NAGAR,KOYAMBEDU,bus,,False,hinglish,latin_hinglish,template_combinatorial,train
central railway station to government estate bus connectivity available?,service_availability:connectivity,CHENNAI_CENTRAL,service_availability,CHENNAI_CENTRAL,GOVERNMENT_ESTATE,bus,,False,hinglish,latin_hinglish,template_combinatorial,train
kya vadapalani se guindy train milegi?,service_availability:get_mode,VADAPALANI,service_availability,VADAPALANI,GUINDY,railway,,False,hinglish,latin_hinglish,template_combinatorial,train
kya tambaram se little mount bus se ja sakte hai?,service_availability:travel_feasibility,TAMBARAM,service_availability,TAMBARAM,LITTLE_MOUNT,bus,,False,hinglish,latin_hinglish,template_combinatorial,train
kya ashok nagar se t nagar train milegi?,service_availability:get_mode,ASHOK_NAGAR,service_availability,ASHOK_NAGAR,NANDANAM,railway,,False,hinglish,latin_hinglish,template_combinatorial,train
कोयम्बेडु मार्केट से वडापलानी के लिए सीधी ट्रेन है?,service_availability:direct_mode,KOYAMBEDU,service_availability,KOYAMBEDU,VADAPALANI,railway,,False,hi,devanagari,template_combinatorial,train
central railway station se lic direct bus hai kya?,service_availability:direct_mode,CHENNAI_CENTRAL,service_availability,CHENNAI_CENTRAL,LIC,bus,,False,hinglish,latin_hinglish,template_combinatorial,train
chennai beach to koyambedu metro connectivity available?,service_availability:connectivity,CHENNAI_BEACH,service_availability,CHENNAI_BEACH,KOYAMBEDU,metro,,False,hinglish,latin_hinglish,template_combinatorial,train
क्या तिरुमंगलम जाने के लिए आलंदूर से मेट्रो मिल जाएगी?,service_availability:destination_get,ALANDUR,service_availability,ALANDUR,THIRUMANGALAM,metro,,False,hi,devanagari,template_combinatorial,train
st thomas mount se high court direct bus hai kya?,service_availability:direct_mode,ST_THOMAS_MOUNT,service_availability,ST_THOMAS_MOUNT,HIGH_COURT,bus,,False,hinglish,latin_hinglish,template_combinatorial,train
thirumangalam and lic transit train running today?,service_availability:today_running,THIRUMANGALAM,service_availability,THIRUMANGALAM,LIC,railway,,False,hinglish,latin_hinglish,template_combinatorial,train
क्या एग्मोर से नेहरू पार्क जाने के लिए ट्रेन मिलेगी?,service_availability:get_mode,CHENNAI_EGMORE,service_availability,CHENNAI_EGMORE,NEHRU_PARK,railway,,False,hi,devanagari,template_combinatorial,train
एजी-डीएमएस से ताम्बरम जाने के लिए लोकल ट्रेन सेवा चालू है কি?,service_availability:service_status,AG_DMS,service_availability,AG_DMS,TAMBARAM,suburban_rail,,False,hi,devanagari,template_combinatorial,train
kya shenoy nagar se kilpauk metro milegi?,service_availability:get_mode,SHENOY_NAGAR,service_availability,SHENOY_NAGAR,KILPAUK,metro,,False,hinglish,latin_hinglish,template_combinatorial,train
chennai beach and teynampet transit bus running today?,service_availability:today_running,CHENNAI_BEACH,service_availability,CHENNAI_BEACH,TEYNAMPET,bus,,False,hinglish,latin_hinglish,template_combinatorial,train
lic to vadapalani bus connectivity available?,service_availability:connectivity,LIC,service_availability,LIC,VADAPALANI,bus,,False,hinglish,latin_hinglish,template_combinatorial,train
तिरुमंगलम से सीएमबीटी के लिए सीधी बस है?,service_availability:direct_mode,THIRUMANGALAM,service_availability,THIRUMANGALAM,CMBT,bus,,False,hi,devanagari,template_combinatorial,train
चेन्नई बीच से चेन्नई एयरपोर्ट तक ट्रेन चल रही है?,service_availability:running_active,CHENNAI_BEACH,service_availability,CHENNAI_BEACH,CHENNAI_AIRPORT,railway,,False,hi,devanagari,template_combinatorial,train
क्या आलंदूर स्टेशन पर ट्रेन की सुविधा उपलब्ध है?,service_availability:station_availability,ALANDUR,service_availability,ALANDUR,,railway,,False,hi,devanagari,template_combinatorial,train
क्या मैं चेन्नई सेंट्रल से सैदापेट बस से जा सकता हूँ?,service_availability:travel_feasibility,CHENNAI_CENTRAL,service_availability,CHENNAI_CENTRAL,SAIDAPET,bus,,False,hi,devanagari,template_combinatorial,train
kilpauk and guindy transit metro running today?,service_availability:today_running,KILPAUK,service_availability,KILPAUK,GUINDY,metro,,False,hinglish,latin_hinglish,template_combinatorial,train
st thomas mount and airport transit train running today?,service_availability:today_running,ST_THOMAS_MOUNT,service_availability,ST_THOMAS_MOUNT,CHENNAI_AIRPORT,railway,,False,hinglish,latin_hinglish,template_combinatorial,train
क्या चेन्नई सेंट्रल से टी नगर जाने के लिए बस मिलेगी?,service_availability:get_mode,CHENNAI_CENTRAL,service_availability,CHENNAI_CENTRAL,NANDANAM,bus,,False,hi,devanagari,template_combinatorial,train
nehru park par metro service chal rahi hai kya?,service_availability:service_status,NEHRU_PARK,service_availability,NEHRU_PARK,,metro,,False,hinglish,latin_hinglish,template_combinatorial,train
tambaram par train service chal rahi hai kya?,service_availability:service_status,TAMBARAM,service_availability,TAMBARAM,,railway,,False,hinglish,latin_hinglish,template_combinatorial,train
सेंट्रल पर ट्रेन का संचालन हो रहा है क्या?,service_availability:operational_status,CHENNAI_CENTRAL,service_availability,CHENNAI_CENTRAL,,railway,,False,hi,devanagari,template_combinatorial,train
थाउजेंड लाइट्स से गिंडी के बीच लोकल ट्रेन चलती है क्या?,service_availability:running_check,THOUSAND_LIGHTS,service_availability,THOUSAND_LIGHTS,GUINDY,suburban_rail,,False,hi,devanagari,template_combinatorial,train
चेन्नई सेंट्रल पर मेट्रो का संचालन हो रहा है क्या?,service_availability:operational_status,CHENNAI_CENTRAL,service_availability,CHENNAI_CENTRAL,,metro,,False,hi,devanagari,template_combinatorial,train
kya central railway station se chennai beach train se ja sakte hai?,service_availability:travel_feasibility,CHENNAI_CENTRAL,service_availability,CHENNAI_CENTRAL,CHENNAI_BEACH,railway,,False,hinglish,latin_hinglish,template_combinatorial,train
हाई कोर्ट पर बस का संचालन हो रहा है क्या?,service_availability:operational_status,HIGH_COURT,service_availability,HIGH_COURT,,bus,,False,hi,devanagari,template_combinatorial,train
क्या अन्ना नगर से चेन्नई एग्मोर जाने के लिए लोकल ट्रेन मिलेगी?,service_availability:get_mode,ANNA_NAGAR,service_availability,ANNA_NAGAR,CHENNAI_EGMORE,suburban_rail,,False,hi,devanagari,template_combinatorial,train
क्या एलआईसी से गवर्नमेंट एस्टेट जाने के लिए ट्रेन मिलेगी?,service_availability:get_mode,LIC,service_availability,LIC,GOVERNMENT_ESTATE,railway,,False,hi,devanagari,template_combinatorial,train
गवर्नमेंट एस्टेट से गिंडी जाने के लिए मेट्रो सेवा चालू है কি?,service_availability:service_status,GOVERNMENT_ESTATE,service_availability,GOVERNMENT_ESTATE,GUINDY,metro,,False,hi,devanagari,template_combinatorial,train
क्या आज आलंदूर से कोयम्बेडु लोकल ट्रेन चालू है?,service_availability:today_running,ALANDUR,service_availability,ALANDUR,KOYAMBEDU,suburban_rail,,False,hi,devanagari,template_combinatorial,train
kya st thomas mount se velachery bus milegi?,service_availability:get_mode,ST_THOMAS_MOUNT,service_availability,ST_THOMAS_MOUNT,VELACHERY,bus,,False,hinglish,latin_hinglish,template_combinatorial,train
high court par train service chal rahi hai kya?,service_availability:service_status,HIGH_COURT,service_availability,HIGH_COURT,,railway,,False,hinglish,latin_hinglish,template_combinatorial,train
kya thousand lights se lic train milegi?,service_availability:get_mode,THOUSAND_LIGHTS,service_availability,THOUSAND_LIGHTS,LIC,railway,,False,hinglish,latin_hinglish,template_combinatorial,train
हवाई अड्डा से मीनांबक्कम तक लोकल ट्रेन चल रही है?,service_availability:running_active,CHENNAI_AIRPORT,service_availability,CHENNAI_AIRPORT,MEENAMBAKKAM,suburban_rail,,False,hi,devanagari,template_combinatorial,train
एग्मोर से चेन्नई बीच जाने के लिए ट्रेन सेवा चालू है কি?,service_availability:service_status,CHENNAI_EGMORE,service_availability,CHENNAI_EGMORE,CHENNAI_BEACH,railway,,False,hi,devanagari,template_combinatorial,train
alandur and anna nagar transit metro running today?,service_availability:today_running,ALANDUR,service_availability,ALANDUR,ANNA_NAGAR,metro,,False,hinglish,latin_hinglish,template_combinatorial,train
koyambedu par bus service chal rahi hai kya?,service_availability:service_status,KOYAMBEDU,service_availability,KOYAMBEDU,,bus,,False,hinglish,latin_hinglish,template_combinatorial,train
st thomas mount se lic direct train hai kya?,service_availability:direct_mode,ST_THOMAS_MOUNT,service_availability,ST_THOMAS_MOUNT,LIC,railway,,False,hinglish,latin_hinglish,template_combinatorial,train
government estate to t nagar local train connectivity available?,service_availability:connectivity,GOVERNMENT_ESTATE,service_availability,GOVERNMENT_ESTATE,NANDANAM,suburban_rail,,False,hinglish,latin_hinglish,template_combinatorial,train
क्या आज अशोक नगर से सेंट थॉमस माउंट ट्रेन चालू है?,service_availability:today_running,ASHOK_NAGAR,service_availability,ASHOK_NAGAR,ST_THOMAS_MOUNT,railway,,False,hi,devanagari,template_combinatorial,train
सैदापेट से गवर्नमेंट एस्टेट के लिए सीधी लोकल ट्रेन है?,service_availability:direct_mode,SAIDAPET,service_availability,SAIDAPET,GOVERNMENT_ESTATE,suburban_rail,,False,hi,devanagari,template_combinatorial,train
सीएमबीटी से वडापलानी के बीच बस चलती है क्या?,service_availability:running_check,CMBT,service_availability,CMBT,VADAPALANI,bus,,False,hi,devanagari,template_combinatorial,train
kya cmbt se little mount local train se ja sakte hai?,service_availability:travel_feasibility,CMBT,service_availability,CMBT,LITTLE_MOUNT,suburban_rail,,False,hinglish,latin_hinglish,template_combinatorial,train
गवर्नमेंट एस्टेट से टी नगर के बीच बस चलती है क्या?,service_availability:running_check,GOVERNMENT_ESTATE,service_availability,GOVERNMENT_ESTATE,NANDANAM,bus,,False,hi,devanagari,template_combinatorial,train
क्या सेंट्रल से नंदनम जाने के लिए ट्रेन मिलेगी?,service_availability:get_mode,CHENNAI_CENTRAL,service_availability,CHENNAI_CENTRAL,NANDANAM,railway,,False,hi,devanagari,template_combinatorial,train
क्या अशोक नगर स्टेशन पर बस की सुविधा उपलब्ध है?,service_availability:station_availability,ASHOK_NAGAR,service_availability,ASHOK_NAGAR,,bus,,False,hi,devanagari,template_combinatorial,train
kya ashok nagar se meenambakkam local train se ja sakte hai?,service_availability:travel_feasibility,ASHOK_NAGAR,service_availability,ASHOK_NAGAR,MEENAMBAKKAM,suburban_rail,,False,hinglish,latin_hinglish,template_combinatorial,train
क्या आज कोयम्बेडु मार्केट से सैदापेट लोकल ट्रेन चालू है?,service_availability:today_running,KOYAMBEDU,service_availability,KOYAMBEDU,SAIDAPET,suburban_rail,,False,hi,devanagari,template_combinatorial,train
सैदापेट पर मेट्रो का संचालन हो रहा है क्या?,service_availability:operational_status,SAIDAPET,service_availability,SAIDAPET,,metro,,False,hi,devanagari,template_combinatorial,train
kya anna nagar se central train milegi?,service_availability:get_mode,ANNA_NAGAR,service_availability,ANNA_NAGAR,CHENNAI_CENTRAL,railway,,False,hinglish,latin_hinglish,template_combinatorial,train
नंदनम से शेनॉय नगर के लिए सीधी मेट्रो है?,service_availability:direct_mode,NANDANAM,service_availability,NANDANAM,SHENOY_NAGAR,metro,,False,hi,devanagari,template_combinatorial,train
kilpauk to ashok nagar bus connectivity available?,service_availability:connectivity,KILPAUK,service_availability,KILPAUK,ASHOK_NAGAR,bus,,False,hinglish,latin_hinglish,template_combinatorial,train
kya high court se chennai egmore local train se ja sakte hai?,service_availability:travel_feasibility,HIGH_COURT,service_availability,HIGH_COURT,CHENNAI_EGMORE,suburban_rail,,False,hinglish,latin_hinglish,template_combinatorial,train
thousand lights and teynampet transit local train running today?,service_availability:today_running,THOUSAND_LIGHTS,service_availability,THOUSAND_LIGHTS,TEYNAMPET,suburban_rail,,False,hinglish,latin_hinglish,template_combinatorial,train
kya lic se anna nagar train se ja sakte hai?,service_availability:travel_feasibility,LIC,service_availability,LIC,ANNA_NAGAR,railway,,False,hinglish,latin_hinglish,template_combinatorial,train
क्या आलंदूर से टी नगर जाने के लिए ट्रेन मिलेगी?,service_availability:get_mode,ALANDUR,service_availability,ALANDUR,NANDANAM,railway,,False,hi,devanagari,template_combinatorial,train
क्या मैं सीएमबीटी से नंदनम ट्रेन से जा सकता हूँ?,service_availability:travel_feasibility,CMBT,service_availability,CMBT,NANDANAM,railway,,False,hi,devanagari,template_combinatorial,train
kya guindy se kilpauk local train milegi?,service_availability:get_mode,GUINDY,service_availability,GUINDY,KILPAUK,suburban_rail,,False,hinglish,latin_hinglish,template_combinatorial,train
nandanam par bus service chal rahi hai kya?,service_availability:service_status,NANDANAM,service_availability,NANDANAM,,bus,,False,hinglish,latin_hinglish,template_combinatorial,train
कोयम्बेडु पर बस का संचालन हो रहा है क्या?,service_availability:operational_status,KOYAMBEDU,service_availability,KOYAMBEDU,,bus,,False,hi,devanagari,template_combinatorial,train
ashok nagar and high court transit metro running today?,service_availability:today_running,ASHOK_NAGAR,service_availability,ASHOK_NAGAR,HIGH_COURT,metro,,False,hinglish,latin_hinglish,template_combinatorial,train
क्या मैं वडापलानी से सेंट थॉमस माउंट ट्रेन से जा सकता हूँ?,service_availability:travel_feasibility,VADAPALANI,service_availability,VADAPALANI,ST_THOMAS_MOUNT,railway,,False,hi,devanagari,template_combinatorial,train
क्या एग्मोर स्टेशन पर लोकल ट्रेन की सुविधा उपलब्ध है?,service_availability:station_availability,CHENNAI_EGMORE,service_availability,CHENNAI_EGMORE,,suburban_rail,,False,hi,devanagari,template_combinatorial,train
चेन्नई एग्मोर से गिंडी के बीच लोकल ट्रेन चलती है क्या?,service_availability:running_check,CHENNAI_EGMORE,service_availability,CHENNAI_EGMORE,GUINDY,suburban_rail,,False,hi,devanagari,template_combinatorial,train
कोयम्बेडु पर लोकल ट्रेन का संचालन हो रहा है क्या?,service_availability:operational_status,KOYAMBEDU,service_availability,KOYAMBEDU,,suburban_rail,,False,hi,devanagari,template_combinatorial,train
चेन्नई एग्मोर से अशोक नगर जाने के लिए लोकल ट्रेन सेवा चालू है কি?,service_availability:service_status,CHENNAI_EGMORE,service_availability,CHENNAI_EGMORE,ASHOK_NAGAR,suburban_rail,,False,hi,devanagari,template_combinatorial,train
क्या सेंट थॉमस माउंट से ताम्बरम जाने के लिए बस मिलेगी?,service_availability:get_mode,ST_THOMAS_MOUNT,service_availability,ST_THOMAS_MOUNT,TAMBARAM,bus,,False,hi,devanagari,template_combinatorial,train
क्या नेहरू पार्क जाने के लिए वडापलानी से लोकल ट्रेन मिल जाएगी?,service_availability:destination_get,VADAPALANI,service_availability,VADAPALANI,NEHRU_PARK,suburban_rail,,False,hi,devanagari,template_combinatorial,train
kya guindy se chennai central bus se ja sakte hai?,service_availability:travel_feasibility,GUINDY,service_availability,GUINDY,CHENNAI_CENTRAL,bus,,False,hinglish,latin_hinglish,template_combinatorial,train
लिटिल माउंट से एजी-डीएमएस जाने के लिए लोकल ट्रेन सेवा चालू है কি?,service_availability:service_status,LITTLE_MOUNT,service_availability,LITTLE_MOUNT,AG_DMS,suburban_rail,,False,hi,devanagari,template_combinatorial,train
एयरपोर्ट से किल्पॉक के बीच बस चलती है क्या?,service_availability:running_check,CHENNAI_AIRPORT,service_availability,CHENNAI_AIRPORT,KILPAUK,bus,,False,hi,devanagari,template_combinatorial,train
kya koyambedu se guindy metro milegi?,service_availability:get_mode,KOYAMBEDU,service_availability,KOYAMBEDU,GUINDY,metro,,False,hinglish,latin_hinglish,template_combinatorial,train
क्या मैं गवर्नमेंट एस्टेट से कोयम्बेडु ट्रेन से जा सकता हूँ?,service_availability:travel_feasibility,GOVERNMENT_ESTATE,service_availability,GOVERNMENT_ESTATE,KOYAMBEDU,railway,,False,hi,devanagari,template_combinatorial,train
चेन्नई बीच से अशोक नगर के बीच बस चलती है क्या?,service_availability:running_check,CHENNAI_BEACH,service_availability,CHENNAI_BEACH,ASHOK_NAGAR,bus,,False,hi,devanagari,template_combinatorial,train
kya t nagar se lic metro milegi?,service_availability:get_mode,NANDANAM,service_availability,NANDANAM,LIC,metro,,False,hinglish,latin_hinglish,template_combinatorial,train
chennai central par metro service chal rahi hai kya?,service_availability:service_status,CHENNAI_CENTRAL,service_availability,CHENNAI_CENTRAL,,metro,,False,hinglish,latin_hinglish,template_combinatorial,train
शेनॉय नगर से सीएमबीटी जाने के लिए बस सेवा चालू है কি?,service_availability:service_status,SHENOY_NAGAR,service_availability,SHENOY_NAGAR,CMBT,bus,,False,hi,devanagari,template_combinatorial,train
क्या एयरपोर्ट से चेन्नई सेंट्रल जाने के लिए बस मिलेगी?,service_availability:get_mode,CHENNAI_AIRPORT,service_availability,CHENNAI_AIRPORT,CHENNAI_CENTRAL,bus,,False,hi,devanagari,template_combinatorial,train
क्या मैं सीएमबीटी से चेन्नई सेंट्रल मेट्रो से जा सकता हूँ?,service_availability:travel_feasibility,CMBT,service_availability,CMBT,CHENNAI_CENTRAL,metro,,False,hi,devanagari,template_combinatorial,train
सैदापेट से गवर्नमेंट एस्टेट तक बस चल रही है?,service_availability:running_active,SAIDAPET,service_availability,SAIDAPET,GOVERNMENT_ESTATE,bus,,False,hi,devanagari,template_combinatorial,train
kya alandur se thousand lights train milegi?,service_availability:get_mode,ALANDUR,service_availability,ALANDUR,THOUSAND_LIGHTS,railway,,False,hinglish,latin_hinglish,template_combinatorial,train
nandanam to chennai egmore local train connectivity available?,service_availability:connectivity,NANDANAM,service_availability,NANDANAM,CHENNAI_EGMORE,suburban_rail,,False,hinglish,latin_hinglish,template_combinatorial,train
kya cmbt se high court local train milegi?,service_availability:get_mode,CMBT,service_availability,CMBT,HIGH_COURT,suburban_rail,,False,hinglish,latin_hinglish,template_combinatorial,train
सेंट्रल रेलवे स्टेशन से कोयम्बेडु तक लोकल ट्रेन चल रही है?,service_availability:running_active,CHENNAI_CENTRAL,service_availability,CHENNAI_CENTRAL,KOYAMBEDU,suburban_rail,,False,hi,devanagari,template_combinatorial,train
तिरुमंगलम से सैदापेट लोकल ट्रेन कनेक्टिविटी है क्या?,service_availability:connectivity,THIRUMANGALAM,service_availability,THIRUMANGALAM,SAIDAPET,suburban_rail,,False,hi,devanagari,template_combinatorial,train
chennai beach and egmore transit train running today?,service_availability:today_running,CHENNAI_BEACH,service_availability,CHENNAI_BEACH,CHENNAI_EGMORE,railway,,False,hinglish,latin_hinglish,template_combinatorial,train
गिंडी से चेन्नई सेंट्रल जाने के लिए ट्रेन सेवा चालू है কি?,service_availability:service_status,GUINDY,service_availability,GUINDY,CHENNAI_CENTRAL,railway,,False,hi,devanagari,template_combinatorial,train
नंदनम से चेन्नई एयरपोर्ट मेट्रो कनेक्टिविटी है क्या?,service_availability:connectivity,NANDANAM,service_availability,NANDANAM,CHENNAI_AIRPORT,metro,,False,hi,devanagari,template_combinatorial,train
airport and teynampet transit bus running today?,service_availability:today_running,CHENNAI_AIRPORT,service_availability,CHENNAI_AIRPORT,TEYNAMPET,bus,,False,hinglish,latin_hinglish,template_combinatorial,train
government estate to chennai beach train connectivity available?,service_availability:connectivity,GOVERNMENT_ESTATE,service_availability,GOVERNMENT_ESTATE,CHENNAI_BEACH,railway,,False,hinglish,latin_hinglish,template_combinatorial,train
meenambakkam and vadapalani transit local train running today?,service_availability:today_running,MEENAMBAKKAM,service_availability,MEENAMBAKKAM,VADAPALANI,suburban_rail,,False,hinglish,latin_hinglish,template_combinatorial,train
क्या आज थाउजेंड लाइट्स से शेनॉय नगर ट्रेन चालू है?,service_availability:today_running,THOUSAND_LIGHTS,service_availability,THOUSAND_LIGHTS,SHENOY_NAGAR,railway,,False,hi,devanagari,template_combinatorial,train
लिटिल माउंट से मीनांबक्कम लोकल ट्रेन कनेक्टिविटी है क्या?,service_availability:connectivity,LITTLE_MOUNT,service_availability,LITTLE_MOUNT,MEENAMBAKKAM,suburban_rail,,False,hi,devanagari,template_combinatorial,train
कोयम्बेडु से सेंट्रल के लिए सीधी मेट्रो है?,service_availability:direct_mode,KOYAMBEDU,service_availability,KOYAMBEDU,CHENNAI_CENTRAL,metro,,False,hi,devanagari,template_combinatorial,train
अशोक नगर से कोयम्बेडु मार्केट लोकल ट्रेन कनेक्टिविटी है क्या?,service_availability:connectivity,ASHOK_NAGAR,service_availability,ASHOK_NAGAR,KOYAMBEDU,suburban_rail,,False,hi,devanagari,template_combinatorial,train
क्या एग्मोर से मीनांबक्कम जाने के लिए ट्रेन मिलेगी?,service_availability:get_mode,CHENNAI_EGMORE,service_availability,CHENNAI_EGMORE,MEENAMBAKKAM,railway,,False,hi,devanagari,template_combinatorial,train
हाई कोर्ट से सेंट्रल तक मेट्रो चल रही है?,service_availability:running_active,HIGH_COURT,service_availability,HIGH_COURT,CHENNAI_CENTRAL,metro,,False,hi,devanagari,template_combinatorial,train
क्या एलआईसी से टी नगर जाने के लिए लोकल ट्रेन मिलेगी?,service_availability:get_mode,LIC,service_availability,LIC,NANDANAM,suburban_rail,,False,hi,devanagari,template_combinatorial,train
ag dms par train service chal rahi hai kya?,service_availability:service_status,AG_DMS,service_availability,AG_DMS,,railway,,False,hinglish,latin_hinglish,template_combinatorial,train
सेंट थॉमस माउंट से चेन्नई एग्मोर के बीच ट्रेन चलती है क्या?,service_availability:running_check,ST_THOMAS_MOUNT,service_availability,ST_THOMAS_MOUNT,CHENNAI_EGMORE,railway,,False,hi,devanagari,template_combinatorial,train
lic and ashok nagar transit local train running today?,service_availability:today_running,LIC,service_availability,LIC,ASHOK_NAGAR,suburban_rail,,False,hinglish,latin_hinglish,template_combinatorial,train
kya lic se t nagar local train se ja sakte hai?,service_availability:travel_feasibility,LIC,service_availability,LIC,NANDANAM,suburban_rail,,False,hinglish,latin_hinglish,template_combinatorial,train
nehru park to thirumangalam local train connectivity available?,service_availability:connectivity,NEHRU_PARK,service_availability,NEHRU_PARK,THIRUMANGALAM,suburban_rail,,False,hinglish,latin_hinglish,template_combinatorial,train
central se shenoy nagar direct local train hai kya?,service_availability:direct_mode,CHENNAI_CENTRAL,service_availability,CHENNAI_CENTRAL,SHENOY_NAGAR,suburban_rail,,False,hinglish,latin_hinglish,template_combinatorial,train
high court and nandanam transit local train running today?,service_availability:today_running,HIGH_COURT,service_availability,HIGH_COURT,NANDANAM,suburban_rail,,False,hinglish,latin_hinglish,template_combinatorial,train
एयरपोर्ट से हाई कोर्ट जाने के लिए मेट्रो सेवा चालू है কি?,service_availability:service_status,CHENNAI_AIRPORT,service_availability,CHENNAI_AIRPORT,HIGH_COURT,metro,,False,hi,devanagari,template_combinatorial,train
अन्ना नगर से सेंट थॉमस माउंट के लिए सीधी लोकल ट्रेन है?,service_availability:direct_mode,ANNA_NAGAR,service_availability,ANNA_NAGAR,ST_THOMAS_MOUNT,suburban_rail,,False,hi,devanagari,template_combinatorial,train
kya velachery se anna nagar local train milegi?,service_availability:get_mode,VELACHERY,service_availability,VELACHERY,ANNA_NAGAR,suburban_rail,,False,hinglish,latin_hinglish,template_combinatorial,train
kilpauk and chennai airport transit metro running today?,service_availability:today_running,KILPAUK,service_availability,KILPAUK,CHENNAI_AIRPORT,metro,,False,hinglish,latin_hinglish,template_combinatorial,train
क्या मैं एग्मोर से सेंट थॉमस माउंट ट्रेन से जा सकता हूँ?,service_availability:travel_feasibility,CHENNAI_EGMORE,service_availability,CHENNAI_EGMORE,ST_THOMAS_MOUNT,railway,,False,hi,devanagari,template_combinatorial,train
kya anna nagar se shenoy nagar train milegi?,service_availability:get_mode,ANNA_NAGAR,service_availability,ANNA_NAGAR,SHENOY_NAGAR,railway,,False,hinglish,latin_hinglish,template_combinatorial,train
ताम्बरम से तेनामपेट जाने के लिए ट्रेन सेवा चालू है কি?,service_availability:service_status,TAMBARAM,service_availability,TAMBARAM,TEYNAMPET,railway,,False,hi,devanagari,template_combinatorial,train
टी नगर से नेहरू पार्क के लिए सीधी ट्रेन है?,service_availability:direct_mode,NANDANAM,service_availability,NANDANAM,NEHRU_PARK,railway,,False,hi,devanagari,template_combinatorial,train
चेन्नई एग्मोर पर बस का संचालन हो रहा है क्या?,service_availability:operational_status,CHENNAI_EGMORE,service_availability,CHENNAI_EGMORE,,bus,,False,hi,devanagari,template_combinatorial,train
nehru park se guindy direct local train hai kya?,service_availability:direct_mode,NEHRU_PARK,service_availability,NEHRU_PARK,GUINDY,suburban_rail,,False,hinglish,latin_hinglish,template_combinatorial,train
अशोक नगर से एग्मोर बस कनेक्टिविटी है क्या?,service_availability:connectivity,ASHOK_NAGAR,service_availability,ASHOK_NAGAR,CHENNAI_EGMORE,bus,,False,hi,devanagari,template_combinatorial,train
क्या मैं तिरुमंगलम से सीएमबीटी लोकल ट्रेन से जा सकता हूँ?,service_availability:travel_feasibility,THIRUMANGALAM,service_availability,THIRUMANGALAM,CMBT,suburban_rail,,False,hi,devanagari,template_combinatorial,train
थाउजेंड लाइट्स से वेलाचेरी के लिए सीधी मेट्रो है?,service_availability:direct_mode,THOUSAND_LIGHTS,service_availability,THOUSAND_LIGHTS,VELACHERY,metro,,False,hi,devanagari,template_combinatorial,train
तेनामपेट से सेंट्रल रेलवे स्टेशन बस कनेक्टिविटी है क्या?,service_availability:connectivity,TEYNAMPET,service_availability,TEYNAMPET,CHENNAI_CENTRAL,bus,,False,hi,devanagari,template_combinatorial,train
central se alandur direct local train hai kya?,service_availability:direct_mode,CHENNAI_CENTRAL,service_availability,CHENNAI_CENTRAL,ALANDUR,suburban_rail,,False,hinglish,latin_hinglish,template_combinatorial,train
सेंट्रल रेलवे स्टेशन से हाई कोर्ट के बीच मेट्रो चलती है क्या?,service_availability:running_check,CHENNAI_CENTRAL,service_availability,CHENNAI_CENTRAL,HIGH_COURT,metro,,False,hi,devanagari,template_combinatorial,train
kya shenoy nagar se anna nagar metro milegi?,service_availability:get_mode,SHENOY_NAGAR,service_availability,SHENOY_NAGAR,ANNA_NAGAR,metro,,False,hinglish,latin_hinglish,template_combinatorial,train
गवर्नमेंट एस्टेट से चेन्नई एयरपोर्ट ट्रेन कनेक्टिविटी है क्या?,service_availability:connectivity,GOVERNMENT_ESTATE,service_availability,GOVERNMENT_ESTATE,CHENNAI_AIRPORT,railway,,False,hi,devanagari,template_combinatorial,train
kya thirumangalam se high court metro milegi?,service_availability:get_mode,THIRUMANGALAM,service_availability,THIRUMANGALAM,HIGH_COURT,metro,,False,hinglish,latin_hinglish,template_combinatorial,train
kya shenoy nagar se lic train milegi?,service_availability:get_mode,SHENOY_NAGAR,service_availability,SHENOY_NAGAR,LIC,railway,,False,hinglish,latin_hinglish,template_combinatorial,train
वेलाचेरी पर ट्रेन का संचालन हो रहा है क्या?,service_availability:operational_status,VELACHERY,service_availability,VELACHERY,,railway,,False,hi,devanagari,template_combinatorial,train
kya alandur se kilpauk local train milegi?,service_availability:get_mode,ALANDUR,service_availability,ALANDUR,KILPAUK,suburban_rail,,False,hinglish,latin_hinglish,template_combinatorial,train
chennai egmore par train service chal rahi hai kya?,service_availability:service_status,CHENNAI_EGMORE,service_availability,CHENNAI_EGMORE,,railway,,False,hinglish,latin_hinglish,template_combinatorial,train
हवाई अड्डा पर लोकल ट्रेन का संचालन हो रहा है क्या?,service_availability:operational_status,CHENNAI_AIRPORT,service_availability,CHENNAI_AIRPORT,,suburban_rail,,False,hi,devanagari,template_combinatorial,train
क्या वेलाचेरी स्टेशन पर लोकल ट्रेन की सुविधा उपलब्ध है?,service_availability:station_availability,VELACHERY,service_availability,VELACHERY,,suburban_rail,,False,hi,devanagari,template_combinatorial,train
गवर्नमेंट एस्टेट से लिटिल माउंट के बीच लोकल ट्रेन चलती है क्या?,service_availability:running_check,GOVERNMENT_ESTATE,service_availability,GOVERNMENT_ESTATE,LITTLE_MOUNT,suburban_rail,,False,hi,devanagari,template_combinatorial,train
anna nagar and ag dms transit metro running today?,service_availability:today_running,ANNA_NAGAR,service_availability,ANNA_NAGAR,AG_DMS,metro,,False,hinglish,latin_hinglish,template_combinatorial,train
नंदनम से एलआईसी के लिए सीधी मेट्रो है?,service_availability:direct_mode,NANDANAM,service_availability,NANDANAM,LIC,metro,,False,hi,devanagari,template_combinatorial,train
किल्पॉक से अशोक नगर मेट्रो कनेक्टिविटी है क्या?,service_availability:connectivity,KILPAUK,service_availability,KILPAUK,ASHOK_NAGAR,metro,,False,hi,devanagari,template_combinatorial,train
क्या आज वेलाचेरी से अशोक नगर बस चालू है?,service_availability:today_running,VELACHERY,service_availability,VELACHERY,ASHOK_NAGAR,bus,,False,hi,devanagari,template_combinatorial,train
नंदनम से अशोक नगर के बीच ट्रेन चलती है क्या?,service_availability:running_check,NANDANAM,service_availability,NANDANAM,ASHOK_NAGAR,railway,,False,hi,devanagari,template_combinatorial,train
क्या मैं चेन्नई एयरपोर्ट से हाई कोर्ट ट्रेन से जा सकता हूँ?,service_availability:travel_feasibility,CHENNAI_AIRPORT,service_availability,CHENNAI_AIRPORT,HIGH_COURT,railway,,False,hi,devanagari,template_combinatorial,train
किल्पॉक पर मेट्रो का संचालन हो रहा है क्या?,service_availability:operational_status,KILPAUK,service_availability,KILPAUK,,metro,,False,hi,devanagari,template_combinatorial,train
kya little mount se central metro se ja sakte hai?,service_availability:travel_feasibility,LITTLE_MOUNT,service_availability,LITTLE_MOUNT,CHENNAI_CENTRAL,metro,,False,hinglish,latin_hinglish,template_combinatorial,train
नंदनम से कोयम्बेडु के बीच मेट्रो चलती है क्या?,service_availability:running_check,NANDANAM,service_availability,NANDANAM,KOYAMBEDU,metro,,False,hi,devanagari,template_combinatorial,train
shenoy nagar par metro service chal rahi hai kya?,service_availability:service_status,SHENOY_NAGAR,service_availability,SHENOY_NAGAR,,metro,,False,hinglish,latin_hinglish,template_combinatorial,train
cmbt to t nagar local train connectivity available?,service_availability:connectivity,CMBT,service_availability,CMBT,NANDANAM,suburban_rail,,False,hinglish,latin_hinglish,template_combinatorial,train
kya alandur se nandanam train se ja sakte hai?,service_availability:travel_feasibility,ALANDUR,service_availability,ALANDUR,NANDANAM,railway,,False,hinglish,latin_hinglish,template_combinatorial,train
क्या चेन्नई एयरपोर्ट जाने के लिए चेन्नई बीच से ट्रेन मिल जाएगी?,service_availability:destination_get,CHENNAI_BEACH,service_availability,CHENNAI_BEACH,CHENNAI_AIRPORT,railway,,False,hi,devanagari,template_combinatorial,train
chennai egmore se kilpauk direct train hai kya?,service_availability:direct_mode,CHENNAI_EGMORE,service_availability,CHENNAI_EGMORE,KILPAUK,railway,,False,hinglish,latin_hinglish,template_combinatorial,train
चेन्नई एयरपोर्ट से एजी-डीएमएस के बीच बस चलती है क्या?,service_availability:running_check,CHENNAI_AIRPORT,service_availability,CHENNAI_AIRPORT,AG_DMS,bus,,False,hi,devanagari,template_combinatorial,train
क्या चेन्नई सेंट्रल से सैदापेट जाने के लिए ट्रेन मिलेगी?,service_availability:get_mode,CHENNAI_CENTRAL,service_availability,CHENNAI_CENTRAL,SAIDAPET,railway,,False,hi,devanagari,template_combinatorial,train
क्या हवाई अड्डा स्टेशन पर बस की सुविधा उपलब्ध है?,service_availability:station_availability,CHENNAI_AIRPORT,service_availability,CHENNAI_AIRPORT,,bus,,False,hi,devanagari,template_combinatorial,train
नेहरू पार्क से वडापलानी के लिए सीधी ट्रेन है?,service_availability:direct_mode,NEHRU_PARK,service_availability,NEHRU_PARK,VADAPALANI,railway,,False,hi,devanagari,template_combinatorial,train
velachery and kilpauk transit local train running today?,service_availability:today_running,VELACHERY,service_availability,VELACHERY,KILPAUK,suburban_rail,,False,hinglish,latin_hinglish,template_combinatorial,train
एजी-डीएमएस से गिंडी के लिए सीधी ट्रेन है?,service_availability:direct_mode,AG_DMS,service_availability,AG_DMS,GUINDY,railway,,False,hi,devanagari,template_combinatorial,train
गवर्नमेंट एस्टेट से सैदापेट के लिए सीधी मेट्रो है?,service_availability:direct_mode,GOVERNMENT_ESTATE,service_availability,GOVERNMENT_ESTATE,SAIDAPET,metro,,False,hi,devanagari,template_combinatorial,train
shenoy nagar se nandanam direct bus hai kya?,service_availability:direct_mode,SHENOY_NAGAR,service_availability,SHENOY_NAGAR,NANDANAM,bus,,False,hinglish,latin_hinglish,template_combinatorial,train
तेनामपेट पर लोकल ट्रेन का संचालन हो रहा है क्या?,service_availability:operational_status,TEYNAMPET,service_availability,TEYNAMPET,,suburban_rail,,False,hi,devanagari,template_combinatorial,train
सेंट्रल रेलवे स्टेशन से चेन्नई एग्मोर जाने के लिए लोकल ट्रेन सेवा चालू है কি?,service_availability:service_status,CHENNAI_CENTRAL,service_availability,CHENNAI_CENTRAL,CHENNAI_EGMORE,suburban_rail,,False,hi,devanagari,template_combinatorial,train
वडापलानी से एजी-डीएमएस लोकल ट्रेन कनेक्टिविटी है क्या?,service_availability:connectivity,VADAPALANI,service_availability,VADAPALANI,AG_DMS,suburban_rail,,False,hi,devanagari,template_combinatorial,train
टी नगर से कोयम्बेडु जाने के लिए मेट्रो सेवा चालू है কি?,service_availability:service_status,NANDANAM,service_availability,NANDANAM,KOYAMBEDU,metro,,False,hi,devanagari,template_combinatorial,train
guindy and vadapalani transit metro running today?,service_availability:today_running,GUINDY,service_availability,GUINDY,VADAPALANI,metro,,False,hinglish,latin_hinglish,template_combinatorial,train
meenambakkam se vadapalani direct local train hai kya?,service_availability:direct_mode,MEENAMBAKKAM,service_availability,MEENAMBAKKAM,VADAPALANI,suburban_rail,,False,hinglish,latin_hinglish,template_combinatorial,train
क्या मैं किल्पॉक से नेहरू पार्क लोकल ट्रेन से जा सकता हूँ?,service_availability:travel_feasibility,KILPAUK,service_availability,KILPAUK,NEHRU_PARK,suburban_rail,,False,hi,devanagari,template_combinatorial,train
shenoy nagar se high court direct bus hai kya?,service_availability:direct_mode,SHENOY_NAGAR,service_availability,SHENOY_NAGAR,HIGH_COURT,bus,,False,hinglish,latin_hinglish,template_combinatorial,train
क्या चेन्नई एग्मोर जाने के लिए नंदनम से बस मिल जाएगी?,service_availability:destination_get,NANDANAM,service_availability,NANDANAM,CHENNAI_EGMORE,bus,,False,hi,devanagari,template_combinatorial,train
alandur to central railway station train connectivity available?,service_availability:connectivity,ALANDUR,service_availability,ALANDUR,CHENNAI_CENTRAL,railway,,False,hinglish,latin_hinglish,template_combinatorial,train
kya meenambakkam se little mount train se ja sakte hai?,service_availability:travel_feasibility,MEENAMBAKKAM,service_availability,MEENAMBAKKAM,LITTLE_MOUNT,railway,,False,hinglish,latin_hinglish,template_combinatorial,train
koyambedu se thousand lights direct metro hai kya?,service_availability:direct_mode,KOYAMBEDU,service_availability,KOYAMBEDU,THOUSAND_LIGHTS,metro,,False,hinglish,latin_hinglish,template_combinatorial,train
alandur par bus service chal rahi hai kya?,service_availability:service_status,ALANDUR,service_availability,ALANDUR,,bus,,False,hinglish,latin_hinglish,template_combinatorial,train
kya teynampet se thousand lights metro milegi?,service_availability:get_mode,TEYNAMPET,service_availability,TEYNAMPET,THOUSAND_LIGHTS,metro,,False,hinglish,latin_hinglish,template_combinatorial,train
सेंट्रल से कोयम्बेडु के बीच ट्रेन चलती है क्या?,service_availability:running_check,CHENNAI_CENTRAL,service_availability,CHENNAI_CENTRAL,KOYAMBEDU,railway,,False,hi,devanagari,template_combinatorial,train
क्या टी नगर जाने के लिए सैदापेट से लोकल ट्रेन मिल जाएगी?,service_availability:destination_get,SAIDAPET,service_availability,SAIDAPET,NANDANAM,suburban_rail,,False,hi,devanagari,template_combinatorial,train
velachery se chennai egmore direct local train hai kya?,service_availability:direct_mode,VELACHERY,service_availability,VELACHERY,CHENNAI_EGMORE,suburban_rail,,False,hinglish,latin_hinglish,template_combinatorial,train
एलआईसी से एजी-डीएमएस के बीच लोकल ट्रेन चलती है क्या?,service_availability:running_check,LIC,service_availability,LIC,AG_DMS,suburban_rail,,False,hi,devanagari,template_combinatorial,train
क्या हवाई अड्डा जाने के लिए कोयम्बेडु मार्केट से लोकल ट्रेन मिल जाएगी?,service_availability:destination_get,KOYAMBEDU,service_availability,KOYAMBEDU,CHENNAI_AIRPORT,suburban_rail,,False,hi,devanagari,template_combinatorial,train
वडापलानी से कोयम्बेडु लोकल ट्रेन कनेक्टिविटी है क्या?,service_availability:connectivity,VADAPALANI,service_availability,VADAPALANI,KOYAMBEDU,suburban_rail,,False,hi,devanagari,template_combinatorial,train
सैदापेट से नेहरू पार्क ट्रेन कनेक्टिविटी है क्या?,service_availability:connectivity,SAIDAPET,service_availability,SAIDAPET,NEHRU_PARK,railway,,False,hi,devanagari,template_combinatorial,train
thousand lights and alandur transit train running today?,service_availability:today_running,THOUSAND_LIGHTS,service_availability,THOUSAND_LIGHTS,ALANDUR,railway,,False,hinglish,latin_hinglish,template_combinatorial,train
क्या सेंट्रल रेलवे स्टेशन से एलआईसी जाने के लिए ट्रेन मिलेगी?,service_availability:get_mode,CHENNAI_CENTRAL,service_availability,CHENNAI_CENTRAL,LIC,railway,,False,hi,devanagari,template_combinatorial,train
क्या मीनांबक्कम जाने के लिए कोयम्बेडु मार्केट से मेट्रो मिल जाएगी?,service_availability:destination_get,KOYAMBEDU,service_availability,KOYAMBEDU,MEENAMBAKKAM,metro,,False,hi,devanagari,template_combinatorial,train
chennai airport and meenambakkam transit train running today?,service_availability:today_running,CHENNAI_AIRPORT,service_availability,CHENNAI_AIRPORT,MEENAMBAKKAM,railway,,False,hinglish,latin_hinglish,template_combinatorial,train
anna nagar se nehru park direct train hai kya?,service_availability:direct_mode,ANNA_NAGAR,service_availability,ANNA_NAGAR,NEHRU_PARK,railway,,False,hinglish,latin_hinglish,template_combinatorial,train
तेनामपेट से एजी-डीएमएस तक मेट्रो चल रही है?,service_availability:running_active,TEYNAMPET,service_availability,TEYNAMPET,AG_DMS,metro,,False,hi,devanagari,template_combinatorial,train
kya high court se central metro milegi?,service_availability:get_mode,HIGH_COURT,service_availability,HIGH_COURT,CHENNAI_CENTRAL,metro,,False,hinglish,latin_hinglish,template_combinatorial,train
क्या गिंडी स्टेशन पर बस की सुविधा उपलब्ध है?,service_availability:station_availability,GUINDY,service_availability,GUINDY,,bus,,False,hi,devanagari,template_combinatorial,train
airport par train service chal rahi hai kya?,service_availability:service_status,CHENNAI_AIRPORT,service_availability,CHENNAI_AIRPORT,,railway,,False,hinglish,latin_hinglish,template_combinatorial,train
kya teynampet se anna nagar metro se ja sakte hai?,service_availability:travel_feasibility,TEYNAMPET,service_availability,TEYNAMPET,ANNA_NAGAR,metro,,False,hinglish,latin_hinglish,template_combinatorial,train
सेंट्रल से किल्पॉक के लिए सीधी ट्रेन है?,service_availability:direct_mode,CHENNAI_CENTRAL,service_availability,CHENNAI_CENTRAL,KILPAUK,railway,,False,hi,devanagari,template_combinatorial,train
क्या नंदनम जाने के लिए वेलाचेरी से बस मिल जाएगी?,service_availability:destination_get,VELACHERY,service_availability,VELACHERY,NANDANAM,bus,,False,hi,devanagari,template_combinatorial,train
guindy se little mount direct train hai kya?,service_availability:direct_mode,GUINDY,service_availability,GUINDY,LITTLE_MOUNT,railway,,False,hinglish,latin_hinglish,template_combinatorial,train
chennai egmore and chennai beach transit metro running today?,service_availability:today_running,CHENNAI_EGMORE,service_availability,CHENNAI_EGMORE,CHENNAI_BEACH,metro,,False,hinglish,latin_hinglish,template_combinatorial,train
nandanam and little mount transit train running today?,service_availability:today_running,NANDANAM,service_availability,NANDANAM,LITTLE_MOUNT,railway,,False,hinglish,latin_hinglish,template_combinatorial,train
kya egmore se tambaram train se ja sakte hai?,service_availability:travel_feasibility,CHENNAI_EGMORE,service_availability,CHENNAI_EGMORE,TAMBARAM,railway,,False,hinglish,latin_hinglish,template_combinatorial,train
क्या लिटिल माउंट से शेनॉय नगर जाने के लिए ट्रेन मिलेगी?,service_availability:get_mode,LITTLE_MOUNT,service_availability,LITTLE_MOUNT,SHENOY_NAGAR,railway,,False,hi,devanagari,template_combinatorial,train
क्या चेन्नई बीच स्टेशन पर बस की सुविधा उपलब्ध है?,service_availability:station_availability,CHENNAI_BEACH,service_availability,CHENNAI_BEACH,,bus,,False,hi,devanagari,template_combinatorial,train
क्या सैदापेट जाने के लिए अन्ना नगर से बस मिल जाएगी?,service_availability:destination_get,ANNA_NAGAR,service_availability,ANNA_NAGAR,SAIDAPET,bus,,False,hi,devanagari,template_combinatorial,train
एलआईसी पर ट्रेन का संचालन हो रहा है क्या?,service_availability:operational_status,LIC,service_availability,LIC,,railway,,False,hi,devanagari,template_combinatorial,train
क्या लिटिल माउंट जाने के लिए गवर्नमेंट एस्टेट से बस मिल जाएगी?,service_availability:destination_get,GOVERNMENT_ESTATE,service_availability,GOVERNMENT_ESTATE,LITTLE_MOUNT,bus,,False,hi,devanagari,template_combinatorial,train
क्या मैं चेन्नई एयरपोर्ट से मीनांबक्कम बस से जा सकता हूँ?,service_availability:travel_feasibility,CHENNAI_AIRPORT,service_availability,CHENNAI_AIRPORT,MEENAMBAKKAM,bus,,False,hi,devanagari,template_combinatorial,train
meenambakkam se airport direct train hai kya?,service_availability:direct_mode,MEENAMBAKKAM,service_availability,MEENAMBAKKAM,CHENNAI_AIRPORT,railway,,False,hinglish,latin_hinglish,template_combinatorial,train
क्या वडापलानी स्टेशन पर बस की सुविधा उपलब्ध है?,service_availability:station_availability,VADAPALANI,service_availability,VADAPALANI,,bus,,False,hi,devanagari,template_combinatorial,train
alandur se central railway station direct metro hai kya?,service_availability:direct_mode,ALANDUR,service_availability,ALANDUR,CHENNAI_CENTRAL,metro,,False,hinglish,latin_hinglish,template_combinatorial,train
kya kilpauk se koyambedu bus milegi?,service_availability:get_mode,KILPAUK,service_availability,KILPAUK,KOYAMBEDU,bus,,False,hinglish,latin_hinglish,template_combinatorial,train
शेनॉय नगर से सेंट्रल रेलवे स्टेशन जाने के लिए लोकल ट्रेन सेवा चालू है কি?,service_availability:service_status,SHENOY_NAGAR,service_availability,SHENOY_NAGAR,CHENNAI_CENTRAL,suburban_rail,,False,hi,devanagari,template_combinatorial,train
क्या आज एयरपोर्ट से सेंट्रल रेलवे स्टेशन मेट्रो चालू है?,service_availability:today_running,CHENNAI_AIRPORT,service_availability,CHENNAI_AIRPORT,CHENNAI_CENTRAL,metro,,False,hi,devanagari,template_combinatorial,train
kya velachery se ag dms bus milegi?,service_availability:get_mode,VELACHERY,service_availability,VELACHERY,AG_DMS,bus,,False,hinglish,latin_hinglish,template_combinatorial,train
नंदनम पर ट्रेन का संचालन हो रहा है क्या?,service_availability:operational_status,NANDANAM,service_availability,NANDANAM,,railway,,False,hi,devanagari,template_combinatorial,train
क्या कोयम्बेडु मार्केट से थाउजेंड लाइट्स जाने के लिए लोकल ट्रेन मिलेगी?,service_availability:get_mode,KOYAMBEDU,service_availability,KOYAMBEDU,THOUSAND_LIGHTS,suburban_rail,,False,hi,devanagari,template_combinatorial,train
क्या ताम्बरम से टी नगर जाने के लिए ट्रेन मिलेगी?,service_availability:get_mode,TAMBARAM,service_availability,TAMBARAM,NANDANAM,railway,,False,hi,devanagari,template_combinatorial,train
chennai airport se tambaram direct local train hai kya?,service_availability:direct_mode,CHENNAI_AIRPORT,service_availability,CHENNAI_AIRPORT,TAMBARAM,suburban_rail,,False,hinglish,latin_hinglish,template_combinatorial,train
गवर्नमेंट एस्टेट से वेलाचेरी बस कनेक्टिविटी है क्या?,service_availability:connectivity,GOVERNMENT_ESTATE,service_availability,GOVERNMENT_ESTATE,VELACHERY,bus,,False,hi,devanagari,template_combinatorial,train
एजी-डीएमएस से चेन्नई बीच तक बस चल रही है?,service_availability:running_active,AG_DMS,service_availability,AG_DMS,CHENNAI_BEACH,bus,,False,hi,devanagari,template_combinatorial,train
एजी-डीएमएस से सैदापेट लोकल ट्रेन कनेक्टिविटी है क्या?,service_availability:connectivity,AG_DMS,service_availability,AG_DMS,SAIDAPET,suburban_rail,,False,hi,devanagari,template_combinatorial,train
क्या कोयम्बेडु मार्केट स्टेशन पर मेट्रो की सुविधा उपलब्ध है?,service_availability:station_availability,KOYAMBEDU,service_availability,KOYAMBEDU,,metro,,False,hi,devanagari,template_combinatorial,train
एग्मोर से हवाई अड्डा तक लोकल ट्रेन चल रही है?,service_availability:running_active,CHENNAI_EGMORE,service_availability,CHENNAI_EGMORE,CHENNAI_AIRPORT,suburban_rail,,False,hi,devanagari,template_combinatorial,train
t nagar se central direct train hai kya?,service_availability:direct_mode,NANDANAM,service_availability,NANDANAM,CHENNAI_CENTRAL,railway,,False,hinglish,latin_hinglish,template_combinatorial,train
क्या चेन्नई एग्मोर जाने के लिए कोयम्बेडु मार्केट से लोकल ट्रेन मिल जाएगी?,service_availability:destination_get,KOYAMBEDU,service_availability,KOYAMBEDU,CHENNAI_EGMORE,suburban_rail,,False,hi,devanagari,template_combinatorial,train
shenoy nagar par local train service chal rahi hai kya?,service_availability:service_status,SHENOY_NAGAR,service_availability,SHENOY_NAGAR,,suburban_rail,,False,hinglish,latin_hinglish,template_combinatorial,train
guindy par train service chal rahi hai kya?,service_availability:service_status,GUINDY,service_availability,GUINDY,,railway,,False,hinglish,latin_hinglish,template_combinatorial,train
saidapet to lic train connectivity available?,service_availability:connectivity,SAIDAPET,service_availability,SAIDAPET,LIC,railway,,False,hinglish,latin_hinglish,template_combinatorial,train
क्या मैं चेन्नई एयरपोर्ट से सेंट्रल रेलवे स्टेशन लोकल ट्रेन से जा सकता हूँ?,service_availability:travel_feasibility,CHENNAI_AIRPORT,service_availability,CHENNAI_AIRPORT,CHENNAI_CENTRAL,suburban_rail,,False,hi,devanagari,template_combinatorial,train
ashok nagar se velachery direct metro hai kya?,service_availability:direct_mode,ASHOK_NAGAR,service_availability,ASHOK_NAGAR,VELACHERY,metro,,False,hinglish,latin_hinglish,template_combinatorial,train
क्या मैं मीनांबक्कम से अन्ना नगर बस से जा सकता हूँ?,service_availability:travel_feasibility,MEENAMBAKKAM,service_availability,MEENAMBAKKAM,ANNA_NAGAR,bus,,False,hi,devanagari,template_combinatorial,train
nehru park par local train service chal rahi hai kya?,service_availability:service_status,NEHRU_PARK,service_availability,NEHRU_PARK,,suburban_rail,,False,hinglish,latin_hinglish,template_combinatorial,train
हवाई अड्डा से चेन्नई एग्मोर तक लोकल ट्रेन चल रही है?,service_availability:running_active,CHENNAI_AIRPORT,service_availability,CHENNAI_AIRPORT,CHENNAI_EGMORE,suburban_rail,,False,hi,devanagari,template_combinatorial,train
kya koyambedu se chennai egmore metro se ja sakte hai?,service_availability:travel_feasibility,KOYAMBEDU,service_availability,KOYAMBEDU,CHENNAI_EGMORE,metro,,False,hinglish,latin_hinglish,template_combinatorial,train
ag dms se nehru park direct metro hai kya?,service_availability:direct_mode,AG_DMS,service_availability,AG_DMS,NEHRU_PARK,metro,,False,hinglish,latin_hinglish,template_combinatorial,train
thousand lights to st thomas mount metro connectivity available?,service_availability:connectivity,THOUSAND_LIGHTS,service_availability,THOUSAND_LIGHTS,ST_THOMAS_MOUNT,metro,,False,hinglish,latin_hinglish,template_combinatorial,train
nandanam and central railway station transit metro running today?,service_availability:today_running,NANDANAM,service_availability,NANDANAM,CHENNAI_CENTRAL,metro,,False,hinglish,latin_hinglish,template_combinatorial,train
st thomas mount se velachery direct train hai kya?,service_availability:direct_mode,ST_THOMAS_MOUNT,service_availability,ST_THOMAS_MOUNT,VELACHERY,railway,,False,hinglish,latin_hinglish,template_combinatorial,train
teynampet and thirumangalam transit train running today?,service_availability:today_running,TEYNAMPET,service_availability,TEYNAMPET,THIRUMANGALAM,railway,,False,hinglish,latin_hinglish,template_combinatorial,train
क्या लिटिल माउंट स्टेशन पर ट्रेन की सुविधा उपलब्ध है?,service_availability:station_availability,LITTLE_MOUNT,service_availability,LITTLE_MOUNT,,railway,,False,hi,devanagari,template_combinatorial,train
सेंट थॉमस माउंट से कोयम्बेडु के बीच ट्रेन चलती है क्या?,service_availability:running_check,ST_THOMAS_MOUNT,service_availability,ST_THOMAS_MOUNT,KOYAMBEDU,railway,,False,hi,devanagari,template_combinatorial,train
सेंट थॉमस माउंट से हाई कोर्ट के बीच मेट्रो चलती है क्या?,service_availability:running_check,ST_THOMAS_MOUNT,service_availability,ST_THOMAS_MOUNT,HIGH_COURT,metro,,False,hi,devanagari,template_combinatorial,train
क्या सैदापेट स्टेशन पर मेट्रो की सुविधा उपलब्ध है?,service_availability:station_availability,SAIDAPET,service_availability,SAIDAPET,,metro,,False,hi,devanagari,template_combinatorial,train
गवर्नमेंट एस्टेट से हवाई अड्डा तक ट्रेन चल रही है?,service_availability:running_active,GOVERNMENT_ESTATE,service_availability,GOVERNMENT_ESTATE,CHENNAI_AIRPORT,railway,,False,hi,devanagari,template_combinatorial,train
kya ashok nagar se central railway station bus se ja sakte hai?,service_availability:travel_feasibility,ASHOK_NAGAR,service_availability,ASHOK_NAGAR,CHENNAI_CENTRAL,bus,,False,hinglish,latin_hinglish,template_combinatorial,train
thousand lights par local train service chal rahi hai kya?,service_availability:service_status,THOUSAND_LIGHTS,service_availability,THOUSAND_LIGHTS,,suburban_rail,,False,hinglish,latin_hinglish,template_combinatorial,train
एलआईसी से लिटिल माउंट जाने के लिए बस सेवा चालू है কি?,service_availability:service_status,LIC,service_availability,LIC,LITTLE_MOUNT,bus,,False,hi,devanagari,template_combinatorial,train
टी नगर से सैदापेट तक ट्रेन चल रही है?,service_availability:running_active,NANDANAM,service_availability,NANDANAM,SAIDAPET,railway,,False,hi,devanagari,template_combinatorial,train
kya chennai airport se t nagar train se ja sakte hai?,service_availability:travel_feasibility,CHENNAI_AIRPORT,service_availability,CHENNAI_AIRPORT,NANDANAM,railway,,False,hinglish,latin_hinglish,template_combinatorial,train
government estate and central railway station transit train running today?,service_availability:today_running,GOVERNMENT_ESTATE,service_availability,GOVERNMENT_ESTATE,CHENNAI_CENTRAL,railway,,False,hinglish,latin_hinglish,template_combinatorial,train
क्या आलंदूर जाने के लिए चेन्नई एयरपोर्ट से मेट्रो मिल जाएगी?,service_availability:destination_get,CHENNAI_AIRPORT,service_availability,CHENNAI_AIRPORT,ALANDUR,metro,,False,hi,devanagari,template_combinatorial,train
क्या आज वडापलानी से हवाई अड्डा मेट्रो चालू है?,service_availability:today_running,VADAPALANI,service_availability,VADAPALANI,CHENNAI_AIRPORT,metro,,False,hi,devanagari,template_combinatorial,train
central se alandur direct bus hai kya?,service_availability:direct_mode,CHENNAI_CENTRAL,service_availability,CHENNAI_CENTRAL,ALANDUR,bus,,False,hinglish,latin_hinglish,template_combinatorial,train
central and st thomas mount transit local train running today?,service_availability:today_running,CHENNAI_CENTRAL,service_availability,CHENNAI_CENTRAL,ST_THOMAS_MOUNT,suburban_rail,,False,hinglish,latin_hinglish,template_combinatorial,train
kya koyambedu se airport bus milegi?,service_availability:get_mode,KOYAMBEDU,service_availability,KOYAMBEDU,CHENNAI_AIRPORT,bus,,False,hinglish,latin_hinglish,template_combinatorial,train
thirumangalam se chennai airport direct bus hai kya?,service_availability:direct_mode,THIRUMANGALAM,service_availability,THIRUMANGALAM,CHENNAI_AIRPORT,bus,,False,hinglish,latin_hinglish,template_combinatorial,train
tambaram and chennai egmore transit local train running today?,service_availability:today_running,TAMBARAM,service_availability,TAMBARAM,CHENNAI_EGMORE,suburban_rail,,False,hinglish,latin_hinglish,template_combinatorial,train
shenoy nagar and thirumangalam transit train running today?,service_availability:today_running,SHENOY_NAGAR,service_availability,SHENOY_NAGAR,THIRUMANGALAM,railway,,False,hinglish,latin_hinglish,template_combinatorial,train
क्या चेन्नई एग्मोर से चेन्नई बीच जाने के लिए बस मिलेगी?,service_availability:get_mode,CHENNAI_EGMORE,service_availability,CHENNAI_EGMORE,CHENNAI_BEACH,bus,,False,hi,devanagari,template_combinatorial,train
क्या मैं चेन्नई एग्मोर से शेनॉय नगर ट्रेन से जा सकता हूँ?,service_availability:travel_feasibility,CHENNAI_EGMORE,service_availability,CHENNAI_EGMORE,SHENOY_NAGAR,railway,,False,hi,devanagari,template_combinatorial,train
क्या सैदापेट से सेंट्रल जाने के लिए ट्रेन मिलेगी?,service_availability:get_mode,SAIDAPET,service_availability,SAIDAPET,CHENNAI_CENTRAL,railway,,False,hi,devanagari,template_combinatorial,train
क्या अन्ना नगर जाने के लिए कोयम्बेडु से ट्रेन मिल जाएगी?,service_availability:destination_get,KOYAMBEDU,service_availability,KOYAMBEDU,ANNA_NAGAR,railway,,False,hi,devanagari,template_combinatorial,train
guindy to ag dms bus connectivity available?,service_availability:connectivity,GUINDY,service_availability,GUINDY,AG_DMS,bus,,False,hinglish,latin_hinglish,template_combinatorial,train
तेनामपेट से टी नगर तक मेट्रो चल रही है?,service_availability:running_active,TEYNAMPET,service_availability,TEYNAMPET,NANDANAM,metro,,False,hi,devanagari,template_combinatorial,train
kya anna nagar se chennai airport train milegi?,service_availability:get_mode,ANNA_NAGAR,service_availability,ANNA_NAGAR,CHENNAI_AIRPORT,railway,,False,hinglish,latin_hinglish,template_combinatorial,train
kya government estate se thirumangalam train se ja sakte hai?,service_availability:travel_feasibility,GOVERNMENT_ESTATE,service_availability,GOVERNMENT_ESTATE,THIRUMANGALAM,railway,,False,hinglish,latin_hinglish,template_combinatorial,train
kya government estate se velachery train se ja sakte hai?,service_availability:travel_feasibility,GOVERNMENT_ESTATE,service_availability,GOVERNMENT_ESTATE,VELACHERY,railway,,False,hinglish,latin_hinglish,template_combinatorial,train
सेंट्रल से गिंडी जाने के लिए मेट्रो सेवा चालू है কি?,service_availability:service_status,CHENNAI_CENTRAL,service_availability,CHENNAI_CENTRAL,GUINDY,metro,,False,hi,devanagari,template_combinatorial,train
लिटिल माउंट पर ट्रेन का संचालन हो रहा है क्या?,service_availability:operational_status,LITTLE_MOUNT,service_availability,LITTLE_MOUNT,,railway,,False,hi,devanagari,template_combinatorial,train
क्या आज एग्मोर से सेंट्रल ट्रेन चालू है?,service_availability:today_running,CHENNAI_EGMORE,service_availability,CHENNAI_EGMORE,CHENNAI_CENTRAL,railway,,False,hi,devanagari,template_combinatorial,train
एलआईसी से शेनॉय नगर जाने के लिए ट्रेन सेवा चालू है কি?,service_availability:service_status,LIC,service_availability,LIC,SHENOY_NAGAR,railway,,False,hi,devanagari,template_combinatorial,train
क्या चेन्नई सेंट्रल स्टेशन पर बस की सुविधा उपलब्ध है?,service_availability:station_availability,CHENNAI_CENTRAL,service_availability,CHENNAI_CENTRAL,,bus,,False,hi,devanagari,template_combinatorial,train
क्या आज नेहरू पार्क से गवर्नमेंट एस्टेट बस चालू है?,service_availability:today_running,NEHRU_PARK,service_availability,NEHRU_PARK,GOVERNMENT_ESTATE,bus,,False,hi,devanagari,template_combinatorial,train
सेंट्रल रेलवे स्टेशन से अशोक नगर जाने के लिए ट्रेन सेवा चालू है কি?,service_availability:service_status,CHENNAI_CENTRAL,service_availability,CHENNAI_CENTRAL,ASHOK_NAGAR,railway,,False,hi,devanagari,template_combinatorial,train
koyambedu and ashok nagar transit train running today?,service_availability:today_running,KOYAMBEDU,service_availability,KOYAMBEDU,ASHOK_NAGAR,railway,,False,hinglish,latin_hinglish,template_combinatorial,train
alandur to egmore bus connectivity available?,service_availability:connectivity,ALANDUR,service_availability,ALANDUR,CHENNAI_EGMORE,bus,,False,hinglish,latin_hinglish,template_combinatorial,train
किल्पॉक से चेन्नई बीच के बीच लोकल ट्रेन चलती है क्या?,service_availability:running_check,KILPAUK,service_availability,KILPAUK,CHENNAI_BEACH,suburban_rail,,False,hi,devanagari,template_combinatorial,train
क्या शेनॉय नगर जाने के लिए चेन्नई एग्मोर से ट्रेन मिल जाएगी?,service_availability:destination_get,CHENNAI_EGMORE,service_availability,CHENNAI_EGMORE,SHENOY_NAGAR,railway,,False,hi,devanagari,template_combinatorial,train
नेहरू पार्क से हवाई अड्डा ट्रेन कनेक्टिविटी है क्या?,service_availability:connectivity,NEHRU_PARK,service_availability,NEHRU_PARK,CHENNAI_AIRPORT,railway,,False,hi,devanagari,template_combinatorial,train
सेंट्रल रेलवे स्टेशन से नेहरू पार्क तक मेट्रो चल रही है?,service_availability:running_active,CHENNAI_CENTRAL,service_availability,CHENNAI_CENTRAL,NEHRU_PARK,metro,,False,hi,devanagari,template_combinatorial,train
saidapet and shenoy nagar transit metro running today?,service_availability:today_running,SAIDAPET,service_availability,SAIDAPET,SHENOY_NAGAR,metro,,False,hinglish,latin_hinglish,template_combinatorial,train
kya chennai airport se st thomas mount metro se ja sakte hai?,service_availability:travel_feasibility,CHENNAI_AIRPORT,service_availability,CHENNAI_AIRPORT,ST_THOMAS_MOUNT,metro,,False,hinglish,latin_hinglish,template_combinatorial,train
तेनामपेट से एग्मोर के लिए सीधी बस है?,service_availability:direct_mode,TEYNAMPET,service_availability,TEYNAMPET,CHENNAI_EGMORE,bus,,False,hi,devanagari,template_combinatorial,train
kya anna nagar se egmore metro se ja sakte hai?,service_availability:travel_feasibility,ANNA_NAGAR,service_availability,ANNA_NAGAR,CHENNAI_EGMORE,metro,,False,hinglish,latin_hinglish,template_combinatorial,train
central and government estate transit local train running today?,service_availability:today_running,CHENNAI_CENTRAL,service_availability,CHENNAI_CENTRAL,GOVERNMENT_ESTATE,suburban_rail,,False,hinglish,latin_hinglish,template_combinatorial,train
एयरपोर्ट से मीनांबक्कम के लिए सीधी बस है?,service_availability:direct_mode,CHENNAI_AIRPORT,service_availability,CHENNAI_AIRPORT,MEENAMBAKKAM,bus,,False,hi,devanagari,template_combinatorial,train
क्या आज नंदनम से एयरपोर्ट ट्रेन चालू है?,service_availability:today_running,NANDANAM,service_availability,NANDANAM,CHENNAI_AIRPORT,railway,,False,hi,devanagari,template_combinatorial,train
क्या चेन्नई एग्मोर से सेंट्रल रेलवे स्टेशन जाने के लिए ट्रेन मिलेगी?,service_availability:get_mode,CHENNAI_EGMORE,service_availability,CHENNAI_EGMORE,CHENNAI_CENTRAL,railway,,False,hi,devanagari,template_combinatorial,train
kya cmbt se chennai egmore train milegi?,service_availability:get_mode,CMBT,service_availability,CMBT,CHENNAI_EGMORE,railway,,False,hinglish,latin_hinglish,template_combinatorial,train
egmore and chennai airport transit metro running today?,service_availability:today_running,CHENNAI_EGMORE,service_availability,CHENNAI_EGMORE,CHENNAI_AIRPORT,metro,,False,hinglish,latin_hinglish,template_combinatorial,train
क्या मैं एलआईसी से एजी-डीएमएस मेट्रो से जा सकता हूँ?,service_availability:travel_feasibility,LIC,service_availability,LIC,AG_DMS,metro,,False,hi,devanagari,template_combinatorial,train
चेन्नई बीच से चेन्नई सेंट्रल ट्रेन कनेक्टिविटी है क्या?,service_availability:connectivity,CHENNAI_BEACH,service_availability,CHENNAI_BEACH,CHENNAI_CENTRAL,railway,,False,hi,devanagari,template_combinatorial,train
airport and chennai beach transit metro running today?,service_availability:today_running,CHENNAI_AIRPORT,service_availability,CHENNAI_AIRPORT,CHENNAI_BEACH,metro,,False,hinglish,latin_hinglish,template_combinatorial,train
ताम्बरम से एयरपोर्ट जाने के लिए मेट्रो सेवा चालू है কি?,service_availability:service_status,TAMBARAM,service_availability,TAMBARAM,CHENNAI_AIRPORT,metro,,False,hi,devanagari,template_combinatorial,train
kya chennai beach se cmbt local train milegi?,service_availability:get_mode,CHENNAI_BEACH,service_availability,CHENNAI_BEACH,CMBT,suburban_rail,,False,hinglish,latin_hinglish,template_combinatorial,train
शेनॉय नगर से वडापलानी तक बस चल रही है?,service_availability:running_active,SHENOY_NAGAR,service_availability,SHENOY_NAGAR,VADAPALANI,bus,,False,hi,devanagari,template_combinatorial,train
guindy se last metro kab nikalti hai?,service_timing:last_service,GUINDY,service_timing,GUINDY,,metro,timing,False,hinglish,latin_hinglish,template_combinatorial,train
aakhiri bus kab chhutti hai?,service_timing:night_last,,service_timing,,,bus,timing,False,hinglish,latin_hinglish,template_combinatorial,train
little mount night last metro time?,service_timing:night_metro,LITTLE_MOUNT,service_timing,LITTLE_MOUNT,,,timing,False,hinglish,latin_hinglish,template_combinatorial,train
लोकल ट्रेन की फ्रिक्वेंसी क्या है?,service_timing:frequency_word,,service_timing,,,suburban_rail,timing,False,hi,devanagari,template_combinatorial,train
meenambakkam se last bus kab nikalti hai?,service_timing:last_service,MEENAMBAKKAM,service_timing,MEENAMBAKKAM,,bus,timing,False,hinglish,latin_hinglish,template_combinatorial,train
सुबह चेन्नई बीच से मेट्रो कितने बजे शुरू होती है?,service_timing:morning_metro,CHENNAI_BEACH,service_timing,CHENNAI_BEACH,,,timing,False,hi,devanagari,template_combinatorial,train
रविवार को बस किस समय शुरू होती है?,service_timing:sunday_timing,,service_timing,,,bus,timing,False,hi,devanagari,template_combinatorial,train
ag dms se next bus kab aayegi?,service_timing:next_service,AG_DMS,service_timing,AG_DMS,,bus,timing,False,hinglish,latin_hinglish,template_combinatorial,train
thousand lights se last metro kab nikalti hai?,service_timing:last_service,THOUSAND_LIGHTS,service_timing,THOUSAND_LIGHTS,,metro,timing,False,hinglish,latin_hinglish,template_combinatorial,train
koyambedu se last bus kab nikalti hai?,service_timing:last_service,KOYAMBEDU,service_timing,KOYAMBEDU,,bus,timing,False,hinglish,latin_hinglish,template_combinatorial,train
aakhiri local train kab chhutti hai?,service_timing:night_last,,service_timing,,,suburban_rail,timing,False,hinglish,latin_hinglish,template_combinatorial,train
chennai beach se last bus kab nikalti hai?,service_timing:last_service,CHENNAI_BEACH,service_timing,CHENNAI_BEACH,,bus,timing,False,hinglish,latin_hinglish,template_combinatorial,train
रात को आखिरी बस का समय क्या है?,service_timing:night_last,,service_timing,,,bus,timing,False,hi,devanagari,template_combinatorial,train
कोयम्बेडु से आखिरी ट्रेन कब छूटती है?,service_timing:last_service,KOYAMBEDU,service_timing,KOYAMBEDU,,railway,timing,False,hi,devanagari,template_combinatorial,train
त्योहार के दिन मेट्रो के समय में क्या बदलाव होता है?,service_timing:holiday_timing,,service_timing,,,metro,timing,False,hi,devanagari,template_combinatorial,train
सुबह सीएमबीटी से मेट्रो कितने बजे शुरू होती है?,service_timing:morning_metro,CMBT,service_timing,CMBT,,,timing,False,hi,devanagari,template_combinatorial,train
हवाई अड्डा से पहली बस कितने बजे है?,service_timing:first_service,CHENNAI_AIRPORT,service_timing,CHENNAI_AIRPORT,,bus,timing,False,hi,devanagari,template_combinatorial,train
chennai metro morning opening time kya hai?,service_timing:morning_metro,,service_timing,,,,timing,False,hinglish,latin_hinglish,template_combinatorial,train
सुबह वेलाचेरी से मेट्रो कितने बजे शुरू होती है?,service_timing:morning_metro,VELACHERY,service_timing,VELACHERY,,,timing,False,hi,devanagari,template_combinatorial,train
कोयम्बेडु मार्केट स्टेशन से सुबह पहली ट्रेन कब है?,service_timing:morning_first,KOYAMBEDU,service_timing,KOYAMBEDU,,,timing,False,hi,devanagari,template_combinatorial,train
vadapalani se last bus kab nikalti hai?,service_timing:last_service,VADAPALANI,service_timing,VADAPALANI,,bus,timing,False,hinglish,latin_hinglish,template_combinatorial,train
ट्रेन की फ्रिक्वेंसी क्या है?,service_timing:frequency_word,,service_timing,,,railway,timing,False,hi,devanagari,template_combinatorial,train
st thomas mount se first metro kitne baje hai?,service_timing:first_service,ST_THOMAS_MOUNT,service_timing,ST_THOMAS_MOUNT,,metro,timing,False,hinglish,latin_hinglish,template_combinatorial,train
सुबह सेंट थॉमस माउंट से मेट्रो कितने बजे शुरू होती है?,service_timing:morning_metro,ST_THOMAS_MOUNT,service_timing,ST_THOMAS_MOUNT,,,timing,False,hi,devanagari,template_combinatorial,train
st thomas mount se next train kab aayegi?,service_timing:next_service,ST_THOMAS_MOUNT,service_timing,ST_THOMAS_MOUNT,,railway,timing,False,hinglish,latin_hinglish,template_combinatorial,train
aakhiri train kab chhutti hai?,service_timing:night_last,,service_timing,,,railway,timing,False,hinglish,latin_hinglish,template_combinatorial,train
त्योहार के दिन लोकल ट्रेन के समय में क्या बदलाव होता है?,service_timing:holiday_timing,,service_timing,,,suburban_rail,timing,False,hi,devanagari,template_combinatorial,train
cmbt se first metro kitne baje hai?,service_timing:first_service,CMBT,service_timing,CMBT,,metro,timing,False,hinglish,latin_hinglish,template_combinatorial,train
रविवार को लोकल ट्रेन किस समय शुरू होती है?,service_timing:sunday_timing,,service_timing,,,suburban_rail,timing,False,hi,devanagari,template_combinatorial,train
t nagar night last metro time?,service_timing:night_metro,NANDANAM,service_timing,NANDANAM,,,timing,False,hinglish,latin_hinglish,template_combinatorial,train
shenoy nagar night last metro time?,service_timing:night_metro,SHENOY_NAGAR,service_timing,SHENOY_NAGAR,,,timing,False,hinglish,latin_hinglish,template_combinatorial,train
alandur se last train kab nikalti hai?,service_timing:last_service,ALANDUR,service_timing,ALANDUR,,railway,timing,False,hinglish,latin_hinglish,template_combinatorial,train
lic se first metro kitne baje hai?,service_timing:first_service,LIC,service_timing,LIC,,metro,timing,False,hinglish,latin_hinglish,template_combinatorial,train
त्योहार के दिन बस के समय में क्या बदलाव होता है?,service_timing:holiday_timing,,service_timing,,,bus,timing,False,hi,devanagari,template_combinatorial,train
thousand lights se first metro kitne baje hai?,service_timing:first_service,THOUSAND_LIGHTS,service_timing,THOUSAND_LIGHTS,,metro,timing,False,hinglish,latin_hinglish,template_combinatorial,train
thirumangalam se next local train kab aayegi?,service_timing:next_service,THIRUMANGALAM,service_timing,THIRUMANGALAM,,suburban_rail,timing,False,hinglish,latin_hinglish,template_combinatorial,train
weekend timing for bus in chennai?,service_timing:weekend_timing,,service_timing,,,bus,timing,False,hinglish,latin_hinglish,template_combinatorial,train
वडापलानी से आखिरी लोकल ट्रेन कब छूटती है?,service_timing:last_service,VADAPALANI,service_timing,VADAPALANI,,suburban_rail,timing,False,hi,devanagari,template_combinatorial,train
पीक आवर्स में मेट्रो कितनी देर में आती है?,service_timing:peakhour_headway,,service_timing,,,metro,timing,False,hi,devanagari,template_combinatorial,train
कोयम्बेडु मार्केट से तेनामपेट के लिए अगली बस कब है?,service_timing:next_service,KOYAMBEDU,service_timing,KOYAMBEDU,TEYNAMPET,bus,timing,False,hi,devanagari,template_combinatorial,train
weekend timing for train in chennai?,service_timing:weekend_timing,,service_timing,,,railway,timing,False,hinglish,latin_hinglish,template_combinatorial,train
लिटिल माउंट से आखिरी लोकल ट्रेन कब छूटती है?,service_timing:last_service,LITTLE_MOUNT,service_timing,LITTLE_MOUNT,,suburban_rail,timing,False,hi,devanagari,template_combinatorial,train
रात में हाई कोर्ट पर लास्ट मेट्रो कितने बजे मिलती है?,service_timing:night_metro,HIGH_COURT,service_timing,HIGH_COURT,,,timing,False,hi,devanagari,template_combinatorial,train
weekend timing for metro in chennai?,service_timing:weekend_timing,,service_timing,,,metro,timing,False,hinglish,latin_hinglish,template_combinatorial,train
कोयम्बेडु से आखिरी बस कब छूटती है?,service_timing:last_service,KOYAMBEDU,service_timing,KOYAMBEDU,,bus,timing,False,hi,devanagari,template_combinatorial,train
रात को आखिरी ट्रेन का समय क्या है?,service_timing:night_last,,service_timing,,,railway,timing,False,hi,devanagari,template_combinatorial,train
government estate se first train kitne baje hai?,service_timing:first_service,GOVERNMENT_ESTATE,service_timing,GOVERNMENT_ESTATE,,railway,timing,False,hinglish,latin_hinglish,template_combinatorial,train
चेन्नई एयरपोर्ट स्टेशन से सुबह पहली ट्रेन कब है?,service_timing:morning_first,CHENNAI_AIRPORT,service_timing,CHENNAI_AIRPORT,,,timing,False,hi,devanagari,template_combinatorial,train
aakhiri metro kab chhutti hai?,service_timing:night_last,,service_timing,,,metro,timing,False,hinglish,latin_hinglish,template_combinatorial,train
cmbt se first train kitne baje hai?,service_timing:first_service,CMBT,service_timing,CMBT,,railway,timing,False,hinglish,latin_hinglish,template_combinatorial,train
एलआईसी से पहली बस कितने बजे है?,service_timing:first_service,LIC,service_timing,LIC,,bus,timing,False,hi,devanagari,template_combinatorial,train
tambaram night last metro time?,service_timing:night_metro,TAMBARAM,service_timing,TAMBARAM,,,timing,False,hinglish,latin_hinglish,template_combinatorial,train
ताम्बरम स्टेशन से सुबह पहली ट्रेन कब है?,service_timing:morning_first,TAMBARAM,service_timing,TAMBARAM,,,timing,False,hi,devanagari,template_combinatorial,train
सुबह टी नगर से मेट्रो कितने बजे शुरू होती है?,service_timing:morning_metro,NANDANAM,service_timing,NANDANAM,,,timing,False,hi,devanagari,template_combinatorial,train
guindy se last train kab nikalti hai?,service_timing:last_service,GUINDY,service_timing,GUINDY,,railway,timing,False,hinglish,latin_hinglish,template_combinatorial,train
रात को आखिरी लोकल ट्रेन का समय क्या है?,service_timing:night_last,,service_timing,,,suburban_rail,timing,False,hi,devanagari,template_combinatorial,train
त्योहार के दिन ट्रेन के समय में क्या बदलाव होता है?,service_timing:holiday_timing,,service_timing,,,railway,timing,False,hi,devanagari,template_combinatorial,train
मेट्रो की फ्रिक्वेंसी क्या है?,service_timing:frequency_word,,service_timing,,,metro,timing,False,hi,devanagari,template_combinatorial,train
टी नगर स्टेशन से सुबह पहली ट्रेन कब है?,service_timing:morning_first,NANDANAM,service_timing,NANDANAM,,,timing,False,hi,devanagari,template_combinatorial,train
थाउजेंड लाइट्स से पहली मेट्रो कितने बजे है?,service_timing:first_service,THOUSAND_LIGHTS,service_timing,THOUSAND_LIGHTS,,metro,timing,False,hi,devanagari,template_combinatorial,train
तिरुमंगलम से एग्मोर के लिए अगली बस कब है?,service_timing:next_service,THIRUMANGALAM,service_timing,THIRUMANGALAM,CHENNAI_EGMORE,bus,timing,False,hi,devanagari,template_combinatorial,train
high court se first local train kitne baje hai?,service_timing:first_service,HIGH_COURT,service_timing,HIGH_COURT,,suburban_rail,timing,False,hinglish,latin_hinglish,template_combinatorial,train
little mount se last metro kab nikalti hai?,service_timing:last_service,LITTLE_MOUNT,service_timing,LITTLE_MOUNT,,metro,timing,False,hinglish,latin_hinglish,template_combinatorial,train
ag dms night last metro time?,service_timing:night_metro,AG_DMS,service_timing,AG_DMS,,,timing,False,hinglish,latin_hinglish,template_combinatorial,train
रविवार को ट्रेन किस समय शुरू होती है?,service_timing:sunday_timing,,service_timing,,,railway,timing,False,hi,devanagari,template_combinatorial,train
वेलाचेरी से पहली ट्रेन कितने बजे है?,service_timing:first_service,VELACHERY,service_timing,VELACHERY,,railway,timing,False,hi,devanagari,template_combinatorial,train
teynampet se first bus kitne baje hai?,service_timing:first_service,TEYNAMPET,service_timing,TEYNAMPET,,bus,timing,False,hinglish,latin_hinglish,template_combinatorial,train
airport se last train kab nikalti hai?,service_timing:last_service,CHENNAI_AIRPORT,service_timing,CHENNAI_AIRPORT,,railway,timing,False,hinglish,latin_hinglish,template_combinatorial,train
रविवार को मेट्रो किस समय शुरू होती है?,service_timing:sunday_timing,,service_timing,,,metro,timing,False,hi,devanagari,template_combinatorial,train
एलआईसी से आखिरी बस कब छूटती है?,service_timing:last_service,LIC,service_timing,LIC,,bus,timing,False,hi,devanagari,template_combinatorial,train
रात को आखिरी मेट्रो का समय क्या है?,service_timing:night_last,,service_timing,,,metro,timing,False,hi,devanagari,template_combinatorial,train
chennai central se last local train kab nikalti hai?,service_timing:last_service,CHENNAI_CENTRAL,service_timing,CHENNAI_CENTRAL,,suburban_rail,timing,False,hinglish,latin_hinglish,template_combinatorial,train
सुबह एग्मोर से मेट्रो कितने बजे शुरू होती है?,service_timing:morning_metro,CHENNAI_EGMORE,service_timing,CHENNAI_EGMORE,,,timing,False,hi,devanagari,template_combinatorial,train
tambaram se first bus kitne baje hai?,service_timing:first_service,TAMBARAM,service_timing,TAMBARAM,,bus,timing,False,hinglish,latin_hinglish,template_combinatorial,train
lic se first local train kitne baje hai?,service_timing:first_service,LIC,service_timing,LIC,,suburban_rail,timing,False,hinglish,latin_hinglish,template_combinatorial,train
नेहरू पार्क से पहली लोकल ट्रेन कितने बजे है?,service_timing:first_service,NEHRU_PARK,service_timing,NEHRU_PARK,,suburban_rail,timing,False,hi,devanagari,template_combinatorial,train
हाई कोर्ट से पहली बस कितने बजे है?,service_timing:first_service,HIGH_COURT,service_timing,HIGH_COURT,,bus,timing,False,hi,devanagari,template_combinatorial,train
shenoy nagar se first train kitne baje hai?,service_timing:first_service,SHENOY_NAGAR,service_timing,SHENOY_NAGAR,,railway,timing,False,hinglish,latin_hinglish,template_combinatorial,train
st thomas mount se next metro kab aayegi?,service_timing:next_service,ST_THOMAS_MOUNT,service_timing,ST_THOMAS_MOUNT,,metro,timing,False,hinglish,latin_hinglish,template_combinatorial,train
meenambakkam se next local train kab aayegi?,service_timing:next_service,MEENAMBAKKAM,service_timing,MEENAMBAKKAM,,suburban_rail,timing,False,hinglish,latin_hinglish,template_combinatorial,train
nehru park se last train kab nikalti hai?,service_timing:last_service,NEHRU_PARK,service_timing,NEHRU_PARK,,railway,timing,False,hinglish,latin_hinglish,template_combinatorial,train
central railway station se next train kab aayegi?,service_timing:next_service,CHENNAI_CENTRAL,service_timing,CHENNAI_CENTRAL,,railway,timing,False,hinglish,latin_hinglish,template_combinatorial,train
सेंट्रल स्टेशन से सुबह पहली ट्रेन कब है?,service_timing:morning_first,CHENNAI_CENTRAL,service_timing,CHENNAI_CENTRAL,,,timing,False,hi,devanagari,template_combinatorial,train
government estate se next bus kab aayegi?,service_timing:next_service,GOVERNMENT_ESTATE,service_timing,GOVERNMENT_ESTATE,,bus,timing,False,hinglish,latin_hinglish,template_combinatorial,train
nehru park se last bus kab nikalti hai?,service_timing:last_service,NEHRU_PARK,service_timing,NEHRU_PARK,,bus,timing,False,hinglish,latin_hinglish,template_combinatorial,train
egmore se last train kab nikalti hai?,service_timing:last_service,CHENNAI_EGMORE,service_timing,CHENNAI_EGMORE,,railway,timing,False,hinglish,latin_hinglish,template_combinatorial,train
t nagar se first train kitne baje hai?,service_timing:first_service,NANDANAM,service_timing,NANDANAM,,railway,timing,False,hinglish,latin_hinglish,template_combinatorial,train
anna nagar se first bus kitne baje hai?,service_timing:first_service,ANNA_NAGAR,service_timing,ANNA_NAGAR,,bus,timing,False,hinglish,latin_hinglish,template_combinatorial,train
रात में गवर्नमेंट एस्टेट पर लास्ट मेट्रो कितने बजे मिलती है?,service_timing:night_metro,GOVERNMENT_ESTATE,service_timing,GOVERNMENT_ESTATE,,,timing,False,hi,devanagari,template_combinatorial,train
सुबह एलआईसी से मेट्रो कितने बजे शुरू होती है?,service_timing:morning_metro,LIC,service_timing,LIC,,,timing,False,hi,devanagari,template_combinatorial,train
रात में वेलाचेरी पर लास्ट मेट्रो कितने बजे मिलती है?,service_timing:night_metro,VELACHERY,service_timing,VELACHERY,,,timing,False,hi,devanagari,template_combinatorial,train
सुबह कोयम्बेडु मार्केट से मेट्रो कितने बजे शुरू होती है?,service_timing:morning_metro,KOYAMBEDU,service_timing,KOYAMBEDU,,,timing,False,hi,devanagari,template_combinatorial,train
guindy night last metro time?,service_timing:night_metro,GUINDY,service_timing,GUINDY,,,timing,False,hinglish,latin_hinglish,template_combinatorial,train
ag dms se first train kitne baje hai?,service_timing:first_service,AG_DMS,service_timing,AG_DMS,,railway,timing,False,hinglish,latin_hinglish,template_combinatorial,train
रात में एजी-डीएमएस पर लास्ट मेट्रो कितने बजे मिलती है?,service_timing:night_metro,AG_DMS,service_timing,AG_DMS,,,timing,False,hi,devanagari,template_combinatorial,train
weekend timing for local train in chennai?,service_timing:weekend_timing,,service_timing,,,suburban_rail,timing,False,hinglish,latin_hinglish,template_combinatorial,train
आलंदूर स्टेशन से सुबह पहली ट्रेन कब है?,service_timing:morning_first,ALANDUR,service_timing,ALANDUR,,,timing,False,hi,devanagari,template_combinatorial,train
पीक आवर्स में ट्रेन कितनी देर में आती है?,service_timing:peakhour_headway,,service_timing,,,railway,timing,False,hi,devanagari,template_combinatorial,train
nandanam se first train kitne baje hai?,service_timing:first_service,NANDANAM,service_timing,NANDANAM,,railway,timing,False,hinglish,latin_hinglish,template_combinatorial,train
रात में तेनामपेट पर लास्ट मेट्रो कितने बजे मिलती है?,service_timing:night_metro,TEYNAMPET,service_timing,TEYNAMPET,,,timing,False,hi,devanagari,template_combinatorial,train
alandur se next bus kab aayegi?,service_timing:next_service,ALANDUR,service_timing,ALANDUR,,bus,timing,False,hinglish,latin_hinglish,template_combinatorial,train
पीक आवर्स में बस कितनी देर में आती है?,service_timing:peakhour_headway,,service_timing,,,bus,timing,False,hi,devanagari,template_combinatorial,train
alandur se last bus kab nikalti hai?,service_timing:last_service,ALANDUR,service_timing,ALANDUR,,bus,timing,False,hinglish,latin_hinglish,template_combinatorial,train
government estate se first metro kitne baje hai?,service_timing:first_service,GOVERNMENT_ESTATE,service_timing,GOVERNMENT_ESTATE,,metro,timing,False,hinglish,latin_hinglish,template_combinatorial,train
चेन्नई सेंट्रल से पहली मेट्रो कितने बजे है?,service_timing:first_service,CHENNAI_CENTRAL,service_timing,CHENNAI_CENTRAL,,metro,timing,False,hi,devanagari,template_combinatorial,train
central railway station se last metro kab nikalti hai?,service_timing:last_service,CHENNAI_CENTRAL,service_timing,CHENNAI_CENTRAL,,metro,timing,False,hinglish,latin_hinglish,template_combinatorial,train
ag dms se last local train kab nikalti hai?,service_timing:last_service,AG_DMS,service_timing,AG_DMS,,suburban_rail,timing,False,hinglish,latin_hinglish,template_combinatorial,train
shenoy nagar se next bus kab aayegi?,service_timing:next_service,SHENOY_NAGAR,service_timing,SHENOY_NAGAR,,bus,timing,False,hinglish,latin_hinglish,template_combinatorial,train
सुबह थाउजेंड लाइट्स से मेट्रो कितने बजे शुरू होती है?,service_timing:morning_metro,THOUSAND_LIGHTS,service_timing,THOUSAND_LIGHTS,,,timing,False,hi,devanagari,template_combinatorial,train
lic se last local train kab nikalti hai?,service_timing:last_service,LIC,service_timing,LIC,,suburban_rail,timing,False,hinglish,latin_hinglish,template_combinatorial,train
टी नगर से आखिरी ट्रेन कब छूटती है?,service_timing:last_service,NANDANAM,service_timing,NANDANAM,,railway,timing,False,hi,devanagari,template_combinatorial,train
vadapalani se first bus kitne baje hai?,service_timing:first_service,VADAPALANI,service_timing,VADAPALANI,,bus,timing,False,hinglish,latin_hinglish,template_combinatorial,train
सुबह ताम्बरम से मेट्रो कितने बजे शुरू होती है?,service_timing:morning_metro,TAMBARAM,service_timing,TAMBARAM,,,timing,False,hi,devanagari,template_combinatorial,train
central se next local train kab aayegi?,service_timing:next_service,CHENNAI_CENTRAL,service_timing,CHENNAI_CENTRAL,,suburban_rail,timing,False,hinglish,latin_hinglish,template_combinatorial,train
airport night last metro time?,service_timing:night_metro,CHENNAI_AIRPORT,service_timing,CHENNAI_AIRPORT,,,timing,False,hinglish,latin_hinglish,template_combinatorial,train
anna nagar se first train kitne baje hai?,service_timing:first_service,ANNA_NAGAR,service_timing,ANNA_NAGAR,,railway,timing,False,hinglish,latin_hinglish,template_combinatorial,train
koyambedu night last metro time?,service_timing:night_metro,KOYAMBEDU,service_timing,KOYAMBEDU,,,timing,False,hinglish,latin_hinglish,template_combinatorial,train
वेलाचेरी से किल्पॉक के लिए अगली बस कब है?,service_timing:next_service,VELACHERY,service_timing,VELACHERY,KILPAUK,bus,timing,False,hi,devanagari,template_combinatorial,train
airport se first train kitne baje hai?,service_timing:first_service,CHENNAI_AIRPORT,service_timing,CHENNAI_AIRPORT,,railway,timing,False,hinglish,latin_hinglish,template_combinatorial,train
सीएमबीटी से आखिरी लोकल ट्रेन कब छूटती है?,service_timing:last_service,CMBT,service_timing,CMBT,,suburban_rail,timing,False,hi,devanagari,template_combinatorial,train
kilpauk se next metro kab aayegi?,service_timing:next_service,KILPAUK,service_timing,KILPAUK,,metro,timing,False,hinglish,latin_hinglish,template_combinatorial,train
koyambedu se first metro kitne baje hai?,service_timing:first_service,KOYAMBEDU,service_timing,KOYAMBEDU,,metro,timing,False,hinglish,latin_hinglish,template_combinatorial,train
गवर्नमेंट एस्टेट से पहली बस कितने बजे है?,service_timing:first_service,GOVERNMENT_ESTATE,service_timing,GOVERNMENT_ESTATE,,bus,timing,False,hi,devanagari,template_combinatorial,train
बस की फ्रिक्वेंसी क्या है?,service_timing:frequency_word,,service_timing,,,bus,timing,False,hi,devanagari,template_combinatorial,train
little mount se last local train kab nikalti hai?,service_timing:last_service,LITTLE_MOUNT,service_timing,LITTLE_MOUNT,,suburban_rail,timing,False,hinglish,latin_hinglish,template_combinatorial,train
shenoy nagar se last local train kab nikalti hai?,service_timing:last_service,SHENOY_NAGAR,service_timing,SHENOY_NAGAR,,suburban_rail,timing,False,hinglish,latin_hinglish,template_combinatorial,train
रात में हवाई अड्डा पर लास्ट मेट्रो कितने बजे मिलती है?,service_timing:night_metro,CHENNAI_AIRPORT,service_timing,CHENNAI_AIRPORT,,,timing,False,hi,devanagari,template_combinatorial,train
guindy se next bus kab aayegi?,service_timing:next_service,GUINDY,service_timing,GUINDY,,bus,timing,False,hinglish,latin_hinglish,template_combinatorial,train
गिंडी से आखिरी ट्रेन कब छूटती है?,service_timing:last_service,GUINDY,service_timing,GUINDY,,railway,timing,False,hi,devanagari,template_combinatorial,train
सीएमबीटी स्टेशन से सुबह पहली ट्रेन कब है?,service_timing:morning_first,CMBT,service_timing,CMBT,,,timing,False,hi,devanagari,template_combinatorial,train
थाउजेंड लाइट्स से अन्ना नगर के लिए अगली ट्रेन कब है?,service_timing:next_service,THOUSAND_LIGHTS,service_timing,THOUSAND_LIGHTS,ANNA_NAGAR,railway,timing,False,hi,devanagari,template_combinatorial,train
chennai egmore se next local train kab aayegi?,service_timing:next_service,CHENNAI_EGMORE,service_timing,CHENNAI_EGMORE,,suburban_rail,timing,False,hinglish,latin_hinglish,template_combinatorial,train
ashok nagar night last metro time?,service_timing:night_metro,ASHOK_NAGAR,service_timing,ASHOK_NAGAR,,,timing,False,hinglish,latin_hinglish,template_combinatorial,train
alandur night last metro time?,service_timing:night_metro,ALANDUR,service_timing,ALANDUR,,,timing,False,hinglish,latin_hinglish,template_combinatorial,train
सेंट थॉमस माउंट से पहली लोकल ट्रेन कितने बजे है?,service_timing:first_service,ST_THOMAS_MOUNT,service_timing,ST_THOMAS_MOUNT,,suburban_rail,timing,False,hi,devanagari,template_combinatorial,train
nehru park se first train kitne baje hai?,service_timing:first_service,NEHRU_PARK,service_timing,NEHRU_PARK,,railway,timing,False,hinglish,latin_hinglish,template_combinatorial,train
रात में गिंडी पर लास्ट मेट्रो कितने बजे मिलती है?,service_timing:night_metro,GUINDY,service_timing,GUINDY,,,timing,False,hi,devanagari,template_combinatorial,train
thousand lights night last metro time?,service_timing:night_metro,THOUSAND_LIGHTS,service_timing,THOUSAND_LIGHTS,,,timing,False,hinglish,latin_hinglish,template_combinatorial,train
chennai airport se first metro kitne baje hai?,service_timing:first_service,CHENNAI_AIRPORT,service_timing,CHENNAI_AIRPORT,,metro,timing,False,hinglish,latin_hinglish,template_combinatorial,train
alandur se first train kitne baje hai?,service_timing:first_service,ALANDUR,service_timing,ALANDUR,,railway,timing,False,hinglish,latin_hinglish,template_combinatorial,train
सुबह तेनामपेट से मेट्रो कितने बजे शुरू होती है?,service_timing:morning_metro,TEYNAMPET,service_timing,TEYNAMPET,,,timing,False,hi,devanagari,template_combinatorial,train
थाउजेंड लाइट्स से आखिरी ट्रेन कब छूटती है?,service_timing:last_service,THOUSAND_LIGHTS,service_timing,THOUSAND_LIGHTS,,railway,timing,False,hi,devanagari,template_combinatorial,train
किल्पॉक से पहली मेट्रो कितने बजे है?,service_timing:first_service,KILPAUK,service_timing,KILPAUK,,metro,timing,False,hi,devanagari,template_combinatorial,train
सुबह चेन्नई सेंट्रल से मेट्रो कितने बजे शुरू होती है?,service_timing:morning_metro,CHENNAI_CENTRAL,service_timing,CHENNAI_CENTRAL,,,timing,False,hi,devanagari,template_combinatorial,train
ashok nagar se last train kab nikalti hai?,service_timing:last_service,ASHOK_NAGAR,service_timing,ASHOK_NAGAR,,railway,timing,False,hinglish,latin_hinglish,template_combinatorial,train
आलंदूर से एयरपोर्ट के लिए अगली मेट्रो कब है?,service_timing:next_service,ALANDUR,service_timing,ALANDUR,CHENNAI_AIRPORT,metro,timing,False,hi,devanagari,template_combinatorial,train
तेनामपेट स्टेशन से सुबह पहली ट्रेन कब है?,service_timing:morning_first,TEYNAMPET,service_timing,TEYNAMPET,,,timing,False,hi,devanagari,template_combinatorial,train
thousand lights se first local train kitne baje hai?,service_timing:first_service,THOUSAND_LIGHTS,service_timing,THOUSAND_LIGHTS,,suburban_rail,timing,False,hinglish,latin_hinglish,template_combinatorial,train
ag dms se first bus kitne baje hai?,service_timing:first_service,AG_DMS,service_timing,AG_DMS,,bus,timing,False,hinglish,latin_hinglish,template_combinatorial,train
koyambedu se first bus kitne baje hai?,service_timing:first_service,KOYAMBEDU,service_timing,KOYAMBEDU,,bus,timing,False,hinglish,latin_hinglish,template_combinatorial,train
ashok nagar se next local train kab aayegi?,service_timing:next_service,ASHOK_NAGAR,service_timing,ASHOK_NAGAR,,suburban_rail,timing,False,hinglish,latin_hinglish,template_combinatorial,train
चेन्नई सेंट्रल स्टेशन से सुबह पहली ट्रेन कब है?,service_timing:morning_first,CHENNAI_CENTRAL,service_timing,CHENNAI_CENTRAL,,,timing,False,hi,devanagari,template_combinatorial,train
रात में कोयम्बेडु मार्केट पर लास्ट मेट्रो कितने बजे मिलती है?,service_timing:night_metro,KOYAMBEDU,service_timing,KOYAMBEDU,,,timing,False,hi,devanagari,template_combinatorial,train
चेन्नई एग्मोर स्टेशन से सुबह पहली ट्रेन कब है?,service_timing:morning_first,CHENNAI_EGMORE,service_timing,CHENNAI_EGMORE,,,timing,False,hi,devanagari,template_combinatorial,train
सुबह गवर्नमेंट एस्टेट से मेट्रो कितने बजे शुरू होती है?,service_timing:morning_metro,GOVERNMENT_ESTATE,service_timing,GOVERNMENT_ESTATE,,,timing,False,hi,devanagari,template_combinatorial,train
रात में चेन्नई बीच पर लास्ट मेट्रो कितने बजे मिलती है?,service_timing:night_metro,CHENNAI_BEACH,service_timing,CHENNAI_BEACH,,,timing,False,hi,devanagari,template_combinatorial,train
वेलाचेरी से पहली मेट्रो कितने बजे है?,service_timing:first_service,VELACHERY,service_timing,VELACHERY,,metro,timing,False,hi,devanagari,template_combinatorial,train
chennai airport se last local train kab nikalti hai?,service_timing:last_service,CHENNAI_AIRPORT,service_timing,CHENNAI_AIRPORT,,suburban_rail,timing,False,hinglish,latin_hinglish,template_combinatorial,train
हाई कोर्ट से हवाई अड्डा के लिए अगली ट्रेन कब है?,service_timing:next_service,HIGH_COURT,service_timing,HIGH_COURT,CHENNAI_AIRPORT,railway,timing,False,hi,devanagari,template_combinatorial,train
cmbt se next local train kab aayegi?,service_timing:next_service,CMBT,service_timing,CMBT,,suburban_rail,timing,False,hinglish,latin_hinglish,template_combinatorial,train
government estate se first bus kitne baje hai?,service_timing:first_service,GOVERNMENT_ESTATE,service_timing,GOVERNMENT_ESTATE,,bus,timing,False,hinglish,latin_hinglish,template_combinatorial,train
teynampet se last bus kab nikalti hai?,service_timing:last_service,TEYNAMPET,service_timing,TEYNAMPET,,bus,timing,False,hinglish,latin_hinglish,template_combinatorial,train
chennai central se first local train kitne baje hai?,service_timing:first_service,CHENNAI_CENTRAL,service_timing,CHENNAI_CENTRAL,,suburban_rail,timing,False,hinglish,latin_hinglish,template_combinatorial,train
chennai central night last metro time?,service_timing:night_metro,CHENNAI_CENTRAL,service_timing,CHENNAI_CENTRAL,,,timing,False,hinglish,latin_hinglish,template_combinatorial,train
नेहरू पार्क से एयरपोर्ट के लिए अगली ट्रेन कब है?,service_timing:next_service,NEHRU_PARK,service_timing,NEHRU_PARK,CHENNAI_AIRPORT,railway,timing,False,hi,devanagari,template_combinatorial,train
cmbt se last train kab nikalti hai?,service_timing:last_service,CMBT,service_timing,CMBT,,railway,timing,False,hinglish,latin_hinglish,template_combinatorial,train
central railway station se next bus kab aayegi?,service_timing:next_service,CHENNAI_CENTRAL,service_timing,CHENNAI_CENTRAL,,bus,timing,False,hinglish,latin_hinglish,template_combinatorial,train
meenambakkam night last metro time?,service_timing:night_metro,MEENAMBAKKAM,service_timing,MEENAMBAKKAM,,,timing,False,hinglish,latin_hinglish,template_combinatorial,train
रात में कोयम्बेडु पर लास्ट मेट्रो कितने बजे मिलती है?,service_timing:night_metro,KOYAMBEDU,service_timing,KOYAMBEDU,,,timing,False,hi,devanagari,template_combinatorial,train
central se first bus kitne baje hai?,service_timing:first_service,CHENNAI_CENTRAL,service_timing,CHENNAI_CENTRAL,,bus,timing,False,hinglish,latin_hinglish,template_combinatorial,train
t nagar se next metro kab aayegi?,service_timing:next_service,NANDANAM,service_timing,NANDANAM,,metro,timing,False,hinglish,latin_hinglish,template_combinatorial,train
thirumangalam se first bus kitne baje hai?,service_timing:first_service,THIRUMANGALAM,service_timing,THIRUMANGALAM,,bus,timing,False,hinglish,latin_hinglish,template_combinatorial,train
गिंडी से आलंदूर के लिए अगली बस कब है?,service_timing:next_service,GUINDY,service_timing,GUINDY,ALANDUR,bus,timing,False,hi,devanagari,template_combinatorial,train
ag dms se last train kab nikalti hai?,service_timing:last_service,AG_DMS,service_timing,AG_DMS,,railway,timing,False,hinglish,latin_hinglish,template_combinatorial,train
तेनामपेट से चेन्नई एग्मोर के लिए अगली लोकल ट्रेन कब है?,service_timing:next_service,TEYNAMPET,service_timing,TEYNAMPET,CHENNAI_EGMORE,suburban_rail,timing,False,hi,devanagari,template_combinatorial,train
vadapalani se next local train kab aayegi?,service_timing:next_service,VADAPALANI,service_timing,VADAPALANI,,suburban_rail,timing,False,hinglish,latin_hinglish,template_combinatorial,train
velachery se next local train kab aayegi?,service_timing:next_service,VELACHERY,service_timing,VELACHERY,,suburban_rail,timing,False,hinglish,latin_hinglish,template_combinatorial,train
airport se first metro kitne baje hai?,service_timing:first_service,CHENNAI_AIRPORT,service_timing,CHENNAI_AIRPORT,,metro,timing,False,hinglish,latin_hinglish,template_combinatorial,train
thousand lights se next bus kab aayegi?,service_timing:next_service,THOUSAND_LIGHTS,service_timing,THOUSAND_LIGHTS,,bus,timing,False,hinglish,latin_hinglish,template_combinatorial,train
शेनॉय नगर स्टेशन से सुबह पहली ट्रेन कब है?,service_timing:morning_first,SHENOY_NAGAR,service_timing,SHENOY_NAGAR,,,timing,False,hi,devanagari,template_combinatorial,train
सैदापेट से पहली ट्रेन कितने बजे है?,service_timing:first_service,SAIDAPET,service_timing,SAIDAPET,,railway,timing,False,hi,devanagari,template_combinatorial,train
सेंट्रल से आलंदूर के लिए अगली लोकल ट्रेन कब है?,service_timing:next_service,CHENNAI_CENTRAL,service_timing,CHENNAI_CENTRAL,ALANDUR,suburban_rail,timing,False,hi,devanagari,template_combinatorial,train
रात में ताम्बरम पर लास्ट मेट्रो कितने बजे मिलती है?,service_timing:night_metro,TAMBARAM,service_timing,TAMBARAM,,,timing,False,hi,devanagari,template_combinatorial,train
सेंट थॉमस माउंट से आखिरी ट्रेन कब छूटती है?,service_timing:last_service,ST_THOMAS_MOUNT,service_timing,ST_THOMAS_MOUNT,,railway,timing,False,hi,devanagari,template_combinatorial,train
रात में मीनांबक्कम पर लास्ट मेट्रो कितने बजे मिलती है?,service_timing:night_metro,MEENAMBAKKAM,service_timing,MEENAMBAKKAM,,,timing,False,hi,devanagari,template_combinatorial,train
हवाई अड्डा से आलंदूर के लिए अगली बस कब है?,service_timing:next_service,CHENNAI_AIRPORT,service_timing,CHENNAI_AIRPORT,ALANDUR,bus,timing,False,hi,devanagari,template_combinatorial,train
शेनॉय नगर से आखिरी लोकल ट्रेन कब छूटती है?,service_timing:last_service,SHENOY_NAGAR,service_timing,SHENOY_NAGAR,,suburban_rail,timing,False,hi,devanagari,template_combinatorial,train
एयरपोर्ट से तेनामपेट के लिए अगली लोकल ट्रेन कब है?,service_timing:next_service,CHENNAI_AIRPORT,service_timing,CHENNAI_AIRPORT,TEYNAMPET,suburban_rail,timing,False,hi,devanagari,template_combinatorial,train
सुबह आलंदूर से मेट्रो कितने बजे शुरू होती है?,service_timing:morning_metro,ALANDUR,service_timing,ALANDUR,,,timing,False,hi,devanagari,template_combinatorial,train
chennai airport night last metro time?,service_timing:night_metro,CHENNAI_AIRPORT,service_timing,CHENNAI_AIRPORT,,,timing,False,hinglish,latin_hinglish,template_combinatorial,train
वडापलानी से आखिरी बस कब छूटती है?,service_timing:last_service,VADAPALANI,service_timing,VADAPALANI,,bus,timing,False,hi,devanagari,template_combinatorial,train
central railway station se last bus kab nikalti hai?,service_timing:last_service,CHENNAI_CENTRAL,service_timing,CHENNAI_CENTRAL,,bus,timing,False,hinglish,latin_hinglish,template_combinatorial,train
एयरपोर्ट से आखिरी लोकल ट्रेन कब छूटती है?,service_timing:last_service,CHENNAI_AIRPORT,service_timing,CHENNAI_AIRPORT,,suburban_rail,timing,False,hi,devanagari,template_combinatorial,train
ताम्बरम से पहली बस कितने बजे है?,service_timing:first_service,TAMBARAM,service_timing,TAMBARAM,,bus,timing,False,hi,devanagari,template_combinatorial,train
अन्ना नगर स्टेशन से सुबह पहली ट्रेन कब है?,service_timing:morning_first,ANNA_NAGAR,service_timing,ANNA_NAGAR,,,timing,False,hi,devanagari,template_combinatorial,train
हाई कोर्ट स्टेशन से सुबह पहली ट्रेन कब है?,service_timing:morning_first,HIGH_COURT,service_timing,HIGH_COURT,,,timing,False,hi,devanagari,template_combinatorial,train
airport se last local train kab nikalti hai?,service_timing:last_service,CHENNAI_AIRPORT,service_timing,CHENNAI_AIRPORT,,suburban_rail,timing,False,hinglish,latin_hinglish,template_combinatorial,train
चेन्नई बीच से पहली मेट्रो कितने बजे है?,service_timing:first_service,CHENNAI_BEACH,service_timing,CHENNAI_BEACH,,metro,timing,False,hi,devanagari,template_combinatorial,train
koyambedu se next local train kab aayegi?,service_timing:next_service,KOYAMBEDU,service_timing,KOYAMBEDU,,suburban_rail,timing,False,hinglish,latin_hinglish,template_combinatorial,train
लिटिल माउंट स्टेशन से सुबह पहली ट्रेन कब है?,service_timing:morning_first,LITTLE_MOUNT,service_timing,LITTLE_MOUNT,,,timing,False,hi,devanagari,template_combinatorial,train
रात में एग्मोर पर लास्ट मेट्रो कितने बजे मिलती है?,service_timing:night_metro,CHENNAI_EGMORE,service_timing,CHENNAI_EGMORE,,,timing,False,hi,devanagari,template_combinatorial,train
st thomas mount night last metro time?,service_timing:night_metro,ST_THOMAS_MOUNT,service_timing,ST_THOMAS_MOUNT,,,timing,False,hinglish,latin_hinglish,template_combinatorial,train
तेनामपेट से पहली लोकल ट्रेन कितने बजे है?,service_timing:first_service,TEYNAMPET,service_timing,TEYNAMPET,,suburban_rail,timing,False,hi,devanagari,template_combinatorial,train
cmbt se next bus kab aayegi?,service_timing:next_service,CMBT,service_timing,CMBT,,bus,timing,False,hinglish,latin_hinglish,template_combinatorial,train
thousand lights se last train kab nikalti hai?,service_timing:last_service,THOUSAND_LIGHTS,service_timing,THOUSAND_LIGHTS,,railway,timing,False,hinglish,latin_hinglish,template_combinatorial,train
कोयम्बेडु मार्केट से पहली ट्रेन कितने बजे है?,service_timing:first_service,KOYAMBEDU,service_timing,KOYAMBEDU,,railway,timing,False,hi,devanagari,template_combinatorial,train
egmore se first train kitne baje hai?,service_timing:first_service,CHENNAI_EGMORE,service_timing,CHENNAI_EGMORE,,railway,timing,False,hinglish,latin_hinglish,template_combinatorial,train
guindy se next metro kab aayegi?,service_timing:next_service,GUINDY,service_timing,GUINDY,,metro,timing,False,hinglish,latin_hinglish,template_combinatorial,train
nandanam se last bus kab nikalti hai?,service_timing:last_service,NANDANAM,service_timing,NANDANAM,,bus,timing,False,hinglish,latin_hinglish,template_combinatorial,train
रात में वडापलानी पर लास्ट मेट्रो कितने बजे मिलती है?,service_timing:night_metro,VADAPALANI,service_timing,VADAPALANI,,,timing,False,hi,devanagari,template_combinatorial,train
रात में अन्ना नगर पर लास्ट मेट्रो कितने बजे मिलती है?,service_timing:night_metro,ANNA_NAGAR,service_timing,ANNA_NAGAR,,,timing,False,hi,devanagari,template_combinatorial,train
ashok nagar se last metro kab nikalti hai?,service_timing:last_service,ASHOK_NAGAR,service_timing,ASHOK_NAGAR,,metro,timing,False,hinglish,latin_hinglish,template_combinatorial,train
पीक आवर्स में लोकल ट्रेन कितनी देर में आती है?,service_timing:peakhour_headway,,service_timing,,,suburban_rail,timing,False,hi,devanagari,template_combinatorial,train
वडापलानी से चेन्नई बीच के लिए अगली ट्रेन कब है?,service_timing:next_service,VADAPALANI,service_timing,VADAPALANI,CHENNAI_BEACH,railway,timing,False,hi,devanagari,template_combinatorial,train
kilpauk se last train kab nikalti hai?,service_timing:last_service,KILPAUK,service_timing,KILPAUK,,railway,timing,False,hinglish,latin_hinglish,template_combinatorial,train
central se next bus kab aayegi?,service_timing:next_service,CHENNAI_CENTRAL,service_timing,CHENNAI_CENTRAL,,bus,timing,False,hinglish,latin_hinglish,template_combinatorial,train
anna nagar se last bus kab nikalti hai?,service_timing:last_service,ANNA_NAGAR,service_timing,ANNA_NAGAR,,bus,timing,False,hinglish,latin_hinglish,template_combinatorial,train
सुबह सेंट्रल रेलवे स्टेशन से मेट्रो कितने बजे शुरू होती है?,service_timing:morning_metro,CHENNAI_CENTRAL,service_timing,CHENNAI_CENTRAL,,,timing,False,hi,devanagari,template_combinatorial,train
central railway station se first train kitne baje hai?,service_timing:first_service,CHENNAI_CENTRAL,service_timing,CHENNAI_CENTRAL,,railway,timing,False,hinglish,latin_hinglish,template_combinatorial,train
chennai airport se next local train kab aayegi?,service_timing:next_service,CHENNAI_AIRPORT,service_timing,CHENNAI_AIRPORT,,suburban_rail,timing,False,hinglish,latin_hinglish,template_combinatorial,train
ashok nagar se next train kab aayegi?,service_timing:next_service,ASHOK_NAGAR,service_timing,ASHOK_NAGAR,,railway,timing,False,hinglish,latin_hinglish,template_combinatorial,train
रात में शेनॉय नगर पर लास्ट मेट्रो कितने बजे मिलती है?,service_timing:night_metro,SHENOY_NAGAR,service_timing,SHENOY_NAGAR,,,timing,False,hi,devanagari,template_combinatorial,train
रात में एयरपोर्ट पर लास्ट मेट्रो कितने बजे मिलती है?,service_timing:night_metro,CHENNAI_AIRPORT,service_timing,CHENNAI_AIRPORT,,,timing,False,hi,devanagari,template_combinatorial,train
kilpauk se first bus kitne baje hai?,service_timing:first_service,KILPAUK,service_timing,KILPAUK,,bus,timing,False,hinglish,latin_hinglish,template_combinatorial,train
guindy se last local train kab nikalti hai?,service_timing:last_service,GUINDY,service_timing,GUINDY,,suburban_rail,timing,False,hinglish,latin_hinglish,template_combinatorial,train
lic se next metro kab aayegi?,service_timing:next_service,LIC,service_timing,LIC,,metro,timing,False,hinglish,latin_hinglish,template_combinatorial,train
thirumangalam night last metro time?,service_timing:night_metro,THIRUMANGALAM,service_timing,THIRUMANGALAM,,,timing,False,hinglish,latin_hinglish,template_combinatorial,train
नंदनम स्टेशन से सुबह पहली ट्रेन कब है?,service_timing:morning_first,NANDANAM,service_timing,NANDANAM,,,timing,False,hi,devanagari,template_combinatorial,train
सेंट्रल रेलवे स्टेशन स्टेशन से सुबह पहली ट्रेन कब है?,service_timing:morning_first,CHENNAI_CENTRAL,service_timing,CHENNAI_CENTRAL,,,timing,False,hi,devanagari,template_combinatorial,train
सुबह चेन्नई एग्मोर से मेट्रो कितने बजे शुरू होती है?,service_timing:morning_metro,CHENNAI_EGMORE,service_timing,CHENNAI_EGMORE,,,timing,False,hi,devanagari,template_combinatorial,train
ashok nagar se first train kitne baje hai?,service_timing:first_service,ASHOK_NAGAR,service_timing,ASHOK_NAGAR,,railway,timing,False,hinglish,latin_hinglish,template_combinatorial,train
सुबह चेन्नई एयरपोर्ट से मेट्रो कितने बजे शुरू होती है?,service_timing:morning_metro,CHENNAI_AIRPORT,service_timing,CHENNAI_AIRPORT,,,timing,False,hi,devanagari,template_combinatorial,train
government estate se next train kab aayegi?,service_timing:next_service,GOVERNMENT_ESTATE,service_timing,GOVERNMENT_ESTATE,,railway,timing,False,hinglish,latin_hinglish,template_combinatorial,train
t nagar se next train kab aayegi?,service_timing:next_service,NANDANAM,service_timing,NANDANAM,,railway,timing,False,hinglish,latin_hinglish,template_combinatorial,train
nandanam night last metro time?,service_timing:night_metro,NANDANAM,service_timing,NANDANAM,,,timing,False,hinglish,latin_hinglish,template_combinatorial,train
सुबह किल्पॉक से मेट्रो कितने बजे शुरू होती है?,service_timing:morning_metro,KILPAUK,service_timing,KILPAUK,,,timing,False,hi,devanagari,template_combinatorial,train
chennai airport se last train kab nikalti hai?,service_timing:last_service,CHENNAI_AIRPORT,service_timing,CHENNAI_AIRPORT,,railway,timing,False,hinglish,latin_hinglish,template_combinatorial,train
सीएमबीटी से नंदनम के लिए अगली लोकल ट्रेन कब है?,service_timing:next_service,CMBT,service_timing,CMBT,NANDANAM,suburban_rail,timing,False,hi,devanagari,template_combinatorial,train
ताम्बरम से एग्मोर के लिए अगली बस कब है?,service_timing:next_service,TAMBARAM,service_timing,TAMBARAM,CHENNAI_EGMORE,bus,timing,False,hi,devanagari,template_combinatorial,train
chennai central se next bus kab aayegi?,service_timing:next_service,CHENNAI_CENTRAL,service_timing,CHENNAI_CENTRAL,,bus,timing,False,hinglish,latin_hinglish,template_combinatorial,train
saidapet se last bus kab nikalti hai?,service_timing:last_service,SAIDAPET,service_timing,SAIDAPET,,bus,timing,False,hinglish,latin_hinglish,template_combinatorial,train
सुबह एयरपोर्ट से मेट्रो कितने बजे शुरू होती है?,service_timing:morning_metro,CHENNAI_AIRPORT,service_timing,CHENNAI_AIRPORT,,,timing,False,hi,devanagari,template_combinatorial,train
हवाई अड्डा से हाई कोर्ट के लिए अगली ट्रेन कब है?,service_timing:next_service,CHENNAI_AIRPORT,service_timing,CHENNAI_AIRPORT,HIGH_COURT,railway,timing,False,hi,devanagari,template_combinatorial,train
lic se next train kab aayegi?,service_timing:next_service,LIC,service_timing,LIC,,railway,timing,False,hinglish,latin_hinglish,template_combinatorial,train
nandanam se last metro kab nikalti hai?,service_timing:last_service,NANDANAM,service_timing,NANDANAM,,metro,timing,False,hinglish,latin_hinglish,template_combinatorial,train
high court night last metro time?,service_timing:night_metro,HIGH_COURT,service_timing,HIGH_COURT,,,timing,False,hinglish,latin_hinglish,template_combinatorial,train
तिरुमंगलम से आखिरी ट्रेन कब छूटती है?,service_timing:last_service,THIRUMANGALAM,service_timing,THIRUMANGALAM,,railway,timing,False,hi,devanagari,template_combinatorial,train
kilpauk se next local train kab aayegi?,service_timing:next_service,KILPAUK,service_timing,KILPAUK,,suburban_rail,timing,False,hinglish,latin_hinglish,template_combinatorial,train
एजी-डीएमएस से आखिरी मेट्रो कब छूटती है?,service_timing:last_service,AG_DMS,service_timing,AG_DMS,,metro,timing,False,hi,devanagari,template_combinatorial,train
अशोक नगर से शेनॉय नगर के लिए अगली बस कब है?,service_timing:next_service,ASHOK_NAGAR,service_timing,ASHOK_NAGAR,SHENOY_NAGAR,bus,timing,False,hi,devanagari,template_combinatorial,train
सीएमबीटी से नंदनम के लिए अगली बस कब है?,service_timing:next_service,CMBT,service_timing,CMBT,NANDANAM,bus,timing,False,hi,devanagari,template_combinatorial,train
central se first train kitne baje hai?,service_timing:first_service,CHENNAI_CENTRAL,service_timing,CHENNAI_CENTRAL,,railway,timing,False,hinglish,latin_hinglish,template_combinatorial,train
saidapet se next bus kab aayegi?,service_timing:next_service,SAIDAPET,service_timing,SAIDAPET,,bus,timing,False,hinglish,latin_hinglish,template_combinatorial,train
alandur se last metro kab nikalti hai?,service_timing:last_service,ALANDUR,service_timing,ALANDUR,,metro,timing,False,hinglish,latin_hinglish,template_combinatorial,train
सेंट्रल से ताम्बरम के लिए अगली बस कब है?,service_timing:next_service,CHENNAI_CENTRAL,service_timing,CHENNAI_CENTRAL,TAMBARAM,bus,timing,False,hi,devanagari,template_combinatorial,train
आलंदूर से पहली मेट्रो कितने बजे है?,service_timing:first_service,ALANDUR,service_timing,ALANDUR,,metro,timing,False,hi,devanagari,template_combinatorial,train
अशोक नगर स्टेशन से सुबह पहली ट्रेन कब है?,service_timing:morning_first,ASHOK_NAGAR,service_timing,ASHOK_NAGAR,,,timing,False,hi,devanagari,template_combinatorial,train
saidapet se first bus kitne baje hai?,service_timing:first_service,SAIDAPET,service_timing,SAIDAPET,,bus,timing,False,hinglish,latin_hinglish,template_combinatorial,train
किल्पॉक से तेनामपेट के लिए अगली लोकल ट्रेन कब है?,service_timing:next_service,KILPAUK,service_timing,KILPAUK,TEYNAMPET,suburban_rail,timing,False,hi,devanagari,template_combinatorial,train
alandur se first local train kitne baje hai?,service_timing:first_service,ALANDUR,service_timing,ALANDUR,,suburban_rail,timing,False,hinglish,latin_hinglish,template_combinatorial,train
koyambedu se next metro kab aayegi?,service_timing:next_service,KOYAMBEDU,service_timing,KOYAMBEDU,,metro,timing,False,hinglish,latin_hinglish,template_combinatorial,train
government estate se last bus kab nikalti hai?,service_timing:last_service,GOVERNMENT_ESTATE,service_timing,GOVERNMENT_ESTATE,,bus,timing,False,hinglish,latin_hinglish,template_combinatorial,train
एग्मोर से एजी-डीएमएस के लिए अगली लोकल ट्रेन कब है?,service_timing:next_service,CHENNAI_EGMORE,service_timing,CHENNAI_EGMORE,AG_DMS,suburban_rail,timing,False,hi,devanagari,template_combinatorial,train
आलंदूर से एयरपोर्ट के लिए अगली लोकल ट्रेन कब है?,service_timing:next_service,ALANDUR,service_timing,ALANDUR,CHENNAI_AIRPORT,suburban_rail,timing,False,hi,devanagari,template_combinatorial,train
सुबह एजी-डीएमएस से मेट्रो कितने बजे शुरू होती है?,service_timing:morning_metro,AG_DMS,service_timing,AG_DMS,,,timing,False,hi,devanagari,template_combinatorial,train
meenambakkam se last train kab nikalti hai?,service_timing:last_service,MEENAMBAKKAM,service_timing,MEENAMBAKKAM,,railway,timing,False,hinglish,latin_hinglish,template_combinatorial,train
कोयम्बेडु स्टेशन से सुबह पहली ट्रेन कब है?,service_timing:morning_first,KOYAMBEDU,service_timing,KOYAMBEDU,,,timing,False,hi,devanagari,template_combinatorial,train
थाउजेंड लाइट्स से आखिरी लोकल ट्रेन कब छूटती है?,service_timing:last_service,THOUSAND_LIGHTS,service_timing,THOUSAND_LIGHTS,,suburban_rail,timing,False,hi,devanagari,template_combinatorial,train
chennai central se last bus kab nikalti hai?,service_timing:last_service,CHENNAI_CENTRAL,service_timing,CHENNAI_CENTRAL,,bus,timing,False,hinglish,latin_hinglish,template_combinatorial,train
t nagar se next bus kab aayegi?,service_timing:next_service,NANDANAM,service_timing,NANDANAM,,bus,timing,False,hinglish,latin_hinglish,template_combinatorial,train
चेन्नई सेंट्रल से एयरपोर्ट के लिए अगली लोकल ट्रेन कब है?,service_timing:next_service,CHENNAI_CENTRAL,service_timing,CHENNAI_CENTRAL,CHENNAI_AIRPORT,suburban_rail,timing,False,hi,devanagari,template_combinatorial,train
हवाई अड्डा से आखिरी मेट्रो कब छूटती है?,service_timing:last_service,CHENNAI_AIRPORT,service_timing,CHENNAI_AIRPORT,,metro,timing,False,hi,devanagari,template_combinatorial,train
किल्पॉक से पहली लोकल ट्रेन कितने बजे है?,service_timing:first_service,KILPAUK,service_timing,KILPAUK,,suburban_rail,timing,False,hi,devanagari,template_combinatorial,train
कोयम्बेडु से पहली लोकल ट्रेन कितने बजे है?,service_timing:first_service,KOYAMBEDU,service_timing,KOYAMBEDU,,suburban_rail,timing,False,hi,devanagari,template_combinatorial,train
सुबह हवाई अड्डा से मेट्रो कितने बजे शुरू होती है?,service_timing:morning_metro,CHENNAI_AIRPORT,service_timing,CHENNAI_AIRPORT,,,timing,False,hi,devanagari,template_combinatorial,train
रात में आलंदूर पर लास्ट मेट्रो कितने बजे मिलती है?,service_timing:night_metro,ALANDUR,service_timing,ALANDUR,,,timing,False,hi,devanagari,template_combinatorial,train
लिटिल माउंट से पहली मेट्रो कितने बजे है?,service_timing:first_service,LITTLE_MOUNT,service_timing,LITTLE_MOUNT,,metro,timing,False,hi,devanagari,template_combinatorial,train
saidapet night last metro time?,service_timing:night_metro,SAIDAPET,service_timing,SAIDAPET,,,timing,False,hinglish,latin_hinglish,template_combinatorial,train
chennai airport se first local train kitne baje hai?,service_timing:first_service,CHENNAI_AIRPORT,service_timing,CHENNAI_AIRPORT,,suburban_rail,timing,False,hinglish,latin_hinglish,template_combinatorial,train
अन्ना नगर से चेन्नई एग्मोर के लिए अगली ट्रेन कब है?,service_timing:next_service,ANNA_NAGAR,service_timing,ANNA_NAGAR,CHENNAI_EGMORE,railway,timing,False,hi,devanagari,template_combinatorial,train
chennai egmore se first train kitne baje hai?,service_timing:first_service,CHENNAI_EGMORE,service_timing,CHENNAI_EGMORE,,railway,timing,False,hinglish,latin_hinglish,template_combinatorial,train
nehru park se last metro kab nikalti hai?,service_timing:last_service,NEHRU_PARK,service_timing,NEHRU_PARK,,metro,timing,False,hinglish,latin_hinglish,template_combinatorial,train
central railway station se last local train kab nikalti hai?,service_timing:last_service,CHENNAI_CENTRAL,service_timing,CHENNAI_CENTRAL,,suburban_rail,timing,False,hinglish,latin_hinglish,template_combinatorial,train
kilpauk se first local train kitne baje hai?,service_timing:first_service,KILPAUK,service_timing,KILPAUK,,suburban_rail,timing,False,hinglish,latin_hinglish,template_combinatorial,train
सुबह सैदापेट से मेट्रो कितने बजे शुरू होती है?,service_timing:morning_metro,SAIDAPET,service_timing,SAIDAPET,,,timing,False,hi,devanagari,template_combinatorial,train
alandur se last local train kab nikalti hai?,service_timing:last_service,ALANDUR,service_timing,ALANDUR,,suburban_rail,timing,False,hinglish,latin_hinglish,template_combinatorial,train
ashok nagar se last bus kab nikalti hai?,service_timing:last_service,ASHOK_NAGAR,service_timing,ASHOK_NAGAR,,bus,timing,False,hinglish,latin_hinglish,template_combinatorial,train
वडापलानी से पहली लोकल ट्रेन कितने बजे है?,service_timing:first_service,VADAPALANI,service_timing,VADAPALANI,,suburban_rail,timing,False,hi,devanagari,template_combinatorial,train
chennai beach se first train kitne baje hai?,service_timing:first_service,CHENNAI_BEACH,service_timing,CHENNAI_BEACH,,railway,timing,False,hinglish,latin_hinglish,template_combinatorial,train
वडापलानी स्टेशन से सुबह पहली ट्रेन कब है?,service_timing:morning_first,VADAPALANI,service_timing,VADAPALANI,,,timing,False,hi,devanagari,template_combinatorial,train
तेनामपेट से पहली ट्रेन कितने बजे है?,service_timing:first_service,TEYNAMPET,service_timing,TEYNAMPET,,railway,timing,False,hi,devanagari,template_combinatorial,train
velachery se last local train kab nikalti hai?,service_timing:last_service,VELACHERY,service_timing,VELACHERY,,suburban_rail,timing,False,hinglish,latin_hinglish,template_combinatorial,train
चेन्नई एग्मोर से पहली ट्रेन कितने बजे है?,service_timing:first_service,CHENNAI_EGMORE,service_timing,CHENNAI_EGMORE,,railway,timing,False,hi,devanagari,template_combinatorial,train
chennai egmore se last local train kab nikalti hai?,service_timing:last_service,CHENNAI_EGMORE,service_timing,CHENNAI_EGMORE,,suburban_rail,timing,False,hinglish,latin_hinglish,template_combinatorial,train
रात में नेहरू पार्क पर लास्ट मेट्रो कितने बजे मिलती है?,service_timing:night_metro,NEHRU_PARK,service_timing,NEHRU_PARK,,,timing,False,hi,devanagari,template_combinatorial,train
तिरुमंगलम से पहली बस कितने बजे है?,service_timing:first_service,THIRUMANGALAM,service_timing,THIRUMANGALAM,,bus,timing,False,hi,devanagari,template_combinatorial,train
nehru park se next train kab aayegi?,service_timing:next_service,NEHRU_PARK,service_timing,NEHRU_PARK,,railway,timing,False,hinglish,latin_hinglish,template_combinatorial,train
thirumangalam se first local train kitne baje hai?,service_timing:first_service,THIRUMANGALAM,service_timing,THIRUMANGALAM,,suburban_rail,timing,False,hinglish,latin_hinglish,template_combinatorial,train
सुबह शेनॉय नगर से मेट्रो कितने बजे शुरू होती है?,service_timing:morning_metro,SHENOY_NAGAR,service_timing,SHENOY_NAGAR,,,timing,False,hi,devanagari,template_combinatorial,train
चेन्नई एग्मोर से पहली लोकल ट्रेन कितने बजे है?,service_timing:first_service,CHENNAI_EGMORE,service_timing,CHENNAI_EGMORE,,suburban_rail,timing,False,hi,devanagari,template_combinatorial,train
कोयम्बेडु मार्केट से मीनांबक्कम के लिए अगली बस कब है?,service_timing:next_service,KOYAMBEDU,service_timing,KOYAMBEDU,MEENAMBAKKAM,bus,timing,False,hi,devanagari,template_combinatorial,train
रात में चेन्नई सेंट्रल पर लास्ट मेट्रो कितने बजे मिलती है?,service_timing:night_metro,CHENNAI_CENTRAL,service_timing,CHENNAI_CENTRAL,,,timing,False,hi,devanagari,template_combinatorial,train
high court se last train kab nikalti hai?,service_timing:last_service,HIGH_COURT,service_timing,HIGH_COURT,,railway,timing,False,hinglish,latin_hinglish,template_combinatorial,train
किल्पॉक से टी नगर के लिए अगली मेट्रो कब है?,service_timing:next_service,KILPAUK,service_timing,KILPAUK,NANDANAM,metro,timing,False,hi,devanagari,template_combinatorial,train
एयरपोर्ट स्टेशन से सुबह पहली ट्रेन कब है?,service_timing:morning_first,CHENNAI_AIRPORT,service_timing,CHENNAI_AIRPORT,,,timing,False,hi,devanagari,template_combinatorial,train
वडापलानी से आखिरी मेट्रो कब छूटती है?,service_timing:last_service,VADAPALANI,service_timing,VADAPALANI,,metro,timing,False,hi,devanagari,template_combinatorial,train
cmbt se next train kab aayegi?,service_timing:next_service,CMBT,service_timing,CMBT,,railway,timing,False,hinglish,latin_hinglish,template_combinatorial,train
tambaram se last bus kab nikalti hai?,service_timing:last_service,TAMBARAM,service_timing,TAMBARAM,,bus,timing,False,hinglish,latin_hinglish,template_combinatorial,train
meenambakkam se first train kitne baje hai?,service_timing:first_service,MEENAMBAKKAM,service_timing,MEENAMBAKKAM,,railway,timing,False,hinglish,latin_hinglish,template_combinatorial,train
सेंट्रल रेलवे स्टेशन से पहली मेट्रो कितने बजे है?,service_timing:first_service,CHENNAI_CENTRAL,service_timing,CHENNAI_CENTRAL,,metro,timing,False,hi,devanagari,template_combinatorial,train
airport se last bus kab nikalti hai?,service_timing:last_service,CHENNAI_AIRPORT,service_timing,CHENNAI_AIRPORT,,bus,timing,False,hinglish,latin_hinglish,template_combinatorial,train
कोयम्बेडु से एग्मोर के लिए अगली ट्रेन कब है?,service_timing:next_service,KOYAMBEDU,service_timing,KOYAMBEDU,CHENNAI_EGMORE,railway,timing,False,hi,devanagari,template_combinatorial,train
सीएमबीटी से पहली लोकल ट्रेन कितने बजे है?,service_timing:first_service,CMBT,service_timing,CMBT,,suburban_rail,timing,False,hi,devanagari,template_combinatorial,train
koyambedu se last train kab nikalti hai?,service_timing:last_service,KOYAMBEDU,service_timing,KOYAMBEDU,,railway,timing,False,hinglish,latin_hinglish,template_combinatorial,train
chennai egmore se next bus kab aayegi?,service_timing:next_service,CHENNAI_EGMORE,service_timing,CHENNAI_EGMORE,,bus,timing,False,hinglish,latin_hinglish,template_combinatorial,train
nandanam se first metro kitne baje hai?,service_timing:first_service,NANDANAM,service_timing,NANDANAM,,metro,timing,False,hinglish,latin_hinglish,template_combinatorial,train
airport se last metro kab nikalti hai?,service_timing:last_service,CHENNAI_AIRPORT,service_timing,CHENNAI_AIRPORT,,metro,timing,False,hinglish,latin_hinglish,template_combinatorial,train
ताम्बरम से आखिरी ट्रेन कब छूटती है?,service_timing:last_service,TAMBARAM,service_timing,TAMBARAM,,railway,timing,False,hi,devanagari,template_combinatorial,train
रात में सेंट्रल पर लास्ट मेट्रो कितने बजे मिलती है?,service_timing:night_metro,CHENNAI_CENTRAL,service_timing,CHENNAI_CENTRAL,,,timing,False,hi,devanagari,template_combinatorial,train
एलआईसी से आखिरी ट्रेन कब छूटती है?,service_timing:last_service,LIC,service_timing,LIC,,railway,timing,False,hi,devanagari,template_combinatorial,train
वेलाचेरी से आखिरी मेट्रो कब छूटती है?,service_timing:last_service,VELACHERY,service_timing,VELACHERY,,metro,timing,False,hi,devanagari,template_combinatorial,train
एग्मोर से पहली मेट्रो कितने बजे है?,service_timing:first_service,CHENNAI_EGMORE,service_timing,CHENNAI_EGMORE,,metro,timing,False,hi,devanagari,template_combinatorial,train
thousand lights metro station kis line par hai?,station_information:line_color,THOUSAND_LIGHTS,station_information,,,,,False,hinglish,latin_hinglish,template_combinatorial,train
वेलाचेरी स्टेशन पर एटीएम और टॉयलेट है क्या?,station_information:atm_toilet,VELACHERY,station_information,,,,,False,hi,devanagari,template_combinatorial,train
अशोक नगर स्टेशन पर एटीएम और टॉयलेट है क्या?,station_information:atm_toilet,ASHOK_NAGAR,station_information,,,,,False,hi,devanagari,template_combinatorial,train
एयरपोर्ट मेट्रो स्टेशन किस लाइन पर स्थित है?,station_information:line_color,CHENNAI_AIRPORT,station_information,,,,,False,hi,devanagari,template_combinatorial,train
चेन्नई बीच मेट्रो स्टेशन किस लाइन पर स्थित है?,station_information:line_color,CHENNAI_BEACH,station_information,,,,,False,hi,devanagari,template_combinatorial,train
velachery atm and washroom facility hai kya?,station_information:atm_toilet,VELACHERY,station_information,,,,,False,hinglish,latin_hinglish,template_combinatorial,train
central railway station interchange options kya hai?,station_information:interchange_option,CHENNAI_CENTRAL,station_information,,,,,False,hinglish,latin_hinglish,template_combinatorial,train
नंदनम स्टेशन पर कितने प्रवेश और निकास द्वार (गेट) हैं?,station_information:entry_exit_gates,NANDANAM,station_information,,,,,False,hi,devanagari,template_combinatorial,train
हवाई अड्डा स्टेशन का पूरा पता और मुख्य क्षेत्र क्या है?,station_information:address_location,CHENNAI_AIRPORT,station_information,,,,,False,hi,devanagari,template_combinatorial,train
चेन्नई एग्मोर पर पार्किंग की जगह है क्या?,station_information:parking_space,CHENNAI_EGMORE,station_information,,,,,False,hi,devanagari,template_combinatorial,train
ag dms nearby landmarks and bus stand details?,station_information:nearby_transit,AG_DMS,station_information,,,,,False,hinglish,latin_hinglish,template_combinatorial,train
t nagar interchange options kya hai?,station_information:interchange_option,NANDANAM,station_information,,,,,False,hinglish,latin_hinglish,template_combinatorial,train
वडापलानी पर पीने के पानी और प्रतीक्षालय की व्यवस्था है क्या?,station_information:water_waiting,VADAPALANI,station_information,,,,,False,hi,devanagari,template_combinatorial,train
central entry exit gates details?,station_information:entry_exit_gates,CHENNAI_CENTRAL,station_information,,,,,False,hinglish,latin_hinglish,template_combinatorial,train
किल्पॉक पर फर्स्ट एड या आपातकालीन चिकित्सा कक्ष है क्या?,station_information:first_aid,KILPAUK,station_information,,,,,False,hi,devanagari,template_combinatorial,train
तेनामपेट पर क्लॉक रूम या लॉकर सुविधा है?,station_information:cloak_room,TEYNAMPET,station_information,,,,,False,hi,devanagari,template_combinatorial,train
एलआईसी मेट्रो स्टेशन किस लाइन पर स्थित है?,station_information:line_color,LIC,station_information,,,,,False,hi,devanagari,template_combinatorial,train
तिरुमंगलम पर फर्स्ट एड या आपातकालीन चिकित्सा कक्ष है क्या?,station_information:first_aid,THIRUMANGALAM,station_information,,,,,False,hi,devanagari,template_combinatorial,train
टी नगर मेट्रो स्टेशन किस लाइन पर स्थित है?,station_information:line_color,NANDANAM,station_information,,,,,False,hi,devanagari,template_combinatorial,train
thirumangalam nearby landmarks and bus stand details?,station_information:nearby_transit,THIRUMANGALAM,station_information,,,,,False,hinglish,latin_hinglish,template_combinatorial,train
वेलाचेरी पर फर्स्ट एड या आपातकालीन चिकित्सा कक्ष है क्या?,station_information:first_aid,VELACHERY,station_information,,,,,False,hi,devanagari,template_combinatorial,train
चेन्नई एयरपोर्ट स्टेशन पर एटीएम और टॉयलेट है क्या?,station_information:atm_toilet,CHENNAI_AIRPORT,station_information,,,,,False,hi,devanagari,template_combinatorial,train
teynampet nearby landmarks and bus stand details?,station_information:nearby_transit,TEYNAMPET,station_information,,,,,False,hinglish,latin_hinglish,template_combinatorial,train
chennai central metro station kis line par hai?,station_information:line_color,CHENNAI_CENTRAL,station_information,,,,,False,hinglish,latin_hinglish,template_combinatorial,train
shenoy nagar nearby landmarks and bus stand details?,station_information:nearby_transit,SHENOY_NAGAR,station_information,,,,,False,hinglish,latin_hinglish,template_combinatorial,train
chennai airport nearby landmarks and bus stand details?,station_information:nearby_transit,CHENNAI_AIRPORT,station_information,,,,,False,hinglish,latin_hinglish,template_combinatorial,train
गिंडी स्टेशन का पूरा पता और मुख्य क्षेत्र क्या है?,station_information:address_location,GUINDY,station_information,,,,,False,hi,devanagari,template_combinatorial,train
thirumangalam metro station kis line par hai?,station_information:line_color,THIRUMANGALAM,station_information,,,,,False,hinglish,latin_hinglish,template_combinatorial,train
चेन्नई बीच के पास कौन सा बस स्टॉप या मेट्रो स्टेशन है?,station_information:nearby_transit,CHENNAI_BEACH,station_information,,,,,False,hi,devanagari,template_combinatorial,train
चेन्नई एग्मोर के पास कौन सा बस स्टॉप या मेट्रो स्टेशन है?,station_information:nearby_transit,CHENNAI_EGMORE,station_information,,,,,False,hi,devanagari,template_combinatorial,train
central railway station entry exit gates details?,station_information:entry_exit_gates,CHENNAI_CENTRAL,station_information,,,,,False,hinglish,latin_hinglish,template_combinatorial,train
एयरपोर्ट पर क्लॉक रूम या लॉकर सुविधा है?,station_information:cloak_room,CHENNAI_AIRPORT,station_information,,,,,False,hi,devanagari,template_combinatorial,train
आलंदूर पर इंटरचेंज की सुविधा है क्या?,station_information:interchange_option,ALANDUR,station_information,,,,,False,hi,devanagari,template_combinatorial,train
nandanam entry exit gates details?,station_information:entry_exit_gates,NANDANAM,station_information,,,,,False,hinglish,latin_hinglish,template_combinatorial,train
thousand lights entry exit gates details?,station_information:entry_exit_gates,THOUSAND_LIGHTS,station_information,,,,,False,hinglish,latin_hinglish,template_combinatorial,train
सेंट्रल स्टेशन पर एटीएम और टॉयलेट है क्या?,station_information:atm_toilet,CHENNAI_CENTRAL,station_information,,,,,False,hi,devanagari,template_combinatorial,train
सेंट्रल पर फर्स्ट एड या आपातकालीन चिकित्सा कक्ष है क्या?,station_information:first_aid,CHENNAI_CENTRAL,station_information,,,,,False,hi,devanagari,template_combinatorial,train
शेनॉय नगर स्टेशन पर कितने प्रवेश और निकास द्वार (गेट) हैं?,station_information:entry_exit_gates,SHENOY_NAGAR,station_information,,,,,False,hi,devanagari,template_combinatorial,train
सेंट्रल रेलवे स्टेशन पर कौन-कौन सी लाइनों का जंक्शन है?,station_information:lines_junction,CHENNAI_CENTRAL,station_information,,,,,False,hi,devanagari,template_combinatorial,train
एलआईसी के पास कौन सा बस स्टॉप या मेट्रो स्टेशन है?,station_information:nearby_transit,LIC,station_information,,,,,False,hi,devanagari,template_combinatorial,train
चेन्नई एयरपोर्ट पर पीने के पानी और प्रतीक्षालय की व्यवस्था है क्या?,station_information:water_waiting,CHENNAI_AIRPORT,station_information,,,,,False,hi,devanagari,template_combinatorial,train
चेन्नई बीच पर फर्स्ट एड या आपातकालीन चिकित्सा कक्ष है क्या?,station_information:first_aid,CHENNAI_BEACH,station_information,,,,,False,hi,devanagari,template_combinatorial,train
मीनांबक्कम पर पार्किंग की जगह है क्या?,station_information:parking_space,MEENAMBAKKAM,station_information,,,,,False,hi,devanagari,template_combinatorial,train
नंदनम मेट्रो स्टेशन किस लाइन पर स्थित है?,station_information:line_color,NANDANAM,station_information,,,,,False,hi,devanagari,template_combinatorial,train
वेलाचेरी पर क्लॉक रूम या लॉकर सुविधा है?,station_information:cloak_room,VELACHERY,station_information,,,,,False,hi,devanagari,template_combinatorial,train
चेन्नई बीच पर क्लॉक रूम या लॉकर सुविधा है?,station_information:cloak_room,CHENNAI_BEACH,station_information,,,,,False,hi,devanagari,template_combinatorial,train
हवाई अड्डा स्टेशन पर कितने प्रवेश और निकास द्वार (गेट) हैं?,station_information:entry_exit_gates,CHENNAI_AIRPORT,station_information,,,,,False,hi,devanagari,template_combinatorial,train
एजी-डीएमएस स्टेशन का पूरा पता और मुख्य क्षेत्र क्या है?,station_information:address_location,AG_DMS,station_information,,,,,False,hi,devanagari,template_combinatorial,train
high court entry exit gates details?,station_information:entry_exit_gates,HIGH_COURT,station_information,,,,,False,hinglish,latin_hinglish,template_combinatorial,train
st thomas mount entry exit gates details?,station_information:entry_exit_gates,ST_THOMAS_MOUNT,station_information,,,,,False,hinglish,latin_hinglish,template_combinatorial,train
nehru park interchange options kya hai?,station_information:interchange_option,NEHRU_PARK,station_information,,,,,False,hinglish,latin_hinglish,template_combinatorial,train
कोयम्बेडु पर कौन-कौन सी लाइनों का जंक्शन है?,station_information:lines_junction,KOYAMBEDU,station_information,,,,,False,hi,devanagari,template_combinatorial,train
chennai airport par parking available hai kya?,station_information:parking_space,CHENNAI_AIRPORT,station_information,,,,,False,hinglish,latin_hinglish,template_combinatorial,train
guindy atm and washroom facility hai kya?,station_information:atm_toilet,GUINDY,station_information,,,,,False,hinglish,latin_hinglish,template_combinatorial,train
ताम्बरम पर पीने के पानी और प्रतीक्षालय की व्यवस्था है क्या?,station_information:water_waiting,TAMBARAM,station_information,,,,,False,hi,devanagari,template_combinatorial,train
टी नगर पर फर्स्ट एड या आपातकालीन चिकित्सा कक्ष है क्या?,station_information:first_aid,NANDANAM,station_information,,,,,False,hi,devanagari,template_combinatorial,train
nandanam par parking available hai kya?,station_information:parking_space,NANDANAM,station_information,,,,,False,hinglish,latin_hinglish,template_combinatorial,train
st thomas mount atm and washroom facility hai kya?,station_information:atm_toilet,ST_THOMAS_MOUNT,station_information,,,,,False,hinglish,latin_hinglish,template_combinatorial,train
सेंट्रल रेलवे स्टेशन के पास कौन सा बस स्टॉप या मेट्रो स्टेशन है?,station_information:nearby_transit,CHENNAI_CENTRAL,station_information,,,,,False,hi,devanagari,template_combinatorial,train
सेंट थॉमस माउंट के पास कौन सा बस स्टॉप या मेट्रो स्टेशन है?,station_information:nearby_transit,ST_THOMAS_MOUNT,station_information,,,,,False,hi,devanagari,template_combinatorial,train
एलआईसी पर फर्स्ट एड या आपातकालीन चिकित्सा कक्ष है क्या?,station_information:first_aid,LIC,station_information,,,,,False,hi,devanagari,template_combinatorial,train
कोयम्बेडु पर क्लॉक रूम या लॉकर सुविधा है?,station_information:cloak_room,KOYAMBEDU,station_information,,,,,False,hi,devanagari,template_combinatorial,train
nehru park atm and washroom facility hai kya?,station_information:atm_toilet,NEHRU_PARK,station_information,,,,,False,hinglish,latin_hinglish,template_combinatorial,train
अन्ना नगर पर पार्किंग की जगह है क्या?,station_information:parking_space,ANNA_NAGAR,station_information,,,,,False,hi,devanagari,template_combinatorial,train
अन्ना नगर पर फर्स्ट एड या आपातकालीन चिकित्सा कक्ष है क्या?,station_information:first_aid,ANNA_NAGAR,station_information,,,,,False,hi,devanagari,template_combinatorial,train
नंदनम पर क्लॉक रूम या लॉकर सुविधा है?,station_information:cloak_room,NANDANAM,station_information,,,,,False,hi,devanagari,template_combinatorial,train
नंदनम पर पीने के पानी और प्रतीक्षालय की व्यवस्था है क्या?,station_information:water_waiting,NANDANAM,station_information,,,,,False,hi,devanagari,template_combinatorial,train
तिरुमंगलम पर कौन-कौन सी लाइनों का जंक्शन है?,station_information:lines_junction,THIRUMANGALAM,station_information,,,,,False,hi,devanagari,template_combinatorial,train
कोयम्बेडु स्टेशन पर कितने प्रवेश और निकास द्वार (गेट) हैं?,station_information:entry_exit_gates,KOYAMBEDU,station_information,,,,,False,hi,devanagari,template_combinatorial,train
सेंट थॉमस माउंट स्टेशन पर कितने प्रवेश और निकास द्वार (गेट) हैं?,station_information:entry_exit_gates,ST_THOMAS_MOUNT,station_information,,,,,False,hi,devanagari,template_combinatorial,train
एलआईसी स्टेशन का पूरा पता और मुख्य क्षेत्र क्या है?,station_information:address_location,LIC,station_information,,,,,False,hi,devanagari,template_combinatorial,train
high court interchange options kya hai?,station_information:interchange_option,HIGH_COURT,station_information,,,,,False,hinglish,latin_hinglish,template_combinatorial,train
एयरपोर्ट स्टेशन पर एटीएम और टॉयलेट है क्या?,station_information:atm_toilet,CHENNAI_AIRPORT,station_information,,,,,False,hi,devanagari,template_combinatorial,train
high court atm and washroom facility hai kya?,station_information:atm_toilet,HIGH_COURT,station_information,,,,,False,hinglish,latin_hinglish,template_combinatorial,train
alandur entry exit gates details?,station_information:entry_exit_gates,ALANDUR,station_information,,,,,False,hinglish,latin_hinglish,template_combinatorial,train
shenoy nagar metro station kis line par hai?,station_information:line_color,SHENOY_NAGAR,station_information,,,,,False,hinglish,latin_hinglish,template_combinatorial,train
tambaram metro station kis line par hai?,station_information:line_color,TAMBARAM,station_information,,,,,False,hinglish,latin_hinglish,template_combinatorial,train
meenambakkam metro station kis line par hai?,station_information:line_color,MEENAMBAKKAM,station_information,,,,,False,hinglish,latin_hinglish,template_combinatorial,train
ashok nagar interchange options kya hai?,station_information:interchange_option,ASHOK_NAGAR,station_information,,,,,False,hinglish,latin_hinglish,template_combinatorial,train
नेहरू पार्क पर पीने के पानी और प्रतीक्षालय की व्यवस्था है क्या?,station_information:water_waiting,NEHRU_PARK,station_information,,,,,False,hi,devanagari,template_combinatorial,train
हाई कोर्ट मेट्रो स्टेशन किस लाइन पर स्थित है?,station_information:line_color,HIGH_COURT,station_information,,,,,False,hi,devanagari,template_combinatorial,train
t nagar nearby landmarks and bus stand details?,station_information:nearby_transit,NANDANAM,station_information,,,,,False,hinglish,latin_hinglish,template_combinatorial,train
कोयम्बेडु मेट्रो स्टेशन किस लाइन पर स्थित है?,station_information:line_color,KOYAMBEDU,station_information,,,,,False,hi,devanagari,template_combinatorial,train
हवाई अड्डा स्टेशन पर एटीएम और टॉयलेट है क्या?,station_information:atm_toilet,CHENNAI_AIRPORT,station_information,,,,,False,hi,devanagari,template_combinatorial,train
हवाई अड्डा पर फर्स्ट एड या आपातकालीन चिकित्सा कक्ष है क्या?,station_information:first_aid,CHENNAI_AIRPORT,station_information,,,,,False,hi,devanagari,template_combinatorial,train
vadapalani interchange options kya hai?,station_information:interchange_option,VADAPALANI,station_information,,,,,False,hinglish,latin_hinglish,template_combinatorial,train
शेनॉय नगर पर पार्किंग की जगह है क्या?,station_information:parking_space,SHENOY_NAGAR,station_information,,,,,False,hi,devanagari,template_combinatorial,train
चेन्नई बीच स्टेशन पर कितने प्रवेश और निकास द्वार (गेट) हैं?,station_information:entry_exit_gates,CHENNAI_BEACH,station_information,,,,,False,hi,devanagari,template_combinatorial,train
सीएमबीटी पर क्लॉक रूम या लॉकर सुविधा है?,station_information:cloak_room,CMBT,station_information,,,,,False,hi,devanagari,template_combinatorial,train
टी नगर स्टेशन पर एटीएम और टॉयलेट है क्या?,station_information:atm_toilet,NANDANAM,station_information,,,,,False,hi,devanagari,template_combinatorial,train
एग्मोर मेट्रो स्टेशन किस लाइन पर स्थित है?,station_information:line_color,CHENNAI_EGMORE,station_information,,,,,False,hi,devanagari,template_combinatorial,train
सेंट्रल रेलवे स्टेशन पर क्लॉक रूम या लॉकर सुविधा है?,station_information:cloak_room,CHENNAI_CENTRAL,station_information,,,,,False,hi,devanagari,template_combinatorial,train
shenoy nagar atm and washroom facility hai kya?,station_information:atm_toilet,SHENOY_NAGAR,station_information,,,,,False,hinglish,latin_hinglish,template_combinatorial,train
central railway station atm and washroom facility hai kya?,station_information:atm_toilet,CHENNAI_CENTRAL,station_information,,,,,False,hinglish,latin_hinglish,template_combinatorial,train
चेन्नई सेंट्रल पर पीने के पानी और प्रतीक्षालय की व्यवस्था है क्या?,station_information:water_waiting,CHENNAI_CENTRAL,station_information,,,,,False,hi,devanagari,template_combinatorial,train
ताम्बरम पर इंटरचेंज की सुविधा है क्या?,station_information:interchange_option,TAMBARAM,station_information,,,,,False,hi,devanagari,template_combinatorial,train
meenambakkam interchange options kya hai?,station_information:interchange_option,MEENAMBAKKAM,station_information,,,,,False,hinglish,latin_hinglish,template_combinatorial,train
लिटिल माउंट स्टेशन पर कितने प्रवेश और निकास द्वार (गेट) हैं?,station_information:entry_exit_gates,LITTLE_MOUNT,station_information,,,,,False,hi,devanagari,template_combinatorial,train
meenambakkam par parking available hai kya?,station_information:parking_space,MEENAMBAKKAM,station_information,,,,,False,hinglish,latin_hinglish,template_combinatorial,train
गिंडी पर इंटरचेंज की सुविधा है क्या?,station_information:interchange_option,GUINDY,station_information,,,,,False,hi,devanagari,template_combinatorial,train
ag dms metro station kis line par hai?,station_information:line_color,AG_DMS,station_information,,,,,False,hinglish,latin_hinglish,template_combinatorial,train
शेनॉय नगर पर इंटरचेंज की सुविधा है क्या?,station_information:interchange_option,SHENOY_NAGAR,station_information,,,,,False,hi,devanagari,template_combinatorial,train
गिंडी पर पीने के पानी और प्रतीक्षालय की व्यवस्था है क्या?,station_information:water_waiting,GUINDY,station_information,,,,,False,hi,devanagari,template_combinatorial,train
लिटिल माउंट पर पीने के पानी और प्रतीक्षालय की व्यवस्था है क्या?,station_information:water_waiting,LITTLE_MOUNT,station_information,,,,,False,hi,devanagari,template_combinatorial,train
थाउजेंड लाइट्स पर पीने के पानी और प्रतीक्षालय की व्यवस्था है क्या?,station_information:water_waiting,THOUSAND_LIGHTS,station_information,,,,,False,hi,devanagari,template_combinatorial,train
सैदापेट मेट्रो स्टेशन किस लाइन पर स्थित है?,station_information:line_color,SAIDAPET,station_information,,,,,False,hi,devanagari,template_combinatorial,train
koyambedu entry exit gates details?,station_information:entry_exit_gates,KOYAMBEDU,station_information,,,,,False,hinglish,latin_hinglish,template_combinatorial,train
लिटिल माउंट स्टेशन का पूरा पता और मुख्य क्षेत्र क्या है?,station_information:address_location,LITTLE_MOUNT,station_information,,,,,False,hi,devanagari,template_combinatorial,train
वेलाचेरी पर पीने के पानी और प्रतीक्षालय की व्यवस्था है क्या?,station_information:water_waiting,VELACHERY,station_information,,,,,False,hi,devanagari,template_combinatorial,train
high court metro station kis line par hai?,station_information:line_color,HIGH_COURT,station_information,,,,,False,hinglish,latin_hinglish,template_combinatorial,train
किल्पॉक पर क्लॉक रूम या लॉकर सुविधा है?,station_information:cloak_room,KILPAUK,station_information,,,,,False,hi,devanagari,template_combinatorial,train
थाउजेंड लाइट्स पर कौन-कौन सी लाइनों का जंक्शन है?,station_information:lines_junction,THOUSAND_LIGHTS,station_information,,,,,False,hi,devanagari,template_combinatorial,train
अन्ना नगर पर इंटरचेंज की सुविधा है क्या?,station_information:interchange_option,ANNA_NAGAR,station_information,,,,,False,hi,devanagari,template_combinatorial,train
central atm and washroom facility hai kya?,station_information:atm_toilet,CHENNAI_CENTRAL,station_information,,,,,False,hinglish,latin_hinglish,template_combinatorial,train
lic entry exit gates details?,station_information:entry_exit_gates,LIC,station_information,,,,,False,hinglish,latin_hinglish,template_combinatorial,train
आलंदूर मेट्रो स्टेशन किस लाइन पर स्थित है?,station_information:line_color,ALANDUR,station_information,,,,,False,hi,devanagari,template_combinatorial,train
चेन्नई बीच पर कौन-कौन सी लाइनों का जंक्शन है?,station_information:lines_junction,CHENNAI_BEACH,station_information,,,,,False,hi,devanagari,template_combinatorial,train
thousand lights interchange options kya hai?,station_information:interchange_option,THOUSAND_LIGHTS,station_information,,,,,False,hinglish,latin_hinglish,template_combinatorial,train
anna nagar metro station kis line par hai?,station_information:line_color,ANNA_NAGAR,station_information,,,,,False,hinglish,latin_hinglish,template_combinatorial,train
ag dms par parking available hai kya?,station_information:parking_space,AG_DMS,station_information,,,,,False,hinglish,latin_hinglish,template_combinatorial,train
नेहरू पार्क के पास कौन सा बस स्टॉप या मेट्रो स्टेशन है?,station_information:nearby_transit,NEHRU_PARK,station_information,,,,,False,hi,devanagari,template_combinatorial,train
एग्मोर पर पार्किंग की जगह है क्या?,station_information:parking_space,CHENNAI_EGMORE,station_information,,,,,False,hi,devanagari,template_combinatorial,train
एजी-डीएमएस स्टेशन पर कितने प्रवेश और निकास द्वार (गेट) हैं?,station_information:entry_exit_gates,AG_DMS,station_information,,,,,False,hi,devanagari,template_combinatorial,train
anna nagar nearby landmarks and bus stand details?,station_information:nearby_transit,ANNA_NAGAR,station_information,,,,,False,hinglish,latin_hinglish,template_combinatorial,train
सेंट थॉमस माउंट पर कौन-कौन सी लाइनों का जंक्शन है?,station_information:lines_junction,ST_THOMAS_MOUNT,station_information,,,,,False,hi,devanagari,template_combinatorial,train
नेहरू पार्क स्टेशन पर एटीएम और टॉयलेट है क्या?,station_information:atm_toilet,NEHRU_PARK,station_information,,,,,False,hi,devanagari,template_combinatorial,train
किल्पॉक पर पार्किंग की जगह है क्या?,station_information:parking_space,KILPAUK,station_information,,,,,False,hi,devanagari,template_combinatorial,train
हाई कोर्ट पर फर्स्ट एड या आपातकालीन चिकित्सा कक्ष है क्या?,station_information:first_aid,HIGH_COURT,station_information,,,,,False,hi,devanagari,template_combinatorial,train
सेंट्रल पर कौन-कौन सी लाइनों का जंक्शन है?,station_information:lines_junction,CHENNAI_CENTRAL,station_information,,,,,False,hi,devanagari,template_combinatorial,train
थाउजेंड लाइट्स स्टेशन पर कितने प्रवेश और निकास द्वार (गेट) हैं?,station_information:entry_exit_gates,THOUSAND_LIGHTS,station_information,,,,,False,hi,devanagari,template_combinatorial,train
चेन्नई बीच स्टेशन का पूरा पता और मुख्य क्षेत्र क्या है?,station_information:address_location,CHENNAI_BEACH,station_information,,,,,False,hi,devanagari,template_combinatorial,train
गवर्नमेंट एस्टेट स्टेशन का पूरा पता और मुख्य क्षेत्र क्या है?,station_information:address_location,GOVERNMENT_ESTATE,station_information,,,,,False,hi,devanagari,template_combinatorial,train
वडापलानी पर पार्किंग की जगह है क्या?,station_information:parking_space,VADAPALANI,station_information,,,,,False,hi,devanagari,template_combinatorial,train
airport par parking available hai kya?,station_information:parking_space,CHENNAI_AIRPORT,station_information,,,,,False,hinglish,latin_hinglish,template_combinatorial,train
लिटिल माउंट पर इंटरचेंज की सुविधा है क्या?,station_information:interchange_option,LITTLE_MOUNT,station_information,,,,,False,hi,devanagari,template_combinatorial,train
कोयम्बेडु मार्केट पर पार्किंग की जगह है क्या?,station_information:parking_space,KOYAMBEDU,station_information,,,,,False,hi,devanagari,template_combinatorial,train
guindy entry exit gates details?,station_information:entry_exit_gates,GUINDY,station_information,,,,,False,hinglish,latin_hinglish,template_combinatorial,train
nandanam nearby landmarks and bus stand details?,station_information:nearby_transit,NANDANAM,station_information,,,,,False,hinglish,latin_hinglish,template_combinatorial,train
आलंदूर स्टेशन पर एटीएम और टॉयलेट है क्या?,station_information:atm_toilet,ALANDUR,station_information,,,,,False,hi,devanagari,template_combinatorial,train
चेन्नई एयरपोर्ट स्टेशन पर कितने प्रवेश और निकास द्वार (गेट) हैं?,station_information:entry_exit_gates,CHENNAI_AIRPORT,station_information,,,,,False,hi,devanagari,template_combinatorial,train
एग्मोर पर कौन-कौन सी लाइनों का जंक्शन है?,station_information:lines_junction,CHENNAI_EGMORE,station_information,,,,,False,hi,devanagari,template_combinatorial,train
सीएमबीटी पर पार्किंग की जगह है क्या?,station_information:parking_space,CMBT,station_information,,,,,False,hi,devanagari,template_combinatorial,train
central railway station par parking available hai kya?,station_information:parking_space,CHENNAI_CENTRAL,station_information,,,,,False,hinglish,latin_hinglish,template_combinatorial,train
सीएमबीटी स्टेशन का पूरा पता और मुख्य क्षेत्र क्या है?,station_information:address_location,CMBT,station_information,,,,,False,hi,devanagari,template_combinatorial,train
लिटिल माउंट मेट्रो स्टेशन किस लाइन पर स्थित है?,station_information:line_color,LITTLE_MOUNT,station_information,,,,,False,hi,devanagari,template_combinatorial,train
nandanam atm and washroom facility hai kya?,station_information:atm_toilet,NANDANAM,station_information,,,,,False,hinglish,latin_hinglish,template_combinatorial,train
koyambedu metro station kis line par hai?,station_information:line_color,KOYAMBEDU,station_information,,,,,False,hinglish,latin_hinglish,template_combinatorial,train
vadapalani metro station kis line par hai?,station_information:line_color,VADAPALANI,station_information,,,,,False,hinglish,latin_hinglish,template_combinatorial,train
कोयम्बेडु मार्केट के पास कौन सा बस स्टॉप या मेट्रो स्टेशन है?,station_information:nearby_transit,KOYAMBEDU,station_information,,,,,False,hi,devanagari,template_combinatorial,train
सैदापेट स्टेशन पर एटीएम और टॉयलेट है क्या?,station_information:atm_toilet,SAIDAPET,station_information,,,,,False,hi,devanagari,template_combinatorial,train
guindy interchange options kya hai?,station_information:interchange_option,GUINDY,station_information,,,,,False,hinglish,latin_hinglish,template_combinatorial,train
एयरपोर्ट पर इंटरचेंज की सुविधा है क्या?,station_information:interchange_option,CHENNAI_AIRPORT,station_information,,,,,False,hi,devanagari,template_combinatorial,train
kilpauk atm and washroom facility hai kya?,station_information:atm_toilet,KILPAUK,station_information,,,,,False,hinglish,latin_hinglish,template_combinatorial,train
airport interchange options kya hai?,station_information:interchange_option,CHENNAI_AIRPORT,station_information,,,,,False,hinglish,latin_hinglish,template_combinatorial,train
गिंडी स्टेशन पर एटीएम और टॉयलेट है क्या?,station_information:atm_toilet,GUINDY,station_information,,,,,False,hi,devanagari,template_combinatorial,train
cmbt par parking available hai kya?,station_information:parking_space,CMBT,station_information,,,,,False,hinglish,latin_hinglish,template_combinatorial,train
vadapalani nearby landmarks and bus stand details?,station_information:nearby_transit,VADAPALANI,station_information,,,,,False,hinglish,latin_hinglish,template_combinatorial,train
सैदापेट स्टेशन पर कितने प्रवेश और निकास द्वार (गेट) हैं?,station_information:entry_exit_gates,SAIDAPET,station_information,,,,,False,hi,devanagari,template_combinatorial,train
तेनामपेट स्टेशन का पूरा पता और मुख्य क्षेत्र क्या है?,station_information:address_location,TEYNAMPET,station_information,,,,,False,hi,devanagari,template_combinatorial,train
वडापलानी पर क्लॉक रूम या लॉकर सुविधा है?,station_information:cloak_room,VADAPALANI,station_information,,,,,False,hi,devanagari,template_combinatorial,train
वेलाचेरी पर पार्किंग की जगह है क्या?,station_information:parking_space,VELACHERY,station_information,,,,,False,hi,devanagari,template_combinatorial,train
एलआईसी पर कौन-कौन सी लाइनों का जंक्शन है?,station_information:lines_junction,LIC,station_information,,,,,False,hi,devanagari,template_combinatorial,train
मीनांबक्कम पर क्लॉक रूम या लॉकर सुविधा है?,station_information:cloak_room,MEENAMBAKKAM,station_information,,,,,False,hi,devanagari,template_combinatorial,train
velachery nearby landmarks and bus stand details?,station_information:nearby_transit,VELACHERY,station_information,,,,,False,hinglish,latin_hinglish,template_combinatorial,train
किल्पॉक स्टेशन का पूरा पता और मुख्य क्षेत्र क्या है?,station_information:address_location,KILPAUK,station_information,,,,,False,hi,devanagari,template_combinatorial,train
तेनामपेट मेट्रो स्टेशन किस लाइन पर स्थित है?,station_information:line_color,TEYNAMPET,station_information,,,,,False,hi,devanagari,template_combinatorial,train
सेंट्रल के पास कौन सा बस स्टॉप या मेट्रो स्टेशन है?,station_information:nearby_transit,CHENNAI_CENTRAL,station_information,,,,,False,hi,devanagari,template_combinatorial,train
chennai beach atm and washroom facility hai kya?,station_information:atm_toilet,CHENNAI_BEACH,station_information,,,,,False,hinglish,latin_hinglish,template_combinatorial,train
chennai central interchange options kya hai?,station_information:interchange_option,CHENNAI_CENTRAL,station_information,,,,,False,hinglish,latin_hinglish,template_combinatorial,train
chennai beach entry exit gates details?,station_information:entry_exit_gates,CHENNAI_BEACH,station_information,,,,,False,hinglish,latin_hinglish,template_combinatorial,train
government estate metro station kis line par hai?,station_information:line_color,GOVERNMENT_ESTATE,station_information,,,,,False,hinglish,latin_hinglish,template_combinatorial,train
thirumangalam entry exit gates details?,station_information:entry_exit_gates,THIRUMANGALAM,station_information,,,,,False,hinglish,latin_hinglish,template_combinatorial,train
st thomas mount metro station kis line par hai?,station_information:line_color,ST_THOMAS_MOUNT,station_information,,,,,False,hinglish,latin_hinglish,template_combinatorial,train
सैदापेट पर फर्स्ट एड या आपातकालीन चिकित्सा कक्ष है क्या?,station_information:first_aid,SAIDAPET,station_information,,,,,False,hi,devanagari,template_combinatorial,train
टी नगर पर पीने के पानी और प्रतीक्षालय की व्यवस्था है क्या?,station_information:water_waiting,NANDANAM,station_information,,,,,False,hi,devanagari,template_combinatorial,train
हाई कोर्ट स्टेशन का पूरा पता और मुख्य क्षेत्र क्या है?,station_information:address_location,HIGH_COURT,station_information,,,,,False,hi,devanagari,template_combinatorial,train
alandur interchange options kya hai?,station_information:interchange_option,ALANDUR,station_information,,,,,False,hinglish,latin_hinglish,template_combinatorial,train
चेन्नई एयरपोर्ट के पास कौन सा बस स्टॉप या मेट्रो स्टेशन है?,station_information:nearby_transit,CHENNAI_AIRPORT,station_information,,,,,False,hi,devanagari,template_combinatorial,train
chennai egmore par parking available hai kya?,station_information:parking_space,CHENNAI_EGMORE,station_information,,,,,False,hinglish,latin_hinglish,template_combinatorial,train
vadapalani atm and washroom facility hai kya?,station_information:atm_toilet,VADAPALANI,station_information,,,,,False,hinglish,latin_hinglish,template_combinatorial,train
सेंट्रल पर इंटरचेंज की सुविधा है क्या?,station_information:interchange_option,CHENNAI_CENTRAL,station_information,,,,,False,hi,devanagari,template_combinatorial,train
tambaram entry exit gates details?,station_information:entry_exit_gates,TAMBARAM,station_information,,,,,False,hinglish,latin_hinglish,template_combinatorial,train
गिंडी पर पार्किंग की जगह है क्या?,station_information:parking_space,GUINDY,station_information,,,,,False,hi,devanagari,template_combinatorial,train
chennai beach metro station kis line par hai?,station_information:line_color,CHENNAI_BEACH,station_information,,,,,False,hinglish,latin_hinglish,template_combinatorial,train
गिंडी पर कौन-कौन सी लाइनों का जंक्शन है?,station_information:lines_junction,GUINDY,station_information,,,,,False,hi,devanagari,template_combinatorial,train
lic atm and washroom facility hai kya?,station_information:atm_toilet,LIC,station_information,,,,,False,hinglish,latin_hinglish,template_combinatorial,train
चेन्नई एयरपोर्ट स्टेशन का पूरा पता और मुख्य क्षेत्र क्या है?,station_information:address_location,CHENNAI_AIRPORT,station_information,,,,,False,hi,devanagari,template_combinatorial,train
alandur par parking available hai kya?,station_information:parking_space,ALANDUR,station_information,,,,,False,hinglish,latin_hinglish,template_combinatorial,train
अशोक नगर के पास कौन सा बस स्टॉप या मेट्रो स्टेशन है?,station_information:nearby_transit,ASHOK_NAGAR,station_information,,,,,False,hi,devanagari,template_combinatorial,train
गवर्नमेंट एस्टेट पर इंटरचेंज की सुविधा है क्या?,station_information:interchange_option,GOVERNMENT_ESTATE,station_information,,,,,False,hi,devanagari,template_combinatorial,train
shenoy nagar interchange options kya hai?,station_information:interchange_option,SHENOY_NAGAR,station_information,,,,,False,hinglish,latin_hinglish,template_combinatorial,train
तिरुमंगलम के पास कौन सा बस स्टॉप या मेट्रो स्टेशन है?,station_information:nearby_transit,THIRUMANGALAM,station_information,,,,,False,hi,devanagari,template_combinatorial,train
saidapet atm and washroom facility hai kya?,station_information:atm_toilet,SAIDAPET,station_information,,,,,False,hinglish,latin_hinglish,template_combinatorial,train
सीएमबीटी पर पीने के पानी और प्रतीक्षालय की व्यवस्था है क्या?,station_information:water_waiting,CMBT,station_information,,,,,False,hi,devanagari,template_combinatorial,train
शेनॉय नगर पर कौन-कौन सी लाइनों का जंक्शन है?,station_information:lines_junction,SHENOY_NAGAR,station_information,,,,,False,hi,devanagari,template_combinatorial,train
तिरुमंगलम पर पीने के पानी और प्रतीक्षालय की व्यवस्था है क्या?,station_information:water_waiting,THIRUMANGALAM,station_information,,,,,False,hi,devanagari,template_combinatorial,train
central railway station metro station kis line par hai?,station_information:line_color,CHENNAI_CENTRAL,station_information,,,,,False,hinglish,latin_hinglish,template_combinatorial,train
गिंडी मेट्रो स्टेशन किस लाइन पर स्थित है?,station_information:line_color,GUINDY,station_information,,,,,False,hi,devanagari,template_combinatorial,train
अशोक नगर स्टेशन का पूरा पता और मुख्य क्षेत्र क्या है?,station_information:address_location,ASHOK_NAGAR,station_information,,,,,False,hi,devanagari,template_combinatorial,train
lic par parking available hai kya?,station_information:parking_space,LIC,station_information,,,,,False,hinglish,latin_hinglish,template_combinatorial,train
government estate entry exit gates details?,station_information:entry_exit_gates,GOVERNMENT_ESTATE,station_information,,,,,False,hinglish,latin_hinglish,template_combinatorial,train
सीएमबीटी स्टेशन पर एटीएम और टॉयलेट है क्या?,station_information:atm_toilet,CMBT,station_information,,,,,False,hi,devanagari,template_combinatorial,train
little mount nearby landmarks and bus stand details?,station_information:nearby_transit,LITTLE_MOUNT,station_information,,,,,False,hinglish,latin_hinglish,template_combinatorial,train
तेनामपेट स्टेशन पर कितने प्रवेश और निकास द्वार (गेट) हैं?,station_information:entry_exit_gates,TEYNAMPET,station_information,,,,,False,hi,devanagari,template_combinatorial,train
वेलाचेरी स्टेशन का पूरा पता और मुख्य क्षेत्र क्या है?,station_information:address_location,VELACHERY,station_information,,,,,False,hi,devanagari,template_combinatorial,train
वडापलानी पर कौन-कौन सी लाइनों का जंक्शन है?,station_information:lines_junction,VADAPALANI,station_information,,,,,False,hi,devanagari,template_combinatorial,train
anna nagar interchange options kya hai?,station_information:interchange_option,ANNA_NAGAR,station_information,,,,,False,hinglish,latin_hinglish,template_combinatorial,train
मीनांबक्कम स्टेशन पर कितने प्रवेश और निकास द्वार (गेट) हैं?,station_information:entry_exit_gates,MEENAMBAKKAM,station_information,,,,,False,hi,devanagari,template_combinatorial,train
cmbt nearby landmarks and bus stand details?,station_information:nearby_transit,CMBT,station_information,,,,,False,hinglish,latin_hinglish,template_combinatorial,train
chennai egmore entry exit gates details?,station_information:entry_exit_gates,CHENNAI_EGMORE,station_information,,,,,False,hinglish,latin_hinglish,template_combinatorial,train
कोयम्बेडु मार्केट स्टेशन पर एटीएम और टॉयलेट है क्या?,station_information:atm_toilet,KOYAMBEDU,station_information,,,,,False,hi,devanagari,template_combinatorial,train
थाउजेंड लाइट्स स्टेशन का पूरा पता और मुख्य क्षेत्र क्या है?,station_information:address_location,THOUSAND_LIGHTS,station_information,,,,,False,hi,devanagari,template_combinatorial,train
चेन्नई एयरपोर्ट पर कौन-कौन सी लाइनों का जंक्शन है?,station_information:lines_junction,CHENNAI_AIRPORT,station_information,,,,,False,hi,devanagari,template_combinatorial,train
गवर्नमेंट एस्टेट के पास कौन सा बस स्टॉप या मेट्रो स्टेशन है?,station_information:nearby_transit,GOVERNMENT_ESTATE,station_information,,,,,False,hi,devanagari,template_combinatorial,train
lic interchange options kya hai?,station_information:interchange_option,LIC,station_information,,,,,False,hinglish,latin_hinglish,template_combinatorial,train
teynampet atm and washroom facility hai kya?,station_information:atm_toilet,TEYNAMPET,station_information,,,,,False,hinglish,latin_hinglish,template_combinatorial,train
cmbt entry exit gates details?,station_information:entry_exit_gates,CMBT,station_information,,,,,False,hinglish,latin_hinglish,template_combinatorial,train
ashok nagar entry exit gates details?,station_information:entry_exit_gates,ASHOK_NAGAR,station_information,,,,,False,hinglish,latin_hinglish,template_combinatorial,train
central nearby landmarks and bus stand details?,station_information:nearby_transit,CHENNAI_CENTRAL,station_information,,,,,False,hinglish,latin_hinglish,template_combinatorial,train
alandur nearby landmarks and bus stand details?,station_information:nearby_transit,ALANDUR,station_information,,,,,False,hinglish,latin_hinglish,template_combinatorial,train
गवर्नमेंट एस्टेट पर क्लॉक रूम या लॉकर सुविधा है?,station_information:cloak_room,GOVERNMENT_ESTATE,station_information,,,,,False,hi,devanagari,template_combinatorial,train
चेन्नई बीच पर पीने के पानी और प्रतीक्षालय की व्यवस्था है क्या?,station_information:water_waiting,CHENNAI_BEACH,station_information,,,,,False,hi,devanagari,template_combinatorial,train
सेंट्रल रेलवे स्टेशन स्टेशन का पूरा पता और मुख्य क्षेत्र क्या है?,station_information:address_location,CHENNAI_CENTRAL,station_information,,,,,False,hi,devanagari,template_combinatorial,train
airport atm and washroom facility hai kya?,station_information:atm_toilet,CHENNAI_AIRPORT,station_information,,,,,False,hinglish,latin_hinglish,template_combinatorial,train
थाउजेंड लाइट्स पर पार्किंग की जगह है क्या?,station_information:parking_space,THOUSAND_LIGHTS,station_information,,,,,False,hi,devanagari,template_combinatorial,train
high court nearby landmarks and bus stand details?,station_information:nearby_transit,HIGH_COURT,station_information,,,,,False,hinglish,latin_hinglish,template_combinatorial,train
saidapet par parking available hai kya?,station_information:parking_space,SAIDAPET,station_information,,,,,False,hinglish,latin_hinglish,template_combinatorial,train
thousand lights nearby landmarks and bus stand details?,station_information:nearby_transit,THOUSAND_LIGHTS,station_information,,,,,False,hinglish,latin_hinglish,template_combinatorial,train
lic metro station kis line par hai?,station_information:line_color,LIC,station_information,,,,,False,hinglish,latin_hinglish,template_combinatorial,train
वेलाचेरी स्टेशन पर कितने प्रवेश और निकास द्वार (गेट) हैं?,station_information:entry_exit_gates,VELACHERY,station_information,,,,,False,hi,devanagari,template_combinatorial,train
मीनांबक्कम पर फर्स्ट एड या आपातकालीन चिकित्सा कक्ष है क्या?,station_information:first_aid,MEENAMBAKKAM,station_information,,,,,False,hi,devanagari,template_combinatorial,train
एयरपोर्ट स्टेशन पर कितने प्रवेश और निकास द्वार (गेट) हैं?,station_information:entry_exit_gates,CHENNAI_AIRPORT,station_information,,,,,False,hi,devanagari,template_combinatorial,train
government estate par parking available hai kya?,station_information:parking_space,GOVERNMENT_ESTATE,station_information,,,,,False,hinglish,latin_hinglish,template_combinatorial,train
वडापलानी स्टेशन पर कितने प्रवेश और निकास द्वार (गेट) हैं?,station_information:entry_exit_gates,VADAPALANI,station_information,,,,,False,hi,devanagari,template_combinatorial,train
हवाई अड्डा पर कौन-कौन सी लाइनों का जंक्शन है?,station_information:lines_junction,CHENNAI_AIRPORT,station_information,,,,,False,hi,devanagari,template_combinatorial,train
तेनामपेट पर इंटरचेंज की सुविधा है क्या?,station_information:interchange_option,TEYNAMPET,station_information,,,,,False,hi,devanagari,template_combinatorial,train
एग्मोर पर इंटरचेंज की सुविधा है क्या?,station_information:interchange_option,CHENNAI_EGMORE,station_information,,,,,False,hi,devanagari,template_combinatorial,train
टी नगर स्टेशन पर कितने प्रवेश और निकास द्वार (गेट) हैं?,station_information:entry_exit_gates,NANDANAM,station_information,,,,,False,hi,devanagari,template_combinatorial,train
अन्ना नगर पर पीने के पानी और प्रतीक्षालय की व्यवस्था है क्या?,station_information:water_waiting,ANNA_NAGAR,station_information,,,,,False,hi,devanagari,template_combinatorial,train
चेन्नई सेंट्रल स्टेशन का पूरा पता और मुख्य क्षेत्र क्या है?,station_information:address_location,CHENNAI_CENTRAL,station_information,,,,,False,hi,devanagari,template_combinatorial,train
टी नगर के पास कौन सा बस स्टॉप या मेट्रो स्टेशन है?,station_information:nearby_transit,NANDANAM,station_information,,,,,False,hi,devanagari,template_combinatorial,train
आलंदूर स्टेशन का पूरा पता और मुख्य क्षेत्र क्या है?,station_information:address_location,ALANDUR,station_information,,,,,False,hi,devanagari,template_combinatorial,train
शेनॉय नगर मेट्रो स्टेशन किस लाइन पर स्थित है?,station_information:line_color,SHENOY_NAGAR,station_information,,,,,False,hi,devanagari,template_combinatorial,train
thousand lights atm and washroom facility hai kya?,station_information:atm_toilet,THOUSAND_LIGHTS,station_information,,,,,False,hinglish,latin_hinglish,template_combinatorial,train
saidapet entry exit gates details?,station_information:entry_exit_gates,SAIDAPET,station_information,,,,,False,hinglish,latin_hinglish,template_combinatorial,train
शेनॉय नगर के पास कौन सा बस स्टॉप या मेट्रो स्टेशन है?,station_information:nearby_transit,SHENOY_NAGAR,station_information,,,,,False,hi,devanagari,template_combinatorial,train
लिटिल माउंट स्टेशन पर एटीएम और टॉयलेट है क्या?,station_information:atm_toilet,LITTLE_MOUNT,station_information,,,,,False,hi,devanagari,template_combinatorial,train
हाई कोर्ट पर कौन-कौन सी लाइनों का जंक्शन है?,station_information:lines_junction,HIGH_COURT,station_information,,,,,False,hi,devanagari,template_combinatorial,train
koyambedu nearby landmarks and bus stand details?,station_information:nearby_transit,KOYAMBEDU,station_information,,,,,False,hinglish,latin_hinglish,template_combinatorial,train
teynampet interchange options kya hai?,station_information:interchange_option,TEYNAMPET,station_information,,,,,False,hinglish,latin_hinglish,template_combinatorial,train
आलंदूर पर क्लॉक रूम या लॉकर सुविधा है?,station_information:cloak_room,ALANDUR,station_information,,,,,False,hi,devanagari,template_combinatorial,train
airport entry exit gates details?,station_information:entry_exit_gates,CHENNAI_AIRPORT,station_information,,,,,False,hinglish,latin_hinglish,template_combinatorial,train
अशोक नगर पर पीने के पानी और प्रतीक्षालय की व्यवस्था है क्या?,station_information:water_waiting,ASHOK_NAGAR,station_information,,,,,False,hi,devanagari,template_combinatorial,train
थाउजेंड लाइट्स मेट्रो स्टेशन किस लाइन पर स्थित है?,station_information:line_color,THOUSAND_LIGHTS,station_information,,,,,False,hi,devanagari,template_combinatorial,train
नंदनम स्टेशन पर एटीएम और टॉयलेट है क्या?,station_information:atm_toilet,NANDANAM,station_information,,,,,False,hi,devanagari,template_combinatorial,train
government estate atm and washroom facility hai kya?,station_information:atm_toilet,GOVERNMENT_ESTATE,station_information,,,,,False,hinglish,latin_hinglish,template_combinatorial,train
एलआईसी पर पार्किंग की जगह है क्या?,station_information:parking_space,LIC,station_information,,,,,False,hi,devanagari,template_combinatorial,train
एजी-डीएमएस पर कौन-कौन सी लाइनों का जंक्शन है?,station_information:lines_junction,AG_DMS,station_information,,,,,False,hi,devanagari,template_combinatorial,train
ताम्बरम स्टेशन पर कितने प्रवेश और निकास द्वार (गेट) हैं?,station_information:entry_exit_gates,TAMBARAM,station_information,,,,,False,hi,devanagari,template_combinatorial,train
egmore metro station kis line par hai?,station_information:line_color,CHENNAI_EGMORE,station_information,,,,,False,hinglish,latin_hinglish,template_combinatorial,train
टी नगर पर इंटरचेंज की सुविधा है क्या?,station_information:interchange_option,NANDANAM,station_information,,,,,False,hi,devanagari,template_combinatorial,train
हवाई अड्डा मेट्रो स्टेशन किस लाइन पर स्थित है?,station_information:line_color,CHENNAI_AIRPORT,station_information,,,,,False,hi,devanagari,template_combinatorial,train
सीएमबीटी पर फर्स्ट एड या आपातकालीन चिकित्सा कक्ष है क्या?,station_information:first_aid,CMBT,station_information,,,,,False,hi,devanagari,template_combinatorial,train
chennai central par parking available hai kya?,station_information:parking_space,CHENNAI_CENTRAL,station_information,,,,,False,hinglish,latin_hinglish,template_combinatorial,train
एजी-डीएमएस पर पीने के पानी और प्रतीक्षालय की व्यवस्था है क्या?,station_information:water_waiting,AG_DMS,station_information,,,,,False,hi,devanagari,template_combinatorial,train
सैदापेट स्टेशन का पूरा पता और मुख्य क्षेत्र क्या है?,station_information:address_location,SAIDAPET,station_information,,,,,False,hi,devanagari,template_combinatorial,train
एजी-डीएमएस पर क्लॉक रूम या लॉकर सुविधा है?,station_information:cloak_room,AG_DMS,station_information,,,,,False,hi,devanagari,template_combinatorial,train
वेलाचेरी के पास कौन सा बस स्टॉप या मेट्रो स्टेशन है?,station_information:nearby_transit,VELACHERY,station_information,,,,,False,hi,devanagari,template_combinatorial,train
किल्पॉक पर इंटरचेंज की सुविधा है क्या?,station_information:interchange_option,KILPAUK,station_information,,,,,False,hi,devanagari,template_combinatorial,train
little mount par parking available hai kya?,station_information:parking_space,LITTLE_MOUNT,station_information,,,,,False,hinglish,latin_hinglish,template_combinatorial,train
तिरुमंगलम पर क्लॉक रूम या लॉकर सुविधा है?,station_information:cloak_room,THIRUMANGALAM,station_information,,,,,False,hi,devanagari,template_combinatorial,train
central metro station kis line par hai?,station_information:line_color,CHENNAI_CENTRAL,station_information,,,,,False,hinglish,latin_hinglish,template_combinatorial,train
कोयम्बेडु मार्केट पर पीने के पानी और प्रतीक्षालय की व्यवस्था है क्या?,station_information:water_waiting,KOYAMBEDU,station_information,,,,,False,hi,devanagari,template_combinatorial,train
अशोक नगर मेट्रो स्टेशन किस लाइन पर स्थित है?,station_information:line_color,ASHOK_NAGAR,station_information,,,,,False,hi,devanagari,template_combinatorial,train
लिटिल माउंट पर कौन-कौन सी लाइनों का जंक्शन है?,station_information:lines_junction,LITTLE_MOUNT,station_information,,,,,False,hi,devanagari,template_combinatorial,train
लिटिल माउंट पर क्लॉक रूम या लॉकर सुविधा है?,station_information:cloak_room,LITTLE_MOUNT,station_information,,,,,False,hi,devanagari,template_combinatorial,train
चेन्नई सेंट्रल पर फर्स्ट एड या आपातकालीन चिकित्सा कक्ष है क्या?,station_information:first_aid,CHENNAI_CENTRAL,station_information,,,,,False,hi,devanagari,template_combinatorial,train
सेंट थॉमस माउंट पर क्लॉक रूम या लॉकर सुविधा है?,station_information:cloak_room,ST_THOMAS_MOUNT,station_information,,,,,False,hi,devanagari,template_combinatorial,train
chennai airport atm and washroom facility hai kya?,station_information:atm_toilet,CHENNAI_AIRPORT,station_information,,,,,False,hinglish,latin_hinglish,template_combinatorial,train
वेलाचेरी पर इंटरचेंज की सुविधा है क्या?,station_information:interchange_option,VELACHERY,station_information,,,,,False,hi,devanagari,template_combinatorial,train
ताम्बरम पर पार्किंग की जगह है क्या?,station_information:parking_space,TAMBARAM,station_information,,,,,False,hi,devanagari,template_combinatorial,train
एग्मोर पर फर्स्ट एड या आपातकालीन चिकित्सा कक्ष है क्या?,station_information:first_aid,CHENNAI_EGMORE,station_information,,,,,False,hi,devanagari,template_combinatorial,train
मीनांबक्कम के पास कौन सा बस स्टॉप या मेट्रो स्टेशन है?,station_information:nearby_transit,MEENAMBAKKAM,station_information,,,,,False,hi,devanagari,template_combinatorial,train
st thomas mount nearby landmarks and bus stand details?,station_information:nearby_transit,ST_THOMAS_MOUNT,station_information,,,,,False,hinglish,latin_hinglish,template_combinatorial,train
चेन्नई एग्मोर मेट्रो स्टेशन किस लाइन पर स्थित है?,station_information:line_color,CHENNAI_EGMORE,station_information,,,,,False,hi,devanagari,template_combinatorial,train
chennai beach par parking available hai kya?,station_information:parking_space,CHENNAI_BEACH,station_information,,,,,False,hinglish,latin_hinglish,template_combinatorial,train
हाई कोर्ट पर पार्किंग की जगह है क्या?,station_information:parking_space,HIGH_COURT,station_information,,,,,False,hi,devanagari,template_combinatorial,train
नंदनम पर पार्किंग की जगह है क्या?,station_information:parking_space,NANDANAM,station_information,,,,,False,hi,devanagari,template_combinatorial,train
एजी-डीएमएस स्टेशन पर एटीएम और टॉयलेट है क्या?,station_information:atm_toilet,AG_DMS,station_information,,,,,False,hi,devanagari,template_combinatorial,train
लिटिल माउंट के पास कौन सा बस स्टॉप या मेट्रो स्टेशन है?,station_information:nearby_transit,LITTLE_MOUNT,station_information,,,,,False,hi,devanagari,template_combinatorial,train
एग्मोर के पास कौन सा बस स्टॉप या मेट्रो स्टेशन है?,station_information:nearby_transit,CHENNAI_EGMORE,station_information,,,,,False,hi,devanagari,template_combinatorial,train
kilpauk par parking available hai kya?,station_information:parking_space,KILPAUK,station_information,,,,,False,hinglish,latin_hinglish,template_combinatorial,train
anna nagar atm and washroom facility hai kya?,station_information:atm_toilet,ANNA_NAGAR,station_information,,,,,False,hinglish,latin_hinglish,template_combinatorial,train
velachery metro station kis line par hai?,station_information:line_color,VELACHERY,station_information,,,,,False,hinglish,latin_hinglish,template_combinatorial,train
चेन्नई बीच स्टेशन पर एटीएम और टॉयलेट है क्या?,station_information:atm_toilet,CHENNAI_BEACH,station_information,,,,,False,hi,devanagari,template_combinatorial,train
वडापलानी स्टेशन का पूरा पता और मुख्य क्षेत्र क्या है?,station_information:address_location,VADAPALANI,station_information,,,,,False,hi,devanagari,template_combinatorial,train
ashok nagar metro station kis line par hai?,station_information:line_color,ASHOK_NAGAR,station_information,,,,,False,hinglish,latin_hinglish,template_combinatorial,train
airport metro station kis line par hai?,station_information:line_color,CHENNAI_AIRPORT,station_information,,,,,False,hinglish,latin_hinglish,template_combinatorial,train
लिटिल माउंट पर फर्स्ट एड या आपातकालीन चिकित्सा कक्ष है क्या?,station_information:first_aid,LITTLE_MOUNT,station_information,,,,,False,hi,devanagari,template_combinatorial,train
सैदापेट पर पार्किंग की जगह है क्या?,station_information:parking_space,SAIDAPET,station_information,,,,,False,hi,devanagari,template_combinatorial,train
shenoy nagar par parking available hai kya?,station_information:parking_space,SHENOY_NAGAR,station_information,,,,,False,hinglish,latin_hinglish,template_combinatorial,train
thirumangalam atm and washroom facility hai kya?,station_information:atm_toilet,THIRUMANGALAM,station_information,,,,,False,hinglish,latin_hinglish,template_combinatorial,train
अशोक नगर स्टेशन पर कितने प्रवेश और निकास द्वार (गेट) हैं?,station_information:entry_exit_gates,ASHOK_NAGAR,station_information,,,,,False,hi,devanagari,template_combinatorial,train
तिरुमंगलम स्टेशन का पूरा पता और मुख्य क्षेत्र क्या है?,station_information:address_location,THIRUMANGALAM,station_information,,,,,False,hi,devanagari,template_combinatorial,train
एग्मोर पर पीने के पानी और प्रतीक्षालय की व्यवस्था है क्या?,station_information:water_waiting,CHENNAI_EGMORE,station_information,,,,,False,hi,devanagari,template_combinatorial,train
टी नगर पर पार्किंग की जगह है क्या?,station_information:parking_space,NANDANAM,station_information,,,,,False,hi,devanagari,template_combinatorial,train
नेहरू पार्क पर कौन-कौन सी लाइनों का जंक्शन है?,station_information:lines_junction,NEHRU_PARK,station_information,,,,,False,hi,devanagari,template_combinatorial,train
कोयम्बेडु मार्केट पर फर्स्ट एड या आपातकालीन चिकित्सा कक्ष है क्या?,station_information:first_aid,KOYAMBEDU,station_information,,,,,False,hi,devanagari,template_combinatorial,train
टी नगर पर क्लॉक रूम या लॉकर सुविधा है?,station_information:cloak_room,NANDANAM,station_information,,,,,False,hi,devanagari,template_combinatorial,train
t nagar entry exit gates details?,station_information:entry_exit_gates,NANDANAM,station_information,,,,,False,hinglish,latin_hinglish,template_combinatorial,train
कोयम्बेडु मार्केट स्टेशन पर कितने प्रवेश और निकास द्वार (गेट) हैं?,station_information:entry_exit_gates,KOYAMBEDU,station_information,,,,,False,hi,devanagari,template_combinatorial,train
velachery interchange options kya hai?,station_information:interchange_option,VELACHERY,station_information,,,,,False,hinglish,latin_hinglish,template_combinatorial,train
central par parking available hai kya?,station_information:parking_space,CHENNAI_CENTRAL,station_information,,,,,False,hinglish,latin_hinglish,template_combinatorial,train
अशोक नगर पर क्लॉक रूम या लॉकर सुविधा है?,station_information:cloak_room,ASHOK_NAGAR,station_information,,,,,False,hi,devanagari,template_combinatorial,train
आलंदूर पर पीने के पानी और प्रतीक्षालय की व्यवस्था है क्या?,station_information:water_waiting,ALANDUR,station_information,,,,,False,hi,devanagari,template_combinatorial,train
high court par parking available hai kya?,station_information:parking_space,HIGH_COURT,station_information,,,,,False,hinglish,latin_hinglish,template_combinatorial,train
kilpauk metro station kis line par hai?,station_information:line_color,KILPAUK,station_information,,,,,False,hinglish,latin_hinglish,template_combinatorial,train
अशोक नगर पर फर्स्ट एड या आपातकालीन चिकित्सा कक्ष है क्या?,station_information:first_aid,ASHOK_NAGAR,station_information,,,,,False,hi,devanagari,template_combinatorial,train
tambaram par parking available hai kya?,station_information:parking_space,TAMBARAM,station_information,,,,,False,hinglish,latin_hinglish,template_combinatorial,train
एजी-डीएमएस के पास कौन सा बस स्टॉप या मेट्रो स्टेशन है?,station_information:nearby_transit,AG_DMS,station_information,,,,,False,hi,devanagari,template_combinatorial,train
एजी-डीएमएस पर पार्किंग की जगह है क्या?,station_information:parking_space,AG_DMS,station_information,,,,,False,hi,devanagari,template_combinatorial,train
chennai central nearby landmarks and bus stand details?,station_information:nearby_transit,CHENNAI_CENTRAL,station_information,,,,,False,hinglish,latin_hinglish,template_combinatorial,train
एयरपोर्ट पर पीने के पानी और प्रतीक्षालय की व्यवस्था है क्या?,station_information:water_waiting,CHENNAI_AIRPORT,station_information,,,,,False,hi,devanagari,template_combinatorial,train
cmbt atm and washroom facility hai kya?,station_information:atm_toilet,CMBT,station_information,,,,,False,hinglish,latin_hinglish,template_combinatorial,train
alandur metro station kis line par hai?,station_information:line_color,ALANDUR,station_information,,,,,False,hinglish,latin_hinglish,template_combinatorial,train
अन्ना नगर स्टेशन पर एटीएम और टॉयलेट है क्या?,station_information:atm_toilet,ANNA_NAGAR,station_information,,,,,False,hi,devanagari,template_combinatorial,train
मीनांबक्कम स्टेशन का पूरा पता और मुख्य क्षेत्र क्या है?,station_information:address_location,MEENAMBAKKAM,station_information,,,,,False,hi,devanagari,template_combinatorial,train
नेहरू पार्क पर फर्स्ट एड या आपातकालीन चिकित्सा कक्ष है क्या?,station_information:first_aid,NEHRU_PARK,station_information,,,,,False,hi,devanagari,template_combinatorial,train
chennai central entry exit gates details?,station_information:entry_exit_gates,CHENNAI_CENTRAL,station_information,,,,,False,hinglish,latin_hinglish,template_combinatorial,train
शेनॉय नगर स्टेशन का पूरा पता और मुख्य क्षेत्र क्या है?,station_information:address_location,SHENOY_NAGAR,station_information,,,,,False,hi,devanagari,template_combinatorial,train
गिंडी पर क्लॉक रूम या लॉकर सुविधा है?,station_information:cloak_room,GUINDY,station_information,,,,,False,hi,devanagari,template_combinatorial,train
एग्मोर स्टेशन पर एटीएम और टॉयलेट है क्या?,station_information:atm_toilet,CHENNAI_EGMORE,station_information,,,,,False,hi,devanagari,template_combinatorial,train
एयरपोर्ट के पास कौन सा बस स्टॉप या मेट्रो स्टेशन है?,station_information:nearby_transit,CHENNAI_AIRPORT,station_information,,,,,False,hi,devanagari,template_combinatorial,train
cmbt metro station kis line par hai?,station_information:line_color,CMBT,station_information,,,,,False,hinglish,latin_hinglish,template_combinatorial,train
मीनांबक्कम मेट्रो स्टेशन किस लाइन पर स्थित है?,station_information:line_color,MEENAMBAKKAM,station_information,,,,,False,hi,devanagari,template_combinatorial,train
चेन्नई एग्मोर स्टेशन पर एटीएम और टॉयलेट है क्या?,station_information:atm_toilet,CHENNAI_EGMORE,station_information,,,,,False,hi,devanagari,template_combinatorial,train
egmore nearby landmarks and bus stand details?,station_information:nearby_transit,CHENNAI_EGMORE,station_information,,,,,False,hinglish,latin_hinglish,template_combinatorial,train
nandanam interchange options kya hai?,station_information:interchange_option,NANDANAM,station_information,,,,,False,hinglish,latin_hinglish,template_combinatorial,train
चेन्नई बीच पर पार्किंग की जगह है क्या?,station_information:parking_space,CHENNAI_BEACH,station_information,,,,,False,hi,devanagari,template_combinatorial,train
कोयम्बेडु स्टेशन पर एटीएम और टॉयलेट है क्या?,station_information:atm_toilet,KOYAMBEDU,station_information,,,,,False,hi,devanagari,template_combinatorial,train
vadapalani entry exit gates details?,station_information:entry_exit_gates,VADAPALANI,station_information,,,,,False,hinglish,latin_hinglish,template_combinatorial,train
सीएमबीटी पर कौन-कौन सी लाइनों का जंक्शन है?,station_information:lines_junction,CMBT,station_information,,,,,False,hi,devanagari,template_combinatorial,train
मीनांबक्कम पर इंटरचेंज की सुविधा है क्या?,station_information:interchange_option,MEENAMBAKKAM,station_information,,,,,False,hi,devanagari,template_combinatorial,train
vadapalani par parking available hai kya?,station_information:parking_space,VADAPALANI,station_information,,,,,False,hinglish,latin_hinglish,template_combinatorial,train
नेहरू पार्क स्टेशन पर कितने प्रवेश और निकास द्वार (गेट) हैं?,station_information:entry_exit_gates,NEHRU_PARK,station_information,,,,,False,hi,devanagari,template_combinatorial,train
सेंट थॉमस माउंट पर पीने के पानी और प्रतीक्षालय की व्यवस्था है क्या?,station_information:water_waiting,ST_THOMAS_MOUNT,station_information,,,,,False,hi,devanagari,template_combinatorial,train
सेंट्रल रेलवे स्टेशन स्टेशन पर कितने प्रवेश और निकास द्वार (गेट) हैं?,station_information:entry_exit_gates,CHENNAI_CENTRAL,station_information,,,,,False,hi,devanagari,template_combinatorial,train
सेंट्रल रेलवे स्टेशन मेट्रो स्टेशन किस लाइन पर स्थित है?,station_information:line_color,CHENNAI_CENTRAL,station_information,,,,,False,hi,devanagari,template_combinatorial,train
नेहरू पार्क पर इंटरचेंज की सुविधा है क्या?,station_information:interchange_option,NEHRU_PARK,station_information,,,,,False,hi,devanagari,template_combinatorial,train
किल्पॉक पर पीने के पानी और प्रतीक्षालय की व्यवस्था है क्या?,station_information:water_waiting,KILPAUK,station_information,,,,,False,hi,devanagari,template_combinatorial,train
आलंदूर के पास कौन सा बस स्टॉप या मेट्रो स्टेशन है?,station_information:nearby_transit,ALANDUR,station_information,,,,,False,hi,devanagari,template_combinatorial,train
शेनॉय नगर पर क्लॉक रूम या लॉकर सुविधा है?,station_information:cloak_room,SHENOY_NAGAR,station_information,,,,,False,hi,devanagari,template_combinatorial,train
तिरुमंगलम स्टेशन पर कितने प्रवेश और निकास द्वार (गेट) हैं?,station_information:entry_exit_gates,THIRUMANGALAM,station_information,,,,,False,hi,devanagari,template_combinatorial,train
अन्ना नगर के पास कौन सा बस स्टॉप या मेट्रो स्टेशन है?,station_information:nearby_transit,ANNA_NAGAR,station_information,,,,,False,hi,devanagari,template_combinatorial,train
तिरुमंगलम पर पार्किंग की जगह है क्या?,station_information:parking_space,THIRUMANGALAM,station_information,,,,,False,hi,devanagari,template_combinatorial,train
अशोक नगर पर पार्किंग की जगह है क्या?,station_information:parking_space,ASHOK_NAGAR,station_information,,,,,False,hi,devanagari,template_combinatorial,train
कोयम्बेडु मार्केट पर इंटरचेंज की सुविधा है क्या?,station_information:interchange_option,KOYAMBEDU,station_information,,,,,False,hi,devanagari,template_combinatorial,train
नंदनम स्टेशन का पूरा पता और मुख्य क्षेत्र क्या है?,station_information:address_location,NANDANAM,station_information,,,,,False,hi,devanagari,template_combinatorial,train
गवर्नमेंट एस्टेट स्टेशन पर कितने प्रवेश और निकास द्वार (गेट) हैं?,station_information:entry_exit_gates,GOVERNMENT_ESTATE,station_information,,,,,False,hi,devanagari,template_combinatorial,train
तेनामपेट स्टेशन पर एटीएम और टॉयलेट है क्या?,station_information:atm_toilet,TEYNAMPET,station_information,,,,,False,hi,devanagari,template_combinatorial,train
कोयम्बेडु पर पार्किंग की जगह है क्या?,station_information:parking_space,KOYAMBEDU,station_information,,,,,False,hi,devanagari,template_combinatorial,train
कोयम्बेडु मार्केट स्टेशन का पूरा पता और मुख्य क्षेत्र क्या है?,station_information:address_location,KOYAMBEDU,station_information,,,,,False,hi,devanagari,template_combinatorial,train
egmore entry exit gates details?,station_information:entry_exit_gates,CHENNAI_EGMORE,station_information,,,,,False,hinglish,latin_hinglish,template_combinatorial,train
किल्पॉक स्टेशन पर एटीएम और टॉयलेट है क्या?,station_information:atm_toilet,KILPAUK,station_information,,,,,False,hi,devanagari,template_combinatorial,train
सेंट्रल स्टेशन पर कितने प्रवेश और निकास द्वार (गेट) हैं?,station_information:entry_exit_gates,CHENNAI_CENTRAL,station_information,,,,,False,hi,devanagari,template_combinatorial,train
थाउजेंड लाइट्स के पास कौन सा बस स्टॉप या मेट्रो स्टेशन है?,station_information:nearby_transit,THOUSAND_LIGHTS,station_information,,,,,False,hi,devanagari,template_combinatorial,train
हाई कोर्ट के पास कौन सा बस स्टॉप या मेट्रो स्टेशन है?,station_information:nearby_transit,HIGH_COURT,station_information,,,,,False,hi,devanagari,template_combinatorial,train
हवाई अड्डा पर क्लॉक रूम या लॉकर सुविधा है?,station_information:cloak_room,CHENNAI_AIRPORT,station_information,,,,,False,hi,devanagari,template_combinatorial,train
सीएमबीटी स्टेशन पर कितने प्रवेश और निकास द्वार (गेट) हैं?,station_information:entry_exit_gates,CMBT,station_information,,,,,False,hi,devanagari,template_combinatorial,train
चेन्नई एयरपोर्ट पर क्लॉक रूम या लॉकर सुविधा है?,station_information:cloak_room,CHENNAI_AIRPORT,station_information,,,,,False,hi,devanagari,template_combinatorial,train
सैदापेट पर कौन-कौन सी लाइनों का जंक्शन है?,station_information:lines_junction,SAIDAPET,station_information,,,,,False,hi,devanagari,template_combinatorial,train
किल्पॉक के पास कौन सा बस स्टॉप या मेट्रो स्टेशन है?,station_information:nearby_transit,KILPAUK,station_information,,,,,False,hi,devanagari,template_combinatorial,train
thirumangalam par parking available hai kya?,station_information:parking_space,THIRUMANGALAM,station_information,,,,,False,hinglish,latin_hinglish,template_combinatorial,train
chennai egmore nearby landmarks and bus stand details?,station_information:nearby_transit,CHENNAI_EGMORE,station_information,,,,,False,hinglish,latin_hinglish,template_combinatorial,train
ताम्बरम के पास कौन सा बस स्टॉप या मेट्रो स्टेशन है?,station_information:nearby_transit,TAMBARAM,station_information,,,,,False,hi,devanagari,template_combinatorial,train
गिंडी स्टेशन पर कितने प्रवेश और निकास द्वार (गेट) हैं?,station_information:entry_exit_gates,GUINDY,station_information,,,,,False,hi,devanagari,template_combinatorial,train
तिरुमंगलम स्टेशन पर एटीएम और टॉयलेट है क्या?,station_information:atm_toilet,THIRUMANGALAM,station_information,,,,,False,hi,devanagari,template_combinatorial,train
tambaram interchange options kya hai?,station_information:interchange_option,TAMBARAM,station_information,,,,,False,hinglish,latin_hinglish,template_combinatorial,train
ताम्बरम स्टेशन का पूरा पता और मुख्य क्षेत्र क्या है?,station_information:address_location,TAMBARAM,station_information,,,,,False,hi,devanagari,template_combinatorial,train
chennai egmore metro station kis line par hai?,station_information:line_color,CHENNAI_EGMORE,station_information,,,,,False,hinglish,latin_hinglish,template_combinatorial,train
हाई कोर्ट स्टेशन पर एटीएम और टॉयलेट है क्या?,station_information:atm_toilet,HIGH_COURT,station_information,,,,,False,hi,devanagari,template_combinatorial,train
तेनामपेट पर पीने के पानी और प्रतीक्षालय की व्यवस्था है क्या?,station_information:water_waiting,TEYNAMPET,station_information,,,,,False,hi,devanagari,template_combinatorial,train
सेंट्रल रेलवे स्टेशन पर पीने के पानी और प्रतीक्षालय की व्यवस्था है क्या?,station_information:water_waiting,CHENNAI_CENTRAL,station_information,,,,,False,hi,devanagari,template_combinatorial,train
आलंदूर पर पार्किंग की जगह है क्या?,station_information:parking_space,ALANDUR,station_information,,,,,False,hi,devanagari,template_combinatorial,train
nehru park nearby landmarks and bus stand details?,station_information:nearby_transit,NEHRU_PARK,station_information,,,,,False,hinglish,latin_hinglish,template_combinatorial,train
nandanam metro station kis line par hai?,station_information:line_color,NANDANAM,station_information,,,,,False,hinglish,latin_hinglish,template_combinatorial,train
एग्मोर स्टेशन का पूरा पता और मुख्य क्षेत्र क्या है?,station_information:address_location,CHENNAI_EGMORE,station_information,,,,,False,hi,devanagari,template_combinatorial,train
थाउजेंड लाइट्स स्टेशन पर एटीएम और टॉयलेट है क्या?,station_information:atm_toilet,THOUSAND_LIGHTS,station_information,,,,,False,hi,devanagari,template_combinatorial,train
दिव्यांग यात्रियों के लिए ताम्बरम पर विशेष सहायता काउंटर है?,accessibility:special_assistance,TAMBARAM,accessibility,,,,wheelchair,False,hi,devanagari,template_combinatorial,train
क्या बुजुर्ग यात्री लिटिल माउंट पर व्हीलचेयर सहायता ले सकते हैं?,accessibility:senior_wheelchair,LITTLE_MOUNT,accessibility,,,,wheelchair,False,hi,devanagari,template_combinatorial,train
central railway station lift platform tak jaati hai kya?,accessibility:platform_lift,CHENNAI_CENTRAL,accessibility,,,,wheelchair,False,hinglish,latin_hinglish,template_combinatorial,train
क्या हवाई अड्डा पर दिव्यांगों के लिए रैंप और लिफ्ट है?,accessibility:lift_ramp_combo,CHENNAI_AIRPORT,accessibility,,,,wheelchair,False,hi,devanagari,template_combinatorial,train
nehru park par lift aur ramp facility hai kya?,accessibility:lift_ramp_combo,NEHRU_PARK,accessibility,,,,wheelchair,False,hinglish,latin_hinglish,template_combinatorial,train
क्या बुजुर्ग यात्री ताम्बरम पर व्हीलचेयर सहायता ले सकते हैं?,accessibility:senior_wheelchair,TAMBARAM,accessibility,,,,wheelchair,False,hi,devanagari,template_combinatorial,train
guindy par wheelchair available hai kya?,accessibility:wheelchair_basic,GUINDY,accessibility,,,,wheelchair,False,hinglish,latin_hinglish,template_combinatorial,train
alandur par disabled passengers ke liye special help hai kya?,accessibility:special_assistance,ALANDUR,accessibility,,,,wheelchair,False,hinglish,latin_hinglish,template_combinatorial,train
chennai egmore lift and escalator working status?,accessibility:escalator_working,CHENNAI_EGMORE,accessibility,,,,wheelchair,False,hinglish,latin_hinglish,template_combinatorial,train
kya ashok nagar accessible hai wheelchair ke liye?,accessibility:wheelchair_accessible,ASHOK_NAGAR,accessibility,,,,wheelchair,False,hinglish,latin_hinglish,template_combinatorial,train
क्या गिंडी व्हीलचेयर सुलभ स्टेशन है?,accessibility:wheelchair_accessible,GUINDY,accessibility,,,,wheelchair,False,hi,devanagari,template_combinatorial,train
नंदनम पर एस्केलेटर काम कर रहा है क्या?,accessibility:escalator_working,NANDANAM,accessibility,,,,wheelchair,False,hi,devanagari,template_combinatorial,train
is egmore metro station wheelchair friendly?,accessibility:wheelchair_friendly,CHENNAI_EGMORE,accessibility,,,,wheelchair,False,hinglish,latin_hinglish,template_combinatorial,train
मीनांबक्कम स्टेशन पर प्लेटफॉर्म तक जाने के लिए लिफ्ट है क्या?,accessibility:platform_lift,MEENAMBAKKAM,accessibility,,,,wheelchair,False,hi,devanagari,template_combinatorial,train
kya guindy accessible hai wheelchair ke liye?,accessibility:wheelchair_accessible,GUINDY,accessibility,,,,wheelchair,False,hinglish,latin_hinglish,template_combinatorial,train
चेन्नई एग्मोर पर एस्केलेटर काम कर रहा है क्या?,accessibility:escalator_working,CHENNAI_EGMORE,accessibility,,,,wheelchair,False,hi,devanagari,template_combinatorial,train
nandanam par lift aur ramp facility hai kya?,accessibility:lift_ramp_combo,NANDANAM,accessibility,,,,wheelchair,False,hinglish,latin_hinglish,template_combinatorial,train
सीएमबीटी पर व्हीलचेयर उपलब्ध है क्या?,accessibility:wheelchair_basic,CMBT,accessibility,,,,wheelchair,False,hi,devanagari,template_combinatorial,train
गवर्नमेंट एस्टेट पर एस्केलेटर काम कर रहा है क्या?,accessibility:escalator_working,GOVERNMENT_ESTATE,accessibility,,,,wheelchair,False,hi,devanagari,template_combinatorial,train
kilpauk par lift aur ramp facility hai kya?,accessibility:lift_ramp_combo,KILPAUK,accessibility,,,,wheelchair,False,hinglish,latin_hinglish,template_combinatorial,train
chennai egmore par wheelchair available hai kya?,accessibility:wheelchair_basic,CHENNAI_EGMORE,accessibility,,,,wheelchair,False,hinglish,latin_hinglish,template_combinatorial,train
क्या सेंट्रल पर दिव्यांगों के लिए रैंप और लिफ्ट है?,accessibility:lift_ramp_combo,CHENNAI_CENTRAL,accessibility,,,,wheelchair,False,hi,devanagari,template_combinatorial,train
meenambakkam lift and escalator working status?,accessibility:escalator_working,MEENAMBAKKAM,accessibility,,,,wheelchair,False,hinglish,latin_hinglish,template_combinatorial,train
टी नगर पर एस्केलेटर काम कर रहा है क्या?,accessibility:escalator_working,NANDANAM,accessibility,,,,wheelchair,False,hi,devanagari,template_combinatorial,train
टी नगर स्टेशन पर लिफ्ट की सुविधा है क्या?,accessibility:lift_facility,NANDANAM,accessibility,,,,wheelchair,False,hi,devanagari,template_combinatorial,train
चेन्नई बीच पर एस्केलेटर काम कर रहा है क्या?,accessibility:escalator_working,CHENNAI_BEACH,accessibility,,,,wheelchair,False,hi,devanagari,template_combinatorial,train
kya ag dms accessible hai wheelchair ke liye?,accessibility:wheelchair_accessible,AG_DMS,accessibility,,,,wheelchair,False,hinglish,latin_hinglish,template_combinatorial,train
गवर्नमेंट एस्टेट स्टेशन पर लिफ्ट की सुविधा है क्या?,accessibility:lift_facility,GOVERNMENT_ESTATE,accessibility,,,,wheelchair,False,hi,devanagari,template_combinatorial,train
दिव्यांग यात्रियों के लिए वडापलानी पर विशेष सहायता काउंटर है?,accessibility:special_assistance,VADAPALANI,accessibility,,,,wheelchair,False,hi,devanagari,template_combinatorial,train
is nandanam metro station wheelchair friendly?,accessibility:wheelchair_friendly,NANDANAM,accessibility,,,,wheelchair,False,hinglish,latin_hinglish,template_combinatorial,train
क्या बुजुर्ग यात्री चेन्नई बीच पर व्हीलचेयर सहायता ले सकते हैं?,accessibility:senior_wheelchair,CHENNAI_BEACH,accessibility,,,,wheelchair,False,hi,devanagari,template_combinatorial,train
शेनॉय नगर स्टेशन पर लिफ्ट की सुविधा है क्या?,accessibility:lift_facility,SHENOY_NAGAR,accessibility,,,,wheelchair,False,hi,devanagari,template_combinatorial,train
velachery lift platform tak jaati hai kya?,accessibility:platform_lift,VELACHERY,accessibility,,,,wheelchair,False,hinglish,latin_hinglish,template_combinatorial,train
chennai beach lift and escalator working status?,accessibility:escalator_working,CHENNAI_BEACH,accessibility,,,,wheelchair,False,hinglish,latin_hinglish,template_combinatorial,train
क्या बुजुर्ग यात्री एजी-डीएमएस पर व्हीलचेयर सहायता ले सकते हैं?,accessibility:senior_wheelchair,AG_DMS,accessibility,,,,wheelchair,False,hi,devanagari,template_combinatorial,train
velachery par disabled passengers ke liye special help hai kya?,accessibility:special_assistance,VELACHERY,accessibility,,,,wheelchair,False,hinglish,latin_hinglish,template_combinatorial,train
is airport metro station wheelchair friendly?,accessibility:wheelchair_friendly,CHENNAI_AIRPORT,accessibility,,,,wheelchair,False,hinglish,latin_hinglish,template_combinatorial,train
government estate lift and escalator working status?,accessibility:escalator_working,GOVERNMENT_ESTATE,accessibility,,,,wheelchair,False,hinglish,latin_hinglish,template_combinatorial,train
एलआईसी स्टेशन पर लिफ्ट की सुविधा है क्या?,accessibility:lift_facility,LIC,accessibility,,,,wheelchair,False,hi,devanagari,template_combinatorial,train
दिव्यांग यात्रियों के लिए गिंडी पर विशेष सहायता काउंटर है?,accessibility:special_assistance,GUINDY,accessibility,,,,wheelchair,False,hi,devanagari,template_combinatorial,train
आलंदूर पर व्हीलचेयर उपलब्ध है क्या?,accessibility:wheelchair_basic,ALANDUR,accessibility,,,,wheelchair,False,hi,devanagari,template_combinatorial,train
kya vadapalani accessible hai wheelchair ke liye?,accessibility:wheelchair_accessible,VADAPALANI,accessibility,,,,wheelchair,False,hinglish,latin_hinglish,template_combinatorial,train
कोयम्बेडु मार्केट पर स्वचालित सीढ़ियां (escalators) उपलब्ध हैं?,accessibility:escalator_avail,KOYAMBEDU,accessibility,,,,wheelchair,False,hi,devanagari,template_combinatorial,train
ताम्बरम स्टेशन पर प्लेटफॉर्म तक जाने के लिए लिफ्ट है क्या?,accessibility:platform_lift,TAMBARAM,accessibility,,,,wheelchair,False,hi,devanagari,template_combinatorial,train
kya meenambakkam accessible hai wheelchair ke liye?,accessibility:wheelchair_accessible,MEENAMBAKKAM,accessibility,,,,wheelchair,False,hinglish,latin_hinglish,template_combinatorial,train
shenoy nagar par lift aur ramp facility hai kya?,accessibility:lift_ramp_combo,SHENOY_NAGAR,accessibility,,,,wheelchair,False,hinglish,latin_hinglish,template_combinatorial,train
ताम्बरम पर एस्केलेटर काम कर रहा है क्या?,accessibility:escalator_working,TAMBARAM,accessibility,,,,wheelchair,False,hi,devanagari,template_combinatorial,train
क्या वडापलानी व्हीलचेयर सुलभ स्टेशन है?,accessibility:wheelchair_accessible,VADAPALANI,accessibility,,,,wheelchair,False,hi,devanagari,template_combinatorial,train
अशोक नगर पर एस्केलेटर काम कर रहा है क्या?,accessibility:escalator_working,ASHOK_NAGAR,accessibility,,,,wheelchair,False,hi,devanagari,template_combinatorial,train
क्या नंदनम मेट्रो स्टेशन बैरियर-फ्री (barrier-free) है?,accessibility:barrier_free,NANDANAM,accessibility,,,,wheelchair,False,hi,devanagari,template_combinatorial,train
tambaram par lift aur ramp facility hai kya?,accessibility:lift_ramp_combo,TAMBARAM,accessibility,,,,wheelchair,False,hinglish,latin_hinglish,template_combinatorial,train
सीएमबीटी स्टेशन पर लिफ्ट की सुविधा है क्या?,accessibility:lift_facility,CMBT,accessibility,,,,wheelchair,False,hi,devanagari,template_combinatorial,train
nandanam lift platform tak jaati hai kya?,accessibility:platform_lift,NANDANAM,accessibility,,,,wheelchair,False,hinglish,latin_hinglish,template_combinatorial,train
st thomas mount lift platform tak jaati hai kya?,accessibility:platform_lift,ST_THOMAS_MOUNT,accessibility,,,,wheelchair,False,hinglish,latin_hinglish,template_combinatorial,train
क्या सेंट्रल रेलवे स्टेशन पर दिव्यांगों के लिए रैंप और लिफ्ट है?,accessibility:lift_ramp_combo,CHENNAI_CENTRAL,accessibility,,,,wheelchair,False,hi,devanagari,template_combinatorial,train
kya central accessible hai wheelchair ke liye?,accessibility:wheelchair_accessible,CHENNAI_CENTRAL,accessibility,,,,wheelchair,False,hinglish,latin_hinglish,template_combinatorial,train
क्या गवर्नमेंट एस्टेट मेट्रो स्टेशन बैरियर-फ्री (barrier-free) है?,accessibility:barrier_free,GOVERNMENT_ESTATE,accessibility,,,,wheelchair,False,hi,devanagari,template_combinatorial,train
गिंडी स्टेशन पर प्लेटफॉर्म तक जाने के लिए लिफ्ट है क्या?,accessibility:platform_lift,GUINDY,accessibility,,,,wheelchair,False,hi,devanagari,template_combinatorial,train
meenambakkam par wheelchair available hai kya?,accessibility:wheelchair_basic,MEENAMBAKKAM,accessibility,,,,wheelchair,False,hinglish,latin_hinglish,template_combinatorial,train
शेनॉय नगर स्टेशन पर प्लेटफॉर्म तक जाने के लिए लिफ्ट है क्या?,accessibility:platform_lift,SHENOY_NAGAR,accessibility,,,,wheelchair,False,hi,devanagari,template_combinatorial,train
क्या गवर्नमेंट एस्टेट पर दिव्यांगों के लिए रैंप और लिफ्ट है?,accessibility:lift_ramp_combo,GOVERNMENT_ESTATE,accessibility,,,,wheelchair,False,hi,devanagari,template_combinatorial,train
kya anna nagar accessible hai wheelchair ke liye?,accessibility:wheelchair_accessible,ANNA_NAGAR,accessibility,,,,wheelchair,False,hinglish,latin_hinglish,template_combinatorial,train
हवाई अड्डा स्टेशन पर लिफ्ट की सुविधा है क्या?,accessibility:lift_facility,CHENNAI_AIRPORT,accessibility,,,,wheelchair,False,hi,devanagari,template_combinatorial,train
तिरुमंगलम पर एस्केलेटर काम कर रहा है क्या?,accessibility:escalator_working,THIRUMANGALAM,accessibility,,,,wheelchair,False,hi,devanagari,template_combinatorial,train
is central metro station wheelchair friendly?,accessibility:wheelchair_friendly,CHENNAI_CENTRAL,accessibility,,,,wheelchair,False,hinglish,latin_hinglish,template_combinatorial,train
एजी-डीएमएस स्टेशन पर प्लेटफॉर्म तक जाने के लिए लिफ्ट है क्या?,accessibility:platform_lift,AG_DMS,accessibility,,,,wheelchair,False,hi,devanagari,template_combinatorial,train
किल्पॉक पर एस्केलेटर काम कर रहा है क्या?,accessibility:escalator_working,KILPAUK,accessibility,,,,wheelchair,False,hi,devanagari,template_combinatorial,train
central par disabled passengers ke liye special help hai kya?,accessibility:special_assistance,CHENNAI_CENTRAL,accessibility,,,,wheelchair,False,hinglish,latin_hinglish,template_combinatorial,train
चेन्नई एग्मोर स्टेशन पर लिफ्ट की सुविधा है क्या?,accessibility:lift_facility,CHENNAI_EGMORE,accessibility,,,,wheelchair,False,hi,devanagari,template_combinatorial,train
is chennai airport metro station wheelchair friendly?,accessibility:wheelchair_friendly,CHENNAI_AIRPORT,accessibility,,,,wheelchair,False,hinglish,latin_hinglish,template_combinatorial,train
cmbt par wheelchair available hai kya?,accessibility:wheelchair_basic,CMBT,accessibility,,,,wheelchair,False,hinglish,latin_hinglish,template_combinatorial,train
चेन्नई सेंट्रल स्टेशन पर प्लेटफॉर्म तक जाने के लिए लिफ्ट है क्या?,accessibility:platform_lift,CHENNAI_CENTRAL,accessibility,,,,wheelchair,False,hi,devanagari,template_combinatorial,train
वडापलानी पर व्हीलचेयर उपलब्ध है क्या?,accessibility:wheelchair_basic,VADAPALANI,accessibility,,,,wheelchair,False,hi,devanagari,template_combinatorial,train
is ag dms metro station wheelchair friendly?,accessibility:wheelchair_friendly,AG_DMS,accessibility,,,,wheelchair,False,hinglish,latin_hinglish,template_combinatorial,train
ag dms par disabled passengers ke liye special help hai kya?,accessibility:special_assistance,AG_DMS,accessibility,,,,wheelchair,False,hinglish,latin_hinglish,template_combinatorial,train
t nagar lift platform tak jaati hai kya?,accessibility:platform_lift,NANDANAM,accessibility,,,,wheelchair,False,hinglish,latin_hinglish,template_combinatorial,train
सेंट थॉमस माउंट पर एस्केलेटर काम कर रहा है क्या?,accessibility:escalator_working,ST_THOMAS_MOUNT,accessibility,,,,wheelchair,False,hi,devanagari,template_combinatorial,train
कोयम्बेडु पर व्हीलचेयर उपलब्ध है क्या?,accessibility:wheelchair_basic,KOYAMBEDU,accessibility,,,,wheelchair,False,hi,devanagari,template_combinatorial,train
क्या वेलाचेरी पर दिव्यांगों के लिए रैंप और लिफ्ट है?,accessibility:lift_ramp_combo,VELACHERY,accessibility,,,,wheelchair,False,hi,devanagari,template_combinatorial,train
chennai airport lift and escalator working status?,accessibility:escalator_working,CHENNAI_AIRPORT,accessibility,,,,wheelchair,False,hinglish,latin_hinglish,template_combinatorial,train
चेन्नई सेंट्रल पर व्हीलचेयर उपलब्ध है क्या?,accessibility:wheelchair_basic,CHENNAI_CENTRAL,accessibility,,,,wheelchair,False,hi,devanagari,template_combinatorial,train
एग्मोर पर एस्केलेटर काम कर रहा है क्या?,accessibility:escalator_working,CHENNAI_EGMORE,accessibility,,,,wheelchair,False,hi,devanagari,template_combinatorial,train
is government estate metro station wheelchair friendly?,accessibility:wheelchair_friendly,GOVERNMENT_ESTATE,accessibility,,,,wheelchair,False,hinglish,latin_hinglish,template_combinatorial,train
kya chennai beach accessible hai wheelchair ke liye?,accessibility:wheelchair_accessible,CHENNAI_BEACH,accessibility,,,,wheelchair,False,hinglish,latin_hinglish,template_combinatorial,train
क्या गिंडी पर दिव्यांगों के लिए रैंप और लिफ्ट है?,accessibility:lift_ramp_combo,GUINDY,accessibility,,,,wheelchair,False,hi,devanagari,template_combinatorial,train
chennai central par lift aur ramp facility hai kya?,accessibility:lift_ramp_combo,CHENNAI_CENTRAL,accessibility,,,,wheelchair,False,hinglish,latin_hinglish,template_combinatorial,train
velachery lift and escalator working status?,accessibility:escalator_working,VELACHERY,accessibility,,,,wheelchair,False,hinglish,latin_hinglish,template_combinatorial,train
ag dms par lift aur ramp facility hai kya?,accessibility:lift_ramp_combo,AG_DMS,accessibility,,,,wheelchair,False,hinglish,latin_hinglish,template_combinatorial,train
chennai beach lift platform tak jaati hai kya?,accessibility:platform_lift,CHENNAI_BEACH,accessibility,,,,wheelchair,False,hinglish,latin_hinglish,template_combinatorial,train
क्या लिटिल माउंट व्हीलचेयर सुलभ स्टेशन है?,accessibility:wheelchair_accessible,LITTLE_MOUNT,accessibility,,,,wheelchair,False,hi,devanagari,template_combinatorial,train
सैदापेट स्टेशन पर लिफ्ट की सुविधा है क्या?,accessibility:lift_facility,SAIDAPET,accessibility,,,,wheelchair,False,hi,devanagari,template_combinatorial,train
chennai central lift platform tak jaati hai kya?,accessibility:platform_lift,CHENNAI_CENTRAL,accessibility,,,,wheelchair,False,hinglish,latin_hinglish,template_combinatorial,train
thirumangalam lift and escalator working status?,accessibility:escalator_working,THIRUMANGALAM,accessibility,,,,wheelchair,False,hinglish,latin_hinglish,template_combinatorial,train
क्या बुजुर्ग यात्री तिरुमंगलम पर व्हीलचेयर सहायता ले सकते हैं?,accessibility:senior_wheelchair,THIRUMANGALAM,accessibility,,,,wheelchair,False,hi,devanagari,template_combinatorial,train
lic par disabled passengers ke liye special help hai kya?,accessibility:special_assistance,LIC,accessibility,,,,wheelchair,False,hinglish,latin_hinglish,template_combinatorial,train
क्या बुजुर्ग यात्री चेन्नई सेंट्रल पर व्हीलचेयर सहायता ले सकते हैं?,accessibility:senior_wheelchair,CHENNAI_CENTRAL,accessibility,,,,wheelchair,False,hi,devanagari,template_combinatorial,train
किल्पॉक पर स्वचालित सीढ़ियां (escalators) उपलब्ध हैं?,accessibility:escalator_avail,KILPAUK,accessibility,,,,wheelchair,False,hi,devanagari,template_combinatorial,train
kya egmore accessible hai wheelchair ke liye?,accessibility:wheelchair_accessible,CHENNAI_EGMORE,accessibility,,,,wheelchair,False,hinglish,latin_hinglish,template_combinatorial,train
is lic metro station wheelchair friendly?,accessibility:wheelchair_friendly,LIC,accessibility,,,,wheelchair,False,hinglish,latin_hinglish,template_combinatorial,train
तेनामपेट पर व्हीलचेयर उपलब्ध है क्या?,accessibility:wheelchair_basic,TEYNAMPET,accessibility,,,,wheelchair,False,hi,devanagari,template_combinatorial,train
is chennai central metro station wheelchair friendly?,accessibility:wheelchair_friendly,CHENNAI_CENTRAL,accessibility,,,,wheelchair,False,hinglish,latin_hinglish,template_combinatorial,train
चेन्नई एयरपोर्ट पर स्वचालित सीढ़ियां (escalators) उपलब्ध हैं?,accessibility:escalator_avail,CHENNAI_AIRPORT,accessibility,,,,wheelchair,False,hi,devanagari,template_combinatorial,train
meenambakkam par disabled passengers ke liye special help hai kya?,accessibility:special_assistance,MEENAMBAKKAM,accessibility,,,,wheelchair,False,hinglish,latin_hinglish,template_combinatorial,train
kilpauk lift and escalator working status?,accessibility:escalator_working,KILPAUK,accessibility,,,,wheelchair,False,hinglish,latin_hinglish,template_combinatorial,train
शेनॉय नगर पर व्हीलचेयर उपलब्ध है क्या?,accessibility:wheelchair_basic,SHENOY_NAGAR,accessibility,,,,wheelchair,False,hi,devanagari,template_combinatorial,train
is shenoy nagar metro station wheelchair friendly?,accessibility:wheelchair_friendly,SHENOY_NAGAR,accessibility,,,,wheelchair,False,hinglish,latin_hinglish,template_combinatorial,train
क्या थाउजेंड लाइट्स मेट्रो स्टेशन बैरियर-फ्री (barrier-free) है?,accessibility:barrier_free,THOUSAND_LIGHTS,accessibility,,,,wheelchair,False,hi,devanagari,template_combinatorial,train
क्या कोयम्बेडु मेट्रो स्टेशन बैरियर-फ्री (barrier-free) है?,accessibility:barrier_free,KOYAMBEDU,accessibility,,,,wheelchair,False,hi,devanagari,template_combinatorial,train
दिव्यांग यात्रियों के लिए कोयम्बेडु मार्केट पर विशेष सहायता काउंटर है?,accessibility:special_assistance,KOYAMBEDU,accessibility,,,,wheelchair,False,hi,devanagari,template_combinatorial,train
t nagar par wheelchair available hai kya?,accessibility:wheelchair_basic,NANDANAM,accessibility,,,,wheelchair,False,hinglish,latin_hinglish,template_combinatorial,train
गिंडी पर स्वचालित सीढ़ियां (escalators) उपलब्ध हैं?,accessibility:escalator_avail,GUINDY,accessibility,,,,wheelchair,False,hi,devanagari,template_combinatorial,train
kya velachery accessible hai wheelchair ke liye?,accessibility:wheelchair_accessible,VELACHERY,accessibility,,,,wheelchair,False,hinglish,latin_hinglish,template_combinatorial,train
vadapalani lift platform tak jaati hai kya?,accessibility:platform_lift,VADAPALANI,accessibility,,,,wheelchair,False,hinglish,latin_hinglish,template_combinatorial,train
is meenambakkam metro station wheelchair friendly?,accessibility:wheelchair_friendly,MEENAMBAKKAM,accessibility,,,,wheelchair,False,hinglish,latin_hinglish,template_combinatorial,train
क्या अशोक नगर पर दिव्यांगों के लिए रैंप और लिफ्ट है?,accessibility:lift_ramp_combo,ASHOK_NAGAR,accessibility,,,,wheelchair,False,hi,devanagari,template_combinatorial,train
तिरुमंगलम स्टेशन पर प्लेटफॉर्म तक जाने के लिए लिफ्ट है क्या?,accessibility:platform_lift,THIRUMANGALAM,accessibility,,,,wheelchair,False,hi,devanagari,template_combinatorial,train
meenambakkam lift platform tak jaati hai kya?,accessibility:platform_lift,MEENAMBAKKAM,accessibility,,,,wheelchair,False,hinglish,latin_hinglish,template_combinatorial,train
दिव्यांग यात्रियों के लिए लिटिल माउंट पर विशेष सहायता काउंटर है?,accessibility:special_assistance,LITTLE_MOUNT,accessibility,,,,wheelchair,False,hi,devanagari,template_combinatorial,train
tambaram par disabled passengers ke liye special help hai kya?,accessibility:special_assistance,TAMBARAM,accessibility,,,,wheelchair,False,hinglish,latin_hinglish,template_combinatorial,train
t nagar par disabled passengers ke liye special help hai kya?,accessibility:special_assistance,NANDANAM,accessibility,,,,wheelchair,False,hinglish,latin_hinglish,template_combinatorial,train
कोयम्बेडु स्टेशन पर प्लेटफॉर्म तक जाने के लिए लिफ्ट है क्या?,accessibility:platform_lift,KOYAMBEDU,accessibility,,,,wheelchair,False,hi,devanagari,template_combinatorial,train
सैदापेट पर एस्केलेटर काम कर रहा है क्या?,accessibility:escalator_working,SAIDAPET,accessibility,,,,wheelchair,False,hi,devanagari,template_combinatorial,train
क्या बुजुर्ग यात्री अन्ना नगर पर व्हीलचेयर सहायता ले सकते हैं?,accessibility:senior_wheelchair,ANNA_NAGAR,accessibility,,,,wheelchair,False,hi,devanagari,template_combinatorial,train
वेलाचेरी स्टेशन पर प्लेटफॉर्म तक जाने के लिए लिफ्ट है क्या?,accessibility:platform_lift,VELACHERY,accessibility,,,,wheelchair,False,hi,devanagari,template_combinatorial,train
अशोक नगर पर व्हीलचेयर उपलब्ध है क्या?,accessibility:wheelchair_basic,ASHOK_NAGAR,accessibility,,,,wheelchair,False,hi,devanagari,template_combinatorial,train
क्या एलआईसी पर दिव्यांगों के लिए रैंप और लिफ्ट है?,accessibility:lift_ramp_combo,LIC,accessibility,,,,wheelchair,False,hi,devanagari,template_combinatorial,train
अशोक नगर स्टेशन पर प्लेटफॉर्म तक जाने के लिए लिफ्ट है क्या?,accessibility:platform_lift,ASHOK_NAGAR,accessibility,,,,wheelchair,False,hi,devanagari,template_combinatorial,train
is little mount metro station wheelchair friendly?,accessibility:wheelchair_friendly,LITTLE_MOUNT,accessibility,,,,wheelchair,False,hinglish,latin_hinglish,template_combinatorial,train
st thomas mount par wheelchair available hai kya?,accessibility:wheelchair_basic,ST_THOMAS_MOUNT,accessibility,,,,wheelchair,False,hinglish,latin_hinglish,template_combinatorial,train
shenoy nagar par wheelchair available hai kya?,accessibility:wheelchair_basic,SHENOY_NAGAR,accessibility,,,,wheelchair,False,hinglish,latin_hinglish,template_combinatorial,train
ताम्बरम पर स्वचालित सीढ़ियां (escalators) उपलब्ध हैं?,accessibility:escalator_avail,TAMBARAM,accessibility,,,,wheelchair,False,hi,devanagari,template_combinatorial,train
हवाई अड्डा स्टेशन पर प्लेटफॉर्म तक जाने के लिए लिफ्ट है क्या?,accessibility:platform_lift,CHENNAI_AIRPORT,accessibility,,,,wheelchair,False,hi,devanagari,template_combinatorial,train
chennai beach par wheelchair available hai kya?,accessibility:wheelchair_basic,CHENNAI_BEACH,accessibility,,,,wheelchair,False,hinglish,latin_hinglish,template_combinatorial,train
क्या चेन्नई सेंट्रल मेट्रो स्टेशन बैरियर-फ्री (barrier-free) है?,accessibility:barrier_free,CHENNAI_CENTRAL,accessibility,,,,wheelchair,False,hi,devanagari,template_combinatorial,train
guindy lift and escalator working status?,accessibility:escalator_working,GUINDY,accessibility,,,,wheelchair,False,hinglish,latin_hinglish,template_combinatorial,train
nandanam par wheelchair available hai kya?,accessibility:wheelchair_basic,NANDANAM,accessibility,,,,wheelchair,False,hinglish,latin_hinglish,template_combinatorial,train
is guindy metro station wheelchair friendly?,accessibility:wheelchair_friendly,GUINDY,accessibility,,,,wheelchair,False,hinglish,latin_hinglish,template_combinatorial,train
little mount par disabled passengers ke liye special help hai kya?,accessibility:special_assistance,LITTLE_MOUNT,accessibility,,,,wheelchair,False,hinglish,latin_hinglish,template_combinatorial,train
koyambedu par wheelchair available hai kya?,accessibility:wheelchair_basic,KOYAMBEDU,accessibility,,,,wheelchair,False,hinglish,latin_hinglish,template_combinatorial,train
तेनामपेट पर स्वचालित सीढ़ियां (escalators) उपलब्ध हैं?,accessibility:escalator_avail,TEYNAMPET,accessibility,,,,wheelchair,False,hi,devanagari,template_combinatorial,train
ashok nagar par wheelchair available hai kya?,accessibility:wheelchair_basic,ASHOK_NAGAR,accessibility,,,,wheelchair,False,hinglish,latin_hinglish,template_combinatorial,train
क्या कोयम्बेडु पर दिव्यांगों के लिए रैंप और लिफ्ट है?,accessibility:lift_ramp_combo,KOYAMBEDU,accessibility,,,,wheelchair,False,hi,devanagari,template_combinatorial,train
tambaram lift platform tak jaati hai kya?,accessibility:platform_lift,TAMBARAM,accessibility,,,,wheelchair,False,hinglish,latin_hinglish,template_combinatorial,train
क्या चेन्नई एयरपोर्ट व्हीलचेयर सुलभ स्टेशन है?,accessibility:wheelchair_accessible,CHENNAI_AIRPORT,accessibility,,,,wheelchair,False,hi,devanagari,template_combinatorial,train
अन्ना नगर पर एस्केलेटर काम कर रहा है क्या?,accessibility:escalator_working,ANNA_NAGAR,accessibility,,,,wheelchair,False,hi,devanagari,template_combinatorial,train
क्या बुजुर्ग यात्री चेन्नई एग्मोर पर व्हीलचेयर सहायता ले सकते हैं?,accessibility:senior_wheelchair,CHENNAI_EGMORE,accessibility,,,,wheelchair,False,hi,devanagari,template_combinatorial,train
थाउजेंड लाइट्स पर स्वचालित सीढ़ियां (escalators) उपलब्ध हैं?,accessibility:escalator_avail,THOUSAND_LIGHTS,accessibility,,,,wheelchair,False,hi,devanagari,template_combinatorial,train
क्या बुजुर्ग यात्री चेन्नई एयरपोर्ट पर व्हीलचेयर सहायता ले सकते हैं?,accessibility:senior_wheelchair,CHENNAI_AIRPORT,accessibility,,,,wheelchair,False,hi,devanagari,template_combinatorial,train
kilpauk par disabled passengers ke liye special help hai kya?,accessibility:special_assistance,KILPAUK,accessibility,,,,wheelchair,False,hinglish,latin_hinglish,template_combinatorial,train
central lift platform tak jaati hai kya?,accessibility:platform_lift,CHENNAI_CENTRAL,accessibility,,,,wheelchair,False,hinglish,latin_hinglish,template_combinatorial,train
st thomas mount lift and escalator working status?,accessibility:escalator_working,ST_THOMAS_MOUNT,accessibility,,,,wheelchair,False,hinglish,latin_hinglish,template_combinatorial,train
एलआईसी पर एस्केलेटर काम कर रहा है क्या?,accessibility:escalator_working,LIC,accessibility,,,,wheelchair,False,hi,devanagari,template_combinatorial,train
thousand lights par lift aur ramp facility hai kya?,accessibility:lift_ramp_combo,THOUSAND_LIGHTS,accessibility,,,,wheelchair,False,hinglish,latin_hinglish,template_combinatorial,train
क्या सीएमबीटी मेट्रो स्टेशन बैरियर-फ्री (barrier-free) है?,accessibility:barrier_free,CMBT,accessibility,,,,wheelchair,False,hi,devanagari,template_combinatorial,train
kya chennai central accessible hai wheelchair ke liye?,accessibility:wheelchair_accessible,CHENNAI_CENTRAL,accessibility,,,,wheelchair,False,hinglish,latin_hinglish,template_combinatorial,train
saidapet par disabled passengers ke liye special help hai kya?,accessibility:special_assistance,SAIDAPET,accessibility,,,,wheelchair,False,hinglish,latin_hinglish,template_combinatorial,train
क्या आलंदूर मेट्रो स्टेशन बैरियर-फ्री (barrier-free) है?,accessibility:barrier_free,ALANDUR,accessibility,,,,wheelchair,False,hi,devanagari,template_combinatorial,train
आलंदूर पर स्वचालित सीढ़ियां (escalators) उपलब्ध हैं?,accessibility:escalator_avail,ALANDUR,accessibility,,,,wheelchair,False,hi,devanagari,template_combinatorial,train
क्या वडापलानी मेट्रो स्टेशन बैरियर-फ्री (barrier-free) है?,accessibility:barrier_free,VADAPALANI,accessibility,,,,wheelchair,False,hi,devanagari,template_combinatorial,train
kilpauk par wheelchair available hai kya?,accessibility:wheelchair_basic,KILPAUK,accessibility,,,,wheelchair,False,hinglish,latin_hinglish,template_combinatorial,train
क्या किल्पॉक मेट्रो स्टेशन बैरियर-फ्री (barrier-free) है?,accessibility:barrier_free,KILPAUK,accessibility,,,,wheelchair,False,hi,devanagari,template_combinatorial,train
anna nagar par wheelchair available hai kya?,accessibility:wheelchair_basic,ANNA_NAGAR,accessibility,,,,wheelchair,False,hinglish,latin_hinglish,template_combinatorial,train
kya government estate accessible hai wheelchair ke liye?,accessibility:wheelchair_accessible,GOVERNMENT_ESTATE,accessibility,,,,wheelchair,False,hinglish,latin_hinglish,template_combinatorial,train
दिव्यांग यात्रियों के लिए सीएमबीटी पर विशेष सहायता काउंटर है?,accessibility:special_assistance,CMBT,accessibility,,,,wheelchair,False,hi,devanagari,template_combinatorial,train
वेलाचेरी पर स्वचालित सीढ़ियां (escalators) उपलब्ध हैं?,accessibility:escalator_avail,VELACHERY,accessibility,,,,wheelchair,False,hi,devanagari,template_combinatorial,train
चेन्नई एग्मोर स्टेशन पर प्लेटफॉर्म तक जाने के लिए लिफ्ट है क्या?,accessibility:platform_lift,CHENNAI_EGMORE,accessibility,,,,wheelchair,False,hi,devanagari,template_combinatorial,train
दिव्यांग यात्रियों के लिए गवर्नमेंट एस्टेट पर विशेष सहायता काउंटर है?,accessibility:special_assistance,GOVERNMENT_ESTATE,accessibility,,,,wheelchair,False,hi,devanagari,template_combinatorial,train
chennai airport par lift aur ramp facility hai kya?,accessibility:lift_ramp_combo,CHENNAI_AIRPORT,accessibility,,,,wheelchair,False,hinglish,latin_hinglish,template_combinatorial,train
central railway station par wheelchair available hai kya?,accessibility:wheelchair_basic,CHENNAI_CENTRAL,accessibility,,,,wheelchair,False,hinglish,latin_hinglish,template_combinatorial,train
क्या ताम्बरम मेट्रो स्टेशन बैरियर-फ्री (barrier-free) है?,accessibility:barrier_free,TAMBARAM,accessibility,,,,wheelchair,False,hi,devanagari,template_combinatorial,train
अन्ना नगर स्टेशन पर लिफ्ट की सुविधा है क्या?,accessibility:lift_facility,ANNA_NAGAR,accessibility,,,,wheelchair,False,hi,devanagari,template_combinatorial,train
टी नगर पर स्वचालित सीढ़ियां (escalators) उपलब्ध हैं?,accessibility:escalator_avail,NANDANAM,accessibility,,,,wheelchair,False,hi,devanagari,template_combinatorial,train
क्या बुजुर्ग यात्री सीएमबीटी पर व्हीलचेयर सहायता ले सकते हैं?,accessibility:senior_wheelchair,CMBT,accessibility,,,,wheelchair,False,hi,devanagari,template_combinatorial,train
दिव्यांग यात्रियों के लिए चेन्नई एयरपोर्ट पर विशेष सहायता काउंटर है?,accessibility:special_assistance,CHENNAI_AIRPORT,accessibility,,,,wheelchair,False,hi,devanagari,template_combinatorial,train
क्या सेंट थॉमस माउंट पर दिव्यांगों के लिए रैंप और लिफ्ट है?,accessibility:lift_ramp_combo,ST_THOMAS_MOUNT,accessibility,,,,wheelchair,False,hi,devanagari,template_combinatorial,train
क्या बुजुर्ग यात्री एयरपोर्ट पर व्हीलचेयर सहायता ले सकते हैं?,accessibility:senior_wheelchair,CHENNAI_AIRPORT,accessibility,,,,wheelchair,False,hi,devanagari,template_combinatorial,train
अन्ना नगर पर स्वचालित सीढ़ियां (escalators) उपलब्ध हैं?,accessibility:escalator_avail,ANNA_NAGAR,accessibility,,,,wheelchair,False,hi,devanagari,template_combinatorial,train
दिव्यांग यात्रियों के लिए मीनांबक्कम पर विशेष सहायता काउंटर है?,accessibility:special_assistance,MEENAMBAKKAM,accessibility,,,,wheelchair,False,hi,devanagari,template_combinatorial,train
दिव्यांग यात्रियों के लिए चेन्नई बीच पर विशेष सहायता काउंटर है?,accessibility:special_assistance,CHENNAI_BEACH,accessibility,,,,wheelchair,False,hi,devanagari,template_combinatorial,train
क्या चेन्नई बीच पर दिव्यांगों के लिए रैंप और लिफ्ट है?,accessibility:lift_ramp_combo,CHENNAI_BEACH,accessibility,,,,wheelchair,False,hi,devanagari,template_combinatorial,train
क्या सेंट्रल व्हीलचेयर सुलभ स्टेशन है?,accessibility:wheelchair_accessible,CHENNAI_CENTRAL,accessibility,,,,wheelchair,False,hi,devanagari,template_combinatorial,train
koyambedu par disabled passengers ke liye special help hai kya?,accessibility:special_assistance,KOYAMBEDU,accessibility,,,,wheelchair,False,hinglish,latin_hinglish,template_combinatorial,train
egmore par lift aur ramp facility hai kya?,accessibility:lift_ramp_combo,CHENNAI_EGMORE,accessibility,,,,wheelchair,False,hinglish,latin_hinglish,template_combinatorial,train
t nagar par lift aur ramp facility hai kya?,accessibility:lift_ramp_combo,NANDANAM,accessibility,,,,wheelchair,False,hinglish,latin_hinglish,template_combinatorial,train
सेंट्रल रेलवे स्टेशन स्टेशन पर प्लेटफॉर्म तक जाने के लिए लिफ्ट है क्या?,accessibility:platform_lift,CHENNAI_CENTRAL,accessibility,,,,wheelchair,False,hi,devanagari,template_combinatorial,train
लिटिल माउंट पर व्हीलचेयर उपलब्ध है क्या?,accessibility:wheelchair_basic,LITTLE_MOUNT,accessibility,,,,wheelchair,False,hi,devanagari,template_combinatorial,train
thirumangalam par wheelchair available hai kya?,accessibility:wheelchair_basic,THIRUMANGALAM,accessibility,,,,wheelchair,False,hinglish,latin_hinglish,template_combinatorial,train
क्या एलआईसी मेट्रो स्टेशन बैरियर-फ्री (barrier-free) है?,accessibility:barrier_free,LIC,accessibility,,,,wheelchair,False,hi,devanagari,template_combinatorial,train
लिटिल माउंट पर स्वचालित सीढ़ियां (escalators) उपलब्ध हैं?,accessibility:escalator_avail,LITTLE_MOUNT,accessibility,,,,wheelchair,False,hi,devanagari,template_combinatorial,train
दिव्यांग यात्रियों के लिए सेंट्रल रेलवे स्टेशन पर विशेष सहायता काउंटर है?,accessibility:special_assistance,CHENNAI_CENTRAL,accessibility,,,,wheelchair,False,hi,devanagari,template_combinatorial,train
little mount par lift aur ramp facility hai kya?,accessibility:lift_ramp_combo,LITTLE_MOUNT,accessibility,,,,wheelchair,False,hinglish,latin_hinglish,template_combinatorial,train
saidapet lift platform tak jaati hai kya?,accessibility:platform_lift,SAIDAPET,accessibility,,,,wheelchair,False,hinglish,latin_hinglish,template_combinatorial,train
दिव्यांग यात्रियों के लिए हाई कोर्ट पर विशेष सहायता काउंटर है?,accessibility:special_assistance,HIGH_COURT,accessibility,,,,wheelchair,False,hi,devanagari,template_combinatorial,train
किल्पॉक पर व्हीलचेयर उपलब्ध है क्या?,accessibility:wheelchair_basic,KILPAUK,accessibility,,,,wheelchair,False,hi,devanagari,template_combinatorial,train
तिरुमंगलम पर व्हीलचेयर उपलब्ध है क्या?,accessibility:wheelchair_basic,THIRUMANGALAM,accessibility,,,,wheelchair,False,hi,devanagari,template_combinatorial,train
दिव्यांग यात्रियों के लिए हवाई अड्डा पर विशेष सहायता काउंटर है?,accessibility:special_assistance,CHENNAI_AIRPORT,accessibility,,,,wheelchair,False,hi,devanagari,template_combinatorial,train
क्या एग्मोर मेट्रो स्टेशन बैरियर-फ्री (barrier-free) है?,accessibility:barrier_free,CHENNAI_EGMORE,accessibility,,,,wheelchair,False,hi,devanagari,template_combinatorial,train
is nehru park metro station wheelchair friendly?,accessibility:wheelchair_friendly,NEHRU_PARK,accessibility,,,,wheelchair,False,hinglish,latin_hinglish,template_combinatorial,train
kya kilpauk accessible hai wheelchair ke liye?,accessibility:wheelchair_accessible,KILPAUK,accessibility,,,,wheelchair,False,hinglish,latin_hinglish,template_combinatorial,train
is koyambedu metro station wheelchair friendly?,accessibility:wheelchair_friendly,KOYAMBEDU,accessibility,,,,wheelchair,False,hinglish,latin_hinglish,template_combinatorial,train
kya cmbt accessible hai wheelchair ke liye?,accessibility:wheelchair_accessible,CMBT,accessibility,,,,wheelchair,False,hinglish,latin_hinglish,template_combinatorial,train
सेंट्रल स्टेशन पर प्लेटफॉर्म तक जाने के लिए लिफ्ट है क्या?,accessibility:platform_lift,CHENNAI_CENTRAL,accessibility,,,,wheelchair,False,hi,devanagari,template_combinatorial,train
thousand lights lift platform tak jaati hai kya?,accessibility:platform_lift,THOUSAND_LIGHTS,accessibility,,,,wheelchair,False,hinglish,latin_hinglish,template_combinatorial,train
क्या एजी-डीएमएस पर दिव्यांगों के लिए रैंप और लिफ्ट है?,accessibility:lift_ramp_combo,AG_DMS,accessibility,,,,wheelchair,False,hi,devanagari,template_combinatorial,train
दिव्यांग यात्रियों के लिए एग्मोर पर विशेष सहायता काउंटर है?,accessibility:special_assistance,CHENNAI_EGMORE,accessibility,,,,wheelchair,False,hi,devanagari,template_combinatorial,train
क्या बुजुर्ग यात्री वेलाचेरी पर व्हीलचेयर सहायता ले सकते हैं?,accessibility:senior_wheelchair,VELACHERY,accessibility,,,,wheelchair,False,hi,devanagari,template_combinatorial,train
alandur par lift aur ramp facility hai kya?,accessibility:lift_ramp_combo,ALANDUR,accessibility,,,,wheelchair,False,hinglish,latin_hinglish,template_combinatorial,train
st thomas mount par disabled passengers ke liye special help hai kya?,accessibility:special_assistance,ST_THOMAS_MOUNT,accessibility,,,,wheelchair,False,hinglish,latin_hinglish,template_combinatorial,train
kya nandanam accessible hai wheelchair ke liye?,accessibility:wheelchair_accessible,NANDANAM,accessibility,,,,wheelchair,False,hinglish,latin_hinglish,template_combinatorial,train
cmbt par disabled passengers ke liye special help hai kya?,accessibility:special_assistance,CMBT,accessibility,,,,wheelchair,False,hinglish,latin_hinglish,template_combinatorial,train
दिव्यांग यात्रियों के लिए चेन्नई सेंट्रल पर विशेष सहायता काउंटर है?,accessibility:special_assistance,CHENNAI_CENTRAL,accessibility,,,,wheelchair,False,hi,devanagari,template_combinatorial,train
chennai central par disabled passengers ke liye special help hai kya?,accessibility:special_assistance,CHENNAI_CENTRAL,accessibility,,,,wheelchair,False,hinglish,latin_hinglish,template_combinatorial,train
kya shenoy nagar accessible hai wheelchair ke liye?,accessibility:wheelchair_accessible,SHENOY_NAGAR,accessibility,,,,wheelchair,False,hinglish,latin_hinglish,template_combinatorial,train
क्या सैदापेट मेट्रो स्टेशन बैरियर-फ्री (barrier-free) है?,accessibility:barrier_free,SAIDAPET,accessibility,,,,wheelchair,False,hi,devanagari,template_combinatorial,train
क्या सैदापेट व्हीलचेयर सुलभ स्टेशन है?,accessibility:wheelchair_accessible,SAIDAPET,accessibility,,,,wheelchair,False,hi,devanagari,template_combinatorial,train
क्या एयरपोर्ट व्हीलचेयर सुलभ स्टेशन है?,accessibility:wheelchair_accessible,CHENNAI_AIRPORT,accessibility,,,,wheelchair,False,hi,devanagari,template_combinatorial,train
egmore lift platform tak jaati hai kya?,accessibility:platform_lift,CHENNAI_EGMORE,accessibility,,,,wheelchair,False,hinglish,latin_hinglish,template_combinatorial,train
kya high court accessible hai wheelchair ke liye?,accessibility:wheelchair_accessible,HIGH_COURT,accessibility,,,,wheelchair,False,hinglish,latin_hinglish,template_combinatorial,train
st thomas mount par lift aur ramp facility hai kya?,accessibility:lift_ramp_combo,ST_THOMAS_MOUNT,accessibility,,,,wheelchair,False,hinglish,latin_hinglish,template_combinatorial,train
क्या सीएमबीटी पर दिव्यांगों के लिए रैंप और लिफ्ट है?,accessibility:lift_ramp_combo,CMBT,accessibility,,,,wheelchair,False,hi,devanagari,template_combinatorial,train
cmbt lift and escalator working status?,accessibility:escalator_working,CMBT,accessibility,,,,wheelchair,False,hinglish,latin_hinglish,template_combinatorial,train
सीएमबीटी पर स्वचालित सीढ़ियां (escalators) उपलब्ध हैं?,accessibility:escalator_avail,CMBT,accessibility,,,,wheelchair,False,hi,devanagari,template_combinatorial,train
ashok nagar lift platform tak jaati hai kya?,accessibility:platform_lift,ASHOK_NAGAR,accessibility,,,,wheelchair,False,hinglish,latin_hinglish,template_combinatorial,train
क्या तेनामपेट पर दिव्यांगों के लिए रैंप और लिफ्ट है?,accessibility:lift_ramp_combo,TEYNAMPET,accessibility,,,,wheelchair,False,hi,devanagari,template_combinatorial,train
गवर्नमेंट एस्टेट पर व्हीलचेयर उपलब्ध है क्या?,accessibility:wheelchair_basic,GOVERNMENT_ESTATE,accessibility,,,,wheelchair,False,hi,devanagari,template_combinatorial,train
वडापलानी पर एस्केलेटर काम कर रहा है क्या?,accessibility:escalator_working,VADAPALANI,accessibility,,,,wheelchair,False,hi,devanagari,template_combinatorial,train
दिव्यांग यात्रियों के लिए कोयम्बेडु पर विशेष सहायता काउंटर है?,accessibility:special_assistance,KOYAMBEDU,accessibility,,,,wheelchair,False,hi,devanagari,template_combinatorial,train
क्या लिटिल माउंट पर दिव्यांगों के लिए रैंप और लिफ्ट है?,accessibility:lift_ramp_combo,LITTLE_MOUNT,accessibility,,,,wheelchair,False,hi,devanagari,template_combinatorial,train
क्या बुजुर्ग यात्री मीनांबक्कम पर व्हीलचेयर सहायता ले सकते हैं?,accessibility:senior_wheelchair,MEENAMBAKKAM,accessibility,,,,wheelchair,False,hi,devanagari,template_combinatorial,train
क्या किल्पॉक पर दिव्यांगों के लिए रैंप और लिफ्ट है?,accessibility:lift_ramp_combo,KILPAUK,accessibility,,,,wheelchair,False,hi,devanagari,template_combinatorial,train
क्या अशोक नगर व्हीलचेयर सुलभ स्टेशन है?,accessibility:wheelchair_accessible,ASHOK_NAGAR,accessibility,,,,wheelchair,False,hi,devanagari,template_combinatorial,train
वेलाचेरी पर एस्केलेटर काम कर रहा है क्या?,accessibility:escalator_working,VELACHERY,accessibility,,,,wheelchair,False,hi,devanagari,template_combinatorial,train
क्या कोयम्बेडु व्हीलचेयर सुलभ स्टेशन है?,accessibility:wheelchair_accessible,KOYAMBEDU,accessibility,,,,wheelchair,False,hi,devanagari,template_combinatorial,train
is alandur metro station wheelchair friendly?,accessibility:wheelchair_friendly,ALANDUR,accessibility,,,,wheelchair,False,hinglish,latin_hinglish,template_combinatorial,train
nehru park par disabled passengers ke liye special help hai kya?,accessibility:special_assistance,NEHRU_PARK,accessibility,,,,wheelchair,False,hinglish,latin_hinglish,template_combinatorial,train
टी नगर स्टेशन पर प्लेटफॉर्म तक जाने के लिए लिफ्ट है क्या?,accessibility:platform_lift,NANDANAM,accessibility,,,,wheelchair,False,hi,devanagari,template_combinatorial,train
किल्पॉक स्टेशन पर लिफ्ट की सुविधा है क्या?,accessibility:lift_facility,KILPAUK,accessibility,,,,wheelchair,False,hi,devanagari,template_combinatorial,train
cmbt par lift aur ramp facility hai kya?,accessibility:lift_ramp_combo,CMBT,accessibility,,,,wheelchair,False,hinglish,latin_hinglish,template_combinatorial,train
vadapalani par lift aur ramp facility hai kya?,accessibility:lift_ramp_combo,VADAPALANI,accessibility,,,,wheelchair,False,hinglish,latin_hinglish,template_combinatorial,train
shenoy nagar lift platform tak jaati hai kya?,accessibility:platform_lift,SHENOY_NAGAR,accessibility,,,,wheelchair,False,hinglish,latin_hinglish,template_combinatorial,train
क्या नेहरू पार्क पर दिव्यांगों के लिए रैंप और लिफ्ट है?,accessibility:lift_ramp_combo,NEHRU_PARK,accessibility,,,,wheelchair,False,hi,devanagari,template_combinatorial,train
क्या एयरपोर्ट पर दिव्यांगों के लिए रैंप और लिफ्ट है?,accessibility:lift_ramp_combo,CHENNAI_AIRPORT,accessibility,,,,wheelchair,False,hi,devanagari,template_combinatorial,train
क्या नेहरू पार्क व्हीलचेयर सुलभ स्टेशन है?,accessibility:wheelchair_accessible,NEHRU_PARK,accessibility,,,,wheelchair,False,hi,devanagari,template_combinatorial,train
anna nagar lift and escalator working status?,accessibility:escalator_working,ANNA_NAGAR,accessibility,,,,wheelchair,False,hinglish,latin_hinglish,template_combinatorial,train
airport lift and escalator working status?,accessibility:escalator_working,CHENNAI_AIRPORT,accessibility,,,,wheelchair,False,hinglish,latin_hinglish,template_combinatorial,train
दिव्यांग यात्रियों के लिए नंदनम पर विशेष सहायता काउंटर है?,accessibility:special_assistance,NANDANAM,accessibility,,,,wheelchair,False,hi,devanagari,template_combinatorial,train
is high court metro station wheelchair friendly?,accessibility:wheelchair_friendly,HIGH_COURT,accessibility,,,,wheelchair,False,hinglish,latin_hinglish,template_combinatorial,train
कोयम्बेडु मार्केट पर एस्केलेटर काम कर रहा है क्या?,accessibility:escalator_working,KOYAMBEDU,accessibility,,,,wheelchair,False,hi,devanagari,template_combinatorial,train
एलआईसी स्टेशन पर प्लेटफॉर्म तक जाने के लिए लिफ्ट है क्या?,accessibility:platform_lift,LIC,accessibility,,,,wheelchair,False,hi,devanagari,template_combinatorial,train
क्या नंदनम पर दिव्यांगों के लिए रैंप और लिफ्ट है?,accessibility:lift_ramp_combo,NANDANAM,accessibility,,,,wheelchair,False,hi,devanagari,template_combinatorial,train
एलआईसी पर व्हीलचेयर उपलब्ध है क्या?,accessibility:wheelchair_basic,LIC,accessibility,,,,wheelchair,False,hi,devanagari,template_combinatorial,train
vadapalani lift and escalator working status?,accessibility:escalator_working,VADAPALANI,accessibility,,,,wheelchair,False,hinglish,latin_hinglish,template_combinatorial,train
चेन्नई एयरपोर्ट स्टेशन पर लिफ्ट की सुविधा है क्या?,accessibility:lift_facility,CHENNAI_AIRPORT,accessibility,,,,wheelchair,False,hi,devanagari,template_combinatorial,train
thirumangalam lift platform tak jaati hai kya?,accessibility:platform_lift,THIRUMANGALAM,accessibility,,,,wheelchair,False,hinglish,latin_hinglish,template_combinatorial,train
is t nagar metro station wheelchair friendly?,accessibility:wheelchair_friendly,NANDANAM,accessibility,,,,wheelchair,False,hinglish,latin_hinglish,template_combinatorial,train
क्या एग्मोर व्हीलचेयर सुलभ स्टेशन है?,accessibility:wheelchair_accessible,CHENNAI_EGMORE,accessibility,,,,wheelchair,False,hi,devanagari,template_combinatorial,train
हाई कोर्ट स्टेशन पर लिफ्ट की सुविधा है क्या?,accessibility:lift_facility,HIGH_COURT,accessibility,,,,wheelchair,False,hi,devanagari,template_combinatorial,train
is thousand lights metro station wheelchair friendly?,accessibility:wheelchair_friendly,THOUSAND_LIGHTS,accessibility,,,,wheelchair,False,hinglish,latin_hinglish,template_combinatorial,train
क्या चेन्नई सेंट्रल व्हीलचेयर सुलभ स्टेशन है?,accessibility:wheelchair_accessible,CHENNAI_CENTRAL,accessibility,,,,wheelchair,False,hi,devanagari,template_combinatorial,train
सेंट थॉमस माउंट पर व्हीलचेयर उपलब्ध है क्या?,accessibility:wheelchair_basic,ST_THOMAS_MOUNT,accessibility,,,,wheelchair,False,hi,devanagari,template_combinatorial,train
थाउजेंड लाइट्स पर व्हीलचेयर उपलब्ध है क्या?,accessibility:wheelchair_basic,THOUSAND_LIGHTS,accessibility,,,,wheelchair,False,hi,devanagari,template_combinatorial,train
kya nehru park accessible hai wheelchair ke liye?,accessibility:wheelchair_accessible,NEHRU_PARK,accessibility,,,,wheelchair,False,hinglish,latin_hinglish,template_combinatorial,train
kya koyambedu accessible hai wheelchair ke liye?,accessibility:wheelchair_accessible,KOYAMBEDU,accessibility,,,,wheelchair,False,hinglish,latin_hinglish,template_combinatorial,train
सेंट्रल रेलवे स्टेशन स्टेशन पर लिफ्ट की सुविधा है क्या?,accessibility:lift_facility,CHENNAI_CENTRAL,accessibility,,,,wheelchair,False,hi,devanagari,template_combinatorial,train
क्या बुजुर्ग यात्री टी नगर पर व्हीलचेयर सहायता ले सकते हैं?,accessibility:senior_wheelchair,NANDANAM,accessibility,,,,wheelchair,False,hi,devanagari,template_combinatorial,train
क्या बुजुर्ग यात्री शेनॉय नगर पर व्हीलचेयर सहायता ले सकते हैं?,accessibility:senior_wheelchair,SHENOY_NAGAR,accessibility,,,,wheelchair,False,hi,devanagari,template_combinatorial,train
थाउजेंड लाइट्स स्टेशन पर प्लेटफॉर्म तक जाने के लिए लिफ्ट है क्या?,accessibility:platform_lift,THOUSAND_LIGHTS,accessibility,,,,wheelchair,False,hi,devanagari,template_combinatorial,train
is cmbt metro station wheelchair friendly?,accessibility:wheelchair_friendly,CMBT,accessibility,,,,wheelchair,False,hinglish,latin_hinglish,template_combinatorial,train
central lift and escalator working status?,accessibility:escalator_working,CHENNAI_CENTRAL,accessibility,,,,wheelchair,False,hinglish,latin_hinglish,template_combinatorial,train
kya saidapet accessible hai wheelchair ke liye?,accessibility:wheelchair_accessible,SAIDAPET,accessibility,,,,wheelchair,False,hinglish,latin_hinglish,template_combinatorial,train
nehru park par wheelchair available hai kya?,accessibility:wheelchair_basic,NEHRU_PARK,accessibility,,,,wheelchair,False,hinglish,latin_hinglish,template_combinatorial,train
एयरपोर्ट पर स्वचालित सीढ़ियां (escalators) उपलब्ध हैं?,accessibility:escalator_avail,CHENNAI_AIRPORT,accessibility,,,,wheelchair,False,hi,devanagari,template_combinatorial,train
lic par wheelchair available hai kya?,accessibility:wheelchair_basic,LIC,accessibility,,,,wheelchair,False,hinglish,latin_hinglish,template_combinatorial,train
दिव्यांग यात्रियों के लिए तेनामपेट पर विशेष सहायता काउंटर है?,accessibility:special_assistance,TEYNAMPET,accessibility,,,,wheelchair,False,hi,devanagari,template_combinatorial,train
क्या बुजुर्ग यात्री सैदापेट पर व्हीलचेयर सहायता ले सकते हैं?,accessibility:senior_wheelchair,SAIDAPET,accessibility,,,,wheelchair,False,hi,devanagari,template_combinatorial,train
चेन्नई सेंट्रल स्टेशन पर लिफ्ट की सुविधा है क्या?,accessibility:lift_facility,CHENNAI_CENTRAL,accessibility,,,,wheelchair,False,hi,devanagari,template_combinatorial,train
नेहरू पार्क स्टेशन पर लिफ्ट की सुविधा है क्या?,accessibility:lift_facility,NEHRU_PARK,accessibility,,,,wheelchair,False,hi,devanagari,template_combinatorial,train
सेंट्रल पर एस्केलेटर काम कर रहा है क्या?,accessibility:escalator_working,CHENNAI_CENTRAL,accessibility,,,,wheelchair,False,hi,devanagari,template_combinatorial,train
koyambedu lift platform tak jaati hai kya?,accessibility:platform_lift,KOYAMBEDU,accessibility,,,,wheelchair,False,hinglish,latin_hinglish,template_combinatorial,train
क्या बुजुर्ग यात्री सेंट थॉमस माउंट पर व्हीलचेयर सहायता ले सकते हैं?,accessibility:senior_wheelchair,ST_THOMAS_MOUNT,accessibility,,,,wheelchair,False,hi,devanagari,template_combinatorial,train
is vadapalani metro station wheelchair friendly?,accessibility:wheelchair_friendly,VADAPALANI,accessibility,,,,wheelchair,False,hinglish,latin_hinglish,template_combinatorial,train
nandanam lift and escalator working status?,accessibility:escalator_working,NANDANAM,accessibility,,,,wheelchair,False,hinglish,latin_hinglish,template_combinatorial,train
तेनामपेट स्टेशन पर लिफ्ट की सुविधा है क्या?,accessibility:lift_facility,TEYNAMPET,accessibility,,,,wheelchair,False,hi,devanagari,template_combinatorial,train
क्या टी नगर व्हीलचेयर सुलभ स्टेशन है?,accessibility:wheelchair_accessible,NANDANAM,accessibility,,,,wheelchair,False,hi,devanagari,template_combinatorial,train
लिटिल माउंट स्टेशन पर लिफ्ट की सुविधा है क्या?,accessibility:lift_facility,LITTLE_MOUNT,accessibility,,,,wheelchair,False,hi,devanagari,template_combinatorial,train
मीनांबक्कम पर एस्केलेटर काम कर रहा है क्या?,accessibility:escalator_working,MEENAMBAKKAM,accessibility,,,,wheelchair,False,hi,devanagari,template_combinatorial,train
क्या वेलाचेरी व्हीलचेयर सुलभ स्टेशन है?,accessibility:wheelchair_accessible,VELACHERY,accessibility,,,,wheelchair,False,hi,devanagari,template_combinatorial,train
एयरपोर्ट स्टेशन पर लिफ्ट की सुविधा है क्या?,accessibility:lift_facility,CHENNAI_AIRPORT,accessibility,,,,wheelchair,False,hi,devanagari,template_combinatorial,train
क्या बुजुर्ग यात्री गवर्नमेंट एस्टेट पर व्हीलचेयर सहायता ले सकते हैं?,accessibility:senior_wheelchair,GOVERNMENT_ESTATE,accessibility,,,,wheelchair,False,hi,devanagari,template_combinatorial,train
एग्मोर पर स्वचालित सीढ़ियां (escalators) उपलब्ध हैं?,accessibility:escalator_avail,CHENNAI_EGMORE,accessibility,,,,wheelchair,False,hi,devanagari,template_combinatorial,train
government estate par wheelchair available hai kya?,accessibility:wheelchair_basic,GOVERNMENT_ESTATE,accessibility,,,,wheelchair,False,hinglish,latin_hinglish,template_combinatorial,train
क्या वडापलानी पर दिव्यांगों के लिए रैंप और लिफ्ट है?,accessibility:lift_ramp_combo,VADAPALANI,accessibility,,,,wheelchair,False,hi,devanagari,template_combinatorial,train
is teynampet metro station wheelchair friendly?,accessibility:wheelchair_friendly,TEYNAMPET,accessibility,,,,wheelchair,False,hinglish,latin_hinglish,template_combinatorial,train
क्या चेन्नई एयरपोर्ट पर दिव्यांगों के लिए रैंप और लिफ्ट है?,accessibility:lift_ramp_combo,CHENNAI_AIRPORT,accessibility,,,,wheelchair,False,hi,devanagari,template_combinatorial,train
सैदापेट पर व्हीलचेयर उपलब्ध है क्या?,accessibility:wheelchair_basic,SAIDAPET,accessibility,,,,wheelchair,False,hi,devanagari,template_combinatorial,train
शेनॉय नगर पर एस्केलेटर काम कर रहा है क्या?,accessibility:escalator_working,SHENOY_NAGAR,accessibility,,,,wheelchair,False,hi,devanagari,template_combinatorial,train
government estate par disabled passengers ke liye special help hai kya?,accessibility:special_assistance,GOVERNMENT_ESTATE,accessibility,,,,wheelchair,False,hinglish,latin_hinglish,template_combinatorial,train
क्या सीएमबीटी व्हीलचेयर सुलभ स्टेशन है?,accessibility:wheelchair_accessible,CMBT,accessibility,,,,wheelchair,False,hi,devanagari,template_combinatorial,train
क्या लिटिल माउंट मेट्रो स्टेशन बैरियर-फ्री (barrier-free) है?,accessibility:barrier_free,LITTLE_MOUNT,accessibility,,,,wheelchair,False,hi,devanagari,template_combinatorial,train
क्या बुजुर्ग यात्री एग्मोर पर व्हीलचेयर सहायता ले सकते हैं?,accessibility:senior_wheelchair,CHENNAI_EGMORE,accessibility,,,,wheelchair,False,hi,devanagari,template_combinatorial,train
airport lift platform tak jaati hai kya?,accessibility:platform_lift,CHENNAI_AIRPORT,accessibility,,,,wheelchair,False,hinglish,latin_hinglish,template_combinatorial,train
क्या तिरुमंगलम व्हीलचेयर सुलभ स्टेशन है?,accessibility:wheelchair_accessible,THIRUMANGALAM,accessibility,,,,wheelchair,False,hi,devanagari,template_combinatorial,train
anna nagar lift platform tak jaati hai kya?,accessibility:platform_lift,ANNA_NAGAR,accessibility,,,,wheelchair,False,hinglish,latin_hinglish,template_combinatorial,train
ashok nagar par lift aur ramp facility hai kya?,accessibility:lift_ramp_combo,ASHOK_NAGAR,accessibility,,,,wheelchair,False,hinglish,latin_hinglish,template_combinatorial,train
anna nagar par lift aur ramp facility hai kya?,accessibility:lift_ramp_combo,ANNA_NAGAR,accessibility,,,,wheelchair,False,hinglish,latin_hinglish,template_combinatorial,train
सीएमबीटी पर एस्केलेटर काम कर रहा है क्या?,accessibility:escalator_working,CMBT,accessibility,,,,wheelchair,False,hi,devanagari,template_combinatorial,train
दिव्यांग यात्रियों के लिए अशोक नगर पर विशेष सहायता काउंटर है?,accessibility:special_assistance,ASHOK_NAGAR,accessibility,,,,wheelchair,False,hi,devanagari,template_combinatorial,train
kya thirumangalam accessible hai wheelchair ke liye?,accessibility:wheelchair_accessible,THIRUMANGALAM,accessibility,,,,wheelchair,False,hinglish,latin_hinglish,template_combinatorial,train
thousand lights par wheelchair available hai kya?,accessibility:wheelchair_basic,THOUSAND_LIGHTS,accessibility,,,,wheelchair,False,hinglish,latin_hinglish,template_combinatorial,train
little mount par wheelchair available hai kya?,accessibility:wheelchair_basic,LITTLE_MOUNT,accessibility,,,,wheelchair,False,hinglish,latin_hinglish,template_combinatorial,train
दिव्यांग यात्रियों के लिए टी नगर पर विशेष सहायता काउंटर है?,accessibility:special_assistance,NANDANAM,accessibility,,,,wheelchair,False,hi,devanagari,template_combinatorial,train
चेन्नई बीच स्टेशन पर प्लेटफॉर्म तक जाने के लिए लिफ्ट है क्या?,accessibility:platform_lift,CHENNAI_BEACH,accessibility,,,,wheelchair,False,hi,devanagari,template_combinatorial,train
क्या चेन्नई बीच मेट्रो स्टेशन बैरियर-फ्री (barrier-free) है?,accessibility:barrier_free,CHENNAI_BEACH,accessibility,,,,wheelchair,False,hi,devanagari,template_combinatorial,train
central railway station par disabled passengers ke liye special help hai kya?,accessibility:special_assistance,CHENNAI_CENTRAL,accessibility,,,,wheelchair,False,hinglish,latin_hinglish,template_combinatorial,train
chennai egmore par disabled passengers ke liye special help hai kya?,accessibility:special_assistance,CHENNAI_EGMORE,accessibility,,,,wheelchair,False,hinglish,latin_hinglish,template_combinatorial,train
आलंदूर स्टेशन पर प्लेटफॉर्म तक जाने के लिए लिफ्ट है क्या?,accessibility:platform_lift,ALANDUR,accessibility,,,,wheelchair,False,hi,devanagari,template_combinatorial,train
क्या वेलाचेरी मेट्रो स्टेशन बैरियर-फ्री (barrier-free) है?,accessibility:barrier_free,VELACHERY,accessibility,,,,wheelchair,False,hi,devanagari,template_combinatorial,train
दिव्यांग यात्रियों के लिए अन्ना नगर पर विशेष सहायता काउंटर है?,accessibility:special_assistance,ANNA_NAGAR,accessibility,,,,wheelchair,False,hi,devanagari,template_combinatorial,train
chennai central lift and escalator working status?,accessibility:escalator_working,CHENNAI_CENTRAL,accessibility,,,,wheelchair,False,hinglish,latin_hinglish,template_combinatorial,train
क्या अन्ना नगर पर दिव्यांगों के लिए रैंप और लिफ्ट है?,accessibility:lift_ramp_combo,ANNA_NAGAR,accessibility,,,,wheelchair,False,hi,devanagari,template_combinatorial,train
एयरपोर्ट पर एस्केलेटर काम कर रहा है क्या?,accessibility:escalator_working,CHENNAI_AIRPORT,accessibility,,,,wheelchair,False,hi,devanagari,template_combinatorial,train
वेलाचेरी पर व्हीलचेयर उपलब्ध है क्या?,accessibility:wheelchair_basic,VELACHERY,accessibility,,,,wheelchair,False,hi,devanagari,template_combinatorial,train
little mount lift platform tak jaati hai kya?,accessibility:platform_lift,LITTLE_MOUNT,accessibility,,,,wheelchair,False,hinglish,latin_hinglish,template_combinatorial,train
चेन्नई एयरपोर्ट पर एस्केलेटर काम कर रहा है क्या?,accessibility:escalator_working,CHENNAI_AIRPORT,accessibility,,,,wheelchair,False,hi,devanagari,template_combinatorial,train
चेन्नई एयरपोर्ट स्टेशन पर प्लेटफॉर्म तक जाने के लिए लिफ्ट है क्या?,accessibility:platform_lift,CHENNAI_AIRPORT,accessibility,,,,wheelchair,False,hi,devanagari,template_combinatorial,train
कोयम्बेडु मार्केट स्टेशन पर लिफ्ट की सुविधा है क्या?,accessibility:lift_facility,KOYAMBEDU,accessibility,,,,wheelchair,False,hi,devanagari,template_combinatorial,train
teynampet lift platform tak jaati hai kya?,accessibility:platform_lift,TEYNAMPET,accessibility,,,,wheelchair,False,hinglish,latin_hinglish,template_combinatorial,train
नंदनम पर व्हीलचेयर उपलब्ध है क्या?,accessibility:wheelchair_basic,NANDANAM,accessibility,,,,wheelchair,False,hi,devanagari,template_combinatorial,train
chennai egmore par lift aur ramp facility hai kya?,accessibility:lift_ramp_combo,CHENNAI_EGMORE,accessibility,,,,wheelchair,False,hinglish,latin_hinglish,template_combinatorial,train
कोयम्बेडु पर स्वचालित सीढ़ियां (escalators) उपलब्ध हैं?,accessibility:escalator_avail,KOYAMBEDU,accessibility,,,,wheelchair,False,hi,devanagari,template_combinatorial,train
क्या मीनांबक्कम पर दिव्यांगों के लिए रैंप और लिफ्ट है?,accessibility:lift_ramp_combo,MEENAMBAKKAM,accessibility,,,,wheelchair,False,hi,devanagari,template_combinatorial,train
is anna nagar metro station wheelchair friendly?,accessibility:wheelchair_friendly,ANNA_NAGAR,accessibility,,,,wheelchair,False,hinglish,latin_hinglish,template_combinatorial,train
दिव्यांग यात्रियों के लिए सेंट्रल पर विशेष सहायता काउंटर है?,accessibility:special_assistance,CHENNAI_CENTRAL,accessibility,,,,wheelchair,False,hi,devanagari,template_combinatorial,train
shenoy nagar par disabled passengers ke liye special help hai kya?,accessibility:special_assistance,SHENOY_NAGAR,accessibility,,,,wheelchair,False,hinglish,latin_hinglish,template_combinatorial,train
एयरपोर्ट स्टेशन पर प्लेटफॉर्म तक जाने के लिए लिफ्ट है क्या?,accessibility:platform_lift,CHENNAI_AIRPORT,accessibility,,,,wheelchair,False,hi,devanagari,template_combinatorial,train
thirumangalam par lift aur ramp facility hai kya?,accessibility:lift_ramp_combo,THIRUMANGALAM,accessibility,,,,wheelchair,False,hinglish,latin_hinglish,template_combinatorial,train
हवाई अड्डा पर एस्केलेटर काम कर रहा है क्या?,accessibility:escalator_working,CHENNAI_AIRPORT,accessibility,,,,wheelchair,False,hi,devanagari,template_combinatorial,train
anna nagar par disabled passengers ke liye special help hai kya?,accessibility:special_assistance,ANNA_NAGAR,accessibility,,,,wheelchair,False,hinglish,latin_hinglish,template_combinatorial,train
क्या बुजुर्ग यात्री हाई कोर्ट पर व्हीलचेयर सहायता ले सकते हैं?,accessibility:senior_wheelchair,HIGH_COURT,accessibility,,,,wheelchair,False,hi,devanagari,template_combinatorial,train
क्या हाई कोर्ट पर दिव्यांगों के लिए रैंप और लिफ्ट है?,accessibility:lift_ramp_combo,HIGH_COURT,accessibility,,,,wheelchair,False,hi,devanagari,template_combinatorial,train
is central railway station metro station wheelchair friendly?,accessibility:wheelchair_friendly,CHENNAI_CENTRAL,accessibility,,,,wheelchair,False,hinglish,latin_hinglish,template_combinatorial,train
थाउजेंड लाइट्स पर एस्केलेटर काम कर रहा है क्या?,accessibility:escalator_working,THOUSAND_LIGHTS,accessibility,,,,wheelchair,False,hi,devanagari,template_combinatorial,train
kya alandur accessible hai wheelchair ke liye?,accessibility:wheelchair_accessible,ALANDUR,accessibility,,,,wheelchair,False,hinglish,latin_hinglish,template_combinatorial,train
kya tambaram accessible hai wheelchair ke liye?,accessibility:wheelchair_accessible,TAMBARAM,accessibility,,,,wheelchair,False,hinglish,latin_hinglish,template_combinatorial,train
क्या सेंट थॉमस माउंट मेट्रो स्टेशन बैरियर-फ्री (barrier-free) है?,accessibility:barrier_free,ST_THOMAS_MOUNT,accessibility,,,,wheelchair,False,hi,devanagari,template_combinatorial,train
क्या चेन्नई एग्मोर व्हीलचेयर सुलभ स्टेशन है?,accessibility:wheelchair_accessible,CHENNAI_EGMORE,accessibility,,,,wheelchair,False,hi,devanagari,template_combinatorial,train
teynampet par lift aur ramp facility hai kya?,accessibility:lift_ramp_combo,TEYNAMPET,accessibility,,,,wheelchair,False,hinglish,latin_hinglish,template_combinatorial,train
आलंदूर स्टेशन पर लिफ्ट की सुविधा है क्या?,accessibility:lift_facility,ALANDUR,accessibility,,,,wheelchair,False,hi,devanagari,template_combinatorial,train
एजी-डीएमएस पर व्हीलचेयर उपलब्ध है क्या?,accessibility:wheelchair_basic,AG_DMS,accessibility,,,,wheelchair,False,hi,devanagari,template_combinatorial,train
saidapet lift and escalator working status?,accessibility:escalator_working,SAIDAPET,accessibility,,,,wheelchair,False,hinglish,latin_hinglish,template_combinatorial,train
नेहरू पार्क पर स्वचालित सीढ़ियां (escalators) उपलब्ध हैं?,accessibility:escalator_avail,NEHRU_PARK,accessibility,,,,wheelchair,False,hi,devanagari,template_combinatorial,train
चेन्नई एग्मोर पर व्हीलचेयर उपलब्ध है क्या?,accessibility:wheelchair_basic,CHENNAI_EGMORE,accessibility,,,,wheelchair,False,hi,devanagari,template_combinatorial,train
high court lift platform tak jaati hai kya?,accessibility:platform_lift,HIGH_COURT,accessibility,,,,wheelchair,False,hinglish,latin_hinglish,template_combinatorial,train
thirumangalam par disabled passengers ke liye special help hai kya?,accessibility:special_assistance,THIRUMANGALAM,accessibility,,,,wheelchair,False,hinglish,latin_hinglish,template_combinatorial,train
कोयम्बेडु मार्केट पर व्हीलचेयर उपलब्ध है क्या?,accessibility:wheelchair_basic,KOYAMBEDU,accessibility,,,,wheelchair,False,hi,devanagari,template_combinatorial,train
एजी-डीएमएस पर एस्केलेटर काम कर रहा है क्या?,accessibility:escalator_working,AG_DMS,accessibility,,,,wheelchair,False,hi,devanagari,template_combinatorial,train
दिव्यांग यात्रियों के लिए किल्पॉक पर विशेष सहायता काउंटर है?,accessibility:special_assistance,KILPAUK,accessibility,,,,wheelchair,False,hi,devanagari,template_combinatorial,train
शेनॉय नगर पर स्वचालित सीढ़ियां (escalators) उपलब्ध हैं?,accessibility:escalator_avail,SHENOY_NAGAR,accessibility,,,,wheelchair,False,hi,devanagari,template_combinatorial,train
is chennai beach metro station wheelchair friendly?,accessibility:wheelchair_friendly,CHENNAI_BEACH,accessibility,,,,wheelchair,False,hinglish,latin_hinglish,template_combinatorial,train
सेंट्रल रेलवे स्टेशन पर एस्केलेटर काम कर रहा है क्या?,accessibility:escalator_working,CHENNAI_CENTRAL,accessibility,,,,wheelchair,False,hi,devanagari,template_combinatorial,train
velachery par wheelchair available hai kya?,accessibility:wheelchair_basic,VELACHERY,accessibility,,,,wheelchair,False,hinglish,latin_hinglish,template_combinatorial,train
क्या आलंदूर व्हीलचेयर सुलभ स्टेशन है?,accessibility:wheelchair_accessible,ALANDUR,accessibility,,,,wheelchair,False,hi,devanagari,template_combinatorial,train
central railway station par lift aur ramp facility hai kya?,accessibility:lift_ramp_combo,CHENNAI_CENTRAL,accessibility,,,,wheelchair,False,hinglish,latin_hinglish,template_combinatorial,train
central par lift aur ramp facility hai kya?,accessibility:lift_ramp_combo,CHENNAI_CENTRAL,accessibility,,,,wheelchair,False,hinglish,latin_hinglish,template_combinatorial,train
क्या सेंट्रल रेलवे स्टेशन व्हीलचेयर सुलभ स्टेशन है?,accessibility:wheelchair_accessible,CHENNAI_CENTRAL,accessibility,,,,wheelchair,False,hi,devanagari,template_combinatorial,train
is kilpauk metro station wheelchair friendly?,accessibility:wheelchair_friendly,KILPAUK,accessibility,,,,wheelchair,False,hinglish,latin_hinglish,template_combinatorial,train
हवाई अड्डा पर व्हीलचेयर उपलब्ध है क्या?,accessibility:wheelchair_basic,CHENNAI_AIRPORT,accessibility,,,,wheelchair,False,hi,devanagari,template_combinatorial,train
alandur lift platform tak jaati hai kya?,accessibility:platform_lift,ALANDUR,accessibility,,,,wheelchair,False,hinglish,latin_hinglish,template_combinatorial,train
दिव्यांग यात्रियों के लिए एयरपोर्ट पर विशेष सहायता काउंटर है?,accessibility:special_assistance,CHENNAI_AIRPORT,accessibility,,,,wheelchair,False,hi,devanagari,template_combinatorial,train
अन्ना नगर स्टेशन पर प्लेटफॉर्म तक जाने के लिए लिफ्ट है क्या?,accessibility:platform_lift,ANNA_NAGAR,accessibility,,,,wheelchair,False,hi,devanagari,template_combinatorial,train
क्या नंदनम व्हीलचेयर सुलभ स्टेशन है?,accessibility:wheelchair_accessible,NANDANAM,accessibility,,,,wheelchair,False,hi,devanagari,template_combinatorial,train
क्या हाई कोर्ट व्हीलचेयर सुलभ स्टेशन है?,accessibility:wheelchair_accessible,HIGH_COURT,accessibility,,,,wheelchair,False,hi,devanagari,template_combinatorial,train
क्या सैदापेट पर दिव्यांगों के लिए रैंप और लिफ्ट है?,accessibility:lift_ramp_combo,SAIDAPET,accessibility,,,,wheelchair,False,hi,devanagari,template_combinatorial,train
हाई कोर्ट स्टेशन पर प्लेटफॉर्म तक जाने के लिए लिफ्ट है क्या?,accessibility:platform_lift,HIGH_COURT,accessibility,,,,wheelchair,False,hi,devanagari,template_combinatorial,train
is velachery metro station wheelchair friendly?,accessibility:wheelchair_friendly,VELACHERY,accessibility,,,,wheelchair,False,hinglish,latin_hinglish,template_combinatorial,train
नंदनम स्टेशन पर प्लेटफॉर्म तक जाने के लिए लिफ्ट है क्या?,accessibility:platform_lift,NANDANAM,accessibility,,,,wheelchair,False,hi,devanagari,template_combinatorial,train
chennai airport lift platform tak jaati hai kya?,accessibility:platform_lift,CHENNAI_AIRPORT,accessibility,,,,wheelchair,False,hinglish,latin_hinglish,template_combinatorial,train
central par wheelchair available hai kya?,accessibility:wheelchair_basic,CHENNAI_CENTRAL,accessibility,,,,wheelchair,False,hinglish,latin_hinglish,template_combinatorial,train
kya chennai airport accessible hai wheelchair ke liye?,accessibility:wheelchair_accessible,CHENNAI_AIRPORT,accessibility,,,,wheelchair,False,hinglish,latin_hinglish,template_combinatorial,train
high court par lift aur ramp facility hai kya?,accessibility:lift_ramp_combo,HIGH_COURT,accessibility,,,,wheelchair,False,hinglish,latin_hinglish,template_combinatorial,train
guindy par lift aur ramp facility hai kya?,accessibility:lift_ramp_combo,GUINDY,accessibility,,,,wheelchair,False,hinglish,latin_hinglish,template_combinatorial,train
क्या कोयम्बेडु मार्केट पर दिव्यांगों के लिए रैंप और लिफ्ट है?,accessibility:lift_ramp_combo,KOYAMBEDU,accessibility,,,,wheelchair,False,hi,devanagari,template_combinatorial,train
high court par disabled passengers ke liye special help hai kya?,accessibility:special_assistance,HIGH_COURT,accessibility,,,,wheelchair,False,hinglish,latin_hinglish,template_combinatorial,train
high court par wheelchair available hai kya?,accessibility:wheelchair_basic,HIGH_COURT,accessibility,,,,wheelchair,False,hinglish,latin_hinglish,template_combinatorial,train
दिव्यांग यात्रियों के लिए शेनॉय नगर पर विशेष सहायता काउंटर है?,accessibility:special_assistance,SHENOY_NAGAR,accessibility,,,,wheelchair,False,hi,devanagari,template_combinatorial,train
क्या बुजुर्ग यात्री सेंट्रल रेलवे स्टेशन पर व्हीलचेयर सहायता ले सकते हैं?,accessibility:senior_wheelchair,CHENNAI_CENTRAL,accessibility,,,,wheelchair,False,hi,devanagari,template_combinatorial,train
क्या मीनांबक्कम व्हीलचेयर सुलभ स्टेशन है?,accessibility:wheelchair_accessible,MEENAMBAKKAM,accessibility,,,,wheelchair,False,hi,devanagari,template_combinatorial,train
egmore lift and escalator working status?,accessibility:escalator_working,CHENNAI_EGMORE,accessibility,,,,wheelchair,False,hinglish,latin_hinglish,template_combinatorial,train
थाउजेंड लाइट्स स्टेशन पर लिफ्ट की सुविधा है क्या?,accessibility:lift_facility,THOUSAND_LIGHTS,accessibility,,,,wheelchair,False,hi,devanagari,template_combinatorial,train
वडापलानी पर स्वचालित सीढ़ियां (escalators) उपलब्ध हैं?,accessibility:escalator_avail,VADAPALANI,accessibility,,,,wheelchair,False,hi,devanagari,template_combinatorial,train
ag dms par wheelchair available hai kya?,accessibility:wheelchair_basic,AG_DMS,accessibility,,,,wheelchair,False,hinglish,latin_hinglish,template_combinatorial,train
गिंडी पर व्हीलचेयर उपलब्ध है क्या?,accessibility:wheelchair_basic,GUINDY,accessibility,,,,wheelchair,False,hi,devanagari,template_combinatorial,train
thousand lights lift and escalator working status?,accessibility:escalator_working,THOUSAND_LIGHTS,accessibility,,,,wheelchair,False,hinglish,latin_hinglish,template_combinatorial,train
chennai airport par wheelchair available hai kya?,accessibility:wheelchair_basic,CHENNAI_AIRPORT,accessibility,,,,wheelchair,False,hinglish,latin_hinglish,template_combinatorial,train
क्या तिरुमंगलम मेट्रो स्टेशन बैरियर-फ्री (barrier-free) है?,accessibility:barrier_free,THIRUMANGALAM,accessibility,,,,wheelchair,False,hi,devanagari,template_combinatorial,train
क्या मीनांबक्कम मेट्रो स्टेशन बैरियर-फ्री (barrier-free) है?,accessibility:barrier_free,MEENAMBAKKAM,accessibility,,,,wheelchair,False,hi,devanagari,template_combinatorial,train
चेन्नई बीच पर व्हीलचेयर उपलब्ध है क्या?,accessibility:wheelchair_basic,CHENNAI_BEACH,accessibility,,,,wheelchair,False,hi,devanagari,template_combinatorial,train
मीनांबक्कम काउंटर से क्यूआर टिकट मिल सकता है क्या?,ticketing:ticket_counter,MEENAMBAKKAM,ticketing,,,,fare,False,hi,devanagari,template_combinatorial,train
क्या अन्ना नगर मेट्रो में क्यूआर टिकट चलता है?,ticketing:ncmc_card,ANNA_NAGAR,ticketing,,,,fare,False,hi,devanagari,template_combinatorial,train
लोकल ट्रेन का न्यूनतम और अधिकतम किराया क्या है?,ticketing:fare_range,,ticketing,,,suburban_rail,fare,False,hi,devanagari,template_combinatorial,train
क्या अशोक नगर मेट्रो में टोकन चलता है?,ticketing:ncmc_card,ASHOK_NAGAR,ticketing,,,,fare,False,hi,devanagari,template_combinatorial,train
what is the token cost from little mount to st thomas mount?,ticketing:fare_english,LITTLE_MOUNT,ticketing,LITTLE_MOUNT,ST_THOMAS_MOUNT,,fare,False,hinglish,latin_hinglish,template_combinatorial,train
वेलाचेरी पर मेट्रो का टिकट काउंटर कहाँ है?,ticketing:ticket_counter,VELACHERY,ticketing,,,metro,fare,False,hi,devanagari,template_combinatorial,train
लिटिल माउंट पर बस का टिकट काउंटर कहाँ है?,ticketing:ticket_counter,LITTLE_MOUNT,ticketing,,,bus,fare,False,hi,devanagari,template_combinatorial,train
मेट्रो का न्यूनतम और अधिकतम किराया क्या है?,ticketing:fare_range,,ticketing,,,metro,fare,False,hi,devanagari,template_combinatorial,train
लिटिल माउंट काउंटर से टूरिस्ट पास मिल सकता है क्या?,ticketing:ticket_counter,LITTLE_MOUNT,ticketing,,,,fare,False,hi,devanagari,template_combinatorial,train
क्या टी नगर से हाई कोर्ट जाने के लिए एनसीएमसी रूपे कार्ड मिलता है?,ticketing:qr_ticket,NANDANAM,ticketing,NANDANAM,HIGH_COURT,,fare,False,hi,devanagari,template_combinatorial,train
चेन्नई सेंट्रल काउंटर से स्मार्ट कार्ड मिल सकता है क्या?,ticketing:ticket_counter,CHENNAI_CENTRAL,ticketing,,,,fare,False,hi,devanagari,template_combinatorial,train
सेंट्रल पर मेट्रो का टिकट काउंटर कहाँ है?,ticketing:ticket_counter,CHENNAI_CENTRAL,ticketing,,,metro,fare,False,hi,devanagari,template_combinatorial,train
एजी-डीएमएस पर टोकन ऑनलाइन कैसे बुक करें?,ticketing:whatsapp_ticketing,AG_DMS,ticketing,,,,fare,False,hi,devanagari,template_combinatorial,train
चेन्नई सेंट्रल काउंटर से व्हाट्सएप टिकट मिल सकता है क्या?,ticketing:ticket_counter,CHENNAI_CENTRAL,ticketing,,,,fare,False,hi,devanagari,template_combinatorial,train
सैदापेट पर सीजन पास ऑनलाइन कैसे बुक करें?,ticketing:whatsapp_ticketing,SAIDAPET,ticketing,,,,fare,False,hi,devanagari,template_combinatorial,train
koyambedu me ncmc card discount kitna milta hai?,ticketing:smartcard_discount,KOYAMBEDU,ticketing,,,,fare,False,hinglish,latin_hinglish,template_combinatorial,train
थाउजेंड लाइट्स पर लोकल ट्रेन का टिकट काउंटर कहाँ है?,ticketing:ticket_counter,THOUSAND_LIGHTS,ticketing,,,suburban_rail,fare,False,hi,devanagari,template_combinatorial,train
कोयम्बेडु पर स्मार्ट कार्ड पर कितने प्रतिशत की छूट मिलती है?,ticketing:smartcard_discount,KOYAMBEDU,ticketing,,,,fare,False,hi,devanagari,template_combinatorial,train
what is the token cost from egmore to t nagar?,ticketing:fare_english,CHENNAI_EGMORE,ticketing,CHENNAI_EGMORE,NANDANAM,,fare,False,hinglish,latin_hinglish,template_combinatorial,train
एयरपोर्ट से अन्ना नगर तक व्हाट्सएप टिकट का दाम क्या है?,ticketing:ticket_price,CHENNAI_AIRPORT,ticketing,CHENNAI_AIRPORT,ANNA_NAGAR,,fare,False,hi,devanagari,template_combinatorial,train
एजी-डीएमएस पर व्हाट्सएप टिकट का क्या नियम है?,ticketing:monthly_pass,AG_DMS,ticketing,,,,fare,False,hi,devanagari,template_combinatorial,train
can i use whatsapp ticket at tambaram metro station?,ticketing:ncmc_card,TAMBARAM,ticketing,,,,fare,False,hinglish,latin_hinglish,template_combinatorial,train
कोयम्बेडु मार्केट काउंटर से टोकन मिल सकता है क्या?,ticketing:ticket_counter,KOYAMBEDU,ticketing,,,,fare,False,hi,devanagari,template_combinatorial,train
government estate me tourist pass discount kitna milta hai?,ticketing:smartcard_discount,GOVERNMENT_ESTATE,ticketing,,,,fare,False,hinglish,latin_hinglish,template_combinatorial,train
thirumangalam to central railway station monthly pass price kya hai?,ticketing:ticket_price,THIRUMANGALAM,ticketing,THIRUMANGALAM,CHENNAI_CENTRAL,,fare,False,hinglish,latin_hinglish,template_combinatorial,train
चेन्नई एग्मोर पर बस का टिकट काउंटर कहाँ है?,ticketing:ticket_counter,CHENNAI_EGMORE,ticketing,,,bus,fare,False,hi,devanagari,template_combinatorial,train
chennai airport me smart card cost kitna hai?,ticketing:monthly_pass,CHENNAI_AIRPORT,ticketing,,,,fare,False,hinglish,latin_hinglish,template_combinatorial,train
एयरपोर्ट पर बस का टिकट काउंटर कहाँ है?,ticketing:ticket_counter,CHENNAI_AIRPORT,ticketing,,,bus,fare,False,hi,devanagari,template_combinatorial,train
क्या अन्ना नगर मेट्रो में टूरिस्ट पास चलता है?,ticketing:ncmc_card,ANNA_NAGAR,ticketing,,,,fare,False,hi,devanagari,template_combinatorial,train
high court me metro pass cost kitna hai?,ticketing:monthly_pass,HIGH_COURT,ticketing,,,,fare,False,hinglish,latin_hinglish,template_combinatorial,train
what is the season pass cost from airport to vadapalani?,ticketing:fare_english,CHENNAI_AIRPORT,ticketing,CHENNAI_AIRPORT,VADAPALANI,,fare,False,hinglish,latin_hinglish,template_combinatorial,train
अन्ना नगर पर लोकल ट्रेन का टिकट काउंटर कहाँ है?,ticketing:ticket_counter,ANNA_NAGAR,ticketing,,,suburban_rail,fare,False,hi,devanagari,template_combinatorial,train
saidapet par smart card online booking kaise kare?,ticketing:qr_ticket,SAIDAPET,ticketing,,,,fare,False,hinglish,latin_hinglish,template_combinatorial,train
बच्चों और वरिष्ठ नागरिकों के लिए किराये में छूट है क्या? जल्दी बताओ,ticketing:concession_discount,,ticketing,,,,fare,False,hi,devanagari,template_combinatorial,train
एलआईसी पर मासिक पास खो जाए तो कितना जुर्माना लगता है?,ticketing:penalty_lost,LIC,ticketing,,,,fare,False,hi,devanagari,template_combinatorial,train
क्या चेन्नई एयरपोर्ट से अन्ना नगर के लिए क्यूआर टिकट खरीद सकते हैं?,ticketing:online_ticket,CHENNAI_AIRPORT,ticketing,CHENNAI_AIRPORT,ANNA_NAGAR,,fare,False,hi,devanagari,template_combinatorial,train
एलआईसी पर टिकट पर कितने प्रतिशत की छूट मिलती है?,ticketing:smartcard_discount,LIC,ticketing,,,,fare,False,hi,devanagari,template_combinatorial,train
airport par monthly pass online booking kaise kare?,ticketing:qr_ticket,CHENNAI_AIRPORT,ticketing,,,,fare,False,hinglish,latin_hinglish,template_combinatorial,train
गिंडी पर बस का टिकट काउंटर कहाँ है?,ticketing:ticket_counter,GUINDY,ticketing,,,bus,fare,False,hi,devanagari,template_combinatorial,train
little mount to nandanam smart card price kya hai?,ticketing:ticket_price,LITTLE_MOUNT,ticketing,LITTLE_MOUNT,NANDANAM,,fare,False,hinglish,latin_hinglish,template_combinatorial,train
बच्चों और वरिष्ठ नागरिकों के लिए किराये में छूट है क्या? क्या आप जानते हैं?,ticketing:concession_discount,,ticketing,,,,fare,False,hi,devanagari,template_combinatorial,train
गवर्नमेंट एस्टेट पर व्हाट्सएप टिकट ऑनलाइन कैसे बुक करें?,ticketing:whatsapp_ticketing,GOVERNMENT_ESTATE,ticketing,,,,fare,False,hi,devanagari,template_combinatorial,train
कोयम्बेडु काउंटर से मेट्रो पास मिल सकता है क्या?,ticketing:ticket_counter,KOYAMBEDU,ticketing,,,,fare,False,hi,devanagari,template_combinatorial,train
चेन्नई सेंट्रल से थाउजेंड लाइट्स तक एनसीएमसी रूपे कार्ड का दाम क्या है?,ticketing:ticket_price,CHENNAI_CENTRAL,ticketing,CHENNAI_CENTRAL,THOUSAND_LIGHTS,,fare,False,hi,devanagari,template_combinatorial,train
क्या कोयम्बेडु मार्केट से टी नगर जाने के लिए टूरिस्ट पास मिलता है?,ticketing:qr_ticket,KOYAMBEDU,ticketing,KOYAMBEDU,NANDANAM,,fare,False,hi,devanagari,template_combinatorial,train
egmore me whatsapp ticket cost kitna hai?,ticketing:monthly_pass,CHENNAI_EGMORE,ticketing,,,,fare,False,hinglish,latin_hinglish,template_combinatorial,train
t nagar me token accept hota hai kya?,ticketing:ncmc_card,NANDANAM,ticketing,,,,fare,False,hinglish,latin_hinglish,template_combinatorial,train
ताम्बरम पर मेट्रो पास का क्या नियम है?,ticketing:monthly_pass,TAMBARAM,ticketing,,,,fare,False,hi,devanagari,template_combinatorial,train
koyambedu par monthly pass online booking kaise kare?,ticketing:qr_ticket,KOYAMBEDU,ticketing,,,,fare,False,hinglish,latin_hinglish,template_combinatorial,train
क्या थाउजेंड लाइट्स मेट्रो में मेट्रो पास चलता है?,ticketing:ncmc_card,THOUSAND_LIGHTS,ticketing,,,,fare,False,hi,devanagari,template_combinatorial,train
what is the smart card cost from anna nagar to vadapalani?,ticketing:fare_english,ANNA_NAGAR,ticketing,ANNA_NAGAR,VADAPALANI,,fare,False,hinglish,latin_hinglish,template_combinatorial,train
high court me whatsapp ticket cost kitna hai?,ticketing:monthly_pass,HIGH_COURT,ticketing,,,,fare,False,hinglish,latin_hinglish,template_combinatorial,train
ag dms to chennai egmore ticket price kya hai?,ticketing:ticket_price,AG_DMS,ticketing,AG_DMS,CHENNAI_EGMORE,,fare,False,hinglish,latin_hinglish,template_combinatorial,train
can i use smart card at shenoy nagar metro station?,ticketing:ncmc_card,SHENOY_NAGAR,ticketing,,,,fare,False,hinglish,latin_hinglish,template_combinatorial,train
क्या एजी-डीएमएस से कोयम्बेडु मार्केट के लिए स्मार्ट कार्ड खरीद सकते हैं?,ticketing:online_ticket,AG_DMS,ticketing,AG_DMS,KOYAMBEDU,,fare,False,hi,devanagari,template_combinatorial,train
saidapet me season pass accept hota hai kya?,ticketing:ncmc_card,SAIDAPET,ticketing,,,,fare,False,hinglish,latin_hinglish,template_combinatorial,train
क्या कोयम्बेडु से तेनामपेट के लिए एनसीएमसी रूपे कार्ड खरीद सकते हैं?,ticketing:online_ticket,KOYAMBEDU,ticketing,KOYAMBEDU,TEYNAMPET,,fare,False,hi,devanagari,template_combinatorial,train
शेनॉय नगर पर स्मार्ट कार्ड का क्या नियम है?,ticketing:monthly_pass,SHENOY_NAGAR,ticketing,,,,fare,False,hi,devanagari,template_combinatorial,train
बस का न्यूनतम और अधिकतम किराया क्या है?,ticketing:fare_range,,ticketing,,,bus,fare,False,hi,devanagari,template_combinatorial,train
ताम्बरम पर ट्रेन का टिकट काउंटर कहाँ है?,ticketing:ticket_counter,TAMBARAM,ticketing,,,railway,fare,False,hi,devanagari,template_combinatorial,train
बच्चों और वरिष्ठ नागरिकों के लिए किराये में छूट है क्या? जी,ticketing:concession_discount,,ticketing,,,,fare,False,hi,devanagari,template_combinatorial,train
airport me season pass cost kitna hai?,ticketing:monthly_pass,CHENNAI_AIRPORT,ticketing,,,,fare,False,hinglish,latin_hinglish,template_combinatorial,train
nehru park me metro pass cost kitna hai?,ticketing:monthly_pass,NEHRU_PARK,ticketing,,,,fare,False,hinglish,latin_hinglish,template_combinatorial,train
कोयम्बेडु पर सीजन पास ऑनलाइन कैसे बुक करें?,ticketing:whatsapp_ticketing,KOYAMBEDU,ticketing,,,,fare,False,hi,devanagari,template_combinatorial,train
एलआईसी पर टोकन पर कितने प्रतिशत की छूट मिलती है?,ticketing:smartcard_discount,LIC,ticketing,,,,fare,False,hi,devanagari,template_combinatorial,train
egmore me metro pass accept hota hai kya?,ticketing:ncmc_card,CHENNAI_EGMORE,ticketing,,,,fare,False,hinglish,latin_hinglish,template_combinatorial,train
chennai egmore me qr ticket discount kitna milta hai?,ticketing:smartcard_discount,CHENNAI_EGMORE,ticketing,,,,fare,False,hinglish,latin_hinglish,template_combinatorial,train
चेन्नई एग्मोर पर क्यूआर टिकट ऑनलाइन कैसे बुक करें?,ticketing:whatsapp_ticketing,CHENNAI_EGMORE,ticketing,,,,fare,False,hi,devanagari,template_combinatorial,train
सेंट थॉमस माउंट से सेंट्रल रेलवे स्टेशन तक टोकन का दाम क्या है?,ticketing:ticket_price,ST_THOMAS_MOUNT,ticketing,ST_THOMAS_MOUNT,CHENNAI_CENTRAL,,fare,False,hi,devanagari,template_combinatorial,train
chennai egmore me whatsapp ticket discount kitna milta hai?,ticketing:smartcard_discount,CHENNAI_EGMORE,ticketing,,,,fare,False,hinglish,latin_hinglish,template_combinatorial,train
क्या एयरपोर्ट मेट्रो में एनसीएमसी रूपे कार्ड चलता है?,ticketing:ncmc_card,CHENNAI_AIRPORT,ticketing,,,,fare,False,hi,devanagari,template_combinatorial,train
क्या कोयम्बेडु मार्केट से लिटिल माउंट जाने के लिए सीजन पास मिलता है?,ticketing:qr_ticket,KOYAMBEDU,ticketing,KOYAMBEDU,LITTLE_MOUNT,,fare,False,hi,devanagari,template_combinatorial,train
tambaram me ticket cost kitna hai?,ticketing:monthly_pass,TAMBARAM,ticketing,,,,fare,False,hinglish,latin_hinglish,template_combinatorial,train
गिंडी काउंटर से मेट्रो पास मिल सकता है क्या?,ticketing:ticket_counter,GUINDY,ticketing,,,,fare,False,hi,devanagari,template_combinatorial,train
एजी-डीएमएस पर स्मार्ट कार्ड ऑनलाइन कैसे बुक करें?,ticketing:whatsapp_ticketing,AG_DMS,ticketing,,,,fare,False,hi,devanagari,template_combinatorial,train
what is the season pass cost from saidapet to central?,ticketing:fare_english,SAIDAPET,ticketing,SAIDAPET,CHENNAI_CENTRAL,,fare,False,hinglish,latin_hinglish,template_combinatorial,train
ट्रेन का न्यूनतम और अधिकतम किराया क्या है?,ticketing:fare_range,,ticketing,,,railway,fare,False,hi,devanagari,template_combinatorial,train
चेन्नई सेंट्रल पर टूरिस्ट पास का क्या नियम है?,ticketing:monthly_pass,CHENNAI_CENTRAL,ticketing,,,,fare,False,hi,devanagari,template_combinatorial,train
सीएमबीटी पर टोकन ऑनलाइन कैसे बुक करें?,ticketing:whatsapp_ticketing,CMBT,ticketing,,,,fare,False,hi,devanagari,template_combinatorial,train
चेन्नई सेंट्रल पर टूरिस्ट पास पर कितने प्रतिशत की छूट मिलती है?,ticketing:smartcard_discount,CHENNAI_CENTRAL,ticketing,,,,fare,False,hi,devanagari,template_combinatorial,train
क्या एयरपोर्ट से वडापलानी के लिए एनसीएमसी रूपे कार्ड खरीद सकते हैं?,ticketing:online_ticket,CHENNAI_AIRPORT,ticketing,CHENNAI_AIRPORT,VADAPALANI,,fare,False,hi,devanagari,template_combinatorial,train
what is the ticket cost from cmbt to government estate?,ticketing:fare_english,CMBT,ticketing,CMBT,GOVERNMENT_ESTATE,,fare,False,hinglish,latin_hinglish,template_combinatorial,train
central railway station me metro pass accept hota hai kya?,ticketing:ncmc_card,CHENNAI_CENTRAL,ticketing,,,,fare,False,hinglish,latin_hinglish,template_combinatorial,train
क्या वेलाचेरी मेट्रो में एनसीएमसी रूपे कार्ड चलता है?,ticketing:ncmc_card,VELACHERY,ticketing,,,,fare,False,hi,devanagari,template_combinatorial,train
क्या सेंट थॉमस माउंट मेट्रो में मासिक पास चलता है?,ticketing:ncmc_card,ST_THOMAS_MOUNT,ticketing,,,,fare,False,hi,devanagari,template_combinatorial,train
अन्ना नगर से मीनांबक्कम तक मेट्रो पास का दाम क्या है?,ticketing:ticket_price,ANNA_NAGAR,ticketing,ANNA_NAGAR,MEENAMBAKKAM,,fare,False,hi,devanagari,template_combinatorial,train
क्या चेन्नई एयरपोर्ट से थाउजेंड लाइट्स के लिए क्यूआर टिकट खरीद सकते हैं?,ticketing:online_ticket,CHENNAI_AIRPORT,ticketing,CHENNAI_AIRPORT,THOUSAND_LIGHTS,,fare,False,hi,devanagari,template_combinatorial,train
सेंट थॉमस माउंट पर सीजन पास खो जाए तो कितना जुर्माना लगता है?,ticketing:penalty_lost,ST_THOMAS_MOUNT,ticketing,,,,fare,False,hi,devanagari,template_combinatorial,train
कोयम्बेडु पर टूरिस्ट पास का क्या नियम है?,ticketing:monthly_pass,KOYAMBEDU,ticketing,,,,fare,False,hi,devanagari,template_combinatorial,train
लिटिल माउंट पर मेट्रो का टिकट काउंटर कहाँ है?,ticketing:ticket_counter,LITTLE_MOUNT,ticketing,,,metro,fare,False,hi,devanagari,template_combinatorial,train
central me tourist pass discount kitna milta hai?,ticketing:smartcard_discount,CHENNAI_CENTRAL,ticketing,,,,fare,False,hinglish,latin_hinglish,template_combinatorial,train
central railway station me smart card accept hota hai kya?,ticketing:ncmc_card,CHENNAI_CENTRAL,ticketing,,,,fare,False,hinglish,latin_hinglish,template_combinatorial,train
बच्चों और वरिष्ठ नागरिकों के लिए किराये में छूट है क्या? कृपया बताइए,ticketing:concession_discount,,ticketing,,,,fare,False,hi,devanagari,template_combinatorial,train
vadapalani par monthly pass online booking kaise kare?,ticketing:qr_ticket,VADAPALANI,ticketing,,,,fare,False,hinglish,latin_hinglish,template_combinatorial,train
कोयम्बेडु पर लोकल ट्रेन का टिकट काउंटर कहाँ है?,ticketing:ticket_counter,KOYAMBEDU,ticketing,,,suburban_rail,fare,False,hi,devanagari,template_combinatorial,train
गिंडी से किल्पॉक तक क्यूआर टिकट का दाम क्या है?,ticketing:ticket_price,GUINDY,ticketing,GUINDY,KILPAUK,,fare,False,hi,devanagari,template_combinatorial,train
क्या थाउजेंड लाइट्स मेट्रो में व्हाट्सएप टिकट चलता है?,ticketing:ncmc_card,THOUSAND_LIGHTS,ticketing,,,,fare,False,hi,devanagari,template_combinatorial,train
हाई कोर्ट पर मेट्रो का टिकट काउंटर कहाँ है?,ticketing:ticket_counter,HIGH_COURT,ticketing,,,metro,fare,False,hi,devanagari,template_combinatorial,train
गिंडी पर मेट्रो पास ऑनलाइन कैसे बुक करें?,ticketing:whatsapp_ticketing,GUINDY,ticketing,,,,fare,False,hi,devanagari,template_combinatorial,train
what is the ticket cost from tambaram to nandanam?,ticketing:fare_english,TAMBARAM,ticketing,TAMBARAM,NANDANAM,,fare,False,hinglish,latin_hinglish,template_combinatorial,train
can i use tourist pass at kilpauk metro station?,ticketing:ncmc_card,KILPAUK,ticketing,,,,fare,False,hinglish,latin_hinglish,template_combinatorial,train
एयरपोर्ट पर व्हाट्सएप टिकट पर कितने प्रतिशत की छूट मिलती है?,ticketing:smartcard_discount,CHENNAI_AIRPORT,ticketing,,,,fare,False,hi,devanagari,template_combinatorial,train
एयरपोर्ट काउंटर से मेट्रो पास मिल सकता है क्या?,ticketing:ticket_counter,CHENNAI_AIRPORT,ticketing,,,,fare,False,hi,devanagari,template_combinatorial,train
गवर्नमेंट एस्टेट पर स्मार्ट कार्ड पर कितने प्रतिशत की छूट मिलती है?,ticketing:smartcard_discount,GOVERNMENT_ESTATE,ticketing,,,,fare,False,hi,devanagari,template_combinatorial,train
किल्पॉक से चेन्नई बीच तक स्मार्ट कार्ड का दाम क्या है?,ticketing:ticket_price,KILPAUK,ticketing,KILPAUK,CHENNAI_BEACH,,fare,False,hi,devanagari,template_combinatorial,train
वेलाचेरी पर मासिक पास ऑनलाइन कैसे बुक करें?,ticketing:whatsapp_ticketing,VELACHERY,ticketing,,,,fare,False,hi,devanagari,template_combinatorial,train
shenoy nagar to ashok nagar season pass price kya hai?,ticketing:ticket_price,SHENOY_NAGAR,ticketing,SHENOY_NAGAR,ASHOK_NAGAR,,fare,False,hinglish,latin_hinglish,template_combinatorial,train
chennai beach par token online booking kaise kare?,ticketing:qr_ticket,CHENNAI_BEACH,ticketing,,,,fare,False,hinglish,latin_hinglish,template_combinatorial,train
सैदापेट पर मेट्रो पास खो जाए तो कितना जुर्माना लगता है?,ticketing:penalty_lost,SAIDAPET,ticketing,,,,fare,False,hi,devanagari,template_combinatorial,train
saidapet me tourist pass cost kitna hai?,ticketing:monthly_pass,SAIDAPET,ticketing,,,,fare,False,hinglish,latin_hinglish,template_combinatorial,train
what is the token cost from vadapalani to guindy?,ticketing:fare_english,VADAPALANI,ticketing,VADAPALANI,GUINDY,,fare,False,hinglish,latin_hinglish,template_combinatorial,train
central railway station to t nagar tourist pass price kya hai?,ticketing:ticket_price,CHENNAI_CENTRAL,ticketing,CHENNAI_CENTRAL,NANDANAM,,fare,False,hinglish,latin_hinglish,template_combinatorial,train
koyambedu me ticket cost kitna hai?,ticketing:monthly_pass,KOYAMBEDU,ticketing,,,,fare,False,hinglish,latin_hinglish,template_combinatorial,train
cmbt par whatsapp ticket online booking kaise kare?,ticketing:qr_ticket,CMBT,ticketing,,,,fare,False,hinglish,latin_hinglish,template_combinatorial,train
शेनॉय नगर काउंटर से एनसीएमसी रूपे कार्ड मिल सकता है क्या?,ticketing:ticket_counter,SHENOY_NAGAR,ticketing,,,,fare,False,hi,devanagari,template_combinatorial,train
एजी-डीएमएस पर स्मार्ट कार्ड खो जाए तो कितना जुर्माना लगता है?,ticketing:penalty_lost,AG_DMS,ticketing,,,,fare,False,hi,devanagari,template_combinatorial,train
एजी-डीएमएस काउंटर से सीजन पास मिल सकता है क्या?,ticketing:ticket_counter,AG_DMS,ticketing,,,,fare,False,hi,devanagari,template_combinatorial,train
क्या वडापलानी मेट्रो में क्यूआर टिकट चलता है?,ticketing:ncmc_card,VADAPALANI,ticketing,,,,fare,False,hi,devanagari,template_combinatorial,train
can i use metro pass at government estate metro station?,ticketing:ncmc_card,GOVERNMENT_ESTATE,ticketing,,,,fare,False,hinglish,latin_hinglish,template_combinatorial,train
can i use metro pass at vadapalani metro station?,ticketing:ncmc_card,VADAPALANI,ticketing,,,,fare,False,hinglish,latin_hinglish,template_combinatorial,train
गवर्नमेंट एस्टेट पर टूरिस्ट पास खो जाए तो कितना जुर्माना लगता है?,ticketing:penalty_lost,GOVERNMENT_ESTATE,ticketing,,,,fare,False,hi,devanagari,template_combinatorial,train
गिंडी से मीनांबक्कम तक क्यूआर टिकट का दाम क्या है?,ticketing:ticket_price,GUINDY,ticketing,GUINDY,MEENAMBAKKAM,,fare,False,hi,devanagari,template_combinatorial,train
what is the ncmc card cost from koyambedu to chennai airport?,ticketing:fare_english,KOYAMBEDU,ticketing,KOYAMBEDU,CHENNAI_AIRPORT,,fare,False,hinglish,latin_hinglish,template_combinatorial,train
चेन्नई बीच पर टिकट पर कितने प्रतिशत की छूट मिलती है?,ticketing:smartcard_discount,CHENNAI_BEACH,ticketing,,,,fare,False,hi,devanagari,template_combinatorial,train
shenoy nagar to government estate token price kya hai?,ticketing:ticket_price,SHENOY_NAGAR,ticketing,SHENOY_NAGAR,GOVERNMENT_ESTATE,,fare,False,hinglish,latin_hinglish,template_combinatorial,train
government estate par season pass online booking kaise kare?,ticketing:qr_ticket,GOVERNMENT_ESTATE,ticketing,,,,fare,False,hinglish,latin_hinglish,template_combinatorial,train
वडापलानी से तिरुमंगलम तक मेट्रो पास का दाम क्या है?,ticketing:ticket_price,VADAPALANI,ticketing,VADAPALANI,THIRUMANGALAM,,fare,False,hi,devanagari,template_combinatorial,train
velachery to alandur metro pass price kya hai?,ticketing:ticket_price,VELACHERY,ticketing,VELACHERY,ALANDUR,,fare,False,hinglish,latin_hinglish,template_combinatorial,train
क्या कोयम्बेडु से चेन्नई बीच जाने के लिए टोकन मिलता है?,ticketing:qr_ticket,KOYAMBEDU,ticketing,KOYAMBEDU,CHENNAI_BEACH,,fare,False,hi,devanagari,template_combinatorial,train
what is the monthly pass cost from guindy to chennai central?,ticketing:fare_english,GUINDY,ticketing,GUINDY,CHENNAI_CENTRAL,,fare,False,hinglish,latin_hinglish,template_combinatorial,train
tambaram me whatsapp ticket accept hota hai kya?,ticketing:ncmc_card,TAMBARAM,ticketing,,,,fare,False,hinglish,latin_hinglish,template_combinatorial,train
क्या शेनॉय नगर से सेंट्रल के लिए मेट्रो पास खरीद सकते हैं?,ticketing:online_ticket,SHENOY_NAGAR,ticketing,SHENOY_NAGAR,CHENNAI_CENTRAL,,fare,False,hi,devanagari,template_combinatorial,train
teynampet me metro pass accept hota hai kya?,ticketing:ncmc_card,TEYNAMPET,ticketing,,,,fare,False,hinglish,latin_hinglish,template_combinatorial,train
क्या गिंडी से ताम्बरम के लिए टूरिस्ट पास खरीद सकते हैं?,ticketing:online_ticket,GUINDY,ticketing,GUINDY,TAMBARAM,,fare,False,hi,devanagari,template_combinatorial,train
किल्पॉक पर टूरिस्ट पास ऑनलाइन कैसे बुक करें?,ticketing:whatsapp_ticketing,KILPAUK,ticketing,,,,fare,False,hi,devanagari,template_combinatorial,train
क्या सैदापेट मेट्रो में क्यूआर टिकट चलता है?,ticketing:ncmc_card,SAIDAPET,ticketing,,,,fare,False,hi,devanagari,template_combinatorial,train
what is the qr ticket cost from central railway station to velachery?,ticketing:fare_english,CHENNAI_CENTRAL,ticketing,CHENNAI_CENTRAL,VELACHERY,,fare,False,hinglish,latin_hinglish,template_combinatorial,train
टी नगर काउंटर से एनसीएमसी रूपे कार्ड मिल सकता है क्या?,ticketing:ticket_counter,NANDANAM,ticketing,,,,fare,False,hi,devanagari,template_combinatorial,train
बच्चों और वरिष्ठ नागरिकों के लिए किराये में छूट है क्या?,ticketing:concession_discount,,ticketing,,,,fare,False,hi,devanagari,template_combinatorial,train
गिंडी पर मेट्रो का टिकट काउंटर कहाँ है?,ticketing:ticket_counter,GUINDY,ticketing,,,metro,fare,False,hi,devanagari,template_combinatorial,train
एजी-डीएमएस पर बस का टिकट काउंटर कहाँ है?,ticketing:ticket_counter,AG_DMS,ticketing,,,bus,fare,False,hi,devanagari,template_combinatorial,train
अशोक नगर पर टिकट खो जाए तो कितना जुर्माना लगता है?,ticketing:penalty_lost,ASHOK_NAGAR,ticketing,,,,fare,False,hi,devanagari,template_combinatorial,train
nehru park me metro pass discount kitna milta hai?,ticketing:smartcard_discount,NEHRU_PARK,ticketing,,,,fare,False,hinglish,latin_hinglish,template_combinatorial,train
vadapalani me ncmc card discount kitna milta hai?,ticketing:smartcard_discount,VADAPALANI,ticketing,,,,fare,False,hinglish,latin_hinglish,template_combinatorial,train
can i use season pass at little mount metro station?,ticketing:ncmc_card,LITTLE_MOUNT,ticketing,,,,fare,False,hinglish,latin_hinglish,template_combinatorial,train
ashok nagar me whatsapp ticket cost kitna hai?,ticketing:monthly_pass,ASHOK_NAGAR,ticketing,,,,fare,False,hinglish,latin_hinglish,template_combinatorial,train
किल्पॉक पर मासिक पास ऑनलाइन कैसे बुक करें?,ticketing:whatsapp_ticketing,KILPAUK,ticketing,,,,fare,False,hi,devanagari,template_combinatorial,train
क्या चेन्नई सेंट्रल से चेन्नई बीच के लिए टिकट खरीद सकते हैं?,ticketing:online_ticket,CHENNAI_CENTRAL,ticketing,CHENNAI_CENTRAL,CHENNAI_BEACH,,fare,False,hi,devanagari,template_combinatorial,train
tambaram to chennai egmore tourist pass price kya hai?,ticketing:ticket_price,TAMBARAM,ticketing,TAMBARAM,CHENNAI_EGMORE,,fare,False,hinglish,latin_hinglish,template_combinatorial,train
what is the token cost from little mount to high court?,ticketing:fare_english,LITTLE_MOUNT,ticketing,LITTLE_MOUNT,HIGH_COURT,,fare,False,hinglish,latin_hinglish,template_combinatorial,train
can i use qr ticket at shenoy nagar metro station?,ticketing:ncmc_card,SHENOY_NAGAR,ticketing,,,,fare,False,hinglish,latin_hinglish,template_combinatorial,train
can i use metro pass at chennai egmore metro station?,ticketing:ncmc_card,CHENNAI_EGMORE,ticketing,,,,fare,False,hinglish,latin_hinglish,template_combinatorial,train
क्या शेनॉय नगर से आलंदूर के लिए टूरिस्ट पास खरीद सकते हैं?,ticketing:online_ticket,SHENOY_NAGAR,ticketing,SHENOY_NAGAR,ALANDUR,,fare,False,hi,devanagari,template_combinatorial,train
गिंडी पर व्हाट्सएप टिकट पर कितने प्रतिशत की छूट मिलती है?,ticketing:smartcard_discount,GUINDY,ticketing,,,,fare,False,hi,devanagari,template_combinatorial,train
anna nagar me whatsapp ticket discount kitna milta hai?,ticketing:smartcard_discount,ANNA_NAGAR,ticketing,,,,fare,False,hinglish,latin_hinglish,template_combinatorial,train
सीएमबीटी पर व्हाट्सएप टिकट पर कितने प्रतिशत की छूट मिलती है?,ticketing:smartcard_discount,CMBT,ticketing,,,,fare,False,hi,devanagari,template_combinatorial,train
सेंट्रल पर टोकन पर कितने प्रतिशत की छूट मिलती है?,ticketing:smartcard_discount,CHENNAI_CENTRAL,ticketing,,,,fare,False,hi,devanagari,template_combinatorial,train
vadapalani me metro pass accept hota hai kya?,ticketing:ncmc_card,VADAPALANI,ticketing,,,,fare,False,hinglish,latin_hinglish,template_combinatorial,train
what is the ticket cost from chennai beach to chennai central?,ticketing:fare_english,CHENNAI_BEACH,ticketing,CHENNAI_BEACH,CHENNAI_CENTRAL,,fare,False,hinglish,latin_hinglish,template_combinatorial,train
chennai airport me whatsapp ticket accept hota hai kya?,ticketing:ncmc_card,CHENNAI_AIRPORT,ticketing,,,,fare,False,hinglish,latin_hinglish,template_combinatorial,train
little mount to nandanam season pass price kya hai?,ticketing:ticket_price,LITTLE_MOUNT,ticketing,LITTLE_MOUNT,NANDANAM,,fare,False,hinglish,latin_hinglish,template_combinatorial,train
चेन्नई एग्मोर पर टोकन का क्या नियम है?,ticketing:monthly_pass,CHENNAI_EGMORE,ticketing,,,,fare,False,hi,devanagari,template_combinatorial,train
cmbt to chennai beach smart card price kya hai?,ticketing:ticket_price,CMBT,ticketing,CMBT,CHENNAI_BEACH,,fare,False,hinglish,latin_hinglish,template_combinatorial,train
can i use season pass at central railway station metro station?,ticketing:ncmc_card,CHENNAI_CENTRAL,ticketing,,,,fare,False,hinglish,latin_hinglish,template_combinatorial,train
saidapet par whatsapp ticket online booking kaise kare?,ticketing:qr_ticket,SAIDAPET,ticketing,,,,fare,False,hinglish,latin_hinglish,template_combinatorial,train
what is the monthly pass cost from velachery to central railway station?,ticketing:fare_english,VELACHERY,ticketing,VELACHERY,CHENNAI_CENTRAL,,fare,False,hinglish,latin_hinglish,template_combinatorial,train
एलआईसी पर टूरिस्ट पास खो जाए तो कितना जुर्माना लगता है?,ticketing:penalty_lost,LIC,ticketing,,,,fare,False,hi,devanagari,template_combinatorial,train
मीनांबक्कम से एयरपोर्ट तक क्यूआर टिकट का दाम क्या है?,ticketing:ticket_price,MEENAMBAKKAM,ticketing,MEENAMBAKKAM,CHENNAI_AIRPORT,,fare,False,hi,devanagari,template_combinatorial,train
गिंडी से एयरपोर्ट तक टोकन का दाम क्या है?,ticketing:ticket_price,GUINDY,ticketing,GUINDY,CHENNAI_AIRPORT,,fare,False,hi,devanagari,template_combinatorial,train
chennai central par ticket online booking kaise kare?,ticketing:qr_ticket,CHENNAI_CENTRAL,ticketing,,,,fare,False,hinglish,latin_hinglish,template_combinatorial,train
कोयम्बेडु मार्केट पर टिकट का क्या नियम है?,ticketing:monthly_pass,KOYAMBEDU,ticketing,,,,fare,False,hi,devanagari,template_combinatorial,train
lic par ncmc card online booking kaise kare?,ticketing:qr_ticket,LIC,ticketing,,,,fare,False,hinglish,latin_hinglish,template_combinatorial,train
कोयम्बेडु पर टिकट पर कितने प्रतिशत की छूट मिलती है?,ticketing:smartcard_discount,KOYAMBEDU,ticketing,,,,fare,False,hi,devanagari,template_combinatorial,train
क्या कोयम्बेडु मार्केट से वडापलानी जाने के लिए व्हाट्सएप टिकट मिलता है?,ticketing:qr_ticket,KOYAMBEDU,ticketing,KOYAMBEDU,VADAPALANI,,fare,False,hi,devanagari,template_combinatorial,train
shenoy nagar par metro pass online booking kaise kare?,ticketing:qr_ticket,SHENOY_NAGAR,ticketing,,,,fare,False,hinglish,latin_hinglish,template_combinatorial,train
cmbt me whatsapp ticket discount kitna milta hai?,ticketing:smartcard_discount,CMBT,ticketing,,,,fare,False,hinglish,latin_hinglish,template_combinatorial,train
क्या एग्मोर मेट्रो में क्यूआर टिकट चलता है?,ticketing:ncmc_card,CHENNAI_EGMORE,ticketing,,,,fare,False,hi,devanagari,template_combinatorial,train
chennai egmore me ncmc card accept hota hai kya?,ticketing:ncmc_card,CHENNAI_EGMORE,ticketing,,,,fare,False,hinglish,latin_hinglish,template_combinatorial,train
what is the whatsapp ticket cost from tambaram to meenambakkam?,ticketing:fare_english,TAMBARAM,ticketing,TAMBARAM,MEENAMBAKKAM,,fare,False,hinglish,latin_hinglish,template_combinatorial,train
क्या चेन्नई एग्मोर मेट्रो में क्यूआर टिकट चलता है?,ticketing:ncmc_card,CHENNAI_EGMORE,ticketing,,,,fare,False,hi,devanagari,template_combinatorial,train
airport me tourist pass discount kitna milta hai?,ticketing:smartcard_discount,CHENNAI_AIRPORT,ticketing,,,,fare,False,hinglish,latin_hinglish,template_combinatorial,train
सेंट्रल रेलवे स्टेशन से तिरुमंगलम तक स्मार्ट कार्ड का दाम क्या है?,ticketing:ticket_price,CHENNAI_CENTRAL,ticketing,CHENNAI_CENTRAL,THIRUMANGALAM,,fare,False,hi,devanagari,template_combinatorial,train
what is the season pass cost from thousand lights to nandanam?,ticketing:fare_english,THOUSAND_LIGHTS,ticketing,THOUSAND_LIGHTS,NANDANAM,,fare,False,hinglish,latin_hinglish,template_combinatorial,train
क्या गवर्नमेंट एस्टेट से नंदनम के लिए मासिक पास खरीद सकते हैं?,ticketing:online_ticket,GOVERNMENT_ESTATE,ticketing,GOVERNMENT_ESTATE,NANDANAM,,fare,False,hi,devanagari,template_combinatorial,train
नंदनम पर टिकट पर कितने प्रतिशत की छूट मिलती है?,ticketing:smartcard_discount,NANDANAM,ticketing,,,,fare,False,hi,devanagari,template_combinatorial,train
गवर्नमेंट एस्टेट पर मासिक पास पर कितने प्रतिशत की छूट मिलती है?,ticketing:smartcard_discount,GOVERNMENT_ESTATE,ticketing,,,,fare,False,hi,devanagari,template_combinatorial,train
क्या कोयम्बेडु से तिरुमंगलम जाने के लिए सीजन पास मिलता है?,ticketing:qr_ticket,KOYAMBEDU,ticketing,KOYAMBEDU,THIRUMANGALAM,,fare,False,hi,devanagari,template_combinatorial,train
central railway station to shenoy nagar smart card price kya hai?,ticketing:ticket_price,CHENNAI_CENTRAL,ticketing,CHENNAI_CENTRAL,SHENOY_NAGAR,,fare,False,hinglish,latin_hinglish,template_combinatorial,train
हवाई अड्डा काउंटर से स्मार्ट कार्ड मिल सकता है क्या?,ticketing:ticket_counter,CHENNAI_AIRPORT,ticketing,,,,fare,False,hi,devanagari,template_combinatorial,train
can i use metro pass at nandanam metro station?,ticketing:ncmc_card,NANDANAM,ticketing,,,,fare,False,hinglish,latin_hinglish,template_combinatorial,train
teynampet me monthly pass accept hota hai kya?,ticketing:ncmc_card,TEYNAMPET,ticketing,,,,fare,False,hinglish,latin_hinglish,template_combinatorial,train
can i use season pass at thousand lights metro station?,ticketing:ncmc_card,THOUSAND_LIGHTS,ticketing,,,,fare,False,hinglish,latin_hinglish,template_combinatorial,train
what is the token cost from central to st thomas mount?,ticketing:fare_english,CHENNAI_CENTRAL,ticketing,CHENNAI_CENTRAL,ST_THOMAS_MOUNT,,fare,False,hinglish,latin_hinglish,template_combinatorial,train
चेन्नई एयरपोर्ट पर स्मार्ट कार्ड ऑनलाइन कैसे बुक करें?,ticketing:whatsapp_ticketing,CHENNAI_AIRPORT,ticketing,,,,fare,False,hi,devanagari,template_combinatorial,train
गवर्नमेंट एस्टेट से हाई कोर्ट तक मासिक पास का दाम क्या है?,ticketing:ticket_price,GOVERNMENT_ESTATE,ticketing,GOVERNMENT_ESTATE,HIGH_COURT,,fare,False,hi,devanagari,template_combinatorial,train
थाउजेंड लाइट्स पर बस का टिकट काउंटर कहाँ है?,ticketing:ticket_counter,THOUSAND_LIGHTS,ticketing,,,bus,fare,False,hi,devanagari,template_combinatorial,train
lic par season pass online booking kaise kare?,ticketing:qr_ticket,LIC,ticketing,,,,fare,False,hinglish,latin_hinglish,template_combinatorial,train
thirumangalam me season pass cost kitna hai?,ticketing:monthly_pass,THIRUMANGALAM,ticketing,,,,fare,False,hinglish,latin_hinglish,template_combinatorial,train
chennai central to velachery whatsapp ticket price kya hai?,ticketing:ticket_price,CHENNAI_CENTRAL,ticketing,CHENNAI_CENTRAL,VELACHERY,,fare,False,hinglish,latin_hinglish,template_combinatorial,train
क्या किल्पॉक से नंदनम के लिए एनसीएमसी रूपे कार्ड खरीद सकते हैं?,ticketing:online_ticket,KILPAUK,ticketing,KILPAUK,NANDANAM,,fare,False,hi,devanagari,template_combinatorial,train
वेलाचेरी काउंटर से क्यूआर टिकट मिल सकता है क्या?,ticketing:ticket_counter,VELACHERY,ticketing,,,,fare,False,hi,devanagari,template_combinatorial,train
central par token online booking kaise kare?,ticketing:qr_ticket,CHENNAI_CENTRAL,ticketing,,,,fare,False,hinglish,latin_hinglish,template_combinatorial,train
क्या हवाई अड्डा से वडापलानी के लिए स्मार्ट कार्ड खरीद सकते हैं?,ticketing:online_ticket,CHENNAI_AIRPORT,ticketing,CHENNAI_AIRPORT,VADAPALANI,,fare,False,hi,devanagari,template_combinatorial,train
what is the ticket cost from high court to central railway station?,ticketing:fare_english,HIGH_COURT,ticketing,HIGH_COURT,CHENNAI_CENTRAL,,fare,False,hinglish,latin_hinglish,template_combinatorial,train
what is the ticket cost from meenambakkam to teynampet?,ticketing:fare_english,MEENAMBAKKAM,ticketing,MEENAMBAKKAM,TEYNAMPET,,fare,False,hinglish,latin_hinglish,template_combinatorial,train
क्या हवाई अड्डा से टी नगर के लिए एनसीएमसी रूपे कार्ड खरीद सकते हैं?,ticketing:online_ticket,CHENNAI_AIRPORT,ticketing,CHENNAI_AIRPORT,NANDANAM,,fare,False,hi,devanagari,template_combinatorial,train
एयरपोर्ट से टी नगर तक एनसीएमसी रूपे कार्ड का दाम क्या है?,ticketing:ticket_price,CHENNAI_AIRPORT,ticketing,CHENNAI_AIRPORT,NANDANAM,,fare,False,hi,devanagari,template_combinatorial,train
आलंदूर पर सीजन पास का क्या नियम है?,ticketing:monthly_pass,ALANDUR,ticketing,,,,fare,False,hi,devanagari,template_combinatorial,train
गिंडी पर व्हाट्सएप टिकट खो जाए तो कितना जुर्माना लगता है?,ticketing:penalty_lost,GUINDY,ticketing,,,,fare,False,hi,devanagari,template_combinatorial,train
तिरुमंगलम काउंटर से टिकट मिल सकता है क्या?,ticketing:ticket_counter,THIRUMANGALAM,ticketing,,,,fare,False,hi,devanagari,template_combinatorial,train
क्या नंदनम से चेन्नई सेंट्रल जाने के लिए टोकन मिलता है?,ticketing:qr_ticket,NANDANAM,ticketing,NANDANAM,CHENNAI_CENTRAL,,fare,False,hi,devanagari,template_combinatorial,train
क्या सीएमबीटी मेट्रो में एनसीएमसी रूपे कार्ड चलता है?,ticketing:ncmc_card,CMBT,ticketing,,,,fare,False,hi,devanagari,template_combinatorial,train
सेंट्रल पर व्हाट्सएप टिकट का क्या नियम है?,ticketing:monthly_pass,CHENNAI_CENTRAL,ticketing,,,,fare,False,hi,devanagari,template_combinatorial,train
टी नगर काउंटर से मेट्रो पास मिल सकता है क्या?,ticketing:ticket_counter,NANDANAM,ticketing,,,,fare,False,hi,devanagari,template_combinatorial,train
क्या चेन्नई एयरपोर्ट से टी नगर जाने के लिए स्मार्ट कार्ड मिलता है?,ticketing:qr_ticket,CHENNAI_AIRPORT,ticketing,CHENNAI_AIRPORT,NANDANAM,,fare,False,hi,devanagari,template_combinatorial,train
सेंट थॉमस माउंट काउंटर से टिकट मिल सकता है क्या?,ticketing:ticket_counter,ST_THOMAS_MOUNT,ticketing,,,,fare,False,hi,devanagari,template_combinatorial,train
सेंट थॉमस माउंट से सेंट्रल तक टोकन का दाम क्या है?,ticketing:ticket_price,ST_THOMAS_MOUNT,ticketing,ST_THOMAS_MOUNT,CHENNAI_CENTRAL,,fare,False,hi,devanagari,template_combinatorial,train
मीनांबक्कम पर मेट्रो पास पर कितने प्रतिशत की छूट मिलती है?,ticketing:smartcard_discount,MEENAMBAKKAM,ticketing,,,,fare,False,hi,devanagari,template_combinatorial,train
क्या हाई कोर्ट मेट्रो में स्मार्ट कार्ड चलता है?,ticketing:ncmc_card,HIGH_COURT,ticketing,,,,fare,False,hi,devanagari,template_combinatorial,train
st thomas mount par token online booking kaise kare?,ticketing:qr_ticket,ST_THOMAS_MOUNT,ticketing,,,,fare,False,hinglish,latin_hinglish,template_combinatorial,train
anna nagar to nandanam token price kya hai?,ticketing:ticket_price,ANNA_NAGAR,ticketing,ANNA_NAGAR,NANDANAM,,fare,False,hinglish,latin_hinglish,template_combinatorial,train
क्या सीएमबीटी मेट्रो में टिकट चलता है?,ticketing:ncmc_card,CMBT,ticketing,,,,fare,False,hi,devanagari,template_combinatorial,train
what is the token cost from lic to kilpauk?,ticketing:fare_english,LIC,ticketing,LIC,KILPAUK,,fare,False,hinglish,latin_hinglish,template_combinatorial,train
t nagar to chennai egmore tourist pass price kya hai?,ticketing:ticket_price,NANDANAM,ticketing,NANDANAM,CHENNAI_EGMORE,,fare,False,hinglish,latin_hinglish,template_combinatorial,train
nehru park me qr ticket accept hota hai kya?,ticketing:ncmc_card,NEHRU_PARK,ticketing,,,,fare,False,hinglish,latin_hinglish,template_combinatorial,train
teynampet me qr ticket accept hota hai kya?,ticketing:ncmc_card,TEYNAMPET,ticketing,,,,fare,False,hinglish,latin_hinglish,template_combinatorial,train
t nagar me smart card discount kitna milta hai?,ticketing:smartcard_discount,NANDANAM,ticketing,,,,fare,False,hinglish,latin_hinglish,template_combinatorial,train
चेन्नई सेंट्रल पर मेट्रो पास का क्या नियम है?,ticketing:monthly_pass,CHENNAI_CENTRAL,ticketing,,,,fare,False,hi,devanagari,template_combinatorial,train
can i use whatsapp ticket at high court metro station?,ticketing:ncmc_card,HIGH_COURT,ticketing,,,,fare,False,hinglish,latin_hinglish,template_combinatorial,train
कोयम्बेडु पर मासिक पास खो जाए तो कितना जुर्माना लगता है?,ticketing:penalty_lost,KOYAMBEDU,ticketing,,,,fare,False,hi,devanagari,template_combinatorial,train
सेंट्रल पर टिकट खो जाए तो कितना जुर्माना लगता है?,ticketing:penalty_lost,CHENNAI_CENTRAL,ticketing,,,,fare,False,hi,devanagari,template_combinatorial,train
nehru park to thousand lights ticket price kya hai?,ticketing:ticket_price,NEHRU_PARK,ticketing,NEHRU_PARK,THOUSAND_LIGHTS,,fare,False,hinglish,latin_hinglish,template_combinatorial,train
क्या चेन्नई बीच से आलंदूर जाने के लिए सीजन पास मिलता है?,ticketing:qr_ticket,CHENNAI_BEACH,ticketing,CHENNAI_BEACH,ALANDUR,,fare,False,hi,devanagari,template_combinatorial,train
can i use qr ticket at central metro station?,ticketing:ncmc_card,CHENNAI_CENTRAL,ticketing,,,,fare,False,hinglish,latin_hinglish,template_combinatorial,train
anna nagar me season pass discount kitna milta hai?,ticketing:smartcard_discount,ANNA_NAGAR,ticketing,,,,fare,False,hinglish,latin_hinglish,template_combinatorial,train
airport to nehru park tourist pass price kya hai?,ticketing:ticket_price,CHENNAI_AIRPORT,ticketing,CHENNAI_AIRPORT,NEHRU_PARK,,fare,False,hinglish,latin_hinglish,template_combinatorial,train
तिरुमंगलम पर लोकल ट्रेन का टिकट काउंटर कहाँ है?,ticketing:ticket_counter,THIRUMANGALAM,ticketing,,,suburban_rail,fare,False,hi,devanagari,template_combinatorial,train
what is the token cost from nandanam to chennai beach?,ticketing:fare_english,NANDANAM,ticketing,NANDANAM,CHENNAI_BEACH,,fare,False,hinglish,latin_hinglish,template_combinatorial,train
nandanam me metro pass discount kitna milta hai?,ticketing:smartcard_discount,NANDANAM,ticketing,,,,fare,False,hinglish,latin_hinglish,template_combinatorial,train
क्या चेन्नई बीच से अन्ना नगर जाने के लिए टिकट मिलता है?,ticketing:qr_ticket,CHENNAI_BEACH,ticketing,CHENNAI_BEACH,ANNA_NAGAR,,fare,False,hi,devanagari,template_combinatorial,train
ag dms me monthly pass cost kitna hai?,ticketing:monthly_pass,AG_DMS,ticketing,,,,fare,False,hinglish,latin_hinglish,template_combinatorial,train
shenoy nagar to lic ticket price kya hai?,ticketing:ticket_price,SHENOY_NAGAR,ticketing,SHENOY_NAGAR,LIC,,fare,False,hinglish,latin_hinglish,template_combinatorial,train
chennai egmore par token online booking kaise kare?,ticketing:qr_ticket,CHENNAI_EGMORE,ticketing,,,,fare,False,hinglish,latin_hinglish,template_combinatorial,train
chennai airport me ncmc card accept hota hai kya?,ticketing:ncmc_card,CHENNAI_AIRPORT,ticketing,,,,fare,False,hinglish,latin_hinglish,template_combinatorial,train
cmbt me token cost kitna hai?,ticketing:monthly_pass,CMBT,ticketing,,,,fare,False,hinglish,latin_hinglish,template_combinatorial,train
क्या अशोक नगर मेट्रो में टूरिस्ट पास चलता है?,ticketing:ncmc_card,ASHOK_NAGAR,ticketing,,,,fare,False,hi,devanagari,template_combinatorial,train
what is the monthly pass cost from anna nagar to cmbt?,ticketing:fare_english,ANNA_NAGAR,ticketing,ANNA_NAGAR,CMBT,,fare,False,hinglish,latin_hinglish,template_combinatorial,train
क्या गिंडी मेट्रो में स्मार्ट कार्ड चलता है?,ticketing:ncmc_card,GUINDY,ticketing,,,,fare,False,hi,devanagari,template_combinatorial,train
t nagar par monthly pass online booking kaise kare?,ticketing:qr_ticket,NANDANAM,ticketing,,,,fare,False,hinglish,latin_hinglish,template_combinatorial,train
shenoy nagar me ncmc card discount kitna milta hai?,ticketing:smartcard_discount,SHENOY_NAGAR,ticketing,,,,fare,False,hinglish,latin_hinglish,template_combinatorial,train
क्या वडापलानी से अन्ना नगर के लिए व्हाट्सएप टिकट खरीद सकते हैं?,ticketing:online_ticket,VADAPALANI,ticketing,VADAPALANI,ANNA_NAGAR,,fare,False,hi,devanagari,template_combinatorial,train
thirumangalam par ncmc card online booking kaise kare?,ticketing:qr_ticket,THIRUMANGALAM,ticketing,,,,fare,False,hinglish,latin_hinglish,template_combinatorial,train
गिंडी पर एनसीएमसी रूपे कार्ड का क्या नियम है?,ticketing:monthly_pass,GUINDY,ticketing,,,,fare,False,hi,devanagari,template_combinatorial,train
chennai egmore me token discount kitna milta hai?,ticketing:smartcard_discount,CHENNAI_EGMORE,ticketing,,,,fare,False,hinglish,latin_hinglish,template_combinatorial,train
lic par whatsapp ticket online booking kaise kare?,ticketing:qr_ticket,LIC,ticketing,,,,fare,False,hinglish,latin_hinglish,template_combinatorial,train
क्या गिंडी से कोयम्बेडु मार्केट जाने के लिए मासिक पास मिलता है?,ticketing:qr_ticket,GUINDY,ticketing,GUINDY,KOYAMBEDU,,fare,False,hi,devanagari,template_combinatorial,train
t nagar me season pass accept hota hai kya?,ticketing:ncmc_card,NANDANAM,ticketing,,,,fare,False,hinglish,latin_hinglish,template_combinatorial,train
ताम्बरम पर टोकन का क्या नियम है?,ticketing:monthly_pass,TAMBARAM,ticketing,,,,fare,False,hi,devanagari,template_combinatorial,train
what is the smart card cost from lic to little mount?,ticketing:fare_english,LIC,ticketing,LIC,LITTLE_MOUNT,,fare,False,hinglish,latin_hinglish,template_combinatorial,train
क्या नंदनम मेट्रो में क्यूआर टिकट चलता है?,ticketing:ncmc_card,NANDANAM,ticketing,,,,fare,False,hi,devanagari,template_combinatorial,train
किल्पॉक पर क्यूआर टिकट खो जाए तो कितना जुर्माना लगता है?,ticketing:penalty_lost,KILPAUK,ticketing,,,,fare,False,hi,devanagari,template_combinatorial,train
एग्मोर पर क्यूआर टिकट खो जाए तो कितना जुर्माना लगता है?,ticketing:penalty_lost,CHENNAI_EGMORE,ticketing,,,,fare,False,hi,devanagari,template_combinatorial,train
kilpauk me season pass discount kitna milta hai?,ticketing:smartcard_discount,KILPAUK,ticketing,,,,fare,False,hinglish,latin_hinglish,template_combinatorial,train
lic me ticket cost kitna hai?,ticketing:monthly_pass,LIC,ticketing,,,,fare,False,hinglish,latin_hinglish,template_combinatorial,train
गिंडी काउंटर से मासिक पास मिल सकता है क्या?,ticketing:ticket_counter,GUINDY,ticketing,,,,fare,False,hi,devanagari,template_combinatorial,train
chennai egmore me smart card discount kitna milta hai?,ticketing:smartcard_discount,CHENNAI_EGMORE,ticketing,,,,fare,False,hinglish,latin_hinglish,template_combinatorial,train
किल्पॉक पर मासिक पास खो जाए तो कितना जुर्माना लगता है?,ticketing:penalty_lost,KILPAUK,ticketing,,,,fare,False,hi,devanagari,template_combinatorial,train
टी नगर से अन्ना नगर तक क्यूआर टिकट का दाम क्या है?,ticketing:ticket_price,NANDANAM,ticketing,NANDANAM,ANNA_NAGAR,,fare,False,hi,devanagari,template_combinatorial,train
नंदनम पर मासिक पास का क्या नियम है?,ticketing:monthly_pass,NANDANAM,ticketing,,,,fare,False,hi,devanagari,template_combinatorial,train
चेन्नई सेंट्रल पर मेट्रो पास पर कितने प्रतिशत की छूट मिलती है?,ticketing:smartcard_discount,CHENNAI_CENTRAL,ticketing,,,,fare,False,hi,devanagari,template_combinatorial,train
ag dms to nehru park smart card price kya hai?,ticketing:ticket_price,AG_DMS,ticketing,AG_DMS,NEHRU_PARK,,fare,False,hinglish,latin_hinglish,template_combinatorial,train
can i use smart card at chennai beach metro station?,ticketing:ncmc_card,CHENNAI_BEACH,ticketing,,,,fare,False,hinglish,latin_hinglish,template_combinatorial,train
एग्मोर काउंटर से एनसीएमसी रूपे कार्ड मिल सकता है क्या?,ticketing:ticket_counter,CHENNAI_EGMORE,ticketing,,,,fare,False,hi,devanagari,template_combinatorial,train
क्या एयरपोर्ट से चेन्नई सेंट्रल के लिए टूरिस्ट पास खरीद सकते हैं?,ticketing:online_ticket,CHENNAI_AIRPORT,ticketing,CHENNAI_AIRPORT,CHENNAI_CENTRAL,,fare,False,hi,devanagari,template_combinatorial,train
what is the metro pass cost from koyambedu to tambaram?,ticketing:fare_english,KOYAMBEDU,ticketing,KOYAMBEDU,TAMBARAM,,fare,False,hinglish,latin_hinglish,template_combinatorial,train
सेंट थॉमस माउंट काउंटर से मासिक पास मिल सकता है क्या?,ticketing:ticket_counter,ST_THOMAS_MOUNT,ticketing,,,,fare,False,hi,devanagari,template_combinatorial,train
चेन्नई एग्मोर पर मासिक पास का क्या नियम है?,ticketing:monthly_pass,CHENNAI_EGMORE,ticketing,,,,fare,False,hi,devanagari,template_combinatorial,train
सैदापेट पर टिकट ऑनलाइन कैसे बुक करें?,ticketing:whatsapp_ticketing,SAIDAPET,ticketing,,,,fare,False,hi,devanagari,template_combinatorial,train
क्या एलआईसी मेट्रो में व्हाट्सएप टिकट चलता है?,ticketing:ncmc_card,LIC,ticketing,,,,fare,False,hi,devanagari,template_combinatorial,train
ag dms to thirumangalam qr ticket price kya hai?,ticketing:ticket_price,AG_DMS,ticketing,AG_DMS,THIRUMANGALAM,,fare,False,hinglish,latin_hinglish,template_combinatorial,train
बच्चों और वरिष्ठ नागरिकों के लिए किराये में छूट है क्या? जानकारी चाहिए,ticketing:concession_discount,,ticketing,,,,fare,False,hi,devanagari,template_combinatorial,train
chennai central to cmbt whatsapp ticket price kya hai?,ticketing:ticket_price,CHENNAI_CENTRAL,ticketing,CHENNAI_CENTRAL,CMBT,,fare,False,hinglish,latin_hinglish,template_combinatorial,train
ashok nagar to chennai beach tourist pass price kya hai?,ticketing:ticket_price,ASHOK_NAGAR,ticketing,ASHOK_NAGAR,CHENNAI_BEACH,,fare,False,hinglish,latin_hinglish,template_combinatorial,train
ashok nagar to chennai egmore whatsapp ticket price kya hai?,ticketing:ticket_price,ASHOK_NAGAR,ticketing,ASHOK_NAGAR,CHENNAI_EGMORE,,fare,False,hinglish,latin_hinglish,template_combinatorial,train
अशोक नगर से वेलाचेरी तक टोकन का दाम क्या है?,ticketing:ticket_price,ASHOK_NAGAR,ticketing,ASHOK_NAGAR,VELACHERY,,fare,False,hi,devanagari,template_combinatorial,train
shenoy nagar me token cost kitna hai?,ticketing:monthly_pass,SHENOY_NAGAR,ticketing,,,,fare,False,hinglish,latin_hinglish,template_combinatorial,train
can i use ncmc card at central railway station metro station?,ticketing:ncmc_card,CHENNAI_CENTRAL,ticketing,,,,fare,False,hinglish,latin_hinglish,template_combinatorial,train
chennai airport to ag dms whatsapp ticket price kya hai?,ticketing:ticket_price,CHENNAI_AIRPORT,ticketing,CHENNAI_AIRPORT,AG_DMS,,fare,False,hinglish,latin_hinglish,template_combinatorial,train
what is the smart card cost from vadapalani to meenambakkam?,ticketing:fare_english,VADAPALANI,ticketing,VADAPALANI,MEENAMBAKKAM,,fare,False,hinglish,latin_hinglish,template_combinatorial,train
what is the tourist pass cost from t nagar to chennai airport?,ticketing:fare_english,NANDANAM,ticketing,NANDANAM,CHENNAI_AIRPORT,,fare,False,hinglish,latin_hinglish,template_combinatorial,train
what is the smart card cost from nehru park to cmbt?,ticketing:fare_english,NEHRU_PARK,ticketing,NEHRU_PARK,CMBT,,fare,False,hinglish,latin_hinglish,template_combinatorial,train
तेनामपेट पर टूरिस्ट पास का क्या नियम है?,ticketing:monthly_pass,TEYNAMPET,ticketing,,,,fare,False,hi,devanagari,template_combinatorial,train
गिंडी काउंटर से एनसीएमसी रूपे कार्ड मिल सकता है क्या?,ticketing:ticket_counter,GUINDY,ticketing,,,,fare,False,hi,devanagari,template_combinatorial,train
chennai central to t nagar ticket price kya hai?,ticketing:ticket_price,CHENNAI_CENTRAL,ticketing,CHENNAI_CENTRAL,NANDANAM,,fare,False,hinglish,latin_hinglish,template_combinatorial,train
क्या तिरुमंगलम से चेन्नई एयरपोर्ट के लिए क्यूआर टिकट खरीद सकते हैं?,ticketing:online_ticket,THIRUMANGALAM,ticketing,THIRUMANGALAM,CHENNAI_AIRPORT,,fare,False,hi,devanagari,template_combinatorial,train
सेंट थॉमस माउंट पर टिकट ऑनलाइन कैसे बुक करें?,ticketing:whatsapp_ticketing,ST_THOMAS_MOUNT,ticketing,,,,fare,False,hi,devanagari,template_combinatorial,train
thousand lights me season pass discount kitna milta hai?,ticketing:smartcard_discount,THOUSAND_LIGHTS,ticketing,,,,fare,False,hinglish,latin_hinglish,template_combinatorial,train
kilpauk me tourist pass cost kitna hai?,ticketing:monthly_pass,KILPAUK,ticketing,,,,fare,False,hinglish,latin_hinglish,template_combinatorial,train
सीएमबीटी काउंटर से मेट्रो पास मिल सकता है क्या?,ticketing:ticket_counter,CMBT,ticketing,,,,fare,False,hi,devanagari,template_combinatorial,train
क्या चेन्नई सेंट्रल मेट्रो में स्मार्ट कार्ड चलता है?,ticketing:ncmc_card,CHENNAI_CENTRAL,ticketing,,,,fare,False,hi,devanagari,template_combinatorial,train
क्या वेलाचेरी से चेन्नई एयरपोर्ट के लिए क्यूआर टिकट खरीद सकते हैं?,ticketing:online_ticket,VELACHERY,ticketing,VELACHERY,CHENNAI_AIRPORT,,fare,False,hi,devanagari,template_combinatorial,train
चेन्नई सेंट्रल पर सीजन पास पर कितने प्रतिशत की छूट मिलती है?,ticketing:smartcard_discount,CHENNAI_CENTRAL,ticketing,,,,fare,False,hi,devanagari,template_combinatorial,train
airport me token accept hota hai kya?,ticketing:ncmc_card,CHENNAI_AIRPORT,ticketing,,,,fare,False,hinglish,latin_hinglish,template_combinatorial,train
ताम्बरम पर स्मार्ट कार्ड का क्या नियम है?,ticketing:monthly_pass,TAMBARAM,ticketing,,,,fare,False,hi,devanagari,template_combinatorial,train
t nagar to ashok nagar tourist pass price kya hai?,ticketing:ticket_price,NANDANAM,ticketing,NANDANAM,ASHOK_NAGAR,,fare,False,hinglish,latin_hinglish,template_combinatorial,train
मीनांबक्कम पर सीजन पास का क्या नियम है?,ticketing:monthly_pass,MEENAMBAKKAM,ticketing,,,,fare,False,hi,devanagari,template_combinatorial,train
what is the season pass cost from thirumangalam to ashok nagar?,ticketing:fare_english,THIRUMANGALAM,ticketing,THIRUMANGALAM,ASHOK_NAGAR,,fare,False,hinglish,latin_hinglish,template_combinatorial,train
चेन्नई एयरपोर्ट पर टिकट खो जाए तो कितना जुर्माना लगता है?,ticketing:penalty_lost,CHENNAI_AIRPORT,ticketing,,,,fare,False,hi,devanagari,template_combinatorial,train
कोयम्बेडु मार्केट काउंटर से सीजन पास मिल सकता है क्या?,ticketing:ticket_counter,KOYAMBEDU,ticketing,,,,fare,False,hi,devanagari,template_combinatorial,train
chennai airport me whatsapp ticket discount kitna milta hai?,ticketing:smartcard_discount,CHENNAI_AIRPORT,ticketing,,,,fare,False,hinglish,latin_hinglish,template_combinatorial,train
velachery me tourist pass discount kitna milta hai?,ticketing:smartcard_discount,VELACHERY,ticketing,,,,fare,False,hinglish,latin_hinglish,template_combinatorial,train
एजी-डीएमएस पर मेट्रो पास का क्या नियम है?,ticketing:monthly_pass,AG_DMS,ticketing,,,,fare,False,hi,devanagari,template_combinatorial,train
क्या ताम्बरम से वेलाचेरी के लिए मासिक पास खरीद सकते हैं?,ticketing:online_ticket,TAMBARAM,ticketing,TAMBARAM,VELACHERY,,fare,False,hi,devanagari,template_combinatorial,train
चेन्नई बीच पर एनसीएमसी रूपे कार्ड ऑनलाइन कैसे बुक करें?,ticketing:whatsapp_ticketing,CHENNAI_BEACH,ticketing,,,,fare,False,hi,devanagari,template_combinatorial,train
थाउजेंड लाइट्स से कोयम्बेडु तक मेट्रो पास का दाम क्या है?,ticketing:ticket_price,THOUSAND_LIGHTS,ticketing,THOUSAND_LIGHTS,KOYAMBEDU,,fare,False,hi,devanagari,template_combinatorial,train
chennai egmore par season pass online booking kaise kare?,ticketing:qr_ticket,CHENNAI_EGMORE,ticketing,,,,fare,False,hinglish,latin_hinglish,template_combinatorial,train
क्या चेन्नई एग्मोर मेट्रो में एनसीएमसी रूपे कार्ड चलता है?,ticketing:ncmc_card,CHENNAI_EGMORE,ticketing,,,,fare,False,hi,devanagari,template_combinatorial,train
what is the token cost from government estate to thousand lights?,ticketing:fare_english,GOVERNMENT_ESTATE,ticketing,GOVERNMENT_ESTATE,THOUSAND_LIGHTS,,fare,False,hinglish,latin_hinglish,template_combinatorial,train
tambaram me whatsapp ticket cost kitna hai?,ticketing:monthly_pass,TAMBARAM,ticketing,,,,fare,False,hinglish,latin_hinglish,template_combinatorial,train
एयरपोर्ट पर स्मार्ट कार्ड ऑनलाइन कैसे बुक करें?,ticketing:whatsapp_ticketing,CHENNAI_AIRPORT,ticketing,,,,fare,False,hi,devanagari,template_combinatorial,train
सेंट्रल से कोयम्बेडु मार्केट तक व्हाट्सएप टिकट का दाम क्या है?,ticketing:ticket_price,CHENNAI_CENTRAL,ticketing,CHENNAI_CENTRAL,KOYAMBEDU,,fare,False,hi,devanagari,template_combinatorial,train
airport to thirumangalam metro pass price kya hai?,ticketing:ticket_price,CHENNAI_AIRPORT,ticketing,CHENNAI_AIRPORT,THIRUMANGALAM,,fare,False,hinglish,latin_hinglish,template_combinatorial,train
क्या सेंट्रल से ताम्बरम जाने के लिए टूरिस्ट पास मिलता है?,ticketing:qr_ticket,CHENNAI_CENTRAL,ticketing,CHENNAI_CENTRAL,TAMBARAM,,fare,False,hi,devanagari,template_combinatorial,train
क्या एलआईसी से चेन्नई एग्मोर के लिए क्यूआर टिकट खरीद सकते हैं?,ticketing:online_ticket,LIC,ticketing,LIC,CHENNAI_EGMORE,,fare,False,hi,devanagari,template_combinatorial,train
नेहरू पार्क पर टोकन ऑनलाइन कैसे बुक करें?,ticketing:whatsapp_ticketing,NEHRU_PARK,ticketing,,,,fare,False,hi,devanagari,template_combinatorial,train
lic par smart card online booking kaise kare?,ticketing:qr_ticket,LIC,ticketing,,,,fare,False,hinglish,latin_hinglish,template_combinatorial,train
chennai egmore me token cost kitna hai?,ticketing:monthly_pass,CHENNAI_EGMORE,ticketing,,,,fare,False,hinglish,latin_hinglish,template_combinatorial,train
velachery par qr ticket online booking kaise kare?,ticketing:qr_ticket,VELACHERY,ticketing,,,,fare,False,hinglish,latin_hinglish,template_combinatorial,train
किल्पॉक पर सीजन पास पर कितने प्रतिशत की छूट मिलती है?,ticketing:smartcard_discount,KILPAUK,ticketing,,,,fare,False,hi,devanagari,template_combinatorial,train
सेंट्रल रेलवे स्टेशन पर सीजन पास ऑनलाइन कैसे बुक करें?,ticketing:whatsapp_ticketing,CHENNAI_CENTRAL,ticketing,,,,fare,False,hi,devanagari,template_combinatorial,train
airport me season pass accept hota hai kya?,ticketing:ncmc_card,CHENNAI_AIRPORT,ticketing,,,,fare,False,hinglish,latin_hinglish,template_combinatorial,train
टी नगर पर टिकट का क्या नियम है?,ticketing:monthly_pass,NANDANAM,ticketing,,,,fare,False,hi,devanagari,template_combinatorial,train
आलंदूर से अशोक नगर तक स्मार्ट कार्ड का दाम क्या है?,ticketing:ticket_price,ALANDUR,ticketing,ALANDUR,ASHOK_NAGAR,,fare,False,hi,devanagari,template_combinatorial,train
what is the monthly pass cost from koyambedu to chennai central?,ticketing:fare_english,KOYAMBEDU,ticketing,KOYAMBEDU,CHENNAI_CENTRAL,,fare,False,hinglish,latin_hinglish,template_combinatorial,train
what is the token cost from ashok nagar to egmore?,ticketing:fare_english,ASHOK_NAGAR,ticketing,ASHOK_NAGAR,CHENNAI_EGMORE,,fare,False,hinglish,latin_hinglish,template_combinatorial,train
क्या चेन्नई बीच से शेनॉय नगर जाने के लिए टिकट मिलता है?,ticketing:qr_ticket,CHENNAI_BEACH,ticketing,CHENNAI_BEACH,SHENOY_NAGAR,,fare,False,hi,devanagari,template_combinatorial,train
egmore me smart card cost kitna hai?,ticketing:monthly_pass,CHENNAI_EGMORE,ticketing,,,,fare,False,hinglish,latin_hinglish,template_combinatorial,train
chennai central me smart card accept hota hai kya?,ticketing:ncmc_card,CHENNAI_CENTRAL,ticketing,,,,fare,False,hinglish,latin_hinglish,template_combinatorial,train
क्या सैदापेट से किल्पॉक के लिए स्मार्ट कार्ड खरीद सकते हैं?,ticketing:online_ticket,SAIDAPET,ticketing,SAIDAPET,KILPAUK,,fare,False,hi,devanagari,template_combinatorial,train
वडापलानी से एलआईसी तक व्हाट्सएप टिकट का दाम क्या है?,ticketing:ticket_price,VADAPALANI,ticketing,VADAPALANI,LIC,,fare,False,hi,devanagari,template_combinatorial,train
meenambakkam me season pass cost kitna hai?,ticketing:monthly_pass,MEENAMBAKKAM,ticketing,,,,fare,False,hinglish,latin_hinglish,template_combinatorial,train
alandur me monthly pass cost kitna hai?,ticketing:monthly_pass,ALANDUR,ticketing,,,,fare,False,hinglish,latin_hinglish,template_combinatorial,train
चेन्नई बीच पर व्हाट्सएप टिकट का क्या नियम है?,ticketing:monthly_pass,CHENNAI_BEACH,ticketing,,,,fare,False,hi,devanagari,template_combinatorial,train
egmore to chennai central smart card price kya hai?,ticketing:ticket_price,CHENNAI_EGMORE,ticketing,CHENNAI_EGMORE,CHENNAI_CENTRAL,,fare,False,hinglish,latin_hinglish,template_combinatorial,train
सेंट्रल रेलवे स्टेशन पर टूरिस्ट पास खो जाए तो कितना जुर्माना लगता है?,ticketing:penalty_lost,CHENNAI_CENTRAL,ticketing,,,,fare,False,hi,devanagari,template_combinatorial,train
kilpauk me qr ticket accept hota hai kya?,ticketing:ncmc_card,KILPAUK,ticketing,,,,fare,False,hinglish,latin_hinglish,template_combinatorial,train
क्या अन्ना नगर से टी नगर के लिए टूरिस्ट पास खरीद सकते हैं?,ticketing:online_ticket,ANNA_NAGAR,ticketing,ANNA_NAGAR,NANDANAM,,fare,False,hi,devanagari,template_combinatorial,train
can i use monthly pass at t nagar metro station?,ticketing:ncmc_card,NANDANAM,ticketing,,,,fare,False,hinglish,latin_hinglish,template_combinatorial,train
मीनांबक्कम पर क्यूआर टिकट पर कितने प्रतिशत की छूट मिलती है?,ticketing:smartcard_discount,MEENAMBAKKAM,ticketing,,,,fare,False,hi,devanagari,template_combinatorial,train
little mount me smart card accept hota hai kya?,ticketing:ncmc_card,LITTLE_MOUNT,ticketing,,,,fare,False,hinglish,latin_hinglish,template_combinatorial,train
चेन्नई सेंट्रल पर सीजन पास का क्या नियम है?,ticketing:monthly_pass,CHENNAI_CENTRAL,ticketing,,,,fare,False,hi,devanagari,template_combinatorial,train
tambaram par whatsapp ticket online booking kaise kare?,ticketing:qr_ticket,TAMBARAM,ticketing,,,,fare,False,hinglish,latin_hinglish,template_combinatorial,train
koyambedu to saidapet whatsapp ticket price kya hai?,ticketing:ticket_price,KOYAMBEDU,ticketing,KOYAMBEDU,SAIDAPET,,fare,False,hinglish,latin_hinglish,template_combinatorial,train
चेन्नई एयरपोर्ट पर टिकट ऑनलाइन कैसे बुक करें?,ticketing:whatsapp_ticketing,CHENNAI_AIRPORT,ticketing,,,,fare,False,hi,devanagari,template_combinatorial,train
क्या सैदापेट से सीएमबीटी के लिए टोकन खरीद सकते हैं?,ticketing:online_ticket,SAIDAPET,ticketing,SAIDAPET,CMBT,,fare,False,hi,devanagari,template_combinatorial,train
वेलाचेरी पर सीजन पास ऑनलाइन कैसे बुक करें?,ticketing:whatsapp_ticketing,VELACHERY,ticketing,,,,fare,False,hi,devanagari,template_combinatorial,train
एग्मोर पर ट्रेन का टिकट काउंटर कहाँ है?,ticketing:ticket_counter,CHENNAI_EGMORE,ticketing,,,railway,fare,False,hi,devanagari,template_combinatorial,train
सेंट थॉमस माउंट पर टिकट का क्या नियम है?,ticketing:monthly_pass,ST_THOMAS_MOUNT,ticketing,,,,fare,False,hi,devanagari,template_combinatorial,train
सीएमबीटी पर सीजन पास का क्या नियम है?,ticketing:monthly_pass,CMBT,ticketing,,,,fare,False,hi,devanagari,template_combinatorial,train
meenambakkam me monthly pass discount kitna milta hai?,ticketing:smartcard_discount,MEENAMBAKKAM,ticketing,,,,fare,False,hinglish,latin_hinglish,template_combinatorial,train
मीनांबक्कम पर टोकन का क्या नियम है?,ticketing:monthly_pass,MEENAMBAKKAM,ticketing,,,,fare,False,hi,devanagari,template_combinatorial,train
chennai beach par smart card online booking kaise kare?,ticketing:qr_ticket,CHENNAI_BEACH,ticketing,,,,fare,False,hinglish,latin_hinglish,template_combinatorial,train
चेन्नई बीच पर क्यूआर टिकट का क्या नियम है?,ticketing:monthly_pass,CHENNAI_BEACH,ticketing,,,,fare,False,hi,devanagari,template_combinatorial,train
meenambakkam me tourist pass accept hota hai kya?,ticketing:ncmc_card,MEENAMBAKKAM,ticketing,,,,fare,False,hinglish,latin_hinglish,template_combinatorial,train
एयरपोर्ट पर व्हाट्सएप टिकट का क्या नियम है?,ticketing:monthly_pass,CHENNAI_AIRPORT,ticketing,,,,fare,False,hi,devanagari,template_combinatorial,train
अन्ना नगर पर स्मार्ट कार्ड खो जाए तो कितना जुर्माना लगता है?,ticketing:penalty_lost,ANNA_NAGAR,ticketing,,,,fare,False,hi,devanagari,template_combinatorial,train
chennai beach me smart card cost kitna hai?,ticketing:monthly_pass,CHENNAI_BEACH,ticketing,,,,fare,False,hinglish,latin_hinglish,template_combinatorial,train
एग्मोर पर स्मार्ट कार्ड का क्या नियम है?,ticketing:monthly_pass,CHENNAI_EGMORE,ticketing,,,,fare,False,hi,devanagari,template_combinatorial,train
आलंदूर काउंटर से टोकन मिल सकता है क्या?,ticketing:ticket_counter,ALANDUR,ticketing,,,,fare,False,hi,devanagari,template_combinatorial,train
लिटिल माउंट पर स्मार्ट कार्ड खो जाए तो कितना जुर्माना लगता है?,ticketing:penalty_lost,LITTLE_MOUNT,ticketing,,,,fare,False,hi,devanagari,template_combinatorial,train
थाउजेंड लाइट्स पर मेट्रो पास पर कितने प्रतिशत की छूट मिलती है?,ticketing:smartcard_discount,THOUSAND_LIGHTS,ticketing,,,,fare,False,hi,devanagari,template_combinatorial,train
थाउजेंड लाइट्स पर सीजन पास खो जाए तो कितना जुर्माना लगता है?,ticketing:penalty_lost,THOUSAND_LIGHTS,ticketing,,,,fare,False,hi,devanagari,template_combinatorial,train
guindy me token cost kitna hai?,ticketing:monthly_pass,GUINDY,ticketing,,,,fare,False,hinglish,latin_hinglish,template_combinatorial,train
what is the monthly pass cost from ashok nagar to thirumangalam?,ticketing:fare_english,ASHOK_NAGAR,ticketing,ASHOK_NAGAR,THIRUMANGALAM,,fare,False,hinglish,latin_hinglish,template_combinatorial,train
क्या तेनामपेट से थाउजेंड लाइट्स के लिए व्हाट्सएप टिकट खरीद सकते हैं?,ticketing:online_ticket,TEYNAMPET,ticketing,TEYNAMPET,THOUSAND_LIGHTS,,fare,False,hi,devanagari,template_combinatorial,train
चेन्नई बीच पर ट्रेन का टिकट काउंटर कहाँ है?,ticketing:ticket_counter,CHENNAI_BEACH,ticketing,,,railway,fare,False,hi,devanagari,template_combinatorial,train
ag dms me qr ticket discount kitna milta hai?,ticketing:smartcard_discount,AG_DMS,ticketing,,,,fare,False,hinglish,latin_hinglish,template_combinatorial,train
सीएमबीटी पर एनसीएमसी रूपे कार्ड का क्या नियम है?,ticketing:monthly_pass,CMBT,ticketing,,,,fare,False,hi,devanagari,template_combinatorial,train
chennai airport to alandur qr ticket price kya hai?,ticketing:ticket_price,CHENNAI_AIRPORT,ticketing,CHENNAI_AIRPORT,ALANDUR,,fare,False,hinglish,latin_hinglish,template_combinatorial,train
cmbt me tourist pass cost kitna hai?,ticketing:monthly_pass,CMBT,ticketing,,,,fare,False,hinglish,latin_hinglish,template_combinatorial,train
चेन्नई एयरपोर्ट से तेनामपेट तक मासिक पास का दाम क्या है?,ticketing:ticket_price,CHENNAI_AIRPORT,ticketing,CHENNAI_AIRPORT,TEYNAMPET,,fare,False,hi,devanagari,template_combinatorial,train
टी नगर से गिंडी तक टूरिस्ट पास का दाम क्या है?,ticketing:ticket_price,NANDANAM,ticketing,NANDANAM,GUINDY,,fare,False,hi,devanagari,template_combinatorial,train
हाई कोर्ट पर व्हाट्सएप टिकट पर कितने प्रतिशत की छूट मिलती है?,ticketing:smartcard_discount,HIGH_COURT,ticketing,,,,fare,False,hi,devanagari,template_combinatorial,train
chennai beach me smart card discount kitna milta hai?,ticketing:smartcard_discount,CHENNAI_BEACH,ticketing,,,,fare,False,hinglish,latin_hinglish,template_combinatorial,train
मीनांबक्कम पर सीजन पास पर कितने प्रतिशत की छूट मिलती है?,ticketing:smartcard_discount,MEENAMBAKKAM,ticketing,,,,fare,False,hi,devanagari,template_combinatorial,train
vadapalani par tourist pass online booking kaise kare?,ticketing:qr_ticket,VADAPALANI,ticketing,,,,fare,False,hinglish,latin_hinglish,template_combinatorial,train
teynampet me ticket accept hota hai kya?,ticketing:ncmc_card,TEYNAMPET,ticketing,,,,fare,False,hinglish,latin_hinglish,template_combinatorial,train
क्या अन्ना नगर मेट्रो में व्हाट्सएप टिकट चलता है?,ticketing:ncmc_card,ANNA_NAGAR,ticketing,,,,fare,False,hi,devanagari,template_combinatorial,train
क्या थाउजेंड लाइट्स मेट्रो में एनसीएमसी रूपे कार्ड चलता है?,ticketing:ncmc_card,THOUSAND_LIGHTS,ticketing,,,,fare,False,hi,devanagari,template_combinatorial,train
एलआईसी काउंटर से टोकन मिल सकता है क्या?,ticketing:ticket_counter,LIC,ticketing,,,,fare,False,hi,devanagari,template_combinatorial,train
cmbt me token discount kitna milta hai?,ticketing:smartcard_discount,CMBT,ticketing,,,,fare,False,hinglish,latin_hinglish,template_combinatorial,train
thousand lights me smart card discount kitna milta hai?,ticketing:smartcard_discount,THOUSAND_LIGHTS,ticketing,,,,fare,False,hinglish,latin_hinglish,template_combinatorial,train
गिंडी पर एनसीएमसी रूपे कार्ड ऑनलाइन कैसे बुक करें?,ticketing:whatsapp_ticketing,GUINDY,ticketing,,,,fare,False,hi,devanagari,template_combinatorial,train
गवर्नमेंट एस्टेट पर टिकट ऑनलाइन कैसे बुक करें?,ticketing:whatsapp_ticketing,GOVERNMENT_ESTATE,ticketing,,,,fare,False,hi,devanagari,template_combinatorial,train
saidapet me qr ticket discount kitna milta hai?,ticketing:smartcard_discount,SAIDAPET,ticketing,,,,fare,False,hinglish,latin_hinglish,template_combinatorial,train
ashok nagar to chennai egmore monthly pass price kya hai?,ticketing:ticket_price,ASHOK_NAGAR,ticketing,ASHOK_NAGAR,CHENNAI_EGMORE,,fare,False,hinglish,latin_hinglish,template_combinatorial,train
वेलाचेरी पर बस का टिकट काउंटर कहाँ है?,ticketing:ticket_counter,VELACHERY,ticketing,,,bus,fare,False,hi,devanagari,template_combinatorial,train
क्या वडापलानी से अन्ना नगर जाने के लिए मासिक पास मिलता है?,ticketing:qr_ticket,VADAPALANI,ticketing,VADAPALANI,ANNA_NAGAR,,fare,False,hi,devanagari,template_combinatorial,train
kilpauk me token accept hota hai kya?,ticketing:ncmc_card,KILPAUK,ticketing,,,,fare,False,hinglish,latin_hinglish,template_combinatorial,train
शेनॉय नगर काउंटर से क्यूआर टिकट मिल सकता है क्या?,ticketing:ticket_counter,SHENOY_NAGAR,ticketing,,,,fare,False,hi,devanagari,template_combinatorial,train
chennai airport to velachery metro pass price kya hai?,ticketing:ticket_price,CHENNAI_AIRPORT,ticketing,CHENNAI_AIRPORT,VELACHERY,,fare,False,hinglish,latin_hinglish,template_combinatorial,train
vadapalani par qr ticket online booking kaise kare?,ticketing:qr_ticket,VADAPALANI,ticketing,,,,fare,False,hinglish,latin_hinglish,template_combinatorial,train
चेन्नई बीच पर सीजन पास का क्या नियम है?,ticketing:monthly_pass,CHENNAI_BEACH,ticketing,,,,fare,False,hi,devanagari,template_combinatorial,train
तेनामपेट पर एनसीएमसी रूपे कार्ड का क्या नियम है?,ticketing:monthly_pass,TEYNAMPET,ticketing,,,,fare,False,hi,devanagari,template_combinatorial,train
ताम्बरम पर व्हाट्सएप टिकट खो जाए तो कितना जुर्माना लगता है?,ticketing:penalty_lost,TAMBARAM,ticketing,,,,fare,False,hi,devanagari,template_combinatorial,train
क्या नेहरू पार्क से चेन्नई एग्मोर जाने के लिए स्मार्ट कार्ड मिलता है?,ticketing:qr_ticket,NEHRU_PARK,ticketing,NEHRU_PARK,CHENNAI_EGMORE,,fare,False,hi,devanagari,template_combinatorial,train
कोयम्बेडु मार्केट पर सीजन पास पर कितने प्रतिशत की छूट मिलती है?,ticketing:smartcard_discount,KOYAMBEDU,ticketing,,,,fare,False,hi,devanagari,template_combinatorial,train
kilpauk me ticket discount kitna milta hai?,ticketing:smartcard_discount,KILPAUK,ticketing,,,,fare,False,hinglish,latin_hinglish,template_combinatorial,train
क्या आलंदूर से एजी-डीएमएस जाने के लिए मेट्रो पास मिलता है?,ticketing:qr_ticket,ALANDUR,ticketing,ALANDUR,AG_DMS,,fare,False,hi,devanagari,template_combinatorial,train
हवाई अड्डा पर बस का टिकट काउंटर कहाँ है?,ticketing:ticket_counter,CHENNAI_AIRPORT,ticketing,,,bus,fare,False,hi,devanagari,template_combinatorial,train
lic par qr ticket online booking kaise kare?,ticketing:qr_ticket,LIC,ticketing,,,,fare,False,hinglish,latin_hinglish,template_combinatorial,train
आलंदूर पर व्हाट्सएप टिकट पर कितने प्रतिशत की छूट मिलती है?,ticketing:smartcard_discount,ALANDUR,ticketing,,,,fare,False,hi,devanagari,template_combinatorial,train
मीनांबक्कम पर बस का टिकट काउंटर कहाँ है?,ticketing:ticket_counter,MEENAMBAKKAM,ticketing,,,bus,fare,False,hi,devanagari,template_combinatorial,train
st thomas mount par whatsapp ticket online booking kaise kare?,ticketing:qr_ticket,ST_THOMAS_MOUNT,ticketing,,,,fare,False,hinglish,latin_hinglish,template_combinatorial,train
high court to lic smart card price kya hai?,ticketing:ticket_price,HIGH_COURT,ticketing,HIGH_COURT,LIC,,fare,False,hinglish,latin_hinglish,template_combinatorial,train
koyambedu me metro pass accept hota hai kya?,ticketing:ncmc_card,KOYAMBEDU,ticketing,,,,fare,False,hinglish,latin_hinglish,template_combinatorial,train
एलआईसी पर मेट्रो का टिकट काउंटर कहाँ है?,ticketing:ticket_counter,LIC,ticketing,,,metro,fare,False,hi,devanagari,template_combinatorial,train
koyambedu me qr ticket accept hota hai kya?,ticketing:ncmc_card,KOYAMBEDU,ticketing,,,,fare,False,hinglish,latin_hinglish,template_combinatorial,train
kilpauk par metro pass online booking kaise kare?,ticketing:qr_ticket,KILPAUK,ticketing,,,,fare,False,hinglish,latin_hinglish,template_combinatorial,train
t nagar me monthly pass accept hota hai kya?,ticketing:ncmc_card,NANDANAM,ticketing,,,,fare,False,hinglish,latin_hinglish,template_combinatorial,train
क्या थाउजेंड लाइट्स मेट्रो में सीजन पास चलता है?,ticketing:ncmc_card,THOUSAND_LIGHTS,ticketing,,,,fare,False,hi,devanagari,template_combinatorial,train
thirumangalam me qr ticket accept hota hai kya?,ticketing:ncmc_card,THIRUMANGALAM,ticketing,,,,fare,False,hinglish,latin_hinglish,template_combinatorial,train
सेंट्रल काउंटर से टोकन मिल सकता है क्या?,ticketing:ticket_counter,CHENNAI_CENTRAL,ticketing,,,,fare,False,hi,devanagari,template_combinatorial,train
किल्पॉक से कोयम्बेडु मार्केट तक टूरिस्ट पास का दाम क्या है?,ticketing:ticket_price,KILPAUK,ticketing,KILPAUK,KOYAMBEDU,,fare,False,hi,devanagari,template_combinatorial,train
गिंडी पर क्यूआर टिकट का क्या नियम है?,ticketing:monthly_pass,GUINDY,ticketing,,,,fare,False,hi,devanagari,template_combinatorial,train
थाउजेंड लाइट्स पर स्मार्ट कार्ड पर कितने प्रतिशत की छूट मिलती है?,ticketing:smartcard_discount,THOUSAND_LIGHTS,ticketing,,,,fare,False,hi,devanagari,template_combinatorial,train
what is the tourist pass cost from government estate to velachery?,ticketing:fare_english,GOVERNMENT_ESTATE,ticketing,GOVERNMENT_ESTATE,VELACHERY,,fare,False,hinglish,latin_hinglish,template_combinatorial,train
कोयम्बेडु मार्केट पर स्मार्ट कार्ड ऑनलाइन कैसे बुक करें?,ticketing:whatsapp_ticketing,KOYAMBEDU,ticketing,,,,fare,False,hi,devanagari,template_combinatorial,train
vadapalani par season pass online booking kaise kare?,ticketing:qr_ticket,VADAPALANI,ticketing,,,,fare,False,hinglish,latin_hinglish,template_combinatorial,train
thirumangalam par ticket online booking kaise kare?,ticketing:qr_ticket,THIRUMANGALAM,ticketing,,,,fare,False,hinglish,latin_hinglish,template_combinatorial,train
can i use token at vadapalani metro station?,ticketing:ncmc_card,VADAPALANI,ticketing,,,,fare,False,hinglish,latin_hinglish,template_combinatorial,train
what is the ncmc card cost from chennai airport to shenoy nagar?,ticketing:fare_english,CHENNAI_AIRPORT,ticketing,CHENNAI_AIRPORT,SHENOY_NAGAR,,fare,False,hinglish,latin_hinglish,template_combinatorial,train
अशोक नगर पर ट्रेन का टिकट काउंटर कहाँ है?,ticketing:ticket_counter,ASHOK_NAGAR,ticketing,,,railway,fare,False,hi,devanagari,template_combinatorial,train
गिंडी पर स्मार्ट कार्ड पर कितने प्रतिशत की छूट मिलती है?,ticketing:smartcard_discount,GUINDY,ticketing,,,,fare,False,hi,devanagari,template_combinatorial,train
tambaram me smart card cost kitna hai?,ticketing:monthly_pass,TAMBARAM,ticketing,,,,fare,False,hinglish,latin_hinglish,template_combinatorial,train
what is the season pass cost from alandur to cmbt?,ticketing:fare_english,ALANDUR,ticketing,ALANDUR,CMBT,,fare,False,hinglish,latin_hinglish,template_combinatorial,train
हाई कोर्ट काउंटर से टिकट मिल सकता है क्या?,ticketing:ticket_counter,HIGH_COURT,ticketing,,,,fare,False,hi,devanagari,template_combinatorial,train
वडापलानी पर बस का टिकट काउंटर कहाँ है?,ticketing:ticket_counter,VADAPALANI,ticketing,,,bus,fare,False,hi,devanagari,template_combinatorial,train
ag dms to government estate monthly pass price kya hai?,ticketing:ticket_price,AG_DMS,ticketing,AG_DMS,GOVERNMENT_ESTATE,,fare,False,hinglish,latin_hinglish,template_combinatorial,train
lic to central tourist pass price kya hai?,ticketing:ticket_price,LIC,ticketing,LIC,CHENNAI_CENTRAL,,fare,False,hinglish,latin_hinglish,template_combinatorial,train
क्या तिरुमंगलम से लिटिल माउंट के लिए स्मार्ट कार्ड खरीद सकते हैं?,ticketing:online_ticket,THIRUMANGALAM,ticketing,THIRUMANGALAM,LITTLE_MOUNT,,fare,False,hi,devanagari,template_combinatorial,train
क्या थाउजेंड लाइट्स से वडापलानी के लिए मासिक पास खरीद सकते हैं?,ticketing:online_ticket,THOUSAND_LIGHTS,ticketing,THOUSAND_LIGHTS,VADAPALANI,,fare,False,hi,devanagari,template_combinatorial,train
लिटिल माउंट पर एनसीएमसी रूपे कार्ड खो जाए तो कितना जुर्माना लगता है?,ticketing:penalty_lost,LITTLE_MOUNT,ticketing,,,,fare,False,hi,devanagari,template_combinatorial,train
saidapet me monthly pass accept hota hai kya?,ticketing:ncmc_card,SAIDAPET,ticketing,,,,fare,False,hinglish,latin_hinglish,template_combinatorial,train
t nagar par smart card online booking kaise kare?,ticketing:qr_ticket,NANDANAM,ticketing,,,,fare,False,hinglish,latin_hinglish,template_combinatorial,train
central railway station par smart card online booking kaise kare?,ticketing:qr_ticket,CHENNAI_CENTRAL,ticketing,,,,fare,False,hinglish,latin_hinglish,template_combinatorial,train
shenoy nagar par whatsapp ticket online booking kaise kare?,ticketing:qr_ticket,SHENOY_NAGAR,ticketing,,,,fare,False,hinglish,latin_hinglish,template_combinatorial,train
गिंडी पर सीजन पास खो जाए तो कितना जुर्माना लगता है?,ticketing:penalty_lost,GUINDY,ticketing,,,,fare,False,hi,devanagari,template_combinatorial,train
lic to cmbt ticket price kya hai?,ticketing:ticket_price,LIC,ticketing,LIC,CMBT,,fare,False,hinglish,latin_hinglish,template_combinatorial,train
little mount par smart card online booking kaise kare?,ticketing:qr_ticket,LITTLE_MOUNT,ticketing,,,,fare,False,hinglish,latin_hinglish,template_combinatorial,train
koyambedu par qr ticket online booking kaise kare?,ticketing:qr_ticket,KOYAMBEDU,ticketing,,,,fare,False,hinglish,latin_hinglish,template_combinatorial,train
क्या एजी-डीएमएस से आलंदूर के लिए एनसीएमसी रूपे कार्ड खरीद सकते हैं?,ticketing:online_ticket,AG_DMS,ticketing,AG_DMS,ALANDUR,,fare,False,hi,devanagari,template_combinatorial,train
shenoy nagar to ashok nagar metro pass price kya hai?,ticketing:ticket_price,SHENOY_NAGAR,ticketing,SHENOY_NAGAR,ASHOK_NAGAR,,fare,False,hinglish,latin_hinglish,template_combinatorial,train
तेनामपेट पर व्हाट्सएप टिकट खो जाए तो कितना जुर्माना लगता है?,ticketing:penalty_lost,TEYNAMPET,ticketing,,,,fare,False,hi,devanagari,template_combinatorial,train
thirumangalam par monthly pass online booking kaise kare?,ticketing:qr_ticket,THIRUMANGALAM,ticketing,,,,fare,False,hinglish,latin_hinglish,template_combinatorial,train
किल्पॉक से एग्मोर तक मासिक पास का दाम क्या है?,ticketing:ticket_price,KILPAUK,ticketing,KILPAUK,CHENNAI_EGMORE,,fare,False,hi,devanagari,template_combinatorial,train
can i use monthly pass at thirumangalam metro station?,ticketing:ncmc_card,THIRUMANGALAM,ticketing,,,,fare,False,hinglish,latin_hinglish,template_combinatorial,train
चेन्नई बीच से तिरुमंगलम तक एनसीएमसी रूपे कार्ड का दाम क्या है?,ticketing:ticket_price,CHENNAI_BEACH,ticketing,CHENNAI_BEACH,THIRUMANGALAM,,fare,False,hi,devanagari,template_combinatorial,train
what is the qr ticket cost from government estate to t nagar?,ticketing:fare_english,GOVERNMENT_ESTATE,ticketing,GOVERNMENT_ESTATE,NANDANAM,,fare,False,hinglish,latin_hinglish,template_combinatorial,train
क्या एयरपोर्ट मेट्रो में व्हाट्सएप टिकट चलता है?,ticketing:ncmc_card,CHENNAI_AIRPORT,ticketing,,,,fare,False,hi,devanagari,template_combinatorial,train
nandanam me tourist pass discount kitna milta hai?,ticketing:smartcard_discount,NANDANAM,ticketing,,,,fare,False,hinglish,latin_hinglish,template_combinatorial,train
what is the smart card cost from cmbt to guindy?,ticketing:fare_english,CMBT,ticketing,CMBT,GUINDY,,fare,False,hinglish,latin_hinglish,template_combinatorial,train
एलआईसी से एग्मोर तक क्यूआर टिकट का दाम क्या है?,ticketing:ticket_price,LIC,ticketing,LIC,CHENNAI_EGMORE,,fare,False,hi,devanagari,template_combinatorial,train
can i use token at lic metro station?,ticketing:ncmc_card,LIC,ticketing,,,,fare,False,hinglish,latin_hinglish,template_combinatorial,train
velachery to st thomas mount tourist pass price kya hai?,ticketing:ticket_price,VELACHERY,ticketing,VELACHERY,ST_THOMAS_MOUNT,,fare,False,hinglish,latin_hinglish,template_combinatorial,train
मीनांबक्कम पर टिकट पर कितने प्रतिशत की छूट मिलती है?,ticketing:smartcard_discount,MEENAMBAKKAM,ticketing,,,,fare,False,hi,devanagari,template_combinatorial,train
क्या गवर्नमेंट एस्टेट मेट्रो में मेट्रो पास चलता है?,ticketing:ncmc_card,GOVERNMENT_ESTATE,ticketing,,,,fare,False,hi,devanagari,template_combinatorial,train
egmore to guindy metro pass price kya hai?,ticketing:ticket_price,CHENNAI_EGMORE,ticketing,CHENNAI_EGMORE,GUINDY,,fare,False,hinglish,latin_hinglish,template_combinatorial,train
ashok nagar me qr ticket accept hota hai kya?,ticketing:ncmc_card,ASHOK_NAGAR,ticketing,,,,fare,False,hinglish,latin_hinglish,template_combinatorial,train
nandanam me metro pass accept hota hai kya?,ticketing:ncmc_card,NANDANAM,ticketing,,,,fare,False,hinglish,latin_hinglish,template_combinatorial,train
chennai egmore par qr ticket online booking kaise kare?,ticketing:qr_ticket,CHENNAI_EGMORE,ticketing,,,,fare,False,hinglish,latin_hinglish,template_combinatorial,train
airport me whatsapp ticket cost kitna hai?,ticketing:monthly_pass,CHENNAI_AIRPORT,ticketing,,,,fare,False,hinglish,latin_hinglish,template_combinatorial,train
nandanam me season pass discount kitna milta hai?,ticketing:smartcard_discount,NANDANAM,ticketing,,,,fare,False,hinglish,latin_hinglish,template_combinatorial,train
can i use ncmc card at koyambedu metro station?,ticketing:ncmc_card,KOYAMBEDU,ticketing,,,,fare,False,hinglish,latin_hinglish,template_combinatorial,train
सैदापेट पर टिकट का क्या नियम है?,ticketing:monthly_pass,SAIDAPET,ticketing,,,,fare,False,hi,devanagari,template_combinatorial,train
वेलाचेरी पर स्मार्ट कार्ड ऑनलाइन कैसे बुक करें?,ticketing:whatsapp_ticketing,VELACHERY,ticketing,,,,fare,False,hi,devanagari,template_combinatorial,train
क्या लिटिल माउंट मेट्रो में क्यूआर टिकट चलता है?,ticketing:ncmc_card,LITTLE_MOUNT,ticketing,,,,fare,False,hi,devanagari,template_combinatorial,train
little mount me token discount kitna milta hai?,ticketing:smartcard_discount,LITTLE_MOUNT,ticketing,,,,fare,False,hinglish,latin_hinglish,template_combinatorial,train
चेन्नई एग्मोर से थाउजेंड लाइट्स तक स्मार्ट कार्ड का दाम क्या है?,ticketing:ticket_price,CHENNAI_EGMORE,ticketing,CHENNAI_EGMORE,THOUSAND_LIGHTS,,fare,False,hi,devanagari,template_combinatorial,train
can i use monthly pass at nandanam metro station?,ticketing:ncmc_card,NANDANAM,ticketing,,,,fare,False,hinglish,latin_hinglish,template_combinatorial,train
what is the smart card cost from alandur to vadapalani?,ticketing:fare_english,ALANDUR,ticketing,ALANDUR,VADAPALANI,,fare,False,hinglish,latin_hinglish,template_combinatorial,train
वेलाचेरी पर सीजन पास का क्या नियम है?,ticketing:monthly_pass,VELACHERY,ticketing,,,,fare,False,hi,devanagari,template_combinatorial,train
chennai airport to central token price kya hai?,ticketing:ticket_price,CHENNAI_AIRPORT,ticketing,CHENNAI_AIRPORT,CHENNAI_CENTRAL,,fare,False,hinglish,latin_hinglish,template_combinatorial,train
सेंट्रल रेलवे स्टेशन काउंटर से व्हाट्सएप टिकट मिल सकता है क्या?,ticketing:ticket_counter,CHENNAI_CENTRAL,ticketing,,,,fare,False,hi,devanagari,template_combinatorial,train
what is the qr ticket cost from thirumangalam to thousand lights?,ticketing:fare_english,THIRUMANGALAM,ticketing,THIRUMANGALAM,THOUSAND_LIGHTS,,fare,False,hinglish,latin_hinglish,template_combinatorial,train
क्या लिटिल माउंट से एयरपोर्ट जाने के लिए क्यूआर टिकट मिलता है?,ticketing:qr_ticket,LITTLE_MOUNT,ticketing,LITTLE_MOUNT,CHENNAI_AIRPORT,,fare,False,hi,devanagari,template_combinatorial,train
ag dms me monthly pass accept hota hai kya?,ticketing:ncmc_card,AG_DMS,ticketing,,,,fare,False,hinglish,latin_hinglish,template_combinatorial,train
ashok nagar par qr ticket online booking kaise kare?,ticketing:qr_ticket,ASHOK_NAGAR,ticketing,,,,fare,False,hinglish,latin_hinglish,template_combinatorial,train
alandur me ncmc card cost kitna hai?,ticketing:monthly_pass,ALANDUR,ticketing,,,,fare,False,hinglish,latin_hinglish,template_combinatorial,train
ashok nagar me monthly pass discount kitna milta hai?,ticketing:smartcard_discount,ASHOK_NAGAR,ticketing,,,,fare,False,hinglish,latin_hinglish,template_combinatorial,train
चेन्नई में आज भारी बारिश का अलर्ट है क्या? जल्दी बताओ,out_of_scope:rain_alert,,out_of_scope,,,,,False,hi,devanagari,template_combinatorial,train
तुम कौन हो और क्या काम कर सकते हो?,out_of_scope:bot_identity,,out_of_scope,,,,,False,hi,devanagari,template_combinatorial,train
who are you and what can you do? details please,out_of_scope:bot_identity,,out_of_scope,,,,,False,hinglish,latin_hinglish,template_combinatorial,train
चेन्नई में आज भारी बारिश का अलर्ट है क्या? क्या आप जानते हैं?,out_of_scope:rain_alert,,out_of_scope,,,,,False,hi,devanagari,template_combinatorial,train
flight status for chennai airport today? batao jaldi,out_of_scope:flight_live,,out_of_scope,,,,,False,hinglish,latin_hinglish,template_combinatorial,train
chennai me cinema hall me konsi movie lagi hai? can you tell?,out_of_scope:cinema_movie,,out_of_scope,,,,,False,hinglish,latin_hinglish,template_combinatorial,train
कृपया मुझे एक चुटकुला सुनाइए जल्दी बताओ,out_of_scope:joke_chitchat,,out_of_scope,,,,,False,hi,devanagari,template_combinatorial,train
chennai me cinema hall me konsi movie lagi hai? please,out_of_scope:cinema_movie,,out_of_scope,,,,,False,hinglish,latin_hinglish,template_combinatorial,train
गूगल के सीईओ कौन हैं? जल्दी बताओ,out_of_scope:gk_ceo,,out_of_scope,,,,,False,hi,devanagari,template_combinatorial,train
भारत की राजधानी क्या है?,out_of_scope:general_knowledge,,out_of_scope,,,,,False,hi,devanagari,template_combinatorial,train
nearby best restaurants and cafes? batao jaldi,out_of_scope:food_query,,out_of_scope,,,,,False,hinglish,latin_hinglish,template_combinatorial,train
भारत की राजधानी क्या है? जानकारी चाहिए,out_of_scope:general_knowledge,,out_of_scope,,,,,False,hi,devanagari,template_combinatorial,train
chennai me cinema hall me konsi movie lagi hai? batao jaldi,out_of_scope:cinema_movie,,out_of_scope,,,,,False,hinglish,latin_hinglish,template_combinatorial,train
कृपया मुझे एक चुटकुला सुनाइए जी,out_of_scope:joke_chitchat,,out_of_scope,,,,,False,hi,devanagari,template_combinatorial,train
nearby best restaurants and cafes? please,out_of_scope:food_query,,out_of_scope,,,,,False,hinglish,latin_hinglish,template_combinatorial,train
chennai me cinema hall me konsi movie lagi hai? details please,out_of_scope:cinema_movie,,out_of_scope,,,,,False,hinglish,latin_hinglish,template_combinatorial,train
भारत की राजधानी क्या है? क्या आप जानते हैं?,out_of_scope:general_knowledge,,out_of_scope,,,,,False,hi,devanagari,template_combinatorial,train
कृपया मुझे एक चुटकुला सुनाइए,out_of_scope:joke_chitchat,,out_of_scope,,,,,False,hi,devanagari,template_combinatorial,train
चेन्नई में आज भारी बारिश का अलर्ट है क्या?,out_of_scope:rain_alert,,out_of_scope,,,,,False,hi,devanagari,template_combinatorial,train
book a cab or ola uber taxi,out_of_scope:taxi_cab,,out_of_scope,,,,,False,hinglish,latin_hinglish,template_combinatorial,train
flight status for chennai airport today? details please,out_of_scope:flight_live,,out_of_scope,,,,,False,hinglish,latin_hinglish,template_combinatorial,train
मुझे पास का अच्छा रेस्टोरेंट बताइए क्या आप जानते हैं?,out_of_scope:food_query,,out_of_scope,,,,,False,hi,devanagari,template_combinatorial,train
book a cab or ola uber taxi details please,out_of_scope:taxi_cab,,out_of_scope,,,,,False,hinglish,latin_hinglish,template_combinatorial,train
कृपया मुझे एक चुटकुला सुनाइए जानकारी चाहिए,out_of_scope:joke_chitchat,,out_of_scope,,,,,False,hi,devanagari,template_combinatorial,train
गूगल के सीईओ कौन हैं? जी,out_of_scope:gk_ceo,,out_of_scope,,,,,False,hi,devanagari,template_combinatorial,train
चेन्नई में आज भारी बारिश का अलर्ट है क्या? कृपया बताइए,out_of_scope:rain_alert,,out_of_scope,,,,,False,hi,devanagari,template_combinatorial,train
मरीना बीच के पास कोई अच्छा होटल बताइए क्या आप जानते हैं?,out_of_scope:hotel_stay,,out_of_scope,,,,,False,hi,devanagari,template_combinatorial,train
आज शेयर बाज़ार में क्या चल रहा है? जी,out_of_scope:finance_market,,out_of_scope,,,,,False,hi,devanagari,template_combinatorial,train
tell me a joke please,out_of_scope:joke_chitchat,,out_of_scope,,,,,False,hinglish,latin_hinglish,template_combinatorial,train
tell me a joke,out_of_scope:joke_chitchat,,out_of_scope,,,,,False,hinglish,latin_hinglish,template_combinatorial,train
train live running status kahan pahuchi? details please,out_of_scope:live_status_train,,out_of_scope,,,,,False,hinglish,latin_hinglish,template_combinatorial,train
सिनेमा हॉल में कौन सी नई फिल्म लगी है? जी,out_of_scope:cinema_movie,,out_of_scope,,,,,False,hi,devanagari,template_combinatorial,train
आज शेयर बाज़ार में क्या चल रहा है? जानकारी चाहिए,out_of_scope:finance_market,,out_of_scope,,,,,False,hi,devanagari,template_combinatorial,train
हवाई जहाज की फ्लाइट की लाइव स्थिति बताइए जानकारी चाहिए,out_of_scope:flight_live,,out_of_scope,,,,,False,hi,devanagari,template_combinatorial,train
nearby best restaurants and cafes? can you tell?,out_of_scope:food_query,,out_of_scope,,,,,False,hinglish,latin_hinglish,template_combinatorial,train
टैक्सी बुक करने का कोई नंबर बताइए जानकारी चाहिए,out_of_scope:taxi_cab,,out_of_scope,,,,,False,hi,devanagari,template_combinatorial,train
हवाई जहाज की फ्लाइट की लाइव स्थिति बताइए जी,out_of_scope:flight_live,,out_of_scope,,,,,False,hi,devanagari,template_combinatorial,train
"मुझे भूख लगी है, पास में खाना कहाँ मिलेगा? जानकारी चाहिए",out_of_scope:hunger_food,,out_of_scope,,,,,False,hi,devanagari,template_combinatorial,train
train live running status kahan pahuchi? can you tell?,out_of_scope:live_status_train,,out_of_scope,,,,,False,hinglish,latin_hinglish,template_combinatorial,train
टैक्सी बुक करने का कोई नंबर बताइए जी,out_of_scope:taxi_cab,,out_of_scope,,,,,False,hi,devanagari,template_combinatorial,train
आज शेयर बाज़ार में क्या चल रहा है? क्या आप जानते हैं?,out_of_scope:finance_market,,out_of_scope,,,,,False,hi,devanagari,template_combinatorial,train
who are you and what can you do?,out_of_scope:bot_identity,,out_of_scope,,,,,False,hinglish,latin_hinglish,template_combinatorial,train
मरीना बीच के पास कोई अच्छा होटल बताइए जी,out_of_scope:hotel_stay,,out_of_scope,,,,,False,hi,devanagari,template_combinatorial,train
book a cab or ola uber taxi please,out_of_scope:taxi_cab,,out_of_scope,,,,,False,hinglish,latin_hinglish,template_combinatorial,train
tell me a joke details please,out_of_scope:joke_chitchat,,out_of_scope,,,,,False,hinglish,latin_hinglish,template_combinatorial,train
सिनेमा हॉल में कौन सी नई फिल्म लगी है? क्या आप जानते हैं?,out_of_scope:cinema_movie,,out_of_scope,,,,,False,hi,devanagari,template_combinatorial,train
मुझे पास का अच्छा रेस्टोरेंट बताइए जानकारी चाहिए,out_of_scope:food_query,,out_of_scope,,,,,False,hi,devanagari,template_combinatorial,train
chennai me cinema hall me konsi movie lagi hai?,out_of_scope:cinema_movie,,out_of_scope,,,,,False,hinglish,latin_hinglish,template_combinatorial,train
भारत की राजधानी क्या है? जल्दी बताओ,out_of_scope:general_knowledge,,out_of_scope,,,,,False,hi,devanagari,template_combinatorial,train
आज शेयर बाज़ार में क्या चल रहा है?,out_of_scope:finance_market,,out_of_scope,,,,,False,hi,devanagari,template_combinatorial,train
flight status for chennai airport today? can you tell?,out_of_scope:flight_live,,out_of_scope,,,,,False,hinglish,latin_hinglish,template_combinatorial,train
"मुझे भूख लगी है, पास में खाना कहाँ मिलेगा? क्या आप जानते हैं?",out_of_scope:hunger_food,,out_of_scope,,,,,False,hi,devanagari,template_combinatorial,train
who are you and what can you do? can you tell?,out_of_scope:bot_identity,,out_of_scope,,,,,False,hinglish,latin_hinglish,template_combinatorial,train
tell me a joke batao jaldi,out_of_scope:joke_chitchat,,out_of_scope,,,,,False,hinglish,latin_hinglish,template_combinatorial,train
कृपया मुझे एक चुटकुला सुनाइए कृपया बताइए,out_of_scope:joke_chitchat,,out_of_scope,,,,,False,hi,devanagari,template_combinatorial,train
train live running status kahan pahuchi? please,out_of_scope:live_status_train,,out_of_scope,,,,,False,hinglish,latin_hinglish,template_combinatorial,train
आज शेयर बाज़ार में क्या चल रहा है? जल्दी बताओ,out_of_scope:finance_market,,out_of_scope,,,,,False,hi,devanagari,template_combinatorial,train
ट्रेन लेट है क्या और अभी कहाँ पहुँची है?,out_of_scope:live_status_train,,out_of_scope,,,,,False,hi,devanagari,template_combinatorial,train
मरीना बीच के पास कोई अच्छा होटल बताइए जल्दी बताओ,out_of_scope:hotel_stay,,out_of_scope,,,,,False,hi,devanagari,template_combinatorial,train
सिनेमा हॉल में कौन सी नई फिल्म लगी है? कृपया बताइए,out_of_scope:cinema_movie,,out_of_scope,,,,,False,hi,devanagari,template_combinatorial,train
गूगल के सीईओ कौन हैं? कृपया बताइए,out_of_scope:gk_ceo,,out_of_scope,,,,,False,hi,devanagari,template_combinatorial,train
ट्रेन लेट है क्या और अभी कहाँ पहुँची है? जल्दी बताओ,out_of_scope:live_status_train,,out_of_scope,,,,,False,hi,devanagari,template_combinatorial,train
तुम कौन हो और क्या काम कर सकते हो? जी,out_of_scope:bot_identity,,out_of_scope,,,,,False,hi,devanagari,template_combinatorial,train
flight status for chennai airport today? please,out_of_scope:flight_live,,out_of_scope,,,,,False,hinglish,latin_hinglish,template_combinatorial,train
train live running status kahan pahuchi?,out_of_scope:live_status_train,,out_of_scope,,,,,False,hinglish,latin_hinglish,template_combinatorial,train
हवाई जहाज की फ्लाइट की लाइव स्थिति बताइए कृपया बताइए,out_of_scope:flight_live,,out_of_scope,,,,,False,hi,devanagari,template_combinatorial,train
टैक्सी बुक करने का कोई नंबर बताइए क्या आप जानते हैं?,out_of_scope:taxi_cab,,out_of_scope,,,,,False,hi,devanagari,template_combinatorial,train
तुम कौन हो और क्या काम कर सकते हो? जल्दी बताओ,out_of_scope:bot_identity,,out_of_scope,,,,,False,hi,devanagari,template_combinatorial,train
train live running status kahan pahuchi? batao jaldi,out_of_scope:live_status_train,,out_of_scope,,,,,False,hinglish,latin_hinglish,template_combinatorial,train
मरीना बीच के पास कोई अच्छा होटल बताइए,out_of_scope:hotel_stay,,out_of_scope,,,,,False,hi,devanagari,template_combinatorial,train
book a cab or ola uber taxi batao jaldi,out_of_scope:taxi_cab,,out_of_scope,,,,,False,hinglish,latin_hinglish,template_combinatorial,train
टैक्सी बुक करने का कोई नंबर बताइए जल्दी बताओ,out_of_scope:taxi_cab,,out_of_scope,,,,,False,hi,devanagari,template_combinatorial,train
मरीना बीच के पास कोई अच्छा होटल बताइए कृपया बताइए,out_of_scope:hotel_stay,,out_of_scope,,,,,False,hi,devanagari,template_combinatorial,train
भारत की राजधानी क्या है? कृपया बताइए,out_of_scope:general_knowledge,,out_of_scope,,,,,False,hi,devanagari,template_combinatorial,train
who are you and what can you do? please,out_of_scope:bot_identity,,out_of_scope,,,,,False,hinglish,latin_hinglish,template_combinatorial,train
who are you and what can you do? batao jaldi,out_of_scope:bot_identity,,out_of_scope,,,,,False,hinglish,latin_hinglish,template_combinatorial,train
ट्रेन लेट है क्या और अभी कहाँ पहुँची है? जी,out_of_scope:live_status_train,,out_of_scope,,,,,False,hi,devanagari,template_combinatorial,train
"मुझे भूख लगी है, पास में खाना कहाँ मिलेगा? जी",out_of_scope:hunger_food,,out_of_scope,,,,,False,hi,devanagari,template_combinatorial,train
मुझे पास का अच्छा रेस्टोरेंट बताइए जल्दी बताओ,out_of_scope:food_query,,out_of_scope,,,,,False,hi,devanagari,template_combinatorial,train
टैक्सी बुक करने का कोई नंबर बताइए,out_of_scope:taxi_cab,,out_of_scope,,,,,False,hi,devanagari,template_combinatorial,train
tell me a joke can you tell?,out_of_scope:joke_chitchat,,out_of_scope,,,,,False,hinglish,latin_hinglish,template_combinatorial,train
book a cab or ola uber taxi can you tell?,out_of_scope:taxi_cab,,out_of_scope,,,,,False,hinglish,latin_hinglish,template_combinatorial,train
आज शेयर बाज़ार में क्या चल रहा है? कृपया बताइए,out_of_scope:finance_market,,out_of_scope,,,,,False,hi,devanagari,template_combinatorial,train
टैक्सी बुक करने का कोई नंबर बताइए कृपया बताइए,out_of_scope:taxi_cab,,out_of_scope,,,,,False,hi,devanagari,template_combinatorial,train
गूगल के सीईओ कौन हैं? जानकारी चाहिए,out_of_scope:gk_ceo,,out_of_scope,,,,,False,hi,devanagari,template_combinatorial,train
"मुझे भूख लगी है, पास में खाना कहाँ मिलेगा? जल्दी बताओ",out_of_scope:hunger_food,,out_of_scope,,,,,False,hi,devanagari,template_combinatorial,train
मुझे पास का अच्छा रेस्टोरेंट बताइए कृपया बताइए,out_of_scope:food_query,,out_of_scope,,,,,False,hi,devanagari,template_combinatorial,train
हवाई जहाज की फ्लाइट की लाइव स्थिति बताइए जल्दी बताओ,out_of_scope:flight_live,,out_of_scope,,,,,False,hi,devanagari,template_combinatorial,train
कृपया मुझे एक चुटकुला सुनाइए क्या आप जानते हैं?,out_of_scope:joke_chitchat,,out_of_scope,,,,,False,hi,devanagari,template_combinatorial,train
ट्रेन लेट है क्या और अभी कहाँ पहुँची है? जानकारी चाहिए,out_of_scope:live_status_train,,out_of_scope,,,,,False,hi,devanagari,template_combinatorial,train
सिनेमा हॉल में कौन सी नई फिल्म लगी है? जानकारी चाहिए,out_of_scope:cinema_movie,,out_of_scope,,,,,False,hi,devanagari,template_combinatorial,train
मुझे पास का अच्छा रेस्टोरेंट बताइए जी,out_of_scope:food_query,,out_of_scope,,,,,False,hi,devanagari,template_combinatorial,train
सिनेमा हॉल में कौन सी नई फिल्म लगी है?,out_of_scope:cinema_movie,,out_of_scope,,,,,False,hi,devanagari,template_combinatorial,train
तुम कौन हो और क्या काम कर सकते हो? जानकारी चाहिए,out_of_scope:bot_identity,,out_of_scope,,,,,False,hi,devanagari,template_combinatorial,train
flight status for chennai airport today?,out_of_scope:flight_live,,out_of_scope,,,,,False,hinglish,latin_hinglish,template_combinatorial,train
तुम कौन हो और क्या काम कर सकते हो? क्या आप जानते हैं?,out_of_scope:bot_identity,,out_of_scope,,,,,False,hi,devanagari,template_combinatorial,train
nearby best restaurants and cafes?,out_of_scope:food_query,,out_of_scope,,,,,False,hinglish,latin_hinglish,template_combinatorial,train
हवाई जहाज की फ्लाइट की लाइव स्थिति बताइए क्या आप जानते हैं?,out_of_scope:flight_live,,out_of_scope,,,,,False,hi,devanagari,template_combinatorial,train
"मुझे भूख लगी है, पास में खाना कहाँ मिलेगा?",out_of_scope:hunger_food,,out_of_scope,,,,,False,hi,devanagari,template_combinatorial,train
मुझे पास का अच्छा रेस्टोरेंट बताइए,out_of_scope:food_query,,out_of_scope,,,,,False,hi,devanagari,template_combinatorial,train
हवाई जहाज की फ्लाइट की लाइव स्थिति बताइए,out_of_scope:flight_live,,out_of_scope,,,,,False,hi,devanagari,template_combinatorial,train
भारत की राजधानी क्या है? जी,out_of_scope:general_knowledge,,out_of_scope,,,,,False,hi,devanagari,template_combinatorial,train
nearby best restaurants and cafes? details please,out_of_scope:food_query,,out_of_scope,,,,,False,hinglish,latin_hinglish,template_combinatorial,train
ट्रेन लेट है क्या और अभी कहाँ पहुँची है? क्या आप जानते हैं?,out_of_scope:live_status_train,,out_of_scope,,,,,False,hi,devanagari,template_combinatorial,train
गूगल के सीईओ कौन हैं? क्या आप जानते हैं?,out_of_scope:gk_ceo,,out_of_scope,,,,,False,hi,devanagari,template_combinatorial,train
तुम कौन हो और क्या काम कर सकते हो? कृपया बताइए,out_of_scope:bot_identity,,out_of_scope,,,,,False,hi,devanagari,template_combinatorial,train
सिनेमा हॉल में कौन सी नई फिल्म लगी है? जल्दी बताओ,out_of_scope:cinema_movie,,out_of_scope,,,,,False,hi,devanagari,template_combinatorial,train
मरीना बीच के पास कोई अच्छा होटल बताइए जानकारी चाहिए,out_of_scope:hotel_stay,,out_of_scope,,,,,False,hi,devanagari,template_combinatorial,train
चेन्नई में आज भारी बारिश का अलर्ट है क्या? जी,out_of_scope:rain_alert,,out_of_scope,,,,,False,hi,devanagari,template_combinatorial,train
चेन्नई में आज भारी बारिश का अलर्ट है क्या? जानकारी चाहिए,out_of_scope:rain_alert,,out_of_scope,,,,,False,hi,devanagari,template_combinatorial,train
गूगल के सीईओ कौन हैं?,out_of_scope:gk_ceo,,out_of_scope,,,,,False,hi,devanagari,template_combinatorial,train
"मुझे भूख लगी है, पास में खाना कहाँ मिलेगा? कृपया बताइए",out_of_scope:hunger_food,,out_of_scope,,,,,False,hi,devanagari,template_combinatorial,train
mere most recent reminders konse hai?,external_oos_reminder,,out_of_scope,,,,,False,hinglish,latin_hinglish,hinglish_top_test,train
"skiing karne ka perfect din , hai na ?",external_oos_weather,,out_of_scope,,,,,False,hinglish,latin_hinglish,hinglish_top_train,train
Denise ko bataye ki car chali gai he.,external_oos_messaging,,out_of_scope,,,,,False,hinglish,latin_hinglish,hinglish_top_test,train
mujhe dikhao ke mera alarm kab bajega,external_oos_alarm,,out_of_scope,,,,,False,hinglish,latin_hinglish,hinglish_top_train,train
Springfield se Paul ke ghar tak kitni miles he ?,external_nav_navigation,,route_query,,,,,False,hinglish,latin_hinglish,hinglish_top_test,train
Kya aaj dhoop hogi?,external_oos_weather,,out_of_scope,,,,,False,hinglish,latin_hinglish,hinglish_top_test,train
mujhe gas lene ke liye yaad dilayen,external_oos_reminder,,out_of_scope,,,,,False,hinglish,latin_hinglish,hinglish_top_test,train
Mere brothers ko text kare ki the movie starts at 7 pm on Friday night .,external_oos_messaging,,out_of_scope,,,,,False,hinglish,latin_hinglish,hinglish_top_train,train
Meri playlist par 5th song ko play kare,external_oos_music,,out_of_scope,,,,,False,hinglish,latin_hinglish,hinglish_top_validation,train
kya aj barish hogi,external_oos_weather,,out_of_scope,,,,,False,hinglish,latin_hinglish,hinglish_top_train,train
Monday ke sabhi reminders ko Tuesday ke liye lagaen,external_oos_reminder,,out_of_scope,,,,,False,hinglish,latin_hinglish,hinglish_top_train,train
beatles ka 70 ka music bajaye,external_oos_music,,out_of_scope,,,,,False,hinglish,latin_hinglish,hinglish_top_test,train
sham 11 baje ka mousam kaisa hai,external_oos_weather,,out_of_scope,,,,,False,hinglish,latin_hinglish,hinglish_top_validation,train
meri flight ke liye ek Uber khareedne ke liye ek reminder add karen,external_oos_reminder,,out_of_scope,,,,,False,hinglish,latin_hinglish,hinglish_top_train,train
downtown se aane wala traffic kitna kharab hai,external_nav_navigation,,service_availability,,,,,False,hinglish,latin_hinglish,hinglish_top_test,train
mere liye shaam 6 baje ka alarm lagao,external_oos_alarm,,out_of_scope,,,,,False,hinglish,latin_hinglish,hinglish_top_test,train
Kal ka highest temperature kya hai?,external_oos_weather,,out_of_scope,,,,,False,hinglish,latin_hinglish,hinglish_top_test,train
"hum 90s music sunna chahte hai , please",external_oos_music,,out_of_scope,,,,,False,hinglish,latin_hinglish,hinglish_top_test,train
agar mai H 201 ke zariye 545 pm ko ghar se bahar nikalta hun toh kya mai 6 : 15 ko the black panther ki screening me shamil hosakta hun,external_nav_navigation,,route_query,,,,,False,hinglish,latin_hinglish,hinglish_top_train,train
Jesse ko ek message karo aur pucho ke what hotel they \ u 2019 re staying in Panama City Beach next month,external_oos_messaging,,out_of_scope,,,,,False,hinglish,latin_hinglish,hinglish_top_train,train
"mera alarm 2 : 00 am par set kare , please",external_oos_alarm,,out_of_scope,,,,,False,hinglish,latin_hinglish,hinglish_top_test,train
kya mai 6 baje pehle ghar pahunch jaunga,external_nav_navigation,,route_query,,,,,False,hinglish,latin_hinglish,hinglish_top_test,train
Pam ko message bheje aur puche ki Mike kaisa hai ?,external_oos_messaging,,out_of_scope,,,,,False,hinglish,latin_hinglish,hinglish_top_test,train
Kya bahut saare construction ki wajah se traffic ruka huwa hai,external_nav_navigation,,service_availability,,,,,False,hinglish,latin_hinglish,hinglish_top_train,train
Kal ke liye mere paas kitne reminders hai ?,external_oos_reminder,,out_of_scope,,,,,False,hinglish,latin_hinglish,hinglish_top_validation,train
Muje 3 pm ko dr phil dekhna he . muje 15 minutes ke baad remind karaye please.,external_oos_reminder,,out_of_scope,,,,,False,hinglish,latin_hinglish,hinglish_top_test,train
Sally ko email bhejo aur use batao ki shower Kathy ke paas hai,external_oos_messaging,,out_of_scope,,,,,False,hinglish,latin_hinglish,hinglish_top_test,train
baltimore aur DC ke beech mera estimated drive kitna he,external_nav_navigation,,route_query,,,,,False,hinglish,latin_hinglish,hinglish_top_test,train
message bhejo,external_oos_messaging,,out_of_scope,,,,,False,hinglish,latin_hinglish,hinglish_top_train,train
Kal new job dekhne ke liye reminder set kare.,external_oos_reminder,,out_of_scope,,,,,False,hinglish,latin_hinglish,hinglish_top_test,train
mujhe 3pm ko alert rehne ki zaroorat hai,external_oos_alarm,,out_of_scope,,,,,False,hinglish,latin_hinglish,hinglish_top_test,train
Mexico me mausam kaisa hai ?,external_oos_weather,,out_of_scope,,,,,False,hinglish,latin_hinglish,hinglish_top_validation,train
Mujhe yaad dilaayen ki kal 11:08 am ko Seager ki flight aayegi,external_oos_reminder,,out_of_scope,,,,,False,hinglish,latin_hinglish,hinglish_top_test,train
Quebec me mausam kaisa hai,external_oos_weather,,out_of_scope,,,,,False,hinglish,latin_hinglish,hinglish_top_test,train
kya baarish hone wali hai,external_oos_weather,,out_of_scope,,,,,False,hinglish,latin_hinglish,hinglish_top_validation,train
Meri morning commute ke liye traffic kesadikh raha he,external_nav_navigation,,service_availability,,,,,False,hinglish,latin_hinglish,hinglish_top_test,train
Mene kis din dentist appointment ke liye reminder set kiya he?,external_oos_reminder,,out_of_scope,,,,,False,hinglish,latin_hinglish,hinglish_top_test,train
subah 5:15 ke liye recurring alarm banaye,external_oos_alarm,,out_of_scope,,,,,False,hinglish,latin_hinglish,hinglish_top_test,train
pack up ke liye daily reminder ko set karo at 4 :45 pm,external_oos_reminder,,out_of_scope,,,,,False,hinglish,latin_hinglish,hinglish_top_test,train
"please, is track ko thumbs up den.",external_oos_music,,out_of_scope,,,,,False,hinglish,latin_hinglish,hinglish_top_test,train
kya 124 par traffic hai,external_nav_navigation,,service_availability,,,,,False,hinglish,latin_hinglish,hinglish_top_train,train
subah 6 baje ke liye alarm set kare,external_oos_alarm,,out_of_scope,,,,,False,hinglish,latin_hinglish,hinglish_top_train,train
Wednesday subah 6 baje ke liye ek naya wake up alarm set kare,external_oos_alarm,,out_of_scope,,,,,False,hinglish,latin_hinglish,hinglish_top_test,train
mere alarms ko 7 am me badal do,external_oos_alarm,,out_of_scope,,,,,False,hinglish,latin_hinglish,hinglish_top_validation,train
Jill ko message karo aur use bolo ki mujhe uske keys milgaye hai,external_oos_messaging,,out_of_scope,,,,,False,hinglish,latin_hinglish,hinglish_top_train,train
Jackson se Biloxi tak pohochne me kitna time lagta he,external_nav_navigation,,service_timing,,,,,False,hinglish,latin_hinglish,hinglish_top_test,train
kal ka temperature,external_oos_weather,,out_of_scope,,,,,False,hinglish,latin_hinglish,hinglish_top_validation,train
Kya aap mujhe dopahar 3 baje review submit karne ke liye yaad dilasakte hai,external_oos_reminder,,out_of_scope,,,,,False,hinglish,latin_hinglish,hinglish_top_test,train
Thode sad songs play kare,external_oos_music,,out_of_scope,,,,,False,hinglish,latin_hinglish,hinglish_top_test,train
San Francisco me temperature C he,external_oos_weather,,out_of_scope,,,,,False,hinglish,latin_hinglish,hinglish_top_validation,train
Hamari discovery meetings ke baare me sare alerts dikhaye,external_oos_reminder,,out_of_scope,,,,,False,hinglish,latin_hinglish,hinglish_top_test,train
kya mere area me barf girne wali hai,external_oos_weather,,out_of_scope,,,,,False,hinglish,latin_hinglish,hinglish_top_train,train
"Hello, please peter ko message kare ki mujhe aaj class ke liye dair hogi.",external_oos_messaging,,out_of_scope,,,,,False,hinglish,latin_hinglish,hinglish_top_test,train
mujhe badme Karin ko Saturday ke event ke bare mei email karne liye yaad dilaye,external_oos_reminder,,out_of_scope,,,,,False,hinglish,latin_hinglish,hinglish_top_validation,train
power outages ko avoid karne ke liye mujhe kis raaste par jana chahiye?,external_nav_navigation,,route_query,,,,,False,hinglish,latin_hinglish,hinglish_top_test,train
Sara aur Zak ko message bhejo jisme likha ho ki call me,external_oos_messaging,,out_of_scope,,,,,False,hinglish,latin_hinglish,hinglish_top_train,train
Kya mujhe umbrella chahiye ?,external_oos_weather,,out_of_scope,,,,,False,hinglish,latin_hinglish,hinglish_top_validation,train
Mai fast track me kahan pahunch sakta hu,external_nav_navigation,,route_query,,,,,False,hinglish,latin_hinglish,hinglish_top_test,train
Kya kal storm hoga?,external_oos_weather,,out_of_scope,,,,,False,hinglish,latin_hinglish,hinglish_top_test,train
71 highway par traffic kesa chal raha he,external_nav_navigation,,service_availability,,,,,False,hinglish,latin_hinglish,hinglish_top_validation,train
Please is playlist me Justin Bieber ke songs ko skip kare,external_oos_music,,out_of_scope,,,,,False,hinglish,latin_hinglish,hinglish_top_test,train
mere liye thoda classical music bajao,external_oos_music,,out_of_scope,,,,,False,hinglish,latin_hinglish,hinglish_top_train,train
kya downtown me bus transportation hai ?,external_nav_navigation,,route_query,,,,,False,hinglish,latin_hinglish,hinglish_top_test,train
Muje address dekhne ke liye 10 minutes me remind karaye,external_oos_reminder,,out_of_scope,,,,,False,hinglish,latin_hinglish,hinglish_top_test,train
midnight ke liye alarm set kare,external_oos_alarm,,out_of_scope,,,,,False,hinglish,latin_hinglish,hinglish_top_test,train
is alarm ko 10 minute ke snooze par daliye,external_oos_alarm,,out_of_scope,,,,,False,hinglish,latin_hinglish,hinglish_top_validation,train
Is song ko loop me play kare .,external_oos_music,,out_of_scope,,,,,False,hinglish,latin_hinglish,hinglish_top_train,train
khaana banane ke liye shaam 5 baje ka ek alarm set karo .,external_oos_alarm,,out_of_scope,,,,,False,hinglish,latin_hinglish,hinglish_top_validation,train
Kya Chicago me 96 degree celsius ke upar hoga,external_oos_weather,,out_of_scope,,,,,False,hinglish,latin_hinglish,hinglish_top_train,train
yaha se chicago tak ki drive kitni lambi hai,external_nav_navigation,,route_query,,,,,False,hinglish,latin_hinglish,hinglish_top_test,train
Chris ko text karne ke liye subah 8 baje ka alarm set kare,external_oos_alarm,,out_of_scope,,,,,False,hinglish,latin_hinglish,hinglish_top_train,train
mujhe ye weekend dinner plans ke bare me yaad dilai,external_oos_reminder,,out_of_scope,,,,,False,hinglish,latin_hinglish,hinglish_top_train,train
Kya me rock and roll music sun sakta hu?,external_oos_music,,out_of_scope,,,,,False,hinglish,latin_hinglish,hinglish_top_test,train
Aaj ka low temperature kya he ?,external_oos_weather,,out_of_scope,,,,,False,hinglish,latin_hinglish,hinglish_top_test,train
mujhe monday ki night ko meri tuesday subah doctor ki appointment ke baare me yaad dilaen,external_oos_reminder,,out_of_scope,,,,,False,hinglish,latin_hinglish,hinglish_top_test,train
Abhi se 5 minute ke liye alarm set kare,external_oos_alarm,,out_of_scope,,,,,False,hinglish,latin_hinglish,hinglish_top_validation,train
song ko rok do,external_oos_music,,out_of_scope,,,,,False,hinglish,latin_hinglish,hinglish_top_train,train
messenger par bible study group message par wow react karo,external_oos_messaging,,out_of_scope,,,,,False,hinglish,latin_hinglish,hinglish_top_train,train
kya aj garmi hai,external_oos_weather,,out_of_scope,,,,,False,hinglish,latin_hinglish,hinglish_top_train,train
Muje May 21st ko mere tuition ke liye pay karne ka remind karaye,external_oos_reminder,,out_of_scope,,,,,False,hinglish,latin_hinglish,hinglish_top_test,train
Mere swimming lessons ke reminder ko Sunday subha 8 baje se Saturday subha 8 baje me badal den.,external_oos_reminder,,out_of_scope,,,,,False,hinglish,latin_hinglish,hinglish_top_test,train
meri upcoming alarm delete kare,external_oos_alarm,,out_of_scope,,,,,False,hinglish,latin_hinglish,hinglish_top_test,train
sarey alarms abolish kare jo maine banaye hai,external_oos_alarm,,out_of_scope,,,,,False,hinglish,latin_hinglish,hinglish_top_test,train
sabhi alarms ko disregard karen,external_oos_alarm,,out_of_scope,,,,,False,hinglish,latin_hinglish,hinglish_top_test,train
Alarm set karne ke liye ready ho jaye,external_oos_alarm,,out_of_scope,,,,,False,hinglish,latin_hinglish,hinglish_top_test,train
is haftey ke alarms delete kare,external_oos_alarm,,out_of_scope,,,,,False,hinglish,latin_hinglish,hinglish_top_train,train
kya waha koi accidents hai,external_nav_navigation,,route_query,,,,,False,hinglish,latin_hinglish,hinglish_top_test,train
Katia ko ye pic yaha lene do,external_oos_messaging,,out_of_scope,,,,,False,hinglish,latin_hinglish,hinglish_top_test,train
kal mujhe aur toilet paper order karne ke liye yaad dilaye,external_oos_reminder,,out_of_scope,,,,,False,hinglish,latin_hinglish,hinglish_top_train,train
mujhe ghar pahunchne me kitna samay lagega,external_nav_navigation,,service_timing,,,,,False,hinglish,latin_hinglish,hinglish_top_test,train
Dallas se Atlanta kitna door he,external_nav_navigation,,route_query,,,,,False,hinglish,latin_hinglish,hinglish_top_validation,train
Morning ka alarm kitne baje set kiya gaya he,external_oos_alarm,,out_of_scope,,,,,False,hinglish,latin_hinglish,hinglish_top_train,train
mera alarm band kardo,external_oos_alarm,,out_of_scope,,,,,False,hinglish,latin_hinglish,hinglish_top_train,train
every morning muje Bible study karne ke liye remind karaye,external_oos_reminder,,out_of_scope,,,,,False,hinglish,latin_hinglish,hinglish_top_validation,train
chapter two ko mere reading reminder mei add kariye,external_oos_reminder,,out_of_scope,,,,,False,hinglish,latin_hinglish,hinglish_top_validation,train
raat 10:30 baje ke liye reminder alarm set kare,external_oos_alarm,,out_of_scope,,,,,False,hinglish,latin_hinglish,hinglish_top_test,train
kya kal barf padegi ?,external_oos_weather,,out_of_scope,,,,,False,hinglish,latin_hinglish,hinglish_top_test,train
Aaj raat manila me kitna celcius temperature hoga,external_oos_weather,,out_of_scope,,,,,False,hinglish,latin_hinglish,hinglish_top_train,train
har sunday ke liye subah 8 bajhe ek reminder set kare to start writing a new blog post,external_oos_reminder,,out_of_scope,,,,,False,hinglish,latin_hinglish,hinglish_top_test,train
Alarm cancel kare,external_oos_alarm,,out_of_scope,,,,,False,hinglish,latin_hinglish,hinglish_top_train,train
Daytona se Ormond ke liye traffic driving kya hai,external_nav_navigation,,service_availability,,,,,False,hinglish,latin_hinglish,hinglish_top_test,train
please saare alarms cancel kardo,external_oos_alarm,,out_of_scope,,,,,False,hinglish,latin_hinglish,hinglish_top_test,train
subha 5 baje ke liye alarm set karen,external_oos_alarm,,out_of_scope,,,,,False,hinglish,latin_hinglish,hinglish_top_train,train
Steve se pucho ki kya wo shaher me koi ache gyms ke bare me janta hai,external_oos_messaging,,out_of_scope,,,,,False,hinglish,latin_hinglish,hinglish_top_test,train
iTunes par latest Madonna ki album dhundo,external_oos_music,,out_of_scope,,,,,False,hinglish,latin_hinglish,hinglish_top_validation,train
Is shaam ke liye ek alarm banayen,external_oos_alarm,,out_of_scope,,,,,False,hinglish,latin_hinglish,hinglish_top_test,train
please mujhe Easter weekend ka forecast chahiye,external_oos_weather,,out_of_scope,,,,,False,hinglish,latin_hinglish,hinglish_top_train,train
music roko,external_oos_music,,out_of_scope,,,,,False,hinglish,latin_hinglish,hinglish_top_train,train
Canada mei kis province mei sabse zada traffic hoti hai,external_nav_navigation,,service_availability,,,,,False,hinglish,latin_hinglish,hinglish_top_train,train
Kya kal mujhe jacket ki zaroorat padegi,external_oos_weather,,out_of_scope,,,,,False,hinglish,latin_hinglish,hinglish_top_test,train
kya concert ki wajah se koi sadak band hai ?,external_nav_navigation,,route_query,,,,,False,hinglish,latin_hinglish,hinglish_top_validation,train
dopahar 2 baje tak Aunty Rose ko call karne ke liye mum ko message karen.,external_oos_messaging,,out_of_scope,,,,,False,hinglish,latin_hinglish,hinglish_top_test,train
mujhe monday ko mere doctors appointment ki yaad dilaen,external_oos_reminder,,out_of_scope,,,,,False,hinglish,latin_hinglish,hinglish_top_train,train
Tuesday ke liye sabhi alarms ko delete kare,external_oos_alarm,,out_of_scope,,,,,False,hinglish,latin_hinglish,hinglish_top_test,train
kaisa hai baahar vahaan,external_oos_weather,,out_of_scope,,,,,False,hinglish,latin_hinglish,hinglish_top_test,train
40 minutes ke liye alarm snooze kare,external_oos_alarm,,out_of_scope,,,,,False,hinglish,latin_hinglish,hinglish_top_test,train
mere destination se ghar wapas jaane ke liye drive kitni lambi hai,external_nav_navigation,,route_query,,,,,False,hinglish,latin_hinglish,hinglish_top_test,train
pandora ye gaane ko skip karo,external_oos_music,,out_of_scope,,,,,False,hinglish,latin_hinglish,hinglish_top_test,train
Please mujhe Monday Friday par dopahar ko lunch ko jaane ke liye yaad dilaane ke liye ek reminder set karen.,external_oos_reminder,,out_of_scope,,,,,False,hinglish,latin_hinglish,hinglish_top_test,train
please next week ke liye meri class ke reminders delete karde,external_oos_reminder,,out_of_scope,,,,,False,hinglish,latin_hinglish,hinglish_top_test,train
aaj subah bypass par average speed,external_nav_navigation,,route_query,,,,,False,hinglish,latin_hinglish,hinglish_top_test,train
kya bahar muggy hai ?,external_oos_weather,,out_of_scope,,,,,False,hinglish,latin_hinglish,hinglish_top_train,train
5 minutes ke liye alarm set karen,external_oos_alarm,,out_of_scope,,,,,False,hinglish,latin_hinglish,hinglish_top_test,train
kal sham ke liye alarm set karo,external_oos_alarm,,out_of_scope,,,,,False,hinglish,latin_hinglish,hinglish_top_test,train
chandler me delays,external_nav_navigation,,route_query,,,,,False,hinglish,latin_hinglish,hinglish_top_test,train
is song ko skip kariye,external_oos_music,,out_of_scope,,,,,False,hinglish,latin_hinglish,hinglish_top_test,train
pichhale 30 min me traffic updates,external_nav_navigation,,service_availability,,,,,False,hinglish,latin_hinglish,hinglish_top_test,train
Aaj raat dinner banane ka reminder remove kare .,external_oos_reminder,,out_of_scope,,,,,False,hinglish,latin_hinglish,hinglish_top_validation,train
panch minute meitraffic kaisa hone wala hai,external_nav_navigation,,service_availability,,,,,False,hinglish,latin_hinglish,hinglish_top_test,train
Ghar aane ke liye traffic kesa he,external_nav_navigation,,service_availability,,,,,False,hinglish,latin_hinglish,hinglish_top_test,train
subah 5 baje ke liye alarm set karo,external_oos_alarm,,out_of_scope,,,,,False,hinglish,latin_hinglish,hinglish_top_test,train
aj kitni garmi hai,external_oos_weather,,out_of_scope,,,,,False,hinglish,latin_hinglish,hinglish_top_train,train
10:00 am ko naya alarm set kare,external_oos_alarm,,out_of_scope,,,,,False,hinglish,latin_hinglish,hinglish_top_test,train
aj raat tuition pay karne ke liye reminder set up kare,external_oos_reminder,,out_of_scope,,,,,False,hinglish,latin_hinglish,hinglish_top_test,train
baarish kab hogi,external_oos_weather,,out_of_scope,,,,,False,hinglish,latin_hinglish,hinglish_top_test,train
"mother ko message kare ki , Saturday Dave ko dekhne ke liye intazar nahi kar sakta .",external_oos_messaging,,out_of_scope,,,,,False,hinglish,latin_hinglish,hinglish_top_train,train
kya mujhe aj kaam par umbrella le jane ki zarurat hai ?,external_oos_weather,,out_of_scope,,,,,False,hinglish,latin_hinglish,hinglish_top_train,train
sleep playlist shuru se shuru hogayi,external_oos_music,,out_of_scope,,,,,False,hinglish,latin_hinglish,hinglish_top_test,train
Kesha play kare,external_oos_music,,out_of_scope,,,,,False,hinglish,latin_hinglish,hinglish_top_validation,train
Kya aaj Dallas me baarish horahi hai?,external_oos_weather,,out_of_scope,,,,,False,hinglish,latin_hinglish,hinglish_top_test,train
mujhe phone bill pay karne ke liye yaad dilaye,external_oos_reminder,,out_of_scope,,,,,False,hinglish,latin_hinglish,hinglish_top_train,train
spain mei agley haftey ka forecast boliye,external_oos_weather,,out_of_scope,,,,,False,hinglish,latin_hinglish,hinglish_top_test,train
"android , nanny ko text kare she has to be here at seven pm",external_oos_messaging,,out_of_scope,,,,,False,hinglish,latin_hinglish,hinglish_top_test,train
Florida me kal mosam kesa rahega ?,external_oos_weather,,out_of_scope,,,,,False,hinglish,latin_hinglish,hinglish_top_test,train
kal ke liye high and low kya hai ?,external_oos_weather,,out_of_scope,,,,,False,hinglish,latin_hinglish,hinglish_top_test,train
Mera alarm chalu kare,external_oos_alarm,,out_of_scope,,,,,False,hinglish,latin_hinglish,hinglish_top_train,train
is week ke liye mere sarey alarms bataye,external_oos_alarm,,out_of_scope,,,,,False,hinglish,latin_hinglish,hinglish_top_test,train
Please mere alarms dikhaye,external_oos_alarm,,out_of_scope,,,,,False,hinglish,latin_hinglish,hinglish_top_test,train
Aaj ke liye high kya hai ?,external_oos_weather,,out_of_scope,,,,,False,hinglish,latin_hinglish,hinglish_top_train,train
kal 2 am ke liye alarm set karen .,external_oos_alarm,,out_of_scope,,,,,False,hinglish,latin_hinglish,hinglish_top_train,train
Kya ye aaj delhi ke liye degree C me 83 se upar he,external_oos_weather,,out_of_scope,,,,,False,hinglish,latin_hinglish,hinglish_top_test,train
Please thoda classical music bajao .,external_oos_music,,out_of_scope,,,,,False,hinglish,latin_hinglish,hinglish_top_validation,train
kya is hafte koi cold front aane wala hai,external_oos_weather,,out_of_scope,,,,,False,hinglish,latin_hinglish,hinglish_top_train,train
kya Kellogg par accidents hai,external_nav_navigation,,route_query,,,,,False,hinglish,latin_hinglish,hinglish_top_validation,train
abhi traffic slow hai ya heavy hai,external_nav_navigation,,service_availability,,,,,False,hinglish,latin_hinglish,hinglish_top_test,train
mom se pucho ki kia vo abhi bhi dinner ke liye aari hai,external_oos_messaging,,out_of_scope,,,,,False,hinglish,latin_hinglish,hinglish_top_test,train
Aap airport tak kese pohoche,external_nav_navigation,,route_query,,,,,False,hinglish,latin_hinglish,hinglish_top_test,train
Tina ko message kijiye ki meet me at the dine restaurant today .,external_oos_messaging,,out_of_scope,,,,,False,hinglish,latin_hinglish,hinglish_top_train,train
mujhe kaam ke baad gas lene ke liye yaad dilayen,external_oos_reminder,,out_of_scope,,,,,False,hinglish,latin_hinglish,hinglish_top_test,train
time khatm hone se pehle 5 minutes ka alarm,external_oos_alarm,,out_of_scope,,,,,False,hinglish,latin_hinglish,hinglish_top_test,train
7 : 54 am ke liye alarm set kare,external_oos_alarm,,out_of_scope,,,,,False,hinglish,latin_hinglish,hinglish_top_validation,train
traffic kaisa dikh raha hai,external_nav_navigation,,service_availability,,,,,False,hinglish,latin_hinglish,hinglish_top_train,train
kya koi STORMS aane waale hai,external_oos_weather,,out_of_scope,,,,,False,hinglish,latin_hinglish,hinglish_top_test,train
ACDC ko sunen,external_oos_music,,out_of_scope,,,,,False,hinglish,latin_hinglish,hinglish_top_train,train
kal subah ke liye mera alarm cancel karo,external_oos_alarm,,out_of_scope,,,,,False,hinglish,latin_hinglish,hinglish_top_test,train
Ballarat ka temperature kya he ?,external_oos_weather,,out_of_scope,,,,,False,hinglish,latin_hinglish,hinglish_top_train,train
Kya canton me traffic he,external_nav_navigation,,service_availability,,,,,False,hinglish,latin_hinglish,hinglish_top_test,train
Jane ko message karke pucho agar wah aa sakti hai,external_oos_messaging,,out_of_scope,,,,,False,hinglish,latin_hinglish,hinglish_top_validation,train
Natural Bridge tak meri drive kitni lambi hai,external_nav_navigation,,route_query,,,,,False,hinglish,latin_hinglish,hinglish_top_test,train
mujhe upcoming credit card payment ke liye yaad dilayen,external_oos_reminder,,out_of_scope,,,,,False,hinglish,latin_hinglish,hinglish_top_train,train
aaj humid kitna hai,external_oos_weather,,out_of_scope,,,,,False,hinglish,latin_hinglish,hinglish_top_train,train
is hafte baarish ki umeed kab hai,external_oos_weather,,out_of_scope,,,,,False,hinglish,latin_hinglish,hinglish_top_test,train
Random theme songs ko play kare,external_oos_music,,out_of_scope,,,,,False,hinglish,latin_hinglish,hinglish_top_train,train
Stevie Nicks ke songs dhundo,external_oos_music,,out_of_scope,,,,,False,hinglish,latin_hinglish,hinglish_top_train,train
Portland mei Tillamook se Rose Garden tak sabse chota rasta kya hai ?,external_nav_navigation,,route_query,,,,,False,hinglish,latin_hinglish,hinglish_top_test,train
the United States se Guam kitni door hai,external_nav_navigation,,route_query,,,,,False,hinglish,latin_hinglish,hinglish_top_train,train
sunset kya time par hai,external_oos_weather,,out_of_scope,,,,,False,hinglish,latin_hinglish,hinglish_top_validation,train
Messeger par Tim ke naye message ko padhen,external_oos_messaging,,out_of_scope,,,,,False,hinglish,latin_hinglish,hinglish_top_validation,train
Kal subha 9 am ko Heat index,external_oos_weather,,out_of_scope,,,,,False,hinglish,latin_hinglish,hinglish_top_validation,train
Fall Festival ke baare me Reid ko message kare .,external_oos_messaging,,out_of_scope,,,,,False,hinglish,latin_hinglish,hinglish_top_test,train
dopahar ke liye commitment,external_oos_alarm,,out_of_scope,,,,,False,hinglish,latin_hinglish,hinglish_top_test,train
Kal raat 8 baje ke liye naya alarm banaye.,external_oos_alarm,,out_of_scope,,,,,False,hinglish,latin_hinglish,hinglish_top_test,train
abhi 10 minutes ke liye alarm set kare,external_oos_alarm,,out_of_scope,,,,,False,hinglish,latin_hinglish,hinglish_top_test,train
Mujhe kal subah 7 bajhe yaad dilaye to make my bed,external_oos_reminder,,out_of_scope,,,,,False,hinglish,latin_hinglish,hinglish_top_train,train
Kya freeway se ghar tak koi flooding he ?,external_nav_navigation,,route_query,,,,,False,hinglish,latin_hinglish,hinglish_top_test,train
yaha ke aas pas ka weekly weather forecast kya hai,external_oos_weather,,out_of_scope,,,,,False,hinglish,latin_hinglish,hinglish_top_test,train
mere chats pull karo,external_oos_messaging,,out_of_scope,,,,,False,hinglish,latin_hinglish,hinglish_top_test,train
I - 25 Colorado Springs par traffic,external_nav_navigation,,service_availability,,,,,False,hinglish,latin_hinglish,hinglish_top_test,train
maine konsa alarm laga rakha hai,external_oos_alarm,,out_of_scope,,,,,False,hinglish,latin_hinglish,hinglish_top_test,train
Meri untitled playlist me is song ko save karen .,external_oos_music,,out_of_scope,,,,,False,hinglish,latin_hinglish,hinglish_top_train,train
ye song ko rokey .,external_oos_music,,out_of_scope,,,,,False,hinglish,latin_hinglish,hinglish_top_test,train
Bianca ko message kariye aur unhe yaad dilaiye ki bachon ko Friday ke din birthday party mei jana hai,external_oos_messaging,,out_of_scope,,,,,False,hinglish,latin_hinglish,hinglish_top_train,train
subah 4 baje ke liye alarm set kardo,external_oos_alarm,,out_of_scope,,,,,False,hinglish,latin_hinglish,hinglish_top_train,train
"Kale ko message kare ki , women groups ke meetup ke liye travel ki arrangements kare",external_oos_messaging,,out_of_scope,,,,,False,hinglish,latin_hinglish,hinglish_top_test,train
alarm ko 5 minutes ke liye snooze kariye please,external_oos_alarm,,out_of_scope,,,,,False,hinglish,latin_hinglish,hinglish_top_test,train
Mere tv show ke reminder ko delere kare,external_oos_reminder,,out_of_scope,,,,,False,hinglish,latin_hinglish,hinglish_top_train,train
San Juan Puerto Rico se New York City tak kitni duri hai,external_nav_navigation,,route_query,,,,,False,hinglish,latin_hinglish,hinglish_top_train,train
mujhe kal subah 8 bajhe Lisa ko text karne ke liye yaad dilaye,external_oos_reminder,,out_of_scope,,,,,False,hinglish,latin_hinglish,hinglish_top_validation,train
agley 3 Fridays tak har Friday for midday ke liye alarm banaye please,external_oos_alarm,,out_of_scope,,,,,False,hinglish,latin_hinglish,hinglish_top_train,train
Kya Paulding Road par bridge accessible he?,external_nav_navigation,,route_query,,,,,False,hinglish,latin_hinglish,hinglish_top_test,train
Kal subah sunrise ka time kya he,external_oos_weather,,out_of_scope,,,,,False,hinglish,latin_hinglish,hinglish_top_train,train
un logo ke paas moscow me kaisa weather hai ?,external_oos_weather,,out_of_scope,,,,,False,hinglish,latin_hinglish,hinglish_top_train,train
mai chahta hoon ke aap please mere son Talon ko ek video message bheje,external_oos_messaging,,out_of_scope,,,,,False,hinglish,latin_hinglish,hinglish_top_test,train
Helen ko message karo ki I am home.,external_oos_messaging,,out_of_scope,,,,,False,hinglish,latin_hinglish,hinglish_top_test,train
kya mujhe Highway 10 avoid karna chahiye,external_nav_navigation,,route_query,,,,,False,hinglish,latin_hinglish,hinglish_top_train,train
next Wednesday ke liye mere alarms dikhaye .,external_oos_alarm,,out_of_scope,,,,,False,hinglish,latin_hinglish,hinglish_top_validation,train
please ye dekhne ke liye check karen ki school year ke fir se shuru hone par mere paas 8 am aur 3 pm ke liye reminders abhi bhi hai,external_oos_reminder,,out_of_scope,,,,,False,hinglish,latin_hinglish,hinglish_top_test,train
dopaher 12 : 30 baje lunch date ka alert remove kare,external_oos_reminder,,out_of_scope,,,,,False,hinglish,latin_hinglish,hinglish_top_test,train
20 minutes ke liye snooze karen,external_oos_alarm,,out_of_scope,,,,,False,hinglish,latin_hinglish,hinglish_top_validation,train
kya aj raat 7 bajhe mujhe mera homework karne ke liye yaad dilaye,external_oos_reminder,,out_of_scope,,,,,False,hinglish,latin_hinglish,hinglish_top_test,train
Joe ko bataye ki me apne raaste par hu lekin shayad thodi der ho sakti he.,external_oos_messaging,,out_of_scope,,,,,False,hinglish,latin_hinglish,hinglish_top_test,train
i 85 abhi band kyu hai,external_nav_navigation,,route_query,,,,,False,hinglish,latin_hinglish,hinglish_top_test,train
80 ke rock bajaye,external_oos_music,,out_of_scope,,,,,False,hinglish,latin_hinglish,hinglish_top_validation,train
Kya hum agle hafte heat wave ki ummeed kar rahe hai?,external_oos_weather,,out_of_scope,,,,,False,hinglish,latin_hinglish,hinglish_top_test,train
Kya aap mere liye ek new alarm create kar sakte hai,external_oos_alarm,,out_of_scope,,,,,False,hinglish,latin_hinglish,hinglish_top_validation,train
Kya aap Kal ke liye sabhi reminder ko cancel kar sakte he,external_oos_reminder,,out_of_scope,,,,,False,hinglish,latin_hinglish,hinglish_top_test,train
"mujhe subah 9 baje nikalne ke liye yaad dilane ke liye mera route set kare, taaki mai waha subah 10 baje tak pahunch saku",external_nav_navigation,,route_query,,,,,False,hinglish,latin_hinglish,hinglish_top_test,train
Portland se Salem tak driving se traffic kitna he,external_nav_navigation,,service_availability,,,,,False,hinglish,latin_hinglish,hinglish_top_train,train
Mujhe Har subha 6 am ko meri goliyaan lene ke liye yaad dilaaye,external_oos_reminder,,out_of_scope,,,,,False,hinglish,latin_hinglish,hinglish_top_validation,train
Andrew ko laundry detergent kharidne ka remind karaye .,external_oos_messaging,,out_of_scope,,,,,False,hinglish,latin_hinglish,hinglish_top_train,train
aage bado aur sabhi alarms band kardo,external_oos_alarm,,out_of_scope,,,,,False,hinglish,latin_hinglish,hinglish_top_test,train
Janelle ko message karo ke drinks are at 9 on Wednesday,external_oos_messaging,,out_of_scope,,,,,False,hinglish,latin_hinglish,hinglish_top_test,train
snooze ku dabaye,external_oos_alarm,,out_of_scope,,,,,False,hinglish,latin_hinglish,hinglish_top_test,train
Aaj baarish kitne baje honi chaiye,external_oos_weather,,out_of_scope,,,,,False,hinglish,latin_hinglish,hinglish_top_test,train
running dish washer ka weekly reminder remove kare,external_oos_reminder,,out_of_scope,,,,,False,hinglish,latin_hinglish,hinglish_top_test,train
Adam Lambert ko play kare,external_oos_music,,out_of_scope,,,,,False,hinglish,latin_hinglish,hinglish_top_test,train
Highway 101 se Bremerton ke liye kya koi construction delays hai,external_nav_navigation,,route_query,,,,,False,hinglish,latin_hinglish,hinglish_top_test,train
station ko classic rock mein badal do,external_oos_music,,out_of_scope,,,,,False,hinglish,latin_hinglish,hinglish_top_train,train
Aaj ke baad ka alarm set kare,external_oos_alarm,,out_of_scope,,,,,False,hinglish,latin_hinglish,hinglish_top_test,train
Please mujhe ye batayen ki san francisco jaane je liye konsa highway zyada tez hai,external_nav_navigation,,route_query,,,,,False,hinglish,latin_hinglish,hinglish_top_test,train
kal ke liye alarm ko hata den,external_oos_alarm,,out_of_scope,,,,,False,hinglish,latin_hinglish,hinglish_top_train,train
mujhe monday subah 9 bajhe dentist ke appointment ka yaad dilaiye,external_oos_reminder,,out_of_scope,,,,,False,hinglish,latin_hinglish,hinglish_top_test,train
meri ma ko video message bhejo,external_oos_messaging,,out_of_scope,,,,,False,hinglish,latin_hinglish,hinglish_top_validation,train
mere reminder ko cancel kare to take my medicine tonight,external_oos_reminder,,out_of_scope,,,,,False,hinglish,latin_hinglish,hinglish_top_validation,train
Spotify par R & B bajayen,external_oos_music,,out_of_scope,,,,,False,hinglish,latin_hinglish,hinglish_top_test,train
please mere liye alarm set kare,external_oos_alarm,,out_of_scope,,,,,False,hinglish,latin_hinglish,hinglish_top_test,train
Hum kal kitne mm ki baarish ki ummeed karte hai?,external_oos_weather,,out_of_scope,,,,,False,hinglish,latin_hinglish,hinglish_top_test,train
New York city me driving speed,external_nav_navigation,,route_query,,,,,False,hinglish,latin_hinglish,hinglish_top_test,train
Please sabhi reminders ko delete karo.,external_oos_reminder,,out_of_scope,,,,,False,hinglish,latin_hinglish,hinglish_top_test,train
Kya muje aaj sweater lana chahiye?,external_oos_weather,,out_of_scope,,,,,False,hinglish,latin_hinglish,hinglish_top_validation,train
Kya mai Justin Bieber ko sun sakta hu ?,external_oos_music,,out_of_scope,,,,,False,hinglish,latin_hinglish,hinglish_top_test,train
15 minutes ke liye alarm snooze karen.,external_oos_alarm,,out_of_scope,,,,,False,hinglish,latin_hinglish,hinglish_top_test,train
Mike ko message bheje ki japan ke liye meri flight is weekend me aa rahi hai .,external_oos_messaging,,out_of_scope,,,,,False,hinglish,latin_hinglish,hinglish_top_test,train
dinner reminder time ko change kare from 5 30 pm to 5 45 pm,external_oos_reminder,,out_of_scope,,,,,False,hinglish,latin_hinglish,hinglish_top_test,train
Please ye current gaane ko skip karo,external_oos_music,,out_of_scope,,,,,False,hinglish,latin_hinglish,hinglish_top_test,train
please band karo,external_oos_alarm,,out_of_scope,,,,,False,hinglish,latin_hinglish,hinglish_top_test,train
Please ek naya alarm set kardo,external_oos_alarm,,out_of_scope,,,,,False,hinglish,latin_hinglish,hinglish_top_test,train
Mera next birthday reminder kab he ?,external_oos_reminder,,out_of_scope,,,,,False,hinglish,latin_hinglish,hinglish_top_train,train
rap ko play karo,external_oos_music,,out_of_scope,,,,,False,hinglish,latin_hinglish,hinglish_top_train,train
kya aaj jacket ka mausam hai ?,external_oos_weather,,out_of_scope,,,,,False,hinglish,latin_hinglish,hinglish_top_test,train
kya mujhe traffic ko avoid karne ke liye kaam ko jaane wala apna normal route badalna chahiye,external_nav_navigation,,service_availability,,,,,False,hinglish,latin_hinglish,hinglish_top_test,train
dopahar 1 baje aur 4 baje ke liye mera football alarm banao,external_oos_alarm,,out_of_scope,,,,,False,hinglish,latin_hinglish,hinglish_top_test,train
Kya aaj heat advisory he?,external_oos_weather,,out_of_scope,,,,,False,hinglish,latin_hinglish,hinglish_top_test,train
7 am ke liye ek wakeup alarm set karen,external_oos_alarm,,out_of_scope,,,,,False,hinglish,latin_hinglish,hinglish_top_train,train
Lakshmi ko photos send kare,external_oos_messaging,,out_of_scope,,,,,False,hinglish,latin_hinglish,hinglish_top_test,train
mai RJD 2 ko sunna chahta hun,external_oos_music,,out_of_scope,,,,,False,hinglish,latin_hinglish,hinglish_top_test,train
Cuba me kitna hot hoga,external_oos_weather,,out_of_scope,,,,,False,hinglish,latin_hinglish,hinglish_top_test,train
oil ko change karne ka reminder cancel kare .,external_oos_reminder,,out_of_scope,,,,,False,hinglish,latin_hinglish,hinglish_top_test,train
abhi temperature kya hai?,external_oos_weather,,out_of_scope,,,,,False,hinglish,latin_hinglish,hinglish_top_test,train
Muje next week ke liye forecast dijiye,external_oos_weather,,out_of_scope,,,,,False,hinglish,latin_hinglish,hinglish_top_validation,train
Kya ye pool me jane ke liye acha din he,external_oos_weather,,out_of_scope,,,,,False,hinglish,latin_hinglish,hinglish_top_test,train
Lisa ko party cancel karne ke liye bolo .,external_oos_messaging,,out_of_scope,,,,,False,hinglish,latin_hinglish,hinglish_top_train,train
Wednesday ki shaam ko sunset kya time kya hai,external_oos_weather,,out_of_scope,,,,,False,hinglish,latin_hinglish,hinglish_top_test,train
aapke dwara recommend kiya gaya station bajao,external_oos_music,,out_of_scope,,,,,False,hinglish,latin_hinglish,hinglish_top_train,train
kya Kelly ke liye ek video message record karsakte hai,external_oos_messaging,,out_of_scope,,,,,False,hinglish,latin_hinglish,hinglish_top_test,train
Please shant rahe,external_oos_alarm,,out_of_scope,,,,,False,hinglish,latin_hinglish,hinglish_top_test,train
USWNT match dekhne ke liye kya lyft se jaana zyada tez hoga ya bus se ?,external_nav_navigation,,route_query,,,,,False,hinglish,latin_hinglish,hinglish_top_validation,train
Har 8 minutes me sound alarm,external_oos_alarm,,out_of_scope,,,,,False,hinglish,latin_hinglish,hinglish_top_validation,train
Mujhe koi b alarms dikhao jo fridays ko set kiye gaye ho,external_oos_alarm,,out_of_scope,,,,,False,hinglish,latin_hinglish,hinglish_top_train,train
kya ap mujhe next month mera oil badalne ke liye yaad dila sakte hai,external_oos_reminder,,out_of_scope,,,,,False,hinglish,latin_hinglish,hinglish_top_test,train
Quentin ko ye kehne ke liye message kare ki Me use pyaar karti hu.,external_oos_messaging,,out_of_scope,,,,,False,hinglish,latin_hinglish,hinglish_top_test,train
wake up alarm ko add kare everyday at 6 am for the next month,external_oos_alarm,,out_of_scope,,,,,False,hinglish,latin_hinglish,hinglish_top_train,train
Asal me wo alarm ko pm me badal do .,external_oos_alarm,,out_of_scope,,,,,False,hinglish,latin_hinglish,hinglish_top_test,train
mujhe aj R & B sunna chahta hoon,external_oos_music,,out_of_scope,,,,,False,hinglish,latin_hinglish,hinglish_top_validation,train
"agar mai yaha se subah 8 baje nikal jata hun, toh mai freeways ka use karke Unicamp College kab pahunchunga?",external_nav_navigation,,route_query,,,,,False,hinglish,latin_hinglish,hinglish_top_test,train
pandora par song ko skip kare,external_oos_music,,out_of_scope,,,,,False,hinglish,latin_hinglish,hinglish_top_test,train
ek weekly reminder lagaye to pickup the trash at 5 pm thursday,external_oos_reminder,,out_of_scope,,,,,False,hinglish,latin_hinglish,hinglish_top_test,train
mujhe 5 : 30 pm ko dinner shuru karne ke liye yaad dilayen,external_oos_reminder,,out_of_scope,,,,,False,hinglish,latin_hinglish,hinglish_top_test,train
Panama City me traffic kesi lag rahi he,external_nav_navigation,,service_availability,,,,,False,hinglish,latin_hinglish,hinglish_top_validation,train
Kal ke liye alarm set kare,external_oos_alarm,,out_of_scope,,,,,False,hinglish,latin_hinglish,hinglish_top_validation,train
Ye song bakwas he,external_oos_music,,out_of_scope,,,,,False,hinglish,latin_hinglish,hinglish_top_test,train
Aj Fred ke liye dog food pick karne ke liye reminder set kare,external_oos_reminder,,out_of_scope,,,,,False,hinglish,latin_hinglish,hinglish_top_train,train
aaj raat 9 : 30 pm ke liye ek go to bed alarm ko set kijiye,external_oos_alarm,,out_of_scope,,,,,False,hinglish,latin_hinglish,hinglish_top_train,train
sabhi alarms ko hata do,external_oos_alarm,,out_of_scope,,,,,False,hinglish,latin_hinglish,hinglish_top_test,train
mujhe ek ghante me laundry ke liye yaad dilaye.,external_oos_reminder,,out_of_scope,,,,,False,hinglish,latin_hinglish,hinglish_top_test,train
mere mom ko messaage kariye puchne ke liye ki what time she ' s coming over,external_oos_messaging,,out_of_scope,,,,,False,hinglish,latin_hinglish,hinglish_top_validation,train
mujhe mere chat requests chahiye,external_oos_messaging,,out_of_scope,,,,,False,hinglish,latin_hinglish,hinglish_top_validation,train
yaha se kaam tak ki drive kaisi hai ?,external_nav_navigation,,route_query,,,,,False,hinglish,latin_hinglish,hinglish_top_validation,train
mere ghar tak kam traffic wala rasta,external_nav_navigation,,service_availability,,,,,False,hinglish,latin_hinglish,hinglish_top_test,train
road band hai,external_nav_navigation,,route_query,,,,,False,hinglish,latin_hinglish,hinglish_top_train,train
last song ko dohrayen,external_oos_music,,out_of_scope,,,,,False,hinglish,latin_hinglish,hinglish_top_test,train
kya mai yahan se miami tak 3 ghante me pahunch sakta hu,external_nav_navigation,,route_query,,,,,False,hinglish,latin_hinglish,hinglish_top_test,train
one forty - five ke liye alarm set kare,external_oos_alarm,,out_of_scope,,,,,False,hinglish,latin_hinglish,hinglish_top_test,train
5 minutes ke liye snooze ko dabayen,external_oos_alarm,,out_of_scope,,,,,False,hinglish,latin_hinglish,hinglish_top_validation,train
Messages ke zariye Max ke paas wapas jaayen,external_oos_messaging,,out_of_scope,,,,,False,hinglish,latin_hinglish,hinglish_top_train,train
"Agar mai subha 5 baje nikal jaaon to, Mai Denver se Albuquerque kitne baje pahunchunga?",external_nav_navigation,,service_timing,,,,,False,hinglish,latin_hinglish,hinglish_top_test,train
aj 3 pm ke liye weather kaisa rahega,external_oos_weather,,out_of_scope,,,,,False,hinglish,latin_hinglish,hinglish_top_test,train
entire library ko play kare,external_oos_music,,out_of_scope,,,,,False,hinglish,latin_hinglish,hinglish_top_train,train
Hame aaj kitne inch tak baarish mila ?,external_oos_weather,,out_of_scope,,,,,False,hinglish,latin_hinglish,hinglish_top_validation,train
Pensacola se Tennessee tak ka distance,external_nav_navigation,,route_query,,,,,False,hinglish,latin_hinglish,hinglish_top_train,train
Please dopahar 4 baje ke liye ek alarm set karen,external_oos_alarm,,out_of_scope,,,,,False,hinglish,latin_hinglish,hinglish_top_test,train
Kal subah 7 baje ke liye ' monday ' name ka alarm set kare,external_oos_alarm,,out_of_scope,,,,,False,hinglish,latin_hinglish,hinglish_top_test,train
kya aaj baarish hogi ?,external_oos_weather,,out_of_scope,,,,,False,hinglish,latin_hinglish,hinglish_top_validation,train
Mujhe kal tracy se concert ke baare me puchne ke liye yaad dilaayen.,external_oos_reminder,,out_of_scope,,,,,False,hinglish,latin_hinglish,hinglish_top_test,train
Houston se Dallas kitne miles hai,external_nav_navigation,,route_query,,,,,False,hinglish,latin_hinglish,hinglish_top_test,train
subah 7 baje ke liye alarm lagaye,external_oos_alarm,,out_of_scope,,,,,False,hinglish,latin_hinglish,hinglish_top_test,train
kal subha 6 baje ke liye alarm set karen,external_oos_alarm,,out_of_scope,,,,,False,hinglish,latin_hinglish,hinglish_top_train,train
kal sun set kab hai ?,external_oos_weather,,out_of_scope,,,,,False,hinglish,latin_hinglish,hinglish_top_test,train
agle hafte tak mujhe dog food khareedne ke liye yaad dilaayen,external_oos_reminder,,out_of_scope,,,,,False,hinglish,latin_hinglish,hinglish_top_train,train
"mujhe abse August 20 , 2018 tak subah 10 baje har din Vanessa ki cat ko check karne ke liye yaad dilayen",external_oos_reminder,,out_of_scope,,,,,False,hinglish,latin_hinglish,hinglish_top_test,train
PHILADELPHIA SE NJ TAK KA TRAFFIC 5 BAJHE KAISA HOGA,external_nav_navigation,,service_availability,,,,,False,hinglish,latin_hinglish,hinglish_top_train,train
song ko repeat par rakho,external_oos_music,,out_of_scope,,,,,False,hinglish,latin_hinglish,hinglish_top_test,train
Please mere liye thoda country music bajao,external_oos_music,,out_of_scope,,,,,False,hinglish,latin_hinglish,hinglish_top_validation,train
suraj kis time par niklega,external_oos_weather,,out_of_scope,,,,,False,hinglish,latin_hinglish,hinglish_top_train,train
sun set kitne bajhe hota hai,external_oos_weather,,out_of_scope,,,,,False,hinglish,latin_hinglish,hinglish_top_test,train
alarm ko shaant karen,external_oos_alarm,,out_of_scope,,,,,False,hinglish,latin_hinglish,hinglish_top_test,train
Tiago ko bolo ke tests December eight ko hai,external_oos_messaging,,out_of_scope,,,,,False,hinglish,latin_hinglish,hinglish_top_test,train
meri appointentment ke liye tuesday ka reminder badal diya jaana chahiye.,external_oos_reminder,,out_of_scope,,,,,False,hinglish,latin_hinglish,hinglish_top_test,train
har monday ko 4 baje repeating alarm set kare,external_oos_alarm,,out_of_scope,,,,,False,hinglish,latin_hinglish,hinglish_top_test,train
Is evening 600 pm ko mujhe Sally ke liye gift khareedne ke liye yaad dilayen,external_oos_reminder,,out_of_scope,,,,,False,hinglish,latin_hinglish,hinglish_top_test,train
El Paso ko sabse jaldi lejaane wala raasta konsa hai,external_nav_navigation,,route_query,,,,,False,hinglish,latin_hinglish,hinglish_top_train,train
Kal raat 10 baje ke liye naya alarm add kare,external_oos_alarm,,out_of_scope,,,,,False,hinglish,latin_hinglish,hinglish_top_test,train
Jane's Addiction se live music bajao,external_oos_music,,out_of_scope,,,,,False,hinglish,latin_hinglish,hinglish_top_test,train
har 30 minutes ke liye alarm set kare,external_oos_alarm,,out_of_scope,,,,,False,hinglish,latin_hinglish,hinglish_top_train,train
aaj ki raat ko mujhe road par konse areas ko avoid karna hai,external_nav_navigation,,route_query,,,,,False,hinglish,latin_hinglish,hinglish_top_test,train
bhaari traffic ke bina kisi location ka direction,external_nav_navigation,,service_availability,,,,,False,hinglish,latin_hinglish,hinglish_top_test,train
aaj baarish bone ke kya chances hai,external_oos_weather,,out_of_scope,,,,,False,hinglish,latin_hinglish,hinglish_top_test,train
Kya muje aaj work par jane ke raaste me traffic ko calculate karna padega,external_nav_navigation,,service_availability,,,,,False,hinglish,latin_hinglish,hinglish_top_test,train
har minute ten minutes ke liye alarm set kare,external_oos_alarm,,out_of_scope,,,,,False,hinglish,latin_hinglish,hinglish_top_test,train
Mere sabhi alarms kab set kiye huwe hai ?,external_oos_alarm,,out_of_scope,,,,,False,hinglish,latin_hinglish,hinglish_top_test,train
Kyoto se osaka travel date tak reminder update kare . naye schedule ke according badlein .,external_oos_reminder,,out_of_scope,,,,,False,hinglish,latin_hinglish,hinglish_top_train,train
mujhe har roz sham 5 bajhe meri dawa khane ke liye yaad dilaye,external_oos_reminder,,out_of_scope,,,,,False,hinglish,latin_hinglish,hinglish_top_train,train
kya bahar garm hai ?,external_oos_weather,,out_of_scope,,,,,False,hinglish,latin_hinglish,hinglish_top_train,train
track 8 par skip karo,external_oos_music,,out_of_scope,,,,,False,hinglish,latin_hinglish,hinglish_top_test,train
Kim ko message karo aur kaho ki I am on my way,external_oos_messaging,,out_of_scope,,,,,False,hinglish,latin_hinglish,hinglish_top_test,train
mere saarey alarms off kardo,external_oos_alarm,,out_of_scope,,,,,False,hinglish,latin_hinglish,hinglish_top_train,train
"han , han mai apku sun raha hoon",external_oos_alarm,,out_of_scope,,,,,False,hinglish,latin_hinglish,hinglish_top_test,train
Kya aaj mera traffic ka commute kam ho gaya he,external_nav_navigation,,service_availability,,,,,False,hinglish,latin_hinglish,hinglish_top_validation,train
"Linda ko message kare : jald se jald yaha aao , thank you",external_oos_messaging,,out_of_scope,,,,,False,hinglish,latin_hinglish,hinglish_top_test,train
subah 7 baje traffic kaisa hai,external_nav_navigation,,service_availability,,,,,False,hinglish,latin_hinglish,hinglish_top_test,train
kya picknicking ke liye weather accha hai,external_oos_weather,,out_of_scope,,,,,False,hinglish,latin_hinglish,hinglish_top_test,train
traffic kya hai,external_nav_navigation,,service_availability,,,,,False,hinglish,latin_hinglish,hinglish_top_test,train
Mujhe Tuesday par dinner ke liye Devin se milne ke liye yaad dilaayen.,external_oos_reminder,,out_of_scope,,,,,False,hinglish,latin_hinglish,hinglish_top_test,train
kya bridge par traffic hai,external_nav_navigation,,service_availability,,,,,False,hinglish,latin_hinglish,hinglish_top_test,train
Uber ke liye sham 4:55 baje ko mere weekday reminders hata do.,external_oos_reminder,,out_of_scope,,,,,False,hinglish,latin_hinglish,hinglish_top_test,train
Tuesday ke liye sabhi alarms ko Scrub karo,external_oos_alarm,,out_of_scope,,,,,False,hinglish,latin_hinglish,hinglish_top_test,train
Kya mere route pe koi detours he,external_nav_navigation,,route_query,,,,,False,hinglish,latin_hinglish,hinglish_top_test,train
mere saarey tuesday ke alarms delete kariye,external_oos_alarm,,out_of_scope,,,,,False,hinglish,latin_hinglish,hinglish_top_train,train
mere ass pass hone waale accidents check kare,external_nav_navigation,,route_query,,,,,False,hinglish,latin_hinglish,hinglish_top_test,train
mujhe janne ki zarurat hai ki agle wednesday ka weather kaisa hone wala hai,external_oos_weather,,out_of_scope,,,,,False,hinglish,latin_hinglish,hinglish_top_test,train
kya mujhe aaj apna chhaata apane saath le jaana chahiye ?,external_oos_weather,,out_of_scope,,,,,False,hinglish,latin_hinglish,hinglish_top_test,train
mera agla alarm subah 7 baje se shaam 7 baje tak badle,external_oos_alarm,,out_of_scope,,,,,False,hinglish,latin_hinglish,hinglish_top_test,train
Aaj raat ke liye reminder ko delete kare,external_oos_reminder,,out_of_scope,,,,,False,hinglish,latin_hinglish,hinglish_top_test,train
mujhe Doraville pahuchne mei kitni der lagegi agar mai abhi nikalta hoon,external_nav_navigation,,service_timing,,,,,False,hinglish,latin_hinglish,hinglish_top_test,train
Kya bahar windy he ?,external_oos_weather,,out_of_scope,,,,,False,hinglish,latin_hinglish,hinglish_top_train,train
kya aaj ye 50 se kam hoga,external_oos_weather,,out_of_scope,,,,,False,hinglish,latin_hinglish,hinglish_top_test,train
alarm ko ek ghante ki liye snooze kijiye,external_oos_alarm,,out_of_scope,,,,,False,hinglish,latin_hinglish,hinglish_top_validation,train
Lily Griffith ko ek message bhejen,external_oos_messaging,,out_of_scope,,,,,False,hinglish,latin_hinglish,hinglish_top_train,train
Alarm ko update kare,external_oos_alarm,,out_of_scope,,,,,False,hinglish,latin_hinglish,hinglish_top_train,train
Agala song,external_oos_music,,out_of_scope,,,,,False,hinglish,latin_hinglish,hinglish_top_test,train
Spain ke liye direct flight kitni der ki hai,external_nav_navigation,,service_timing,,,,,False,hinglish,latin_hinglish,hinglish_top_test,train
bradenton se miami tak traffic kaisa hai,external_nav_navigation,,service_availability,,,,,False,hinglish,latin_hinglish,hinglish_top_validation,train
aj ke liye mere kitne reminders hai,external_oos_reminder,,out_of_scope,,,,,False,hinglish,latin_hinglish,hinglish_top_train,train
Mujhe aur contact lens solution khareedne ka yaad dilaiye,external_oos_reminder,,out_of_scope,,,,,False,hinglish,latin_hinglish,hinglish_top_validation,train
ek alarm banayiye jo recurring hai,external_oos_alarm,,out_of_scope,,,,,False,hinglish,latin_hinglish,hinglish_top_test,train
Mera next alarm kab band hota he?,external_oos_alarm,,out_of_scope,,,,,False,hinglish,latin_hinglish,hinglish_top_test,train
hubby ko message karo ki ghar aate samay meat laana naa bhulen,external_oos_messaging,,out_of_scope,,,,,False,hinglish,latin_hinglish,hinglish_top_test,train
1972 ka number one gaana play kare,external_oos_music,,out_of_scope,,,,,False,hinglish,latin_hinglish,hinglish_top_train,train
Kya aaj afternoon sadkein icy hei?,external_nav_navigation,,route_query,,,,,False,hinglish,latin_hinglish,hinglish_top_validation,train
Cold Play bajao,external_oos_music,,out_of_scope,,,,,False,hinglish,latin_hinglish,hinglish_top_test,train
Aagle song par jaye .,external_oos_music,,out_of_scope,,,,,False,hinglish,latin_hinglish,hinglish_top_train,train
Muje Jamie ke ghar 5:00 baje tak pohochne ke liye litne baje nikalna chahiye,external_nav_navigation,,route_query,,,,,False,hinglish,latin_hinglish,hinglish_top_train,train
Kya ye cloudy hone wala he?,external_oos_weather,,out_of_scope,,,,,False,hinglish,latin_hinglish,hinglish_top_test,train
mujhe subah 9 bajhe dog ko feed karne ke liye yaad dilaye,external_oos_reminder,,out_of_scope,,,,,False,hinglish,latin_hinglish,hinglish_top_test,train
freeway par kitne accidents hue he,external_nav_navigation,,route_query,,,,,False,hinglish,latin_hinglish,hinglish_top_train,train
Agar mai shaam 7 baje tak Cher ke concert me rehna chahta hu to mujhe ghar se kitne baje nikalna chahiye ?,external_nav_navigation,,service_timing,,,,,False,hinglish,latin_hinglish,hinglish_top_validation,train
rozana subah 8 baje ka alarm set kare,external_oos_alarm,,out_of_scope,,,,,False,hinglish,latin_hinglish,hinglish_top_test,train
mere doctor ke appointment ka mera agla reminder kab hai ?,external_oos_reminder,,out_of_scope,,,,,False,hinglish,latin_hinglish,hinglish_top_test,train
mujhe 24th ke pehle David ko uska letter dene ke liye yaad dilaye,external_oos_reminder,,out_of_scope,,,,,False,hinglish,latin_hinglish,hinglish_top_train,train
mujhe subah 3 baje water grass ke liye yaad dilaen,external_oos_reminder,,out_of_scope,,,,,False,hinglish,latin_hinglish,hinglish_top_test,train
"Kal subha ke liye 3 alarms set karen, subha 10 baje se shuru karen, aur fir har aadhe ghante me.",external_oos_alarm,,out_of_scope,,,,,False,hinglish,latin_hinglish,hinglish_top_test,train
H 1 ke sath subah ke traffic se pehle Schofield jane ke liye subah nikalne ka sabse acha waqt kya hai,external_nav_navigation,,service_availability,,,,,False,hinglish,latin_hinglish,hinglish_top_validation,train
Subah 5:30 baje ke liye alarm set kare,external_oos_alarm,,out_of_scope,,,,,False,hinglish,latin_hinglish,hinglish_top_test,train
Chicago se New York city tak kitne miles hai,external_nav_navigation,,route_query,,,,,False,hinglish,latin_hinglish,hinglish_top_test,train
Sundays ko plants ko water dene ke reminder ko hataye,external_oos_reminder,,out_of_scope,,,,,False,hinglish,latin_hinglish,hinglish_top_validation,train
Mujhe kaam par jaane ke liye ek route par bhejen jo ki aaj shuru hone wale naye contruction ko bypass karsake,external_nav_navigation,,route_query,,,,,False,hinglish,latin_hinglish,hinglish_top_test,train
mujhe kal ka forecast dikhao,external_oos_weather,,out_of_scope,,,,,False,hinglish,latin_hinglish,hinglish_top_test,train
kya aaj mujhe shorts pehenne chahiye,external_oos_weather,,out_of_scope,,,,,False,hinglish,latin_hinglish,hinglish_top_train,train
mujhe Phoenix se downtown Gilbert tak drive karke jaane me kitna samay lagega,external_nav_navigation,,service_timing,,,,,False,hinglish,latin_hinglish,hinglish_top_train,train
school ki list ke liye reminder delete kare,external_oos_reminder,,out_of_scope,,,,,False,hinglish,latin_hinglish,hinglish_top_test,train
Mike aur jan ko tuesday ke party ke bare mei subah 6 30 alarm ke 5 minute pehle yaad dilaye,external_oos_reminder,,out_of_scope,,,,,False,hinglish,latin_hinglish,hinglish_top_validation,train
John ke brithday ka reminder hata do,external_oos_reminder,,out_of_scope,,,,,False,hinglish,latin_hinglish,hinglish_top_test,train
mai Journey ka Don ' t Stop Believing sunna chahta hoon,external_oos_music,,out_of_scope,,,,,False,hinglish,latin_hinglish,hinglish_top_test,train
car ke bare me kal Karen ko respond karne ke liye mujhe yaad dilayen,external_oos_reminder,,out_of_scope,,,,,False,hinglish,latin_hinglish,hinglish_top_train,train
"Mere reminder ko Next friday ke liye Reschedule kare , for my dentist appointment .",external_oos_reminder,,out_of_scope,,,,,False,hinglish,latin_hinglish,hinglish_top_validation,train
car se grocery store jaane ke liye anticipated time kitna hai,external_nav_navigation,,service_timing,,,,,False,hinglish,latin_hinglish,hinglish_top_train,train
kya aj barish hone wali hai ?,external_oos_weather,,out_of_scope,,,,,False,hinglish,latin_hinglish,hinglish_top_test,train
Colorado me weather kesa dikh raha he ?,external_oos_weather,,out_of_scope,,,,,False,hinglish,latin_hinglish,hinglish_top_test,train
reminders dikhao .,external_oos_reminder,,out_of_scope,,,,,False,hinglish,latin_hinglish,hinglish_top_validation,train
Bob ko ek message bhejo aur bolo ki I ' ll be able to join him for the plasma cutting class tomorrow at around 5 : 00 .,external_oos_messaging,,out_of_scope,,,,,False,hinglish,latin_hinglish,hinglish_top_test,train
Kya muje kal shorts pehenna chahiye ?,external_oos_weather,,out_of_scope,,,,,False,hinglish,latin_hinglish,hinglish_top_train,train
next week kitna hot hone wala hai,external_oos_weather,,out_of_scope,,,,,False,hinglish,latin_hinglish,hinglish_top_validation,train
Nashville se Lousville tak traffic kaisa hai,external_nav_navigation,,service_availability,,,,,False,hinglish,latin_hinglish,hinglish_top_train,train
current track ko dohraane ke liye set karen.,external_oos_music,,out_of_scope,,,,,False,hinglish,latin_hinglish,hinglish_top_test,train
last song ko phirse bajao,external_oos_music,,out_of_scope,,,,,False,hinglish,latin_hinglish,hinglish_top_validation,train
aaj ka commute kaisa\\n hai,external_nav_navigation,,route_query,,,,,False,hinglish,latin_hinglish,hinglish_top_test,train
kaam karne ke liye mere drive par traffic kaisa hai,external_nav_navigation,,service_availability,,,,,False,hinglish,latin_hinglish,hinglish_top_test,train
kya mujhe subah 5 baje ki Omaha traffic report milsakti hai,external_nav_navigation,,service_availability,,,,,False,hinglish,latin_hinglish,hinglish_top_train,train
aaj dopahar ke liye workout alarm set karen.,external_oos_alarm,,out_of_scope,,,,,False,hinglish,latin_hinglish,hinglish_top_test,train
kya mujhe baad me apne saath shorts laana chahiye,external_oos_weather,,out_of_scope,,,,,False,hinglish,latin_hinglish,hinglish_top_train,train
8 pm ke liye reminder alarm,external_oos_alarm,,out_of_scope,,,,,False,hinglish,latin_hinglish,hinglish_top_test,train
aane wale hafte ke liye forecast kya hai?,external_oos_weather,,out_of_scope,,,,,False,hinglish,latin_hinglish,hinglish_top_test,train
Alarms ko band kardo,external_oos_alarm,,out_of_scope,,,,,False,hinglish,latin_hinglish,hinglish_top_validation,train
Aaj ke liye mere total reminders kitne bache he?,external_oos_reminder,,out_of_scope,,,,,False,hinglish,latin_hinglish,hinglish_top_test,train
abhi heavy traffic,external_nav_navigation,,service_availability,,,,,False,hinglish,latin_hinglish,hinglish_top_test,train
yaha se new york tak kitne mile hai,external_nav_navigation,,route_query,,,,,False,hinglish,latin_hinglish,hinglish_top_test,train
kya meri current route par koi accidents hai,external_nav_navigation,,route_query,,,,,False,hinglish,latin_hinglish,hinglish_top_test,train
Aaj raat ke liye set kiye huwe alarm ko hata do,external_oos_alarm,,out_of_scope,,,,,False,hinglish,latin_hinglish,hinglish_top_test,train
subha 9:45 baje ke liye alarm set karen,external_oos_alarm,,out_of_scope,,,,,False,hinglish,latin_hinglish,hinglish_top_test,train
aaj ke driving conditions,external_nav_navigation,,route_query,,,,,False,hinglish,latin_hinglish,hinglish_top_validation,train
Muje Byron ke sath jane ke liye remind karaye to get his tux fitted .,external_oos_reminder,,out_of_scope,,,,,False,hinglish,latin_hinglish,hinglish_top_test,train
Shruthi K Vijayan ko Messenger par Happy Anniversary likhiye,external_oos_messaging,,out_of_scope,,,,,False,hinglish,latin_hinglish,hinglish_top_train,train
Kya is week me barf padegi bhi ?,external_oos_weather,,out_of_scope,,,,,False,hinglish,latin_hinglish,hinglish_top_validation,train
Abhi aurora se westminster tak ki drive kitni lambi he,external_nav_navigation,,route_query,,,,,False,hinglish,latin_hinglish,hinglish_top_test,train
kya is haftey Seattle mei barish hone wali hai,external_oos_weather,,out_of_scope,,,,,False,hinglish,latin_hinglish,hinglish_top_train,train
Please alarm ko snooze kare,external_oos_alarm,,out_of_scope,,,,,False,hinglish,latin_hinglish,hinglish_top_test,train
kya ap please us reminder se chutkaara paa sakte hai jo maine garlic ke liye dopahar 2 baje ke liye set kiya hai,external_oos_reminder,,out_of_scope,,,,,False,hinglish,latin_hinglish,hinglish_top_test,train
Kya muje aaj heavy coat chahiye,external_oos_weather,,out_of_scope,,,,,False,hinglish,latin_hinglish,hinglish_top_test,train
mujhe kal contact lenses lene ke liye yaad dilayen,external_oos_reminder,,out_of_scope,,,,,False,hinglish,latin_hinglish,hinglish_top_test,train
Mere is weekend ke sabhi reminders ko reset kare aur is ke baarey me muje monday bataye,external_oos_reminder,,out_of_scope,,,,,False,hinglish,latin_hinglish,hinglish_top_test,train
Package ko mail karne ke liye muje remind karaye,external_oos_reminder,,out_of_scope,,,,,False,hinglish,latin_hinglish,hinglish_top_test,train
80s ke music bajao,external_oos_music,,out_of_scope,,,,,False,hinglish,latin_hinglish,hinglish_top_train,train
Gina ko ye batane ke liye message kare ki Red Lobster me hone wali party cancel kar di gai he .,external_oos_messaging,,out_of_scope,,,,,False,hinglish,latin_hinglish,hinglish_top_test,train
dopaher 3 baje mousam kaisa hoga ye samjhne me meri madad kare,external_oos_weather,,out_of_scope,,,,,False,hinglish,latin_hinglish,hinglish_top_train,train
Kya aap mujhe aaj Toronto ka mausam bata sakte hai ?,external_oos_weather,,out_of_scope,,,,,False,hinglish,latin_hinglish,hinglish_top_test,train
Kya New York me baarish hone wali hai,external_oos_weather,,out_of_scope,,,,,False,hinglish,latin_hinglish,hinglish_top_test,train
I - 5 par traffic kaisa dikh raha hai,external_nav_navigation,,service_availability,,,,,False,hinglish,latin_hinglish,hinglish_top_test,train
3 pm tuesday ke liyealarm lagaye,external_oos_alarm,,out_of_scope,,,,,False,hinglish,latin_hinglish,hinglish_top_test,train
abhi jawaab den,external_oos_messaging,,out_of_scope,,,,,False,hinglish,latin_hinglish,hinglish_top_train,train
6:15 am ke liye alarm set kare,external_oos_alarm,,out_of_scope,,,,,False,hinglish,latin_hinglish,hinglish_top_test,train
abhi kitni garmi hai,external_oos_weather,,out_of_scope,,,,,False,hinglish,latin_hinglish,hinglish_top_test,train
Beijing me kitne fahrenheit degree cold he,external_oos_weather,,out_of_scope,,,,,False,hinglish,latin_hinglish,hinglish_top_test,train
SMS likhe,external_oos_messaging,,out_of_scope,,,,,False,hinglish,latin_hinglish,hinglish_top_test,train
humko kitna snow milne wala he ?,external_oos_weather,,out_of_scope,,,,,False,hinglish,latin_hinglish,hinglish_top_train,train
music play kare,external_oos_music,,out_of_scope,,,,,False,hinglish,latin_hinglish,hinglish_top_test,train
Muje kal bank account ka balance check karne ke liye remind karaye .,external_oos_reminder,,out_of_scope,,,,,False,hinglish,latin_hinglish,hinglish_top_test,train
please 10 minute ke liye snooze kare,external_oos_alarm,,out_of_scope,,,,,False,hinglish,latin_hinglish,hinglish_top_train,train
Monday se Alex ko remind kariye to feed and water Miya and to take her out,external_oos_reminder,,out_of_scope,,,,,False,hinglish,latin_hinglish,hinglish_top_train,train
Saturday ko hamare beach trip ka reminder ko hata den,external_oos_reminder,,out_of_scope,,,,,False,hinglish,latin_hinglish,hinglish_top_validation,train
Is song ko mere liye ek baar phir se bajayen,external_oos_music,,out_of_scope,,,,,False,hinglish,latin_hinglish,hinglish_top_test,train
mujhe apne boss se kal subah me ghadi bhuljane ke bare me baat karne ke liye yaad dilaye,external_oos_reminder,,out_of_scope,,,,,False,hinglish,latin_hinglish,hinglish_top_test,train
grandpa ko WhatsApp par message kare aur puche ki kya unhe store se kuch chahiye,external_oos_messaging,,out_of_scope,,,,,False,hinglish,latin_hinglish,hinglish_top_test,train
alarm kis time ke liye set hai,external_oos_alarm,,out_of_scope,,,,,False,hinglish,latin_hinglish,hinglish_top_test,train
mujhe Metallica ke gaane sunna hai,external_oos_music,,out_of_scope,,,,,False,hinglish,latin_hinglish,hinglish_top_train,train
Please sabse zyada metal song ko suno,external_oos_music,,out_of_scope,,,,,False,hinglish,latin_hinglish,hinglish_top_test,train
"Kya Midday ka weather, thik rahega?",external_oos_weather,,out_of_scope,,,,,False,hinglish,latin_hinglish,hinglish_top_test,train
5 minutes ke liye snooze karo,external_oos_alarm,,out_of_scope,,,,,False,hinglish,latin_hinglish,hinglish_top_validation,train
mujhe 18th May ko subah 8 baje ka alarm set kare,external_oos_alarm,,out_of_scope,,,,,False,hinglish,latin_hinglish,hinglish_top_test,train
meri playlist me se us gaane ko delete kardo,external_oos_music,,out_of_scope,,,,,False,hinglish,latin_hinglish,hinglish_top_test,train
Aaj raat 9:30 pm ke liye alarm set karen,external_oos_alarm,,out_of_scope,,,,,False,hinglish,latin_hinglish,hinglish_top_validation,train
Mike ko hi bolo,external_oos_messaging,,out_of_scope,,,,,False,hinglish,latin_hinglish,hinglish_top_train,train
Please ek naya alarm create kare,external_oos_alarm,,out_of_scope,,,,,False,hinglish,latin_hinglish,hinglish_top_test,train
Moana ko message kare aur use bataye ki concerts 4 baje shuru hota hai,external_oos_messaging,,out_of_scope,,,,,False,hinglish,latin_hinglish,hinglish_top_test,train
please mujhe kal subah 5 baje uthne ke liye yaad dilaen,external_oos_alarm,,out_of_scope,,,,,False,hinglish,latin_hinglish,hinglish_top_test,train
kuch workout music play karo,external_oos_music,,out_of_scope,,,,,False,hinglish,latin_hinglish,hinglish_top_train,train
Sarah ko bataiye,external_oos_messaging,,out_of_scope,,,,,False,hinglish,latin_hinglish,hinglish_top_train,train
rest of this month ke liye sarey reminders cancel kare,external_oos_reminder,,out_of_scope,,,,,False,hinglish,latin_hinglish,hinglish_top_train,train
alarm band kare,external_oos_alarm,,out_of_scope,,,,,False,hinglish,latin_hinglish,hinglish_top_test,train
David ko message karo aur use bolo ki mere ghar par aaj shaam 5 baje tak aajao.,external_oos_messaging,,out_of_scope,,,,,False,hinglish,latin_hinglish,hinglish_top_test,train
Mujhe yaad dilaiye ki mai apne birthday dinner par sabhi ko invite karu jo 18 taarek ko shaam 4 baje hai,external_oos_reminder,,out_of_scope,,,,,False,hinglish,latin_hinglish,hinglish_top_train,train
kya aaj raat mujhe coat lana chahiye ?,external_oos_weather,,out_of_scope,,,,,False,hinglish,latin_hinglish,hinglish_top_test,train
SCA members ko 6th August 4 pm ko meeting ke baare me yaad dilaayen,external_oos_reminder,,out_of_scope,,,,,False,hinglish,latin_hinglish,hinglish_top_validation,train
June 3rd ko mujhe subah 7 baje uthao .,external_oos_alarm,,out_of_scope,,,,,False,hinglish,latin_hinglish,hinglish_top_test,train
6 am se 7 am tak reminder times badlein since my shift changed,external_oos_reminder,,out_of_scope,,,,,False,hinglish,latin_hinglish,hinglish_top_train,train
Wendy ko payment mail karne wale reminder ko delete karen,external_oos_reminder,,out_of_scope,,,,,False,hinglish,latin_hinglish,hinglish_top_test,train
recent animated movies ke soundtracks bajaye,external_oos_music,,out_of_scope,,,,,False,hinglish,latin_hinglish,hinglish_top_train,train
Thursday ko subha ke liye alarm cancel karen .,external_oos_alarm,,out_of_scope,,,,,False,hinglish,latin_hinglish,hinglish_top_train,train
kya aj raat thand hone wali hai ?,external_oos_weather,,out_of_scope,,,,,False,hinglish,latin_hinglish,hinglish_top_test,train
10 day ka forecast kya he?,external_oos_weather,,out_of_scope,,,,,False,hinglish,latin_hinglish,hinglish_top_test,train
Mere alarm ko shaam 6:45 me change kare.,external_oos_alarm,,out_of_scope,,,,,False,hinglish,latin_hinglish,hinglish_top_test,train
Kya forecast me ole hai,external_oos_weather,,out_of_scope,,,,,False,hinglish,latin_hinglish,hinglish_top_test,train
mera agla alarm kab hai ?,external_oos_alarm,,out_of_scope,,,,,False,hinglish,latin_hinglish,hinglish_top_validation,train
baarish kab rukegi ?,external_oos_weather,,out_of_scope,,,,,False,hinglish,latin_hinglish,hinglish_top_validation,train
Please muje interstate 40 ke liye traffic ki information dikhaiye,external_nav_navigation,,service_availability,,,,,False,hinglish,latin_hinglish,hinglish_top_test,train
Judy ko message bheje ki i just arrived,external_oos_messaging,,out_of_scope,,,,,False,hinglish,latin_hinglish,hinglish_top_test,train
please top ten pop songs ko bajaayen,external_oos_music,,out_of_scope,,,,,False,hinglish,latin_hinglish,hinglish_top_validation,train
mausam kaisa hai ?,external_oos_weather,,out_of_scope,,,,,False,hinglish,latin_hinglish,hinglish_top_train,train
aaj ka humidity level kitna hai,external_oos_weather,,out_of_scope,,,,,False,hinglish,latin_hinglish,hinglish_top_test,train
naya reminder set kijiye,external_oos_reminder,,out_of_scope,,,,,False,hinglish,latin_hinglish,hinglish_top_train,train
Poore week ke liye weather kesa rahega,external_oos_weather,,out_of_scope,,,,,False,hinglish,latin_hinglish,hinglish_top_test,train
boca raton ke liye aaj ki beach ki conditions kya he ?,external_oos_weather,,out_of_scope,,,,,False,hinglish,latin_hinglish,hinglish_top_validation,train
Song ko pause karo,external_oos_music,,out_of_scope,,,,,False,hinglish,latin_hinglish,hinglish_top_validation,train
Phoenix me agle week ke liye kya forecast hai ?,external_oos_weather,,out_of_scope,,,,,False,hinglish,latin_hinglish,hinglish_top_test,train
mere 12 baje ke wake up reminder ko cancel kare,external_oos_reminder,,out_of_scope,,,,,False,hinglish,latin_hinglish,hinglish_top_validation,train
Celsius me Temperature,external_oos_weather,,out_of_scope,,,,,False,hinglish,latin_hinglish,hinglish_top_train,train
Us album ke kuch aur songs chalao,external_oos_music,,out_of_scope,,,,,False,hinglish,latin_hinglish,hinglish_top_test,train
Mujhe kal ke lunch ke baare me saare reminders show karo,external_oos_reminder,,out_of_scope,,,,,False,hinglish,latin_hinglish,hinglish_top_train,train
kal subah 5 bajhe ki alarm shut off kare,external_oos_alarm,,out_of_scope,,,,,False,hinglish,latin_hinglish,hinglish_top_test,train
Bob ko message karo aur use pucho ki lunch ke liye vo kitne baje milna chahta he.,external_oos_messaging,,out_of_scope,,,,,False,hinglish,latin_hinglish,hinglish_top_validation,train
agle song par jaaen .,external_oos_music,,out_of_scope,,,,,False,hinglish,latin_hinglish,hinglish_top_train,train
4 : 30 am ke liye alarm set kare,external_oos_alarm,,out_of_scope,,,,,False,hinglish,latin_hinglish,hinglish_top_test,train
kal subah 8:10 aur subah 8:30 baje ke liye alarm set kare,external_oos_alarm,,out_of_scope,,,,,False,hinglish,latin_hinglish,hinglish_top_test,train
Aaj chicago me traffic kesa he,external_nav_navigation,,service_availability,,,,,False,hinglish,latin_hinglish,hinglish_top_test,train
Lisa ko message karo aur pucho ki apke paas chini hai,external_oos_messaging,,out_of_scope,,,,,False,hinglish,latin_hinglish,hinglish_top_validation,train
Mai Los Angeles me dheemi traffic ke around kaisa jaa sakta hun ?,external_nav_navigation,,service_availability,,,,,False,hinglish,latin_hinglish,hinglish_top_train,train
"kya mai 10 am tak yaha se Naperville , Illinois pahuch sakta hoon ?",external_nav_navigation,,route_query,,,,,False,hinglish,latin_hinglish,hinglish_top_train,train
Roads kab clear hone wale he,external_oos_weather,,out_of_scope,,,,,False,hinglish,latin_hinglish,hinglish_top_test,train
please mai ek video message bhejna chahta hoon,external_oos_messaging,,out_of_scope,,,,,False,hinglish,latin_hinglish,hinglish_top_test,train
Mere birthday par mausam kaisa hone wala hai ?,external_oos_weather,,out_of_scope,,,,,False,hinglish,latin_hinglish,hinglish_top_train,train
THE AIRPORT KE LIYE COMMUTE KYA HAI,external_nav_navigation,,route_query,,,,,False,hinglish,latin_hinglish,hinglish_top_test,train
mujhe airport pahuchne mei kitni der lagegi ?,external_nav_navigation,,service_timing,,,,,False,hinglish,latin_hinglish,hinglish_top_train,train
aj ka temperature kitna hain,external_oos_weather,,out_of_scope,,,,,False,hinglish,latin_hinglish,hinglish_top_test,train
kal subha ke liye mujhe ek wakeup alarm chahiye,external_oos_alarm,,out_of_scope,,,,,False,hinglish,latin_hinglish,hinglish_top_test,train
Please Led Zeppelin play kijiye .,external_oos_music,,out_of_scope,,,,,False,hinglish,latin_hinglish,hinglish_top_train,train
Alarms ko radio pe dikhaye,external_oos_alarm,,out_of_scope,,,,,False,hinglish,latin_hinglish,hinglish_top_train,train
Mere dad ko message me batao ki mai ice cream lekar aaonga,external_oos_messaging,,out_of_scope,,,,,False,hinglish,latin_hinglish,hinglish_top_test,train
kya aaj ole girne wale hai ?,external_oos_weather,,out_of_scope,,,,,False,hinglish,latin_hinglish,hinglish_top_train,train
"On Sunday the 8th , wakeup alarm ko move karen to 7 am",external_oos_alarm,,out_of_scope,,,,,False,hinglish,latin_hinglish,hinglish_top_train,train
Downtown par abhi kitni kharab traffic hai,external_nav_navigation,,service_availability,,,,,False,hinglish,latin_hinglish,hinglish_top_validation,train
Jackie ko message karo ye dekhne ke liye ki wo apne Mexico trip se kab laut te hai,external_oos_messaging,,out_of_scope,,,,,False,hinglish,latin_hinglish,hinglish_top_test,train
"Kya aap alarm delete kar sakte he , please?",external_oos_alarm,,out_of_scope,,,,,False,hinglish,latin_hinglish,hinglish_top_test,train
moms ke ghar ke pas itna traffic kyu hai,external_nav_navigation,,service_availability,,,,,False,hinglish,latin_hinglish,hinglish_top_validation,train
Wednesday ko raat 10 baje ka alarm set kare .,external_oos_alarm,,out_of_scope,,,,,False,hinglish,latin_hinglish,hinglish_top_test,train
Muje Friday morning par thank you notes mail karne ke liye remind karaye,external_oos_reminder,,out_of_scope,,,,,False,hinglish,latin_hinglish,hinglish_top_validation,train
mujhe hotel jaane me kitna waqt lagega,external_nav_navigation,,route_query,,,,,False,hinglish,latin_hinglish,hinglish_top_test,train
kal mujhe milk khareedne ke liye yaad dilayen,external_oos_reminder,,out_of_scope,,,,,False,hinglish,latin_hinglish,hinglish_top_train,train
Kya aaj raat traffic meri drive par asar karegi,external_nav_navigation,,service_availability,,,,,False,hinglish,latin_hinglish,hinglish_top_test,train
kya abhi barish ho rahi hai,external_oos_weather,,out_of_scope,,,,,False,hinglish,latin_hinglish,hinglish_top_train,train
naya alarm lagaye,external_oos_alarm,,out_of_scope,,,,,False,hinglish,latin_hinglish,hinglish_top_test,train
rolling stones please,external_oos_music,,out_of_scope,,,,,False,hinglish,latin_hinglish,hinglish_top_test,train
Please Spartacus ko jaanne de ke we will have our costume party Saturday January 5th at the Holiday Inn Banquet Center,external_oos_messaging,,out_of_scope,,,,,False,hinglish,latin_hinglish,hinglish_top_test,train
Mere closest sporting goods store ka directions,external_nav_navigation,,route_query,,,,,False,hinglish,latin_hinglish,hinglish_top_test,train
downtown Louisville tak pahuchne ke liye kitni der lagegi,external_nav_navigation,,service_timing,,,,,False,hinglish,latin_hinglish,hinglish_top_train,train
kal West Hollywood mei sham 5 bajhe traffic kaisa tha,external_nav_navigation,,service_availability,,,,,False,hinglish,latin_hinglish,hinglish_top_test,train
kya aap is gaaney ko mere classic rock ki playlist mein add karsakte hai ?,external_oos_music,,out_of_scope,,,,,False,hinglish,latin_hinglish,hinglish_top_test,train
Muje kal subah 7 baje remind karaye to stop and get gas,external_oos_reminder,,out_of_scope,,,,,False,hinglish,latin_hinglish,hinglish_top_train,train
Johnny ko boliye ki good job .,external_oos_messaging,,out_of_scope,,,,,False,hinglish,latin_hinglish,hinglish_top_test,train
neighbors thread ko ek video message ke sath reply kare,external_oos_messaging,,out_of_scope,,,,,False,hinglish,latin_hinglish,hinglish_top_test,train
mai chahta hu jis alarm ko maine abhi set kiya hai use agle din me badal diya jaaye,external_oos_alarm,,out_of_scope,,,,,False,hinglish,latin_hinglish,hinglish_top_train,train
har monday ke liye subah 6 : 30 baje alarm create kare,external_oos_alarm,,out_of_scope,,,,,False,hinglish,latin_hinglish,hinglish_top_test,train
mujhe har Monday ko schedule ke sath Safety Patrol ko ek email bhejne ke liye yaad dilaen .,external_oos_reminder,,out_of_scope,,,,,False,hinglish,latin_hinglish,hinglish_top_test,train
kya u . s . 23 par traffic halka hai,external_nav_navigation,,service_availability,,,,,False,hinglish,latin_hinglish,hinglish_top_test,train
Daniel ko message kariye aur boliye ki Wednesday works for me,external_oos_messaging,,out_of_scope,,,,,False,hinglish,latin_hinglish,hinglish_top_validation,train
high kya hai ?,external_oos_weather,,out_of_scope,,,,,False,hinglish,latin_hinglish,hinglish_top_train,train
usher ka slow jams bajaye,external_oos_music,,out_of_scope,,,,,False,hinglish,latin_hinglish,hinglish_top_test,train
aaj ke liye weather forecast,external_oos_weather,,out_of_scope,,,,,False,hinglish,latin_hinglish,hinglish_top_test,train
August 18th ke reminders cancel kardo,external_oos_reminder,,out_of_scope,,,,,False,hinglish,latin_hinglish,hinglish_top_train,train
mere exercise group ke reminders dikhao,external_oos_reminder,,out_of_scope,,,,,False,hinglish,latin_hinglish,hinglish_top_test,train
kya kal ke liye mere paas koi Google reminders hai,external_oos_reminder,,out_of_scope,,,,,False,hinglish,latin_hinglish,hinglish_top_test,train
Traffic kesa he?,external_nav_navigation,,service_availability,,,,,False,hinglish,latin_hinglish,hinglish_top_test,train
ek baby station bajao,external_oos_music,,out_of_scope,,,,,False,hinglish,latin_hinglish,hinglish_top_test,train
18th ke liye alarm ready kare,external_oos_alarm,,out_of_scope,,,,,False,hinglish,latin_hinglish,hinglish_top_test,train
Raleigh aur Durham ke beech ka traffic kaisa hai,external_nav_navigation,,service_availability,,,,,False,hinglish,latin_hinglish,hinglish_top_train,train
Kya me current traffic ki conditions ke sath Wadsworth se meri sister tak pohoch sakta hu?,external_nav_navigation,,service_availability,,,,,False,hinglish,latin_hinglish,hinglish_top_test,train
mujhe aj raat 7 bajhe Detroit mei concert ke liye sabse tez rote bataye,external_nav_navigation,,route_query,,,,,False,hinglish,latin_hinglish,hinglish_top_test,train
kya Lawrenceville hwy ke kinaare koi sidewalk hai,external_nav_navigation,,route_query,,,,,False,hinglish,latin_hinglish,hinglish_top_test,train
Gilbert me abhi traffic kaisa hai,external_nav_navigation,,service_availability,,,,,False,hinglish,latin_hinglish,hinglish_top_test,train
kya mai 30 minutes ke andar Burnsville pahunch sakta hun?,external_nav_navigation,,route_query,,,,,False,hinglish,latin_hinglish,hinglish_top_test,train
ghar se Morris Plains kitni door hai?,external_nav_navigation,,route_query,,,,,False,hinglish,latin_hinglish,hinglish_top_test,train
Please Traffic ke bare me bataye aur shukriya,external_nav_navigation,,service_availability,,,,,False,hinglish,latin_hinglish,hinglish_top_train,train
colorado me traffic kesa he,external_nav_navigation,,service_availability,,,,,False,hinglish,latin_hinglish,hinglish_top_test,train
Scottsdale se sun city tak drive kitna lamba hai,external_nav_navigation,,route_query,,,,,False,hinglish,latin_hinglish,hinglish_top_test,train
mujhe ghar se kitne bajhe nikalna chahiye agar mujhe 10 am tak Disneyland pahuchna hai,external_nav_navigation,,route_query,,,,,False,hinglish,latin_hinglish,hinglish_top_validation,train
Kya i - 97 par aaj traffic he,external_nav_navigation,,service_availability,,,,,False,hinglish,latin_hinglish,hinglish_top_test,train
Yaha se the Dali Museum kitni door hai,external_nav_navigation,,route_query,,,,,False,hinglish,latin_hinglish,hinglish_top_train,train
sabse halka traffic kab hai,external_nav_navigation,,service_availability,,,,,False,hinglish,latin_hinglish,hinglish_top_test,train
mujhe aaj kis raaste se ghar jana chahiye,external_nav_navigation,,route_query,,,,,False,hinglish,latin_hinglish,hinglish_top_validation,train
agar mai yaha se 5 am ko nikal jaoon to mai mere ghar ko kab paunchunga,external_nav_navigation,,route_query,,,,,False,hinglish,latin_hinglish,hinglish_top_train,train
367 par detour kitna lamba hai,external_nav_navigation,,route_query,,,,,False,hinglish,latin_hinglish,hinglish_top_test,train
kya mere work ke raste par koi accidents hai,external_nav_navigation,,route_query,,,,,False,hinglish,latin_hinglish,hinglish_top_test,train
"Agar mai I - 5 coast ke niche se lu , to mai San Francisco kab tak pahunchunga ?",external_nav_navigation,,route_query,,,,,False,hinglish,latin_hinglish,hinglish_top_test,train
kansas city se cleaveland tak drive karke jaane ke liye traffic kaisa hai,external_nav_navigation,,service_availability,,,,,False,hinglish,latin_hinglish,hinglish_top_test,train
Mujhe Allentown drive karke jane me kitna samay lagega ?,external_nav_navigation,,service_timing,,,,,False,hinglish,latin_hinglish,hinglish_top_validation,train
Birmingham se Salem tak jaane ke liye traffic kaisa hai,external_nav_navigation,,service_availability,,,,,False,hinglish,latin_hinglish,hinglish_top_test,train
Atlanta me abhi zyada traffic kahaan hai,external_nav_navigation,,service_availability,,,,,False,hinglish,latin_hinglish,hinglish_top_validation,train
Mujhe the mall tak pahunchne me kitna samay lagega,external_nav_navigation,,service_timing,,,,,False,hinglish,latin_hinglish,hinglish_top_test,train
Agar mai mere ghar se 8 am ko nikal jaaon to kya mai Billy ke ghar ko 8:30 am tak pahunch jaonga,external_nav_navigation,,route_query,,,,,False,hinglish,latin_hinglish,hinglish_top_test,train
kya mai traffic ke sath 30 min mei airport pahuch sakunga,external_nav_navigation,,service_availability,,,,,False,hinglish,latin_hinglish,hinglish_top_test,train
traffic se bachne ke liye aj subah work ke liye sabse acha rasta kaunsa hai,external_nav_navigation,,service_availability,,,,,False,hinglish,latin_hinglish,hinglish_top_train,train
kya mai 6 baje se pehle Lorain pahunch sakta hu ?,external_nav_navigation,,route_query,,,,,False,hinglish,latin_hinglish,hinglish_top_train,train
"agar mai yaha se subah 4 baje nikalta hun, toh mujhe Ohio pahunchne me kitna samay lagega?",external_nav_navigation,,service_timing,,,,,False,hinglish,latin_hinglish,hinglish_top_test,train
kya naya road construction aaya hai recently,external_nav_navigation,,route_query,,,,,False,hinglish,latin_hinglish,hinglish_top_test,train
i - 77 par traffic kaisa hai,external_nav_navigation,,service_availability,,,,,False,hinglish,latin_hinglish,hinglish_top_test,train
Tallahassee se Sarasota tak pure traffic ke sath pahunchne me hume kitna samay lagega,external_nav_navigation,,service_timing,,,,,False,hinglish,latin_hinglish,hinglish_top_test,train
Mobile me Sundays ko Traffic conditions kya hai,external_nav_navigation,,service_availability,,,,,False,hinglish,latin_hinglish,hinglish_top_train,train
sadaken kaisi dikh rahi hai,external_nav_navigation,,route_query,,,,,False,hinglish,latin_hinglish,hinglish_top_test,train
Kya waha koi accident he,external_nav_navigation,,route_query,,,,,False,hinglish,latin_hinglish,hinglish_top_train,train
construction pass kare bina downtown Akron ke directions leker aaye,external_nav_navigation,,route_query,,,,,False,hinglish,latin_hinglish,hinglish_top_validation,train
augusta se atlanta ki doori kitni hai,external_nav_navigation,,route_query,,,,,False,hinglish,latin_hinglish,hinglish_top_test,train
Kya 5th settlement ke raaste me koi cycling lane he?,external_nav_navigation,,route_query,,,,,False,hinglish,latin_hinglish,hinglish_top_test,train
kya yahan se guzarna illegal hai,external_nav_navigation,,route_query,,,,,False,hinglish,latin_hinglish,hinglish_top_test,train
"mujhe sabse kam traffic me Newark , DE pahunchne ke liye directions chahiye .",external_nav_navigation,,service_availability,,,,,False,hinglish,latin_hinglish,hinglish_top_train,train
mujhe austin pahunchne me kitna waqt lagega,external_nav_navigation,,route_query,,,,,False,hinglish,latin_hinglish,hinglish_top_validation,train
Kya the interstate par koi delays hai,external_nav_navigation,,route_query,,,,,False,hinglish,latin_hinglish,hinglish_top_test,train
"traffic ke sath Eugene , Oregon se Las Vegas , Nevada tak drive karke jane me kitna samay lagega",external_nav_navigation,,service_timing,,,,,False,hinglish,latin_hinglish,hinglish_top_test,train
Mujhe aaj der raat Barbara ke ghar se Kenny ke ghar drive karke jaane ki zaroorat hai - sabse tez jaane ke liye konsa raasta hoga ?,external_nav_navigation,,service_timing,,,,,False,hinglish,latin_hinglish,hinglish_top_train,train
New York ke liye rush hour kya mana jata he,external_nav_navigation,,route_query,,,,,False,hinglish,latin_hinglish,hinglish_top_test,train
Kya the Jaguar game ke dauraan Jacksonville ki sadakon ko block kardiya jayega ?,external_nav_navigation,,route_query,,,,,False,hinglish,latin_hinglish,hinglish_top_validation,train
Is subha Route 52 par kya koi accident hua tha ?,external_nav_navigation,,route_query,,,,,False,hinglish,latin_hinglish,hinglish_top_train,train
aaj Philadelphia me traffic kaisa hai,external_nav_navigation,,service_availability,,,,,False,hinglish,latin_hinglish,hinglish_top_test,train
kya bridge par heavy traffic hai,external_nav_navigation,,service_availability,,,,,False,hinglish,latin_hinglish,hinglish_top_train,train
"Barnard , Vermont aur Wangaratta , Australia ke beech distance kitna hai",external_nav_navigation,,route_query,,,,,False,hinglish,latin_hinglish,hinglish_top_validation,train
bhaari traffic me mujhe waha pahunchne me kitna samay lagega,external_nav_navigation,,service_timing,,,,,False,hinglish,latin_hinglish,hinglish_top_train,train
Vegas se Mesquite tak ka traffic kaisa hai,external_nav_navigation,,service_availability,,,,,False,hinglish,latin_hinglish,hinglish_top_train,train
ghar se Miami tak driving distance kitna hai,external_nav_navigation,,route_query,,,,,False,hinglish,latin_hinglish,hinglish_top_test,train
Cairo me Jazz Music Festival ke aas pas traffic kaisa hai?,external_nav_navigation,,service_availability,,,,,False,hinglish,latin_hinglish,hinglish_top_test,train
Agar Jason kaam se abhi nikle aur 10 minutes ke liye mere ghar pe ruke to kya time par wo mere parents ke ghar par hoga ?,external_nav_navigation,,service_timing,,,,,False,hinglish,latin_hinglish,hinglish_top_train,train
Kya pass par i 90 band hai?,external_nav_navigation,,route_query,,,,,False,hinglish,latin_hinglish,hinglish_top_test,train
kya traffic slow hai,external_nav_navigation,,service_availability,,,,,False,hinglish,latin_hinglish,hinglish_top_test,train
Kya Brian ka ghar the H 1 Freeway se nazdeek hai ?,external_nav_navigation,,route_query,,,,,False,hinglish,latin_hinglish,hinglish_top_test,train
kya I 90 par bhari traffic hai,external_nav_navigation,,service_availability,,,,,False,hinglish,latin_hinglish,hinglish_top_validation,train
Kya aaj subha sadakon par construction chalraha hai?,external_nav_navigation,,route_query,,,,,False,hinglish,latin_hinglish,hinglish_top_test,train
kya aj georgia mei I 95 north par traffic zada hai,external_nav_navigation,,service_availability,,,,,False,hinglish,latin_hinglish,hinglish_top_train,train
yaha road conditions kaise hai,external_nav_navigation,,route_query,,,,,False,hinglish,latin_hinglish,hinglish_top_test,train
agar mai apne ghar se highway nahi leta to mujhe kaam par jaane me kitna samai lagega,external_nav_navigation,,route_query,,,,,False,hinglish,latin_hinglish,hinglish_top_test,train
yaha se Temecula tak alternate routes,external_nav_navigation,,route_query,,,,,False,hinglish,latin_hinglish,hinglish_top_train,train
aaj subah mera commute kaisa hai,external_nav_navigation,,route_query,,,,,False,hinglish,latin_hinglish,hinglish_top_test,train
pharmacy kitni door he,external_nav_navigation,,route_query,,,,,False,hinglish,latin_hinglish,hinglish_top_test,train
Traverse City aur Louisville ke beech ka distance kitna hai,external_nav_navigation,,route_query,,,,,False,hinglish,latin_hinglish,hinglish_top_train,train
please mujhe current traffic bataye,external_nav_navigation,,service_availability,,,,,False,hinglish,latin_hinglish,hinglish_top_train,train
kya highway par zyada traffic hai ya side streets par,external_nav_navigation,,service_availability,,,,,False,hinglish,latin_hinglish,hinglish_top_test,train
agar mai mere ghar se abhi nikal jaaon to Las Vegas pahunchne tak kya time hoga?,external_nav_navigation,,service_timing,,,,,False,hinglish,latin_hinglish,hinglish_top_test,train
215 Fwy ka use karke mujhe Shayla ke ghar pahunchne me kitna samay lagega,external_nav_navigation,,service_timing,,,,,False,hinglish,latin_hinglish,hinglish_top_test,train
mujhe Orlando se ghar pahunchne me kitna samay lagega,external_nav_navigation,,service_timing,,,,,False,hinglish,latin_hinglish,hinglish_top_test,train
Mujhe san marcos pahunchne me kitna samay lagega,external_nav_navigation,,service_timing,,,,,False,hinglish,latin_hinglish,hinglish_top_test,train
Mai is jam ke aas paas kaise jaasakta hu,external_nav_navigation,,route_query,,,,,False,hinglish,latin_hinglish,hinglish_top_train,train
Mujhe Kapiolani Blvd se hote huwe Apex endodontics tak ke liye directions chahiye,external_nav_navigation,,route_query,,,,,False,hinglish,latin_hinglish,hinglish_top_test,train
kya abhi downtown me traffic heavy he,external_nav_navigation,,service_availability,,,,,False,hinglish,latin_hinglish,hinglish_top_test,train
agar main Wimberley se abhi nikalta hoon toh kya mai waha 3 pm se pehle pahuch sakta hoon ?,external_nav_navigation,,route_query,,,,,False,hinglish,latin_hinglish,hinglish_top_test,train
mere ghar ke paas the waterpark ke liye driving directions le.,external_nav_navigation,,route_query,,,,,False,hinglish,latin_hinglish,hinglish_top_test,train
5 baje ke aas paas traffic kaisa dikhta hai,external_nav_navigation,,service_availability,,,,,False,hinglish,latin_hinglish,hinglish_top_train,train
phoenix mei dallas,external_nav_navigation,,route_query,,,,,False,hinglish,latin_hinglish,hinglish_top_test,train
work se MODA center tak ki drive kitni lambi he,external_nav_navigation,,route_query,,,,,False,hinglish,latin_hinglish,hinglish_top_test,train
Manhattan ke liye traffic info,external_nav_navigation,,service_availability,,,,,False,hinglish,latin_hinglish,hinglish_top_validation,train
Singularity University mei Mindful Community night mei kaise pahuche,external_nav_navigation,,route_query,,,,,False,hinglish,latin_hinglish,hinglish_top_validation,train
kya Atlanta Georgia se Ocala Florida tak koi traffic delays hai,external_nav_navigation,,service_availability,,,,,False,hinglish,latin_hinglish,hinglish_top_test,train
"kya Newark , OH mei Route 13 par traffic backed up hai",external_nav_navigation,,service_availability,,,,,False,hinglish,latin_hinglish,hinglish_top_validation,train
kya aaj shaam traffic bhari hai,external_nav_navigation,,service_availability,,,,,False,hinglish,latin_hinglish,hinglish_top_train,train
Kya aaj I - 81 par koi delays he,external_nav_navigation,,route_query,,,,,False,hinglish,latin_hinglish,hinglish_top_test,train
downtown Chicago me traffic kesa he,external_nav_navigation,,service_availability,,,,,False,hinglish,latin_hinglish,hinglish_top_test,train
Kya mere father ke ghar jane wali road clear he,external_nav_navigation,,route_query,,,,,False,hinglish,latin_hinglish,hinglish_top_test,train
Kya mai watertown ave se hokar newton terrace pahunch sakta hu,external_nav_navigation,,route_query,,,,,False,hinglish,latin_hinglish,hinglish_top_test,train
Kya freeway ka backup abhi liya gaya he,external_nav_navigation,,route_query,,,,,False,hinglish,latin_hinglish,hinglish_top_test,train
Please mujhe Beaverton Oregon me traffic ke baare me batao,external_nav_navigation,,service_availability,,,,,False,hinglish,latin_hinglish,hinglish_top_test,train
raleigh mei 540 par traffic ke liye lightest times kya hai,external_nav_navigation,,service_timing,,,,,False,hinglish,latin_hinglish,hinglish_top_train,train
medical Center Monday subah 7 baje pohochne ke liye konsa route sabse fast he,external_nav_navigation,,route_query,,,,,False,hinglish,latin_hinglish,hinglish_top_test,train
Kya Main street me traffic blocked he,external_nav_navigation,,service_availability,,,,,False,hinglish,latin_hinglish,hinglish_top_test,train
mujhe kitne bajhe nikalna chahiye 7 am tak san francisco pahuchne ke liye,external_nav_navigation,,route_query,,,,,False,hinglish,latin_hinglish,hinglish_top_train,train
Cahuenga me 101 South par ek accident hua hai . Kya koi dusra raasta hai ?,external_nav_navigation,,route_query,,,,,False,hinglish,latin_hinglish,hinglish_top_test,train
Kya aaj mere ghar ke raaste me koi traffic he,external_nav_navigation,,service_availability,,,,,False,hinglish,latin_hinglish,hinglish_top_test,train
abhi traffic,external_nav_navigation,,service_availability,,,,,False,hinglish,latin_hinglish,hinglish_top_test,train
Abhi the 405 par kaisa hai,external_nav_navigation,,route_query,,,,,False,hinglish,latin_hinglish,hinglish_top_train,train
Colorado Springs me 8 pm ko traffic kaisa hai,external_nav_navigation,,service_availability,,,,,False,hinglish,latin_hinglish,hinglish_top_test,train
Christina ke ghar se convention ke directions at 5pm,external_nav_navigation,,route_query,,,,,False,hinglish,latin_hinglish,hinglish_top_train,train
John ke ghar ka commute kaisa hai,external_nav_navigation,,route_query,,,,,False,hinglish,latin_hinglish,hinglish_top_test,train
mai Salem mei kab pahuchunga agar mai adhe ghante mei nikalta hoon ?,external_nav_navigation,,route_query,,,,,False,hinglish,latin_hinglish,hinglish_top_train,train
mai kis samay kaam par pahunchoonga,external_nav_navigation,,service_timing,,,,,False,hinglish,latin_hinglish,hinglish_top_test,train
kiya koi roads band hai,external_nav_navigation,,route_query,,,,,False,hinglish,latin_hinglish,hinglish_top_test,train
ghar jaane ka sabse acha raasta,external_nav_navigation,,route_query,,,,,False,hinglish,latin_hinglish,hinglish_top_test,train
Kya traffic badhne wala he,external_nav_navigation,,service_availability,,,,,False,hinglish,latin_hinglish,hinglish_top_train,train
El Paso ki trip par mai I 10 ya I 25 use karunga,external_nav_navigation,,route_query,,,,,False,hinglish,latin_hinglish,hinglish_top_validation,train
Mere dwara freeway kesa he,external_nav_navigation,,route_query,,,,,False,hinglish,latin_hinglish,hinglish_top_test,train
Aaj 40 W par Construction traffic,external_nav_navigation,,service_availability,,,,,False,hinglish,latin_hinglish,hinglish_top_train,train
"Jacksonville , FL ki oor south ki oor ja rahe I - 95 par traffic kaisa hai",external_nav_navigation,,service_availability,,,,,False,hinglish,latin_hinglish,hinglish_top_test,train
Kya albany street par koi crass barrier construct kiya gaya he ?,external_nav_navigation,,route_query,,,,,False,hinglish,latin_hinglish,hinglish_top_test,train
4 : 30 tak ONU tak pahunchne ke liye mujhe konsa round lena chahiye ?,external_nav_navigation,,route_query,,,,,False,hinglish,latin_hinglish,hinglish_top_train,train
kya i - 5 par Portland se Seattle ki oor jaane wala traffic slow hai,external_nav_navigation,,service_availability,,,,,False,hinglish,latin_hinglish,hinglish_top_validation,train
orange county me traffic kaisa hai,external_nav_navigation,,service_availability,,,,,False,hinglish,latin_hinglish,hinglish_top_test,train
kya Waco se Dallas tak roads saaph hai,external_nav_navigation,,route_query,,,,,False,hinglish,latin_hinglish,hinglish_top_test,train
PDX aur Hawaii ke beech me kitne miles he,external_nav_navigation,,route_query,,,,,False,hinglish,latin_hinglish,hinglish_top_validation,train
kya I 5 back up hua hai,external_nav_navigation,,route_query,,,,,False,hinglish,latin_hinglish,hinglish_top_test,train
wo toofan st se dur kaha ghum rahe hai,external_nav_navigation,,route_query,,,,,False,hinglish,latin_hinglish,hinglish_top_test,train
Mujhe Yonkers se White Plains tak ka samay do .,external_nav_navigation,,service_timing,,,,,False,hinglish,latin_hinglish,hinglish_top_validation,train
agar mai kal subha 8 am ko nikal jaoon to mere commute se meri mom ke ghar jaane me kitna samay add hoga ?,external_nav_navigation,,service_timing,,,,,False,hinglish,latin_hinglish,hinglish_top_train,train
mujhe kis time per driving shuru karna chahiye taakhi mai shaam 6 bajhe tak Portland pahuch saku,external_nav_navigation,,service_timing,,,,,False,hinglish,latin_hinglish,hinglish_top_train,train
mujhe abhi lakeshore drive se Evanston pahuchne mein kitni der lagegi ?,external_nav_navigation,,service_timing,,,,,False,hinglish,latin_hinglish,hinglish_top_test,train
Niagara Falls ka kaunsa route sabse zyada landmarks se guzrega ?,external_nav_navigation,,route_query,,,,,False,hinglish,latin_hinglish,hinglish_top_test,train
Agar me 5 minute me nikalta hu aur Monica ko lene ke liye stop hota hu toh kya me consert me time se pohoch jaunga ?,external_nav_navigation,,service_timing,,,,,False,hinglish,latin_hinglish,hinglish_top_train,train
Please traffic ke halaath bataye,external_nav_navigation,,service_availability,,,,,False,hinglish,latin_hinglish,hinglish_top_validation,train
Agar mai 3 pm ko nikal jaaon to mansoura pahunchne me mujhe kitna samay lagega ?,external_nav_navigation,,service_timing,,,,,False,hinglish,latin_hinglish,hinglish_top_test,train
Kya abhi LA tak jane ke liye traffic kharab he,external_nav_navigation,,service_availability,,,,,False,hinglish,latin_hinglish,hinglish_top_validation,train
kya mere ghar par koi accident hua hai,external_nav_navigation,,route_query,,,,,False,hinglish,latin_hinglish,hinglish_top_test,train
mai grocery store se shuru karna chahta hoon aur mai mere aunt ke ghar pahuchne par mai freeway ko avoid karunga,external_nav_navigation,,route_query,,,,,False,hinglish,latin_hinglish,hinglish_top_test,train
phoenix me traffic kis samay kharab hai,external_nav_navigation,,service_timing,,,,,False,hinglish,latin_hinglish,hinglish_top_test,train
Aaj mujhe Canada jaane me kitni der lagegi,external_nav_navigation,,service_timing,,,,,False,hinglish,latin_hinglish,hinglish_top_train,train
agar mai Charlotte ko shaam 6 baje chodta hoon to mai Orlando kitne baje pahunchunga ?,external_nav_navigation,,service_timing,,,,,False,hinglish,latin_hinglish,hinglish_top_test,train
"Mujhe yaha se airport pahunchna hai , kya mai ise dedh ghante se bhi kam me karsakta hu ?",external_nav_navigation,,route_query,,,,,False,hinglish,latin_hinglish,hinglish_top_test,train
Agar me mall se seven tak nikal jati hu to me Rachel ke ghar kab tak pohchungi,external_nav_navigation,,route_query,,,,,False,hinglish,latin_hinglish,hinglish_top_test,train
agar mai abhi nikalta hun toh mujhe yaha se Brighton tak drive karke jane me kitna samay lagega,external_nav_navigation,,service_timing,,,,,False,hinglish,latin_hinglish,hinglish_top_train,train
kya Elliott Street par koi accident hua tha,external_nav_navigation,,route_query,,,,,False,hinglish,latin_hinglish,hinglish_top_test,train
kya mere ghar ke raaste me koi traffic delays hai,external_nav_navigation,,service_availability,,,,,False,hinglish,latin_hinglish,hinglish_top_test,train
Alabama aur Georgia ke beech ki flight ka Mileage,external_nav_navigation,,route_query,,,,,False,hinglish,latin_hinglish,hinglish_top_train,train
mai museum of science tak jaane ke liye sabse chota raasta lena chahunga,external_nav_navigation,,route_query,,,,,False,hinglish,latin_hinglish,hinglish_top_test,train
SAN DIEGO JANE KE LIYE KUM TRAFFIC KA SABSE BEST ROUTE KAUNSA HAI,external_nav_navigation,,service_availability,,,,,False,hinglish,latin_hinglish,hinglish_top_test,train
Florida ke liye kitne miles hai,external_nav_navigation,,route_query,,,,,False,hinglish,latin_hinglish,hinglish_top_test,train
kya mujhe jaldi nikalne ki zarurat hai,external_nav_navigation,,route_query,,,,,False,hinglish,latin_hinglish,hinglish_top_validation,train
Mujhe batao ki sabse nazdeek wali phone repair shop tak kaise pahuncha jaaye aur mujhe uske band hone se pehle wahan rehna hoga,external_nav_navigation,,route_query,,,,,False,hinglish,latin_hinglish,hinglish_top_test,train
Southside me traffic kaisi dikh rahi hai,external_nav_navigation,,service_availability,,,,,False,hinglish,latin_hinglish,hinglish_top_train,train
"sabse tez rasta apnate hue, agar mai kal subah 9 baje nikal jau toh Bacon jaane ke liye meri trip ko kitna samay lagega?",external_nav_navigation,,service_timing,,,,,False,hinglish,latin_hinglish,hinglish_top_test,train
Kya 202 pe koi construction ka kam chal raha hai?,external_nav_navigation,,route_query,,,,,False,hinglish,latin_hinglish,hinglish_top_train,train
traffic please,external_nav_navigation,,service_availability,,,,,False,hinglish,latin_hinglish,hinglish_top_test,train
kya kal sham 4 baje ke aas pas traffic hoga,external_nav_navigation,,service_availability,,,,,False,hinglish,latin_hinglish,hinglish_top_test,train
sarasota se st pete tak ka traffic,external_nav_navigation,,service_availability,,,,,False,hinglish,latin_hinglish,hinglish_top_train,train
Orlando se Louisville tak jaane ka sabse slow rasta kya hai?,external_nav_navigation,,route_query,,,,,False,hinglish,latin_hinglish,hinglish_top_test,train
current traffic ki report padho,external_nav_navigation,,service_availability,,,,,False,hinglish,latin_hinglish,hinglish_top_test,train
Please drive se ghar kitna door he,external_nav_navigation,,route_query,,,,,False,hinglish,latin_hinglish,hinglish_top_test,train
Please traffic ka update dijiye,external_nav_navigation,,service_availability,,,,,False,hinglish,latin_hinglish,hinglish_top_test,train
the tri cities me hocky game ke liye traffic kaisa hai,external_nav_navigation,,service_availability,,,,,False,hinglish,latin_hinglish,hinglish_top_test,train
"Agar me Corning Transit leta hu , to Arnot Mall me Elmira pohochne me kitna time lagega ?",external_nav_navigation,,service_timing,,,,,False,hinglish,latin_hinglish,hinglish_top_test,train
mujhe 8 pm tak downtown pahunchne ke liye kis samay par bus leni chahiye?,external_nav_navigation,,service_timing,,,,,False,hinglish,latin_hinglish,hinglish_top_test,train
traffic kab khatm hoga,external_nav_navigation,,service_availability,,,,,False,hinglish,latin_hinglish,hinglish_top_validation,train
I - 5 par construction ke chakkar lagaane se bachne ke liye mujhe kis time par nikalne ki zaroorat hai?,external_nav_navigation,,service_timing,,,,,False,hinglish,latin_hinglish,hinglish_top_test,train
Chicago se Nashville tak ka traffic kitna he,external_nav_navigation,,service_availability,,,,,False,hinglish,latin_hinglish,hinglish_top_test,train
White house pohochne me kam time bus se jane me lagega ya texi se ?,external_nav_navigation,,service_timing,,,,,False,hinglish,latin_hinglish,hinglish_top_train,train
ghar se yeh nearest elementary school kitni door hai,external_nav_navigation,,route_query,,,,,False,hinglish,latin_hinglish,hinglish_top_test,train
Oklahoma City se Dallas ka Flying time kya hai,external_nav_navigation,,service_timing,,,,,False,hinglish,latin_hinglish,hinglish_top_train,train
wilmington pahuchne kitni der lagegi,external_nav_navigation,,service_timing,,,,,False,hinglish,latin_hinglish,hinglish_top_test,train
kya mujhe I - 45 ke bajaye feeder road par rukna chahiye,external_nav_navigation,,service_timing,,,,,False,hinglish,latin_hinglish,hinglish_top_validation,train
kiya is waqt bahut zyada traffic hai,external_nav_navigation,,service_availability,,,,,False,hinglish,latin_hinglish,hinglish_top_test,train
kya traffic bumper se bumper hoga,external_nav_navigation,,service_availability,,,,,False,hinglish,latin_hinglish,hinglish_top_test,train
kya Holland Tunnel me koi delay hai,external_nav_navigation,,route_query,,,,,False,hinglish,latin_hinglish,hinglish_top_test,train
Abhi ghar se kaam ko jaane ke liye highway 169 par traffic kaisa hai,external_nav_navigation,,service_availability,,,,,False,hinglish,latin_hinglish,hinglish_top_test,train
"side roads ka istemaal karke , Mujhe Walmart se LeConte Orthopedics ke liye directions do .",external_nav_navigation,,route_query,,,,,False,hinglish,latin_hinglish,hinglish_top_test,train
"mujhe henderson, nv ke liye traffic report batao",external_nav_navigation,,service_timing,,,,,False,hinglish,latin_hinglish,hinglish_top_test,train
Vancouver miles aur kilometers me kitna door he,external_nav_navigation,,route_query,,,,,False,hinglish,latin_hinglish,hinglish_top_train,train
yahan se Montreal tak ka distance dikhayen.,external_nav_navigation,,route_query,,,,,False,hinglish,latin_hinglish,hinglish_top_test,train
mere area me traffic ki volumes,external_nav_navigation,,service_availability,,,,,False,hinglish,latin_hinglish,hinglish_top_test,train
Sacramento se Los Angeles tak tak ka miles mei sabse shortest route kaunsa hai,external_nav_navigation,,route_query,,,,,False,hinglish,latin_hinglish,hinglish_top_test,train
Mujhe traffic par ek report chahiye,external_nav_navigation,,service_availability,,,,,False,hinglish,latin_hinglish,hinglish_top_train,train
Burlington se Boston ka traffic kitna hai,external_nav_navigation,,service_availability,,,,,False,hinglish,latin_hinglish,hinglish_top_validation,train
abhi toll roads kaise hai,external_nav_navigation,,route_query,,,,,False,hinglish,latin_hinglish,hinglish_top_train,train
Muje San Diego aur San Francisco ke beech ka distance batao,external_nav_navigation,,route_query,,,,,False,hinglish,latin_hinglish,hinglish_top_test,train
agar mai 9 am ko nikalta hoon toh Universal Studios kab tak pahuchunga,external_nav_navigation,,route_query,,,,,False,hinglish,latin_hinglish,hinglish_top_test,train
corsicana ke liye mera drive time kitna hoga,external_nav_navigation,,service_timing,,,,,False,hinglish,latin_hinglish,hinglish_top_train,train
Mere aas paas traffic kaisa hai,external_nav_navigation,,service_availability,,,,,False,hinglish,latin_hinglish,hinglish_top_test,train
mere parents tak jane ke liye traffic kesa he,external_nav_navigation,,service_availability,,,,,False,hinglish,latin_hinglish,hinglish_top_test,train
Kya ka aaj traffic busy he,external_nav_navigation,,service_availability,,,,,False,hinglish,latin_hinglish,hinglish_top_test,train
yaha se Disney World tak kitne miles hai,external_nav_navigation,,route_query,,,,,False,hinglish,latin_hinglish,hinglish_top_test,train
Shaam 6 baje ke baad traffic kesa hoga,external_nav_navigation,,service_availability,,,,,False,hinglish,latin_hinglish,hinglish_top_test,train
Lake mead tak jane ke liye me konse Highway se ja sakta hu ?,external_nav_navigation,,route_query,,,,,False,hinglish,latin_hinglish,hinglish_top_validation,train
Meri work tak ki expected drive kitni lambi he,external_nav_navigation,,route_query,,,,,False,hinglish,latin_hinglish,hinglish_top_test,train
mere area mei latest traffic report kya hai,external_nav_navigation,,service_availability,,,,,False,hinglish,latin_hinglish,hinglish_top_test,train
ghar se kaam ke liye traffic kaisa hai,external_nav_navigation,,service_availability,,,,,False,hinglish,latin_hinglish,hinglish_top_test,train
abhi Park City hospital pohochne ke liye kitna time chahiye,external_nav_navigation,,service_timing,,,,,False,hinglish,latin_hinglish,hinglish_top_test,train
sham 6 baje ghar drive karke jaane me kitna samay lagega,external_nav_navigation,,service_timing,,,,,False,hinglish,latin_hinglish,hinglish_top_train,train
traffic se bachne ka sabse acha tariqa kya hai,external_nav_navigation,,service_availability,,,,,False,hinglish,latin_hinglish,hinglish_top_train,train
LAX tak pahunchne ke liye sabse aasaan rasta konsa hai,external_nav_navigation,,route_query,,,,,False,hinglish,latin_hinglish,hinglish_top_train,train
Cikampek Toll Road ka istemaal karke Jakarta ke liye samay nikaalen,external_nav_navigation,,service_timing,,,,,False,hinglish,latin_hinglish,hinglish_top_test,train
Kya I - 65 par traffic badh rahi hai,external_nav_navigation,,service_availability,,,,,False,hinglish,latin_hinglish,hinglish_top_test,train
kya highway par koi accident hai,external_nav_navigation,,route_query,,,,,False,hinglish,latin_hinglish,hinglish_top_test,train
Umatilla jaate samay road par traffic kaisa hai,external_nav_navigation,,service_timing,,,,,False,hinglish,latin_hinglish,hinglish_top_test,train
New York se Chicago ke beech ki doori kitni hai,external_nav_navigation,,route_query,,,,,False,hinglish,latin_hinglish,hinglish_top_test,train
kya aap mujhe raat 10 : 20 baje tak downtown pahunchne ke liye CA - 60 ke liye ek alternate route de sakte hai?,external_nav_navigation,,route_query,,,,,False,hinglish,latin_hinglish,hinglish_top_test,train
interstate firse kab tak khulega,external_nav_navigation,,route_query,,,,,False,hinglish,latin_hinglish,hinglish_top_train,train
"Please Danville , VA ke liye traffic",external_nav_navigation,,service_availability,,,,,False,hinglish,latin_hinglish,hinglish_top_test,train
kya aj interstate par koi accidents huye hai,external_nav_navigation,,route_query,,,,,False,hinglish,latin_hinglish,hinglish_top_test,train
Austin me normally dopahar par traffic kesa hota he,external_nav_navigation,,service_availability,,,,,False,hinglish,latin_hinglish,hinglish_top_test,train
kya aaj traffic smooth chal raha he,external_nav_navigation,,service_availability,,,,,False,hinglish,latin_hinglish,hinglish_top_test,train
Kya work ke raaste me koi traffic he?,external_nav_navigation,,service_availability,,,,,False,hinglish,latin_hinglish,hinglish_top_test,train
mere kaam ko jaane me kitna samay lagega,external_nav_navigation,,service_timing,,,,,False,hinglish,latin_hinglish,hinglish_top_test,train
train kya time par west elm street se guzarti hai,external_nav_navigation,,service_timing,,,,,False,hinglish,latin_hinglish,hinglish_top_train,train
play showgun ke raste me traffic kesa he,external_nav_navigation,,service_availability,,,,,False,hinglish,latin_hinglish,hinglish_top_test,train
lansing se detroit tak ka driving se traffic kaisa dikh raha hai,external_nav_navigation,,service_availability,,,,,False,hinglish,latin_hinglish,hinglish_top_test,train
please mujhe traffic update de,external_nav_navigation,,service_availability,,,,,False,hinglish,latin_hinglish,hinglish_top_test,train
Kya Africa traffic receive karta hai,external_nav_navigation,,service_availability,,,,,False,hinglish,latin_hinglish,hinglish_top_test,train
94 par traffic kaisa hai,external_nav_navigation,,service_availability,,,,,False,hinglish,latin_hinglish,hinglish_top_test,train
mujhe yaha se Phoenix tak ka ek estimated arrival time bataiye,external_nav_navigation,,service_timing,,,,,False,hinglish,latin_hinglish,hinglish_top_test,train
mere dost ko yaha aane me kitna samay lagega agar wo La Jolla se 6 baje nikal rahi hai?,external_nav_navigation,,service_timing,,,,,False,hinglish,latin_hinglish,hinglish_top_test,train
Me janna chahta hu ki kya me aaj 95 par koi traffic hit karne ja raha hu,external_nav_navigation,,service_availability,,,,,False,hinglish,latin_hinglish,hinglish_top_test,train
Mujhe abhi New York City ke traffic ke baare me batao,external_nav_navigation,,service_availability,,,,,False,hinglish,latin_hinglish,hinglish_top_train,train
Sussex ka traffic kaisa hai,external_nav_navigation,,service_availability,,,,,False,hinglish,latin_hinglish,hinglish_top_train,train
mujhe ek dusra route boliye jisper kum traffic ho,external_nav_navigation,,service_availability,,,,,False,hinglish,latin_hinglish,hinglish_top_test,train
kya traffic mere kaam karne ke normal route par backup ka karan ban raha hai?,external_nav_navigation,,service_availability,,,,,False,hinglish,latin_hinglish,hinglish_top_test,train
kya aage traffic detours hai,external_nav_navigation,,service_availability,,,,,False,hinglish,latin_hinglish,hinglish_top_train,train
inglewood se long beach tak 405 south par traffic ka forecast,external_nav_navigation,,service_availability,,,,,False,hinglish,latin_hinglish,hinglish_top_test,train
is samay par traffic kaisa hai,external_nav_navigation,,service_timing,,,,,False,hinglish,latin_hinglish,hinglish_top_test,train
Farmington Hills ke raste me traffic kitna heavy he,external_nav_navigation,,service_availability,,,,,False,hinglish,latin_hinglish,hinglish_top_test,train
CMA ka tyohaar downtime ki traffic par kya affect kar raha hai,external_nav_navigation,,service_timing,,,,,False,hinglish,latin_hinglish,hinglish_top_train,train
Kya exit 14 ke aas paas ka traffic jam clear ho gaya he,external_nav_navigation,,service_availability,,,,,False,hinglish,latin_hinglish,hinglish_top_train,train
Is evening me kya koi adverse weather conditions hai jo traffic par asar karsakti hai,external_nav_navigation,,service_availability,,,,,False,hinglish,latin_hinglish,hinglish_top_train,train
Miami se ft lauderdale driving karte samay traffic kaisi hai,external_nav_navigation,,service_timing,,,,,False,hinglish,latin_hinglish,hinglish_top_train,train
altoona se hollidaysburg tak traffic,external_nav_navigation,,service_availability,,,,,False,hinglish,latin_hinglish,hinglish_top_test,train
Kya traffic abhi halki ya bhaari,external_nav_navigation,,service_availability,,,,,False,hinglish,latin_hinglish,hinglish_top_test,train
aj traffic kaisa dikh raha hai,external_nav_navigation,,service_availability,,,,,False,hinglish,latin_hinglish,hinglish_top_train,train
kya eastbond 180 par traffic kharaab hai,external_nav_navigation,,service_availability,,,,,False,hinglish,latin_hinglish,hinglish_top_train,train
London mei aj traffic kaisa hai,external_nav_navigation,,service_availability,,,,,False,hinglish,latin_hinglish,hinglish_top_train,train
downtown pahunchne me kitna samay lagta hai,external_nav_navigation,,service_timing,,,,,False,hinglish,latin_hinglish,hinglish_top_test,train
kyun XYZ par traffic ko backed up kiya jaata hai,external_nav_navigation,,service_availability,,,,,False,hinglish,latin_hinglish,hinglish_top_test,train
Kya aaj kona side par traffic,external_nav_navigation,,service_availability,,,,,False,hinglish,latin_hinglish,hinglish_top_test,train
LA Coliseum ke aas pas abhi traffic kaisa dikhta hai,external_nav_navigation,,service_availability,,,,,False,hinglish,latin_hinglish,hinglish_top_test,train
downtown me traffic kitna hai,external_nav_navigation,,service_availability,,,,,False,hinglish,latin_hinglish,hinglish_top_test,train
"Boston se Kittery, Maine tak drive karke jaane me kitna samay lagega",external_nav_navigation,,service_timing,,,,,False,hinglish,latin_hinglish,hinglish_top_test,train
Please traffic ke details bataye,external_nav_navigation,,service_availability,,,,,False,hinglish,latin_hinglish,hinglish_top_test,train
exit 394 par abhi stand - still traffic kyu hai,external_nav_navigation,,service_availability,,,,,False,hinglish,latin_hinglish,hinglish_top_test,train
Epcot se Animal Kingdom tak pohochne me kitna time lagta he,external_nav_navigation,,service_timing,,,,,False,hinglish,latin_hinglish,hinglish_top_test,train
mere aane tak kitni der hai,external_nav_navigation,,service_timing,,,,,False,hinglish,latin_hinglish,hinglish_top_test,train
Agar me 1 p.m ko nikalta hu to VA hospital se ghar kitne baje pohochunga?,external_nav_navigation,,service_timing,,,,,False,hinglish,latin_hinglish,hinglish_top_test,train
Agar mai aaj subha 10 : 30 baje ke aas paas nikal jaoon to North Avenue Beach se the Museum of Science and Industry tak pahunchne me kitna samay lagega ?,external_nav_navigation,,service_timing,,,,,False,hinglish,latin_hinglish,hinglish_top_train,train
Is weekend ko Salem ko drive karke jaane ke liye kitna samay lagega,external_nav_navigation,,service_timing,,,,,False,hinglish,latin_hinglish,hinglish_top_validation,train
Mujhe aaj Chicago me traffic kaisa hone ki ummeed karni chahiye,external_nav_navigation,,service_availability,,,,,False,hinglish,latin_hinglish,hinglish_top_validation,train
school se massillon tak kitna lamba samay rahega,external_nav_navigation,,service_timing,,,,,False,hinglish,latin_hinglish,hinglish_top_test,train
route 8 par kitna traffic he,external_nav_navigation,,service_availability,,,,,False,hinglish,latin_hinglish,hinglish_top_test,train
kya i 35 me traffic hai,external_nav_navigation,,service_availability,,,,,False,hinglish,latin_hinglish,hinglish_top_train,train
kya aapke cousin ke ghar jaate samay raaste me koi intersection hai ?,external_nav_navigation,,service_timing,,,,,False,hinglish,latin_hinglish,hinglish_top_train,train
kya toofan traffic ka karan ban raha hai,external_nav_navigation,,service_availability,,,,,False,hinglish,latin_hinglish,hinglish_top_test,train
Mujhe traffic ki jaankari do,external_nav_navigation,,service_availability,,,,,False,hinglish,latin_hinglish,hinglish_top_train,train
Central area ke zariye movenpick hotel tak pahuchne ke liye time nikaliye,external_nav_navigation,,service_timing,,,,,False,hinglish,latin_hinglish,hinglish_top_train,train
konse weekdays me traffic sabse zyada badta hai,external_nav_navigation,,service_availability,,,,,False,hinglish,latin_hinglish,hinglish_top_test,train
Mujhe Tommy ke kaam se Alma ke kaam tak drive karke jaane me kitna samay lagega ?,external_nav_navigation,,service_timing,,,,,False,hinglish,latin_hinglish,hinglish_top_test,train
dheemi traffic wale locations,external_nav_navigation,,service_availability,,,,,False,hinglish,latin_hinglish,hinglish_top_train,train
LA se SF tak jaane wala traffic kitna hai,external_nav_navigation,,service_availability,,,,,False,hinglish,latin_hinglish,hinglish_top_test,train
downtown Atlanta me traffic kesa he,external_nav_navigation,,service_availability,,,,,False,hinglish,latin_hinglish,hinglish_top_test,train
mujhe Seattle ke traffic report pardhe,external_nav_navigation,,service_availability,,,,,False,hinglish,latin_hinglish,hinglish_top_test,train
rush hour ka traffic kab hai,external_nav_navigation,,service_availability,,,,,False,hinglish,latin_hinglish,hinglish_top_test,train
mai dopahar 3 baje dentist ke pas zaroor jana chahata hoon agar mai highway leta hoon to mujhe ghar se kitne baje nikalna hoga ?,external_nav_navigation,,service_timing,,,,,False,hinglish,latin_hinglish,hinglish_top_validation,train
Agar mai raaste me mere kaam par ruk jaoon to mujhe mere ghar se LA tak drive karke jaane me kitna samay lagega,external_nav_navigation,,service_timing,,,,,False,hinglish,latin_hinglish,hinglish_top_train,train
School jane me kitna time lagta he,external_nav_navigation,,service_timing,,,,,False,hinglish,latin_hinglish,hinglish_top_test,train
"Agar mai work se subha 11 : 30 baje nikal jaon , to Dayton , Oho ko mai kya time par pahunchunga .",external_nav_navigation,,service_timing,,,,,False,hinglish,latin_hinglish,hinglish_top_train,train
ghar ke liye drive karne me mujhe estimitated time kitna lagega,external_nav_navigation,,service_timing,,,,,False,hinglish,latin_hinglish,hinglish_top_test,train
Agar me mere ghar se subah ke 3 baje nikal jau to muje drive se New Orleans jane me kitna time lagega,external_nav_navigation,,service_timing,,,,,False,hinglish,latin_hinglish,hinglish_top_test,train
phoenix tak pohochne me kitna time lagta he,external_nav_navigation,,service_timing,,,,,False,hinglish,latin_hinglish,hinglish_top_test,train
Dale ke ghar se ghar tak kitna time lagega is afternoon by usual traffic ?,external_nav_navigation,,service_timing,,,,,False,hinglish,latin_hinglish,hinglish_top_train,train
seattle me travel karne ke liye sabse acha samay kya hai,external_nav_navigation,,service_timing,,,,,False,hinglish,latin_hinglish,hinglish_top_test,train
mujhe mere 6 pm ke hair appointment ke liye drive karne mei kitni der lagegi ?,external_nav_navigation,,service_timing,,,,,False,hinglish,latin_hinglish,hinglish_top_train,train
Dallas me rush hour ke samay traffic kaisa hai,external_nav_navigation,,service_timing,,,,,False,hinglish,latin_hinglish,hinglish_top_train,train
agar mai kaam se abhi niklun to dad ke pass pahunchne me kitna samay hoga,external_nav_navigation,,service_timing,,,,,False,hinglish,latin_hinglish,hinglish_top_test,train
miami se fort lauderdale jaane me mujhe kitna samay lagega,external_nav_navigation,,service_timing,,,,,False,hinglish,latin_hinglish,hinglish_top_train,train
agar mai abhi nikal ta hu to yaha se mujhe mere kaam tak pahunchne me kitna samay lagega,external_nav_navigation,,service_timing,,,,,False,hinglish,latin_hinglish,hinglish_top_test,train
Agar mai abhi nikalta hu to downtown pahunchne me kitna samay lagega?,external_nav_navigation,,service_timing,,,,,False,hinglish,latin_hinglish,hinglish_top_test,train
Mujhe school wapas aane me kitna samay lagega,external_nav_navigation,,service_timing,,,,,False,hinglish,latin_hinglish,hinglish_top_test,train
mujhe ghar se mall of america tak pahunchne me kitna samay lagega,external_nav_navigation,,service_timing,,,,,False,hinglish,latin_hinglish,hinglish_top_test,train
6pm ko ghar pahuchne par kitni der rahegi,external_nav_navigation,,service_timing,,,,,False,hinglish,latin_hinglish,hinglish_top_validation,train
Muje ghar vapas aane me kitna time lagega,external_nav_navigation,,service_timing,,,,,False,hinglish,latin_hinglish,hinglish_top_test,train
Agar mai abhi nikal jaaon to grandmas house pahunchne me kitni der lagegi,external_nav_navigation,,service_timing,,,,,False,hinglish,latin_hinglish,hinglish_top_train,train
agar mai 3:15 baje nikalta hu to AA Center ka expected arrival time kya hoga?,external_nav_navigation,,service_timing,,,,,False,hinglish,latin_hinglish,hinglish_top_test,train
route 66 ke raste ka istemal karte huye mere ghar ke liye time nikalein,external_nav_navigation,,service_timing,,,,,False,hinglish,latin_hinglish,hinglish_top_test,train
Muje bataiye ki agar me in 5 minutes me nikal jata hu to muje the elementary school pohochne me kitna time lagega,external_nav_navigation,,service_timing,,,,,False,hinglish,latin_hinglish,hinglish_top_validation,train
aaj dopahar khareeb 1 baje mujhe Buffalo se Rochester pahunchne me kitna time lagega ?,external_nav_navigation,,service_timing,,,,,False,hinglish,latin_hinglish,hinglish_top_test,train
Apple Valley tak current drive time kya hai,external_nav_navigation,,service_timing,,,,,False,hinglish,latin_hinglish,hinglish_top_train,train
Agar me 15 minutes me nikalta hu to muje John ke ghar pohochne me kitna time lagega,external_nav_navigation,,service_timing,,,,,False,hinglish,latin_hinglish,hinglish_top_test,train
Muje 8 PM ko the Jazz game tak pohochne ke liye kitne baje nikalna chahiye ?,external_nav_navigation,,service_timing,,,,,False,hinglish,latin_hinglish,hinglish_top_test,train
downtown milwaukee se wrigley field tak Saturday ka arrival time,external_nav_navigation,,service_timing,,,,,False,hinglish,latin_hinglish,hinglish_top_test,train
Muje the mall tak pohochne me kitna time lagega,external_nav_navigation,,service_timing,,,,,False,hinglish,latin_hinglish,hinglish_top_train,train
Mujhe 5 bajhe tak Goldsbro pahuchne ke liye kis time par Jacksonville se nikalna chahiye,external_nav_navigation,,service_timing,,,,,False,hinglish,latin_hinglish,hinglish_top_test,train
"Agar mai yaha se 7 p . m . ko nikal jaaon , to kya mai conference ko time par pahunch jaonga ?",external_nav_navigation,,service_timing,,,,,False,hinglish,latin_hinglish,hinglish_top_test,train
agar mai sham 7 baje nikalta hun toh aur hwy 441 par \ \ n drive karu toh mujhe Zoo ko jaane me kitna samay lagega,external_nav_navigation,,service_timing,,,,,False,hinglish,latin_hinglish,hinglish_top_train,train
Abu Qir St ka use karke Bibliotheca Alexandria tak ke liye time nikaalen,external_nav_navigation,,service_timing,,,,,False,hinglish,latin_hinglish,hinglish_top_train,train
Rabon raod pahunchne ke liye mujhe kitna samay lagega,external_nav_navigation,,service_timing,,,,,False,hinglish,latin_hinglish,hinglish_top_test,train
Yaha se the nearest mall tak ka drive time kya he,external_nav_navigation,,service_timing,,,,,False,hinglish,latin_hinglish,hinglish_top_test,train
agar mai train leta hoon toh kya mai doctor ke appointment ke liye time se pahuch jaunga ?,external_nav_navigation,,service_timing,,,,,False,hinglish,latin_hinglish,hinglish_top_train,train
118 Sunset Avenue ke liye drive karne mei kitni der lagegi,external_nav_navigation,,service_timing,,,,,False,hinglish,latin_hinglish,hinglish_top_test,train
yaha se Arizona jaane me kitna samay lagta hai,external_nav_navigation,,service_timing,,,,,False,hinglish,latin_hinglish,hinglish_top_test,train
"Agar me yaha se 6 baje nikalta hu, to me kitne baje pohchunga? orlando me",external_nav_navigation,,service_timing,,,,,False,hinglish,latin_hinglish,hinglish_top_train,train
Muje river cross karne ke liye kitna time lagega,external_nav_navigation,,service_timing,,,,,False,hinglish,latin_hinglish,hinglish_top_train,train
Agar me 15 minutes me nikalta hu to muje Chicago tak pohochne me kitna time lagega?,external_nav_navigation,,service_timing,,,,,False,hinglish,latin_hinglish,hinglish_top_test,train
mujhe sham 5 baje Renton se Lynnwood tak drive karke jane me kitna samay lagega,external_nav_navigation,,service_timing,,,,,False,hinglish,latin_hinglish,hinglish_top_test,train
shaam 6 baje se pehle HEB pahunchne ke liye mujhe school se kitne baje nikalna chahiye?,external_nav_navigation,,service_timing,,,,,False,hinglish,latin_hinglish,hinglish_top_test,train
aaj shaam ko mujhe ghar pahunchne me kitna samay lagega,external_nav_navigation,,service_timing,,,,,False,hinglish,latin_hinglish,hinglish_top_test,train
Agar mai subha 7 baje nikalta hu to Bolingbrook pahunchne me mujhe kitna samay lagega?,external_nav_navigation,,service_timing,,,,,False,hinglish,latin_hinglish,hinglish_top_test,train
Agar mai abhi nikal jaaon to job ko jaane me mujhe kitna samay lagega?,external_nav_navigation,,service_timing,,,,,False,hinglish,latin_hinglish,hinglish_top_test,train
5 pm ko meeting me pohochna he to muje kis time par nikalne ki zaroorat he,external_nav_navigation,,service_timing,,,,,False,hinglish,latin_hinglish,hinglish_top_test,train
Bismark se Sturgis Road Rally tak jaane ke liye kitni der lagegi,external_nav_navigation,,service_timing,,,,,False,hinglish,latin_hinglish,hinglish_top_test,train
mere ghar se Knoxville drive karke jaane me kitna samay lagega,external_nav_navigation,,service_timing,,,,,False,hinglish,latin_hinglish,hinglish_top_train,train
Miami se West palm tak kitni der lagegi,external_nav_navigation,,service_timing,,,,,False,hinglish,latin_hinglish,hinglish_top_validation,train
Cleveland jatay samay ka traffic,external_nav_navigation,,service_timing,,,,,False,hinglish,latin_hinglish,hinglish_top_test,train
Bellevue me ghar se Costco jaane me kitna samay lagta hai,external_nav_navigation,,service_timing,,,,,False,hinglish,latin_hinglish,hinglish_top_test,train
"Agar me abhi nikalta hu , to me museum kitne baje tak pohochunga ?",external_nav_navigation,,service_timing,,,,,False,hinglish,latin_hinglish,hinglish_top_test,train
Muje work tak pohochne me kitna time lagta he,external_nav_navigation,,service_timing,,,,,False,hinglish,latin_hinglish,hinglish_top_test,train
Sea World se Morgan's Wonderland tak drive karne me kitna samay lagsakta hai?,external_nav_navigation,,service_timing,,,,,False,hinglish,latin_hinglish,hinglish_top_test,train
"bhid bhad wale samay me sabse halka traffic kis route par hai, route 41 or 294",external_nav_navigation,,service_timing,,,,,False,hinglish,latin_hinglish,hinglish_top_test,train
Shaam 7 baje tak Grand Blvd Movies tak pohochne ke liye muje mere ghar se kitne baje tak nikalne ki zarurat he ?,external_nav_navigation,,service_timing,,,,,False,hinglish,latin_hinglish,hinglish_top_test,train
Muje sonoma tak pohoch ne me kitna time lagega,external_nav_navigation,,service_timing,,,,,False,hinglish,latin_hinglish,hinglish_top_test,train
9 pm tak Ann Arbor pohochne ke liye kitne baje nikalne ki zarurat he,external_nav_navigation,,service_timing,,,,,False,hinglish,latin_hinglish,hinglish_top_test,train
agar mai main walk karke jata hu to kya mai time par the XS concert me pahunch jaunga,external_nav_navigation,,service_timing,,,,,False,hinglish,latin_hinglish,hinglish_top_test,train
Pittsburgh mein kis samay zada traffic nae hoti hai,external_nav_navigation,,service_timing,,,,,False,hinglish,latin_hinglish,hinglish_top_train,train
mujhe aaj 154 Jane street tak pahunchne me kitna samay lagega,external_nav_navigation,,service_timing,,,,,False,hinglish,latin_hinglish,hinglish_top_test,train
Muje dopahar 12:30 ko meri doctor ki appointment milne me kitna time lagega?,external_nav_navigation,,service_timing,,,,,False,hinglish,latin_hinglish,hinglish_top_test,train
mujhe yaha se New York city drive karne ke liye kitni der lagegi,external_nav_navigation,,service_timing,,,,,False,hinglish,latin_hinglish,hinglish_top_test,train
agar mai mere ghar se abhi nikal jaoon to kya time par mai Citizen ' s Bank Park pahunchunga ?,external_nav_navigation,,service_timing,,,,,False,hinglish,latin_hinglish,hinglish_top_train,train
agar me raste me toll roads ko avoid karta hu to muje Nutley tak pohochne me kitna extra time lagega,external_nav_navigation,,service_timing,,,,,False,hinglish,latin_hinglish,hinglish_top_test,train
mujhe Aunt Beryl ke pas subah 10 baje se pehle pahunchna hai toh mujhe yaha se kitne baje niklane ki zarurat hai ?,external_nav_navigation,,service_timing,,,,,False,hinglish,latin_hinglish,hinglish_top_train,train
Ring Road ka istemal karte huye mere ghar ke liye time nikale,external_nav_navigation,,service_timing,,,,,False,hinglish,latin_hinglish,hinglish_top_validation,train
mere ghar se Crabtree Mall pohochne me kitna time lagega ?,external_nav_navigation,,service_timing,,,,,False,hinglish,latin_hinglish,hinglish_top_test,train
is dopaher kisi samay San Diego pahunchne ke liye train ke safar ke liye needed time calculate kare,external_nav_navigation,,service_timing,,,,,False,hinglish,latin_hinglish,hinglish_top_test,train
LA se Phoenix tak ka driving time kya hai,external_nav_navigation,,service_timing,,,,,False,hinglish,latin_hinglish,hinglish_top_train,train
ghar se work tak ka drive time,external_nav_navigation,,service_timing,,,,,False,hinglish,latin_hinglish,hinglish_top_test,train
Is traffic ke saath ghar pahunchne me kitna samay lagega,external_nav_navigation,,service_timing,,,,,False,hinglish,latin_hinglish,hinglish_top_test,train
This afternoon NYC pahunchne me kitni der lagegi,external_nav_navigation,,service_timing,,,,,False,hinglish,latin_hinglish,hinglish_top_validation,train
agar mai 8 am ko nikalta hu to is traffic hour me kya mai apna interview time par pahunch sakta hu,external_nav_navigation,,service_timing,,,,,False,hinglish,latin_hinglish,hinglish_top_train,train
kya mujhe downtown pahunchne me zyada samay lagega agar mai bus leta hun ya drive karke jata hun,external_nav_navigation,,service_timing,,,,,False,hinglish,latin_hinglish,hinglish_top_train,train
mujhe ghar ke liye drive karke jaane me kitna samay lagega,external_nav_navigation,,service_timing,,,,,False,hinglish,latin_hinglish,hinglish_top_test,train
Muje downtown se ghar shaam 5 baje tak pohochne me kitna time lagega?,external_nav_navigation,,service_timing,,,,,False,hinglish,latin_hinglish,hinglish_top_test,train
SR 57 ka use karke meri girlfriend Heather ke ghar ke liye time nikale .,external_nav_navigation,,service_timing,,,,,False,hinglish,latin_hinglish,hinglish_top_test,train
considering the traffic kya mai work par time se pahuch sakta hoon,external_nav_navigation,,service_timing,,,,,False,hinglish,latin_hinglish,hinglish_top_train,train
traffic congestion ka average kitne baje shuru hota hai,external_nav_navigation,,service_timing,,,,,False,hinglish,latin_hinglish,hinglish_top_test,train
Old Orchard Beach tak pohochne me kitna time lagega,external_nav_navigation,,service_timing,,,,,False,hinglish,latin_hinglish,hinglish_top_test,train
Muje dopahar ko Kentucky se Tennessee tak pohochne me kitna time lagega,external_nav_navigation,,service_timing,,,,,False,hinglish,latin_hinglish,hinglish_top_test,train
drive se grocery store jaane tak kitni der lagegi,external_nav_navigation,,service_timing,,,,,False,hinglish,latin_hinglish,hinglish_top_test,train
