place_id,source_id,source_record_id,raw_file_id,name,name_en,name_ta,alt_name,category,latitude,longitude,inside_cma,wheelchair
OSM_POI_7820652140,OSM_OVERPASS,7820652140,OSM_TRANSPORT_POIS_20260918,Shri Maruthi Multi Speciality Hospital,Shri Maruthi Multi Speciality Hospital,,,hospital,12.5104015,79.8853438,False,
OSM_POI_7820652157,OSM_OVERPASS,7820652157,OSM_TRANSPORT_POIS_20260918,Private Hospital,Private Hospital,,,hospital,12.5103701,79.8832905,False,
OSM_POI_7820652202,OSM_OVERPASS,7820652202,OSM_TRANSPORT_POIS_20260918,Dr. Chitra Hospital,Dr. Chitra Hospital,,,hospital,12.5096532,79.8875315,False,
OSM_POI_7257518731,OSM_OVERPASS,7257518731,OSM_TRANSPORT_POIS_20260918,Mother & Child Care Hospital,Mother & Child Care Hospital,,,hospital,12.5101065,79.8884224,False,
OSM_POI_7257518777,OSM_OVERPASS,7257518777,OSM_TRANSPORT_POIS_20260918,"Government Hospital, Madhuranthagam","Government Hospital, Madhuranthagam",,,hospital,12.5093491,79.8903597,False,
OSM_POI_7820652187,OSM_OVERPASS,7820652187,OSM_TRANSPORT_POIS_20260918,Sri Ramakrishna Hospital,Sri Ramakrishna Hospital,,,hospital,12.5096751,79.8895842,False,
OSM_POI_10591203117,OSM_OVERPASS,10591203117,OSM_TRANSPORT_POIS_20260918,Karunguzhi Town Panchayat,Karunguzhi Town Panchayat,,,government_office,12.5362401,79.9025834,False,
OSM_POI_3082849503,OSM_OVERPASS,3082849503,OSM_TRANSPORT_POIS_20260918,Karpaga Vinayaga Institute Of Medical Sciences,Karpaga Vinayaga Institute Of Medical Sciences,,,hospital,12.5921821,79.9129801,False,
OSM_POI_7257518666,OSM_OVERPASS,7257518666,OSM_TRANSPORT_POIS_20260918,Karpaga Vinayaga Medical College Hospital,Karpaga Vinayaga Medical College Hospital,,,hospital,12.59309,79.911265,False,
OSM_POI_7257518724,OSM_OVERPASS,7257518724,OSM_TRANSPORT_POIS_20260918,Padalam Government Hospital,Padalam Government Hospital,,,hospital,12.59136,79.950767,False,
OSM_POI_4849608923,OSM_OVERPASS,4849608923,OSM_TRANSPORT_POIS_20260918,HONDA BIKE SHOW ROOM,HONDA BIKE SHOW ROOM,,,tourist_attraction,12.5020455,80.1492585,True,
OSM_POI_7257518764,OSM_OVERPASS,7257518764,OSM_TRANSPORT_POIS_20260918,St.Mary'S Hospital,St.Mary'S Hospital,,,hospital,12.50271,80.151551,True,
OSM_POI_353073527,OSM_OVERPASS,353073527,OSM_TRANSPORT_POIS_20260918,DAE Hospital,DAE Hospital,,,hospital,12.5037319,80.159635,True,
OSM_POI_4893391921,OSM_OVERPASS,4893391921,OSM_TRANSPORT_POIS_20260918,GSO Office,GSO Office,,,government_office,12.5020223,80.1580634,True,
OSM_POI_368307280,OSM_OVERPASS,368307280,OSM_TRANSPORT_POIS_20260918,Govt Primary Health Centre,Govt Primary Health Centre,,,hospital,12.5274531,80.1631378,True,
OSM_POI_4857382121,OSM_OVERPASS,4857382121,OSM_TRANSPORT_POIS_20260918,Indura gandhi center for atomic research,Indura gandhi center for atomic research,,,government_office,12.5377083,80.163928,True,
OSM_POI_7820652160,OSM_OVERPASS,7820652160,OSM_TRANSPORT_POIS_20260918,Sri Venkateshwara Hospital,Sri Venkateshwara Hospital,,,hospital,12.5643829,80.1191531,True,
OSM_POI_314081186,OSM_OVERPASS,314081186,OSM_TRANSPORT_POIS_20260918,Hindustan Maritime Institute,Hindustan Maritime Institute,,,college,12.5496672,80.1448235,True,
OSM_POI_577328882,OSM_OVERPASS,577328882,OSM_TRANSPORT_POIS_20260918,Great Lakes Institute Of Management,Great Lakes Institute Of Management,,,college,12.5709365,80.1394538,True,
OSM_POI_7257518734,OSM_OVERPASS,7257518734,OSM_TRANSPORT_POIS_20260918,"Government Hospital, Uthiramerur","Government Hospital, Uthiramerur",,,hospital,12.61502,79.760806,False,
OSM_POI_7820652148,OSM_OVERPASS,7820652148,OSM_TRANSPORT_POIS_20260918,Anthonyammal Hospital,Anthonyammal Hospital,,,hospital,12.615871,79.758965,False,
OSM_POI_7820652195,OSM_OVERPASS,7820652195,OSM_TRANSPORT_POIS_20260918,Anandajyoti Hospitals,Anandajyoti Hospitals,,,hospital,12.6180278,79.7594709,False,
OSM_POI_6232666489,OSM_OVERPASS,6232666489,OSM_TRANSPORT_POIS_20260918,SUB REGISTRAR OFFICE KANCHIPURAM ALL,SUB REGISTRAR OFFICE KANCHIPURAM ALL,,,government_office,12.808647,79.7162861,True,
OSM_POI_7266257993,OSM_OVERPASS,7266257993,OSM_TRANSPORT_POIS_20260918,Ayanpet rural office,Ayanpet rural office,,,government_office,12.8084535,79.7571138,True,
OSM_POI_7257289021,OSM_OVERPASS,7257289021,OSM_TRANSPORT_POIS_20260918,"Goverment Hospital, Avaloor","Goverment Hospital, Avaloor",,,hospital,12.7847085,79.8034304,False,
OSM_POI_7257289040,OSM_OVERPASS,7257289040,OSM_TRANSPORT_POIS_20260918,APJ Hospital,APJ Hospital,,,hospital,12.7947227,79.8162415,True,
OSM_POI_5300479525,OSM_OVERPASS,5300479525,OSM_TRANSPORT_POIS_20260918,Government hospital,Government hospital,,,hospital,12.7939715,79.8175725,True,
OSM_POI_7266259287,OSM_OVERPASS,7266259287,OSM_TRANSPORT_POIS_20260918,Government siddha hospital,Government siddha hospital,,,hospital,12.7956393,79.8183483,True,
OSM_POI_7820652201,OSM_OVERPASS,7820652201,OSM_TRANSPORT_POIS_20260918,Mother Care Hospital,Mother Care Hospital,,,hospital,12.605737,79.921047,False,
OSM_POI_469108935,OSM_OVERPASS,469108935,OSM_TRANSPORT_POIS_20260918,Shri Andal Alagar college of Engineering,Shri Andal Alagar college of Engineering,,,college,12.6332263,79.9274322,False,
OSM_POI_469116624,OSM_OVERPASS,469116624,OSM_TRANSPORT_POIS_20260918,Pepsi boteling plant,Pepsi boteling plant,,,tourist_attraction,12.6327372,79.9306867,False,
OSM_POI_7820802388,OSM_OVERPASS,7820802388,OSM_TRANSPORT_POIS_20260918,Government Hospital,Government Hospital,,,hospital,12.675575,79.978293,True,
OSM_POI_11002504765,OSM_OVERPASS,11002504765,OSM_TRANSPORT_POIS_20260918,Office Of Divisional Engineer,Office Of Divisional Engineer,,,government_office,12.6760403,79.9772408,True,
OSM_POI_7820802389,OSM_OVERPASS,7820802389,OSM_TRANSPORT_POIS_20260918,Sri Siddhalaym Hospital,Sri Siddhalaym Hospital,,,hospital,12.6701352,79.9848253,True,
OSM_POI_11002504766,OSM_OVERPASS,11002504766,OSM_TRANSPORT_POIS_20260918,Office Of Deputy Registrar Of CoOperative Societies,Office Of Deputy Registrar Of CoOperative Societies,,,government_office,12.6787989,79.97821,True,
OSM_POI_6929359063,OSM_OVERPASS,6929359063,OSM_TRANSPORT_POIS_20260918,Beent Hospital,Beent Hospital,,,hospital,12.6882286,79.9789613,True,
OSM_POI_6933038496,OSM_OVERPASS,6933038496,OSM_TRANSPORT_POIS_20260918,J. J. Hospital,J. J. Hospital,,,hospital,12.6868496,79.9800503,True,
OSM_POI_6936339696,OSM_OVERPASS,6936339696,OSM_TRANSPORT_POIS_20260918,"Sundaram Hospital, Kanchipuram","Sundaram Hospital, Kanchipuram",,,hospital,12.6879787,79.9786127,True,
OSM_POI_7257518706,OSM_OVERPASS,7257518706,OSM_TRANSPORT_POIS_20260918,Venkatramana Hospital,Venkatramana Hospital,,,hospital,12.68966,79.979543,True,
OSM_POI_7820802404,OSM_OVERPASS,7820802404,OSM_TRANSPORT_POIS_20260918,Sai Fertility Centre and Hospital,Sai Fertility Centre and Hospital,,,hospital,12.690083,79.980058,True,
OSM_POI_7820802426,OSM_OVERPASS,7820802426,OSM_TRANSPORT_POIS_20260918,Sundaram Hospital,Sundaram Hospital,,,hospital,12.6880247,79.9789026,True,
OSM_POI_11002658418,OSM_OVERPASS,11002658418,OSM_TRANSPORT_POIS_20260918,Balaji Heart Care Center,Balaji Heart Care Center,,,hospital,12.6888627,79.980109,True,
OSM_POI_7820802351,OSM_OVERPASS,7820802351,OSM_TRANSPORT_POIS_20260918,JSP Hospital,JSP Hospital,,,hospital,12.6974472,79.9724747,True,
OSM_POI_7820802373,OSM_OVERPASS,7820802373,OSM_TRANSPORT_POIS_20260918,Filariasis Hospital,Filariasis Hospital,,,hospital,12.6954884,79.9782314,True,
OSM_POI_6930019969,OSM_OVERPASS,6930019969,OSM_TRANSPORT_POIS_20260918,JSP Hospital,JSP Hospital,,,hospital,12.6976172,79.972524,True,
OSM_POI_7820802359,OSM_OVERPASS,7820802359,OSM_TRANSPORT_POIS_20260918,Raman Hospital,Raman Hospital,,,hospital,12.6823207,79.9820549,True,
OSM_POI_7820802414,OSM_OVERPASS,7820802414,OSM_TRANSPORT_POIS_20260918,Herbo Care Herbal Hospital,Herbo Care Herbal Hospital,,,hospital,12.6818078,79.9810921,True,
OSM_POI_6929592178,OSM_OVERPASS,6929592178,OSM_TRANSPORT_POIS_20260918,Balaji Hospital (Multi Speciality Hospital Chengalpattu),Balaji Hospital (Multi Speciality Hospital Chengalpattu),,,hospital,12.6885223,79.9820948,True,
OSM_POI_7820802392,OSM_OVERPASS,7820802392,OSM_TRANSPORT_POIS_20260918,Mrk Hospital,Mrk Hospital,,,hospital,12.688846,79.98029,True,
OSM_POI_7820802423,OSM_OVERPASS,7820802423,OSM_TRANSPORT_POIS_20260918,Ezhil Siddha Hospital,Ezhil Siddha Hospital,,,hospital,12.6874169,79.9804067,True,
OSM_POI_2334799037,OSM_OVERPASS,2334799037,OSM_TRANSPORT_POIS_20260918,Railway reservation office,Railway reservation office,,,government_office,12.693172,79.9802853,True,
OSM_POI_7820802410,OSM_OVERPASS,7820802410,OSM_TRANSPORT_POIS_20260918,Bagavathy Hospital,Bagavathy Hospital,,,hospital,12.6915156,79.9808587,True,
OSM_POI_7820802419,OSM_OVERPASS,7820802419,OSM_TRANSPORT_POIS_20260918,V.K.R Piles Hospital,V.K.R Piles Hospital,,,hospital,12.691572,79.980346,True,
OSM_POI_7257518688,OSM_OVERPASS,7257518688,OSM_TRANSPORT_POIS_20260918,Kr Hospital,Kr Hospital,,,hospital,12.60357,80.057493,True,
OSM_POI_7257518739,OSM_OVERPASS,7257518739,OSM_TRANSPORT_POIS_20260918,Thirukalukundram Government hospital,Thirukalukundram Government hospital,,,hospital,12.6067021,80.0587443,True,
OSM_POI_7820652178,OSM_OVERPASS,7820652178,OSM_TRANSPORT_POIS_20260918,Vijay Hospital,Vijay Hospital,,,hospital,12.6082821,80.0577702,True,
OSM_POI_7820652150,OSM_OVERPASS,7820652150,OSM_TRANSPORT_POIS_20260918,Rotary Hospital,Rotary Hospital,,,hospital,12.6239611,80.0555686,True,
OSM_POI_7281710386,OSM_OVERPASS,7281710386,OSM_TRANSPORT_POIS_20260918,Regional transport office,Regional transport office,,,government_office,12.737093,79.9872764,True,
OSM_POI_11004625313,OSM_OVERPASS,11004625313,OSM_TRANSPORT_POIS_20260918,Paranur Hospital,Paranur Hospital,,,hospital,12.7370085,79.9883446,True,
OSM_POI_6934407826,OSM_OVERPASS,6934407826,OSM_TRANSPORT_POIS_20260918,Muthu Ganapathy Hospital,Muthu Ganapathy Hospital,,,hospital,12.7595919,80.0053301,True,
OSM_POI_6936695102,OSM_OVERPASS,6936695102,OSM_TRANSPORT_POIS_20260918,Sree Sakthi Hospital,Sree Sakthi Hospital,,,hospital,12.7605506,80.0025071,True,
OSM_POI_7257289122,OSM_OVERPASS,7257289122,OSM_TRANSPORT_POIS_20260918,Sakthi Hospital,Sakthi Hospital,,,hospital,12.76057,80.002486,True,
OSM_POI_7820802374,OSM_OVERPASS,7820802374,OSM_TRANSPORT_POIS_20260918,Sri Venkateshwara Hospital,Sri Venkateshwara Hospital,,,hospital,12.7618855,80.002589,True,
OSM_POI_7820802376,OSM_OVERPASS,7820802376,OSM_TRANSPORT_POIS_20260918,Sri Balaji Hospital,Sri Balaji Hospital,,,hospital,12.7607913,80.0037308,True,
OSM_POI_7820802367,OSM_OVERPASS,7820802367,OSM_TRANSPORT_POIS_20260918,Sulaiman Memorial Dental and Child Care,Sulaiman Memorial Dental and Child Care,,,hospital,12.7638952,80.0039609,True,
OSM_POI_7994263185,OSM_OVERPASS,7994263185,OSM_TRANSPORT_POIS_20260918,Sulaiman Memorial,Sulaiman Memorial,,,hospital,12.7638244,80.0039198,True,
OSM_POI_7820802350,OSM_OVERPASS,7820802350,OSM_TRANSPORT_POIS_20260918,Arokia Annai Hospital,Arokia Annai Hospital,,,hospital,12.7560995,80.0091891,True,
OSM_POI_7820802425,OSM_OVERPASS,7820802425,OSM_TRANSPORT_POIS_20260918,Sanjeevi Health Care,Sanjeevi Health Care,,,hospital,12.786869,80.014689,True,
OSM_POI_7820802398,OSM_OVERPASS,7820802398,OSM_TRANSPORT_POIS_20260918,Naveen Hospital,Naveen Hospital,,,hospital,12.7935765,80.0270741,True,
OSM_POI_6933010476,OSM_OVERPASS,6933010476,OSM_TRANSPORT_POIS_20260918,J.S. Hospital,J.S. Hospital,,,hospital,12.7995425,80.0237341,True,
OSM_POI_7257289035,OSM_OVERPASS,7257289035,OSM_TRANSPORT_POIS_20260918,Vanavil Medical Centre,Vanavil Medical Centre,,,hospital,12.7988384,80.0239066,True,
OSM_POI_7820802394,OSM_OVERPASS,7820802394,OSM_TRANSPORT_POIS_20260918,Nirahhs Health Centre,Nirahhs Health Centre,,,hospital,12.7990975,80.0241996,True,
OSM_POI_7820802408,OSM_OVERPASS,7820802408,OSM_TRANSPORT_POIS_20260918,Akshaya Sida Hospital,Akshaya Sida Hospital,,,hospital,12.7962013,80.022447,True,
OSM_POI_7820802427,OSM_OVERPASS,7820802427,OSM_TRANSPORT_POIS_20260918,SRM Urban Health Centre,SRM Urban Health Centre,,,hospital,12.7998826,80.0241862,True,
OSM_POI_5302898127,OSM_OVERPASS,5302898127,OSM_TRANSPORT_POIS_20260918,Medi care hispital,Medi care hispital,,,hospital,12.8283076,79.7038043,True,
OSM_POI_7257289078,OSM_OVERPASS,7257289078,OSM_TRANSPORT_POIS_20260918,Senthil Maternity Centre,Senthil Maternity Centre,,,hospital,12.8240725,79.7027152,True,
OSM_POI_7820443295,OSM_OVERPASS,7820443295,OSM_TRANSPORT_POIS_20260918,Karthigai Centre for Mental Health Care,Karthigai Centre for Mental Health Care,,,hospital,12.8242383,79.7018995,True,
OSM_POI_1238733084,OSM_OVERPASS,1238733084,OSM_TRANSPORT_POIS_20260918,Dr. Nathaji Nursing Home,Dr. Nathaji Nursing Home,,,hospital,12.8302996,79.7031901,True,
OSM_POI_1470793341,OSM_OVERPASS,1470793341,OSM_TRANSPORT_POIS_20260918,Balasubramaniam Vengudi Hospital,Balasubramaniam Vengudi Hospital,,,hospital,12.8307101,79.7035972,True,
OSM_POI_6914927101,OSM_OVERPASS,6914927101,OSM_TRANSPORT_POIS_20260918,Sri D.K.K. Hospital,Sri D.K.K. Hospital,,,hospital,12.8339674,79.704051,True,
OSM_POI_6933291839,OSM_OVERPASS,6933291839,OSM_TRANSPORT_POIS_20260918,"Vasan Eye Care Hospital, Pachaiyappan","Vasan Eye Care Hospital, Pachaiyappan",,,hospital,12.8308723,79.7032356,True,
OSM_POI_6936696190,OSM_OVERPASS,6936696190,OSM_TRANSPORT_POIS_20260918,V.S.R Ortho Hospital,V.S.R Ortho Hospital,,,hospital,12.8328233,79.7036849,True,
OSM_POI_7820443291,OSM_OVERPASS,7820443291,OSM_TRANSPORT_POIS_20260918,AKG Maternity and Fertility Centre,AKG Maternity and Fertility Centre,,,hospital,12.8345687,79.7029989,True,
OSM_POI_7820443304,OSM_OVERPASS,7820443304,OSM_TRANSPORT_POIS_20260918,Sri Ne Hospital,Sri Ne Hospital,,,hospital,12.8246378,79.707055,True,
OSM_POI_7820443327,OSM_OVERPASS,7820443327,OSM_TRANSPORT_POIS_20260918,Bone Care Hospital,Bone Care Hospital,,,hospital,12.8253797,79.7076101,True,
OSM_POI_7820443344,OSM_OVERPASS,7820443344,OSM_TRANSPORT_POIS_20260918,Adara Kerala Ayurveda,Adara Kerala Ayurveda,,,hospital,12.8239875,79.7066801,True,
OSM_POI_7820443356,OSM_OVERPASS,7820443356,OSM_TRANSPORT_POIS_20260918,AKG Fertility Centre,AKG Fertility Centre,,,hospital,12.8251564,79.7073067,True,
OSM_POI_7257289074,OSM_OVERPASS,7257289074,OSM_TRANSPORT_POIS_20260918,Life Care Hospital,Life Care Hospital,,,hospital,12.8339602,79.7112432,True,
OSM_POI_7257289115,OSM_OVERPASS,7257289115,OSM_TRANSPORT_POIS_20260918,Emmess Women Care Centre,Emmess Women Care Centre,,,hospital,12.8352114,79.7106784,True,
OSM_POI_7257289118,OSM_OVERPASS,7257289118,OSM_TRANSPORT_POIS_20260918,"Government Hospital, Kancheepuram","Government Hospital, Kancheepuram",,,hospital,12.83311,79.710257,True,
OSM_POI_7820443351,OSM_OVERPASS,7820443351,OSM_TRANSPORT_POIS_20260918,"Herbocare Hospital, Kanchipuram","Herbocare Hospital, Kanchipuram",,,hospital,12.8345759,79.7130055,True,
OSM_POI_6916079972,OSM_OVERPASS,6916079972,OSM_TRANSPORT_POIS_20260918,Adi Bhagavatpada Cardiac and Dialysis Hospital,Adi Bhagavatpada Cardiac and Dialysis Hospital,,,hospital,12.8396162,79.7035508,True,
OSM_POI_6934052357,OSM_OVERPASS,6934052357,OSM_TRANSPORT_POIS_20260918,"Dr Agarwals Eye Hospital Ltd, Indira Gandhi Road","Dr Agarwals Eye Hospital Ltd, Indira Gandhi Road",,,hospital,12.8379804,79.7024471,True,
OSM_POI_7257289137,OSM_OVERPASS,7257289137,OSM_TRANSPORT_POIS_20260918,Lakshmi Hospital,Lakshmi Hospital,,,hospital,12.838737,79.7020262,True,
OSM_POI_7820443353,OSM_OVERPASS,7820443353,OSM_TRANSPORT_POIS_20260918,Sri Sankara Hospital,Sri Sankara Hospital,,,hospital,12.8396788,79.7034733,True,
OSM_POI_7820443302,OSM_OVERPASS,7820443302,OSM_TRANSPORT_POIS_20260918,Sunflower Siddha Hospital for Skin and Fertility,Sunflower Siddha Hospital for Skin and Fertility,,,hospital,12.8419147,79.7042481,True,
OSM_POI_6929737161,OSM_OVERPASS,6929737161,OSM_TRANSPORT_POIS_20260918,Csi Multi Speciality Hospital,Csi Multi Speciality Hospital,,,hospital,12.8353173,79.7070212,True,
OSM_POI_7820443343,OSM_OVERPASS,7820443343,OSM_TRANSPORT_POIS_20260918,Sivananda Siddha Hospital,Sivananda Siddha Hospital,,,hospital,12.8354377,79.7075758,True,
OSM_POI_7820443345,OSM_OVERPASS,7820443345,OSM_TRANSPORT_POIS_20260918,M.S.D Hospital,M.S.D Hospital,,,hospital,12.837496,79.7069417,True,
OSM_POI_7820443352,OSM_OVERPASS,7820443352,OSM_TRANSPORT_POIS_20260918,Dr. Natarajan Speciality Hospital and Kidney Care Centre,Dr. Natarajan Speciality Hospital and Kidney Care Centre,,,hospital,12.8375268,79.7077525,True,
OSM_POI_7820443355,OSM_OVERPASS,7820443355,OSM_TRANSPORT_POIS_20260918,VKJ Hospital,VKJ Hospital,,,hospital,12.8365745,79.7052662,True,
OSM_POI_7820443363,OSM_OVERPASS,7820443363,OSM_TRANSPORT_POIS_20260918,Dr. Kamakshi Memorial Hospital,Dr. Kamakshi Memorial Hospital,,,hospital,12.8358681,79.7077257,True,
OSM_POI_6936318715,OSM_OVERPASS,6936318715,OSM_TRANSPORT_POIS_20260918,Manohar General Hospital,Manohar General Hospital,,,hospital,12.8358582,79.7118127,True,
OSM_POI_6914927087,OSM_OVERPASS,6914927087,OSM_TRANSPORT_POIS_20260918,Meenakshi Medl College Hospital,Meenakshi Medl College Hospital,,,hospital,12.8725096,79.7230338,True,
OSM_POI_7820652165,OSM_OVERPASS,7820652165,OSM_TRANSPORT_POIS_20260918,Bon Secours Hospital,Bon Secours Hospital,,,hospital,12.9322908,79.8742851,True,
OSM_POI_7820652136,OSM_OVERPASS,7820652136,OSM_TRANSPORT_POIS_20260918,Pandiyan Hospital,Pandiyan Hospital,,,hospital,12.9256426,79.8814855,True,
OSM_POI_7820652144,OSM_OVERPASS,7820652144,OSM_TRANSPORT_POIS_20260918,Sagundaladevi Hospital,Sagundaladevi Hospital,,,hospital,12.9252156,79.8769385,True,
OSM_POI_7820652149,OSM_OVERPASS,7820652149,OSM_TRANSPORT_POIS_20260918,Shanmuga Hospital,Shanmuga Hospital,,,hospital,12.9257633,79.8797713,True,
OSM_POI_7820652156,OSM_OVERPASS,7820652156,OSM_TRANSPORT_POIS_20260918,Shifa Hospital,Shifa Hospital,,,hospital,12.929514,79.875752,True,
OSM_POI_7820652163,OSM_OVERPASS,7820652163,OSM_TRANSPORT_POIS_20260918,Sri Devi Hospital,Sri Devi Hospital,,,hospital,12.9279755,79.877669,True,
OSM_POI_5427941223,OSM_OVERPASS,5427941223,OSM_TRANSPORT_POIS_20260918,Delfingen India Chennai,Delfingen India Chennai,,,general_poi,12.8332171,79.9137924,True,
OSM_POI_3029387357,OSM_OVERPASS,3029387357,OSM_TRANSPORT_POIS_20260918,Sri Krishna Engineering College,Sri Krishna Engineering College,,,college,12.8641206,79.973316,True,
OSM_POI_3029365065,OSM_OVERPASS,3029365065,OSM_TRANSPORT_POIS_20260918,HIET Polytechnic College,HIET Polytechnic College,,,college,12.8645028,79.991994,True,
OSM_POI_6934737010,OSM_OVERPASS,6934737010,OSM_TRANSPORT_POIS_20260918,Srm Medical College Hospital And Research Centre,Srm Medical College Hospital And Research Centre,,,hospital,12.8210402,80.0479585,True,
OSM_POI_12712993989,OSM_OVERPASS,12712993989,OSM_TRANSPORT_POIS_20260918,SRM University Building,SRM University Building,,,university,12.8233083,80.0424496,True,
OSM_POI_7820874223,OSM_OVERPASS,7820874223,OSM_TRANSPORT_POIS_20260918,Thangam Hospital,Thangam Hospital,,,hospital,12.8400457,80.0560074,True,
OSM_POI_7257289045,OSM_OVERPASS,7257289045,OSM_TRANSPORT_POIS_20260918,K.R. Hospital,K.R. Hospital,,,hospital,12.842395,80.0576052,True,
OSM_POI_7820874232,OSM_OVERPASS,7820874232,OSM_TRANSPORT_POIS_20260918,"Rishika Ortho, Spine and Joint Speciality Centre","Rishika Ortho, Spine and Joint Speciality Centre",,,hospital,12.8441025,80.0587314,True,
OSM_POI_7820874280,OSM_OVERPASS,7820874280,OSM_TRANSPORT_POIS_20260918,K.S. Child Care Hospital,K.S. Child Care Hospital,,,hospital,12.8427807,80.0574582,True,
OSM_POI_7820874227,OSM_OVERPASS,7820874227,OSM_TRANSPORT_POIS_20260918,Suriya Ayurveda Hospital,Suriya Ayurveda Hospital,,,hospital,12.8588635,80.0560942,True,
OSM_POI_7820874226,OSM_OVERPASS,7820874226,OSM_TRANSPORT_POIS_20260918,G.V. Hospital,G.V. Hospital,,,hospital,12.8143321,80.0770019,True,
OSM_POI_7820874255,OSM_OVERPASS,7820874255,OSM_TRANSPORT_POIS_20260918,Arokya Hospital,Arokya Hospital,,,hospital,12.8319745,80.0708395,True,
OSM_POI_7820874268,OSM_OVERPASS,7820874268,OSM_TRANSPORT_POIS_20260918,Deepam Hospital,Deepam Hospital,,,hospital,12.8471514,80.0632047,True,
OSM_POI_7257289034,OSM_OVERPASS,7257289034,OSM_TRANSPORT_POIS_20260918,Christhudass Hospital,Christhudass Hospital,,,hospital,12.8515647,80.0666869,True,
OSM_POI_7820874248,OSM_OVERPASS,7820874248,OSM_TRANSPORT_POIS_20260918,Magna Open Health Service,Magna Open Health Service,,,hospital,12.8576412,80.0694728,True,
OSM_POI_7820874203,OSM_OVERPASS,7820874203,OSM_TRANSPORT_POIS_20260918,Arokya Annai Hospital,Arokya Annai Hospital,,,hospital,12.8467495,80.0869154,True,
OSM_POI_10128130411,OSM_OVERPASS,10128130411,OSM_TRANSPORT_POIS_20260918,Aran Empire Private Limited,Aran Empire Private Limited,,,general_poi,12.8822273,80.0163621,True,
OSM_POI_7820652147,OSM_OVERPASS,7820652147,OSM_TRANSPORT_POIS_20260918,ESI Hospital,ESI Hospital,,,hospital,12.8875617,80.0237609,True,
OSM_POI_7820652164,OSM_OVERPASS,7820652164,OSM_TRANSPORT_POIS_20260918,Robust Health Care Centre,Robust Health Care Centre,,,hospital,12.8870998,80.0250194,True,
OSM_POI_7820652169,OSM_OVERPASS,7820652169,OSM_TRANSPORT_POIS_20260918,Saravana Hospital,Saravana Hospital,,,hospital,12.8870832,80.0243038,True,
OSM_POI_7820652193,OSM_OVERPASS,7820652193,OSM_TRANSPORT_POIS_20260918,Saradha Hospital,Saradha Hospital,,,hospital,12.8875885,80.0243868,True,
OSM_POI_6926113511,OSM_OVERPASS,6926113511,OSM_TRANSPORT_POIS_20260918,Sayee Hospitals,Sayee Hospitals,,,hospital,12.8881721,80.0259362,True,
OSM_POI_7820874263,OSM_OVERPASS,7820874263,OSM_TRANSPORT_POIS_20260918,Arokia Annai Hospital,Arokia Annai Hospital,,,hospital,12.8678478,80.0648625,True,
OSM_POI_7820874220,OSM_OVERPASS,7820874220,OSM_TRANSPORT_POIS_20260918,Nithya Gurru Hospital,Nithya Gurru Hospital,,,hospital,12.867641,80.0760446,True,
OSM_POI_7820874288,OSM_OVERPASS,7820874288,OSM_TRANSPORT_POIS_20260918,Thalir Hospital,Thalir Hospital,,,hospital,12.8662405,80.0780594,True,
OSM_POI_7820874289,OSM_OVERPASS,7820874289,OSM_TRANSPORT_POIS_20260918,Hosanna Hospital,Hosanna Hospital,,,hospital,12.8694008,80.0829085,True,
OSM_POI_7820874285,OSM_OVERPASS,7820874285,OSM_TRANSPORT_POIS_20260918,Sri Multi Speciality Homeopathy Clinic,Sri Multi Speciality Homeopathy Clinic,,,hospital,12.8820866,80.0765632,True,
OSM_POI_6717776487,OSM_OVERPASS,6717776487,OSM_TRANSPORT_POIS_20260918,Landmark placements,Landmark placements,,,general_poi,12.8928975,80.0644604,True,
OSM_POI_13011503001,OSM_OVERPASS,13011503001,OSM_TRANSPORT_POIS_20260918,Gateway Office Parks,Gateway Office Parks,,,general_poi,12.8996673,80.0923663,True,
OSM_POI_13011503802,OSM_OVERPASS,13011503802,OSM_TRANSPORT_POIS_20260918,Sutherland Global Services,Sutherland Global Services,,,general_poi,12.9004955,80.0928012,True,
OSM_POI_13011515701,OSM_OVERPASS,13011515701,OSM_TRANSPORT_POIS_20260918,Accenture,Accenture,,,general_poi,12.8989934,80.0916078,True,
OSM_POI_6172396485,OSM_OVERPASS,6172396485,OSM_TRANSPORT_POIS_20260918,Parveen travels,Parveen travels,,,general_poi,12.9066387,80.0968715,True,
OSM_POI_7820874240,OSM_OVERPASS,7820874240,OSM_TRANSPORT_POIS_20260918,Sri Kamatchi Hospital,Sri Kamatchi Hospital,,,hospital,12.9050035,80.0929742,True,
OSM_POI_7820874260,OSM_OVERPASS,7820874260,OSM_TRANSPORT_POIS_20260918,Saradha Hospital,Saradha Hospital,,,hospital,12.9080949,80.0926779,True,
OSM_POI_7820874287,OSM_OVERPASS,7820874287,OSM_TRANSPORT_POIS_20260918,Sri Raghav Child Care Centre,Sri Raghav Child Care Centre,,,hospital,12.911081,80.0964005,True,
OSM_POI_6936684362,OSM_OVERPASS,6936684362,OSM_TRANSPORT_POIS_20260918,Deepika Eye Care Hospital,Deepika Eye Care Hospital,,,hospital,12.9512057,79.9389294,True,
OSM_POI_7257421530,OSM_OVERPASS,7257421530,OSM_TRANSPORT_POIS_20260918,Pandian Hospital,Pandian Hospital,,,hospital,12.9654914,79.9452452,True,
OSM_POI_7210925002,OSM_OVERPASS,7210925002,OSM_TRANSPORT_POIS_20260918,Sri Devi Hospital,Sri Devi Hospital,,,hospital,12.9672419,79.9456429,True,
OSM_POI_7820652138,OSM_OVERPASS,7820652138,OSM_TRANSPORT_POIS_20260918,MPS Paediatric Health Care Centre,MPS Paediatric Health Care Centre,,,hospital,12.9691309,79.9452782,True,
OSM_POI_7820652174,OSM_OVERPASS,7820652174,OSM_TRANSPORT_POIS_20260918,Sri Sharada Hospital,Sri Sharada Hospital,,,hospital,12.9672732,79.9467967,True,
OSM_POI_7820652196,OSM_OVERPASS,7820652196,OSM_TRANSPORT_POIS_20260918,Hitech Hospital,Hitech Hospital,,,hospital,12.9697594,79.9424188,True,
OSM_POI_6933514302,OSM_OVERPASS,6933514302,OSM_TRANSPORT_POIS_20260918,"Jaya Hospital, Chennai","Jaya Hospital, Chennai",,,hospital,12.9701785,79.9520655,True,
OSM_POI_6936709111,OSM_OVERPASS,6936709111,OSM_TRANSPORT_POIS_20260918,Kshetropasna Medical Trust Ayurveda Hospital,Kshetropasna Medical Trust Ayurveda Hospital,,,hospital,12.9830693,79.9379463,True,
OSM_POI_7257421570,OSM_OVERPASS,7257421570,OSM_TRANSPORT_POIS_20260918,Annaii Medical College & Hospital,Annaii Medical College & Hospital,,,hospital,12.97103,79.976397,True,
OSM_POI_12286415201,OSM_OVERPASS,12286415201,OSM_TRANSPORT_POIS_20260918,TMTE Metal Tech Private Limited (DONRACKS),TMTE Metal Tech Private Limited (DONRACKS),,,general_poi,12.9749102,79.9783105,True,
OSM_POI_12286415301,OSM_OVERPASS,12286415301,OSM_TRANSPORT_POIS_20260918,TMTE Metal Tech Private Limited (DONRACKS),TMTE Metal Tech Private Limited (DONRACKS),,,general_poi,12.9750787,79.9782242,True,
OSM_POI_247432808,OSM_OVERPASS,247432808,OSM_TRANSPORT_POIS_20260918,Sri Venkateswara College of Engineering - SVCE,Sri Venkateswara College of Engineering - SVCE,,,college,12.9864437,79.9717629,True,
OSM_POI_454193658,OSM_OVERPASS,454193658,OSM_TRANSPORT_POIS_20260918,Research and Deevelopment,Research and Deevelopment,,,college,12.9888607,79.9711278,True,
OSM_POI_454194685,OSM_OVERPASS,454194685,OSM_TRANSPORT_POIS_20260918,Workshop,Workshop,,,college,12.9885262,79.9716513,True,
OSM_POI_454194870,OSM_OVERPASS,454194870,OSM_TRANSPORT_POIS_20260918,Workshop,Workshop,,,college,12.9884426,79.972338,True,
OSM_POI_454195125,OSM_OVERPASS,454195125,OSM_TRANSPORT_POIS_20260918,Computer Science,Computer Science,,,college,12.9874229,79.9730427,True,
OSM_POI_454195129,OSM_OVERPASS,454195129,OSM_TRANSPORT_POIS_20260918,Mechanical,Mechanical,,,college,12.9877986,79.9727414,True,
OSM_POI_454195516,OSM_OVERPASS,454195516,OSM_TRANSPORT_POIS_20260918,Applied Science,Applied Science,,,college,12.9871211,79.9726813,True,
OSM_POI_454195584,OSM_OVERPASS,454195584,OSM_TRANSPORT_POIS_20260918,Electronics,Electronics,,,college,12.9874306,79.9723723,True,
OSM_POI_454195601,OSM_OVERPASS,454195601,OSM_TRANSPORT_POIS_20260918,Chemical,Chemical,,,college,12.9878153,79.9722092,True,
OSM_POI_454195953,OSM_OVERPASS,454195953,OSM_TRANSPORT_POIS_20260918,MCA,MCA,,,college,12.9872298,79.9725783,True,
OSM_POI_454196897,OSM_OVERPASS,454196897,OSM_TRANSPORT_POIS_20260918,Administration,Administration,,,college,12.9869873,79.9720461,True,
OSM_POI_454201394,OSM_OVERPASS,454201394,OSM_TRANSPORT_POIS_20260918,Marine,Marine,,,college,12.9877902,79.9714711,True,
OSM_POI_454201424,OSM_OVERPASS,454201424,OSM_TRANSPORT_POIS_20260918,Workshop,Workshop,,,college,12.9878404,79.9711192,True,
OSM_POI_454201428,OSM_OVERPASS,454201428,OSM_TRANSPORT_POIS_20260918,Workshop,Workshop,,,college,12.9878738,79.9718659,True,
OSM_POI_454201440,OSM_OVERPASS,454201440,OSM_TRANSPORT_POIS_20260918,Biotechnology,Biotechnology,,,college,12.9873176,79.9714898,True,
OSM_POI_454205428,OSM_OVERPASS,454205428,OSM_TRANSPORT_POIS_20260918,Information Technology,Information Technology,,,college,12.9870716,79.973147,True,
OSM_POI_454207145,OSM_OVERPASS,454207145,OSM_TRANSPORT_POIS_20260918,CRB3,CRB3,,,college,12.9880407,79.9727033,True,
OSM_POI_454207263,OSM_OVERPASS,454207263,OSM_TRANSPORT_POIS_20260918,CRB1,CRB1,,,college,12.986636,79.972398,True,
OSM_POI_454207328,OSM_OVERPASS,454207328,OSM_TRANSPORT_POIS_20260918,CRB2,CRB2,,,college,12.9868033,79.9725869,True,
OSM_POI_7953367185,OSM_OVERPASS,7953367185,OSM_TRANSPORT_POIS_20260918,கிராம நிர்வாக அலுவலர் தண்டலம்,Village Administrator Office Thandalam,,,government_office,13.0144791,80.0035929,True,
OSM_POI_7820652166,OSM_OVERPASS,7820652166,OSM_TRANSPORT_POIS_20260918,Rehoboth Healthcare Centre,Rehoboth Healthcare Centre,,,hospital,12.949675,80.036597,True,
OSM_POI_7820874249,OSM_OVERPASS,7820874249,OSM_TRANSPORT_POIS_20260918,Mahesh Hospital,Mahesh Hospital,,,hospital,12.9178607,80.0590957,True,
OSM_POI_7257289020,OSM_OVERPASS,7257289020,OSM_TRANSPORT_POIS_20260918,Samyuktaa Maternity Hospital,Samyuktaa Maternity Hospital,,,hospital,12.9174209,80.0801055,True,
OSM_POI_11508076589,OSM_OVERPASS,11508076589,OSM_TRANSPORT_POIS_20260918,Utimax Industrial Solutions Pvt Ltd,Utimax Industrial Solutions Pvt Ltd,,,general_poi,12.9187506,80.0902223,True,
OSM_POI_6914768062,OSM_OVERPASS,6914768062,OSM_TRANSPORT_POIS_20260918,Mano Hospital,Mano Hospital,,,hospital,12.9223261,80.0961417,True,
OSM_POI_7821906837,OSM_OVERPASS,7821906837,OSM_TRANSPORT_POIS_20260918,LPR Hospital,LPR Hospital,,,hospital,12.923229,80.097237,True,
OSM_POI_7257289126,OSM_OVERPASS,7257289126,OSM_TRANSPORT_POIS_20260918,Bethesda Medical Mission Hospital,Bethesda Medical Mission Hospital,,,hospital,12.92622,80.102998,True,
OSM_POI_7821906842,OSM_OVERPASS,7821906842,OSM_TRANSPORT_POIS_20260918,Sarjana Hospital,Sarjana Hospital,,,hospital,12.9264853,80.1026633,True,
OSM_POI_7821906862,OSM_OVERPASS,7821906862,OSM_TRANSPORT_POIS_20260918,Children Care Centre,Children Care Centre,,,hospital,12.9261301,80.1059731,True,
OSM_POI_7821906866,OSM_OVERPASS,7821906866,OSM_TRANSPORT_POIS_20260918,Arul Hospital,Arul Hospital,,,hospital,12.925426,80.10622,True,
OSM_POI_7821906869,OSM_OVERPASS,7821906869,OSM_TRANSPORT_POIS_20260918,Apollo Hospital,Apollo Hospital,,,hospital,12.9243823,80.1061223,True,
OSM_POI_7821906871,OSM_OVERPASS,7821906871,OSM_TRANSPORT_POIS_20260918,Parvathy Ortho Hospital,Parvathy Ortho Hospital,,,hospital,12.9264209,80.1078215,True,
OSM_POI_7821906906,OSM_OVERPASS,7821906906,OSM_TRANSPORT_POIS_20260918,Rajarajan Venkateshan Hospital,Rajarajan Venkateshan Hospital,,,hospital,12.9261078,80.1060872,True,
OSM_POI_3032399574,OSM_OVERPASS,3032399574,OSM_TRANSPORT_POIS_20260918,Eureka Associates,Eureka Associates,,,general_poi,12.9276164,80.1078797,True,
OSM_POI_7821906907,OSM_OVERPASS,7821906907,OSM_TRANSPORT_POIS_20260918,Dhanwanthralaya Ayurveda Speciality Hospital,Dhanwanthralaya Ayurveda Speciality Hospital,,,hospital,12.9309721,80.1071121,True,
OSM_POI_7820652152,OSM_OVERPASS,7820652152,OSM_TRANSPORT_POIS_20260918,R.K. Hospital,R.K. Hospital,,,hospital,12.982638,80.015081,True,
OSM_POI_7823212578,OSM_OVERPASS,7823212578,OSM_TRANSPORT_POIS_20260918,Gunam Hospital,Gunam Hospital,,,hospital,12.9789547,80.0536595,True,
OSM_POI_3509696275,OSM_OVERPASS,3509696275,OSM_TRANSPORT_POIS_20260918,chokhi Dhani,chokhi Dhani,,,tourist_attraction,13.011706,80.008949,True,
OSM_POI_7823212569,OSM_OVERPASS,7823212569,OSM_TRANSPORT_POIS_20260918,Sri Jaya Hospital,Sri Jaya Hospital,,,hospital,12.9981038,80.0955575,True,
OSM_POI_7823212577,OSM_OVERPASS,7823212577,OSM_TRANSPORT_POIS_20260918,Sivanthi Heart Care,Sivanthi Heart Care,,,hospital,12.997158,80.0965483,True,
OSM_POI_7823212608,OSM_OVERPASS,7823212608,OSM_TRANSPORT_POIS_20260918,Dr. JRK Hospital,Dr. JRK Hospital,,,hospital,12.9971757,80.0978782,True,
OSM_POI_7257421533,OSM_OVERPASS,7257421533,OSM_TRANSPORT_POIS_20260918,Sri Muthukumaran Medical College Hospital & Research Institute,Sri Muthukumaran Medical College Hospital & Research Institute,,,hospital,13.01822,80.108873,True,
OSM_POI_7257518761,OSM_OVERPASS,7257518761,OSM_TRANSPORT_POIS_20260918,"Government Hospital, Mahabalipuram","Government Hospital, Mahabalipuram",,,hospital,12.61773,80.180966,True,
OSM_POI_12137680245,OSM_OVERPASS,12137680245,OSM_TRANSPORT_POIS_20260918,"Mahabalipuram Beach, Tamil nadu","Mahabalipuram Beach, Tamil nadu",,,beach,12.6091532,80.1959796,True,
OSM_POI_353978517,OSM_OVERPASS,353978517,OSM_TRANSPORT_POIS_20260918,Ramanuja Mandapam,Ramanuja Mandapam,ராமானுஜ மண்டபம்,,tourist_attraction,12.6165678,80.1918429,True,
OSM_POI_353978523,OSM_OVERPASS,353978523,OSM_TRANSPORT_POIS_20260918,Arjuna's Penance,Arjuna's Penance,அர்ச்சுனன் தபசு,,tourist_attraction,12.6179087,80.1926969,True,
OSM_POI_353978532,OSM_OVERPASS,353978532,OSM_TRANSPORT_POIS_20260918,Varaha Mandapam / Cave,Varaha Mandapam / Cave,மாமல்லபுரம் வராக மண்டபம்,,tourist_attraction,12.6180857,80.1922234,True,
OSM_POI_353978541,OSM_OVERPASS,353978541,OSM_TRANSPORT_POIS_20260918,Mahishamadhini Cave,Mahishamadhini Cave,மகிடாசுரமர்த்தினி மண்டபம்,,tourist_attraction,12.6152265,80.1915388,True,
OSM_POI_2334799039,OSM_OVERPASS,2334799039,OSM_TRANSPORT_POIS_20260918,Suradeep Hospital,Suradeep Hospital,,,hospital,12.6178199,80.1950156,True,
OSM_POI_5511537906,OSM_OVERPASS,5511537906,OSM_TRANSPORT_POIS_20260918,Arunjas Penance Model,Arunjas Penance Model,,,tourist_attraction,12.6151119,80.1922604,True,
OSM_POI_5517871828,OSM_OVERPASS,5517871828,OSM_TRANSPORT_POIS_20260918,Dharmaraja Mandapam,Dharmaraja Mandapam,,,tourist_attraction,12.6147635,80.1916985,True,
OSM_POI_5517872769,OSM_OVERPASS,5517872769,OSM_TRANSPORT_POIS_20260918,Five Celled Rock Cave,Five Celled Rock Cave,,,tourist_attraction,12.6185549,80.1913387,True,
OSM_POI_5517874190,OSM_OVERPASS,5517874190,OSM_TRANSPORT_POIS_20260918,Keneri Mandapam,Keneri Mandapam,,,tourist_attraction,12.6186059,80.1913696,True,
OSM_POI_5679713257,OSM_OVERPASS,5679713257,OSM_TRANSPORT_POIS_20260918,Panchapandava Mandapam,Panchapandava Mandapam,பஞ்சபாண்டவ மண்டபம்,,tourist_attraction,12.6176455,80.1926301,True,
OSM_POI_5685948849,OSM_OVERPASS,5685948849,OSM_TRANSPORT_POIS_20260918,Olakkannesvara Temple,Olakkannesvara Temple,,,tourist_attraction,12.614924,80.1916726,True,
OSM_POI_7065879294,OSM_OVERPASS,7065879294,OSM_TRANSPORT_POIS_20260918,Archaeological Survey of India,Archaeological Survey of India,,,government_office,12.6152401,80.1933919,True,
OSM_POI_7246575985,OSM_OVERPASS,7246575985,OSM_TRANSPORT_POIS_20260918,South Entrance,South Entrance,,,tourist_attraction,12.6141797,80.1912288,True,
OSM_POI_5517872608,OSM_OVERPASS,5517872608,OSM_TRANSPORT_POIS_20260918,Tirmurthy Cave,Tirmurthy Cave,,,tourist_attraction,12.6197938,80.1926528,True,
OSM_POI_5517872748,OSM_OVERPASS,5517872748,OSM_TRANSPORT_POIS_20260918,Kodikal Mandapam,Kodikal Mandapam,,,tourist_attraction,12.619747,80.1922279,True,
OSM_POI_7820652205,OSM_OVERPASS,7820652205,OSM_TRANSPORT_POIS_20260918,Moorthy Hospital,Moorthy Hospital,,,hospital,12.6207093,80.1920299,True,
OSM_POI_4453036789,OSM_OVERPASS,4453036789,OSM_TRANSPORT_POIS_20260918,Mumu Surf Club,Mumu Surf Club,,,tourist_attraction,12.6197166,80.1982112,True,
OSM_POI_13078006569,OSM_OVERPASS,13078006569,OSM_TRANSPORT_POIS_20260918,Retro Surf Club,Retro Surf Club,,,tourist_attraction,12.6193203,80.1973814,True,
OSM_POI_7820652158,OSM_OVERPASS,7820652158,OSM_TRANSPORT_POIS_20260918,Varam Health Care,Varam Health Care,,,hospital,12.6332544,80.1961711,True,
OSM_POI_4433895791,OSM_OVERPASS,4433895791,OSM_TRANSPORT_POIS_20260918,Devaneri beach,Devaneri beach,,,tourist_attraction,12.6411767,80.2044083,True,
OSM_POI_13999733685,OSM_OVERPASS,13999733685,OSM_TRANSPORT_POIS_20260918,Sai University,Sai University,,,university,12.6542739,80.1577238,True,
OSM_POI_5015735822,OSM_OVERPASS,5015735822,OSM_TRANSPORT_POIS_20260918,OM SAKTHI BRIKS,OM SAKTHI BRIKS,,,general_poi,12.6816606,80.21214,True,
OSM_POI_4846840124,OSM_OVERPASS,4846840124,OSM_TRANSPORT_POIS_20260918,PAR ACTIVE TECHNOLOGIES,PAR ACTIVE TECHNOLOGIES,,,tourist_attraction,12.6921725,80.1900136,True,
OSM_POI_1840033463,OSM_OVERPASS,1840033463,OSM_TRANSPORT_POIS_20260918,Shri Sathya Sai Medical College & Research Institute,Shri Sathya Sai Medical College & Research Institute,,,hospital,12.7415557,80.1328466,True,
OSM_POI_5172356323,OSM_OVERPASS,5172356323,OSM_TRANSPORT_POIS_20260918,Sub register thiruporur,Sub register thiruporur,,,government_office,12.7237091,80.188587,True,
OSM_POI_7820652130,OSM_OVERPASS,7820652130,OSM_TRANSPORT_POIS_20260918,Rakshith Hospital,Rakshith Hospital,,,hospital,12.7197418,80.1874624,True,
OSM_POI_7257518775,OSM_OVERPASS,7257518775,OSM_TRANSPORT_POIS_20260918,Thiruporur Government Hospital,Thiruporur Government Hospital,,,hospital,12.7284223,80.1881466,True,
OSM_POI_7820652132,OSM_OVERPASS,7820652132,OSM_TRANSPORT_POIS_20260918,Raja Hospital,Raja Hospital,,,hospital,12.7304572,80.187812,True,
OSM_POI_11013406019,OSM_OVERPASS,11013406019,OSM_TRANSPORT_POIS_20260918,"IIT Madras, Thaiyur Campus","IIT Madras, Thaiyur Campus",,,college,12.7936971,80.1850698,True,
OSM_POI_2125931950,OSM_OVERPASS,2125931950,OSM_TRANSPORT_POIS_20260918,Chettinadu Hospital & Research Institute,Chettinadu Hospital & Research Institute,,,hospital,12.7960843,80.2155228,True,
OSM_POI_12137704802,OSM_OVERPASS,12137704802,OSM_TRANSPORT_POIS_20260918,"Covelong Beach,Tamil Nadu","Covelong Beach,Tamil Nadu",,,beach,12.7721654,80.2519111,True,
OSM_POI_13671459694,OSM_OVERPASS,13671459694,OSM_TRANSPORT_POIS_20260918,Backend Office - Namma Family Group,Backend Office - Namma Family Group,,,general_poi,12.7894427,80.2223636,True,
OSM_POI_4275486291,OSM_OVERPASS,4275486291,OSM_TRANSPORT_POIS_20260918,Road to b,Road to b,,,tourist_attraction,12.7954958,80.2412218,True,
OSM_POI_6930405963,OSM_OVERPASS,6930405963,OSM_TRANSPORT_POIS_20260918,Chettinad Hospital,Chettinad Hospital,,,hospital,12.7971558,80.2175961,True,
OSM_POI_7820874284,OSM_OVERPASS,7820874284,OSM_TRANSPORT_POIS_20260918,Supreme Speciality Hospitals,Supreme Speciality Hospitals,,,hospital,12.8063158,80.2244216,True,
OSM_POI_4275498689,OSM_OVERPASS,4275498689,OSM_TRANSPORT_POIS_20260918,Beach,Beach,,,beach,12.7958641,80.2493068,True,
OSM_POI_11398464087,OSM_OVERPASS,11398464087,OSM_TRANSPORT_POIS_20260918,ICAR - Central Marine Fisheries Research Institute,ICAR - Central Marine Fisheries Research Institute,,,government_office,12.7895367,80.2527166,True,
OSM_POI_10302265197,OSM_OVERPASS,10302265197,OSM_TRANSPORT_POIS_20260918,Blue Flag Beach,Blue Flag Beach,,,beach,12.8023552,80.248694,True,
OSM_POI_10653634259,OSM_OVERPASS,10653634259,OSM_TRANSPORT_POIS_20260918,Indian Institute of Information Technology Design and Manufacturing Kancheepuram,Indian Institute of Information Technology Design and Manufacturing Kancheepuram,,,college,12.8373375,80.1369635,True,
OSM_POI_7257289060,OSM_OVERPASS,7257289060,OSM_TRANSPORT_POIS_20260918,Tagore Medical College Hospital,Tagore Medical College Hospital,,,hospital,12.8601332,80.1358744,True,
OSM_POI_11176612212,OSM_OVERPASS,11176612212,OSM_TRANSPORT_POIS_20260918,Tagore Engineering Clg,Tagore Engineering Clg,,,college,12.8602215,80.1327545,True,
OSM_POI_7820874217,OSM_OVERPASS,7820874217,OSM_TRANSPORT_POIS_20260918,Sri Meenachi Hospital,Sri Meenachi Hospital,,,hospital,12.850128,80.140347,True,
OSM_POI_7820874273,OSM_OVERPASS,7820874273,OSM_TRANSPORT_POIS_20260918,Kathir Memorial Hospital,Kathir Memorial Hospital,,,hospital,12.84935,80.141738,True,
OSM_POI_7820874234,OSM_OVERPASS,7820874234,OSM_TRANSPORT_POIS_20260918,Sugam Hospital,Sugam Hospital,,,hospital,12.82684,80.166309,True,
OSM_POI_4170643889,OSM_OVERPASS,4170643889,OSM_TRANSPORT_POIS_20260918,Reserved Forest,Reserved Forest,,,tourist_attraction,12.8261917,80.1865648,True,
OSM_POI_7257289090,OSM_OVERPASS,7257289090,OSM_TRANSPORT_POIS_20260918,Shri Isari Velan Hospital,Shri Isari Velan Hospital,,,hospital,12.846693,80.1972613,True,
OSM_POI_13830315001,OSM_OVERPASS,13830315001,OSM_TRANSPORT_POIS_20260918,Agni College of Technology,Agni College of Technology,,,college,12.8484134,80.194401,True,
OSM_POI_5258976324,OSM_OVERPASS,5258976324,OSM_TRANSPORT_POIS_20260918,Government Health Center,Government Health Center,,,hospital,12.885562,80.151595,True,
OSM_POI_5259058323,OSM_OVERPASS,5259058323,OSM_TRANSPORT_POIS_20260918,"Village administration office, agaram then","Village administration office, agaram then",,,government_office,12.8854875,80.1520231,True,
OSM_POI_5259088422,OSM_OVERPASS,5259088422,OSM_TRANSPORT_POIS_20260918,Government Veterinary Hospital,Government Veterinary Hospital,,,hospital,12.8855161,80.1522823,True,
OSM_POI_3027045820,OSM_OVERPASS,3027045820,OSM_TRANSPORT_POIS_20260918,GKM College of Engineering,GKM College of Engineering,,,college,12.8956004,80.1214822,True,
OSM_POI_5259008321,OSM_OVERPASS,5259008321,OSM_TRANSPORT_POIS_20260918,Annai Therasa Hospital,Annai Therasa Hospital,,,hospital,12.8917407,80.1412614,True,
OSM_POI_13276785999,OSM_OVERPASS,13276785999,OSM_TRANSPORT_POIS_20260918,BIHER CSE Block,BIHER CSE Block,,,university,12.9078648,80.1403182,True,
OSM_POI_3664004950,OSM_OVERPASS,3664004950,OSM_TRANSPORT_POIS_20260918,Chellam Hospital,Chellam Hospital,,,hospital,12.9012946,80.1583761,True,
OSM_POI_7822259987,OSM_OVERPASS,7822259987,OSM_TRANSPORT_POIS_20260918,Ganesh Hospital,Ganesh Hospital,,,hospital,12.9082585,80.1570082,True,
OSM_POI_7822260005,OSM_OVERPASS,7822260005,OSM_TRANSPORT_POIS_20260918,Bethel Hospital,Bethel Hospital,,,hospital,12.9114303,80.1563114,True,
OSM_POI_7822260027,OSM_OVERPASS,7822260027,OSM_TRANSPORT_POIS_20260918,Sanjeevi's Ayurveda Therapy Centre,Sanjeevi's Ayurveda Therapy Centre,,,hospital,12.9087161,80.1571623,True,
OSM_POI_7822260040,OSM_OVERPASS,7822260040,OSM_TRANSPORT_POIS_20260918,Government Hospital,Government Hospital,,,hospital,12.9073656,80.1571273,True,
OSM_POI_2475523033,OSM_OVERPASS,2475523033,OSM_TRANSPORT_POIS_20260918,Sithalapakkam Panchayat Office,Sithalapakkam Panchayat Office,சித்தாளப்பாக்கம் பஞ்சாயத்து அலுவலகம்,,government_office,12.8872649,80.1843505,True,
OSM_POI_11865553974,OSM_OVERPASS,11865553974,OSM_TRANSPORT_POIS_20260918,H&M Hospital,H&M Hospital,,,hospital,12.89188,80.1770557,True,
OSM_POI_2210056220,OSM_OVERPASS,2210056220,OSM_TRANSPORT_POIS_20260918,Rajan Hospital,Rajan Hospital,,,hospital,12.8928496,80.1835976,True,
OSM_POI_7822260004,OSM_OVERPASS,7822260004,OSM_TRANSPORT_POIS_20260918,S.V. Hospital,S.V. Hospital,,,hospital,12.9069075,80.2026845,True,
OSM_POI_7822260051,OSM_OVERPASS,7822260051,OSM_TRANSPORT_POIS_20260918,C-Dot Hospital,C-Dot Hospital,,,hospital,12.9072738,80.2027359,True,
OSM_POI_7822260016,OSM_OVERPASS,7822260016,OSM_TRANSPORT_POIS_20260918,Karthick Children's Hospital,Karthick Children's Hospital,,,hospital,12.9123221,80.192466,True,
OSM_POI_7822260018,OSM_OVERPASS,7822260018,OSM_TRANSPORT_POIS_20260918,Radial Ortho Speciality Hospital,Radial Ortho Speciality Hospital,,,hospital,12.9131978,80.1915965,True,
OSM_POI_7257289123,OSM_OVERPASS,7257289123,OSM_TRANSPORT_POIS_20260918,Suraj Hospital,Suraj Hospital,,,hospital,12.9107782,80.1967559,True,
OSM_POI_7822260056,OSM_OVERPASS,7822260056,OSM_TRANSPORT_POIS_20260918,Global Hospital,Global Hospital,,,hospital,12.9060064,80.2072713,True,
OSM_POI_9952825959,OSM_OVERPASS,9952825959,OSM_TRANSPORT_POIS_20260918,Chennai Best Acupuncture Clinic in OMR Padur,Chennai Best Acupuncture Clinic in OMR Padur,,,hospital,12.8124897,80.2257817,True,
OSM_POI_7820874276,OSM_OVERPASS,7820874276,OSM_TRANSPORT_POIS_20260918,Punarjeevan Hospital,Punarjeevan Hospital,,,hospital,12.817871,80.2221711,True,
OSM_POI_5304600401,OSM_OVERPASS,5304600401,OSM_TRANSPORT_POIS_20260918,Mohamed Sathak A.J. Academy of Architecture,Mohamed Sathak A.J. Academy of Architecture,முஹம்மது சதக் ஏ.ஜெ. அகாடமி ஆ ஆஃப் ஆர்க்கிடெக்ச்சர்,,college,12.8346315,80.2214075,True,
OSM_POI_5304170562,OSM_OVERPASS,5304170562,OSM_TRANSPORT_POIS_20260918,Aspire Systems,Aspire Systems,,,general_poi,12.8310054,80.2233723,True,
OSM_POI_5304600788,OSM_OVERPASS,5304600788,OSM_TRANSPORT_POIS_20260918,Mohamed Sathak A.J. College of Engineering,Mohamed Sathak A.J. College of Engineering,முஹம்மது சதக் ஏ.ஜெ. பொறியியல் கல்லூரி,,college,12.8356916,80.2186016,True,
OSM_POI_3385582361,OSM_OVERPASS,3385582361,OSM_TRANSPORT_POIS_20260918,Intellect court,Intellect court,,,government_office,12.8400205,80.2242072,True,
OSM_POI_3385585585,OSM_OVERPASS,3385585585,OSM_TRANSPORT_POIS_20260918,Polaris software labs,Polaris software labs,,,general_poi,12.840533,80.2265568,True,
OSM_POI_5321368440,OSM_OVERPASS,5321368440,OSM_TRANSPORT_POIS_20260918,Marhura hospital,Marhura hospital,,,hospital,12.8369284,80.2275731,True,
OSM_POI_9591525122,OSM_OVERPASS,9591525122,OSM_TRANSPORT_POIS_20260918,Valeo India Private Limited,Valeo India Private Limited,,,general_poi,12.8425184,80.2274769,True,
OSM_POI_9591995528,OSM_OVERPASS,9591995528,OSM_TRANSPORT_POIS_20260918,S B Hospital,S B Hospital,,,hospital,12.8461109,80.2263842,True,
OSM_POI_5304607220,OSM_OVERPASS,5304607220,OSM_TRANSPORT_POIS_20260918,ETA Techno Park,ETA Techno Park,,,general_poi,12.8500859,80.2263517,True,
OSM_POI_11804254199,OSM_OVERPASS,11804254199,OSM_TRANSPORT_POIS_20260918,Dental College & Hospital,Dental College & Hospital,,,hospital,12.8705153,80.2233736,True,
OSM_POI_13378366146,OSM_OVERPASS,13378366146,OSM_TRANSPORT_POIS_20260918,Center of Advanced studies,Center of Advanced studies,,,college,12.8713321,80.2253568,True,
OSM_POI_12470984409,OSM_OVERPASS,12470984409,OSM_TRANSPORT_POIS_20260918,Indian Maritime University Chennai Campus,Indian Maritime University Chennai Campus,,,university,12.8636768,80.2424078,True,
OSM_POI_5226266430,OSM_OVERPASS,5226266430,OSM_TRANSPORT_POIS_20260918,"Regional Transport Office, Sholinganallur","Regional Transport Office, Sholinganallur","வட்டாரப் போக்குவரத்து அலுவலகம், சோழிங்கநல்லூர்",,government_office,12.8991972,80.2275682,True,
OSM_POI_7822259992,OSM_OVERPASS,7822259992,OSM_TRANSPORT_POIS_20260918,Centre For Vision and Eye Surgery,Centre For Vision and Eye Surgery,,,hospital,12.8948311,80.2233057,True,
OSM_POI_7822259986,OSM_OVERPASS,7822259986,OSM_TRANSPORT_POIS_20260918,HCL Health Care,HCL Health Care,,,hospital,12.9044723,80.216804,True,
OSM_POI_5804109153,OSM_OVERPASS,5804109153,OSM_TRANSPORT_POIS_20260918,BETA CAE Systems India Pvt. Ltd. (Chennai Office),BETA CAE Systems India Pvt. Ltd. (Chennai Office),,,general_poi,12.9057608,80.2266263,True,
OSM_POI_7822260044,OSM_OVERPASS,7822260044,OSM_TRANSPORT_POIS_20260918,Swaram Hospital and Speciality Clinic,Swaram Hospital and Speciality Clinic,,,hospital,12.9011793,80.2286,True,
OSM_POI_11956292869,OSM_OVERPASS,11956292869,OSM_TRANSPORT_POIS_20260918,ராயல் என்ஃபீல்டு உலகளாவிய தலைமையகம்,Royal Enfield Global Headquarters,,,general_poi,12.9026777,80.2265773,True,
OSM_POI_6928779096,OSM_OVERPASS,6928779096,OSM_TRANSPORT_POIS_20260918,Chettinad Super Speciality Hospital,Chettinad Super Speciality Hospital,,,hospital,12.9109406,80.228211,True,
OSM_POI_7822259995,OSM_OVERPASS,7822259995,OSM_TRANSPORT_POIS_20260918,Shri Sai Children's Hospital and Dental Clinic,Shri Sai Children's Hospital and Dental Clinic,,,hospital,12.912214,80.229384,True,
OSM_POI_8197934476,OSM_OVERPASS,8197934476,OSM_TRANSPORT_POIS_20260918,Sanjeevani Ayurvedic Hospital,Sanjeevani Ayurvedic Hospital,,,hospital,12.9120483,80.2489789,True,
OSM_POI_5246587821,OSM_OVERPASS,5246587821,OSM_TRANSPORT_POIS_20260918,BSNL telephone office,BSNL telephone office,,,government_office,12.9182793,80.1159558,True,
OSM_POI_5246584922,OSM_OVERPASS,5246584922,OSM_TRANSPORT_POIS_20260918,Sub Registrar office,Sub Registrar office,,,government_office,12.9215457,80.1163397,True,
OSM_POI_5304399845,OSM_OVERPASS,5304399845,OSM_TRANSPORT_POIS_20260918,Income Tax Department Additional/ joint commesioner office,Income Tax Department Additional/ joint commesioner office,,,government_office,12.9245392,80.1143473,True,
OSM_POI_6926055921,OSM_OVERPASS,6926055921,OSM_TRANSPORT_POIS_20260918,Gajanan Hospitals Pvt Ltd,Gajanan Hospitals Pvt Ltd,,,hospital,12.9264396,80.1117714,True,
OSM_POI_6937630622,OSM_OVERPASS,6937630622,OSM_TRANSPORT_POIS_20260918,"Kasthuri Hospital, Chennai","Kasthuri Hospital, Chennai",,,hospital,12.9269402,80.1146503,True,
OSM_POI_7821906814,OSM_OVERPASS,7821906814,OSM_TRANSPORT_POIS_20260918,AG Multi Speciality Hospital,AG Multi Speciality Hospital,,,hospital,12.9252184,80.1125391,True,
OSM_POI_7821906868,OSM_OVERPASS,7821906868,OSM_TRANSPORT_POIS_20260918,A.G Hospital,A.G Hospital,,,hospital,12.9264826,80.1117834,True,
OSM_POI_7821906876,OSM_OVERPASS,7821906876,OSM_TRANSPORT_POIS_20260918,Rainbow Women and Children's Hospital,Rainbow Women and Children's Hospital,,,hospital,12.9255619,80.1141393,True,
OSM_POI_7821906889,OSM_OVERPASS,7821906889,OSM_TRANSPORT_POIS_20260918,Raindew Hospital,Raindew Hospital,,,hospital,12.9249694,80.1121876,True,
OSM_POI_7821906908,OSM_OVERPASS,7821906908,OSM_TRANSPORT_POIS_20260918,Dhanwantralaya,Dhanwantralaya,,,hospital,12.926297,80.11211,True,
OSM_POI_3157617785,OSM_OVERPASS,3157617785,OSM_TRANSPORT_POIS_20260918,Dr Mohan's Diabetes Hospital,Dr Mohan's Diabetes Hospital,,,hospital,12.9255743,80.1281333,True,
OSM_POI_3157620727,OSM_OVERPASS,3157620727,OSM_TRANSPORT_POIS_20260918,Sub-Registrar Office,Sub-Registrar Office,,,government_office,12.9249871,80.1262373,True,
OSM_POI_4740298624,OSM_OVERPASS,4740298624,OSM_TRANSPORT_POIS_20260918,government child health center,government child health center,,,hospital,12.9241666,80.1274453,True,
OSM_POI_4740298625,OSM_OVERPASS,4740298625,OSM_TRANSPORT_POIS_20260918,Christdas hospital,Christdas hospital,,,hospital,12.9229715,80.1298204,True,
OSM_POI_4911075821,OSM_OVERPASS,4911075821,OSM_TRANSPORT_POIS_20260918,Lakshya fertility hospital,Lakshya fertility hospital,,,hospital,12.9261223,80.1265186,True,
OSM_POI_5087493136,OSM_OVERPASS,5087493136,OSM_TRANSPORT_POIS_20260918,Sugam homeopathic hospital,Sugam homeopathic hospital,,,hospital,12.9230989,80.130824,True,
OSM_POI_5087493232,OSM_OVERPASS,5087493232,OSM_TRANSPORT_POIS_20260918,Sneham seva center for tambaram municipality,Sneham seva center for tambaram municipality,,,government_office,12.9242095,80.1277898,True,
OSM_POI_5246576321,OSM_OVERPASS,5246576321,OSM_TRANSPORT_POIS_20260918,TN Electricity Board Office,Tamil nadu electricity board office,,,government_office,12.9227996,80.1255647,True,
OSM_POI_6926055599,OSM_OVERPASS,6926055599,OSM_TRANSPORT_POIS_20260918,Christudas Orthopaedic Speciality Hospital,Christudas Orthopaedic Speciality Hospital,,,hospital,12.9214137,80.127482,True,
OSM_POI_7821906855,OSM_OVERPASS,7821906855,OSM_TRANSPORT_POIS_20260918,Jawahar Hospital,Jawahar Hospital,,,hospital,12.9227892,80.1281937,True,
OSM_POI_7821906858,OSM_OVERPASS,7821906858,OSM_TRANSPORT_POIS_20260918,Arya Vaidya Shala,Arya Vaidya Shala,,,hospital,12.9239283,80.1280388,True,
OSM_POI_7821906863,OSM_OVERPASS,7821906863,OSM_TRANSPORT_POIS_20260918,Madhu Hospital,Madhu Hospital,,,hospital,12.9253206,80.1270372,True,
OSM_POI_7821906864,OSM_OVERPASS,7821906864,OSM_TRANSPORT_POIS_20260918,Vithagan Health Care Hospital,Vithagan Health Care Hospital,,,hospital,12.9234022,80.1292693,True,
OSM_POI_7821906892,OSM_OVERPASS,7821906892,OSM_TRANSPORT_POIS_20260918,M.J. Hospital,M.J. Hospital,,,hospital,12.9225987,80.1280627,True,
OSM_POI_7821906895,OSM_OVERPASS,7821906895,OSM_TRANSPORT_POIS_20260918,Sai Vijay Ayurvedic Herbal Health Care,Sai Vijay Ayurvedic Herbal Health Care,,,hospital,12.9233238,80.1270401,True,
OSM_POI_9378879817,OSM_OVERPASS,9378879817,OSM_TRANSPORT_POIS_20260918,Nexus Interiors,Nexus Interiors,,,general_poi,12.9230149,80.1309031,True,
OSM_POI_4912560424,OSM_OVERPASS,4912560424,OSM_TRANSPORT_POIS_20260918,viveks home needs shop,viveks home needs shop,,,mall,12.9283314,80.1165135,True,
OSM_POI_6915413133,OSM_OVERPASS,6915413133,OSM_TRANSPORT_POIS_20260918,S K Nursing Home Pvt Ltd,S K Nursing Home Pvt Ltd,,,hospital,12.9289316,80.1170864,True,
OSM_POI_6915563707,OSM_OVERPASS,6915563707,OSM_TRANSPORT_POIS_20260918,Deepam Hospital,Deepam Hospital,,,hospital,12.9294095,80.1174378,True,
OSM_POI_6928330765,OSM_OVERPASS,6928330765,OSM_TRANSPORT_POIS_20260918,Sri Kumaran Hospital,Sri Kumaran Hospital,,,hospital,12.9278474,80.1118621,True,
OSM_POI_7257289121,OSM_OVERPASS,7257289121,OSM_TRANSPORT_POIS_20260918,Vn Allergy & Asthma Research Centre,Vn Allergy & Asthma Research Centre,,,hospital,12.9275229,80.1125421,True,
OSM_POI_7821906812,OSM_OVERPASS,7821906812,OSM_TRANSPORT_POIS_20260918,Sanjeevi's Ayush Hospital,Sanjeevi's Ayush Hospital,,,hospital,12.9285127,80.1139064,True,
OSM_POI_7821906817,OSM_OVERPASS,7821906817,OSM_TRANSPORT_POIS_20260918,N S Hospital,N S Hospital,,,hospital,12.9274606,80.1143405,True,
OSM_POI_7821906853,OSM_OVERPASS,7821906853,OSM_TRANSPORT_POIS_20260918,Sree Devi Hospital,Sree Devi Hospital,,,hospital,12.9293353,80.1131889,True,
OSM_POI_7821906879,OSM_OVERPASS,7821906879,OSM_TRANSPORT_POIS_20260918,Elmer Kidney Care,Elmer Kidney Care,,,hospital,12.927288,80.112985,True,
OSM_POI_7821906887,OSM_OVERPASS,7821906887,OSM_TRANSPORT_POIS_20260918,Sri Jayam Hospital,Sri Jayam Hospital,,,hospital,12.9279511,80.1152234,True,
OSM_POI_7821906894,OSM_OVERPASS,7821906894,OSM_TRANSPORT_POIS_20260918,Sudar Hospital,Sudar Hospital,,,hospital,12.9302816,80.1175824,True,
OSM_POI_6138546488,OSM_OVERPASS,6138546488,OSM_TRANSPORT_POIS_20260918,"Dr.Agarwal's Eye Hospital Ltd, Tambaram",Dr. Agarwals Eye Hospital,,,hospital,12.929761,80.1200478,True,
OSM_POI_6929625889,OSM_OVERPASS,6929625889,OSM_TRANSPORT_POIS_20260918,Babu's Maternity Hospital,Babu's Maternity Hospital,,,hospital,12.9294917,80.1194769,True,
OSM_POI_6932999583,OSM_OVERPASS,6932999583,OSM_TRANSPORT_POIS_20260918,NN Hospital,NN Hospital,,,hospital,12.9300969,80.1188466,True,
OSM_POI_7821906834,OSM_OVERPASS,7821906834,OSM_TRANSPORT_POIS_20260918,PK Multi Speciality Hospital,PK Multi Speciality Hospital,,,hospital,12.929311,80.118892,True,
OSM_POI_7821906836,OSM_OVERPASS,7821906836,OSM_TRANSPORT_POIS_20260918,Jyothi Siddha Ayurveda Hospital,Jyothi Siddha Ayurveda Hospital,,,hospital,12.9305296,80.1185855,True,
OSM_POI_7821906859,OSM_OVERPASS,7821906859,OSM_TRANSPORT_POIS_20260918,Dr. Mehta Hospital,Dr. Mehta Hospital,,,hospital,12.9323992,80.1195168,True,
OSM_POI_7821906860,OSM_OVERPASS,7821906860,OSM_TRANSPORT_POIS_20260918,Seshagiri Hospital,Seshagiri Hospital,,,hospital,12.9301271,80.1195747,True,
OSM_POI_7821906861,OSM_OVERPASS,7821906861,OSM_TRANSPORT_POIS_20260918,Udhayam Maternity and General Hospital,Udhayam Maternity and General Hospital,,,hospital,12.9292541,80.117767,True,
OSM_POI_6933514313,OSM_OVERPASS,6933514313,OSM_TRANSPORT_POIS_20260918,"Jawahar Hospital, Kanchipuram","Jawahar Hospital, Kanchipuram",,,hospital,12.9335502,80.123004,True,
OSM_POI_7821906832,OSM_OVERPASS,7821906832,OSM_TRANSPORT_POIS_20260918,Saaol Heart Centre,Saaol Heart Centre,,,hospital,12.9361226,80.1238348,True,
OSM_POI_7821906857,OSM_OVERPASS,7821906857,OSM_TRANSPORT_POIS_20260918,Ramana Child Hospital,Ramana Child Hospital,,,hospital,12.9340178,80.1236737,True,
OSM_POI_6929229178,OSM_OVERPASS,6929229178,OSM_TRANSPORT_POIS_20260918,National Institute Of Siddha Department Of Ayush,National Institute Of Siddha Department Of Ayush,,,hospital,12.9393262,80.1279768,True,
OSM_POI_7821906825,OSM_OVERPASS,7821906825,OSM_TRANSPORT_POIS_20260918,Peeram Hospital Private Limited,Peeram Hospital Private Limited,,,hospital,12.9349952,80.1257351,True,
OSM_POI_5259141323,OSM_OVERPASS,5259141323,OSM_TRANSPORT_POIS_20260918,Bedhesda hospital,Bedhesda hospital,,,hospital,12.9201133,80.1443788,True,
OSM_POI_5302938624,OSM_OVERPASS,5302938624,OSM_TRANSPORT_POIS_20260918,Kottakkal Arya Vaidhyasala,Kottakkal Arya Vaidhyasala,,,hospital,12.9203722,80.1443905,True,
OSM_POI_13870488102,OSM_OVERPASS,13870488102,OSM_TRANSPORT_POIS_20260918,Bethesda Hospital & Child Care Centre,Bethesda Hospital & Child Care Centre,,,hospital,12.9196657,80.1443175,True,designated
OSM_POI_5087493227,OSM_OVERPASS,5087493227,OSM_TRANSPORT_POIS_20260918,Dr. KK eye care center,Dr. KK eye care center,,,hospital,12.9220657,80.1381329,True,
OSM_POI_5087493324,OSM_OVERPASS,5087493324,OSM_TRANSPORT_POIS_20260918,Be Well Hospital,Be Well Hospital,,,hospital,12.9220102,80.1417788,True,
OSM_POI_5259129922,OSM_OVERPASS,5259129922,OSM_TRANSPORT_POIS_20260918,Sindhu hospital,Sindhu hospital,,,hospital,12.9207467,80.1437903,True,
OSM_POI_6928481484,OSM_OVERPASS,6928481484,OSM_TRANSPORT_POIS_20260918,Dr. K.K. Surgical and Paediatric Centre Pvt Ltd,Dr. K.K. Surgical and Paediatric Centre Pvt Ltd,,,hospital,12.9220372,80.1382443,True,
OSM_POI_6934155951,OSM_OVERPASS,6934155951,OSM_TRANSPORT_POIS_20260918,Sindu Hospital,Sindu Hospital,,,hospital,12.9206582,80.1434009,True,
OSM_POI_6929359074,OSM_OVERPASS,6929359074,OSM_TRANSPORT_POIS_20260918,Bethesda Hospital and Child Care Centre,Bethesda Hospital and Child Care Centre,,,hospital,12.9217796,80.1450997,True,
OSM_POI_11699821669,OSM_OVERPASS,11699821669,OSM_TRANSPORT_POIS_20260918,Penthouse.in,Penthouse.in,,,general_poi,12.9224705,80.1481929,True,
OSM_POI_7822260043,OSM_OVERPASS,7822260043,OSM_TRANSPORT_POIS_20260918,Prayoga Hospital,Prayoga Hospital,,,hospital,12.918236,80.1525123,True,
OSM_POI_5090926024,OSM_OVERPASS,5090926024,OSM_TRANSPORT_POIS_20260918,New Life Hospital,New Life Hospital,,,hospital,12.9225168,80.1522357,True,
OSM_POI_7822260011,OSM_OVERPASS,7822260011,OSM_TRANSPORT_POIS_20260918,Shanthi General Hospital,Shanthi General Hospital,,,hospital,12.9233066,80.153003,True,
OSM_POI_5090924224,OSM_OVERPASS,5090924224,OSM_TRANSPORT_POIS_20260918,Chellam Super Speciality Center,Chellam Super Speciality Center,,,hospital,12.9237851,80.1589529,True,
OSM_POI_6929625900,OSM_OVERPASS,6929625900,OSM_TRANSPORT_POIS_20260918,B.S. Hospital,B.S. Hospital,,,hospital,12.9343227,80.1384374,True,
OSM_POI_7821906820,OSM_OVERPASS,7821906820,OSM_TRANSPORT_POIS_20260918,Dr. Sathish Kumar Institute Of Child Health and Hospital for Children,Dr. Sathish Kumar Institute Of Child Health and Hospital for Children,,,hospital,12.937277,80.1390208,True,
OSM_POI_7821906903,OSM_OVERPASS,7821906903,OSM_TRANSPORT_POIS_20260918,Manimegalai Hospital,Manimegalai Hospital,,,hospital,12.9370716,80.1394473,True,
OSM_POI_9672054009,OSM_OVERPASS,9672054009,OSM_TRANSPORT_POIS_20260918,Namma Tambaram,Namma Tambaram,நம்ம தாம்பரம்,,tourist_attraction,12.9365887,80.1380423,True,
OSM_POI_7822543432,OSM_OVERPASS,7822543432,OSM_TRANSPORT_POIS_20260918,TB Hospital,TB Hospital,,,hospital,12.9448167,80.1303935,True,
OSM_POI_7257421573,OSM_OVERPASS,7257421573,OSM_TRANSPORT_POIS_20260918,"Government Hospital, Tambaram","Government Hospital, Tambaram",,,hospital,12.94505,80.13456,True,
OSM_POI_7822543426,OSM_OVERPASS,7822543426,OSM_TRANSPORT_POIS_20260918,Sri Ram Hospital,Sri Ram Hospital,,,hospital,12.9499064,80.1349811,True,
OSM_POI_7822543448,OSM_OVERPASS,7822543448,OSM_TRANSPORT_POIS_20260918,Puthur Kattu,Puthur Kattu,,,hospital,12.9478556,80.1370503,True,
OSM_POI_7822543484,OSM_OVERPASS,7822543484,OSM_TRANSPORT_POIS_20260918,Apollo Hospitals,Apollo Hospitals,,,hospital,12.9520555,80.1372784,True,
OSM_POI_11081786797,OSM_OVERPASS,11081786797,OSM_TRANSPORT_POIS_20260918,L Rapha Life Care Hospital,L Rapha Life Care Hospital,,,hospital,12.9580448,80.1280036,True,
OSM_POI_7822543402,OSM_OVERPASS,7822543402,OSM_TRANSPORT_POIS_20260918,Dr. Gomathi Hospital,Dr. Gomathi Hospital,,,hospital,12.955108,80.131944,True,
OSM_POI_7822543406,OSM_OVERPASS,7822543406,OSM_TRANSPORT_POIS_20260918,"Ray's Head, Neck Care Centre-ENT and Dental Clinic","Ray's Head, Neck Care Centre-ENT and Dental Clinic",,,hospital,12.9549234,80.1340441,True,
OSM_POI_7822543423,OSM_OVERPASS,7822543423,OSM_TRANSPORT_POIS_20260918,Sri Venkateshwara Hospital,Sri Venkateshwara Hospital,,,hospital,12.9540623,80.1339845,True,
OSM_POI_7822543491,OSM_OVERPASS,7822543491,OSM_TRANSPORT_POIS_20260918,Dr. Ashok Kumar Children's Hospital,Dr. Ashok Kumar Children's Hospital,,,hospital,12.954659,80.134998,True,
OSM_POI_983957836,OSM_OVERPASS,983957836,OSM_TRANSPORT_POIS_20260918,Meenakshi Krishan Polytechnic College,Meenakshi Krishan Polytechnic College,,,college,12.9656183,80.1275092,True,
OSM_POI_983957837,OSM_OVERPASS,983957837,OSM_TRANSPORT_POIS_20260918,"Sankara Eye Hospital, Kanchipuram","Sankara Eye Hospital, Kanchipuram",,,hospital,12.965059,80.128212,True,
OSM_POI_591555028,OSM_OVERPASS,591555028,OSM_TRANSPORT_POIS_20260918,skandan nursing home,skandan nursing home,,,hospital,12.9447938,80.1405596,True,
OSM_POI_6914764645,OSM_OVERPASS,6914764645,OSM_TRANSPORT_POIS_20260918,Dr. A. L. Annamalais Ent Care Centre,Dr. A. L. Annamalais Ent Care Centre,,,hospital,12.9439622,80.1388438,True,
OSM_POI_6926082101,OSM_OVERPASS,6926082101,OSM_TRANSPORT_POIS_20260918,I Care Eye Care Eye Institute,I Care Eye Care Eye Institute,,,hospital,12.943659,80.1437791,True,
OSM_POI_7822543416,OSM_OVERPASS,7822543416,OSM_TRANSPORT_POIS_20260918,Sri Santhanakrishna Padmavati Health Care and Research Centre,Sri Santhanakrishna Padmavati Health Care and Research Centre,,,hospital,12.9462077,80.1399766,True,
OSM_POI_7822543490,OSM_OVERPASS,7822543490,OSM_TRANSPORT_POIS_20260918,Dhanwantari Hospital,Dhanwantari Hospital,,,hospital,12.9452437,80.140022,True,
OSM_POI_7822543498,OSM_OVERPASS,7822543498,OSM_TRANSPORT_POIS_20260918,Venus Accupoint,Venus Accupoint,,,hospital,12.9422406,80.1381022,True,
OSM_POI_7822543500,OSM_OVERPASS,7822543500,OSM_TRANSPORT_POIS_20260918,Saraswathy Hospital,Saraswathy Hospital,,,hospital,12.9425452,80.1405737,True,
OSM_POI_432468191,OSM_OVERPASS,432468191,OSM_TRANSPORT_POIS_20260918,DCOE Office,DCOE Office,,,college,12.9489729,80.1397503,True,
OSM_POI_432468195,OSM_OVERPASS,432468195,OSM_TRANSPORT_POIS_20260918,Lecture Hall Complex,Lecture Hall Complex,,,college,12.9481562,80.1397886,True,
OSM_POI_432468196,OSM_OVERPASS,432468196,OSM_TRANSPORT_POIS_20260918,Department of Aeronautical Engineering,Department of Aeronautical Engineering,,,college,12.9486173,80.1407986,True,
OSM_POI_432468200,OSM_OVERPASS,432468200,OSM_TRANSPORT_POIS_20260918,Mechatronics,Mechatronics,,,college,12.9491126,80.1409786,True,
OSM_POI_432468201,OSM_OVERPASS,432468201,OSM_TRANSPORT_POIS_20260918,Department of Production Technology,Department of Production Technology,,,college,12.9492943,80.1410981,True,
OSM_POI_432468205,OSM_OVERPASS,432468205,OSM_TRANSPORT_POIS_20260918,Department of Automobile Engineering,Department of Automobile Engineering,,,college,12.9478814,80.1403398,True,
OSM_POI_432468246,OSM_OVERPASS,432468246,OSM_TRANSPORT_POIS_20260918,RLHC (Rajam Lecture Hall Complex),RLHC (Rajam Lecture Hall Complex),,,college,12.9484691,80.1398525,True,
OSM_POI_5964208543,OSM_OVERPASS,5964208543,OSM_TRANSPORT_POIS_20260918,Admin Block & Dean Office,Admin Block & Dean Office,,,college,12.9480327,80.1396335,True,
OSM_POI_6914767985,OSM_OVERPASS,6914767985,OSM_TRANSPORT_POIS_20260918,A G Chrompet Health And Maternity Centre,A G Chrompet Health And Maternity Centre,,,hospital,12.9504411,80.1438314,True,
OSM_POI_6934271042,OSM_OVERPASS,6934271042,OSM_TRANSPORT_POIS_20260918,M.S.M. Skin and Hair Care Clinic,M.S.M. Skin and Hair Care Clinic,,,hospital,12.9521441,80.1438126,True,
OSM_POI_7822543429,OSM_OVERPASS,7822543429,OSM_TRANSPORT_POIS_20260918,Kidney Hospital and Diagnostic Centre,Kidney Hospital and Diagnostic Centre,,,hospital,12.952496,80.137893,True,
OSM_POI_7822543434,OSM_OVERPASS,7822543434,OSM_TRANSPORT_POIS_20260918,Sayee Hospitals,Sayee Hospitals,,,hospital,12.9521949,80.1432074,True,
OSM_POI_7257421563,OSM_OVERPASS,7257421563,OSM_TRANSPORT_POIS_20260918,Shree Eye & Maternity Hospital,Shree Eye & Maternity Hospital,,,hospital,12.9521921,80.1442251,True,
OSM_POI_7822543489,OSM_OVERPASS,7822543489,OSM_TRANSPORT_POIS_20260918,Shailaja Hospital,Shailaja Hospital,,,hospital,12.9531004,80.1440661,True,
OSM_POI_7822543399,OSM_OVERPASS,7822543399,OSM_TRANSPORT_POIS_20260918,Kavitha Ortho and Multi Speciality Hospital,Kavitha Ortho and Multi Speciality Hospital,,,hospital,12.9502691,80.1513316,True,
OSM_POI_7822543439,OSM_OVERPASS,7822543439,OSM_TRANSPORT_POIS_20260918,Thanushika Hospital,Thanushika Hospital,,,hospital,12.9503116,80.1513212,True,
OSM_POI_6933510862,OSM_OVERPASS,6933510862,OSM_TRANSPORT_POIS_20260918,Jip Diabetic and Heart Care Centre,Jip Diabetic and Heart Care Centre,,,hospital,12.9548325,80.141636,True,
OSM_POI_7822543433,OSM_OVERPASS,7822543433,OSM_TRANSPORT_POIS_20260918,HCG Cancer Centre,HCG Cancer Centre,,,hospital,12.9575434,80.143138,True,
OSM_POI_7822543469,OSM_OVERPASS,7822543469,OSM_TRANSPORT_POIS_20260918,Thomas Health Care Centre,Thomas Health Care Centre,,,hospital,12.9544931,80.1439701,True,
OSM_POI_7822543477,OSM_OVERPASS,7822543477,OSM_TRANSPORT_POIS_20260918,Sun Hospital,Sun Hospital,,,hospital,12.9537198,80.143246,True,
OSM_POI_7822543502,OSM_OVERPASS,7822543502,OSM_TRANSPORT_POIS_20260918,Al Elaj Accupressure and Health Centre,Al Elaj Accupressure and Health Centre,,,hospital,12.9569609,80.1424509,True,
OSM_POI_7822543510,OSM_OVERPASS,7822543510,OSM_TRANSPORT_POIS_20260918,Daisy Hospitals,Daisy Hospitals,,,hospital,12.9576893,80.1429026,True,
OSM_POI_7822543459,OSM_OVERPASS,7822543459,OSM_TRANSPORT_POIS_20260918,Kokila Siddha Hospital,Kokila Siddha Hospital,,,hospital,12.960669,80.139703,True,
OSM_POI_14004437608,OSM_OVERPASS,14004437608,OSM_TRANSPORT_POIS_20260918,Wells Fargo,Wells Fargo,,,general_poi,12.954373,80.1625605,True,
OSM_POI_14004437609,OSM_OVERPASS,14004437609,OSM_TRANSPORT_POIS_20260918,Optum Global Solutions,Optum Global Solutions,,,general_poi,12.9541481,80.1631774,True,
OSM_POI_6929359056,OSM_OVERPASS,6929359056,OSM_TRANSPORT_POIS_20260918,B.M. Silver Jubilee Multi Speciality Hospital,B.M. Silver Jubilee Multi Speciality Hospital,,,hospital,12.9646856,80.1522294,True,
OSM_POI_11782793599,OSM_OVERPASS,11782793599,OSM_TRANSPORT_POIS_20260918,Sugam Hospital,Sugam Hospital,,,hospital,12.9622155,80.159938,True,
OSM_POI_7822260007,OSM_OVERPASS,7822260007,OSM_TRANSPORT_POIS_20260918,Sai Babaji's Accupuncture Centre,Sai Babaji's Accupuncture Centre,,,hospital,12.9186472,80.1712083,True,
OSM_POI_9444720904,OSM_OVERPASS,9444720904,OSM_TRANSPORT_POIS_20260918,4 Squares Dentistry,4 Squares Dentistry,,,hospital,12.9214652,80.1651302,True,
OSM_POI_11699797370,OSM_OVERPASS,11699797370,OSM_TRANSPORT_POIS_20260918,Magnific Builders & Interiors,Magnific Builders & Interiors,,,general_poi,12.9209408,80.168204,True,
OSM_POI_7822259984,OSM_OVERPASS,7822259984,OSM_TRANSPORT_POIS_20260918,Deepam Rehabilitation Centre,Deepam Rehabilitation Centre,,,hospital,12.9163865,80.1789307,True,
OSM_POI_7822260025,OSM_OVERPASS,7822260025,OSM_TRANSPORT_POIS_20260918,Maternity and Child Care Hospital,Maternity and Child Care Hospital,,,hospital,12.9164866,80.1896622,True,
OSM_POI_7822260038,OSM_OVERPASS,7822260038,OSM_TRANSPORT_POIS_20260918,Annai Teresa Hospital,Annai Teresa Hospital,,,hospital,12.9184999,80.1892056,True,
OSM_POI_11932106269,OSM_OVERPASS,11932106269,OSM_TRANSPORT_POIS_20260918,MPM Tech Solutions,MPM Tech Solutions,,,general_poi,12.9187356,80.1877075,True,
OSM_POI_7822543395,OSM_OVERPASS,7822543395,OSM_TRANSPORT_POIS_20260918,Avinash Ortho Hospital,Avinash Ortho Hospital,,,hospital,12.9383762,80.1725401,True,
OSM_POI_7257421619,OSM_OVERPASS,7257421619,OSM_TRANSPORT_POIS_20260918,T.K.R. Hospital,T.K.R. Hospital,,,hospital,12.9342227,80.1807557,True,
OSM_POI_7822543430,OSM_OVERPASS,7822543430,OSM_TRANSPORT_POIS_20260918,AM Hospital,AM Hospital,,,hospital,12.9344546,80.1819961,True,
OSM_POI_7822543444,OSM_OVERPASS,7822543444,OSM_TRANSPORT_POIS_20260918,Hindusthan Hospital,Hindusthan Hospital,,,hospital,12.9393514,80.1806898,True,
OSM_POI_7822543452,OSM_OVERPASS,7822543452,OSM_TRANSPORT_POIS_20260918,RKP Hospital,RKP Hospital,,,hospital,12.9379829,80.1799993,True,
OSM_POI_7822543471,OSM_OVERPASS,7822543471,OSM_TRANSPORT_POIS_20260918,Raj Joty Eye Hospital,Raj Joty Eye Hospital,,,hospital,12.935221,80.181802,True,
OSM_POI_7822543505,OSM_OVERPASS,7822543505,OSM_TRANSPORT_POIS_20260918,V.S. Hospital,V.S. Hospital,,,hospital,12.933726,80.1811973,True,
OSM_POI_7822259988,OSM_OVERPASS,7822259988,OSM_TRANSPORT_POIS_20260918,Subasree Hospital,Subasree Hospital,,,hospital,12.916822,80.1940932,True,
OSM_POI_7822260001,OSM_OVERPASS,7822260001,OSM_TRANSPORT_POIS_20260918,Sri Balaji Hospital,Sri Balaji Hospital,,,hospital,12.9178242,80.190331,True,
OSM_POI_7822260017,OSM_OVERPASS,7822260017,OSM_TRANSPORT_POIS_20260918,Arun Hospital,Arun Hospital,,,hospital,12.9149784,80.1948032,True,
OSM_POI_7822260032,OSM_OVERPASS,7822260032,OSM_TRANSPORT_POIS_20260918,Shri Balaji Diabetes Hospital,Shri Balaji Diabetes Hospital,,,hospital,12.9150069,80.1929516,True,
OSM_POI_7822260055,OSM_OVERPASS,7822260055,OSM_TRANSPORT_POIS_20260918,Mugavari Eye Hospital and Research Institute,Mugavari Eye Hospital and Research Institute,,,hospital,12.9167105,80.1921463,True,
OSM_POI_11690043769,OSM_OVERPASS,11690043769,OSM_TRANSPORT_POIS_20260918,G.R. Construction Labour Union,G.R. Construction Labour Union,,,general_poi,12.9157027,80.1923453,True,
OSM_POI_11690043869,OSM_OVERPASS,11690043869,OSM_TRANSPORT_POIS_20260918,Medavakkam Panchayat Office,Medavakkam Panchayat Office,,,government_office,12.9154989,80.192383,True,
OSM_POI_11690043969,OSM_OVERPASS,11690043969,OSM_TRANSPORT_POIS_20260918,Kappa Current Technology,Kappa Current Technology,,,general_poi,12.9157405,80.1921298,True,
OSM_POI_13154785802,OSM_OVERPASS,13154785802,OSM_TRANSPORT_POIS_20260918,Kiran Packaging,Kiran Packaging,,,general_poi,12.9155626,80.194624,True,
OSM_POI_5212376621,OSM_OVERPASS,5212376621,OSM_TRANSPORT_POIS_20260918,Chief Education Office,"PANAGAL MALIGAI, SAIDAPET, CHENNAI-600015",,,government_office,12.9268815,80.1981917,True,
OSM_POI_5212388522,OSM_OVERPASS,5212388522,OSM_TRANSPORT_POIS_20260918,"SAIDAPET, TAMILNADU","SAIDAPET, TAMILNADU",,,government_office,12.926938,80.198254,True,
OSM_POI_7822543455,OSM_OVERPASS,7822543455,OSM_TRANSPORT_POIS_20260918,Muthu Multi Speciality Hospital and Pharmacy,Muthu Multi Speciality Hospital and Pharmacy,,,hospital,12.928263,80.200805,True,
OSM_POI_7822543501,OSM_OVERPASS,7822543501,OSM_TRANSPORT_POIS_20260918,V Cure Hospital,V Cure Hospital,,,hospital,12.9280452,80.199546,True,
OSM_POI_7822543424,OSM_OVERPASS,7822543424,OSM_TRANSPORT_POIS_20260918,Dr. Velmurugan Hospital,Dr. Velmurugan Hospital,,,hospital,12.9296419,80.2029589,True,
OSM_POI_13994416401,OSM_OVERPASS,13994416401,OSM_TRANSPORT_POIS_20260918,Deepam Medfirst Hospital,Deepam Medfirst Hospital,,,hospital,12.9316216,80.2033854,True,
OSM_POI_7822543438,OSM_OVERPASS,7822543438,OSM_TRANSPORT_POIS_20260918,Inbam Hospital,Inbam Hospital,,,hospital,12.9339688,80.2041509,True,
OSM_POI_7257421555,OSM_OVERPASS,7257421555,OSM_TRANSPORT_POIS_20260918,Arun Hospital,Arun Hospital,,,hospital,12.9408644,80.1828683,True,
OSM_POI_9920595831,OSM_OVERPASS,9920595831,OSM_TRANSPORT_POIS_20260918,VAO Office,VAO Office,,,government_office,12.9416909,80.1873402,True,
OSM_POI_6926437476,OSM_OVERPASS,6926437476,OSM_TRANSPORT_POIS_20260918,Grace Multipeciality Hospital,Grace Multipeciality Hospital,,,hospital,12.9569773,80.1867561,True,
OSM_POI_7257421582,OSM_OVERPASS,7257421582,OSM_TRANSPORT_POIS_20260918,Vijayam Hospital & Fertility Centre,Vijayam Hospital & Fertility Centre,,,hospital,12.95866,80.187198,True,
OSM_POI_6916036803,OSM_OVERPASS,6916036803,OSM_TRANSPORT_POIS_20260918,Divya Hospital,Divya Hospital,,,hospital,12.9644392,80.187601,True,
OSM_POI_6934270989,OSM_OVERPASS,6934270989,OSM_TRANSPORT_POIS_20260918,Anjakha Hospital,Anjakha Hospital,அஞ்சகா மருத்துவமனை,,hospital,12.9637407,80.1880047,True,
OSM_POI_13068327311,OSM_OVERPASS,13068327311,OSM_TRANSPORT_POIS_20260918,LeBlanc Interior,LeBlanc Interior,,,general_poi,12.9431942,80.1957502,True,
OSM_POI_3883296157,OSM_OVERPASS,3883296157,OSM_TRANSPORT_POIS_20260918,Adyog Software Solutions Pvt Ltd.,Adyog Software Solutions Pvt Ltd.,,,general_poi,12.9479958,80.1981571,True,
OSM_POI_3883257762,OSM_OVERPASS,3883257762,OSM_TRANSPORT_POIS_20260918,Fayola Towers,Fayola Towers,,,general_poi,12.9479174,80.2092498,True,
OSM_POI_2517035814,OSM_OVERPASS,2517035814,OSM_TRANSPORT_POIS_20260918,Vasan Eye care,Vasan Eye care,,,hospital,12.9658002,80.191882,True,
OSM_POI_6934031649,OSM_OVERPASS,6934031649,OSM_TRANSPORT_POIS_20260918,Sri G.M. Hospital,Sri G.M. Hospital,,,hospital,12.9652266,80.1927643,True,
OSM_POI_7652449746,OSM_OVERPASS,7652449746,OSM_TRANSPORT_POIS_20260918,Malar Clinic,Malar Clinic,,,hospital,12.9645886,80.1958518,True,
OSM_POI_442508332,OSM_OVERPASS,442508332,OSM_TRANSPORT_POIS_20260918,Sarswathi Hospital,Sarswathi Hospital,,,hospital,12.9653846,80.2067733,True,yes
OSM_POI_983962618,OSM_OVERPASS,983962618,OSM_TRANSPORT_POIS_20260918,EGP Office,EGP Office,,,tourist_attraction,12.970937,80.1262243,True,
OSM_POI_983973076,OSM_OVERPASS,983973076,OSM_TRANSPORT_POIS_20260918,EGP Biogas Plant,EGP Biogas Plant,,,tourist_attraction,12.970893,80.1254171,True,
OSM_POI_7823212561,OSM_OVERPASS,7823212561,OSM_TRANSPORT_POIS_20260918,Chennai Emergency Care Centre,Chennai Emergency Care Centre,,,hospital,12.9712805,80.132333,True,
OSM_POI_7823212587,OSM_OVERPASS,7823212587,OSM_TRANSPORT_POIS_20260918,Chennai Hospital,Chennai Hospital,,,hospital,12.973474,80.1307991,True,
OSM_POI_1979247767,OSM_OVERPASS,1979247767,OSM_TRANSPORT_POIS_20260918,B.P. Jain Hospital (Sri Sankara Health Centre),B.P. Jain Hospital (Sri Sankara Health Centre),,,hospital,12.9730642,80.1339663,True,
OSM_POI_5259538621,OSM_OVERPASS,5259538621,OSM_TRANSPORT_POIS_20260918,Pammal Municipality office,Pammal Municipality office,,,government_office,12.9749219,80.1351372,True,
OSM_POI_6934139598,OSM_OVERPASS,6934139598,OSM_TRANSPORT_POIS_20260918,Arvind Sai Eye Hospital,Arvind Sai Eye Hospital,,,hospital,12.9731392,80.1371252,True,
OSM_POI_7682535985,OSM_OVERPASS,7682535985,OSM_TRANSPORT_POIS_20260918,EB office - Pammal,EB office - Pammal,,,government_office,12.9753946,80.131803,True,
OSM_POI_7823212603,OSM_OVERPASS,7823212603,OSM_TRANSPORT_POIS_20260918,Deenan Health Care,Deenan Health Care,,,hospital,12.9738819,80.1315486,True,
OSM_POI_6915231638,OSM_OVERPASS,6915231638,OSM_TRANSPORT_POIS_20260918,Devibala Maternity,Devibala Maternity,,,hospital,12.971439,80.1378152,True,
OSM_POI_7823212562,OSM_OVERPASS,7823212562,OSM_TRANSPORT_POIS_20260918,JIP Hospital,JIP Hospital,,,hospital,12.9719872,80.1407516,True,
OSM_POI_6915219120,OSM_OVERPASS,6915219120,OSM_TRANSPORT_POIS_20260918,LK Hospitals,LK Hospitals,,,hospital,12.9701347,80.1480083,True,
OSM_POI_7823212567,OSM_OVERPASS,7823212567,OSM_TRANSPORT_POIS_20260918,Dr. Habeb Child Care Hospital,Dr. Habeb Child Care Hospital,,,hospital,12.9668133,80.144778,True,
OSM_POI_7823212616,OSM_OVERPASS,7823212616,OSM_TRANSPORT_POIS_20260918,Shadithya Hospital,Shadithya Hospital,,,hospital,12.9718921,80.1445381,True,
OSM_POI_7823212633,OSM_OVERPASS,7823212633,OSM_TRANSPORT_POIS_20260918,Medforte Health Care,Medforte Health Care,,,hospital,12.9700475,80.1499015,True,
OSM_POI_7823212640,OSM_OVERPASS,7823212640,OSM_TRANSPORT_POIS_20260918,Contonment Board General Hospital,Contonment Board General Hospital,,,hospital,12.97059,80.148318,True,
OSM_POI_6936695215,OSM_OVERPASS,6936695215,OSM_TRANSPORT_POIS_20260918,சுபிக்ஷா மருத்துவமனை,Subhiksha Hospital,,,hospital,12.9740991,80.1387607,True,
OSM_POI_6927359623,OSM_OVERPASS,6927359623,OSM_TRANSPORT_POIS_20260918,Kanaga Hospital,Kanaga Hospital,,,hospital,13.0099884,80.1223294,True,
OSM_POI_6935159758,OSM_OVERPASS,6935159758,OSM_TRANSPORT_POIS_20260918,Thirimoorthys Heart Care Hospital,Thirimoorthys Heart Care Hospital,,,hospital,12.9673347,80.1867983,True,
OSM_POI_308811614,OSM_OVERPASS,308811614,OSM_TRANSPORT_POIS_20260918,"Hindu Mission Health Services, Kanchipuram","Hindu Mission Health Services, Kanchipuram",,,hospital,12.9787682,80.1846471,True,
OSM_POI_311429396,OSM_OVERPASS,311429396,OSM_TRANSPORT_POIS_20260918,K.F. Hospital,K.F. Hospital,,,hospital,12.973463,80.1841397,True,
OSM_POI_2145405955,OSM_OVERPASS,2145405955,OSM_TRANSPORT_POIS_20260918,Sri Chakra Hospital,Sri Chakra Hospital,,,hospital,12.9786524,80.1850278,True,
OSM_POI_4329387869,OSM_OVERPASS,4329387869,OSM_TRANSPORT_POIS_20260918,Srinivasan Rajalakshmi Memorial Hospital,Srinivasan Rajalakshmi Memorial Hospital,,,hospital,12.9733792,80.187599,True,yes
OSM_POI_6926049961,OSM_OVERPASS,6926049961,OSM_TRANSPORT_POIS_20260918,"Gowri Nursing Home, Kanchipuram","Gowri Nursing Home, Kanchipuram",,,hospital,12.9779713,80.1883923,True,
OSM_POI_6934061609,OSM_OVERPASS,6934061609,OSM_TRANSPORT_POIS_20260918,Srichakara Multispeciality Hospital,Srichakara Multispeciality Hospital,,,hospital,12.97853,80.1851381,True,
OSM_POI_5851482986,OSM_OVERPASS,5851482986,OSM_TRANSPORT_POIS_20260918,Airports Authority of India (AAI) Operational Office,Airports Authority of India (AAI) Operational Office,,,government_office,12.9838095,80.1688264,True,
OSM_POI_4550111390,OSM_OVERPASS,4550111390,OSM_TRANSPORT_POIS_20260918,Office asg chennai,Office asg chennai,,,government_office,12.9875004,80.1752151,True,
OSM_POI_2253361647,OSM_OVERPASS,2253361647,OSM_TRANSPORT_POIS_20260918,Dr. Janardhanan Multispeciality Dental Clinic,Dr. Janardhanan Multispeciality Dental Clinic,,,hospital,12.9842586,80.1886083,True,
OSM_POI_6928936149,OSM_OVERPASS,6928936149,OSM_TRANSPORT_POIS_20260918,"Dr.Agarwal's Eye Hospital Ltd, Nanganallur","Dr.Agarwal's Eye Hospital Ltd, Nanganallur",,,hospital,12.9827844,80.1891661,True,
OSM_POI_6934186203,OSM_OVERPASS,6934186203,OSM_TRANSPORT_POIS_20260918,Sri Venkateshwara`s C.M. Hospital,Sri Venkateshwara`s C.M. Hospital,,,hospital,12.9857914,80.185987,True,
OSM_POI_6934340789,OSM_OVERPASS,6934340789,OSM_TRANSPORT_POIS_20260918,Pankajam Memorial Hospital,Pankajam Memorial Hospital,,,hospital,12.9801472,80.1835965,True,
OSM_POI_6934163318,OSM_OVERPASS,6934163318,OSM_TRANSPORT_POIS_20260918,Sibi Hospital,Sibi Hospital,,,hospital,12.9697917,80.1904562,True,yes
OSM_POI_8669165872,OSM_OVERPASS,8669165872,OSM_TRANSPORT_POIS_20260918,Jacob Scientifics - Head Office,Jacob Scientifics - Head Office,,,general_poi,12.9670958,80.1947873,True,
OSM_POI_2669702938,OSM_OVERPASS,2669702938,OSM_TRANSPORT_POIS_20260918,Sukrthi Nursing Home,Sukrthi Nursing Home,,,hospital,12.9710287,80.2082964,True,
OSM_POI_5792664046,OSM_OVERPASS,5792664046,OSM_TRANSPORT_POIS_20260918,"Qure Ortho Clinic, Physiotherapy, X Ray & Pharmacy","Qure Ortho Clinic, Physiotherapy, X Ray & Pharmacy",,,hospital,12.9794,80.2043658,True,
OSM_POI_6936663153,OSM_OVERPASS,6936663153,OSM_TRANSPORT_POIS_20260918,Velachery K S Hospital,Velachery K S Hospital,,,hospital,12.9763914,80.2114016,True,
OSM_POI_310909754,OSM_OVERPASS,310909754,OSM_TRANSPORT_POIS_20260918,Hariharan Hospital,Hariharan Hospital,,,hospital,12.9847145,80.1905906,True,
OSM_POI_2126461371,OSM_OVERPASS,2126461371,OSM_TRANSPORT_POIS_20260918,Rotary Central Margaret Sidney Hospital,Rotary Central Margaret Sidney Hospital,,,hospital,12.9837958,80.1932105,True,
OSM_POI_6929372896,OSM_OVERPASS,6929372896,OSM_TRANSPORT_POIS_20260918,Bharath Hospital,Bharath Hospital,,,hospital,12.9823277,80.1937835,True,
OSM_POI_12378706312,OSM_OVERPASS,12378706312,OSM_TRANSPORT_POIS_20260918,Dr Bala's Skin clinic,Dr Bala's Skin clinic,,,hospital,12.9831959,80.2013573,True,
OSM_POI_310910945,OSM_OVERPASS,310910945,OSM_TRANSPORT_POIS_20260918,BM Hospital,BM Hospital,,,hospital,12.9887616,80.1904116,True,limited
OSM_POI_6926953024,OSM_OVERPASS,6926953024,OSM_TRANSPORT_POIS_20260918,K P Childrens Hospital And Neuro Centre,K P Childrens Hospital And Neuro Centre,,,hospital,12.9911179,80.1986745,True,
OSM_POI_8151821343,OSM_OVERPASS,8151821343,OSM_TRANSPORT_POIS_20260918,Tamil Nadu Public Distribution Scheme Service Office,Tamil Nadu Public Distribution Scheme Service Office,,,government_office,12.9915008,80.1988272,True,
OSM_POI_1789987574,OSM_OVERPASS,1789987574,OSM_TRANSPORT_POIS_20260918,Prime Care Nursing Home,Prime Care Nursing Home,,,hospital,12.9799192,80.2044922,True,
OSM_POI_6936684328,OSM_OVERPASS,6936684328,OSM_TRANSPORT_POIS_20260918,Ponmalligai Hospital Pvt Ltd,Ponmalligai Hospital Pvt Ltd,,,hospital,12.9925116,80.2061465,True,
OSM_POI_4280392327,OSM_OVERPASS,4280392327,OSM_TRANSPORT_POIS_20260918,BSNL Exchange,BSNL Exchange,,,government_office,12.9913665,80.2099878,True,
OSM_POI_7823212581,OSM_OVERPASS,7823212581,OSM_TRANSPORT_POIS_20260918,Nalam Hospital,Nalam Hospital,,,hospital,13.0164671,80.1772853,True,
OSM_POI_5242847354,OSM_OVERPASS,5242847354,OSM_TRANSPORT_POIS_20260918,Tata Communications Ltd.,Tata Communications Ltd.,ஜெயந்த் தொழில்நுட்ப பூங்கா,,general_poi,13.0186186,80.1878055,True,
OSM_POI_2120763195,OSM_OVERPASS,2120763195,OSM_TRANSPORT_POIS_20260918,SP Hospital,SP Hospital,,,hospital,12.9933638,80.2009134,True,
OSM_POI_6926173267,OSM_OVERPASS,6926173267,OSM_TRANSPORT_POIS_20260918,Cu Shah Sankara Netralaya,Cu Shah Sankara Netralaya,,,hospital,13.0012687,80.2001283,True,
OSM_POI_7257421613,OSM_OVERPASS,7257421613,OSM_TRANSPORT_POIS_20260918,Government Hospital Alandur,Government Hospital Alandur,,,hospital,13.0048164,80.2025432,True,
OSM_POI_5860420712,OSM_OVERPASS,5860420712,OSM_TRANSPORT_POIS_20260918,CodeMyCompany,CodeMyCompany,,,general_poi,12.9965217,80.2078964,True,
OSM_POI_6926494055,OSM_OVERPASS,6926494055,OSM_TRANSPORT_POIS_20260918,G. R. Hospital & Fertility Centre,G. R. Hospital & Fertility Centre,,,hospital,12.9952982,80.2068955,True,
OSM_POI_7090003132,OSM_OVERPASS,7090003132,OSM_TRANSPORT_POIS_20260918,St Brittos College,St Brittos College,,,college,12.9956265,80.2040906,True,
OSM_POI_4992173836,OSM_OVERPASS,4992173836,OSM_TRANSPORT_POIS_20260918,Group10 Technologies Pvt Ltd,Group10 Technologies Pvt Ltd,,,general_poi,12.9965863,80.2097961,True,
OSM_POI_7823212576,OSM_OVERPASS,7823212576,OSM_TRANSPORT_POIS_20260918,S.S. Hospital,S.S. Hospital,,,hospital,13.0036449,80.2030844,True,
OSM_POI_7823212579,OSM_OVERPASS,7823212579,OSM_TRANSPORT_POIS_20260918,Dhanraj Hospital,Dhanraj Hospital,,,hospital,13.0017797,80.2033269,True,
OSM_POI_7823212623,OSM_OVERPASS,7823212623,OSM_TRANSPORT_POIS_20260918,Jaya Sri Hospital,Jaya Sri Hospital,,,hospital,13.0027883,80.207025,True,
OSM_POI_7823212631,OSM_OVERPASS,7823212631,OSM_TRANSPORT_POIS_20260918,Kaanthi Makapperu Hospital,Kaanthi Makapperu Hospital,,,hospital,13.003406,80.2063632,True,
OSM_POI_9567727980,OSM_OVERPASS,9567727980,OSM_TRANSPORT_POIS_20260918,Village Administrator's Office - Alandur,Village Administrator's Office - Alandur,,VAO office,government_office,13.0018411,80.2059504,True,
OSM_POI_4411812195,OSM_OVERPASS,4411812195,OSM_TRANSPORT_POIS_20260918,jithu,jithu,,,tourist_attraction,13.008792,80.1963918,True,
OSM_POI_4411853991,OSM_OVERPASS,4411853991,OSM_TRANSPORT_POIS_20260918,Typewritting class,Typewritting class,,,tourist_attraction,13.0105464,80.196048,True,
OSM_POI_7823212573,OSM_OVERPASS,7823212573,OSM_TRANSPORT_POIS_20260918,Rathna Hospital,Rathna Hospital,,,hospital,13.0087475,80.1937172,True,
OSM_POI_8105683179,OSM_OVERPASS,8105683179,OSM_TRANSPORT_POIS_20260918,Military Hospital,Military Hospital,,,hospital,13.0117736,80.1941708,True,
OSM_POI_7176576232,OSM_OVERPASS,7176576232,OSM_TRANSPORT_POIS_20260918,EPF office,EPF office,,,government_office,13.0149158,80.1928843,True,
OSM_POI_367795605,OSM_OVERPASS,367795605,OSM_TRANSPORT_POIS_20260918,St. Thomas Hospital,St. Thomas Hospital,,,hospital,13.0122733,80.196428,True,
OSM_POI_5771638253,OSM_OVERPASS,5771638253,OSM_TRANSPORT_POIS_20260918,e-con Systems India Pvt. Ltd.,e-con Systems India Pvt. Ltd.,,,general_poi,13.0113208,80.2113135,True,
OSM_POI_9565908906,OSM_OVERPASS,9565908906,OSM_TRANSPORT_POIS_20260918,Saama Technologies pvt. Ltd,Saama Technologies pvt. Ltd,,,general_poi,13.0101135,80.2110496,True,
OSM_POI_364997861,OSM_OVERPASS,364997861,OSM_TRANSPORT_POIS_20260918,Central Institute of Petrochemicals Engineering and Technology,Central Institute of Petrochemicals Engineering and Technology,,,college,13.0141314,80.2052179,True,
OSM_POI_4406456514,OSM_OVERPASS,4406456514,OSM_TRANSPORT_POIS_20260918,Tamilnadu Teachers Education University,Tamilnadu Teachers Education University,,,university,12.9157009,80.2364655,True,
OSM_POI_11004539791,OSM_OVERPASS,11004539791,OSM_TRANSPORT_POIS_20260918,Thangavelu Engineering Collage,Thangavelu Engineering Collage,,,college,12.9230904,80.22918,True,
OSM_POI_9333222435,OSM_OVERPASS,9333222435,OSM_TRANSPORT_POIS_20260918,Kcg college of techology,Kcg college of techology,,,college,12.9217681,80.2404146,True,
OSM_POI_2124734395,OSM_OVERPASS,2124734395,OSM_TRANSPORT_POIS_20260918,Fourtts India Laboratories,Fourtts India Laboratories,,,hospital,12.9321684,80.2337388,True,
OSM_POI_6929266356,OSM_OVERPASS,6929266356,OSM_TRANSPORT_POIS_20260918,நந்தினி மருத்துவமனை,Nanthini Hospital,,,hospital,12.9327959,80.2315475,True,
OSM_POI_7822260009,OSM_OVERPASS,7822260009,OSM_TRANSPORT_POIS_20260918,SV Hospital,SV Hospital,,,hospital,12.9319677,80.2326252,True,
OSM_POI_3936307622,OSM_OVERPASS,3936307622,OSM_TRANSPORT_POIS_20260918,Cholamandal Artists' Village,Cholamandal Artists' Village,,,tourist_attraction,12.9229059,80.2517281,True,
OSM_POI_11761566071,OSM_OVERPASS,11761566071,OSM_TRANSPORT_POIS_20260918,Chennai One phase two,Chennai One phase two,,,general_poi,12.9464043,80.2313393,True,
OSM_POI_7822260033,OSM_OVERPASS,7822260033,OSM_TRANSPORT_POIS_20260918,Dhanvantri Multi Speciality,Dhanvantri Multi Speciality,,,hospital,12.9402236,80.2412342,True,
OSM_POI_5802035255,OSM_OVERPASS,5802035255,OSM_TRANSPORT_POIS_20260918,Chennai Two Software Park,Chennai Two Software Park,சென்னை 2 மென்பொருள் பூங்கா,,general_poi,12.9470303,80.2314817,True,
OSM_POI_7822260021,OSM_OVERPASS,7822260021,OSM_TRANSPORT_POIS_20260918,Jayam Hospital,Jayam Hospital,,,hospital,12.9498749,80.2381651,True,
OSM_POI_12721828629,OSM_OVERPASS,12721828629,OSM_TRANSPORT_POIS_20260918,Bahwan Cybertek Pvt. Ltd.,Bahwan Cybertek Pvt. Ltd.,,,general_poi,12.950526,80.2417568,True,
OSM_POI_7213394742,OSM_OVERPASS,7213394742,OSM_TRANSPORT_POIS_20260918,London Harley Street Women And Fertility Centre,London Harley Street Women And Fertility Centre,,,hospital,12.9609724,80.2421492,True,
OSM_POI_6932203729,OSM_OVERPASS,6932203729,OSM_TRANSPORT_POIS_20260918,Santhi Hospital,Santhi Hospital,,,hospital,12.9507835,80.255186,True,
OSM_POI_6933279103,OSM_OVERPASS,6933279103,OSM_TRANSPORT_POIS_20260918,"Vasan Eye Care Hospital, Neelankarai","Vasan Eye Care Hospital, Neelankarai",,,hospital,12.9504267,80.2551001,True,
OSM_POI_6950288001,OSM_OVERPASS,6950288001,OSM_TRANSPORT_POIS_20260918,Sahishnatha Indtitute Of Maternal And Child Health,Sahishnatha Indtitute Of Maternal And Child Health,,,hospital,12.9531897,80.2541614,True,
OSM_POI_5662608324,OSM_OVERPASS,5662608324,OSM_TRANSPORT_POIS_20260918,Gold Coast It solutions,Gold Coast It solutions,,,general_poi,12.9574772,80.2455679,True,
OSM_POI_11679595256,OSM_OVERPASS,11679595256,OSM_TRANSPORT_POIS_20260918,Jananam fertility centre,Jananam fertility centre,,,hospital,12.9569147,80.2513405,True,
OSM_POI_6936271569,OSM_OVERPASS,6936271569,OSM_TRANSPORT_POIS_20260918,Sri Lakshmi Multi Speciality Hospital Pvt Ltd,Sri Lakshmi Multi Speciality Hospital Pvt Ltd,,,hospital,12.9640779,80.2461429,True,
OSM_POI_9768615294,OSM_OVERPASS,9768615294,OSM_TRANSPORT_POIS_20260918,Trimble Information Technologies India Pvt Ltd,Trimble Information Technologies India Pvt Ltd,,,general_poi,12.9633028,80.2445952,True,
OSM_POI_3687711447,OSM_OVERPASS,3687711447,OSM_TRANSPORT_POIS_20260918,Kaya Skin clinic,Kaya Skin clinic,,,hospital,12.9767775,80.2223505,True,
OSM_POI_4411849891,OSM_OVERPASS,4411849891,OSM_TRANSPORT_POIS_20260918,hridhayesh,hridhayesh,,,tourist_attraction,12.9748739,80.2176064,True,
OSM_POI_6928094720,OSM_OVERPASS,6928094720,OSM_TRANSPORT_POIS_20260918,Athipathi Hospital and Research Centre,Athipathi Hospital and Research Centre,,,hospital,12.9762711,80.2222002,True,
OSM_POI_6937055902,OSM_OVERPASS,6937055902,OSM_TRANSPORT_POIS_20260918,Appasamy Krishna Hospital and Medical Research Centre,Appasamy Krishna Hospital and Medical Research Centre,,,hospital,12.9758647,80.2205016,True,
OSM_POI_8639896900,OSM_OVERPASS,8639896900,OSM_TRANSPORT_POIS_20260918,Prashanth Hospitals,Prashanth Hospitals,,,hospital,12.9784544,80.2214698,True,
OSM_POI_14063569601,OSM_OVERPASS,14063569601,OSM_TRANSPORT_POIS_20260918,Inceptez Technologies,Inceptez Technologies,,,general_poi,12.9762328,80.2203355,True,
OSM_POI_6914880539,OSM_OVERPASS,6914880539,OSM_TRANSPORT_POIS_20260918,Chennai Eye Care Hospital,Chennai Eye Care Hospital,,,hospital,12.9789449,80.2246302,True,
OSM_POI_6934340601,OSM_OVERPASS,6934340601,OSM_TRANSPORT_POIS_20260918,Nandhini Hospital,Nandhini Hospital,,,hospital,12.9784706,80.2247932,True,
OSM_POI_4358646184,OSM_OVERPASS,4358646184,OSM_TRANSPORT_POIS_20260918,Metro Water,Metro Water,,,government_office,12.985256,80.2186007,True,
OSM_POI_6915201226,OSM_OVERPASS,6915201226,OSM_TRANSPORT_POIS_20260918,Helios Hospital Pvt Ltd,Helios Hospital Pvt Ltd,,,hospital,12.9855882,80.2189144,True,
OSM_POI_6928936148,OSM_OVERPASS,6928936148,OSM_TRANSPORT_POIS_20260918,Dr.Agarwals Eye Hospital,Dr.Agarwals Eye Hospital,,,hospital,12.9832681,80.2176077,True,
OSM_POI_6936695177,OSM_OVERPASS,6936695177,OSM_TRANSPORT_POIS_20260918,Xcellent Care Superspeciality Hospital,Xcellent Care Superspeciality Hospital,,,hospital,12.9833895,80.2181782,True,
OSM_POI_1993266486,OSM_OVERPASS,1993266486,OSM_TRANSPORT_POIS_20260918,Ortho clinic,Ortho clinic,,,hospital,12.9800456,80.2286587,True,
OSM_POI_5570522545,OSM_OVERPASS,5570522545,OSM_TRANSPORT_POIS_20260918,ARK Hospital,ARK Hospital,,,hospital,12.9856999,80.2293536,True,
OSM_POI_5570584570,OSM_OVERPASS,5570584570,OSM_TRANSPORT_POIS_20260918,TSR Packers And Movers,TSR Packers And Movers,,,general_poi,12.981637,80.2294314,True,
OSM_POI_13155026101,OSM_OVERPASS,13155026101,OSM_TRANSPORT_POIS_20260918,Good Shepard hospital,Good Shepard hospital,,,hospital,12.9810842,80.2343492,True,
OSM_POI_6535119492,OSM_OVERPASS,6535119492,OSM_TRANSPORT_POIS_20260918,McKinsey & Company Chennai Service Center,McKinsey & Company Chennai Service Center,,,general_poi,12.9815286,80.2404302,True,
OSM_POI_3372786283,OSM_OVERPASS,3372786283,OSM_TRANSPORT_POIS_20260918,Velachery SABA Hospital,Velachery SABA Hospital,,,hospital,12.9862735,80.2298924,True,
OSM_POI_4584956489,OSM_OVERPASS,4584956489,OSM_TRANSPORT_POIS_20260918,Department of Electrical Engineering;Electrical Engineering Department,Department of Electrical Engineering;Electrical Engineering Department,,,university,12.9887139,80.2306876,True,
OSM_POI_2245513273,OSM_OVERPASS,2245513273,OSM_TRANSPORT_POIS_20260918,IIT Madras Stadium (Manohar C Watsa Stadium),IIT Madras Stadium (Manohar C Watsa Stadium),,,stadium,12.9918271,80.2366998,True,
OSM_POI_9378509592,OSM_OVERPASS,9378509592,OSM_TRANSPORT_POIS_20260918,Helxyon Healthcare,Helxyon Healthcare,,,general_poi,12.9911741,80.2420297,True,
OSM_POI_1446415367,OSM_OVERPASS,1446415367,OSM_TRANSPORT_POIS_20260918,Bhadra Homeo,Bhadra Homeo,,,hospital,12.9663879,80.2474724,True,
OSM_POI_11226824437,OSM_OVERPASS,11226824437,OSM_TRANSPORT_POIS_20260918,TVH Agnitio Park,TVH Agnitio Park,,,general_poi,12.9701826,80.2503475,True,
OSM_POI_14049301101,OSM_OVERPASS,14049301101,OSM_TRANSPORT_POIS_20260918,Sysvine Technologies,Sysvine Technologies,,,general_poi,12.972761,80.249558,True,
OSM_POI_12831616701,OSM_OVERPASS,12831616701,OSM_TRANSPORT_POIS_20260918,New Designer Web,New Designer Web,,,general_poi,12.9736131,80.247927,True,
OSM_POI_12841106501,OSM_OVERPASS,12841106501,OSM_TRANSPORT_POIS_20260918,ZeQube Technologies,ZeQube Technologies,,,general_poi,12.9737468,80.2479697,True,
OSM_POI_7823212559,OSM_OVERPASS,7823212559,OSM_TRANSPORT_POIS_20260918,Shakthi Hospital,Shakthi Hospital,,,hospital,12.9753651,80.2543198,True,
OSM_POI_7823212610,OSM_OVERPASS,7823212610,OSM_TRANSPORT_POIS_20260918,Happy Clinic Hospital,Happy Clinic Hospital,,,hospital,12.9693629,80.2566138,True,
OSM_POI_3686670072,OSM_OVERPASS,3686670072,OSM_TRANSPORT_POIS_20260918,WizDemy Software Private Limited,WizDemy Software Private Limited,,,general_poi,12.9772088,80.2604763,True,
OSM_POI_7823212570,OSM_OVERPASS,7823212570,OSM_TRANSPORT_POIS_20260918,Hale and Healthy Hospitals,Hale and Healthy Hospitals,,,hospital,12.9757686,80.2590077,True,
OSM_POI_7823212607,OSM_OVERPASS,7823212607,OSM_TRANSPORT_POIS_20260918,Promed Hospital,Promed Hospital,,,hospital,12.9751423,80.2582571,True,
OSM_POI_7823415021,OSM_OVERPASS,7823415021,OSM_TRANSPORT_POIS_20260918,Relief Dental Hospitals,Relief Dental Hospitals,,,hospital,12.978253,80.258947,True,
OSM_POI_4626968263,OSM_OVERPASS,4626968263,OSM_TRANSPORT_POIS_20260918,Tamil Nadu Electricity Board,Tamil Nadu Electricity Board,,,government_office,12.974664,80.2629357,True,
OSM_POI_5250282011,OSM_OVERPASS,5250282011,OSM_TRANSPORT_POIS_20260918,ObjectFrontier Software,ObjectFrontier Software,,,general_poi,12.9855145,80.2458023,True,
OSM_POI_6535108760,OSM_OVERPASS,6535108760,OSM_TRANSPORT_POIS_20260918,McKinsey & Company Chennai Knowledge Center,McKinsey & Company Chennai Knowledge Center,,,general_poi,12.9857792,80.2465105,True,
OSM_POI_12758298442,OSM_OVERPASS,12758298442,OSM_TRANSPORT_POIS_20260918,Full Creative,Full Creative,,Anywhere.co,general_poi,12.9856583,80.2461015,True,
OSM_POI_13439114501,OSM_OVERPASS,13439114501,OSM_TRANSPORT_POIS_20260918,Sterling Software Pvt Ltd,Sterling Software Pvt Ltd,,,general_poi,12.9854153,80.2463893,True,
OSM_POI_13731731401,OSM_OVERPASS,13731731401,OSM_TRANSPORT_POIS_20260918,DLF DOWNTOWN,DLF DOWNTOWN,,,general_poi,12.9820172,80.2482341,True,
OSM_POI_13253945580,OSM_OVERPASS,13253945580,OSM_TRANSPORT_POIS_20260918,Zilogic Systems Private Limited (Block III),Zilogic Systems Private Limited (Block III),,,general_poi,12.9824521,80.2521716,True,
OSM_POI_340890453,OSM_OVERPASS,340890453,OSM_TRANSPORT_POIS_20260918,Ward 155 Corporation Office,Ward 155 Corporation Office,,,government_office,12.9859085,80.2593534,True,
OSM_POI_4580960017,OSM_OVERPASS,4580960017,OSM_TRANSPORT_POIS_20260918,corporation office,corporation office,,,government_office,12.9846115,80.2576048,True,
OSM_POI_6926808792,OSM_OVERPASS,6926808792,OSM_TRANSPORT_POIS_20260918,Starlight Hospitals Pvt Ltd,Starlight Hospitals Pvt Ltd,,,hospital,12.9864526,80.2601581,True,
OSM_POI_7823415020,OSM_OVERPASS,7823415020,OSM_TRANSPORT_POIS_20260918,Corporation Hospital,Corporation Hospital,,,hospital,12.9915347,80.2615046,True,
OSM_POI_7823415049,OSM_OVERPASS,7823415049,OSM_TRANSPORT_POIS_20260918,SMK Hospital,SMK Hospital,,,hospital,12.986383,80.260187,True,
OSM_POI_7823415091,OSM_OVERPASS,7823415091,OSM_TRANSPORT_POIS_20260918,Ashwini Hospital,Ashwini Hospital,,,hospital,12.9890173,80.2599586,True,
OSM_POI_7823415056,OSM_OVERPASS,7823415056,OSM_TRANSPORT_POIS_20260918,Uma Sankaran Siddha Hospital,Uma Sankaran Siddha Hospital,,,hospital,12.9916719,80.2624479,True,
OSM_POI_9920341491,OSM_OVERPASS,9920341491,OSM_TRANSPORT_POIS_20260918,Wildlife Warden,Wildlife Warden,,,government_office,13.0043644,80.2343449,True,
OSM_POI_335983002,OSM_OVERPASS,335983002,OSM_TRANSPORT_POIS_20260918,Snake Park,Snake Park,,,tourist_attraction,13.0032701,80.2384929,True,
OSM_POI_12773528701,OSM_OVERPASS,12773528701,OSM_TRANSPORT_POIS_20260918,தமிழ்நாடு செய்தித்தாள் காகித நிருவனம்,TNPL,,,general_poi,13.0110563,80.2185774,True,
OSM_POI_5851464592,OSM_OVERPASS,5851464592,OSM_TRANSPORT_POIS_20260918,தமிழ்நாடு ராஜ் பவன்,Tamil Nadu Raj Bhavan,,,government_office,13.0059156,80.2265244,True,
OSM_POI_365983844,OSM_OVERPASS,365983844,OSM_TRANSPORT_POIS_20260918,Wipro CDC3,Wipro CDC3,,,general_poi,13.0144099,80.2203957,True,
OSM_POI_365983846,OSM_OVERPASS,365983846,OSM_TRANSPORT_POIS_20260918,iGATE,iGATE,,,general_poi,13.0137159,80.2204402,True,
OSM_POI_365983847,OSM_OVERPASS,365983847,OSM_TRANSPORT_POIS_20260918,Wipro CDC1,Wipro CDC1,,,general_poi,13.0126016,80.2204721,True,
OSM_POI_6934340781,OSM_OVERPASS,6934340781,OSM_TRANSPORT_POIS_20260918,Palani Balaji Fertility Centre,Palani Balaji Fertility Centre,,,hospital,13.0122123,80.2235084,True,
OSM_POI_12517626401,OSM_OVERPASS,12517626401,OSM_TRANSPORT_POIS_20260918,Inoesis,Inoesis,,,general_poi,13.0124427,80.2229811,True,
OSM_POI_12517652001,OSM_OVERPASS,12517652001,OSM_TRANSPORT_POIS_20260918,Earthana,Earthana,,,general_poi,13.0123066,80.2231062,True,
OSM_POI_12517830801,OSM_OVERPASS,12517830801,OSM_TRANSPORT_POIS_20260918,Layotos Technologies Pvt LTD,Layotos Technologies Pvt LTD,,,general_poi,13.0123527,80.2236047,True,
OSM_POI_12517830901,OSM_OVERPASS,12517830901,OSM_TRANSPORT_POIS_20260918,Yash Infosytems,Yash Infosytems,,,general_poi,13.0123329,80.2235998,True,
OSM_POI_12718033101,OSM_OVERPASS,12718033101,OSM_TRANSPORT_POIS_20260918,L.A.S Tower,L.A.S Tower,,,general_poi,13.0130549,80.2242278,True,
OSM_POI_13041279865,OSM_OVERPASS,13041279865,OSM_TRANSPORT_POIS_20260918,Central Warehousing Corporation Regional Office,Central Warehousing Corporation Regional Office,,,general_poi,13.0154142,80.2287148,True,
OSM_POI_13968616101,OSM_OVERPASS,13968616101,OSM_TRANSPORT_POIS_20260918,அரசாங்க போக்குவரத்து ஊழியர் சங்கம்,அரசாங்க போக்குவரத்து ஊழியர் சங்கம்,,,general_poi,13.0152116,80.2257557,True,
OSM_POI_312011930,OSM_OVERPASS,312011930,OSM_TRANSPORT_POIS_20260918,Kamaraj Memorial,Kamaraj Memorial,,,tourist_attraction,13.006922,80.2355846,True,
OSM_POI_5359126722,OSM_OVERPASS,5359126722,OSM_TRANSPORT_POIS_20260918,Ashok Leyland corporate office,Ashok Leyland corporate office,,,general_poi,13.0080142,80.2302799,True,
OSM_POI_5846492985,OSM_OVERPASS,5846492985,OSM_TRANSPORT_POIS_20260918,அண்ணா பல்கலைக்கழகம்,Anna University,,,college,13.0105838,80.2353736,True,
OSM_POI_13348614701,OSM_OVERPASS,13348614701,OSM_TRANSPORT_POIS_20260918,Institute for Energy Studies (IES),Institute for Energy Studies (IES),,,college,13.0106523,80.2326511,True,
OSM_POI_312000326,OSM_OVERPASS,312000326,OSM_TRANSPORT_POIS_20260918,Cancer Institute,Cancer Institute,,,hospital,13.0061338,80.239884,True,
OSM_POI_312011839,OSM_OVERPASS,312011839,OSM_TRANSPORT_POIS_20260918,Rajaji Memorial,Rajaji Memorial,,,tourist_attraction,13.0064804,80.2391664,True,
OSM_POI_312011926,OSM_OVERPASS,312011926,OSM_TRANSPORT_POIS_20260918,Bakthavachalam Memorial,Bakthavachalam Memorial,,,tourist_attraction,13.0067142,80.2362341,True,
OSM_POI_4764302980,OSM_OVERPASS,4764302980,OSM_TRANSPORT_POIS_20260918,HEALTH,HEALTH,,,hospital,13.0135999,80.2395364,True,
OSM_POI_968597207,OSM_OVERPASS,968597207,OSM_TRANSPORT_POIS_20260918,The Institute of Mathematical Sciences,The Institute of Mathematical Sciences,,,college,12.9940844,80.2470141,True,
OSM_POI_3615415200,OSM_OVERPASS,3615415200,OSM_TRANSPORT_POIS_20260918,Asian College of Journalism,Asian College of Journalism,,,college,12.9961623,80.2462804,True,
OSM_POI_5849503688,OSM_OVERPASS,5849503688,OSM_TRANSPORT_POIS_20260918,MGR Film City,MGR Film City,,,tourist_attraction,12.9935576,80.2470596,True,
OSM_POI_6936359940,OSM_OVERPASS,6936359940,OSM_TRANSPORT_POIS_20260918,Lakshmi Maternity Hospital,Lakshmi Maternity Hospital,,,hospital,12.9938673,80.2528444,True,
OSM_POI_1560720462,OSM_OVERPASS,1560720462,OSM_TRANSPORT_POIS_20260918,Vasan Eye Care Hospital,Vasan Eye Care Hospital,,,hospital,13.0015307,80.2552541,True,
OSM_POI_6928920472,OSM_OVERPASS,6928920472,OSM_TRANSPORT_POIS_20260918,Dr.Kamakshi Memorial Hospital,Dr.Kamakshi Memorial Hospital,,,hospital,13.0022187,80.2520867,True,
OSM_POI_6934340766,OSM_OVERPASS,6934340766,OSM_TRANSPORT_POIS_20260918,Padmapriya Hospital Pvt. Ltd.,Padmapriya Hospital Pvt. Ltd.,,,hospital,12.9996223,80.2537027,True,
OSM_POI_7213449202,OSM_OVERPASS,7213449202,OSM_TRANSPORT_POIS_20260918,Gas Hospital,Gas Hospital,,,hospital,13.003026,80.2540981,True,
OSM_POI_335503095,OSM_OVERPASS,335503095,OSM_TRANSPORT_POIS_20260918,Corporation Ward 152 Office,Corporation Ward 152 Office,,,government_office,12.9978776,80.2614478,True,
OSM_POI_6933510877,OSM_OVERPASS,6933510877,OSM_TRANSPORT_POIS_20260918,Jayam Polyclinc,Jayam Polyclinc,,,hospital,12.9958562,80.2603345,True,
OSM_POI_6934271111,OSM_OVERPASS,6934271111,OSM_TRANSPORT_POIS_20260918,M N Eye Hospital,M N Eye Hospital,,,hospital,12.996767,80.2603599,True,
OSM_POI_7257421559,OSM_OVERPASS,7257421559,OSM_TRANSPORT_POIS_20260918,"Government Hospital, Adyar","Government Hospital, Adyar",,,hospital,12.9979497,80.2562121,True,
OSM_POI_7823415065,OSM_OVERPASS,7823415065,OSM_TRANSPORT_POIS_20260918,Mint Hospitals,Mint Hospitals,,,hospital,13.0013494,80.258796,True,
OSM_POI_410718772,OSM_OVERPASS,410718772,OSM_TRANSPORT_POIS_20260918,Birla Planetarium,Birla Planetarium,பிர்ல கோளரங்கம்,,tourist_attraction,13.0119591,80.2440161,True,
OSM_POI_6914764653,OSM_OVERPASS,6914764653,OSM_TRANSPORT_POIS_20260918,Sri Kalyan Hospital,Sri Kalyan Hospital,,,hospital,13.0063976,80.2507134,True,
OSM_POI_13096237915,OSM_OVERPASS,13096237915,OSM_TRANSPORT_POIS_20260918,Iswarya Fertility Center,Iswarya Fertility Center,,,hospital,13.0064894,80.2504829,True,
OSM_POI_2989205003,OSM_OVERPASS,2989205003,OSM_TRANSPORT_POIS_20260918,Eloka Enterprises Private Limited,Eloka Enterprises Private Limited,,,general_poi,13.0057342,80.2605395,True,
OSM_POI_410623178,OSM_OVERPASS,410623178,OSM_TRANSPORT_POIS_20260918,Brodie Castle,Brodie Castle,,,tourist_attraction,13.0158394,80.2628474,True,
OSM_POI_7572041375,OSM_OVERPASS,7572041375,OSM_TRANSPORT_POIS_20260918,Roanuz Softwares,Roanuz Softwares,,,general_poi,12.9910761,80.2688773,True,
OSM_POI_9998118762,OSM_OVERPASS,9998118762,OSM_TRANSPORT_POIS_20260918,Arupadaiveedu Temple Beach,Arupadaiveedu Temple Beach,,,beach,12.9890268,80.269678,True,
OSM_POI_6927769046,OSM_OVERPASS,6927769046,OSM_TRANSPORT_POIS_20260918,Santosh Hospital Pvt Ltd,Santosh Hospital Pvt Ltd,,,hospital,12.995229,80.2691898,True,
OSM_POI_6936391765,OSM_OVERPASS,6936391765,OSM_TRANSPORT_POIS_20260918,Apollo Specialty Hospitals Private Limited,Apollo Specialty Hospitals Private Limited,,,hospital,13.0177957,80.2711008,True,
OSM_POI_7819840736,OSM_OVERPASS,7819840736,OSM_TRANSPORT_POIS_20260918,Saveetha Rural Health Centre,Saveetha Rural Health Centre,,,hospital,13.031324,79.85549,True,
OSM_POI_7819840760,OSM_OVERPASS,7819840760,OSM_TRANSPORT_POIS_20260918,Sai Multispeciality Hospital,Sai Multispeciality Hospital,,,hospital,13.0312709,79.8535026,True,
OSM_POI_7819840731,OSM_OVERPASS,7819840731,OSM_TRANSPORT_POIS_20260918,Annai Siddha Ayurvedha Hospital,Annai Siddha Ayurvedha Hospital,,,hospital,13.1433504,79.8754025,True,
OSM_POI_12347790837,OSM_OVERPASS,12347790837,OSM_TRANSPORT_POIS_20260918,Thiruvallur Collector Office,Thiruvallur Collector Office,,,government_office,13.1432881,79.8942676,True,
OSM_POI_7819840764,OSM_OVERPASS,7819840764,OSM_TRANSPORT_POIS_20260918,Thiruvallur Urban Maternity Centre,Thiruvallur Urban Maternity Centre,,,hospital,13.144271,79.899066,True,
OSM_POI_5227522820,OSM_OVERPASS,5227522820,OSM_TRANSPORT_POIS_20260918,Thirumurugan College of Arts and Science,Thirumurugan College of Arts and Science,,,college,13.1507029,79.8684738,True,
OSM_POI_5227520899,OSM_OVERPASS,5227520899,OSM_TRANSPORT_POIS_20260918,Sri Venkateswara Institute of Science and Technlogy,Sri Venkateswara Institute of Science and Technlogy,,,college,13.1551824,79.86994,True,
OSM_POI_5229543535,OSM_OVERPASS,5229543535,OSM_TRANSPORT_POIS_20260918,Caterpillar India Private Limited,Caterpillar India Private Limited,,,general_poi,13.0975123,79.9038742,True,
OSM_POI_6933833903,OSM_OVERPASS,6933833903,OSM_TRANSPORT_POIS_20260918,Logidasan's Hospital,Logidasan's Hospital,,,hospital,13.11005,79.9113858,True,
OSM_POI_7819840795,OSM_OVERPASS,7819840795,OSM_TRANSPORT_POIS_20260918,G.K. Hospital,G.K. Hospital,,,hospital,13.1086082,79.9104426,True,
OSM_POI_7819840739,OSM_OVERPASS,7819840739,OSM_TRANSPORT_POIS_20260918,Arjuna Hospital,Arjuna Hospital,,,hospital,13.1167548,79.9112778,True,
OSM_POI_7819840784,OSM_OVERPASS,7819840784,OSM_TRANSPORT_POIS_20260918,Dr. Nesam Multispeciality Dental Hospital,Dr. Nesam Multispeciality Dental Hospital,,,hospital,13.1110614,79.9106022,True,
OSM_POI_6926049936,OSM_OVERPASS,6926049936,OSM_TRANSPORT_POIS_20260918,Grace Medical Centre,Grace Medical Centre,,,hospital,13.1197159,79.9132325,True,
OSM_POI_5227805797,OSM_OVERPASS,5227805797,OSM_TRANSPORT_POIS_20260918,John Boscho College,John Boscho College,,,college,13.1155935,79.9231614,True,
OSM_POI_9581019680,OSM_OVERPASS,9581019680,OSM_TRANSPORT_POIS_20260918,Sri Ram Engineering College Veppampattu,Sri Ram Engineering College Veppampattu,,,university,13.1176823,79.9916159,True,
OSM_POI_12432339927,OSM_OVERPASS,12432339927,OSM_TRANSPORT_POIS_20260918,SKS Physiotherapy Clinic & Rehab Center - Perumalpattu (Veppampattu),SKS Physiotherapy Clinic & Rehab Center - Perumalpattu (Veppampattu),,,hospital,13.1164973,79.9945299,True,yes
OSM_POI_7653029484,OSM_OVERPASS,7653029484,OSM_TRANSPORT_POIS_20260918,Panchayat Office,Panchayat Office,,,government_office,13.1207702,79.9960581,True,
OSM_POI_7653041585,OSM_OVERPASS,7653041585,OSM_TRANSPORT_POIS_20260918,Primary health Center,Primary health Center,,,hospital,13.1207073,79.9960294,True,
OSM_POI_6367916011,OSM_OVERPASS,6367916011,OSM_TRANSPORT_POIS_20260918,Savitha Medical College,Savitha Medical College,,,college,13.0245844,80.0174597,True,
OSM_POI_7257421525,OSM_OVERPASS,7257421525,OSM_TRANSPORT_POIS_20260918,Saveetha Medical College Hospital,Saveetha Medical College Hospital,,,hospital,13.0246229,80.0173334,True,
OSM_POI_6367914544,OSM_OVERPASS,6367914544,OSM_TRANSPORT_POIS_20260918,Queens Land,Queens Land,,,tourist_attraction,13.0284986,80.028853,True,
OSM_POI_5892971290,OSM_OVERPASS,5892971290,OSM_TRANSPORT_POIS_20260918,Point B,Point B,,,hospital,13.0258358,80.039844,True,
OSM_POI_6367914546,OSM_OVERPASS,6367914546,OSM_TRANSPORT_POIS_20260918,Shree SASTHA Engineering College,Shree SASTHA Engineering College,,,college,13.0383738,80.0528694,True,
OSM_POI_7819840743,OSM_OVERPASS,7819840743,OSM_TRANSPORT_POIS_20260918,Cure Well Hospital,Cure Well Hospital,,,hospital,13.044839,80.078007,True,
OSM_POI_7819840785,OSM_OVERPASS,7819840785,OSM_TRANSPORT_POIS_20260918,Sri Jayendra Saraswati Ayurveda Hospital,Sri Jayendra Saraswati Ayurveda Hospital,,,hospital,13.0426113,80.0723617,True,
OSM_POI_7823212575,OSM_OVERPASS,7823212575,OSM_TRANSPORT_POIS_20260918,Deen Hospital,Deen Hospital,,,hospital,13.034339,80.1104925,True,
OSM_POI_7819840803,OSM_OVERPASS,7819840803,OSM_TRANSPORT_POIS_20260918,Ramdas Hospital,Ramdas Hospital,,,hospital,13.0502479,80.0910986,True,
OSM_POI_6927054448,OSM_OVERPASS,6927054448,OSM_TRANSPORT_POIS_20260918,"Mangalam Hospital, Tiruvallur","Mangalam Hospital, Tiruvallur",,,hospital,13.050709,80.0960022,True,
OSM_POI_6933797537,OSM_OVERPASS,6933797537,OSM_TRANSPORT_POIS_20260918,"Vasan Eye Care Hospital, Tiruvallur","Vasan Eye Care Hospital, Tiruvallur",,,hospital,13.0498729,80.0922444,True,
OSM_POI_7819840741,OSM_OVERPASS,7819840741,OSM_TRANSPORT_POIS_20260918,DPS Hospital,DPS Hospital,,,hospital,13.0509177,80.0994192,True,
OSM_POI_7819840775,OSM_OVERPASS,7819840775,OSM_TRANSPORT_POIS_20260918,Be Well Hospital,Be Well Hospital,,,hospital,13.0506409,80.0986929,True,
OSM_POI_5231956170,OSM_OVERPASS,5231956170,OSM_TRANSPORT_POIS_20260918,S.A Engineering College,S.A Engineering College,,,college,13.0655003,80.1108509,True,
OSM_POI_7252333317,OSM_OVERPASS,7252333317,OSM_TRANSPORT_POIS_20260918,"Government Hospital, Nemam","Government Hospital, Nemam",,,hospital,13.0747057,80.01998,True,
OSM_POI_2561630692,OSM_OVERPASS,2561630692,OSM_TRANSPORT_POIS_20260918,SMS LABS SERVICES Pvt Ltd,SMS LABS SERVICES Pvt Ltd,,,general_poi,13.088189,80.0117248,True,
OSM_POI_7252333405,OSM_OVERPASS,7252333405,OSM_TRANSPORT_POIS_20260918,Thiruninravur Government Hospital,Thiruninravur Government Hospital,,,hospital,13.11573,80.026717,True,
OSM_POI_5227829210,OSM_OVERPASS,5227829210,OSM_TRANSPORT_POIS_20260918,Jaya College of Arts and Science,Jaya College of Arts and Science,,,university,13.1231039,80.0453846,True,
OSM_POI_5227831036,OSM_OVERPASS,5227831036,OSM_TRANSPORT_POIS_20260918,Jaya College of Pharmacy,Jaya College of Pharmacy,,,college,13.1229735,80.04647,True,
OSM_POI_7990935245,OSM_OVERPASS,7990935245,OSM_TRANSPORT_POIS_20260918,Jaya College of Physiotheraphy,Jaya College of Physiotheraphy,,,university,13.1230861,80.0460099,True,
OSM_POI_5225824334,OSM_OVERPASS,5225824334,OSM_TRANSPORT_POIS_20260918,Sri Ramachandra Hospital,Sri Ramachandra Hospital,,,hospital,13.0852758,80.0674867,True,
OSM_POI_5229996823,OSM_OVERPASS,5229996823,OSM_TRANSPORT_POIS_20260918,Gov Sub Urban Health Center,Gov Sub Urban Health Center,,,hospital,13.1155685,80.0632561,True,
OSM_POI_5227833113,OSM_OVERPASS,5227833113,OSM_TRANSPORT_POIS_20260918,Grace Hospital,Grace Hospital,,,hospital,13.1232827,80.0591826,True,
OSM_POI_5227836679,OSM_OVERPASS,5227836679,OSM_TRANSPORT_POIS_20260918,Abirami Nursing Home,Abirami Nursing Home,,,hospital,13.1217696,80.0634217,True,
OSM_POI_5229579151,OSM_OVERPASS,5229579151,OSM_TRANSPORT_POIS_20260918,Hindu College,Hindu College,,,college,13.1195044,80.0744657,True,
OSM_POI_4554279725,OSM_OVERPASS,4554279725,OSM_TRANSPORT_POIS_20260918,Vivekanandha,Vivekanandha,,,hospital,13.1108976,80.0952836,True,
OSM_POI_6928030150,OSM_OVERPASS,6928030150,OSM_TRANSPORT_POIS_20260918,Dr. Agarwal's Eye Hospital,Dr. Agarwal's Eye Hospital,,,hospital,13.1162231,80.0967247,True,yes
OSM_POI_6950427127,OSM_OVERPASS,6950427127,OSM_TRANSPORT_POIS_20260918,Immanuel Hosptal,Immanuel Hosptal,,,hospital,13.1162117,80.1065513,True,yes
OSM_POI_1185699253,OSM_OVERPASS,1185699253,OSM_TRANSPORT_POIS_20260918,Avadi Hospital,Avadi Hospital,,,hospital,13.1174941,80.1008132,True,yes
OSM_POI_6932453594,OSM_OVERPASS,6932453594,OSM_TRANSPORT_POIS_20260918,Dr Agarwals Eye Hospital Ltd,Dr Agarwals Eye Hospital Ltd,,,hospital,13.1294292,79.9098006,True,
OSM_POI_6933332545,OSM_OVERPASS,6933332545,OSM_TRANSPORT_POIS_20260918,"Subam Hospital, Tiruvallur","Subam Hospital, Tiruvallur",,,hospital,13.12374,79.9112396,True,
OSM_POI_6932623618,OSM_OVERPASS,6932623618,OSM_TRANSPORT_POIS_20260918,"Suriya Hospital, Tiruvallur","Suriya Hospital, Tiruvallur",,,hospital,13.1311793,79.9093902,True,
OSM_POI_7819840740,OSM_OVERPASS,7819840740,OSM_TRANSPORT_POIS_20260918,MJ Orthocare Hospital,MJ Orthocare Hospital,,,hospital,13.1307363,79.9106285,True,
OSM_POI_7819840763,OSM_OVERPASS,7819840763,OSM_TRANSPORT_POIS_20260918,SM Hospital,SM Hospital,,,hospital,13.1363359,79.9086732,True,
OSM_POI_7819840788,OSM_OVERPASS,7819840788,OSM_TRANSPORT_POIS_20260918,Vasan Eyes Care Hospital,Vasan Eyes Care Hospital,,,hospital,13.131197,79.909378,True,
OSM_POI_5229529644,OSM_OVERPASS,5229529644,OSM_TRANSPORT_POIS_20260918,Thiruvallur District Employement Office,Thiruvallur District Employement Office,,,government_office,13.1401029,79.9053833,True,
OSM_POI_7819840729,OSM_OVERPASS,7819840729,OSM_TRANSPORT_POIS_20260918,Janani Hospital,Janani Hospital,,,hospital,13.139584,79.906791,True,
OSM_POI_7819840782,OSM_OVERPASS,7819840782,OSM_TRANSPORT_POIS_20260918,Thendral Skin and Dental Hospital,Thendral Skin and Dental Hospital,,,hospital,13.139915,79.9078323,True,
OSM_POI_7819840734,OSM_OVERPASS,7819840734,OSM_TRANSPORT_POIS_20260918,Dr.Prabhu Shankar Child Care,Dr.Prabhu Shankar Child Care,,,hospital,13.1439414,79.9052155,True,
OSM_POI_7819840804,OSM_OVERPASS,7819840804,OSM_TRANSPORT_POIS_20260918,Dr. Sarojini Hospital,Dr. Sarojini Hospital,,,hospital,13.1444936,79.903447,True,
OSM_POI_7819840744,OSM_OVERPASS,7819840744,OSM_TRANSPORT_POIS_20260918,Valarmathi Hospital,Valarmathi Hospital,,,hospital,13.1439516,79.908917,True,
OSM_POI_7819840756,OSM_OVERPASS,7819840756,OSM_TRANSPORT_POIS_20260918,Vijayalakshmi Hospital,Vijayalakshmi Hospital,,,hospital,13.143569,79.9088701,True,
OSM_POI_7819840771,OSM_OVERPASS,7819840771,OSM_TRANSPORT_POIS_20260918,CSI Hospital,CSI Hospital,,,hospital,13.14463,79.909159,True,
OSM_POI_7819840732,OSM_OVERPASS,7819840732,OSM_TRANSPORT_POIS_20260918,Herbocare Hospital,Herbocare Hospital,,,hospital,13.131715,79.928058,True,
OSM_POI_7819840793,OSM_OVERPASS,7819840793,OSM_TRANSPORT_POIS_20260918,The Royal Mayush Hospital,The Royal Mayush Hospital,,,hospital,13.1236572,79.964507,True,
OSM_POI_13917491302,OSM_OVERPASS,13917491302,OSM_TRANSPORT_POIS_20260918,Jaya Engineering College,Jaya Engineering College,,,college,13.1354037,80.0453129,True,
OSM_POI_7252256197,OSM_OVERPASS,7252256197,OSM_TRANSPORT_POIS_20260918,"Government Hospital, Velliyur","Government Hospital, Velliyur",,,hospital,13.2177207,80.0117462,True,
OSM_POI_7252256215,OSM_OVERPASS,7252256215,OSM_TRANSPORT_POIS_20260918,Government Hospital Kadhavoor,Government Hospital Kadhavoor,,,hospital,13.1783047,80.0612608,True,
OSM_POI_6527322712,OSM_OVERPASS,6527322712,OSM_TRANSPORT_POIS_20260918,Vel Tech Engineering College,Vel Tech Engineering College,,,college,13.18822,80.1061083,True,
OSM_POI_7252256181,OSM_OVERPASS,7252256181,OSM_TRANSPORT_POIS_20260918,"Government Hospital, Uthukottai","Government Hospital, Uthukottai",,,hospital,13.3327639,79.8983401,True,
OSM_POI_7113926690,OSM_OVERPASS,7113926690,OSM_TRANSPORT_POIS_20260918,"Government E.N.T Hospital,Nindra","Government E.N.T Hospital,Nindra",,,hospital,13.3852204,79.7081259,False,
OSM_POI_13436982219,OSM_OVERPASS,13436982219,OSM_TRANSPORT_POIS_20260918,"MRO Office, Nagalapuram","MRO Office, Nagalapuram",,,government_office,13.3881437,79.7941859,False,
OSM_POI_13436982223,OSM_OVERPASS,13436982223,OSM_TRANSPORT_POIS_20260918,"Grama Sachivalayamm,Nagalapuram","Grama Sachivalayamm,Nagalapuram",,,government_office,13.3875315,79.7946712,False,
OSM_POI_13436982224,OSM_OVERPASS,13436982224,OSM_TRANSPORT_POIS_20260918,"Nagalapuram,Secretariat","Nagalapuram,Secretariat",,,government_office,13.3875116,79.7948811,False,
OSM_POI_8764110005,OSM_OVERPASS,8764110005,OSM_TRANSPORT_POIS_20260918,"Government Hospital, Nagalapuram","Government Hospital, Nagalapuram",,,hospital,13.3853083,79.7981355,False,
OSM_POI_7818702400,OSM_OVERPASS,7818702400,OSM_TRANSPORT_POIS_20260918,Julia Hospital,Julia Hospital,,,hospital,13.3357903,79.9084828,True,
OSM_POI_7652446229,OSM_OVERPASS,7652446229,OSM_TRANSPORT_POIS_20260918,Taj Hospital,Taj Hospital,,,hospital,13.0239396,80.116819,True,
OSM_POI_7823212630,OSM_OVERPASS,7823212630,OSM_TRANSPORT_POIS_20260918,Sai Nursing Home and Maternity Hospital,Sai Nursing Home and Maternity Hospital,,,hospital,13.0372175,80.1136836,True,
OSM_POI_7823212624,OSM_OVERPASS,7823212624,OSM_TRANSPORT_POIS_20260918,Kedar Hospital,Kedar Hospital,,,hospital,13.0441663,80.1364773,True,
OSM_POI_313027868,OSM_OVERPASS,313027868,OSM_TRANSPORT_POIS_20260918,Sri Ramachandra Medical Centre and Hospital,Sri Ramachandra Medical Centre and Hospital,,,hospital,13.0380979,80.1428047,True,
OSM_POI_6914937617,OSM_OVERPASS,6914937617,OSM_TRANSPORT_POIS_20260918,Sri Ramachandra Hospital,Sri Ramachandra Hospital,,,hospital,13.0378713,80.1402023,True,
OSM_POI_7257421544,OSM_OVERPASS,7257421544,OSM_TRANSPORT_POIS_20260918,Sriramachandra Hospital,Sriramachandra Hospital,,,hospital,13.0374439,80.1444537,True,
OSM_POI_6914937634,OSM_OVERPASS,6914937634,OSM_TRANSPORT_POIS_20260918,Sri Ramachandra Medical College And Research Institute,Sri Ramachandra Medical College And Research Institute,,,college,13.0390969,80.1419659,True,
OSM_POI_7257421589,OSM_OVERPASS,7257421589,OSM_TRANSPORT_POIS_20260918,Parvathy Hospital,Parvathy Hospital,,,hospital,13.036525,80.1567342,True,
OSM_POI_6936386662,OSM_OVERPASS,6936386662,OSM_TRANSPORT_POIS_20260918,"Dr Agarwals Eye Hospital Ltd, Chennai","Dr Agarwals Eye Hospital Ltd, Chennai",,,hospital,13.0381353,80.1619336,True,
OSM_POI_6915520031,OSM_OVERPASS,6915520031,OSM_TRANSPORT_POIS_20260918,D.R.R. Eye Hospital,D.R.R. Eye Hospital,,,hospital,13.0459064,80.1136042,True,
OSM_POI_6930464973,OSM_OVERPASS,6930464973,OSM_TRANSPORT_POIS_20260918,Chinnammal Ent Hospital,Chinnammal Ent Hospital,,,hospital,13.0459338,80.1131429,True,
OSM_POI_13135440842,OSM_OVERPASS,13135440842,OSM_TRANSPORT_POIS_20260918,Saveetha school of management,Saveetha school of management,,,college,13.055503,80.1230486,True,
OSM_POI_1833926660,OSM_OVERPASS,1833926660,OSM_TRANSPORT_POIS_20260918,ACS Medical College And Hospital,ACS Medical College And Hospital,,,hospital,13.0575206,80.127824,True,
OSM_POI_7252333399,OSM_OVERPASS,7252333399,OSM_TRANSPORT_POIS_20260918,Dr.Rai Cbcc Centre,Dr.Rai Cbcc Centre,,,hospital,13.05562,80.124419,True,
OSM_POI_7819840767,OSM_OVERPASS,7819840767,OSM_TRANSPORT_POIS_20260918,Aravind Eye Hospital,Aravind Eye Hospital,,,hospital,13.0532913,80.1249542,True,
OSM_POI_2966142809,OSM_OVERPASS,2966142809,OSM_TRANSPORT_POIS_20260918,Appolo Speciality Hospital Vanagram,Appolo Speciality Hospital Vanagram,,,hospital,13.0705042,80.150612,True,
OSM_POI_10782259572,OSM_OVERPASS,10782259572,OSM_TRANSPORT_POIS_20260918,Food Ingredient Specialities Private Limited,Food Ingredient Specialities Private Limited,,,general_poi,13.066822,80.1517149,True,
OSM_POI_6914768069,OSM_OVERPASS,6914768069,OSM_TRANSPORT_POIS_20260918,Kedar Hospital,Kedar Hospital,,,hospital,13.0229098,80.1670808,True,yes
OSM_POI_10266877855,OSM_OVERPASS,10266877855,OSM_TRANSPORT_POIS_20260918,"R Square Academy for Tnpsc, Tnusrb SI, Tet, Police, Ssc, Rrb, Bank Exam Coaching Centre","R Square Academy for Tnpsc, Tnusrb SI, Tet, Police, Ssc, Rrb, Bank Exam Coaching Centre",,,university,13.0307877,80.1638766,True,
OSM_POI_6936264375,OSM_OVERPASS,6936264375,OSM_TRANSPORT_POIS_20260918,Viganesh Hospital,Viganesh Hospital,,,hospital,13.0309126,80.1715896,True,
OSM_POI_4411841790,OSM_OVERPASS,4411841790,OSM_TRANSPORT_POIS_20260918,Dr.MGR HOUSE ENTERENCE,Dr.MGR HOUSE ENTERENCE,,,tourist_attraction,13.0223786,80.1815167,True,
OSM_POI_4411853091,OSM_OVERPASS,4411853091,OSM_TRANSPORT_POIS_20260918,hayden drums class,hayden drums class,,,tourist_attraction,13.0249538,80.1829132,True,
OSM_POI_4411855189,OSM_OVERPASS,4411855189,OSM_TRANSPORT_POIS_20260918,Auto stand(manapakkam),Auto stand(manapakkam),,,tourist_attraction,13.0212794,80.1826984,True,
OSM_POI_13461588601,OSM_OVERPASS,13461588601,OSM_TRANSPORT_POIS_20260918,L&T Shipbuilding,L&T Shipbuilding,,,general_poi,13.0228387,80.1795828,True,
OSM_POI_364650995,OSM_OVERPASS,364650995,OSM_TRANSPORT_POIS_20260918,MIOT International,MIOT International,,,hospital,13.0211808,80.1858412,True,
OSM_POI_4358906001,OSM_OVERPASS,4358906001,OSM_TRANSPORT_POIS_20260918,sathyanagar arch,sathyanagar arch,,,tourist_attraction,13.0228186,80.1838098,True,
OSM_POI_4368012389,OSM_OVERPASS,4368012389,OSM_TRANSPORT_POIS_20260918,s.sriram,sriram.s,,,tourist_attraction,13.0229114,80.1850132,True,
OSM_POI_4368248989,OSM_OVERPASS,4368248989,OSM_TRANSPORT_POIS_20260918,Muthu arravind,Muthu arravind,,,tourist_attraction,13.0230756,80.1848126,True,
OSM_POI_4411812194,OSM_OVERPASS,4411812194,OSM_TRANSPORT_POIS_20260918,boot bangla,boot bangla,,,tourist_attraction,13.0241732,80.1837244,True,
OSM_POI_13694295601,OSM_OVERPASS,13694295601,OSM_TRANSPORT_POIS_20260918,Palaniappa Hospital,Palaniappa Hospital,,,hospital,13.0275517,80.1832531,True,
OSM_POI_4411851895,OSM_OVERPASS,4411851895,OSM_TRANSPORT_POIS_20260918,Home Finders Estate,Home Finders Estate,,,tourist_attraction,13.0254529,80.183303,True,
OSM_POI_2072479943,OSM_OVERPASS,2072479943,OSM_TRANSPORT_POIS_20260918,JK Hospital,JK Hospital,,,hospital,13.0358564,80.1644897,True,
OSM_POI_7257421549,OSM_OVERPASS,7257421549,OSM_TRANSPORT_POIS_20260918,Chinna Porur Government Hospital,Chinna Porur Government Hospital,,,hospital,13.0369528,80.169935,True,
OSM_POI_6933831617,OSM_OVERPASS,6933831617,OSM_TRANSPORT_POIS_20260918,"Vasan Eye Care Hospital, Valasaravakkam","Vasan Eye Care Hospital, Valasaravakkam",,,hospital,13.0411063,80.1747546,True,
OSM_POI_1015571498,OSM_OVERPASS,1015571498,OSM_TRANSPORT_POIS_20260918,Srm Speciality Hospital,Srm Speciality Hospital,,,hospital,13.0331325,80.1810857,True,
OSM_POI_1015571601,OSM_OVERPASS,1015571601,OSM_TRANSPORT_POIS_20260918,SRM Dental Hospital,SRM Dental Hospital,,,hospital,13.0321291,80.1801201,True,
OSM_POI_6936434314,OSM_OVERPASS,6936434314,OSM_TRANSPORT_POIS_20260918,"Srushti Hospital, Ramapuram","Srushti Hospital, Ramapuram",,,hospital,13.0353484,80.1822808,True,
OSM_POI_4486583996,OSM_OVERPASS,4486583996,OSM_TRANSPORT_POIS_20260918,Chennai Medical Centre Hospital,Chennai Medical Centre Hospital,,,hospital,13.0380047,80.1889685,True,
OSM_POI_6937398987,OSM_OVERPASS,6937398987,OSM_TRANSPORT_POIS_20260918,Roy's Heart Foundation,Roy's Heart Foundation,,,hospital,13.0345893,80.1836944,True,
OSM_POI_2794348661,OSM_OVERPASS,2794348661,OSM_TRANSPORT_POIS_20260918,A.N.N Hospital,A.N.N Hospital,,,hospital,13.0405941,80.1784622,True,
OSM_POI_6914280093,OSM_OVERPASS,6914280093,OSM_TRANSPORT_POIS_20260918,Rakshith Hospitals,Rakshith Hospitals,,,hospital,13.042307,80.177473,True,
OSM_POI_7819840748,OSM_OVERPASS,7819840748,OSM_TRANSPORT_POIS_20260918,Vasanthi Dental Hospital,Vasanthi Dental Hospital,,,hospital,13.0401817,80.1803453,True,
OSM_POI_310015097,OSM_OVERPASS,310015097,OSM_TRANSPORT_POIS_20260918,Military Hospital,Military Hospital,,,hospital,13.0194622,80.1972947,True,
OSM_POI_7257421615,OSM_OVERPASS,7257421615,OSM_TRANSPORT_POIS_20260918,Janani Hospital,Janani Hospital,,,hospital,13.0313233,80.1909256,True,
OSM_POI_5227463357,OSM_OVERPASS,5227463357,OSM_TRANSPORT_POIS_20260918,NSIC,NSIC,,,government_office,13.0211094,80.2065031,True,
OSM_POI_13718255501,OSM_OVERPASS,13718255501,OSM_TRANSPORT_POIS_20260918,iGold Technologies,iGold Technologies,,,general_poi,13.0224473,80.2068177,True,
OSM_POI_6185882385,OSM_OVERPASS,6185882385,OSM_TRANSPORT_POIS_20260918,Nivas Skin Clinic,Nivas Skin Clinic,,,hospital,13.0289663,80.2085951,True,
OSM_POI_4851068122,OSM_OVERPASS,4851068122,OSM_TRANSPORT_POIS_20260918,SRI GROUP,SRI GROUP,,,tourist_attraction,13.0298561,80.2135171,True,
OSM_POI_8108591031,OSM_OVERPASS,8108591031,OSM_TRANSPORT_POIS_20260918,KS Bone and Joint Clinic - Ortho,KS Bone and Joint Clinic - Ortho,,,hospital,13.026029,80.212368,True,
OSM_POI_7257421586,OSM_OVERPASS,7257421586,OSM_TRANSPORT_POIS_20260918,Arokiya hospital,Arokiya hospital,,,hospital,13.0374234,80.190944,True,
OSM_POI_6926055923,OSM_OVERPASS,6926055923,OSM_TRANSPORT_POIS_20260918,K.M. Speciality Hospital,K.M. Speciality Hospital,,,hospital,13.0379671,80.2013517,True,
OSM_POI_7181748147,OSM_OVERPASS,7181748147,OSM_TRANSPORT_POIS_20260918,Bharani Hospital,Bharani Hospital,,,hospital,13.0380111,80.2013205,True,
OSM_POI_8099947735,OSM_OVERPASS,8099947735,OSM_TRANSPORT_POIS_20260918,K.M. Nursing Home,K.M. Nursing Home,,,hospital,13.0371216,80.2013389,True,
OSM_POI_7823776197,OSM_OVERPASS,7823776197,OSM_TRANSPORT_POIS_20260918,Arun Vijaya Hospitals,Arun Vijaya Hospitals,,,hospital,13.038873,80.192755,True,
OSM_POI_7252333390,OSM_OVERPASS,7252333390,OSM_TRANSPORT_POIS_20260918,Guru Raghavendra Hospital,Guru Raghavendra Hospital,,,hospital,13.0410091,80.1964532,True,
OSM_POI_370142855,OSM_OVERPASS,370142855,OSM_TRANSPORT_POIS_20260918,RTO Office KK Nagar,RTO Office KK Nagar,,,government_office,13.0322794,80.2091556,True,
OSM_POI_4332284589,OSM_OVERPASS,4332284589,OSM_TRANSPORT_POIS_20260918,BHARAT SCANS,BHARAT SCANS,,,tourist_attraction,13.0337069,80.2122522,True,
OSM_POI_6926055922,OSM_OVERPASS,6926055922,OSM_TRANSPORT_POIS_20260918,Ammayi Eye Hospital,Ammayi Eye Hospital,,,hospital,13.0331935,80.2159045,True,
OSM_POI_7257421540,OSM_OVERPASS,7257421540,OSM_TRANSPORT_POIS_20260918,Sunrays Laproscopic Centre,Sunrays Laproscopic Centre,,,hospital,13.0319129,80.2099892,True,
OSM_POI_8111861614,OSM_OVERPASS,8111861614,OSM_TRANSPORT_POIS_20260918,Shens Multi-Speciality Hospital,Shens Multi-Speciality Hospital,,,hospital,13.0318828,80.2103124,True,
OSM_POI_248420920,OSM_OVERPASS,248420920,OSM_TRANSPORT_POIS_20260918,Kalaignar Karunanidhi Nagar,KK Nagar,கலைஞர் கருணாநிதி நகர்,,hospital,13.0386493,80.2052158,True,
OSM_POI_6926118208,OSM_OVERPASS,6926118208,OSM_TRANSPORT_POIS_20260918,"S M Hospital, Chennai","S M Hospital, Chennai",,,hospital,13.0400969,80.2044211,True,
OSM_POI_6934340749,OSM_OVERPASS,6934340749,OSM_TRANSPORT_POIS_20260918,Orthopedic and Specialities Hospital,Orthopedic and Specialities Hospital,,,hospital,13.0390564,80.2086724,True,
OSM_POI_5192973221,OSM_OVERPASS,5192973221,OSM_TRANSPORT_POIS_20260918,Stellar Business solution,Stellar Business solution,,,general_poi,13.0436389,80.2117031,True,
OSM_POI_6930163091,OSM_OVERPASS,6930163091,OSM_TRANSPORT_POIS_20260918,Je Nesam Hospital,Je Nesam Hospital,,,hospital,13.0405732,80.2146873,True,
OSM_POI_6934340782,OSM_OVERPASS,6934340782,OSM_TRANSPORT_POIS_20260918,Pallava Hospital,Pallava Hospital,,,hospital,13.0420391,80.2126005,True,
OSM_POI_7257421583,OSM_OVERPASS,7257421583,OSM_TRANSPORT_POIS_20260918,Kumaran Specialities Hospital,Kumaran Specialities Hospital,,,hospital,13.03968,80.21204,True,
OSM_POI_10294576078,OSM_OVERPASS,10294576078,OSM_TRANSPORT_POIS_20260918,Vasantha Memorial Cancer Centre,Vasantha Memorial Cancer Centre,,,hospital,13.040756,80.2146876,True,
OSM_POI_7819840797,OSM_OVERPASS,7819840797,OSM_TRANSPORT_POIS_20260918,Meenakshi Mission Hospital,Meenakshi Mission Hospital,,,hospital,13.0472622,80.1815603,True,
OSM_POI_6936244762,OSM_OVERPASS,6936244762,OSM_TRANSPORT_POIS_20260918,Royal Hospital - Chennai,Royal Hospital - Chennai,,,hospital,13.0449677,80.1846506,True,
OSM_POI_6937497904,OSM_OVERPASS,6937497904,OSM_TRANSPORT_POIS_20260918,Aaditya Kamaraja Eye Hospital,Aaditya Kamaraja Eye Hospital,,,hospital,13.0463676,80.1865241,True,
OSM_POI_7252333341,OSM_OVERPASS,7252333341,OSM_TRANSPORT_POIS_20260918,Subam Specialities Hospitals,Subam Specialities Hospitals,,,hospital,13.0469783,80.1895003,True,
OSM_POI_7819840745,OSM_OVERPASS,7819840745,OSM_TRANSPORT_POIS_20260918,Kannimaram Hospital,Kannimaram Hospital,,,hospital,13.0471845,80.184358,True,
OSM_POI_7819840806,OSM_OVERPASS,7819840806,OSM_TRANSPORT_POIS_20260918,Shanthi Hospital,Shanthi Hospital,,,hospital,13.0470409,80.1841129,True,
OSM_POI_7252333388,OSM_OVERPASS,7252333388,OSM_TRANSPORT_POIS_20260918,Standard Hospital,Standard Hospital,,,hospital,13.0524675,80.1898468,True,
OSM_POI_7252333346,OSM_OVERPASS,7252333346,OSM_TRANSPORT_POIS_20260918,Srisaihospital With Matrinity Facility,Srisaihospital With Matrinity Facility,,,hospital,13.0692631,80.1799109,True,
OSM_POI_7252333352,OSM_OVERPASS,7252333352,OSM_TRANSPORT_POIS_20260918,Hera Hospital,Hera Hospital,,,hospital,13.0508643,80.1922458,True,
OSM_POI_6931658649,OSM_OVERPASS,6931658649,OSM_TRANSPORT_POIS_20260918,V H M Hospitals Pvt Ltd,V H M Hospitals Pvt Ltd,,,hospital,13.0462892,80.1979979,True,
OSM_POI_597590621,OSM_OVERPASS,597590621,OSM_TRANSPORT_POIS_20260918,JJ Hospital,JJ Hospital,,,hospital,13.0571293,80.1942138,True,
OSM_POI_7252333402,OSM_OVERPASS,7252333402,OSM_TRANSPORT_POIS_20260918,Annai multispeciality hospital,Annai multispeciality hospital,,,hospital,13.0538856,80.1927125,True,
OSM_POI_7823776227,OSM_OVERPASS,7823776227,OSM_TRANSPORT_POIS_20260918,Lily Shantha Hospital,Lily Shantha Hospital,,,hospital,13.0516365,80.1939117,True,
OSM_POI_7823776246,OSM_OVERPASS,7823776246,OSM_TRANSPORT_POIS_20260918,Standard Hospital,Standard Hospital,,,hospital,13.0526943,80.1899425,True,
OSM_POI_7823776250,OSM_OVERPASS,7823776250,OSM_TRANSPORT_POIS_20260918,MM Hospital,MM Hospital,,,hospital,13.0527721,80.191781,True,
OSM_POI_6812204694,OSM_OVERPASS,6812204694,OSM_TRANSPORT_POIS_20260918,லேங்ஸ்கேப் லேங்குவேஜ் சல்யுசன்,Langscape language solution,,,general_poi,13.0543975,80.2022255,True,
OSM_POI_7823776209,OSM_OVERPASS,7823776209,OSM_TRANSPORT_POIS_20260918,C.M. Hospital,C.M. Hospital,,,hospital,13.0553167,80.2012868,True,
OSM_POI_7823776233,OSM_OVERPASS,7823776233,OSM_TRANSPORT_POIS_20260918,Swastik Hospital,Swastik Hospital,,,hospital,13.0539266,80.1991968,True,
OSM_POI_7823776254,OSM_OVERPASS,7823776254,OSM_TRANSPORT_POIS_20260918,Krishna Geetham Vaidyasala,Krishna Geetham Vaidyasala,,,hospital,13.0538214,80.1989274,True,
OSM_POI_459648701,OSM_OVERPASS,459648701,OSM_TRANSPORT_POIS_20260918,Vijaya Heart Centre,Vijaya Heart Centre,,,hospital,13.0483819,80.2070144,True,
OSM_POI_5500158687,OSM_OVERPASS,5500158687,OSM_TRANSPORT_POIS_20260918,Vijaya Group of Hospital,Vijaya Group of Hospital,,,hospital,13.0497391,80.2083222,True,
OSM_POI_6936339711,OSM_OVERPASS,6936339711,OSM_TRANSPORT_POIS_20260918,R.R. Eye Instutute and Laser Foundation,R.R. Eye Instutute and Laser Foundation,,,hospital,13.0483992,80.2040416,True,
OSM_POI_6936708989,OSM_OVERPASS,6936708989,OSM_TRANSPORT_POIS_20260918,Sooriya Hospital,Sooriya Hospital,,,hospital,13.0481888,80.2035199,True,
OSM_POI_6936874933,OSM_OVERPASS,6936874933,OSM_TRANSPORT_POIS_20260918,Paterson Cancer Center / Vijaya Health Centre Premises,Paterson Cancer Center / Vijaya Health Centre Premises,,,hospital,13.0475826,80.2069719,True,
OSM_POI_7823776253,OSM_OVERPASS,7823776253,OSM_TRANSPORT_POIS_20260918,Arun Hospital,Arun Hospital,,,hospital,13.0514652,80.2031882,True,
OSM_POI_8108467017,OSM_OVERPASS,8108467017,OSM_TRANSPORT_POIS_20260918,உழைப்பாளி மருத்துவமனை,Uzhaippali hospital,,,hospital,13.0487242,80.2036274,True,
OSM_POI_595706154,OSM_OVERPASS,595706154,OSM_TRANSPORT_POIS_20260918,"Vasan Eye Care Hospital, Vadapalani","Vasan Eye Care Hospital, Vadapalani",,,hospital,13.0495316,80.211027,True,
OSM_POI_459635161,OSM_OVERPASS,459635161,OSM_TRANSPORT_POIS_20260918,Apollo Clinic & Pharmacy,Apollo Clinic & Pharmacy,,,hospital,13.05244,80.2041657,True,
OSM_POI_7823776196,OSM_OVERPASS,7823776196,OSM_TRANSPORT_POIS_20260918,R.S. Hospital,R.S. Hospital,,,hospital,13.0549375,80.2068588,True,
OSM_POI_7823776213,OSM_OVERPASS,7823776213,OSM_TRANSPORT_POIS_20260918,Shali Day & Night Hospital,Shali Day & Night Hospital,,,hospital,13.051996,80.204702,True,
OSM_POI_7823776217,OSM_OVERPASS,7823776217,OSM_TRANSPORT_POIS_20260918,Diawin Multi Speciality Siddha Hospital,Diawin Multi Speciality Siddha Hospital,,,hospital,13.0520108,80.2076585,True,
OSM_POI_1127285905,OSM_OVERPASS,1127285905,OSM_TRANSPORT_POIS_20260918,Aakash Fertility Centre & Hospital,Aakash Fertility Centre & Hospital,,,hospital,13.0554597,80.2118365,True,
OSM_POI_4488082604,OSM_OVERPASS,4488082604,OSM_TRANSPORT_POIS_20260918,SRM Institutes For Medical Science,SRM Institutes For Medical Science,,,hospital,13.0515961,80.2114304,True,
OSM_POI_6914927162,OSM_OVERPASS,6914927162,OSM_TRANSPORT_POIS_20260918,Vadapalani Multispeciality Hospital,Vadapalani Multispeciality Hospital,,,hospital,13.0516559,80.2133146,True,
OSM_POI_6927647007,OSM_OVERPASS,6927647007,OSM_TRANSPORT_POIS_20260918,Vijaya Heart Foundation - Vijaya Hospital,Vijaya Heart Foundation - Vijaya Hospital,,,hospital,13.054729,80.2110462,True,
OSM_POI_7252333375,OSM_OVERPASS,7252333375,OSM_TRANSPORT_POIS_20260918,Priyas Medical Centre,Priyas Medical Centre,,,hospital,13.0594024,80.1954415,True,
OSM_POI_7252333416,OSM_OVERPASS,7252333416,OSM_TRANSPORT_POIS_20260918,Government Hospital For Ladies And Children,Government Hospital For Ladies And Children,,,hospital,13.0590564,80.1928218,True,
OSM_POI_1315895438,OSM_OVERPASS,1315895438,OSM_TRANSPORT_POIS_20260918,sree dhanalakshmi family clinic,sree dhanalakshmi family clinic,,,hospital,13.0583046,80.211745,True,
OSM_POI_941426010,OSM_OVERPASS,941426010,OSM_TRANSPORT_POIS_20260918,Election Commission Office,Election Commission Office,,,government_office,13.0696251,80.2064345,True,
OSM_POI_1948616260,OSM_OVERPASS,1948616260,OSM_TRANSPORT_POIS_20260918,Apollo Free Emergency Clinic,Apollo Free Emergency Clinic,,,hospital,13.0677233,80.2050055,True,
OSM_POI_4830775366,OSM_OVERPASS,4830775366,OSM_TRANSPORT_POIS_20260918,National Institute of Epidemiology,National Institute of Epidemiology,,,government_office,13.1006471,80.1398164,True,
OSM_POI_540658116,OSM_OVERPASS,540658116,OSM_TRANSPORT_POIS_20260918,B.M.Orthopaedic Hospital,B.M.Orthopaedic Hospital,,,hospital,13.1181104,80.1499411,True,
OSM_POI_6929599461,OSM_OVERPASS,6929599461,OSM_TRANSPORT_POIS_20260918,Dr Rabindran's Health Care Center,Dr Rabindran's Health Care Center,,,hospital,13.1190773,80.1504859,True,
OSM_POI_10266829567,OSM_OVERPASS,10266829567,OSM_TRANSPORT_POIS_20260918,R Square Academy,R Square Academy,,,university,13.1210737,80.1486273,True,
OSM_POI_6928800365,OSM_OVERPASS,6928800365,OSM_TRANSPORT_POIS_20260918,Dr.Bhats Eye Hospital,Dr.Bhats Eye Hospital,,,hospital,13.1185204,80.1523131,True,
OSM_POI_6934340710,OSM_OVERPASS,6934340710,OSM_TRANSPORT_POIS_20260918,Om Shakthi Hospital,Om Shakthi Hospital,,,hospital,13.1184222,80.1507749,True,
OSM_POI_7868260223,OSM_OVERPASS,7868260223,OSM_TRANSPORT_POIS_20260918,Ambattur Regional Trasnport Office,Ambattur Regional Trasnport Office,,,government_office,13.1179892,80.1541191,True,
OSM_POI_1621246558,OSM_OVERPASS,1621246558,OSM_TRANSPORT_POIS_20260918,Ashwini Eye Care,Ashwini Eye Care,,,hospital,13.1187083,80.1572422,True,
OSM_POI_6928330859,OSM_OVERPASS,6928330859,OSM_TRANSPORT_POIS_20260918,Dr. Arvind Vision Care,Dr. Arvind Vision Care,,,hospital,13.0840124,80.1691809,True,
OSM_POI_6936315219,OSM_OVERPASS,6936315219,OSM_TRANSPORT_POIS_20260918,Spandana Surgical Centre,Spandana Surgical Centre,,,hospital,13.0834455,80.1749497,True,
OSM_POI_12162845607,OSM_OVERPASS,12162845607,OSM_TRANSPORT_POIS_20260918,Integrated Sub Registrar Office's Campus,Integrated Sub Registrar Office's Campus,,,government_office,13.0781589,80.1728344,True,
OSM_POI_5372430634,OSM_OVERPASS,5372430634,OSM_TRANSPORT_POIS_20260918,Trail cloud innovation services Pvt.Ltd,Trail cloud innovation services Pvt.Ltd,,,general_poi,13.0817411,80.1799131,True,
OSM_POI_5492573024,OSM_OVERPASS,5492573024,OSM_TRANSPORT_POIS_20260918,VSR Hospital,VSR Hospital,,,hospital,13.0799682,80.1805593,True,
OSM_POI_5492577281,OSM_OVERPASS,5492577281,OSM_TRANSPORT_POIS_20260918,New Life Family Hospitals,New Life Family Hospitals,,,hospital,13.0800478,80.1804976,True,
OSM_POI_6914768085,OSM_OVERPASS,6914768085,OSM_TRANSPORT_POIS_20260918,Srinivas Eye Hospital,Srinivas Eye Hospital,,,hospital,13.0829726,80.1796965,True,
OSM_POI_11468740371,OSM_OVERPASS,11468740371,OSM_TRANSPORT_POIS_20260918,SMF,Sundaram Medical Foundation Dr. Rangarajan Memorial Hospital,,,hospital,13.0868727,80.1697458,True,
OSM_POI_7252333369,OSM_OVERPASS,7252333369,OSM_TRANSPORT_POIS_20260918,Tanker Dialysis Foundation Unit,Tanker Dialysis Foundation Unit,,,hospital,13.09041,80.175293,True,
OSM_POI_6930489015,OSM_OVERPASS,6930489015,OSM_TRANSPORT_POIS_20260918,Cholayil Sanjeevanam Ayurveda,Cholayil Sanjeevanam Ayurveda,,,hospital,13.0844527,80.1798642,True,
OSM_POI_11162390408,OSM_OVERPASS,11162390408,OSM_TRANSPORT_POIS_20260918,Dr. Vijay's Hospital,Dr. Vijay's Hospital,,,hospital,13.0856699,80.1797716,True,
OSM_POI_3702797921,OSM_OVERPASS,3702797921,OSM_TRANSPORT_POIS_20260918,Madras Medical Mission Hospital - Institute of Cardio Vascular Diseases,Madras Medical Mission Hospital - Institute of Cardio Vascular Diseases,,,hospital,13.0859961,80.1870589,True,yes
OSM_POI_6928444701,OSM_OVERPASS,6928444701,OSM_TRANSPORT_POIS_20260918,"SKS Hospital, Chennai","SKS Hospital, Chennai",,,hospital,13.0896987,80.1877418,True,
OSM_POI_5318579593,OSM_OVERPASS,5318579593,OSM_TRANSPORT_POIS_20260918,C.P.W.D Service Center,C.P.W.D Service Center,,,government_office,13.0828529,80.1976383,True,
OSM_POI_5318582177,OSM_OVERPASS,5318582177,OSM_TRANSPORT_POIS_20260918,Nirman Bhavan,Nirman Bhavan,,,government_office,13.0829041,80.1969507,True,
OSM_POI_6931772941,OSM_OVERPASS,6931772941,OSM_TRANSPORT_POIS_20260918,Robin and Robin Health Care,Robin and Robin Health Care,,,hospital,13.0807741,80.1989025,True,
OSM_POI_6933038567,OSM_OVERPASS,6933038567,OSM_TRANSPORT_POIS_20260918,Indian Hospitals,Indian Hospitals,,,hospital,13.0766658,80.2057502,True,
OSM_POI_941471945,OSM_OVERPASS,941471945,OSM_TRANSPORT_POIS_20260918,Appasamy Hospital,Appasamy Hospital,,,hospital,13.0750445,80.2151198,True,
OSM_POI_941611681,OSM_OVERPASS,941611681,OSM_TRANSPORT_POIS_20260918,Appasamy Hospital,Appasamy Hospital,,,hospital,13.073239,80.2148826,True,
OSM_POI_6914880584,OSM_OVERPASS,6914880584,OSM_TRANSPORT_POIS_20260918,Vasanthi Orthopaedic Hospital,Vasanthi Orthopaedic Hospital,,,hospital,13.0723588,80.2157642,True,
OSM_POI_6927267098,OSM_OVERPASS,6927267098,OSM_TRANSPORT_POIS_20260918,Ayur Kshetra ( A Unit Of Institute Of Ayurvedic Research Pvt Ltd),Ayur Kshetra ( A Unit Of Institute Of Ayurvedic Research Pvt Ltd),,,hospital,13.0760812,80.2107431,True,
OSM_POI_7210895386,OSM_OVERPASS,7210895386,OSM_TRANSPORT_POIS_20260918,Tamil Nadu Urological Research Centre Best Kidney Stone Clinic,Tamil Nadu Urological Research Centre Best Kidney Stone Clinic,,,hospital,13.0748708,80.2147555,True,
OSM_POI_295552091,OSM_OVERPASS,295552091,OSM_TRANSPORT_POIS_20260918,Sundaram Medical Foundation,Sundaram Medical Foundation,,,hospital,13.08217,80.2069819,True,
OSM_POI_6934340638,OSM_OVERPASS,6934340638,OSM_TRANSPORT_POIS_20260918,Neomed Hospital - Chennai,Neomed Hospital - Chennai,,,hospital,13.083452,80.2030747,True,
OSM_POI_6936696240,OSM_OVERPASS,6936696240,OSM_TRANSPORT_POIS_20260918,Titan Eye,Titan Eye,,,hospital,13.082343,80.2076291,True,
OSM_POI_612556884,OSM_OVERPASS,612556884,OSM_TRANSPORT_POIS_20260918,Anna Adharsh College for Women,Anna Adharsh College for Women,,,college,13.0798455,80.2106862,True,
OSM_POI_6914768086,OSM_OVERPASS,6914768086,OSM_TRANSPORT_POIS_20260918,Soundarapandian Bone and Joint Hospital Research Institute Pvt. Ltd.,Soundarapandian Bone and Joint Hospital Research Institute Pvt. Ltd.,,,hospital,13.0838202,80.2156412,True,
OSM_POI_12841106305,OSM_OVERPASS,12841106305,OSM_TRANSPORT_POIS_20260918,ONGC Anna Nagar Office Complex,ONGC Anna Nagar Office Complex,,,government_office,13.0901563,80.1926435,True,
OSM_POI_295552092,OSM_OVERPASS,295552092,OSM_TRANSPORT_POIS_20260918,Sri Devi Speciality Hospial,Sri Devi Speciality Hospial,,,hospital,13.0887983,80.1994692,True,
OSM_POI_1957903721,OSM_OVERPASS,1957903721,OSM_TRANSPORT_POIS_20260918,Senthil Nursing Home,Senthil Nursing Home,,,hospital,13.0849671,80.2004752,True,
OSM_POI_1957904106,OSM_OVERPASS,1957904106,OSM_TRANSPORT_POIS_20260918,I K Hospital,I K Hospital,,,hospital,13.0868667,80.1991661,True,
OSM_POI_12841106502,OSM_OVERPASS,12841106502,OSM_TRANSPORT_POIS_20260918,Laptop Spa,Laptop Spa,,,general_poi,13.0906274,80.1982538,True,
OSM_POI_6929250392,OSM_OVERPASS,6929250392,OSM_TRANSPORT_POIS_20260918,Dhanvantari Eye Care,Dhanvantari Eye Care,,,hospital,13.0973284,80.1942193,True,
OSM_POI_9345560481,OSM_OVERPASS,9345560481,OSM_TRANSPORT_POIS_20260918,IPCS Automation,IPCS Automation,,,general_poi,13.0915424,80.1967956,True,
OSM_POI_10271805421,OSM_OVERPASS,10271805421,OSM_TRANSPORT_POIS_20260918,Frame of Mind - SCARF Psychiatric Hospital,Frame of Mind - SCARF Psychiatric Hospital,,,hospital,13.0972767,80.1982422,True,
OSM_POI_5306605791,OSM_OVERPASS,5306605791,OSM_TRANSPORT_POIS_20260918,Kendriya Bhandar Regional Office,Kendriya Bhandar Regional Office,,,government_office,13.087798,80.2046081,True,
OSM_POI_5306607745,OSM_OVERPASS,5306607745,OSM_TRANSPORT_POIS_20260918,Central PWD Service Center,Central PWD Service Center,,,government_office,13.0881117,80.2035167,True,
OSM_POI_295544111,OSM_OVERPASS,295544111,OSM_TRANSPORT_POIS_20260918,K.H.M. Hospital,K.H.M. Hospital,,,hospital,13.0844992,80.2130591,True,
OSM_POI_6932068862,OSM_OVERPASS,6932068862,OSM_TRANSPORT_POIS_20260918,West Madras Medical Centre,West Madras Medical Centre,,,hospital,13.0850496,80.215956,True,
OSM_POI_6932740110,OSM_OVERPASS,6932740110,OSM_TRANSPORT_POIS_20260918,Sunder Eye Hospital,Sunder Eye Hospital,,,hospital,13.08497,80.2159721,True,
OSM_POI_6926280322,OSM_OVERPASS,6926280322,OSM_TRANSPORT_POIS_20260918,Aashiana Hospital,Aashiana Hospital,,,hospital,13.0924039,80.2090184,True,
OSM_POI_7252333403,OSM_OVERPASS,7252333403,OSM_TRANSPORT_POIS_20260918,Firm Hospital,Firm Hospital,,,hospital,13.0916464,80.2139939,True,
OSM_POI_6141721985,OSM_OVERPASS,6141721985,OSM_TRANSPORT_POIS_20260918,Hcl amb 6,Hcl amb 6,,,general_poi,13.099363,80.1674694,True,
OSM_POI_6141721986,OSM_OVERPASS,6141721986,OSM_TRANSPORT_POIS_20260918,HCL amb 6,HCL amb 6,,,general_poi,13.0993701,80.1674229,True,
OSM_POI_1917378397,OSM_OVERPASS,1917378397,OSM_TRANSPORT_POIS_20260918,Lucas TVS Limited,Lucas TVS Limited,,,general_poi,13.1011835,80.1893593,True,
OSM_POI_1977806954,OSM_OVERPASS,1977806954,OSM_TRANSPORT_POIS_20260918,Sundaram Fasteners,Sundaram Fasteners,,,general_poi,13.1088481,80.1895988,True,
OSM_POI_1664155551,OSM_OVERPASS,1664155551,OSM_TRANSPORT_POIS_20260918,Wheels India Limited,Wheels India Limited,,,general_poi,13.1021032,80.1930428,True,
OSM_POI_1664155552,OSM_OVERPASS,1664155552,OSM_TRANSPORT_POIS_20260918,Brakes India Limited,Brakes India Limited,,,general_poi,13.1017165,80.1909828,True,
OSM_POI_1664155553,OSM_OVERPASS,1664155553,OSM_TRANSPORT_POIS_20260918,Sundaram Clayton,Sundaram Clayton,,,general_poi,13.1020143,80.1925224,True,
OSM_POI_1917378398,OSM_OVERPASS,1917378398,OSM_TRANSPORT_POIS_20260918,Sundaram Brake Lining,Sundaram Brake Lining,,,general_poi,13.1098935,80.1914657,True,
OSM_POI_14100123201,OSM_OVERPASS,14100123201,OSM_TRANSPORT_POIS_20260918,Forsam India,Forsam India,,,general_poi,13.1086479,80.2005544,True,
OSM_POI_6914768063,OSM_OVERPASS,6914768063,OSM_TRANSPORT_POIS_20260918,Cauvery Trust Hospital,Cauvery Trust Hospital,,,hospital,13.1026603,80.2112943,True,
OSM_POI_6936369001,OSM_OVERPASS,6936369001,OSM_TRANSPORT_POIS_20260918,D R J Hospital P. Ltd.,D R J Hospital P. Ltd.,,,hospital,13.1217887,80.1996361,True,
OSM_POI_6936994823,OSM_OVERPASS,6936994823,OSM_TRANSPORT_POIS_20260918,B B Hospital,B B Hospital,,,hospital,13.1184203,80.204346,True,
OSM_POI_10261422409,OSM_OVERPASS,10261422409,OSM_TRANSPORT_POIS_20260918,Women And Children Foundation Hospital,Women And Children Foundation Hospital,,WCF Hospital Kolathur,hospital,13.1180276,80.2126037,True,
OSM_POI_4308320005,OSM_OVERPASS,4308320005,OSM_TRANSPORT_POIS_20260918,MLA OFFICE ,MLA OFFICE ,,,tourist_attraction,13.0247674,80.2182663,True,
OSM_POI_6914896214,OSM_OVERPASS,6914896214,OSM_TRANSPORT_POIS_20260918,R.G. Stone Urological Research Institute,R.G. Stone Urological Research Institute,,,hospital,13.0240792,80.2278288,True,
OSM_POI_4308319493,OSM_OVERPASS,4308319493,OSM_TRANSPORT_POIS_20260918,CHENNAI CORPORATION PARK,CHENNAI CORPORATION PARK,,,tourist_attraction,13.0263685,80.2171939,True,
OSM_POI_6929259906,OSM_OVERPASS,6929259906,OSM_TRANSPORT_POIS_20260918,Lakshmi Hospital,Lakshmi Hospital,,,hospital,13.0314888,80.2218689,True,
OSM_POI_5631872266,OSM_OVERPASS,5631872266,OSM_TRANSPORT_POIS_20260918,Annamalai Hospital,Annamalai Hospital,,,hospital,13.031147,80.2228983,True,
OSM_POI_6929592168,OSM_OVERPASS,6929592168,OSM_TRANSPORT_POIS_20260918,Balakrishna Eye Hospital,Balakrishna Eye Hospital,,,hospital,13.0274436,80.2269866,True,
OSM_POI_7257421602,OSM_OVERPASS,7257421602,OSM_TRANSPORT_POIS_20260918,Kanamapet Government Hospital,Kanamapet Government Hospital,,,hospital,13.0298989,80.2261208,True,
OSM_POI_6915836812,OSM_OVERPASS,6915836812,OSM_TRANSPORT_POIS_20260918,Huma Specialists Hospital and Research Centre Pvt Ltd,Huma Specialists Hospital and Research Centre Pvt Ltd,,,hospital,13.0282655,80.235353,True,
OSM_POI_6934340658,OSM_OVERPASS,6934340658,OSM_TRANSPORT_POIS_20260918,"New Balaji Hospital, Chennai","New Balaji Hospital, Chennai",,,hospital,13.0316469,80.2311185,True,
OSM_POI_6002033613,OSM_OVERPASS,6002033613,OSM_TRANSPORT_POIS_20260918,GeoConcept India,GeoConcept India,,,general_poi,13.0306832,80.238488,True,
OSM_POI_4308319795,OSM_OVERPASS,4308319795,OSM_TRANSPORT_POIS_20260918,CHICKEN 65 SHOP,CHICKEN 65 SHOP,,,tourist_attraction,13.0323409,80.2200818,True,
OSM_POI_5631872277,OSM_OVERPASS,5631872277,OSM_TRANSPORT_POIS_20260918,Ezhil Hospital,Ezhil Hospital,,,hospital,13.0319539,80.2207913,True,
OSM_POI_6926045326,OSM_OVERPASS,6926045326,OSM_TRANSPORT_POIS_20260918,Sri Sai Krs Hospital,Sri Sai Krs Hospital,,,hospital,13.0379757,80.2162984,True,
OSM_POI_6928920473,OSM_OVERPASS,6928920473,OSM_TRANSPORT_POIS_20260918,Dr.Duraiswami Eye Hospital,Dr.Duraiswami Eye Hospital,,,hospital,13.034051,80.2279374,True,
OSM_POI_1955943159,OSM_OVERPASS,1955943159,OSM_TRANSPORT_POIS_20260918,Agarwal Hospital,Agarwal Hospital,,,hospital,13.0385656,80.2165845,True,
OSM_POI_6011857185,OSM_OVERPASS,6011857185,OSM_TRANSPORT_POIS_20260918,Detroit Engineered Products,Detroit Engineered Products,,,general_poi,13.0410771,80.2161675,True,
OSM_POI_6914911764,OSM_OVERPASS,6914911764,OSM_TRANSPORT_POIS_20260918,"Vasanthram Hospital (P) Ltd.,","Vasanthram Hospital (P) Ltd.,",,,hospital,13.0433091,80.2187696,True,
OSM_POI_6936684391,OSM_OVERPASS,6936684391,OSM_TRANSPORT_POIS_20260918,Pdr Othopaedic Hospital,Pdr Othopaedic Hospital,,,hospital,13.0389519,80.2290894,True,
OSM_POI_3182651397,OSM_OVERPASS,3182651397,OSM_TRANSPORT_POIS_20260918,LMS India Engg. Solutions Pvt. Ltd,LMS India Engg. Solutions Pvt. Ltd,,,general_poi,13.0371594,80.2346071,True,
OSM_POI_3221523274,OSM_OVERPASS,3221523274,OSM_TRANSPORT_POIS_20260918,Chennaicommercials,Chennaicommercials,,,general_poi,13.0322668,80.2304697,True,
OSM_POI_6914280086,OSM_OVERPASS,6914280086,OSM_TRANSPORT_POIS_20260918,Raju Hospitals,Raju Hospitals,,,hospital,13.0329888,80.230346,True,
OSM_POI_6927292449,OSM_OVERPASS,6927292449,OSM_TRANSPORT_POIS_20260918,Krishna Eye And Ent Hospitals,Krishna Eye And Ent Hospitals,,,hospital,13.0343985,80.2339764,True,
OSM_POI_6934347093,OSM_OVERPASS,6934347093,OSM_TRANSPORT_POIS_20260918,Anuradha Maternity Centre,Anuradha Maternity Centre,,,hospital,13.0356881,80.2337551,True,
OSM_POI_7088458506,OSM_OVERPASS,7088458506,OSM_TRANSPORT_POIS_20260918,Rmade Technologies,Rmade Technologies,,,general_poi,13.0344351,80.2334762,True,
OSM_POI_6926107781,OSM_OVERPASS,6926107781,OSM_TRANSPORT_POIS_20260918,Radhatri Nethralaya,Radhatri Nethralaya,,,hospital,13.0339283,80.2394965,True,
OSM_POI_6926437454,OSM_OVERPASS,6926437454,OSM_TRANSPORT_POIS_20260918,Dr Gurusekaran Hospital Pvt Ltd,Dr Gurusekaran Hospital Pvt Ltd,,,hospital,13.0374924,80.2381137,True,
OSM_POI_6936708005,OSM_OVERPASS,6936708005,OSM_TRANSPORT_POIS_20260918,Sai Ortho Care Hospital,Sai Ortho Care Hospital,,,hospital,13.0332775,80.2371645,True,
OSM_POI_7257421569,OSM_OVERPASS,7257421569,OSM_TRANSPORT_POIS_20260918,Gunasekaran Hospitals Pvt.Ltd,Gunasekaran Hospitals Pvt.Ltd,,,hospital,13.0374624,80.2389389,True,
OSM_POI_7257421596,OSM_OVERPASS,7257421596,OSM_TRANSPORT_POIS_20260918,Radhatri Nethralaya,Radhatri Nethralaya,,,hospital,13.0342203,80.2398192,True,
OSM_POI_6929969774,OSM_OVERPASS,6929969774,OSM_TRANSPORT_POIS_20260918,Kottakkal Arya Vaidya Sala,Kottakkal Arya Vaidya Sala,,,hospital,13.0395483,80.2313016,True,
OSM_POI_6936681265,OSM_OVERPASS,6936681265,OSM_TRANSPORT_POIS_20260918,Sathya Physiotherapy Centre,Sathya Physiotherapy Centre,,,hospital,13.0440365,80.2336198,True,
OSM_POI_6936359923,OSM_OVERPASS,6936359923,OSM_TRANSPORT_POIS_20260918,Laser and Laparascopic Hospital,Laser and Laparascopic Hospital,,,hospital,13.0430125,80.2371521,True,
OSM_POI_8935514615,OSM_OVERPASS,8935514615,OSM_TRANSPORT_POIS_20260918,Geri care hospital,Geri care hospital,,,hospital,13.0439323,80.2407095,True,
OSM_POI_375668400,OSM_OVERPASS,375668400,OSM_TRANSPORT_POIS_20260918,Venkataeswara Hospitals,Venkataeswara Hospitals,,,hospital,13.0293624,80.2440921,True,
OSM_POI_6057945754,OSM_OVERPASS,6057945754,OSM_TRANSPORT_POIS_20260918,Mangaldeep Puja Agarbathis,Mangaldeep Puja Agarbathis,,,general_poi,13.0293422,80.2480471,True,
OSM_POI_7210948177,OSM_OVERPASS,7210948177,OSM_TRANSPORT_POIS_20260918,Chamiers Day Care Center,Chamiers Day Care Center,,,hospital,13.0297278,80.2446245,True,
OSM_POI_6928727073,OSM_OVERPASS,6928727073,OSM_TRANSPORT_POIS_20260918,Madras Ent Research Foundation,Madras Ent Research Foundation,,,hospital,13.0268688,80.2541439,True,
OSM_POI_7257421557,OSM_OVERPASS,7257421557,OSM_TRANSPORT_POIS_20260918,Motherhood Hospital,Motherhood Hospital,,,hospital,13.0312006,80.2511993,True,
OSM_POI_2587530810,OSM_OVERPASS,2587530810,OSM_TRANSPORT_POIS_20260918,Chennai Skin Foundation,Chennai Skin Foundation,,,hospital,13.0205681,80.2594702,True,
OSM_POI_6930188138,OSM_OVERPASS,6930188138,OSM_TRANSPORT_POIS_20260918,Chennai Skin Foundation and Yesudian Research Institute,Chennai Skin Foundation and Yesudian Research Institute,,,hospital,13.0210394,80.2592924,True,
OSM_POI_310504179,OSM_OVERPASS,310504179,OSM_TRANSPORT_POIS_20260918,Ambedkar Memorial,Ambedkar Memorial,,,tourist_attraction,13.0193208,80.266984,True,
OSM_POI_6933038566,OSM_OVERPASS,6933038566,OSM_TRANSPORT_POIS_20260918,Indira Eye Hospital,Indira Eye Hospital,,,hospital,13.0222055,80.2622388,True,
OSM_POI_6914880546,OSM_OVERPASS,6914880546,OSM_TRANSPORT_POIS_20260918,Chennai Kaliappa Hospital,Chennai Kaliappa Hospital,,,hospital,13.0268492,80.2558082,True,
OSM_POI_6926953017,OSM_OVERPASS,6926953017,OSM_TRANSPORT_POIS_20260918,Kaliappa Renal Center,Kaliappa Renal Center,,,hospital,13.0274616,80.2566481,True,
OSM_POI_6934340623,OSM_OVERPASS,6934340623,OSM_TRANSPORT_POIS_20260918,Navasuja Sankara Nethralaya,Navasuja Sankara Nethralaya,,,hospital,13.0265108,80.2607878,True,
OSM_POI_6929625895,OSM_OVERPASS,6929625895,OSM_TRANSPORT_POIS_20260918,B.S.S. Hospital,B.S.S. Hospital,,,hospital,13.026013,80.2655232,True,yes
OSM_POI_6933010451,OSM_OVERPASS,6933010451,OSM_TRANSPORT_POIS_20260918,Janamma Hospital,Janamma Hospital,,,hospital,13.0269457,80.2623196,True,
OSM_POI_6936695172,OSM_OVERPASS,6936695172,OSM_TRANSPORT_POIS_20260918,Yogi Vedha Kumari Hospital,Yogi Vedha Kumari Hospital,,,hospital,13.0269877,80.2631588,True,
OSM_POI_7210911300,OSM_OVERPASS,7210911300,OSM_TRANSPORT_POIS_20260918,Sri Ranga Hospitals,Sri Ranga Hospitals,,,hospital,13.0290525,80.2636265,True,
OSM_POI_6886285320,OSM_OVERPASS,6886285320,OSM_TRANSPORT_POIS_20260918,Apollo Cancer Centres,Apollo Cancer Centres,,,hospital,13.0337515,80.2451004,True,
OSM_POI_7257421593,OSM_OVERPASS,7257421593,OSM_TRANSPORT_POIS_20260918,Genesis Womens Hospital,Genesis Womens Hospital,,,hospital,13.034922,80.2465468,True,
OSM_POI_6045880760,OSM_OVERPASS,6045880760,OSM_TRANSPORT_POIS_20260918,Chennai Drinking Water and Drainage Clearance Board,Chennai Drinking Water and Drainage Clearance Board,,,government_office,13.0347937,80.2503672,True,
OSM_POI_6926437405,OSM_OVERPASS,6926437405,OSM_TRANSPORT_POIS_20260918,Frontline Eye Hospital,Frontline Eye Hospital,,,hospital,13.0323531,80.2517212,True,
OSM_POI_6928167787,OSM_OVERPASS,6928167787,OSM_TRANSPORT_POIS_20260918,Girishwari Hospital Pvt Ltd,Girishwari Hospital Pvt Ltd,,,hospital,13.0349787,80.2519137,True,
OSM_POI_14105458201,OSM_OVERPASS,14105458201,OSM_TRANSPORT_POIS_20260918,Helios Advanced Skin Hair & Laser Clinic Pvt Ltd,Helios Advanced Skin Hair & Laser Clinic Pvt Ltd,,,hospital,13.0347504,80.2547353,True,
OSM_POI_4407798965,OSM_OVERPASS,4407798965,OSM_TRANSPORT_POIS_20260918,Challa Mall,Challa Mall,,,mall,13.0396517,80.2428361,True,
OSM_POI_7252333321,OSM_OVERPASS,7252333321,OSM_TRANSPORT_POIS_20260918,Cloudnine Hospital - Chennai,Cloudnine Hospital - Chennai,,,hospital,13.0433937,80.2461174,True,
OSM_POI_7252333349,OSM_OVERPASS,7252333349,OSM_TRANSPORT_POIS_20260918,Be Well Hospital,Be Well Hospital,,,hospital,13.0431134,80.2453103,True,
OSM_POI_7252333378,OSM_OVERPASS,7252333378,OSM_TRANSPORT_POIS_20260918,Dr. Rai Memorial Medical Centre,Dr. Rai Memorial Medical Centre,,,hospital,13.044837,80.2475507,True,
OSM_POI_13991336278,OSM_OVERPASS,13991336278,OSM_TRANSPORT_POIS_20260918,Ramee mall,Ramee mall,,,mall,13.042939,80.2485745,True,
OSM_POI_6937467152,OSM_OVERPASS,6937467152,OSM_TRANSPORT_POIS_20260918,Gastro Cre Hospital,Gastro Cre Hospital,,,hospital,13.0394065,80.2507684,True,
OSM_POI_303590777,OSM_OVERPASS,303590777,OSM_TRANSPORT_POIS_20260918,Corporation Hospital,Corporation Hospital,,,hospital,13.0336624,80.2572467,True,
OSM_POI_3118864398,OSM_OVERPASS,3118864398,OSM_TRANSPORT_POIS_20260918,Kauvery Hospital,Kauvery Hospital,,,hospital,13.0381705,80.2573008,True,yes
OSM_POI_6929398895,OSM_OVERPASS,6929398895,OSM_TRANSPORT_POIS_20260918,Trinity Acute Care Hospital - Chennai,Trinity Acute Care Hospital - Chennai,,,hospital,13.0382607,80.2582785,True,
OSM_POI_6929731466,OSM_OVERPASS,6929731466,OSM_TRANSPORT_POIS_20260918,Harvey Healthcare Limited,Harvey Healthcare Limited,,,hospital,13.037303,80.2558136,True,
OSM_POI_6934325882,OSM_OVERPASS,6934325882,OSM_TRANSPORT_POIS_20260918,Nandalala Medical Foundation,Nandalala Medical Foundation,,,hospital,13.0328516,80.2615173,True,
OSM_POI_7257421601,OSM_OVERPASS,7257421601,OSM_TRANSPORT_POIS_20260918,Kavery Hospital,Kavery Hospital,,,hospital,13.038362,80.2572398,True,
OSM_POI_11107521906,OSM_OVERPASS,11107521906,OSM_TRANSPORT_POIS_20260918,Qube Cinema Technologies,Qube Cinema Technologies,,,general_poi,13.0331787,80.2615164,True,
OSM_POI_11890991053,OSM_OVERPASS,11890991053,OSM_TRANSPORT_POIS_20260918,Residency Builders,Residency Builders,,,general_poi,13.0342322,80.2564647,True,
OSM_POI_415650790,OSM_OVERPASS,415650790,OSM_TRANSPORT_POIS_20260918,Mylapore Telephone Exchange,Mylapore Telephone Exchange,,,general_poi,13.0376821,80.2635487,True,
OSM_POI_6760767420,OSM_OVERPASS,6760767420,OSM_TRANSPORT_POIS_20260918,Rail Vikas Nigam Limited,Rail Vikas Nigam Limited,,,government_office,13.0344075,80.2667219,True,
OSM_POI_6930163175,OSM_OVERPASS,6930163175,OSM_TRANSPORT_POIS_20260918,Chennai Meenakshi Multispeciality Hospital Ltd,Chennai Meenakshi Multispeciality Hospital Ltd,,,hospital,13.0376198,80.2619625,True,
OSM_POI_10161910232,OSM_OVERPASS,10161910232,OSM_TRANSPORT_POIS_20260918,Novac Technology Solutions,Novac Technology Solutions,,,general_poi,13.036261,80.2674193,True,
OSM_POI_5393408521,OSM_OVERPASS,5393408521,OSM_TRANSPORT_POIS_20260918,TVF - Contagious online media network private limited,Contagious Online Media Private Limited,,,general_poi,13.03935,80.2608471,True,
OSM_POI_6928384708,OSM_OVERPASS,6928384708,OSM_TRANSPORT_POIS_20260918,Dr. K Ravi Eye Care,Dr. K Ravi Eye Care,,,hospital,13.0407013,80.2618016,True,
OSM_POI_6932103990,OSM_OVERPASS,6932103990,OSM_TRANSPORT_POIS_20260918,"Kauvery Hospital, Chennai","Kauvery Hospital, Chennai",,,hospital,13.0390564,80.2568208,True,
OSM_POI_7181722911,OSM_OVERPASS,7181722911,OSM_TRANSPORT_POIS_20260918,"Dr.Agarwal's Eye Hospital Ltd., Gopala Puram","Dr.Agarwal's Eye Hospital Ltd., Gopala Puram",,,hospital,13.0432085,80.259169,True,
OSM_POI_7823415048,OSM_OVERPASS,7823415048,OSM_TRANSPORT_POIS_20260918,Triveni Hospital,Triveni Hospital,,,hospital,13.0385371,80.2581929,True,
OSM_POI_5485650822,OSM_OVERPASS,5485650822,OSM_TRANSPORT_POIS_20260918,Ramakrishna Mission Vivekanandha College,Ramakrishna Mission Vivekanandha College,,,college,13.0407103,80.2643936,True,
OSM_POI_6932938089,OSM_OVERPASS,6932938089,OSM_TRANSPORT_POIS_20260918,Laksha Hospital,Laksha Hospital,,,hospital,13.0435469,80.2636349,True,
OSM_POI_6936339822,OSM_OVERPASS,6936339822,OSM_TRANSPORT_POIS_20260918,Avm Medical Ent Research Foundation Pvt Ltd,Avm Medical Ent Research Foundation Pvt Ltd,,,hospital,13.0441485,80.2637114,True,
OSM_POI_7823415033,OSM_OVERPASS,7823415033,OSM_TRANSPORT_POIS_20260918,Accu Hospital,Accu Hospital,,,hospital,13.041251,80.267354,True,
OSM_POI_7823415083,OSM_OVERPASS,7823415083,OSM_TRANSPORT_POIS_20260918,Saanvi Fertility Centre Urology and Stone Centre,Saanvi Fertility Centre Urology and Stone Centre,,,hospital,13.0436591,80.2639406,True,
OSM_POI_6933828333,OSM_OVERPASS,6933828333,OSM_TRANSPORT_POIS_20260918,Madras Poly Clinic and R.R. Scan,Madras Poly Clinic and R.R. Scan,,,hospital,13.0461063,80.2220044,True,
OSM_POI_6936976871,OSM_OVERPASS,6936976871,OSM_TRANSPORT_POIS_20260918,Spot Hospital,Spot Hospital,,,hospital,13.047269,80.2187347,True,
OSM_POI_6934018868,OSM_OVERPASS,6934018868,OSM_TRANSPORT_POIS_20260918,S.V. Bone And Joint Hospital,S.V. Bone And Joint Hospital,,,hospital,13.0473239,80.2241461,True,
OSM_POI_2794065478,OSM_OVERPASS,2794065478,OSM_TRANSPORT_POIS_20260918,BSNL Customer Service Center,BSNL Customer Service Center,,,government_office,13.0539022,80.2212493,True,
OSM_POI_7252333406,OSM_OVERPASS,7252333406,OSM_TRANSPORT_POIS_20260918,The Best Hospital Private Ltd,The Best Hospital Private Ltd,,,hospital,13.0535089,80.2195494,True,
OSM_POI_7252333380,OSM_OVERPASS,7252333380,OSM_TRANSPORT_POIS_20260918,Medway Hospitals,Medway Hospitals,,,hospital,13.0535971,80.2275376,True,
OSM_POI_6914896215,OSM_OVERPASS,6914896215,OSM_TRANSPORT_POIS_20260918,R. K. Eye Centre,R. K. Eye Centre,,,hospital,13.0485912,80.2311788,True,
OSM_POI_6936695178,OSM_OVERPASS,6936695178,OSM_TRANSPORT_POIS_20260918,Women and Children Foundation,Women and Children Foundation,,,hospital,13.0478465,80.2329075,True,
OSM_POI_6937434309,OSM_OVERPASS,6937434309,OSM_TRANSPORT_POIS_20260918,"Srinivasa Hospital P P N, Chennai","Srinivasa Hospital P P N, Chennai",,,hospital,13.0503377,80.2299377,True,
OSM_POI_7252333398,OSM_OVERPASS,7252333398,OSM_TRANSPORT_POIS_20260918,Women And Children Foundation Hospitals T-Nagar,Women And Children Foundation Hospitals T-Nagar,,,hospital,13.0480821,80.2329957,True,
OSM_POI_8967676339,OSM_OVERPASS,8967676339,OSM_TRANSPORT_POIS_20260918,Shastra Cards Private Limited,Shastra Cards Private Limited,,,general_poi,13.047061,80.2337325,True,
OSM_POI_10594467605,OSM_OVERPASS,10594467605,OSM_TRANSPORT_POIS_20260918,VBC solitaire,VBC solitaire,,,general_poi,13.0469523,80.2342619,True,
OSM_POI_6936709086,OSM_OVERPASS,6936709086,OSM_TRANSPORT_POIS_20260918,Centre For Blood Disorders,Centre For Blood Disorders,,,hospital,13.0496502,80.2410582,True,
OSM_POI_6935224404,OSM_OVERPASS,6935224404,OSM_TRANSPORT_POIS_20260918,"Thulasi Krishna Nursing Home, Kodambakkam","Thulasi Krishna Nursing Home, Kodambakkam",,,hospital,13.0517176,80.2300054,True,
OSM_POI_2394711912,OSM_OVERPASS,2394711912,OSM_TRANSPORT_POIS_20260918,IID Community College,IID Community College,,,college,13.0687761,80.218961,True,
OSM_POI_6934897845,OSM_OVERPASS,6934897845,OSM_TRANSPORT_POIS_20260918,Tamil Nadu Urological Research Centre,Tamil Nadu Urological Research Centre,,,hospital,13.0710341,80.222632,True,
OSM_POI_1472969165,OSM_OVERPASS,1472969165,OSM_TRANSPORT_POIS_20260918,Amma Hospital,Amma Hospital,,,hospital,13.0626045,80.2305209,True,
OSM_POI_5282745421,OSM_OVERPASS,5282745421,OSM_TRANSPORT_POIS_20260918,Loyola-Icam College of Engineering and Technology,Loyola-Icam College of Engineering and Technology,,,college,13.0592368,80.2337307,True,
OSM_POI_6933522070,OSM_OVERPASS,6933522070,OSM_TRANSPORT_POIS_20260918,Kummaran Eye Speciality Centre,Kummaran Eye Speciality Centre,,,hospital,13.0600349,80.2302911,True,
OSM_POI_5367950021,OSM_OVERPASS,5367950021,OSM_TRANSPORT_POIS_20260918,Biocosmo Healthcare,Biocosmo Healthcare,,,hospital,13.0590329,80.2375326,True,
OSM_POI_5372322923,OSM_OVERPASS,5372322923,OSM_TRANSPORT_POIS_20260918,Liba extension centre,Liba extension centre,,,college,13.059306,80.2367708,True,
OSM_POI_5372361521,OSM_OVERPASS,5372361521,OSM_TRANSPORT_POIS_20260918,Loyola Institute of Business Administration,Loyola Institute of Business Administration,,,college,13.05904,80.2367929,True,
OSM_POI_7824965216,OSM_OVERPASS,7824965216,OSM_TRANSPORT_POIS_20260918,Mythili Hospitals,Mythili Hospitals,,,hospital,13.0704319,80.2421491,True,
OSM_POI_1152858038,OSM_OVERPASS,1152858038,OSM_TRANSPORT_POIS_20260918,Rajan Eye Care Hospital,Rajan Eye Care Hospital,,,hospital,13.0508335,80.2434416,True,
OSM_POI_5298110721,OSM_OVERPASS,5298110721,OSM_TRANSPORT_POIS_20260918,KUSHI TURST,KUSHI TURST,,,tourist_attraction,13.0497991,80.2426022,True,
OSM_POI_6928936160,OSM_OVERPASS,6928936160,OSM_TRANSPORT_POIS_20260918,Dr. Udhaya Rajas Dental Centre,Dr. Udhaya Rajas Dental Centre,,,hospital,13.0465492,80.2422899,True,
OSM_POI_6929359057,OSM_OVERPASS,6929359057,OSM_TRANSPORT_POIS_20260918,Bharathirajaa Hospital and Research centre,Bharathirajaa Hospital and Research centre,,,hospital,13.0480981,80.245015,True,
OSM_POI_7213492568,OSM_OVERPASS,7213492568,OSM_TRANSPORT_POIS_20260918,Dr.Bala Subramanian,Dr.Bala Subramanian,,,hospital,13.0465056,80.2423799,True,
OSM_POI_7823776215,OSM_OVERPASS,7823776215,OSM_TRANSPORT_POIS_20260918,Koncept Hospitals,Koncept Hospitals,,,hospital,13.051051,80.243818,True,
OSM_POI_8666382807,OSM_OVERPASS,8666382807,OSM_TRANSPORT_POIS_20260918,Zupersoft Solution PVT Ltd,Zupersoft Solution PVT Ltd,,,general_poi,13.0494308,80.2453743,True,
OSM_POI_3118891215,OSM_OVERPASS,3118891215,OSM_TRANSPORT_POIS_20260918,Logic Soft Pvt. Ltd.,Logic Soft Pvt. Ltd.,,,general_poi,13.0456033,80.2502361,True,no
OSM_POI_6257601883,OSM_OVERPASS,6257601883,OSM_TRANSPORT_POIS_20260918,Bank Employees Federation of India,Bank Employees Federation of India,,,government_office,13.0484318,80.2506962,True,
OSM_POI_5518300718,OSM_OVERPASS,5518300718,OSM_TRANSPORT_POIS_20260918,US Biometrics Centre,US Biometrics Centre,,,government_office,13.0532595,80.2430787,True,
OSM_POI_6929625901,OSM_OVERPASS,6929625901,OSM_TRANSPORT_POIS_20260918,B.R.S. Hospital Pvt. Ltd.,B.R.S. Hospital Pvt. Ltd.,,,hospital,13.0519442,80.2454831,True,
OSM_POI_6929737121,OSM_OVERPASS,6929737121,OSM_TRANSPORT_POIS_20260918,Chitra's Ent Laser Hospital,Chitra's Ent Laser Hospital,,,hospital,13.0518247,80.2476483,True,
OSM_POI_6936953154,OSM_OVERPASS,6936953154,OSM_TRANSPORT_POIS_20260918,Fertility Research Centre,Fertility Research Centre,,,hospital,13.0558855,80.2481343,True,
OSM_POI_7255706468,OSM_OVERPASS,7255706468,OSM_TRANSPORT_POIS_20260918,SIMS Hospital,SIMS Hospital,,,hospital,13.0561828,80.2478331,True,
OSM_POI_7261455965,OSM_OVERPASS,7261455965,OSM_TRANSPORT_POIS_20260918,Edufic Digital,Edufic Digital,,,general_poi,13.0543101,80.2461365,True,
OSM_POI_7264247854,OSM_OVERPASS,7264247854,OSM_TRANSPORT_POIS_20260918,Hindu Religious and Charitable Endowments Department,Hindu Religious and Charitable Endowments Department,,,government_office,13.0579692,80.2486758,True,
OSM_POI_7267104203,OSM_OVERPASS,7267104203,OSM_TRANSPORT_POIS_20260918,Voltas Aerocool,Voltas Aerocool,,,general_poi,13.0556313,80.2450538,True,
OSM_POI_7271385932,OSM_OVERPASS,7271385932,OSM_TRANSPORT_POIS_20260918,Shri Vinayaka Impex,Shri Vinayaka Impex,,,general_poi,13.054609,80.2474731,True,
OSM_POI_7272177286,OSM_OVERPASS,7272177286,OSM_TRANSPORT_POIS_20260918,Handloom Export Promotion Council,Handloom Export Promotion Council,,,government_office,13.0518211,80.2479092,True,
OSM_POI_7823776221,OSM_OVERPASS,7823776221,OSM_TRANSPORT_POIS_20260918,G G Hospital,G G Hospital,,,hospital,13.0554543,80.2477343,True,
OSM_POI_11834587522,OSM_OVERPASS,11834587522,OSM_TRANSPORT_POIS_20260918,Max Hair Clinic,Max Hair Clinic,,,hospital,13.0579691,80.2457435,True,
OSM_POI_7136003588,OSM_OVERPASS,7136003588,OSM_TRANSPORT_POIS_20260918,Tata consultancy services,Tata consultancy services,,,general_poi,13.0527334,80.2540999,True,
OSM_POI_6927380447,OSM_OVERPASS,6927380447,OSM_TRANSPORT_POIS_20260918,"Santhigiri Ayurveda and Siddha Hospital, Chennai","Santhigiri Ayurveda and Siddha Hospital, Chennai",,,hospital,13.0476871,80.2646568,True,
OSM_POI_7181711080,OSM_OVERPASS,7181711080,OSM_TRANSPORT_POIS_20260918,"Vinayagam Laser Hospital, Chennai","Vinayagam Laser Hospital, Chennai",,,hospital,13.0476113,80.2650954,True,
OSM_POI_7252333394,OSM_OVERPASS,7252333394,OSM_TRANSPORT_POIS_20260918,Seethapathy clinic & Hospital,Seethapathy clinic & Hospital,,,hospital,13.0487028,80.2645448,True,
OSM_POI_7823415061,OSM_OVERPASS,7823415061,OSM_TRANSPORT_POIS_20260918,Orthomed Hospital,Orthomed Hospital,,,hospital,13.0454703,80.2668731,True,
OSM_POI_6928752799,OSM_OVERPASS,6928752799,OSM_TRANSPORT_POIS_20260918,Dr. Mohans Mv Diabetes Specialities Centre - Chennai,Dr. Mohans Mv Diabetes Specialities Centre - Chennai,,,hospital,13.0541946,80.257671,True,
OSM_POI_6933833923,OSM_OVERPASS,6933833923,OSM_TRANSPORT_POIS_20260918,Life Medhospital,Life Medhospital,,,hospital,13.0535505,80.2576911,True,
OSM_POI_9348174751,OSM_OVERPASS,9348174751,OSM_TRANSPORT_POIS_20260918,MEASI Academy of Architecture,MEASI Academy of Architecture,,,college,13.0537478,80.2591932,True,
OSM_POI_11703392922,OSM_OVERPASS,11703392922,OSM_TRANSPORT_POIS_20260918,Stats Perform India Pvt Ltd - ஸ்டேட்ஸ் பெர்பார்ம் இந்தியா ப்வ்ட் லட,Stats Perform India Pvt Ltd - ஸ்டேட்ஸ் பெர்பார்ம் இந்தியா ப்வ்ட் லட,,,general_poi,13.0568904,80.2566229,True,
OSM_POI_6937067452,OSM_OVERPASS,6937067452,OSM_TRANSPORT_POIS_20260918,"Medindia Hospitals, Chennai","Medindia Hospitals, Chennai",,,hospital,13.0606718,80.2432201,True,
OSM_POI_7252333356,OSM_OVERPASS,7252333356,OSM_TRANSPORT_POIS_20260918,Meenakshi Hospital & Childrens Hospital,Meenakshi Hospital & Childrens Hospital,,,hospital,13.0586646,80.2428501,True,
OSM_POI_7823776223,OSM_OVERPASS,7823776223,OSM_TRANSPORT_POIS_20260918,K R S Hospitals,K R S Hospitals,,,hospital,13.0616711,80.2434943,True,
OSM_POI_7823776225,OSM_OVERPASS,7823776225,OSM_TRANSPORT_POIS_20260918,Sterling Hospitals,Sterling Hospitals,,,hospital,13.0616367,80.243704,True,
OSM_POI_7823776231,OSM_OVERPASS,7823776231,OSM_TRANSPORT_POIS_20260918,Dr. Maibbar Hospital,Dr. Maibbar Hospital,,,hospital,13.0594426,80.2459459,True,
OSM_POI_9891675975,OSM_OVERPASS,9891675975,OSM_TRANSPORT_POIS_20260918,NABARD,NABARD,,,government_office,13.0622637,80.2459481,True,
OSM_POI_11834594625,OSM_OVERPASS,11834594625,OSM_TRANSPORT_POIS_20260918,Fits Air,Fits Air,,,general_poi,13.0633379,80.2435618,True,
OSM_POI_4221573903,OSM_OVERPASS,4221573903,OSM_TRANSPORT_POIS_20260918,JKCN Complex (Sankara Nethralaya),JKCN Complex (Sankara Nethralaya),,,hospital,13.0642564,80.2497746,True,
OSM_POI_6934347087,OSM_OVERPASS,6934347087,OSM_TRANSPORT_POIS_20260918,Apollo Childrens Hospital,Apollo Childrens Hospital,,,hospital,13.060131,80.2523656,True,
OSM_POI_366857802,OSM_OVERPASS,366857802,OSM_TRANSPORT_POIS_20260918,Regional Meteorological Centre - IMD Chennai,Regional Meteorological Centre - IMD Chennai,,,government_office,13.0685381,80.2470849,True,
OSM_POI_5849503687,OSM_OVERPASS,5849503687,OSM_TRANSPORT_POIS_20260918,"Foreigner's Regional Registration Office, Chennai","Foreigner's Regional Registration Office, Chennai",,,government_office,13.0655472,80.2470628,True,
OSM_POI_6929359073,OSM_OVERPASS,6929359073,OSM_TRANSPORT_POIS_20260918,Bethany Health Care Centre,Bethany Health Care Centre,,,hospital,13.0699812,80.2444142,True,
OSM_POI_9891659946,OSM_OVERPASS,9891659946,OSM_TRANSPORT_POIS_20260918,Food Corporation of India,Food Corporation of India,,,government_office,13.06591,80.2480058,True,
OSM_POI_9891685428,OSM_OVERPASS,9891685428,OSM_TRANSPORT_POIS_20260918,Central Stationary Office,Central Stationary Office,,,government_office,13.0665789,80.2462614,True,
OSM_POI_6936134771,OSM_OVERPASS,6936134771,OSM_TRANSPORT_POIS_20260918,"Sankara Nethralaya, Chennai","Sankara Nethralaya, Chennai",,,hospital,13.0670837,80.2505444,True,
OSM_POI_5849501686,OSM_OVERPASS,5849501686,OSM_TRANSPORT_POIS_20260918,British Council,British Council,,,tourist_attraction,13.0597354,80.2578777,True,
OSM_POI_9436487461,OSM_OVERPASS,9436487461,OSM_TRANSPORT_POIS_20260918,VFS Global Services Pvt. Ltd.,VFS Global Services Pvt. Ltd.,,,general_poi,13.063297,80.2596184,True,
OSM_POI_366848592,OSM_OVERPASS,366848592,OSM_TRANSPORT_POIS_20260918,Alsa Mall Shopping Complex,Alsa Mall Shopping Complex,,,mall,13.0686635,80.2572129,True,
OSM_POI_4332194892,OSM_OVERPASS,4332194892,OSM_TRANSPORT_POIS_20260918,TAMIL NADU CABIL,TAMIL NADU CABIL,,,government_office,13.0685377,80.2606735,True,
OSM_POI_4332238490,OSM_OVERPASS,4332238490,OSM_TRANSPORT_POIS_20260918,DUGAR GROUP OF COMPANY,DUGAR GROUP OF COMPANY,,,tourist_attraction,13.0684992,80.2605802,True,
OSM_POI_5744866581,OSM_OVERPASS,5744866581,OSM_TRANSPORT_POIS_20260918,Cisons Complex,Cisons Complex,,,mall,13.0690491,80.2570006,True,
OSM_POI_6936415699,OSM_OVERPASS,6936415699,OSM_TRANSPORT_POIS_20260918,Dr. A. Ramachandran's Diabetes Hospital,Dr. A. Ramachandran's Diabetes Hospital,,,hospital,13.0685338,80.2579902,True,
OSM_POI_9348174750,OSM_OVERPASS,9348174750,OSM_TRANSPORT_POIS_20260918,Maaya Systems,Maaya Systems,,,general_poi,13.0657747,80.2563165,True,
OSM_POI_7252333383,OSM_OVERPASS,7252333383,OSM_TRANSPORT_POIS_20260918,Government Hospital,Government Hospital,,,hospital,13.068807,80.2672078,True,
OSM_POI_4258398875,OSM_OVERPASS,4258398875,OSM_TRANSPORT_POIS_20260918,Versutus Management Service Private ltd,Versutus Management Service Private ltd,,,general_poi,13.0356156,80.2689542,True,
OSM_POI_5918435985,OSM_OVERPASS,5918435985,OSM_TRANSPORT_POIS_20260918,அக்பர் மருந்து மில்,Akbar herbal mills,அக்பர் மருந்து மில்,,tourist_attraction,13.0347941,80.273749,True,
OSM_POI_6934146446,OSM_OVERPASS,6934146446,OSM_TRANSPORT_POIS_20260918,"Sinus And Nose Hospital - Mylapore, Chennai","Sinus And Nose Hospital - Mylapore, Chennai",,,hospital,13.0350623,80.2778479,True,
OSM_POI_6936695126,OSM_OVERPASS,6936695126,OSM_TRANSPORT_POIS_20260918,E V Kalyani Medical Centre,E V Kalyani Medical Centre,,,hospital,13.0427786,80.2706811,True,
OSM_POI_10058064229,OSM_OVERPASS,10058064229,OSM_TRANSPORT_POIS_20260918,new,new,,,stadium,13.0447003,80.2749704,True,
OSM_POI_7016742491,OSM_OVERPASS,7016742491,OSM_TRANSPORT_POIS_20260918,சென்னை மெரினா கலங்கரை விளக்கம்,Chennai Marina Lighthouse,சென்னை மரீனா கலங்கரை விளக்கம்,,tourist_attraction,13.039631,80.2794168,True,
OSM_POI_6926437416,OSM_OVERPASS,6926437416,OSM_TRANSPORT_POIS_20260918,Fousiya Hospital,Fousiya Hospital,,,hospital,13.0477722,80.2744473,True,
OSM_POI_7252333372,OSM_OVERPASS,7252333372,OSM_TRANSPORT_POIS_20260918,A.R.A Hospital For Women,A.R.A Hospital For Women,,,hospital,13.0508818,80.2735131,True,
OSM_POI_7823415037,OSM_OVERPASS,7823415037,OSM_TRANSPORT_POIS_20260918,Kalyani Hospital,Kalyani Hospital,,,hospital,13.0512111,80.273209,True,
OSM_POI_7823415059,OSM_OVERPASS,7823415059,OSM_TRANSPORT_POIS_20260918,Vasantha Hospital,Vasantha Hospital,,,hospital,13.0490602,80.2747953,True,
OSM_POI_5336542921,OSM_OVERPASS,5336542921,OSM_TRANSPORT_POIS_20260918,The Cresent Hospital,The Crescent Hospital,,,hospital,13.0527235,80.2727336,True,
OSM_POI_6050605286,OSM_OVERPASS,6050605286,OSM_TRANSPORT_POIS_20260918,தமிழ்நாடு அரசு இசேவை மையம்,Tamilnadu government E sevai centre,,,government_office,13.0537796,80.2743911,True,
OSM_POI_7181721033,OSM_OVERPASS,7181721033,OSM_TRANSPORT_POIS_20260918,"Dr Agarwals Eye Hospital, Triplicane","Dr Agarwals Eye Hospital, Triplicane",,,hospital,13.0524884,80.2736449,True,
OSM_POI_7823415084,OSM_OVERPASS,7823415084,OSM_TRANSPORT_POIS_20260918,The Crescent Hospital,The Crescent Hospital,,,hospital,13.0528771,80.2727865,True,
OSM_POI_7252333397,OSM_OVERPASS,7252333397,OSM_TRANSPORT_POIS_20260918,Sakthi Hospital &Reasearch Centre Helath Care Organization,Sakthi Hospital &Reasearch Centre Helath Care Organization,,,hospital,13.0572714,80.2757357,True,
OSM_POI_7823415087,OSM_OVERPASS,7823415087,OSM_TRANSPORT_POIS_20260918,Syma Hospital,Syma Hospital,,,hospital,13.0546321,80.2774772,True,
OSM_POI_7823415088,OSM_OVERPASS,7823415088,OSM_TRANSPORT_POIS_20260918,Sri Parthasarathy Hospital,Sri Parthasarathy Hospital,,,hospital,13.0547617,80.2756509,True,
OSM_POI_12137617372,OSM_OVERPASS,12137617372,OSM_TRANSPORT_POIS_20260918,"Marina Beach,Chennai","Marina Beach,Chennai",,,beach,13.0533969,80.2833328,True,
OSM_POI_6931566251,OSM_OVERPASS,6931566251,OSM_TRANSPORT_POIS_20260918,Mysaan Hospital,Mysaan Hospital,,,hospital,13.0641326,80.2705644,True,
OSM_POI_6933910999,OSM_OVERPASS,6933910999,OSM_TRANSPORT_POIS_20260918,RR Multispeciality Hospital,RR Multispeciality Hospital,,,hospital,13.0584745,80.2740124,True,
OSM_POI_7181684162,OSM_OVERPASS,7181684162,OSM_TRANSPORT_POIS_20260918,Siva E N T Hospital,Siva E N T Hospital,,,hospital,13.0619796,80.2741693,True,
OSM_POI_7252333330,OSM_OVERPASS,7252333330,OSM_TRANSPORT_POIS_20260918,Shifa Hospital And Reasearch Centre,Shifa Hospital And Reasearch Centre,,,hospital,13.061988,80.2745135,True,
OSM_POI_7252333409,OSM_OVERPASS,7252333409,OSM_TRANSPORT_POIS_20260918,Triplicane Government Hospital,Triplicane Government Hospital,,,hospital,13.060986,80.2747981,True,
OSM_POI_5547728024,OSM_OVERPASS,5547728024,OSM_TRANSPORT_POIS_20260918,ஹிபா சிறப்பு மருத்துவமனை,hiba specility hospital,,,hospital,13.0615207,80.275747,True,
OSM_POI_7252333371,OSM_OVERPASS,7252333371,OSM_TRANSPORT_POIS_20260918,Hiba Hospital,Hiba Hospital,,,hospital,13.0616195,80.275793,True,
OSM_POI_10161853148,OSM_OVERPASS,10161853148,OSM_TRANSPORT_POIS_20260918,chepauk,chepauk,,,stadium,13.0634412,80.278317,True,
OSM_POI_12836705750,OSM_OVERPASS,12836705750,OSM_TRANSPORT_POIS_20260918,Survey House,Survey House,,,government_office,13.0634997,80.2811949,True,
OSM_POI_6739258988,OSM_OVERPASS,6739258988,OSM_TRANSPORT_POIS_20260918,Ashok LCD service,Ashok LCD service,,,general_poi,13.0701245,80.2708305,True,
OSM_POI_4713665593,OSM_OVERPASS,4713665593,OSM_TRANSPORT_POIS_20260918,Tata Communications Ltd,Tata Communications Ltd,,,government_office,13.0683352,80.2790283,True,
OSM_POI_10914802359,OSM_OVERPASS,10914802359,OSM_TRANSPORT_POIS_20260918,Department Of Tribal Welfare,Department Of Tribal Welfare,,,government_office,13.0631997,80.2828666,True,
OSM_POI_5936040585,OSM_OVERPASS,5936040585,OSM_TRANSPORT_POIS_20260918,Government Yoga And Naturopathy Medical College & Hospital,Government Yoga And Naturopathy Medical College & Hospital,அரசு யோகா மற்றும் இயற்கை மருத்துவக்கல்லூரி & மருத்துவமனை,,college,13.07553,80.2202914,True,
OSM_POI_6926055920,OSM_OVERPASS,6926055920,OSM_TRANSPORT_POIS_20260918,"A.K. Hospital, Chennai","A.K. Hospital, Chennai",,,hospital,13.0741442,80.220515,True,
OSM_POI_6934271069,OSM_OVERPASS,6934271069,OSM_TRANSPORT_POIS_20260918,"M.R. Hospital, Chennai","M.R. Hospital, Chennai",,,hospital,13.0725279,80.2195783,True,
OSM_POI_7320948885,OSM_OVERPASS,7320948885,OSM_TRANSPORT_POIS_20260918,Unani sidha ayurvedha in patient block,Unani sidha ayurvedha in patient block,,,hospital,13.0753606,80.21879,True,
OSM_POI_6914768046,OSM_OVERPASS,6914768046,OSM_TRANSPORT_POIS_20260918,Billroth Hospitals,Billroth Hospitals,,,hospital,13.0757435,80.2272588,True,
OSM_POI_6926437428,OSM_OVERPASS,6926437428,OSM_TRANSPORT_POIS_20260918,Hande Hospital,Hande Hospital,,,hospital,13.0764653,80.2274586,True,
OSM_POI_6930467954,OSM_OVERPASS,6930467954,OSM_TRANSPORT_POIS_20260918,Dr.Mu.Va.Hospital,Dr.Mu.Va.Hospital,,,hospital,13.0743327,80.228278,True,
OSM_POI_7824965240,OSM_OVERPASS,7824965240,OSM_TRANSPORT_POIS_20260918,Dr. H. Yogish Hospital,Dr. H. Yogish Hospital,,,hospital,13.0737332,80.2268354,True,
OSM_POI_6933757130,OSM_OVERPASS,6933757130,OSM_TRANSPORT_POIS_20260918,Premier Health Center,Premier Health Center,,,hospital,13.0842489,80.220851,True,
OSM_POI_6936696229,OSM_OVERPASS,6936696229,OSM_TRANSPORT_POIS_20260918,U.K. Hospitals Pvt. Ltd.,U.K. Hospitals Pvt. Ltd.,,,hospital,13.0838857,80.2252632,True,
OSM_POI_7824965259,OSM_OVERPASS,7824965259,OSM_TRANSPORT_POIS_20260918,Gremaltes Hospital,Gremaltes Hospital,,,hospital,13.0793157,80.2290477,True,
OSM_POI_6914880538,OSM_OVERPASS,6914880538,OSM_TRANSPORT_POIS_20260918,Chennai Cancer Care,Chennai Cancer Care,,,hospital,13.0762935,80.234026,True,
OSM_POI_6914896269,OSM_OVERPASS,6914896269,OSM_TRANSPORT_POIS_20260918,Psymed Hospiyal,Psymed Hospiyal,,,hospital,13.0714757,80.2317998,True,
OSM_POI_6928899364,OSM_OVERPASS,6928899364,OSM_TRANSPORT_POIS_20260918,Dr. Seshiah Diabetes Research Institute and Dr. Balaji Diabetes Care Centre,Dr. Seshiah Diabetes Research Institute and Dr. Balaji Diabetes Care Centre,,,hospital,13.0748591,80.2299839,True,
OSM_POI_7824965266,OSM_OVERPASS,7824965266,OSM_TRANSPORT_POIS_20260918,Ponmalligai Hospitals,Ponmalligai Hospitals,,,hospital,13.0768584,80.2339377,True,
OSM_POI_6933510851,OSM_OVERPASS,6933510851,OSM_TRANSPORT_POIS_20260918,Josephs Nursing Home,Josephs Nursing Home,,,hospital,13.0739408,80.2357346,True,
OSM_POI_6933875088,OSM_OVERPASS,6933875088,OSM_TRANSPORT_POIS_20260918,Zubeda Hospitals Ltd.,Zubeda Hospitals Ltd.,,,hospital,13.0741955,80.2357775,True,
OSM_POI_6933998001,OSM_OVERPASS,6933998001,OSM_TRANSPORT_POIS_20260918,Dr.Manju Kulkarni Hospital,Dr.Manju Kulkarni Hospital,,,hospital,13.0743836,80.2367672,True,
OSM_POI_6934340664,OSM_OVERPASS,6934340664,OSM_TRANSPORT_POIS_20260918,New Hope Medical Centre Pvt. Ltd,New Hope Medical Centre Pvt. Ltd,,,hospital,13.0776821,80.2415201,True,
OSM_POI_6935272552,OSM_OVERPASS,6935272552,OSM_TRANSPORT_POIS_20260918,Dr. Agarwal's Eye Hospital,Dr. Agarwal's Eye Hospital,,,hospital,13.074266,80.2382156,True,
OSM_POI_6936339695,OSM_OVERPASS,6936339695,OSM_TRANSPORT_POIS_20260918,Sundaram Cancer Centre,Sundaram Cancer Centre,,,hospital,13.07604,80.2366224,True,
OSM_POI_7261140337,OSM_OVERPASS,7261140337,OSM_TRANSPORT_POIS_20260918,Office of the Registrar of Cooperative Societies,Office of the Registrar of Cooperative Societies,,,government_office,13.0767699,80.2398586,True,
OSM_POI_6914880552,OSM_OVERPASS,6914880552,OSM_TRANSPORT_POIS_20260918,Mots Hospital,Mots Hospital,,,hospital,13.0833606,80.2341561,True,
OSM_POI_6928878284,OSM_OVERPASS,6928878284,OSM_TRANSPORT_POIS_20260918,Lifeline Rigid Hospital,Lifeline Rigid Hospital,,,hospital,13.0780204,80.2336988,True,
OSM_POI_6934271075,OSM_OVERPASS,6934271075,OSM_TRANSPORT_POIS_20260918,M. N. Orthopaedic Hospital,M. N. Orthopaedic Hospital,,,hospital,13.0810328,80.2336653,True,
OSM_POI_7824965227,OSM_OVERPASS,7824965227,OSM_TRANSPORT_POIS_20260918,Be Well Hospital,Be Well Hospital,,,hospital,13.0807479,80.2340062,True,
OSM_POI_7824965243,OSM_OVERPASS,7824965243,OSM_TRANSPORT_POIS_20260918,Murugan Hospitals,Murugan Hospitals,,,hospital,13.0833684,80.234299,True,
OSM_POI_7824965260,OSM_OVERPASS,7824965260,OSM_TRANSPORT_POIS_20260918,Srl Hospital,Srl Hospital,,,hospital,13.0814203,80.2333756,True,
OSM_POI_1474055555,OSM_OVERPASS,1474055555,OSM_TRANSPORT_POIS_20260918,Right Hospitals,Right Hospitals,,,hospital,13.0787952,80.2405731,True,
OSM_POI_6933514287,OSM_OVERPASS,6933514287,OSM_TRANSPORT_POIS_20260918,Jayadev Polyclinic Hospital,Jayadev Polyclinic Hospital,,,hospital,13.0778545,80.2415295,True,
OSM_POI_6934340659,OSM_OVERPASS,6934340659,OSM_TRANSPORT_POIS_20260918,New Hope Indian Specilaity Hospital,New Hope Indian Specilaity Hospital,,,hospital,13.0777579,80.2414826,True,
OSM_POI_262452334,OSM_OVERPASS,262452334,OSM_TRANSPORT_POIS_20260918,City Tower Hospitals,City Tower Hospitals,,,hospital,13.08438,80.2160862,True,
OSM_POI_941621037,OSM_OVERPASS,941621037,OSM_TRANSPORT_POIS_20260918,Appolo Clinic,Appolo Clinic,அப்பல்லோ மருத்துவமனை,,hospital,13.0892073,80.2178866,True,
OSM_POI_4036545343,OSM_OVERPASS,4036545343,OSM_TRANSPORT_POIS_20260918,Sri Gokulam Chit Funds,Sri Gokulam Chit Funds,,,general_poi,13.0852284,80.2175481,True,
OSM_POI_6928042666,OSM_OVERPASS,6928042666,OSM_TRANSPORT_POIS_20260918,"Dr.Agarwal's Eye Hospital Ltd., Anna Nagar","Dr.Agarwal's Eye Hospital Ltd., Anna Nagar",,,hospital,13.0847414,80.2219681,True,
OSM_POI_6936469837,OSM_OVERPASS,6936469837,OSM_TRANSPORT_POIS_20260918,Veecare Eye Hospital,Veecare Eye Hospital,,,hospital,13.0843952,80.2182426,True,
OSM_POI_8882544817,OSM_OVERPASS,8882544817,OSM_TRANSPORT_POIS_20260918,Rits and Associates Chartered Accountants,Rits and Associates Chartered Accountants,,,general_poi,13.0842897,80.2220047,True,
OSM_POI_6927308315,OSM_OVERPASS,6927308315,OSM_TRANSPORT_POIS_20260918,Vishnu Eye Clinic and Laser Foundation,Vishnu Eye Clinic and Laser Foundation,,,hospital,13.0842894,80.2230605,True,
OSM_POI_6935274089,OSM_OVERPASS,6935274089,OSM_TRANSPORT_POIS_20260918,Selvarangam Hospital,Selvarangam Hospital,,,hospital,13.0850183,80.2244673,True,
OSM_POI_13419989475,OSM_OVERPASS,13419989475,OSM_TRANSPORT_POIS_20260918,Tamil Nadu Real Estate Regulatory Authority,Tamil Nadu Real Estate Regulatory Authority,,,government_office,13.0854724,80.2240939,True,
OSM_POI_6932138889,OSM_OVERPASS,6932138889,OSM_TRANSPORT_POIS_20260918,Rathi Med Speciality Hospital,Rathi Med Speciality Hospital,,,hospital,13.0916495,80.2179844,True,
OSM_POI_2559180846,OSM_OVERPASS,2559180846,OSM_TRANSPORT_POIS_20260918,Jaws Dental Foundation,Jaws Dental Foundation,,,hospital,13.0929667,80.2236256,True,
OSM_POI_6933869777,OSM_OVERPASS,6933869777,OSM_TRANSPORT_POIS_20260918,"K.M. Hospitals, Chennai","K.M. Hospitals, Chennai",,,hospital,13.0884107,80.2421169,True,
OSM_POI_6936696239,OSM_OVERPASS,6936696239,OSM_TRANSPORT_POIS_20260918,"Trust Hospital, Chennai","Trust Hospital, Chennai",,,hospital,13.0892193,80.2415402,True,
OSM_POI_7824965209,OSM_OVERPASS,7824965209,OSM_TRANSPORT_POIS_20260918,Dr. Sambandam Eye Hospital,Dr. Sambandam Eye Hospital,,,hospital,13.0886474,80.2416011,True,
OSM_POI_7824965213,OSM_OVERPASS,7824965213,OSM_TRANSPORT_POIS_20260918,Ranjith Hospital,Ranjith Hospital,,,hospital,13.0888843,80.2418555,True,
OSM_POI_6914880540,OSM_OVERPASS,6914880540,OSM_TRANSPORT_POIS_20260918,Chennai Heart Centre,Chennai Heart Centre,,,hospital,13.0917939,80.2410534,True,
OSM_POI_6933370913,OSM_OVERPASS,6933370913,OSM_TRANSPORT_POIS_20260918,Apollo First Medical Foundation,Apollo First Medical Foundation,,Apollo FirstMed,hospital,13.0776912,80.2459216,True,
OSM_POI_7824965223,OSM_OVERPASS,7824965223,OSM_TRANSPORT_POIS_20260918,Pandalai Hospital,Pandalai Hospital,,,hospital,13.0771575,80.2450769,True,
OSM_POI_6933794368,OSM_OVERPASS,6933794368,OSM_TRANSPORT_POIS_20260918,Vasantha Subramanian Hospitals Pvt Ltd,Vasantha Subramanian Hospitals Pvt Ltd,,,hospital,13.0731975,80.2527237,True,
OSM_POI_7824965221,OSM_OVERPASS,7824965221,OSM_TRANSPORT_POIS_20260918,Santosham Chest Hospital,Santosham Chest Hospital,,,hospital,13.0746638,80.2537976,True,
OSM_POI_310732936,OSM_OVERPASS,310732936,OSM_TRANSPORT_POIS_20260918,Kilpauk Medical College,Kilpauk Medical College,கீழ்ப்பாக்கம் மருத்துவமனை மற்றும் கல்லூரி,,hospital,13.0785984,80.2433369,True,
OSM_POI_6914896212,OSM_OVERPASS,6914896212,OSM_TRANSPORT_POIS_20260918,R.K. Gynaec And Maternity Hospital,R.K. Gynaec And Maternity Hospital,,,hospital,13.0788127,80.2481786,True,
OSM_POI_6926055600,OSM_OVERPASS,6926055600,OSM_TRANSPORT_POIS_20260918,Satish Eye Hospital,Satish Eye Hospital,,,hospital,13.0813959,80.2469972,True,
OSM_POI_6936316468,OSM_OVERPASS,6936316468,OSM_TRANSPORT_POIS_20260918,Tosh Hospitals Private Limited,Tosh Hospitals Private Limited,,,hospital,13.0827016,80.2424652,True,
OSM_POI_6936356289,OSM_OVERPASS,6936356289,OSM_TRANSPORT_POIS_20260918,"Aditya Hospital, Chennai","Aditya Hospital, Chennai",,,hospital,13.0806801,80.2486159,True,
OSM_POI_6936684311,OSM_OVERPASS,6936684311,OSM_TRANSPORT_POIS_20260918,Kensington Hospital,Kensington Hospital,,,hospital,13.0788382,80.2469368,True,
OSM_POI_6937351599,OSM_OVERPASS,6937351599,OSM_TRANSPORT_POIS_20260918,K.K.R. ENT Hospital and Research Institute(P) Ltd,K.K.R. ENT Hospital and Research Institute(P) Ltd,,KKR ENT Hospital,hospital,13.0781955,80.2452886,True,
OSM_POI_7252333314,OSM_OVERPASS,7252333314,OSM_TRANSPORT_POIS_20260918,Govt Kilpauk Medical College Hospital,Govt Kilpauk Medical College Hospital,,,hospital,13.07832,80.243753,True,
OSM_POI_7824965237,OSM_OVERPASS,7824965237,OSM_TRANSPORT_POIS_20260918,Herbzalive Ayurveda Hospital,Herbzalive Ayurveda Hospital,,,hospital,13.0793874,80.2473996,True,
OSM_POI_6915134068,OSM_OVERPASS,6915134068,OSM_TRANSPORT_POIS_20260918,Doctor Rexs Hospitals,Doctor Rexs Hospitals,,,hospital,13.0838812,80.2502386,True,
OSM_POI_6933016136,OSM_OVERPASS,6933016136,OSM_TRANSPORT_POIS_20260918,"Noble Hospital, Chennai","Noble Hospital, Chennai",,,hospital,13.0821536,80.253244,True,
OSM_POI_6936359972,OSM_OVERPASS,6936359972,OSM_TRANSPORT_POIS_20260918,Kumaran Hospital Pvt.Ltd.,Kumaran Hospital Pvt.Ltd.,,,hospital,13.0790289,80.2490893,True,
OSM_POI_6936669886,OSM_OVERPASS,6936669886,OSM_TRANSPORT_POIS_20260918,K.J. Hospital,K.J. Hospital,,,hospital,13.0790015,80.25267,True,yes
OSM_POI_6936695226,OSM_OVERPASS,6936695226,OSM_TRANSPORT_POIS_20260918,"Sudha Hospital, Chennai","Sudha Hospital, Chennai",,,hospital,13.0791504,80.2541493,True,
OSM_POI_6936696196,OSM_OVERPASS,6936696196,OSM_TRANSPORT_POIS_20260918,V.K. Hospital,V.K. Hospital,,,hospital,13.0816938,80.2522811,True,
OSM_POI_7824965206,OSM_OVERPASS,7824965206,OSM_TRANSPORT_POIS_20260918,Agm Hospital,Agm Hospital,,,hospital,13.0802093,80.2522439,True,
OSM_POI_7824965225,OSM_OVERPASS,7824965225,OSM_TRANSPORT_POIS_20260918,Centre For Gastro Esophageal Disorders,Centre For Gastro Esophageal Disorders,,,hospital,13.0786423,80.2540859,True,
OSM_POI_7824965229,OSM_OVERPASS,7824965229,OSM_TRANSPORT_POIS_20260918,Puttur Kattu Hospital,Puttur Kattu Hospital,,,hospital,13.0812406,80.2506114,True,
OSM_POI_7824965244,OSM_OVERPASS,7824965244,OSM_TRANSPORT_POIS_20260918,Amrit Hospital,Amrit Hospital,,,hospital,13.0811868,80.2520834,True,
OSM_POI_320275820,OSM_OVERPASS,320275820,OSM_TRANSPORT_POIS_20260918,Govt Maternity Hospital,Govt Maternity Hospital,,,hospital,13.0720996,80.2589871,True,
OSM_POI_320275824,OSM_OVERPASS,320275824,OSM_TRANSPORT_POIS_20260918,Institute of Child Health,Institute of Child Health,,,hospital,13.0735496,80.257025,True,
OSM_POI_320275839,OSM_OVERPASS,320275839,OSM_TRANSPORT_POIS_20260918,Institute of Obstetrics and Gynaecology dd,Institute of Obstetrics and Gynaecology dd,,,hospital,13.0735431,80.2591463,True,
OSM_POI_4308319901,OSM_OVERPASS,4308319901,OSM_TRANSPORT_POIS_20260918,EMPEE GROUP OF COMPANY,EMPEE GROUP OF COMPANY,,,general_poi,13.0727185,80.2617491,True,
OSM_POI_7824965245,OSM_OVERPASS,7824965245,OSM_TRANSPORT_POIS_20260918,Mercury Hospital,Mercury Hospital,,,hospital,13.071832,80.260048,True,
OSM_POI_2296731456,OSM_OVERPASS,2296731456,OSM_TRANSPORT_POIS_20260918,Dr Venugopals' Sundaram Clini,Dr Venugopals' Sundaram Clini,,,hospital,13.076782,80.268345,True,
OSM_POI_2296731781,OSM_OVERPASS,2296731781,OSM_TRANSPORT_POIS_20260918,Dr Kabir's Clinic,Dr Kabir's Clinic,,,hospital,13.0768734,80.2678381,True,
OSM_POI_2296732187,OSM_OVERPASS,2296732187,OSM_TRANSPORT_POIS_20260918,Dr Sridhars'Clinic,Dr Sridhars'Clinic,,,hospital,13.0764345,80.2672427,True,
OSM_POI_4324801889,OSM_OVERPASS,4324801889,OSM_TRANSPORT_POIS_20260918,MOTOR FINANCE CORPORATION,MOTOR FINANCE CORPORATION,,,general_poi,13.0724579,80.2620643,True,
OSM_POI_6378558385,OSM_OVERPASS,6378558385,OSM_TRANSPORT_POIS_20260918,TNRERA,TNRERA,,,government_office,13.0774493,80.2652478,True,
OSM_POI_7824965222,OSM_OVERPASS,7824965222,OSM_TRANSPORT_POIS_20260918,Tune 32 Hospital,Tune 32 Hospital,,,hospital,13.0715459,80.2622655,True,
OSM_POI_7824965241,OSM_OVERPASS,7824965241,OSM_TRANSPORT_POIS_20260918,Neuro Hospital,Neuro Hospital,,,hospital,13.0713435,80.2625981,True,
OSM_POI_7824965264,OSM_OVERPASS,7824965264,OSM_TRANSPORT_POIS_20260918,Red Cross Hospital,Red Cross Hospital,,,hospital,13.074301,80.267569,True,
OSM_POI_6914768088,OSM_OVERPASS,6914768088,OSM_TRANSPORT_POIS_20260918,Dr. U. Mohan Rau Memorial Hospital - Chennai,Dr. U. Mohan Rau Memorial Hospital - Chennai,,,hospital,13.079494,80.2572808,True,yes
OSM_POI_7824965254,OSM_OVERPASS,7824965254,OSM_TRANSPORT_POIS_20260918,Kola Saraswathi Agarwal Samaj Health Centre,Kola Saraswathi Agarwal Samaj Health Centre,,,hospital,13.0813334,80.2553965,True,
OSM_POI_7824965262,OSM_OVERPASS,7824965262,OSM_TRANSPORT_POIS_20260918,Periyar Maniammai Hospital,Periyar Maniammai Hospital,,,hospital,13.0811497,80.2620778,True,
OSM_POI_12146055740,OSM_OVERPASS,12146055740,OSM_TRANSPORT_POIS_20260918,"Commissioner of Police office, Greater chennai Police","Commissioner of Police office, Greater chennai Police",,,hospital,13.081276,80.2631177,True,
OSM_POI_6936411410,OSM_OVERPASS,6936411410,OSM_TRANSPORT_POIS_20260918,Amalya Eye Hospital,Amalya Eye Hospital,,,hospital,13.0877615,80.2423476,True,
OSM_POI_7824965258,OSM_OVERPASS,7824965258,OSM_TRANSPORT_POIS_20260918,Demo Hospital,Demo Hospital,,,hospital,13.0844036,80.2454945,True,
OSM_POI_9345560480,OSM_OVERPASS,9345560480,OSM_TRANSPORT_POIS_20260918,SARF Communications,SARF Communications,,,general_poi,13.0880867,80.2436417,True,
OSM_POI_6926411928,OSM_OVERPASS,6926411928,OSM_TRANSPORT_POIS_20260918,"Ayesha Hospital, Kilpauk","Ayesha Hospital, Kilpauk",,,hospital,13.0847009,80.2498054,True,
OSM_POI_6932966221,OSM_OVERPASS,6932966221,OSM_TRANSPORT_POIS_20260918,Narayanaa Hospital,Narayanaa Hospital,,,hospital,13.0893773,80.2547595,True,
OSM_POI_6934407803,OSM_OVERPASS,6934407803,OSM_TRANSPORT_POIS_20260918,Shri Balaji Hospital - Chennai,Shri Balaji Hospital - Chennai,,,hospital,13.0919709,80.2511633,True,
OSM_POI_6926494067,OSM_OVERPASS,6926494067,OSM_TRANSPORT_POIS_20260918,G K M Hospital Pvt Ltd,G K M Hospital Pvt Ltd,,,hospital,13.0899919,80.2585199,True,
OSM_POI_7252333407,OSM_OVERPASS,7252333407,OSM_TRANSPORT_POIS_20260918,Chennai Corporation Hospital,Chennai Corporation Hospital,,,hospital,13.0887,80.256712,True,
OSM_POI_7824965232,OSM_OVERPASS,7824965232,OSM_TRANSPORT_POIS_20260918,An-Noor Eye Hospital,An-Noor Eye Hospital,,,hospital,13.0849581,80.2669979,True,
OSM_POI_2485567524,OSM_OVERPASS,2485567524,OSM_TRANSPORT_POIS_20260918,Vepery Hospital,Vepery Hospital,,,hospital,13.0921812,80.2594411,True,
OSM_POI_6934325849,OSM_OVERPASS,6934325849,OSM_TRANSPORT_POIS_20260918,N.R. Medical Home Private Limited,N.R. Medical Home Private Limited,,,hospital,13.0965878,80.2597135,True,
OSM_POI_7825009819,OSM_OVERPASS,7825009819,OSM_TRANSPORT_POIS_20260918,Niranjana Hospital,Niranjana Hospital,,,hospital,13.1101477,80.2244516,True,
OSM_POI_7252333320,OSM_OVERPASS,7252333320,OSM_TRANSPORT_POIS_20260918,Government Maternity And Child Hospital,Government Maternity And Child Hospital,,,hospital,13.0991743,80.2301988,True,
OSM_POI_13639953901,OSM_OVERPASS,13639953901,OSM_TRANSPORT_POIS_20260918,"Joint Office, Southern Railway","Joint Office, Southern Railway",,,government_office,13.1018864,80.2304285,True,
OSM_POI_13639954001,OSM_OVERPASS,13639954001,OSM_TRANSPORT_POIS_20260918,"Joint office, Southern Railway","Joint office, Southern Railway",,,government_office,13.101916,80.230392,True,
OSM_POI_14059898301,OSM_OVERPASS,14059898301,OSM_TRANSPORT_POIS_20260918,Ayanavaram 24 hours hospital,Ayanavaram 24 hours hospital,,,hospital,13.0986843,80.2336168,True,
OSM_POI_6934036697,OSM_OVERPASS,6934036697,OSM_TRANSPORT_POIS_20260918,Sri Eshodha Hospital,Sri Eshodha Hospital,,,hospital,13.0981213,80.2362643,True,
OSM_POI_12619467462,OSM_OVERPASS,12619467462,OSM_TRANSPORT_POIS_20260918,Vadivelu Hospital,Vadivelu Hospital,,,hospital,13.1002212,80.2400853,True,
OSM_POI_7825009815,OSM_OVERPASS,7825009815,OSM_TRANSPORT_POIS_20260918,Government Hospital,Government Hospital,,,hospital,13.1093369,80.2312849,True,
OSM_POI_7825009792,OSM_OVERPASS,7825009792,OSM_TRANSPORT_POIS_20260918,Dr. A C Aruldas Hospital,Dr. A C Aruldas Hospital,,,hospital,13.1102652,80.2418486,True,
OSM_POI_6936275517,OSM_OVERPASS,6936275517,OSM_TRANSPORT_POIS_20260918,Dr Agarwal Eye Hospital Ltd,Dr Agarwal Eye Hospital Ltd,,,hospital,13.1135903,80.2270764,True,
OSM_POI_7252333347,OSM_OVERPASS,7252333347,OSM_TRANSPORT_POIS_20260918,Govt Peripheral Hospital Periyar Nagar,Govt Peripheral Hospital Periyar Nagar,,,hospital,13.1153048,80.2233851,True,
OSM_POI_7825009798,OSM_OVERPASS,7825009798,OSM_TRANSPORT_POIS_20260918,Kolathur Multi Speciality and Research Centre,Kolathur Multi Speciality and Research Centre,,,hospital,13.1222839,80.2160951,True,
OSM_POI_6916205172,OSM_OVERPASS,6916205172,OSM_TRANSPORT_POIS_20260918,"Vasan Eye Care Hospital, Perambur","Vasan Eye Care Hospital, Perambur",,,hospital,13.1177888,80.2287099,True,
OSM_POI_7825002779,OSM_OVERPASS,7825002779,OSM_TRANSPORT_POIS_20260918,V S Hospital,V S Hospital,,,hospital,13.1216771,80.2236766,True,
OSM_POI_7825009790,OSM_OVERPASS,7825009790,OSM_TRANSPORT_POIS_20260918,St. Joseph Cluny Hospital,St. Joseph Cluny Hospital,,,hospital,13.1204837,80.2243993,True,
OSM_POI_7825009799,OSM_OVERPASS,7825009799,OSM_TRANSPORT_POIS_20260918,Arul Childs Hospital,Arul Childs Hospital,,,hospital,13.1185,80.2258076,True,
OSM_POI_7825009805,OSM_OVERPASS,7825009805,OSM_TRANSPORT_POIS_20260918,Sugar Hospital,Sugar Hospital,,,hospital,13.121994,80.2236309,True,
OSM_POI_6934098007,OSM_OVERPASS,6934098007,OSM_TRANSPORT_POIS_20260918,Abhijay Hospital,Abhijay Hospital,,,hospital,13.1160177,80.2328438,True,
OSM_POI_6934325848,OSM_OVERPASS,6934325848,OSM_TRANSPORT_POIS_20260918,N.R. Hospital,N.R. Hospital,,,hospital,13.1122162,80.2309737,True,
OSM_POI_6914768001,OSM_OVERPASS,6914768001,OSM_TRANSPORT_POIS_20260918,Sen Hospital,Sen Hospital,,,hospital,13.1105649,80.2418775,True,
OSM_POI_7825002782,OSM_OVERPASS,7825002782,OSM_TRANSPORT_POIS_20260918,GK Hospital,GK Hospital,,,hospital,13.113594,80.2394367,True,
OSM_POI_7825009817,OSM_OVERPASS,7825009817,OSM_TRANSPORT_POIS_20260918,Sankar Eye Hospital,Sankar Eye Hospital,,,hospital,13.1131038,80.2404022,True,
OSM_POI_7825009824,OSM_OVERPASS,7825009824,OSM_TRANSPORT_POIS_20260918,Bharani Hospital,Bharani Hospital,,,hospital,13.1106227,80.2374461,True,
OSM_POI_6929255218,OSM_OVERPASS,6929255218,OSM_TRANSPORT_POIS_20260918,Sri Bala Nursing Home,Sri Bala Nursing Home,,,hospital,13.1183119,80.2318051,True,
OSM_POI_6934246102,OSM_OVERPASS,6934246102,OSM_TRANSPORT_POIS_20260918,Srinivas Priya Hospital (P) Ltd,Srinivas Priya Hospital (P) Ltd,,,hospital,13.1100467,80.2466847,True,
OSM_POI_6915218991,OSM_OVERPASS,6915218991,OSM_TRANSPORT_POIS_20260918,Deepam Muthu Hospital,Deepam Muthu Hospital,,,hospital,13.0995855,80.2605303,True,
OSM_POI_5263563022,OSM_OVERPASS,5263563022,OSM_TRANSPORT_POIS_20260918,J.M Hoapital,J.M Hoapital,,,hospital,13.1131363,80.2429369,True,
OSM_POI_7825002781,OSM_OVERPASS,7825002781,OSM_TRANSPORT_POIS_20260918,Iyyappa Multi Speciality Hospitals,Iyyappa Multi Speciality Hospitals,,,hospital,13.1160443,80.2454243,True,
OSM_POI_7825009786,OSM_OVERPASS,7825009786,OSM_TRANSPORT_POIS_20260918,Dr. Kleela Hospital,Dr. Kleela Hospital,,,hospital,13.1155627,80.2457851,True,
OSM_POI_7825009820,OSM_OVERPASS,7825009820,OSM_TRANSPORT_POIS_20260918,Parvatham Hospital,Parvatham Hospital,,,hospital,13.1148422,80.2441515,True,
OSM_POI_6261225290,OSM_OVERPASS,6261225290,OSM_TRANSPORT_POIS_20260918,Tamilnadu Slum Clearence Board,Tamilnadu Slum Clearence Board,,,government_office,13.1142291,80.2654107,True,
OSM_POI_6934325876,OSM_OVERPASS,6934325876,OSM_TRANSPORT_POIS_20260918,Nalamm Hospital Pvt Ltd,Nalamm Hospital Pvt Ltd,,,hospital,13.1184216,80.2610184,True,
OSM_POI_7953367285,OSM_OVERPASS,7953367285,OSM_TRANSPORT_POIS_20260918,Nalam marithuvamanai,Nalam marithuvamanai,,,hospital,13.1183857,80.2606286,True,
OSM_POI_7824965249,OSM_OVERPASS,7824965249,OSM_TRANSPORT_POIS_20260918,S.K. Selvam Hospital,S.K. Selvam Hospital,,,hospital,13.0761303,80.2694819,True,
OSM_POI_303283947,OSM_OVERPASS,303283947,OSM_TRANSPORT_POIS_20260918,Lily Pond Shopping Complex,Lily Pond Shopping Complex,,Moore Market,mall,13.0833302,80.272561,True,
OSM_POI_7824965211,OSM_OVERPASS,7824965211,OSM_TRANSPORT_POIS_20260918,Sugumar Hospital,Sugumar Hospital,,,hospital,13.0828855,80.2709938,True,
OSM_POI_7824965238,OSM_OVERPASS,7824965238,OSM_TRANSPORT_POIS_20260918,Meta Hospital,Meta Hospital,,,hospital,13.0826737,80.2705905,True,
OSM_POI_7824965252,OSM_OVERPASS,7824965252,OSM_TRANSPORT_POIS_20260918,Apollo Hospital,Apollo Hospital,,,hospital,13.0825738,80.2710331,True,
OSM_POI_13746287114,OSM_OVERPASS,13746287114,OSM_TRANSPORT_POIS_20260918,Station Master,Station Master,,,government_office,13.0825657,80.275297,True,
OSM_POI_7824965246,OSM_OVERPASS,7824965246,OSM_TRANSPORT_POIS_20260918,Naz Unani Hospital,Naz Unani Hospital,,,hospital,13.0850158,80.2699983,True,
OSM_POI_258978416,OSM_OVERPASS,258978416,OSM_TRANSPORT_POIS_20260918,Amrit Hospital,Amrit Hospital,,,hospital,13.0922007,80.2792912,True,
OSM_POI_310504820,OSM_OVERPASS,310504820,OSM_TRANSPORT_POIS_20260918,"Tamil Nadu Government Dental College & Hospital, Chennai","Tamil Nadu Government Dental College & Hospital, Chennai","தமிழ்நாடு அரசு பல் மருத்துவக் கல்லூரி மற்றும் மருத்துவமனை, சென்னை",,hospital,13.084889,80.2826483,True,
OSM_POI_2381473122,OSM_OVERPASS,2381473122,OSM_TRANSPORT_POIS_20260918,NIIT,NIIT,,,college,13.089879,80.2862748,True,
OSM_POI_5851482985,OSM_OVERPASS,5851482985,OSM_TRANSPORT_POIS_20260918,Tamil Nadu Public Service Commission,Tamil Nadu Public Service Commission,தமிழ்நாடு அரசு பணியாளர் தேர்வாணையம்,,government_office,13.0851536,80.2820219,True,
OSM_POI_10968476710,OSM_OVERPASS,10968476710,OSM_TRANSPORT_POIS_20260918,Former site of Binny Mills Building,Former site of Binny Mills Building,,,tourist_attraction,13.0908999,80.2876055,True,
OSM_POI_4698134989,OSM_OVERPASS,4698134989,OSM_TRANSPORT_POIS_20260918,"Parcel office, Chennai central","Parcel office, Chennai central",,,government_office,13.1005003,80.2734013,True,
OSM_POI_258978417,OSM_OVERPASS,258978417,OSM_TRANSPORT_POIS_20260918,Vikram Hospital,Apollo Hospital,,,hospital,13.0985007,80.2796178,True,
OSM_POI_7252333381,OSM_OVERPASS,7252333381,OSM_TRANSPORT_POIS_20260918,Seven Wells Hospital,Seven Wells Hospital,,,hospital,13.0993782,80.2825418,True,
OSM_POI_10687917005,OSM_OVERPASS,10687917005,OSM_TRANSPORT_POIS_20260918,வக்ஃப் இல்லம்,Wakf House,,,government_office,13.0980028,80.2923359,True,
OSM_POI_7252333337,OSM_OVERPASS,7252333337,OSM_TRANSPORT_POIS_20260918,Govt. Stanley Hospital,Govt. Stanley Hospital,,,hospital,13.10618,80.286804,True,
OSM_POI_6933802716,OSM_OVERPASS,6933802716,OSM_TRANSPORT_POIS_20260918,"Vasan Eye Care Hospital, Tondiarpet","Vasan Eye Care Hospital, Tondiarpet",,,hospital,13.1109009,80.2812195,True,
OSM_POI_6936738654,OSM_OVERPASS,6936738654,OSM_TRANSPORT_POIS_20260918,Roselin Gandhi Hospital,Roselin Gandhi Hospital,,,hospital,13.1166714,80.2803303,True,
OSM_POI_7252333389,OSM_OVERPASS,7252333389,OSM_TRANSPORT_POIS_20260918,Chennai Corporation Hospital,Chennai Corporation Hospital,,,hospital,13.1142928,80.2844517,True,
OSM_POI_4813324323,OSM_OVERPASS,4813324323,OSM_TRANSPORT_POIS_20260918,GURU EYE HOSPITAL,GURU EYE HOSPITAL,,,hospital,13.1133021,80.2905249,True,
OSM_POI_6926060954,OSM_OVERPASS,6926060954,OSM_TRANSPORT_POIS_20260918,Subha Hospital,Subha Hospital,,,hospital,13.1113868,80.2923493,True,
OSM_POI_6928327073,OSM_OVERPASS,6928327073,OSM_TRANSPORT_POIS_20260918,Sri Kumaran Multi Speciality Hospital,Sri Kumaran Multi Speciality Hospital,,,hospital,13.1152895,80.2923614,True,
OSM_POI_6929359084,OSM_OVERPASS,6929359084,OSM_TRANSPORT_POIS_20260918,Bhagwan Mahaveer Eye Hospital,Bhagwan Mahaveer Eye Hospital,,,hospital,13.1105084,80.2917197,True,
OSM_POI_6934340665,OSM_OVERPASS,6934340665,OSM_TRANSPORT_POIS_20260918,Nichani Health Centre,Nichani Health Centre,,,hospital,13.111251,80.2940284,True,
OSM_POI_5255065021,OSM_OVERPASS,5255065021,OSM_TRANSPORT_POIS_20260918,SUB REGISTER RAYAPURAM,SUB REGISTER RAYAPURAM,,,government_office,13.1171002,80.2841149,True,
OSM_POI_6915117046,OSM_OVERPASS,6915117046,OSM_TRANSPORT_POIS_20260918,"M N Eye Hospital Private Limited, Tondiarpet","M N Eye Hospital Private Limited, Tondiarpet",,,hospital,13.1232306,80.2876528,True,
OSM_POI_6934301423,OSM_OVERPASS,6934301423,OSM_TRANSPORT_POIS_20260918,"A.V. Hospital, Chennai","A.V. Hospital, Chennai",,,hospital,13.1170802,80.2864189,True,
OSM_POI_7252333318,OSM_OVERPASS,7252333318,OSM_TRANSPORT_POIS_20260918,Rasi Hospital,Rasi Hospital,,,hospital,13.12038,80.285818,True,
OSM_POI_6934325866,OSM_OVERPASS,6934325866,OSM_TRANSPORT_POIS_20260918,Nagamani Hospitals Private Limited,Nagamani Hospitals Private Limited,,,hospital,13.117412,80.289427,True,
OSM_POI_6937320470,OSM_OVERPASS,6937320470,OSM_TRANSPORT_POIS_20260918,Rudhra-Chella Clinicare`N`Cure Services,Rudhra-Chella Clinicare`N`Cure Services,,,hospital,13.1228878,80.293498,True,
OSM_POI_6933130958,OSM_OVERPASS,6933130958,OSM_TRANSPORT_POIS_20260918,Diabetes Research Centre and M.V.Hospital For Diabetes,Diabetes Research Centre and M.V.Hospital For Diabetes,,,hospital,13.1119458,80.2952072,True,
OSM_POI_6934271106,OSM_OVERPASS,6934271106,OSM_TRANSPORT_POIS_20260918,M V Hospital For Diabetes Pvt Ltd,M V Hospital For Diabetes Pvt Ltd,,,hospital,13.1121574,80.2956927,True,
OSM_POI_7252333354,OSM_OVERPASS,7252333354,OSM_TRANSPORT_POIS_20260918,Government Unani Hospital,Government Unani Hospital,,,hospital,13.1129012,80.2957982,True,
OSM_POI_248560797,OSM_OVERPASS,248560797,OSM_TRANSPORT_POIS_20260918,Kasimedu,Kasimedu,காசிமேடு,,hospital,13.122775,80.2960584,True,
OSM_POI_7843239851,OSM_OVERPASS,7843239851,OSM_TRANSPORT_POIS_20260918,Sir Ivan Stedford Hospital,Sir Ivan Stedford Hospital,,,hospital,13.1247933,80.1435476,True,
OSM_POI_9980280804,OSM_OVERPASS,9980280804,OSM_TRANSPORT_POIS_20260918,Shreyas hospital,Shreyas hospital,,,hospital,13.1266701,80.2014392,True,
OSM_POI_7825009803,OSM_OVERPASS,7825009803,OSM_TRANSPORT_POIS_20260918,KCK Hospital,KCK Hospital,,,hospital,13.129071,80.2159086,True,
OSM_POI_7825009807,OSM_OVERPASS,7825009807,OSM_TRANSPORT_POIS_20260918,Retteri Kumaran Hospital,Retteri Kumaran Hospital,,,hospital,13.129869,80.214109,True,
OSM_POI_7825009816,OSM_OVERPASS,7825009816,OSM_TRANSPORT_POIS_20260918,K.H.M. Hospital,K.H.M. Hospital,,,hospital,13.129327,80.2152624,True,
OSM_POI_7818702358,OSM_OVERPASS,7818702358,OSM_TRANSPORT_POIS_20260918,Uma Hospital,Uma Hospital,,,hospital,13.1345397,80.2058879,True,
OSM_POI_6934326572,OSM_OVERPASS,6934326572,OSM_TRANSPORT_POIS_20260918,Sri Kumaran Health Centre,Sri Kumaran Health Centre,,,hospital,13.1308907,80.2138799,True,
OSM_POI_12581525295,OSM_OVERPASS,12581525295,OSM_TRANSPORT_POIS_20260918,Meridian Hospitals,Meridian Hospitals,,,hospital,13.1363242,80.2157688,True,
OSM_POI_6932938090,OSM_OVERPASS,6932938090,OSM_TRANSPORT_POIS_20260918,"Lake View Hospital, Tiruvallur","Lake View Hospital, Tiruvallur",,,hospital,13.1368213,80.2087516,True,
OSM_POI_7818702420,OSM_OVERPASS,7818702420,OSM_TRANSPORT_POIS_20260918,St. Anthony's Hospital,St. Anthony's Hospital,,,hospital,13.161861,80.204431,True,
OSM_POI_7818702399,OSM_OVERPASS,7818702399,OSM_TRANSPORT_POIS_20260918,Md Hussain Hospital,Md Hussain Hospital,,,hospital,13.1702776,80.193567,True,
OSM_POI_7252256167,OSM_OVERPASS,7252256167,OSM_TRANSPORT_POIS_20260918,"Govt Hospital, Alamathi","Govt Hospital, Alamathi",,,hospital,13.2097678,80.1121208,True,
OSM_POI_6914911759,OSM_OVERPASS,6914911759,OSM_TRANSPORT_POIS_20260918,Vanaja Hospital,Vanaja Hospital,,,hospital,13.1990395,80.1760313,True,
OSM_POI_7210899888,OSM_OVERPASS,7210899888,OSM_TRANSPORT_POIS_20260918,Sree Sanjeevi Rayan Hospital,Sree Sanjeevi Rayan Hospital,,,hospital,13.1992282,80.1786155,True,
OSM_POI_14104735701,OSM_OVERPASS,14104735701,OSM_TRANSPORT_POIS_20260918,R B Gothi Jain College For Women,R B Gothi Jain College For Women,,,college,13.1945934,80.1940003,True,
OSM_POI_9717766098,OSM_OVERPASS,9717766098,OSM_TRANSPORT_POIS_20260918,Chamdhi Netralayam Eye Hospital,Chamdhi Netralayam Eye Hospital,,,hospital,13.2086279,80.1698455,True,
OSM_POI_7825009787,OSM_OVERPASS,7825009787,OSM_TRANSPORT_POIS_20260918,Bluemed Healthcare,Bluemed Healthcare,,,hospital,13.1297562,80.2172747,True,
OSM_POI_7825009797,OSM_OVERPASS,7825009797,OSM_TRANSPORT_POIS_20260918,Bharathiraja Hospitals,Bharathiraja Hospitals,,,hospital,13.1300779,80.216941,True,
OSM_POI_7825009823,OSM_OVERPASS,7825009823,OSM_TRANSPORT_POIS_20260918,U.S. Hospital,U.S. Hospital,,,hospital,13.1263043,80.2192658,True,
OSM_POI_6933523232,OSM_OVERPASS,6933523232,OSM_TRANSPORT_POIS_20260918,Kvt Health Centre,Kvt Health Centre,,,hospital,13.1282303,80.2421558,True,
OSM_POI_12581554805,OSM_OVERPASS,12581554805,OSM_TRANSPORT_POIS_20260918,St Anne's Arts And Science College,St Anne's Arts And Science College,,,college,13.1333596,80.2334549,True,
OSM_POI_12581658601,OSM_OVERPASS,12581658601,OSM_TRANSPORT_POIS_20260918,St Anthony's Hospital,St Anthony's Hospital,,,hospital,13.1396018,80.2377389,True,
OSM_POI_6937111102,OSM_OVERPASS,6937111102,OSM_TRANSPORT_POIS_20260918,K.M. Multi Speciality Hospital,K.M. Multi Speciality Hospital,,,hospital,13.1450072,80.2398249,True,
OSM_POI_3982078512,OSM_OVERPASS,3982078512,OSM_TRANSPORT_POIS_20260918,Pavithra Hospital,Pavithra Hospital,,,hospital,13.1260907,80.2488406,True,
OSM_POI_7252256177,OSM_OVERPASS,7252256177,OSM_TRANSPORT_POIS_20260918,Swasthik Health Care center,Swasthik Health Care center,,,hospital,13.1297134,80.2506039,True,
OSM_POI_7252333396,OSM_OVERPASS,7252333396,OSM_TRANSPORT_POIS_20260918,Kvt Health Speciality Hospital,Kvt Health Speciality Hospital,,,hospital,13.1267531,80.2489796,True,
OSM_POI_7252256184,OSM_OVERPASS,7252256184,OSM_TRANSPORT_POIS_20260918,NRV Hospital,NRV Hospital,,,hospital,13.13468,80.243196,True,
OSM_POI_6916178396,OSM_OVERPASS,6916178396,OSM_TRANSPORT_POIS_20260918,Noor`S Hospital,Noor`S Hospital,,,hospital,13.1418442,80.2485046,True,
OSM_POI_6929257550,OSM_OVERPASS,6929257550,OSM_TRANSPORT_POIS_20260918,"Anand Hospital, Chennai","Anand Hospital, Chennai",,,hospital,13.1638346,80.2581659,True,
OSM_POI_7818702393,OSM_OVERPASS,7818702393,OSM_TRANSPORT_POIS_20260918,Sankara Eye Hospital,Sankara Eye Hospital,,,hospital,13.165259,80.25871,True,
OSM_POI_14059867401,OSM_OVERPASS,14059867401,OSM_TRANSPORT_POIS_20260918,Sri Raghavendra Hospital (sidha),Sri Raghavendra Hospital (sidha),,,hospital,13.1241668,80.2873329,True,
OSM_POI_289486820,OSM_OVERPASS,289486820,OSM_TRANSPORT_POIS_20260918,"Apollo Hospitals, Tondiarpet","Apollo Hospitals, Tondiarpet",,,hospital,13.1289367,80.2905623,True,
OSM_POI_6915463333,OSM_OVERPASS,6915463333,OSM_TRANSPORT_POIS_20260918,Malligai Hospital,Malligai Hospital,,,hospital,13.1238765,80.2899749,True,
OSM_POI_6933038486,OSM_OVERPASS,6933038486,OSM_TRANSPORT_POIS_20260918,"J.K. Hospital, Chennai","J.K. Hospital, Chennai",,,hospital,13.1354513,80.2934799,True,
OSM_POI_6933737012,OSM_OVERPASS,6933737012,OSM_TRANSPORT_POIS_20260918,Ezhil Hospital,Ezhil Hospital,,,hospital,13.1302259,80.2916855,True,
OSM_POI_6931010523,OSM_OVERPASS,6931010523,OSM_TRANSPORT_POIS_20260918,"Vandana Hospital, Tiruvallur","Vandana Hospital, Tiruvallur",,,hospital,13.1456863,80.2927141,True,
OSM_POI_7818702409,OSM_OVERPASS,7818702409,OSM_TRANSPORT_POIS_20260918,Annai Hospital,Annai Hospital,,,hospital,13.1486276,80.2982812,True,
OSM_POI_8430636718,OSM_OVERPASS,8430636718,OSM_TRANSPORT_POIS_20260918,Sri Lakshmi Agro,Sri Lakshmi Agro,,,general_poi,13.1444405,80.2992198,True,
OSM_POI_7181795816,OSM_OVERPASS,7181795816,OSM_TRANSPORT_POIS_20260918,Vasantha Hospital,Vasantha Hospital,,,hospital,13.1738112,80.294082,True,
OSM_POI_6930080547,OSM_OVERPASS,6930080547,OSM_TRANSPORT_POIS_20260918,"Rohit Hospital, Tiruvallur","Rohit Hospital, Tiruvallur",,,hospital,13.1512288,80.2998984,True,
OSM_POI_7818702367,OSM_OVERPASS,7818702367,OSM_TRANSPORT_POIS_20260918,Suman Hospital,Suman Hospital,,,hospital,13.1503301,80.2984201,True,
OSM_POI_7818702395,OSM_OVERPASS,7818702395,OSM_TRANSPORT_POIS_20260918,G S Hospital,G S Hospital,,,hospital,13.1537616,80.3006482,True,
OSM_POI_7818702406,OSM_OVERPASS,7818702406,OSM_TRANSPORT_POIS_20260918,Esha Hospital,Esha Hospital,,,hospital,13.1521728,80.3002146,True,
OSM_POI_7818702419,OSM_OVERPASS,7818702419,OSM_TRANSPORT_POIS_20260918,Sekar Hospital,Sekar Hospital,,,hospital,13.1523333,80.2998808,True,
OSM_POI_7818702357,OSM_OVERPASS,7818702357,OSM_TRANSPORT_POIS_20260918,Prasad Multispeciality Hospital,Prasad Multispeciality Hospital,,,hospital,13.156154,80.301391,True,
OSM_POI_6934903332,OSM_OVERPASS,6934903332,OSM_TRANSPORT_POIS_20260918,Sss Hospital,Sss Hospital,,,hospital,13.1577727,80.3018933,True,
OSM_POI_6935224405,OSM_OVERPASS,6935224405,OSM_TRANSPORT_POIS_20260918,"Sugam Hospital, Tiruvallur","Sugam Hospital, Tiruvallur",,,hospital,13.1652175,80.3032967,True,
OSM_POI_6936294078,OSM_OVERPASS,6936294078,OSM_TRANSPORT_POIS_20260918,Karthik Hospital,Karthik Hospital,,,hospital,13.1665521,80.3043053,True,
OSM_POI_7252256194,OSM_OVERPASS,7252256194,OSM_TRANSPORT_POIS_20260918,Sugam Hospital,Sugam Hospital,,,hospital,13.1685958,80.3042862,True,
OSM_POI_6937109075,OSM_OVERPASS,6937109075,OSM_TRANSPORT_POIS_20260918,"Aakash Hospital, Tiruvallur","Aakash Hospital, Tiruvallur",,,hospital,13.1694824,80.304324,True,
OSM_POI_13456132677,OSM_OVERPASS,13456132677,OSM_TRANSPORT_POIS_20260918,RMS Ropheka Multi Speciality Hospitals,RMS Ropheka Multi Speciality Hospitals,,,hospital,13.2035123,80.2661437,True,yes
OSM_POI_12458790371,OSM_OVERPASS,12458790371,OSM_TRANSPORT_POIS_20260918,"சார் பதிவாளர் அலுவலகம், திருவெற்றியூர்","Sub-Register Office, Thiruvottiyur",,,government_office,13.1787327,80.3076924,True,limited
OSM_POI_7818702396,OSM_OVERPASS,7818702396,OSM_TRANSPORT_POIS_20260918,Welcare Hospital,Welcare Hospital,,,hospital,13.3306875,80.1887374,True,
OSM_POI_7818702424,OSM_OVERPASS,7818702424,OSM_TRANSPORT_POIS_20260918,Dr.Bala Lakshmi Hospital,Dr.Bala Lakshmi Hospital,,,hospital,13.329233,80.187201,True,
OSM_POI_7818702372,OSM_OVERPASS,7818702372,OSM_TRANSPORT_POIS_20260918,Thangam Hospital,Thangam Hospital,,,hospital,13.332976,80.19451,True,
OSM_POI_7252256166,OSM_OVERPASS,7252256166,OSM_TRANSPORT_POIS_20260918,Ponneri Government Hospital,Ponneri Government Hospital,,,hospital,13.3329987,80.1972536,True,
OSM_POI_6310120985,OSM_OVERPASS,6310120985,OSM_TRANSPORT_POIS_20260918,Village administration office,Village administration office,,,government_office,13.2486349,80.2165677,True,
OSM_POI_2607437437,OSM_OVERPASS,2607437437,OSM_TRANSPORT_POIS_20260918,Venkata rathnam Hospital,Venkata rathnam Hospital,,,hospital,13.2772938,80.2598649,True,
OSM_POI_7818702361,OSM_OVERPASS,7818702361,OSM_TRANSPORT_POIS_20260918,M N Eye Hospital,M N Eye Hospital,,,hospital,13.2786682,80.2608979,True,
OSM_POI_7818702363,OSM_OVERPASS,7818702363,OSM_TRANSPORT_POIS_20260918,"ESI Hospital, Minjur","ESI Hospital, Minjur",,,hospital,13.2793062,80.2577503,True,
OSM_POI_1871134537,OSM_OVERPASS,1871134537,OSM_TRANSPORT_POIS_20260918,RMD college,RMD college,,,college,13.35923,80.1411026,True,
OSM_POI_13731446190,OSM_OVERPASS,13731446190,OSM_TRANSPORT_POIS_20260918,RMK Engineering College,RMK Engineering College,,,university,13.3568164,80.1422648,True,
OSM_POI_7818702397,OSM_OVERPASS,7818702397,OSM_TRANSPORT_POIS_20260918,Sai Hospital,Sai Hospital,,,hospital,13.3637671,80.1405042,True,
OSM_POI_7818702398,OSM_OVERPASS,7818702398,OSM_TRANSPORT_POIS_20260918,RMK Hospital,RMK Hospital,,,hospital,13.361191,80.140533,True,
OSM_POI_7818702366,OSM_OVERPASS,7818702366,OSM_TRANSPORT_POIS_20260918,PMS Hospital,PMS Hospital,,,hospital,13.3348563,80.1941403,True,
OSM_POI_7818702383,OSM_OVERPASS,7818702383,OSM_TRANSPORT_POIS_20260918,Sushrutha Surgical Hospital,Sushrutha Surgical Hospital,,,hospital,13.3348758,80.190578,True,
OSM_POI_7818702392,OSM_OVERPASS,7818702392,OSM_TRANSPORT_POIS_20260918,Hasini Eye Care Clinic and General Hospital,Hasini Eye Care Clinic and General Hospital,,,hospital,13.337998,80.1928478,True,
OSM_POI_7818702394,OSM_OVERPASS,7818702394,OSM_TRANSPORT_POIS_20260918,Jeyam Multi Speciality Hospitals,Jeyam Multi Speciality Hospitals,,,hospital,13.3342331,80.1954472,True,
OSM_POI_7818702373,OSM_OVERPASS,7818702373,OSM_TRANSPORT_POIS_20260918,Alpha Hospital,Alpha Hospital,,,hospital,13.420618,80.114126,True,
OSM_POI_7252256187,OSM_OVERPASS,7252256187,OSM_TRANSPORT_POIS_20260918,"Government Hospital, Gummudipoondi","Government Hospital, Gummudipoondi",,,hospital,13.4160912,80.1296667,True,
OSM_POI_7818702378,OSM_OVERPASS,7818702378,OSM_TRANSPORT_POIS_20260918,Sugam Hospital,Sugam Hospital,,,hospital,13.414053,80.12703,True,
OSM_POI_371722032,OSM_OVERPASS,371722032,OSM_TRANSPORT_POIS_20260918,Thalankuppam Abandoned Pier,Thalankuppam Abandoned Pier,,,tourist_attraction,13.2341687,80.3319749,True,
OSM_POI_9787353870,OSM_OVERPASS,9787353870,OSM_TRANSPORT_POIS_20260918,Green Beach,Green Beach,,,beach,13.3634355,80.338449,True,
OSM_POI_9787353869,OSM_OVERPASS,9787353869,OSM_TRANSPORT_POIS_20260918,Koraikuppam Beach,Koraikuppam Beach,,,beach,13.3823151,80.3335171,True,
OSM_POI_9787353868,OSM_OVERPASS,9787353868,OSM_TRANSPORT_POIS_20260918,Calm Beach,Calm Beach,,,beach,13.4079683,80.3288334,True,
OSM_POI_9787353867,OSM_OVERPASS,9787353867,OSM_TRANSPORT_POIS_20260918,Pulicat Beach,Pulicat Beach,,,beach,13.4209255,80.3283291,True,
OSM_POI_370280420,OSM_OVERPASS,370280420,OSM_TRANSPORT_POIS_20260918,Waterfalls,Waterfalls,,,tourist_attraction,13.4842073,79.7861318,False,
OSM_POI_370284700,OSM_OVERPASS,370284700,OSM_TRANSPORT_POIS_20260918,Dam,Dam,,,tourist_attraction,13.4557294,79.8126814,False,
OSM_POI_370280434,OSM_OVERPASS,370280434,OSM_TRANSPORT_POIS_20260918,Dam,Dam,,,tourist_attraction,13.4904624,79.8371586,False,
OSM_POI_521775690,OSM_OVERPASS,521775690,OSM_TRANSPORT_POIS_20260918,Sri Malolan College of Arts and Science,Sri Malolan College of Arts and Science,ஸ்ரீ மாலோலன் கலை மற்றும் அறிவியல் கல்லூரி,,college,,,False,
OSM_POI_1110877863,OSM_OVERPASS,1110877863,OSM_TRANSPORT_POIS_20260918,NESCO BasketBall Court,NESCO BasketBall Court,,,stadium,,,False,
OSM_POI_1026902286,OSM_OVERPASS,1026902286,OSM_TRANSPORT_POIS_20260918,Chengalpattu Medical College Hospital,Chengalpattu Medical College Hospital,,,hospital,,,False,
OSM_POI_1184576732,OSM_OVERPASS,1184576732,OSM_TRANSPORT_POIS_20260918,Rajeswari Vedachalam Government Arts College,Rajeswari Vedachalam Government Arts College,,,college,,,False,
OSM_POI_1358386128,OSM_OVERPASS,1358386128,OSM_TRANSPORT_POIS_20260918,Government Primary Health Centre,Government Primary Health Centre,,,hospital,,,False,
OSM_POI_1185833562,OSM_OVERPASS,1185833562,OSM_TRANSPORT_POIS_20260918,Apollo Arts and Science College Chennai,Apollo Arts and Science College Chennai,,,college,,,False,
OSM_POI_1288774428,OSM_OVERPASS,1288774428,OSM_TRANSPORT_POIS_20260918,Sri Chandrasekharendra Saraswathi Viswa Mahavidyalaya,Sri Chandrasekharendra Saraswathi Viswa Mahavidyalaya,,,university,,,False,
OSM_POI_532872033,OSM_OVERPASS,532872033,OSM_TRANSPORT_POIS_20260918,"Umiversity College of Engineering,Kanchipuram","Umiversity College of Engineering,Kanchipuram",,,college,,,False,
OSM_POI_1391073986,OSM_OVERPASS,1391073986,OSM_TRANSPORT_POIS_20260918,Bon Secours College Of Nursing,Bon Secours College Of Nursing,,,college,,,False,
OSM_POI_1391072850,OSM_OVERPASS,1391072850,OSM_TRANSPORT_POIS_20260918,Matha Shopping Complex,Matha Shopping Complex,,,mall,,,False,
OSM_POI_1206543401,OSM_OVERPASS,1206543401,OSM_TRANSPORT_POIS_20260918,Jeppiaar Maamallan Engineering College,Jeppiaar Maamallan Engineering College,,,college,,,False,
OSM_POI_1017039658,OSM_OVERPASS,1017039658,OSM_TRANSPORT_POIS_20260918,Appollo Priyadharsini Institute of Technology,Appollo Priyadharsini Institute of Technology,,,college,,,False,
OSM_POI_729237712,OSM_OVERPASS,729237712,OSM_TRANSPORT_POIS_20260918,Dhaanish Ahmed College of Engineering,Dhaanish Ahmed College of Engineering,,,college,,,False,
OSM_POI_729229034,OSM_OVERPASS,729229034,OSM_TRANSPORT_POIS_20260918,RRASE College of Engineering,RRASE College of Engineering,,,college,,,False,
OSM_POI_718914045,OSM_OVERPASS,718914045,OSM_TRANSPORT_POIS_20260918,SRM University Building,SRM University Building,,,university,,,False,
OSM_POI_158851236,OSM_OVERPASS,158851236,OSM_TRANSPORT_POIS_20260918,BS Abdur Rahman University,BS Abdur Rahman University,,Crescent Engineering College,university,,,False,
OSM_POI_84087718,OSM_OVERPASS,84087718,OSM_TRANSPORT_POIS_20260918,Sriperumpudur Government Hospital,Sriperumpudur Government Hospital,,,hospital,,,False,
OSM_POI_29973860,OSM_OVERPASS,29973860,OSM_TRANSPORT_POIS_20260918,Rajiv Gandhi National Institute of Youth Development,Rajiv Gandhi National Institute of Youth Development,,,college,,,False,
OSM_POI_23649046,OSM_OVERPASS,23649046,OSM_TRANSPORT_POIS_20260918,Sri Venkateswara College of Engineering,Sri Venkateswara College of Engineering,,,college,,,False,
OSM_POI_367932380,OSM_OVERPASS,367932380,OSM_TRANSPORT_POIS_20260918,Kings Engineering College,Kings Engineering College,,,college,,,False,
OSM_POI_371688528,OSM_OVERPASS,371688528,OSM_TRANSPORT_POIS_20260918,Rajalakshmi Engineering College,Rajalakshmi Engineering College,ராஜலட்சுமி பொறியியல் கல்லூரி,,college,,,False,
OSM_POI_34618436,OSM_OVERPASS,34618436,OSM_TRANSPORT_POIS_20260918,Dhanalakshmi College of Engineering,Dhanalakshmi College of Engineering,,,college,,,False,
OSM_POI_428432216,OSM_OVERPASS,428432216,OSM_TRANSPORT_POIS_20260918,Government Primary Health Center,Government Primary Health Center,,,hospital,,,False,
OSM_POI_102655671,OSM_OVERPASS,102655671,OSM_TRANSPORT_POIS_20260918,Sairam Group of Private Penitary,Sairam Group of Private Penitary,,,college,,,False,
OSM_POI_740106806,OSM_OVERPASS,740106806,OSM_TRANSPORT_POIS_20260918,ஸ்ரீ சைராம் பொறியியல் கல்லூரி,Sri Sairam Engineering College,,,college,,,False,
OSM_POI_740106807,OSM_OVERPASS,740106807,OSM_TRANSPORT_POIS_20260918,Sri Sairam Siddha Medical College & Research Centre,Sri Sairam Siddha Medical College & Research Centre,,,college,,,False,
OSM_POI_740146569,OSM_OVERPASS,740146569,OSM_TRANSPORT_POIS_20260918,Sri Sairam Institute of Technology,Sri Sairam Institute of Technology,,,college,,,False,
OSM_POI_469672997,OSM_OVERPASS,469672997,OSM_TRANSPORT_POIS_20260918,Annai Arul Hospital,Annai Arul Hospital,,,hospital,,,False,
OSM_POI_740619001,OSM_OVERPASS,740619001,OSM_TRANSPORT_POIS_20260918,Sri Sairam Polytechnic College,Sri Sairam Polytechnic College,,,college,,,False,
OSM_POI_1188088349,OSM_OVERPASS,1188088349,OSM_TRANSPORT_POIS_20260918,Chennai Institute Of Technology,Chennai Institute Of Technology,,,college,,,False,
OSM_POI_1200036869,OSM_OVERPASS,1200036869,OSM_TRANSPORT_POIS_20260918,Footwear Design and Development Institute,Footwear Design and Development Institute,,,college,,,False,
OSM_POI_384143056,OSM_OVERPASS,384143056,OSM_TRANSPORT_POIS_20260918,Madha Engineering College,Madha Engineering College,,,college,,,False,
OSM_POI_128920944,OSM_OVERPASS,128920944,OSM_TRANSPORT_POIS_20260918,SSN College of Engineering,SSN College of Engineering,,Sri Sivasubramaniya Nadar College of Engineering,college,,,False,
OSM_POI_1185635267,OSM_OVERPASS,1185635267,OSM_TRANSPORT_POIS_20260918,"Indian Institute Of Technology, Thaiyur","Indian Institute Of Technology, Thaiyur",,,college,,,False,
OSM_POI_523736872,OSM_OVERPASS,523736872,OSM_TRANSPORT_POIS_20260918,Hindustan University,Hindustan University,,Hindustan Institute of Technology and Science,university,,,False,
OSM_POI_773797940,OSM_OVERPASS,773797940,OSM_TRANSPORT_POIS_20260918,Tamil Nadu Physical Education And Sports University,Tamil Nadu Physical Education And Sports University,,,college,,,False,
OSM_POI_772410450,OSM_OVERPASS,772410450,OSM_TRANSPORT_POIS_20260918,Tagore Dental College And Hospital,Tagore Dental College And Hospital,,,college,,,False,
OSM_POI_336095563,OSM_OVERPASS,336095563,OSM_TRANSPORT_POIS_20260918,Vellore Institute of Technology - Chennai,Vellore Institute of Technology - Chennai,,"VIT, VIT Chennai, VIT-C",university,,,False,
OSM_POI_1409767940,OSM_OVERPASS,1409767940,OSM_TRANSPORT_POIS_20260918,Mohamed Sathak AJ College of Engineering,Mohamed Sathak AJ College of Engineering,,,university,,,False,
OSM_POI_166562081,OSM_OVERPASS,166562081,OSM_TRANSPORT_POIS_20260918,Prince Shri Venkateshwara Padmavathy Engineering College,Prince Shri Venkateshwara Padmavathy Engineering College,,,college,,,False,
OSM_POI_28260605,OSM_OVERPASS,28260605,OSM_TRANSPORT_POIS_20260918,Madras Christian College,Madras Christian College,சென்னை கிறித்துவக் கல்லூரி,,college,,,False,
OSM_POI_297517645,OSM_OVERPASS,297517645,OSM_TRANSPORT_POIS_20260918,Bharath Institute of Higher Education and Research,Bharath Institute of Higher Education and Research,,Bharath Institute of Science and Technology,university,,,False,
OSM_POI_509668153,OSM_OVERPASS,509668153,OSM_TRANSPORT_POIS_20260918,St Joseph's Institute of Technology,St Joseph's Institute of Technology,,,college,,,False,
OSM_POI_540117491,OSM_OVERPASS,540117491,OSM_TRANSPORT_POIS_20260918,St. Joseph's College of Engineering,St. Joseph's College of Engineering,,,college,,,False,limited
OSM_POI_1067160183,OSM_OVERPASS,1067160183,OSM_TRANSPORT_POIS_20260918,Sathyabama Institute of Science and Technology,Sathyabama Institute of Science and Technology,சத்யபாமா ப‌ல்கலைக்கழகம்,Sathyabama University;SIST,university,,,False,
OSM_POI_1066918385,OSM_OVERPASS,1066918385,OSM_TRANSPORT_POIS_20260918,Government Industrial Training Institute Perumbakkam,Government Industrial Training Institute Perumbakkam,,,college,,,False,
OSM_POI_1066918384,OSM_OVERPASS,1066918384,OSM_TRANSPORT_POIS_20260918,Government Arts and Science College Perumbakkam,Government Arts and Science College Perumbakkam,,,college,,,False,
OSM_POI_765605778,OSM_OVERPASS,765605778,OSM_TRANSPORT_POIS_20260918,Gleneagles Global Heath City,Gleneagles Global Heath City,,,hospital,,,False,
OSM_POI_1444733268,OSM_OVERPASS,1444733268,OSM_TRANSPORT_POIS_20260918,Central Institute of Classical Tamil,Central Institute of Classical Tamil,,,university,,,False,
OSM_POI_44008445,OSM_OVERPASS,44008445,OSM_TRANSPORT_POIS_20260918,Chennai Mathematical Institute,Chennai Mathematical Institute,,,university,,,False,
OSM_POI_1040126396,OSM_OVERPASS,1040126396,OSM_TRANSPORT_POIS_20260918,Chennai Marina Mall,Chennai Marina Mall,,,mall,,,False,
OSM_POI_634538011,OSM_OVERPASS,634538011,OSM_TRANSPORT_POIS_20260918,VIVIRA Mall,VIVIRA Mall,,,mall,,,False,
OSM_POI_1486898102,OSM_OVERPASS,1486898102,OSM_TRANSPORT_POIS_20260918,Amet University,Amet University,,,university,,,False,
OSM_POI_211121332,OSM_OVERPASS,211121332,OSM_TRANSPORT_POIS_20260918,Balaji Seamen Training Institute,Balaji Seamen Training Institute,,,college,,,False,
OSM_POI_1067904862,OSM_OVERPASS,1067904862,OSM_TRANSPORT_POIS_20260918,Jeppiaar Engineering College,Jeppiaar Engineering College,,,college,,,False,
OSM_POI_28120384,OSM_OVERPASS,28120384,OSM_TRANSPORT_POIS_20260918,Indian Maritime University,Indian Maritime University,,,college,,,False,
OSM_POI_355954822,OSM_OVERPASS,355954822,OSM_TRANSPORT_POIS_20260918,HomeoCare International Hospital,HomeoCare International Hospital,,,hospital,,,False,
OSM_POI_1019657146,OSM_OVERPASS,1019657146,OSM_TRANSPORT_POIS_20260918,Quadrangle,Quadrangle,,,college,,,False,
OSM_POI_364483211,OSM_OVERPASS,364483211,OSM_TRANSPORT_POIS_20260918,Nirmal Eye Hospital,Nirmal Eye Hospital,,,hospital,,,False,
OSM_POI_31240956,OSM_OVERPASS,31240956,OSM_TRANSPORT_POIS_20260918,Government Hospital of Thoracic Medicine,Government Hospital of Thoracic Medicine,,,hospital,,,False,
OSM_POI_31240968,OSM_OVERPASS,31240968,OSM_TRANSPORT_POIS_20260918,National Institute for Siddha,National Institute for Siddha,,,college,,,False,
OSM_POI_44034276,OSM_OVERPASS,44034276,OSM_TRANSPORT_POIS_20260918,Parvathy Hospital,Parvathy Hospital,,,hospital,,,False,
OSM_POI_44034282,OSM_OVERPASS,44034282,OSM_TRANSPORT_POIS_20260918,Chennai Krishna Hospital,Chennai Krishna Hospital,,,hospital,,,False,
OSM_POI_540171893,OSM_OVERPASS,540171893,OSM_TRANSPORT_POIS_20260918,MIT Chromepet - Annexure,MIT Chromepet - Annexure,,,college,,,False,
OSM_POI_1080350743,OSM_OVERPASS,1080350743,OSM_TRANSPORT_POIS_20260918,Tagore College of Arts and Science,Tagore College of Arts and Science,,,college,,,False,
OSM_POI_180145742,OSM_OVERPASS,180145742,OSM_TRANSPORT_POIS_20260918,Sree Balaji Medical College And Hospital,Sree Balaji Medical College And Hospital,,,hospital,,,False,
OSM_POI_30749075,OSM_OVERPASS,30749075,OSM_TRANSPORT_POIS_20260918,Madras Insitute of Technology - MIT Chromepet,Madras Insitute of Technology - MIT Chromepet,மெட்ராஸ் இன்ஸ்டிடியூட் ஆப் டெக்னாலஜி - எம்ஐடி குரோம்பேட்டை,,college,,,False,
OSM_POI_26562014,OSM_OVERPASS,26562014,OSM_TRANSPORT_POIS_20260918,Hangar 1,Hangar 1,,,college,,,False,
OSM_POI_26562015,OSM_OVERPASS,26562015,OSM_TRANSPORT_POIS_20260918,Hangar 2,Hangar 2,,,college,,,False,
OSM_POI_31276227,OSM_OVERPASS,31276227,OSM_TRANSPORT_POIS_20260918,DCOE Office,DCOE Office,,,college,,,False,
OSM_POI_31276228,OSM_OVERPASS,31276228,OSM_TRANSPORT_POIS_20260918,Lecture Hall Complex,Lecture Hall Complex,,,college,,,False,
OSM_POI_31276232,OSM_OVERPASS,31276232,OSM_TRANSPORT_POIS_20260918,Rubber and Plastics Technology,Rubber and Plastics Technology,,,college,,,False,
OSM_POI_31276233,OSM_OVERPASS,31276233,OSM_TRANSPORT_POIS_20260918,Department of Information Technology,Department of Information Technology,,,college,,,False,
OSM_POI_31276234,OSM_OVERPASS,31276234,OSM_TRANSPORT_POIS_20260918,Department of Electonics Engineering - Old  Block,Department of Electonics Engineering - Old  Block,,,college,,,False,
OSM_POI_37133364,OSM_OVERPASS,37133364,OSM_TRANSPORT_POIS_20260918,Instrumentation Engineering Block-1,Instrumentation Engineering Block-1,,,college,,,False,
OSM_POI_37133365,OSM_OVERPASS,37133365,OSM_TRANSPORT_POIS_20260918,Admin Block & Dean Office,Admin Block & Dean Office,,,college,,,False,
OSM_POI_37133367,OSM_OVERPASS,37133367,OSM_TRANSPORT_POIS_20260918,Instrumentation Engineering Block-2,Instrumentation Engineering Block-2,,,college,,,False,
OSM_POI_43442316,OSM_OVERPASS,43442316,OSM_TRANSPORT_POIS_20260918,Central Workshop,Central Workshop,,,college,,,False,
OSM_POI_43826808,OSM_OVERPASS,43826808,OSM_TRANSPORT_POIS_20260918,Rajam Lecture Hall Complex,Rajam Lecture Hall Complex,,,college,,,False,
OSM_POI_631591467,OSM_OVERPASS,631591467,OSM_TRANSPORT_POIS_20260918,Instrumentation Engineering - New Block,Instrumentation Engineering - New Block,,,college,,,False,
OSM_POI_631591470,OSM_OVERPASS,631591470,OSM_TRANSPORT_POIS_20260918,Department of Electonics Engineering - New Block,Department of Electonics Engineering - New Block,,,college,,,False,
OSM_POI_1080350745,OSM_OVERPASS,1080350745,OSM_TRANSPORT_POIS_20260918,SDNB Vaishnav College For Women,SDNB Vaishnav College For Women,,,college,,,False,
OSM_POI_354562297,OSM_OVERPASS,354562297,OSM_TRANSPORT_POIS_20260918,Sugam Hospitals,Sugam Hospitals,,,hospital,,,False,yes
OSM_POI_28261437,OSM_OVERPASS,28261437,OSM_TRANSPORT_POIS_20260918,SIVET College,SIVET College,,,college,,,False,
OSM_POI_172830294,OSM_OVERPASS,172830294,OSM_TRANSPORT_POIS_20260918,New Prince Shri Bhavani Arts and Science College,New Prince Shri Bhavani Arts and Science College,,,college,,,False,
OSM_POI_157121739,OSM_OVERPASS,157121739,OSM_TRANSPORT_POIS_20260918,Quaid-e-milleth College,Quaid-e-milleth College,,,college,,,False,
OSM_POI_1546917949,OSM_OVERPASS,1546917949,OSM_TRANSPORT_POIS_20260918,Kauvery Hospitals,Kauvery Hospitals,,,hospital,,,False,
OSM_POI_219390038,OSM_OVERPASS,219390038,OSM_TRANSPORT_POIS_20260918,Jerusalem College of Engineering,Jerusalem College of Engineering,,,college,,,False,
OSM_POI_219390066,OSM_OVERPASS,219390066,OSM_TRANSPORT_POIS_20260918,Balaji Dental college,Balaji Dental college,,,college,,,False,
OSM_POI_1409359125,OSM_OVERPASS,1409359125,OSM_TRANSPORT_POIS_20260918,Jerusalem College of Engineering,Jerusalem College of Engineering,,,university,,,False,
OSM_POI_28856428,OSM_OVERPASS,28856428,OSM_TRANSPORT_POIS_20260918,National Institute of Ocean Technology,National Institute of Ocean Technology,,,college,,,False,yes
OSM_POI_371970672,OSM_OVERPASS,371970672,OSM_TRANSPORT_POIS_20260918,Dr.Kamakshi Memorial Hospital,Dr.Kamakshi Memorial Hospital,,,hospital,,,False,
OSM_POI_503338455,OSM_OVERPASS,503338455,OSM_TRANSPORT_POIS_20260918,Madha Medical College & Research Institute,Madha Medical College & Research Institute,,,college,,,False,
OSM_POI_220821765,OSM_OVERPASS,220821765,OSM_TRANSPORT_POIS_20260918,Gowri Nursing Home,Gowri Nursing Home,,,hospital,,,False,
OSM_POI_47798613,OSM_OVERPASS,47798613,OSM_TRANSPORT_POIS_20260918,Agurchand Manmull Jain College,Agurchand Manmull Jain College,,A. M. Jain College,college,,,False,
OSM_POI_354547008,OSM_OVERPASS,354547008,OSM_TRANSPORT_POIS_20260918,Madras Heart Centre and Super Speciality Hospitals Pvt Ltd,Madras Heart Centre and Super Speciality Hospitals Pvt Ltd,,,hospital,,,False,
OSM_POI_364356223,OSM_OVERPASS,364356223,OSM_TRANSPORT_POIS_20260918,Diha Clinic,Diha Clinic,,,hospital,,,False,
OSM_POI_28305516,OSM_OVERPASS,28305516,OSM_TRANSPORT_POIS_20260918,Indian Airlines Stadium,Indian Airlines Stadium,,,stadium,,,False,
OSM_POI_32896904,OSM_OVERPASS,32896904,OSM_TRANSPORT_POIS_20260918,Cantonment General Hospital,Cantonment General Hospital,,,hospital,,,False,
OSM_POI_34159543,OSM_OVERPASS,34159543,OSM_TRANSPORT_POIS_20260918,Hindustan Institute of Engineering Technology,Hindustan Institute of Engineering Technology,,,college,,,False,
OSM_POI_354540004,OSM_OVERPASS,354540004,OSM_TRANSPORT_POIS_20260918,Balaji Hospital (P) Ltd,Balaji Hospital (P) Ltd,,,hospital,,,False,
OSM_POI_32686766,OSM_OVERPASS,32686766,OSM_TRANSPORT_POIS_20260918,King's Institute of Preventive Medicine & Research,King's Institute of Preventive Medicine & Research,,,hospital,,,False,
OSM_POI_214366887,OSM_OVERPASS,214366887,OSM_TRANSPORT_POIS_20260918,Annai Velankanni College,Annai Velankanni College,,,college,,,False,
OSM_POI_35457616,OSM_OVERPASS,35457616,OSM_TRANSPORT_POIS_20260918,MNM Jain Engineering College,MNM Jain Engineering College,,Misrimal Navajee Munoth Jain Engineering College,college,,,False,
OSM_POI_1373636316,OSM_OVERPASS,1373636316,OSM_TRANSPORT_POIS_20260918,BSR Mall,BSR Mall,,,mall,,,False,
OSM_POI_1373636356,OSM_OVERPASS,1373636356,OSM_TRANSPORT_POIS_20260918,Chennai Urology & Robotics Institute,Chennai Urology & Robotics Institute,,Hospital CURI,hospital,,,False,
OSM_POI_132073184,OSM_OVERPASS,132073184,OSM_TRANSPORT_POIS_20260918,Apollo Hospital,Apollo Hospital,,,hospital,,,False,
OSM_POI_396824231,OSM_OVERPASS,396824231,OSM_TRANSPORT_POIS_20260918,Grand Square,Grand Square,,,mall,,,False,
OSM_POI_364721502,OSM_OVERPASS,364721502,OSM_TRANSPORT_POIS_20260918,Athipathy Hospitals,Athipathy Hospitals,,,hospital,,,False,
OSM_POI_24730814,OSM_OVERPASS,24730814,OSM_TRANSPORT_POIS_20260918,Indian Institute of Technology - Madras,Indian Institute of Technology - Madras,இந்திய தொழில்நுட்ப கழகம் - சென்னை;இந்திய தொழில்நுட்பக் கழகம் சென்னை,,university,,,False,yes
OSM_POI_355074781,OSM_OVERPASS,355074781,OSM_TRANSPORT_POIS_20260918,Xcellent Care Hospital,Xcellent Care Hospital,,,hospital,,,False,
OSM_POI_28507322,OSM_OVERPASS,28507322,OSM_TRANSPORT_POIS_20260918,Guru Nanak College,Guru Nanak College,,,college,,,False,
OSM_POI_35572405,OSM_OVERPASS,35572405,OSM_TRANSPORT_POIS_20260918,Council of Scientific and Industrial Research - CSIR Taramani,Council of Scientific and Industrial Research - CSIR Taramani,,,college,,,False,
OSM_POI_35573178,OSM_OVERPASS,35573178,OSM_TRANSPORT_POIS_20260918,Shri A. M. M. Murugappa Chettiar Research Centre,Shri A. M. M. Murugappa Chettiar Research Centre,,,college,,,False,
OSM_POI_132191278,OSM_OVERPASS,132191278,OSM_TRANSPORT_POIS_20260918,University Of Madras - Taramani Campus,University Of Madras - Taramani Campus,சென்னை பல்கலைக்கழகம் (தரமணி),,university,,,False,
OSM_POI_131961841,OSM_OVERPASS,131961841,OSM_TRANSPORT_POIS_20260918,Ayurveda Hospital,Ayurveda Hospital,,,hospital,,,False,
OSM_POI_132510315,OSM_OVERPASS,132510315,OSM_TRANSPORT_POIS_20260918,The Institute of Road Transport,The Institute of Road Transport,,,college,,,False,
OSM_POI_35572308,OSM_OVERPASS,35572308,OSM_TRANSPORT_POIS_20260918,National Institute of Fashion Technology - NIFT Chennai,National Institute of Fashion Technology - NIFT Chennai,,,college,,,False,
OSM_POI_29046387,OSM_OVERPASS,29046387,OSM_TRANSPORT_POIS_20260918,Tt Ranganathan Clinical Research Foundation,Tt Ranganathan Clinical Research Foundation,,,hospital,,,False,
OSM_POI_35572368,OSM_OVERPASS,35572368,OSM_TRANSPORT_POIS_20260918,National Institute of Technical Teachers' Training and Research,National Institute of Technical Teachers' Training and Research,,NITTTR;NITTTR Chennai,college,,,False,
OSM_POI_55570584,OSM_OVERPASS,55570584,OSM_TRANSPORT_POIS_20260918,Sacred Heart College,Sacred Heart College,,,college,,,False,
OSM_POI_462740006,OSM_OVERPASS,462740006,OSM_TRANSPORT_POIS_20260918,corporation hospital,corporation hospital,,,hospital,,,False,
OSM_POI_29046742,OSM_OVERPASS,29046742,OSM_TRANSPORT_POIS_20260918,IMPCOPS Traditional Hospital,IMPCOPS Traditional Hospital,,,hospital,,,False,
OSM_POI_29046944,OSM_OVERPASS,29046944,OSM_TRANSPORT_POIS_20260918,Kalakshetra School of Fine Arts,Kalakshetra School of Fine Arts,,,college,,,False,
OSM_POI_1132414645,OSM_OVERPASS,1132414645,OSM_TRANSPORT_POIS_20260918,Palladium,Palladium,,,mall,,,False,
OSM_POI_32544617,OSM_OVERPASS,32544617,OSM_TRANSPORT_POIS_20260918,தமிழ்நாடு டாக்டர் எம்.ஜி.ஆர் மருத்துவப் பல்கலைக்கழகம்,Tamil Nadu Dr. MGR Medical University,,,university,,,False,
OSM_POI_32666151,OSM_OVERPASS,32666151,OSM_TRANSPORT_POIS_20260918,Chellammal College,Chellammal College,,,college,,,False,
OSM_POI_185282947,OSM_OVERPASS,185282947,OSM_TRANSPORT_POIS_20260918,"University of Madras, Guindy Campus","University of Madras, Guindy Campus",,,college,,,False,
OSM_POI_185284099,OSM_OVERPASS,185284099,OSM_TRANSPORT_POIS_20260918,Alagappa College of Technology,Alagappa College of Technology,,,college,,,False,
OSM_POI_185284100,OSM_OVERPASS,185284100,OSM_TRANSPORT_POIS_20260918,School of Architecture and Planning,School of Architecture and Planning,,,college,,,False,
OSM_POI_24831558,OSM_OVERPASS,24831558,OSM_TRANSPORT_POIS_20260918,"College of Engineering, Guindy","College of Engineering, Guindy",கிண்டி பொறியியல் கல்லூரி,Anna University,college,,,False,
OSM_POI_211900030,OSM_OVERPASS,211900030,OSM_TRANSPORT_POIS_20260918,Central Leather Research Institute,Central Leather Research Institute,மத்திய தோல் ஆராய்ச்சி நிறுவனம்,,college,,,False,
OSM_POI_181579506,OSM_OVERPASS,181579506,OSM_TRANSPORT_POIS_20260918,Health Centre,Health Centre,,,hospital,,,False,
OSM_POI_328706398,OSM_OVERPASS,328706398,OSM_TRANSPORT_POIS_20260918,Chennai Clinical Centres,Chennai Clinical Centres,,,hospital,,,False,
OSM_POI_775868429,OSM_OVERPASS,775868429,OSM_TRANSPORT_POIS_20260918,Central Polytechnic College,Central Polytechnic College,மையப் பாலிடெக்னிக் கல்லூரி,,college,,,False,
OSM_POI_374048313,OSM_OVERPASS,374048313,OSM_TRANSPORT_POIS_20260918,Shivasundar Hospital,Shivasundar Hospital,,,hospital,,,False,
OSM_POI_30347111,OSM_OVERPASS,30347111,OSM_TRANSPORT_POIS_20260918,KRMM School and Kumararani Meena Mutthaiah College,KRMM School and Kumararani Meena Mutthaiah College,,,college,,,False,
OSM_POI_170104584,OSM_OVERPASS,170104584,OSM_TRANSPORT_POIS_20260918,Global Hospitals,Global Hospitals,,,hospital,,,False,
OSM_POI_24262150,OSM_OVERPASS,24262150,OSM_TRANSPORT_POIS_20260918,Anna Institute of Management,Anna Institute of Management,,,college,,,False,
OSM_POI_211900029,OSM_OVERPASS,211900029,OSM_TRANSPORT_POIS_20260918,Cancer Hospital,Cancer Hospital,,,hospital,,,False,
OSM_POI_30347103,OSM_OVERPASS,30347103,OSM_TRANSPORT_POIS_20260918,Patrician College of Arts & Science,Patrician College of Arts & Science,,,college,,,False,
OSM_POI_30348389,OSM_OVERPASS,30348389,OSM_TRANSPORT_POIS_20260918,Rani Meyammai School,Rani Meyammai School,,,college,,,False,
OSM_POI_218163938,OSM_OVERPASS,218163938,OSM_TRANSPORT_POIS_20260918,Fortis Malar Hospital,Fortis Malar Hospital,,,hospital,,,False,
OSM_POI_35008212,OSM_OVERPASS,35008212,OSM_TRANSPORT_POIS_20260918,Tamil Nadu Government College of Classical Music,Tamil Nadu Government College of Classical Music,,,college,,,False,
OSM_POI_217726810,OSM_OVERPASS,217726810,OSM_TRANSPORT_POIS_20260918,ஆந்திர மாநில சபா,Andhra Mahila Sabha,,Durgabai Deshmukh General Hospital and Research Centre,hospital,,,False,
OSM_POI_35013506,OSM_OVERPASS,35013506,OSM_TRANSPORT_POIS_20260918,Ambedkar Law University - School of Excellence,Ambedkar Law University - School of Excellence,,,college,,,False,
OSM_POI_1172617297,OSM_OVERPASS,1172617297,OSM_TRANSPORT_POIS_20260918,Kadambathur Government Hospital,Kadambathur Government Hospital,,,hospital,,,False,
OSM_POI_830928050,OSM_OVERPASS,830928050,OSM_TRANSPORT_POIS_20260918,Thiruvalangadu Government Hospital,Thiruvalangadu Government Hospital,,,hospital,,,False,
OSM_POI_1232377050,OSM_OVERPASS,1232377050,OSM_TRANSPORT_POIS_20260918,Sri Venkateswara College of Engineering & Technology,Sri Venkateswara College of Engineering & Technology,பொறியியல் மற்றும் தொழில்நுட்ப ஸ்ரீ வெங்கடேஸ்வரா கல்லூரி,,college,,,False,
OSM_POI_1058741742,OSM_OVERPASS,1058741742,OSM_TRANSPORT_POIS_20260918,Thiruvallur Medical College,Thiruvallur Medical College,,,college,,,False,
OSM_POI_249316510,OSM_OVERPASS,249316510,OSM_TRANSPORT_POIS_20260918,R.K.B. Hospitals,R.K.B. Hospitals,,,hospital,,,False,
OSM_POI_95639919,OSM_OVERPASS,95639919,OSM_TRANSPORT_POIS_20260918,Saveetha Engineering College,Saveetha Engineering College,,,college,,,False,
OSM_POI_1200055141,OSM_OVERPASS,1200055141,OSM_TRANSPORT_POIS_20260918,Apollo College of Education,Apollo College of Education,,,college,,,False,
OSM_POI_1236156930,OSM_OVERPASS,1236156930,OSM_TRANSPORT_POIS_20260918,SKR Engineering College,SKR Engineering College,,,college,,,False,
OSM_POI_33630851,OSM_OVERPASS,33630851,OSM_TRANSPORT_POIS_20260918,Sacred Heart Seminary,Sacred Heart Seminary,,,college,,,False,
OSM_POI_95639900,OSM_OVERPASS,95639900,OSM_TRANSPORT_POIS_20260918,Panimalar Engineering College,Panimalar Engineering College,பனிமலர் பொறியியல் கல்லூரி,Jayasakthi Educational Trust,college,,,False,
OSM_POI_33630155,OSM_OVERPASS,33630155,OSM_TRANSPORT_POIS_20260918,"Government Hospital, Poonamallee","Government Hospital, Poonamallee",,,hospital,,,False,
OSM_POI_249317000,OSM_OVERPASS,249317000,OSM_TRANSPORT_POIS_20260918,District Government Hospital - Tiruvallur,District Government Hospital - Tiruvallur,,,hospital,,,False,
OSM_POI_1119129563,OSM_OVERPASS,1119129563,OSM_TRANSPORT_POIS_20260918,Bhajarang Engineering College,Bhajarang Engineering College,,,college,,,False,
OSM_POI_385497561,OSM_OVERPASS,385497561,OSM_TRANSPORT_POIS_20260918,Ajeya Stadium,Ajeya Stadium,,,stadium,,,False,
OSM_POI_1273388344,OSM_OVERPASS,1273388344,OSM_TRANSPORT_POIS_20260918,Veltech University,Veltech University,,,university,,,False,
OSM_POI_1256940335,OSM_OVERPASS,1256940335,OSM_TRANSPORT_POIS_20260918,Amrita Vishwa Vidyapeetham,Amrita Vishwa Vidyapeetham,,,university,,,False,
OSM_POI_1154910969,OSM_OVERPASS,1154910969,OSM_TRANSPORT_POIS_20260918,J.N.N Institute of Engineering,J.N.N Institute of Engineering,,,college,,,False,
OSM_POI_28493363,OSM_OVERPASS,28493363,OSM_TRANSPORT_POIS_20260918,Sri Ramachandra Institute of Higher Education and Research,Sri Ramachandra Institute of Higher Education and Research,,,hospital,,,False,
OSM_POI_526445239,OSM_OVERPASS,526445239,OSM_TRANSPORT_POIS_20260918,Saveetha University,Saveetha University,,,university,,,False,
OSM_POI_1289802426,OSM_OVERPASS,1289802426,OSM_TRANSPORT_POIS_20260918,Dr. Mehta's Hospitals - Global Campus,Dr. Mehta's Hospitals - Global Campus,,Mehta Hospitals,hospital,,,False,
OSM_POI_355052484,OSM_OVERPASS,355052484,OSM_TRANSPORT_POIS_20260918,Viganesh Hospital,Viganesh Hospital,,,hospital,,,False,
OSM_POI_354572408,OSM_OVERPASS,354572408,OSM_TRANSPORT_POIS_20260918,Chennai Medical Centre,Chennai Medical Centre,,,hospital,,,False,
OSM_POI_451681464,OSM_OVERPASS,451681464,OSM_TRANSPORT_POIS_20260918,CMC Hospital,CMC Hospital,,,hospital,,,False,
OSM_POI_32616590,OSM_OVERPASS,32616590,OSM_TRANSPORT_POIS_20260918,Police Training College,Police Training College,,,college,,,False,
OSM_POI_125180726,OSM_OVERPASS,125180726,OSM_TRANSPORT_POIS_20260918,Govt Peripheral Hospital KK Nagar,Govt Peripheral Hospital KK Nagar,,,hospital,,,False,
OSM_POI_1534199775,OSM_OVERPASS,1534199775,OSM_TRANSPORT_POIS_20260918,"SASTRA UNIVERSITY, Chennai Campus","SASTRA UNIVERSITY, Chennai Campus",,,university,,,False,
OSM_POI_354460032,OSM_OVERPASS,354460032,OSM_TRANSPORT_POIS_20260918,Kauvery Hospital,Kauvery Hospital,,,hospital,,,False,
OSM_POI_217802907,OSM_OVERPASS,217802907,OSM_TRANSPORT_POIS_20260918,SRM University - City Campus,SRM University - City Campus,,,college,,,False,
OSM_POI_355637768,OSM_OVERPASS,355637768,OSM_TRANSPORT_POIS_20260918,Nexus Vijaya Mall,Nexus Vijaya Mall,,Forum Vijaya Mall,mall,,,False,
OSM_POI_355067576,OSM_OVERPASS,355067576,OSM_TRANSPORT_POIS_20260918,Chennai Heritage Hospital,Chennai Heritage Hospital,,,hospital,,,False,
OSM_POI_1544754962,OSM_OVERPASS,1544754962,OSM_TRANSPORT_POIS_20260918,Casagrand Connect,Casagrand Connect,,,mall,,,False,
OSM_POI_326514371,OSM_OVERPASS,326514371,OSM_TRANSPORT_POIS_20260918,"St.Peter’s Institute of Higher Education and Research,Avadi,","St.Peter’s Institute of Higher Education and Research,Avadi,",,,college,,,False,
OSM_POI_354290251,OSM_OVERPASS,354290251,OSM_TRANSPORT_POIS_20260918,Essvee Hospital,Essvee Hospital,,,hospital,,,False,
OSM_POI_354452683,OSM_OVERPASS,354452683,OSM_TRANSPORT_POIS_20260918,Mahalakshmi Multi-Speciality Hospital,Mahalakshmi Multi-Speciality Hospital,,,hospital,,,False,
OSM_POI_1533501161,OSM_OVERPASS,1533501161,OSM_TRANSPORT_POIS_20260918,Dr. Agarwal's Eye Hospital - Ambattur,Dr. Agarwal's Eye Hospital - Ambattur,,,hospital,,,False,
OSM_POI_1533546775,OSM_OVERPASS,1533546775,OSM_TRANSPORT_POIS_20260918,Mother's Speciality Hospital,Mother's Speciality Hospital,,,hospital,,,False,
OSM_POI_1533546776,OSM_OVERPASS,1533546776,OSM_TRANSPORT_POIS_20260918,Mother's Hospital - General & Laparoscopic center,Mother's Hospital - General & Laparoscopic center,,,hospital,,,False,
OSM_POI_1533595574,OSM_OVERPASS,1533595574,OSM_TRANSPORT_POIS_20260918,Rakki Hospital,Rakki Hospital,,,hospital,,,False,
OSM_POI_354278944,OSM_OVERPASS,354278944,OSM_TRANSPORT_POIS_20260918,Frontier Lifeline Hospital,Frontier Lifeline Hospital,,International Centre For Cardio Thoracic and Vascular Diseases,hospital,,,False,yes
OSM_POI_634144271,OSM_OVERPASS,634144271,OSM_TRANSPORT_POIS_20260918,VR Mall Chennai,VR Mall Chennai,,,mall,,,False,
OSM_POI_355658593,OSM_OVERPASS,355658593,OSM_TRANSPORT_POIS_20260918,Be Well Hospitals,Be Well Hospitals,,,hospital,,,False,
OSM_POI_30853376,OSM_OVERPASS,30853376,OSM_TRANSPORT_POIS_20260918,DG Vaishnav College,DG Vaishnav College,,Dwaraka Doss Goverdhan Doss Vaishnav College,college,,,False,
OSM_POI_32551143,OSM_OVERPASS,32551143,OSM_TRANSPORT_POIS_20260918,Anna Adarsh College for Women,Anna Adarsh College for Women,,,college,,,False,
OSM_POI_1534023217,OSM_OVERPASS,1534023217,OSM_TRANSPORT_POIS_20260918,Pothys Padi,Pothys Padi,,,mall,,,False,
OSM_POI_48741356,OSM_OVERPASS,48741356,OSM_TRANSPORT_POIS_20260918,ICF Hospital,ICF Hospital,,,hospital,,,False,
OSM_POI_337929079,OSM_OVERPASS,337929079,OSM_TRANSPORT_POIS_20260918,Bora Hospital,Bora Hospital,,,hospital,,,False,
OSM_POI_214188197,OSM_OVERPASS,214188197,OSM_TRANSPORT_POIS_20260918,சைதாப்பேட்டை அரசு மருத்துவமனை,"Government Hospital, Saidapet",,,hospital,,,False,
OSM_POI_262012749,OSM_OVERPASS,262012749,OSM_TRANSPORT_POIS_20260918,Chennai Corporation 24 Hours Maternity Hospital,Chennai Corporation 24 Hours Maternity Hospital,,,hospital,,,False,
OSM_POI_337923794,OSM_OVERPASS,337923794,OSM_TRANSPORT_POIS_20260918,Chitra Maternity andSurgival Centre,Chitra Maternity andSurgival Centre,,,hospital,,,False,
OSM_POI_343141649,OSM_OVERPASS,343141649,OSM_TRANSPORT_POIS_20260918,Vasan,Vasan,,,hospital,,,False,
OSM_POI_51541566,OSM_OVERPASS,51541566,OSM_TRANSPORT_POIS_20260918,Teacher Training College,Teacher Training College,,,college,,,False,
OSM_POI_33744319,OSM_OVERPASS,33744319,OSM_TRANSPORT_POIS_20260918,Government Arts College for Men,Government Arts College for Men,,,college,,,False,
OSM_POI_333383693,OSM_OVERPASS,333383693,OSM_TRANSPORT_POIS_20260918,Amphitheatre,Amphitheatre,,,stadium,,,False,
OSM_POI_332525434,OSM_OVERPASS,332525434,OSM_TRANSPORT_POIS_20260918,Public Health Centre (In Patient Block),Public Health Centre (In Patient Block),,,hospital,,,False,
OSM_POI_332525519,OSM_OVERPASS,332525519,OSM_TRANSPORT_POIS_20260918,Public Health Centre (Out Patient Block),Public Health Centre (Out Patient Block),,,hospital,,,False,
OSM_POI_730963742,OSM_OVERPASS,730963742,OSM_TRANSPORT_POIS_20260918,Shri Shankarlal Sundarbai Shasun Jain College for Women,Shri Shankarlal Sundarbai Shasun Jain College for Women,,,college,,,False,
OSM_POI_350538223,OSM_OVERPASS,350538223,OSM_TRANSPORT_POIS_20260918,SRM Hospital,SRM Hospital,,,hospital,,,False,limited
OSM_POI_477836333,OSM_OVERPASS,477836333,OSM_TRANSPORT_POIS_20260918,Total mall,Total mall,,,mall,,,False,
OSM_POI_218149507,OSM_OVERPASS,218149507,OSM_TRANSPORT_POIS_20260918,Billroth Hospital,Billroth Hospital,,,hospital,,,False,
OSM_POI_315499682,OSM_OVERPASS,315499682,OSM_TRANSPORT_POIS_20260918,Apollo Speciality Hospital - Block A,Apollo Speciality Hospital - Block A,,,hospital,,,False,
OSM_POI_315499747,OSM_OVERPASS,315499747,OSM_TRANSPORT_POIS_20260918,Apollo Speciality Hospital - Block B,Apollo Speciality Hospital - Block B,,,hospital,,,False,
OSM_POI_315499965,OSM_OVERPASS,315499965,OSM_TRANSPORT_POIS_20260918,Apollo Speciality Hospital - Block C,Apollo Speciality Hospital - Block C,,,hospital,,,False,
OSM_POI_23813849,OSM_OVERPASS,23813849,OSM_TRANSPORT_POIS_20260918,Stella Maris College,Stella Maris College,,,college,,,False,
OSM_POI_23839275,OSM_OVERPASS,23839275,OSM_TRANSPORT_POIS_20260918,Justice Basheer Ahmed Sayeed College For Women,Justice Basheer Ahmed Sayeed College For Women,,,college,,,False,
OSM_POI_27484068,OSM_OVERPASS,27484068,OSM_TRANSPORT_POIS_20260918,Reserve Bank Staff College,Reserve Bank Staff College,,,college,,,False,
OSM_POI_188445646,OSM_OVERPASS,188445646,OSM_TRANSPORT_POIS_20260918,Apollo Clinic & Pharmacy,Apollo Clinic & Pharmacy,,,hospital,,,False,
OSM_POI_23929908,OSM_OVERPASS,23929908,OSM_TRANSPORT_POIS_20260918,Vivekananda College,Vivekananda College,,,college,,,False,no
OSM_POI_28318877,OSM_OVERPASS,28318877,OSM_TRANSPORT_POIS_20260918,Sanskrit College,Sanskrit College,,,college,,,False,
OSM_POI_35312695,OSM_OVERPASS,35312695,OSM_TRANSPORT_POIS_20260918,புனித இஸ்பேல் மருத்துவமனை,St. Isabel's Hospital,,,hospital,,,False,
OSM_POI_156240637,OSM_OVERPASS,156240637,OSM_TRANSPORT_POIS_20260918,Udhi Eye Hospitals,Udhi Eye Hospitals,,,hospital,,,False,
OSM_POI_156250608,OSM_OVERPASS,156250608,OSM_TRANSPORT_POIS_20260918,Aswene Soundarya Hospital,Aswene Soundarya Hospital,,,hospital,,,False,
OSM_POI_209413524,OSM_OVERPASS,209413524,OSM_TRANSPORT_POIS_20260918,Trinity Acute Care,Trinity Acute Care,,,hospital,,,False,
OSM_POI_217750108,OSM_OVERPASS,217750108,OSM_TRANSPORT_POIS_20260918,Meenakshi College for Women,Meenakshi College for Women,,,college,,,False,
OSM_POI_217750109,OSM_OVERPASS,217750109,OSM_TRANSPORT_POIS_20260918,Meenakshi Sunderarajan College of Engineering,Meenakshi Sunderarajan College of Engineering,,,college,,,False,
OSM_POI_354839873,OSM_OVERPASS,354839873,OSM_TRANSPORT_POIS_20260918,J.V. Hospitals Llp,J.V. Hospitals Llp,,,hospital,,,False,
OSM_POI_354840384,OSM_OVERPASS,354840384,OSM_TRANSPORT_POIS_20260918,JV Hospital,JV Hospital,,,hospital,,,False,
OSM_POI_24375417,OSM_OVERPASS,24375417,OSM_TRANSPORT_POIS_20260918,Loyola College,Loyola College,லாயோல கல்லூரி,,college,,,False,
OSM_POI_354840226,OSM_OVERPASS,354840226,OSM_TRANSPORT_POIS_20260918,R.R Dental Hospital,R.R Dental Hospital,,,hospital,,,False,
OSM_POI_23186312,OSM_OVERPASS,23186312,OSM_TRANSPORT_POIS_20260918,Nungambakkam SDAT Stadium,Nungambakkam SDAT Stadium,,,stadium,,,False,
OSM_POI_354814307,OSM_OVERPASS,354814307,OSM_TRANSPORT_POIS_20260918,Chennai Fertility Center,Chennai Fertility Center,,,hospital,,,False,
OSM_POI_28162037,OSM_OVERPASS,28162037,OSM_TRANSPORT_POIS_20260918,Pachaiyappa's College,Pachaiyappa's College,,,college,,,False,
OSM_POI_133862451,OSM_OVERPASS,133862451,OSM_TRANSPORT_POIS_20260918,Prashanth Hospitals,Prashanth Hospitals,,,hospital,,,False,
OSM_POI_240501607,OSM_OVERPASS,240501607,OSM_TRANSPORT_POIS_20260918,Kanchi Kamakoti Childs Trust Hospital,Kanchi Kamakoti Childs Trust Hospital,,,hospital,,,False,
OSM_POI_1264854948,OSM_OVERPASS,1264854948,OSM_TRANSPORT_POIS_20260918,Vinitha Multi Speciality Hospital,Vinitha Multi Speciality Hospital,,,hospital,,,False,
OSM_POI_24375531,OSM_OVERPASS,24375531,OSM_TRANSPORT_POIS_20260918,MOP Vaishnav College for Women,MOP Vaishnav College for Women,,,college,,,False,
OSM_POI_28152559,OSM_OVERPASS,28152559,OSM_TRANSPORT_POIS_20260918,Ispahani Centre,Ispahani Centre,,,mall,,,False,
OSM_POI_28503859,OSM_OVERPASS,28503859,OSM_TRANSPORT_POIS_20260918,Apex Plaza,Apex Plaza,,,mall,,,False,
OSM_POI_156250603,OSM_OVERPASS,156250603,OSM_TRANSPORT_POIS_20260918,Agarwal Eye Hospital,Agarwal Eye Hospital,,,hospital,,,False,
OSM_POI_23954873,OSM_OVERPASS,23954873,OSM_TRANSPORT_POIS_20260918,The New College,The New College,புதுக்கல்லூரி,,college,,,False,
OSM_POI_354293689,OSM_OVERPASS,354293689,OSM_TRANSPORT_POIS_20260918,Hande Medical Centre,Hande Medical Centre,,,hospital,,,False,
OSM_POI_211260239,OSM_OVERPASS,211260239,OSM_TRANSPORT_POIS_20260918,Apollo Hospital,Apollo Hospital,,,hospital,,,False,
OSM_POI_28152150,OSM_OVERPASS,28152150,OSM_TRANSPORT_POIS_20260918,Womens Christian College,Womens Christian College,,,college,,,False,
OSM_POI_209546207,OSM_OVERPASS,209546207,OSM_TRANSPORT_POIS_20260918,Sankara Nethralaya,Sankara Nethralaya,,,hospital,,,False,
OSM_POI_240494399,OSM_OVERPASS,240494399,OSM_TRANSPORT_POIS_20260918,Madras School of Social Work,Madras School of Social Work,,,college,,,False,
OSM_POI_24483959,OSM_OVERPASS,24483959,OSM_TRANSPORT_POIS_20260918,Ethiraj College for Women,Ethiraj College for Women,,,college,,,False,
OSM_POI_55058244,OSM_OVERPASS,55058244,OSM_TRANSPORT_POIS_20260918,Ethiraj Annex,Ethiraj Annex,,,college,,,False,
OSM_POI_154030370,OSM_OVERPASS,154030370,OSM_TRANSPORT_POIS_20260918,எக்ஸ்பிரஸ் அவென்யூ மால்,Express Avenue Mall,எக்ஸ்ப்ரஸ் அவென்யூ மால்,,mall,,,False,yes
OSM_POI_24483965,OSM_OVERPASS,24483965,OSM_TRANSPORT_POIS_20260918,Quaid-E-Millath College for Women,Quaid-E-Millath College for Women,காயிதே மில்லத் அரசினர் மகளிர் கலைக்கல்லூரி,,college,,,False,
OSM_POI_29116127,OSM_OVERPASS,29116127,OSM_TRANSPORT_POIS_20260918,School of Optometry,School of Optometry,,,college,,,False,
OSM_POI_1128509238,OSM_OVERPASS,1128509238,OSM_TRANSPORT_POIS_20260918,Spencer Plaza,Spencer Plaza,,,mall,,,False,
OSM_POI_29116157,OSM_OVERPASS,29116157,OSM_TRANSPORT_POIS_20260918,Egmore Eye Hospital,Egmore Eye Hospital,,,hospital,,,False,
OSM_POI_24261542,OSM_OVERPASS,24261542,OSM_TRANSPORT_POIS_20260918,Queen Marys College,Queen Marys College,,,college,,,False,
OSM_POI_29267290,OSM_OVERPASS,29267290,OSM_TRANSPORT_POIS_20260918,Chennai Citi Center Mall,Chennai Citi Center Mall,,,mall,,,False,limited
OSM_POI_211274279,OSM_OVERPASS,211274279,OSM_TRANSPORT_POIS_20260918,CSI Kalyani Hospital,CSI Kalyani Hospital,,,hospital,,,False,
OSM_POI_211423255,OSM_OVERPASS,211423255,OSM_TRANSPORT_POIS_20260918,EV Kalyani Hospital,EV Kalyani Hospital,,,hospital,,,False,
OSM_POI_211423281,OSM_OVERPASS,211423281,OSM_TRANSPORT_POIS_20260918,Kasturibai Gandhi Hospital,Kasturibai Gandhi Hospital,கஸ்தூர்பா காந்தி மருத்துவமனை,,hospital,,,False,
OSM_POI_23895842,OSM_OVERPASS,23895842,OSM_TRANSPORT_POIS_20260918,University of Madras (Chepauk),University of Madras (Chepauk),சென்னை பல்கலைக்கழகம் (செப்பாக்கம்),,university,,,False,
OSM_POI_217960574,OSM_OVERPASS,217960574,OSM_TRANSPORT_POIS_20260918,Tamil Nadu Government Multi Super Speciality Hospital,Tamil Nadu Government Multi Super Speciality Hospital,தமிழ்நாடு அரசு பன்னோக்கு உயர் சிறப்பு மருத்துவமனை,,hospital,,,False,
OSM_POI_355458015,OSM_OVERPASS,355458015,OSM_TRANSPORT_POIS_20260918,Ampa Skywalk,Ampa Skywalk,,,mall,,,False,
OSM_POI_393560243,OSM_OVERPASS,393560243,OSM_TRANSPORT_POIS_20260918,Ampa Skywalk,Ampa Skywalk,,,mall,,,False,
OSM_POI_1428318904,OSM_OVERPASS,1428318904,OSM_TRANSPORT_POIS_20260918,Gynmc PG Block,Gynmc PG Block,,,hospital,,,False,
OSM_POI_1314584114,OSM_OVERPASS,1314584114,OSM_TRANSPORT_POIS_20260918,Government child birth Hospital,Government child birth Hospital,,,hospital,,,False,
OSM_POI_100857284,OSM_OVERPASS,100857284,OSM_TRANSPORT_POIS_20260918,"அறிஞர் அண்ணா அரசு இந்திய,மருத்துவமனை,அரும்பாக்கம்,சென்னை-106",Aringar anna goverment indian medicine hospital arumbakkam chennai,,,hospital,,,False,
OSM_POI_217797428,OSM_OVERPASS,217797428,OSM_TRANSPORT_POIS_20260918,Mehta Hospital,Mehta Hospital,,,hospital,,,False,
OSM_POI_354243595,OSM_OVERPASS,354243595,OSM_TRANSPORT_POIS_20260918,Guest Hospital,Guest Hospital,,,hospital,,,False,
OSM_POI_1410036059,OSM_OVERPASS,1410036059,OSM_TRANSPORT_POIS_20260918,Govt. Kilpauk Hospital,Govt. Kilpauk Hospital,,,hospital,,,False,
OSM_POI_23970133,OSM_OVERPASS,23970133,OSM_TRANSPORT_POIS_20260918,C. Kandaswami Naidu College for Men,C. Kandaswami Naidu College for Men,,,college,,,False,
OSM_POI_23970134,OSM_OVERPASS,23970134,OSM_TRANSPORT_POIS_20260918,Valliammal College For Women,Valliammal College For Women,,,college,,,False,yes
OSM_POI_48753841,OSM_OVERPASS,48753841,OSM_TRANSPORT_POIS_20260918,Anna Nagar Government Hospital,Anna Nagar Government Hospital,,,hospital,,,False,
OSM_POI_231052536,OSM_OVERPASS,231052536,OSM_TRANSPORT_POIS_20260918,Vasan Dental Care,Vasan Dental Care,,,hospital,,,False,
OSM_POI_30973303,OSM_OVERPASS,30973303,OSM_TRANSPORT_POIS_20260918,Institute of Mental Health - Kilpauk,Institute of Mental Health - Kilpauk,,,college,,,False,
OSM_POI_30973308,OSM_OVERPASS,30973308,OSM_TRANSPORT_POIS_20260918,ESI Hospital,ESI Hospital,,,hospital,,,False,
OSM_POI_240472123,OSM_OVERPASS,240472123,OSM_TRANSPORT_POIS_20260918,Police Hospital,Police Hospital,,,hospital,,,False,
OSM_POI_29116024,OSM_OVERPASS,29116024,OSM_TRANSPORT_POIS_20260918,Mayor Radhakrishnan Stadium,Mayor Radhakrishnan Stadium,மேயர் ராதாகிருஷ்ணன் ஹாக்கி மைதானம்,,stadium,,,False,
OSM_POI_33622823,OSM_OVERPASS,33622823,OSM_TRANSPORT_POIS_20260918,Government College of Arts and Crafts,Government College of Arts and Crafts,,,college,,,False,
OSM_POI_48057029,OSM_OVERPASS,48057029,OSM_TRANSPORT_POIS_20260918,"Government Polytechnic College, Purasawalkam","Government Polytechnic College, Purasawalkam","அரசினர் பாலிடெக்னிக் கல்லூரி, புரசைவாக்கம்",,college,,,False,
OSM_POI_30246473,OSM_OVERPASS,30246473,OSM_TRANSPORT_POIS_20260918,Madras Veterinary College,Madras Veterinary College,சென்னை கால்நடை மருத்துவ கல்லூரி,,college,,,False,
OSM_POI_1122563581,OSM_OVERPASS,1122563581,OSM_TRANSPORT_POIS_20260918,"R Square Academy for Tnpsc, Tnusrb SI, Tet, Police, Ssc, Rrb, Bank Exam Coaching Centre","R Square Academy for Tnpsc, Tnusrb SI, Tet, Police, Ssc, Rrb, Bank Exam Coaching Centre",,,university,,,False,
OSM_POI_48048694,OSM_OVERPASS,48048694,OSM_TRANSPORT_POIS_20260918,St Joseph Technical Institute,St Joseph Technical Institute,,,college,,,False,
OSM_POI_125234674,OSM_OVERPASS,125234674,OSM_TRANSPORT_POIS_20260918,Dr. Ambedkar Government Arts College,Dr. Ambedkar Government Arts College,,,college,,,False,
OSM_POI_27618339,OSM_OVERPASS,27618339,OSM_TRANSPORT_POIS_20260918,Rajiv Gandhi Government General Hospital,Rajiv Gandhi Government General Hospital,ராஜீவ் காந்தி அரசு பொது மருத்துவமனை,,hospital,,,False,
OSM_POI_23892259,OSM_OVERPASS,23892259,OSM_TRANSPORT_POIS_20260918,Nehru Indoor Stadium,Nehru Indoor Stadium,,,stadium,,,False,
OSM_POI_1241304916,OSM_OVERPASS,1241304916,OSM_TRANSPORT_POIS_20260918,Jawaharlal Nehru Stadium,Jawaharlal Nehru Stadium,,,stadium,,,False,
OSM_POI_217846762,OSM_OVERPASS,217846762,OSM_TRANSPORT_POIS_20260918,Corporation Baby Hospital,Corporation Baby Hospital,,,hospital,,,False,
OSM_POI_1180926082,OSM_OVERPASS,1180926082,OSM_TRANSPORT_POIS_20260918,The Arya Vysya Meternity Home and Child Welfare Centre,The Arya Vysya Meternity Home and Child Welfare Centre,,,hospital,,,False,
OSM_POI_1122111817,OSM_OVERPASS,1122111817,OSM_TRANSPORT_POIS_20260918,Dr Ambedkar Law College,Dr Ambedkar Law College,,,college,,,False,
OSM_POI_34326337,OSM_OVERPASS,34326337,OSM_TRANSPORT_POIS_20260918,Sri Kanyaka Parameswari Arts & Science College for Women,Sri Kanyaka Parameswari Arts & Science College for Women,,,college,,,False,
OSM_POI_363930311,OSM_OVERPASS,363930311,OSM_TRANSPORT_POIS_20260918,Chennai National Hospital,Chennai National Hospital,,,hospital,,,False,
OSM_POI_1104433136,OSM_OVERPASS,1104433136,OSM_TRANSPORT_POIS_20260918,Chennai National Hospital Speciality Clinics,Chennai National Hospital Speciality Clinics,,,hospital,,,False,
OSM_POI_1176875169,OSM_OVERPASS,1176875169,OSM_TRANSPORT_POIS_20260918,Shaarave Hospital,Shaarave Hospital,,,hospital,,,False,
OSM_POI_28345285,OSM_OVERPASS,28345285,OSM_TRANSPORT_POIS_20260918,Stanley Medical College and Hospital,Stanley Medical College and Hospital,ஸ்டான்லி மருத்துவக் கல்லூரி,,hospital,,,False,
OSM_POI_1110191307,OSM_OVERPASS,1110191307,OSM_TRANSPORT_POIS_20260918,SA Hospital,SA Hospital,,,hospital,,,False,
OSM_POI_1241298308,OSM_OVERPASS,1241298308,OSM_TRANSPORT_POIS_20260918,Mint Hospital,Mint Hospital,,,hospital,,,False,
OSM_POI_28345323,OSM_OVERPASS,28345323,OSM_TRANSPORT_POIS_20260918,Bharathi Womens College,Bharathi Womens College,,,college,,,False,
OSM_POI_28345325,OSM_OVERPASS,28345325,OSM_TRANSPORT_POIS_20260918,Arts College Hostel,Arts College Hostel,,,college,,,False,
OSM_POI_47416302,OSM_OVERPASS,47416302,OSM_TRANSPORT_POIS_20260918,Stanley Medical College and Hospital,Stanley Medical College and Hospital,,,hospital,,,False,
OSM_POI_178747899,OSM_OVERPASS,178747899,OSM_TRANSPORT_POIS_20260918,Government Rsrm Lying Hospital,Government Rsrm Lying Hospital,,,hospital,,,False,
OSM_POI_28345287,OSM_OVERPASS,28345287,OSM_TRANSPORT_POIS_20260918,Stanley Medical College,Stanley Medical College,ஸ்டான்லி மருத்துவமனை,,college,,,False,
OSM_POI_217860912,OSM_OVERPASS,217860912,OSM_TRANSPORT_POIS_20260918,Sir Theagaraya College,Sir Theagaraya College,,,college,,,False,
OSM_POI_361224706,OSM_OVERPASS,361224706,OSM_TRANSPORT_POIS_20260918,MN Eye Hospital,MN Eye Hospital,,,hospital,,,False,
OSM_POI_217864765,OSM_OVERPASS,217864765,OSM_TRANSPORT_POIS_20260918,C.S.I. Rainy Multi Speciality Hospital,C.S.I. Rainy Multi Speciality Hospital,,,hospital,,,False,
OSM_POI_1540232364,OSM_OVERPASS,1540232364,OSM_TRANSPORT_POIS_20260918,Murugappa Polytechnic College,Murugappa Polytechnic College,,,college,,,False,
OSM_POI_1234813078,OSM_OVERPASS,1234813078,OSM_TRANSPORT_POIS_20260918,Cherish Hospital,Cherish Hospital,,,hospital,,,False,
OSM_POI_138307630,OSM_OVERPASS,138307630,OSM_TRANSPORT_POIS_20260918,Sir Ivan Stedford Hospital,Sir Ivan Stedford Hospital,,,hospital,,,False,
OSM_POI_354248394,OSM_OVERPASS,354248394,OSM_TRANSPORT_POIS_20260918,Velammal Engineering College,Velammal Engineering College,வேலம்மாள் பொறியியல் கல்லூரி,,college,,,False,
OSM_POI_1075657697,OSM_OVERPASS,1075657697,OSM_TRANSPORT_POIS_20260918,Saint Michaels Polytechnic College,Saint Michaels Polytechnic College,,,college,,,False,
OSM_POI_336952245,OSM_OVERPASS,336952245,OSM_TRANSPORT_POIS_20260918,Gojan School of Business and Technology,Gojan School of Business and Technology,,,college,,,False,
OSM_POI_1155182281,OSM_OVERPASS,1155182281,OSM_TRANSPORT_POIS_20260918,Prashanth Superspeciality Hospital Kolathur,Prashanth Superspeciality Hospital Kolathur,,,hospital,,,False,
OSM_POI_1540976874,OSM_OVERPASS,1540976874,OSM_TRANSPORT_POIS_20260918,MMC Government Hospital,MMC Government Hospital,,,hospital,,,False,
OSM_POI_217864797,OSM_OVERPASS,217864797,OSM_TRANSPORT_POIS_20260918,Government Peripheral Hospital,Government Peripheral Hospital,,,hospital,,,False,
OSM_POI_34097016,OSM_OVERPASS,34097016,OSM_TRANSPORT_POIS_20260918,Communicable Diseases Hospital,Communicable Diseases Hospital,,,hospital,,,False,
OSM_POI_217868140,OSM_OVERPASS,217868140,OSM_TRANSPORT_POIS_20260918,ESI,ESI,,,hospital,,,False,
OSM_POI_907941478,OSM_OVERPASS,907941478,OSM_TRANSPORT_POIS_20260918,Tiruvottiyur Government Hospital,Tiruvottiyur Government Hospital,,,hospital,,,False,
OSM_POI_1154910967,OSM_OVERPASS,1154910967,OSM_TRANSPORT_POIS_20260918,Vels Medical College and Hospital,Vels Medical College and Hospital,,,hospital,,,False,
OSM_POI_254986491,OSM_OVERPASS,254986491,OSM_TRANSPORT_POIS_20260918,Divya Hospital,Divya Hospital,,,hospital,,,False,
OSM_POI_1395181326,OSM_OVERPASS,1395181326,OSM_TRANSPORT_POIS_20260918,Shree Chandraprabhu Jain College - Minjur,Shree Chandraprabhu Jain College - Minjur,,,college,,,False,
OSM_POI_92071985,OSM_OVERPASS,92071985,OSM_TRANSPORT_POIS_20260918,RMK Group Of Institutions,RMK Group Of Institutions,,,college,,,False,
OSM_POI_1075113443,OSM_OVERPASS,1075113443,OSM_TRANSPORT_POIS_20260918,Pulicat Government Hospital,Pulicat Government Hospital,,,hospital,,,False,
