normalized_route_id,source_id,source_route_id,agency,route_short_name,route_long_name,mode,route_type,status
CMRL_BLUE_CORRIDOR_1,CMRL_API,CORRIDOR_1,CMRL,Blue Line,Wimco Nagar Depot to Chennai International Airport,metro,1,operational
CMRL_GREEN_CORRIDOR_2,CMRL_API,CORRIDOR_2,CMRL,Green Line,Puratchi Thalaivar Dr. M.G. Ramachandran Central to St. Thomas Mount,metro,1,operational
CMRL_CORRIDOR_3_PHASE2,CMRL_OFFICIAL,CORRIDOR_3,CMRL,Purple Line (Phase II),Madhavaram to SIPCOT (45.8 km),metro,1,under_construction
CMRL_CORRIDOR_4_PHASE2,CMRL_OFFICIAL,CORRIDOR_4,CMRL,Orange Line (Phase II),Lighthouse to Poonamalle Bypass (26.1 km),metro,1,under_construction
CMRL_CORRIDOR_5_PHASE2,CMRL_OFFICIAL,CORRIDOR_5,CMRL,Red Line (Phase II),Madhavaram to Sholinganallur (47.0 km),metro,1,under_construction
GTFS_ROUTE_18751,CHENNAI_COMMUNITY_GTFS,18751,MTC,29A,Anna Square TO Perambur B.T,bus,3,operational
GTFS_ROUTE_18750,CHENNAI_COMMUNITY_GTFS,18750,MTC,12G,Sathya Nagar TO Lady Willingdon College Of Education,bus,3,operational
GTFS_ROUTE_23728,CHENNAI_COMMUNITY_GTFS,23728,MTC,11 R,Royapuram TO Thiyagarayanagar,bus,3,operational
GTFS_ROUTE_18753,CHENNAI_COMMUNITY_GTFS,18753,MTC,22 CT,Anna Square TO Ayanavaram,bus,3,operational
GTFS_ROUTE_20494,CHENNAI_COMMUNITY_GTFS,20494,MTC,15 CT8,Anna Nagar West TO M.G.R.Koyambedu,bus,3,operational
GTFS_ROUTE_23729,CHENNAI_COMMUNITY_GTFS,23729,MTC,13 R,Island ground TO Thiyagarayanagar,bus,3,operational
GTFS_ROUTE_18755,CHENNAI_COMMUNITY_GTFS,18755,MTC,29A CT,Secretariat TO Perambur B.T,bus,3,operational
GTFS_ROUTE_18756,CHENNAI_COMMUNITY_GTFS,18756,MTC,29D,Vivekananda House TO Mathur M.M.D.A.,bus,3,operational
GTFS_ROUTE_18758,CHENNAI_COMMUNITY_GTFS,18758,MTC,40A CT,Anna Square TO Avadi B.T,bus,3,operational
GTFS_ROUTE_18761,CHENNAI_COMMUNITY_GTFS,18761,MTC,T23C CT,Saidapet TO Ayanavaram,bus,3,operational
GTFS_ROUTE_4946,CHENNAI_COMMUNITY_GTFS,4946,MTC,579K,Walajabad TO Tambaram,bus,3,operational
GTFS_ROUTE_11919,CHENNAI_COMMUNITY_GTFS,11919,MTC,55K,Tambaram West TO Guduvanchery,bus,3,operational
GTFS_ROUTE_20496,CHENNAI_COMMUNITY_GTFS,20496,MTC,21 CT1,Guindy Industrial  TO  Royapuram,bus,3,operational
GTFS_ROUTE_18762,CHENNAI_COMMUNITY_GTFS,18762,MTC,T23C,Thiruvanmiyur TO Ayanavaram,bus,3,operational
GTFS_ROUTE_10684,CHENNAI_COMMUNITY_GTFS,10684,MTC,104T,T.V.K.Nagar TO Otteri,bus,3,operational
GTFS_ROUTE_23732,CHENNAI_COMMUNITY_GTFS,23732,MTC,154 R1,Thyagaraya Nagar TO Poonamallee B.T,bus,3,operational
GTFS_ROUTE_18763,CHENNAI_COMMUNITY_GTFS,18763,MTC,T23C CT1,Thiruvanmiyur TO Egmore,bus,3,operational
GTFS_ROUTE_23733,CHENNAI_COMMUNITY_GTFS,23733,MTC,154 R,Poonamallee B.T TO Thyagaraya Nagar,bus,3,operational
GTFS_ROUTE_15885,CHENNAI_COMMUNITY_GTFS,15885,MTC,570Et,Anna Nagar West TO M.G.R.Koyambedu,bus,3,operational
GTFS_ROUTE_13402,CHENNAI_COMMUNITY_GTFS,13402,MTC,S43,Pudur TO Villivakkam,bus,3,operational
GTFS_ROUTE_17675,CHENNAI_COMMUNITY_GTFS,17675,MTC,579K,Kilambakkam B.T TO Walajabad,bus,3,operational
GTFS_ROUTE_18764,CHENNAI_COMMUNITY_GTFS,18764,MTC,12X,Foreshore Estate TO M.G.R.Koyambedu,bus,3,operational
GTFS_ROUTE_19805,CHENNAI_COMMUNITY_GTFS,19805,MTC,S90,Tambaram West B.S TO Gundumedu,bus,3,operational
GTFS_ROUTE_12581,CHENNAI_COMMUNITY_GTFS,12581,MTC,70H,Hasthinapuram TO M.G.R.Koyambedu,bus,3,operational
GTFS_ROUTE_11791,CHENNAI_COMMUNITY_GTFS,11791,MTC,549,Thiruvanmiyur TO Sriperumbudur,bus,3,operational
GTFS_ROUTE_17676,CHENNAI_COMMUNITY_GTFS,17676,MTC,170Tx,Kaviarasu Kannadasan Nagar TO M.G.R.Koyambedu,bus,3,operational
GTFS_ROUTE_16303,CHENNAI_COMMUNITY_GTFS,16303,MTC,170Tx,Moolakadai TO Kilambakkam B.S,bus,3,operational
GTFS_ROUTE_15127,CHENNAI_COMMUNITY_GTFS,15127,MTC,19C,Okk.Thoraipakm Sec.Colony TO Adyar B.T,bus,3,operational
GTFS_ROUTE_17957,CHENNAI_COMMUNITY_GTFS,17957,MTC,95X,Kilambakkam B.S TO Shozhanganallur,bus,3,operational
GTFS_ROUTE_13298,CHENNAI_COMMUNITY_GTFS,13298,MTC,S25,Vadapalani TO Valasaravakkam,bus,3,operational
GTFS_ROUTE_13301,CHENNAI_COMMUNITY_GTFS,13301,MTC,S25,Valasaravakkam TO Vadapalani,bus,3,operational
GTFS_ROUTE_3516,CHENNAI_COMMUNITY_GTFS,3516,MTC,95X,Tambaram East Bus Stop TO Shozhanganallur,bus,3,operational
GTFS_ROUTE_13304,CHENNAI_COMMUNITY_GTFS,13304,MTC,S25,Valasaravakkam TO Maduravoyal Market,bus,3,operational
GTFS_ROUTE_18769,CHENNAI_COMMUNITY_GTFS,18769,MTC,88CEt,Thyagaraya Nagar TO Iyyappanthangal,bus,3,operational
GTFS_ROUTE_23735,CHENNAI_COMMUNITY_GTFS,23735,MTC,154P,Thyagaraya Nagar TO Pattur,bus,3,operational
GTFS_ROUTE_18770,CHENNAI_COMMUNITY_GTFS,18770,MTC,88CEt,Thyagaraya Nagar TO Nandambakkam Village,bus,3,operational
GTFS_ROUTE_23736,CHENNAI_COMMUNITY_GTFS,23736,MTC,154P,Pattur TO Thyagaraya Nagar,bus,3,operational
GTFS_ROUTE_11788,CHENNAI_COMMUNITY_GTFS,11788,MTC,549,Poonamallee B.T TO Thiruvanmiyur,bus,3,operational
GTFS_ROUTE_11789,CHENNAI_COMMUNITY_GTFS,11789,MTC,549,Sriperumbudur TO Thiruvanmiyur,bus,3,operational
GTFS_ROUTE_11790,CHENNAI_COMMUNITY_GTFS,11790,MTC,549,Thiruvanmiyur TO Poonamallee B.T,bus,3,operational
GTFS_ROUTE_17956,CHENNAI_COMMUNITY_GTFS,17956,MTC,99X,Kilambakkam B.S TO Semmenchery,bus,3,operational
GTFS_ROUTE_17678,CHENNAI_COMMUNITY_GTFS,17678,MTC,549,Poonamallee B.T TO Sriperumbudur,bus,3,operational
GTFS_ROUTE_17679,CHENNAI_COMMUNITY_GTFS,17679,MTC,579C,Tambaram Sanatorium TO Walajabad,bus,3,operational
GTFS_ROUTE_18783,CHENNAI_COMMUNITY_GTFS,18783,MTC,129C,Perambur B.T TO Besant Nagar,bus,3,operational
GTFS_ROUTE_18787,CHENNAI_COMMUNITY_GTFS,18787,MTC,29B CT,Madhavaram Milk Colony TO L.F.C,bus,3,operational
GTFS_ROUTE_18788,CHENNAI_COMMUNITY_GTFS,18788,MTC,29B CT,Madhavaram Milk Colony Main Gate TO Gemini,bus,3,operational
GTFS_ROUTE_18789,CHENNAI_COMMUNITY_GTFS,18789,MTC,29C CT,Perambur B.T TO Mandaveli,bus,3,operational
GTFS_ROUTE_18790,CHENNAI_COMMUNITY_GTFS,18790,MTC,29CEt CT1,Perambur B.T TO Besant Nagar,bus,3,operational
GTFS_ROUTE_18794,CHENNAI_COMMUNITY_GTFS,18794,MTC,T29C CT,Perambur Bus Terminus TO Mandaveli,bus,3,operational
GTFS_ROUTE_19820,CHENNAI_COMMUNITY_GTFS,19820,MTC,147C,Thiyagarayanagar To  Ambattur I.E,bus,3,operational
GTFS_ROUTE_18797,CHENNAI_COMMUNITY_GTFS,18797,MTC,19 CT4,Kelambakkam TO Adyar,bus,3,operational
GTFS_ROUTE_11724,CHENNAI_COMMUNITY_GTFS,11724,MTC,523,Perunthandalam TO Sholinganallur,bus,3,operational
GTFS_ROUTE_11725,CHENNAI_COMMUNITY_GTFS,11725,MTC,523,Sholinganallur TO Mullipakkam,bus,3,operational
GTFS_ROUTE_18802,CHENNAI_COMMUNITY_GTFS,18802,MTC,10E,Saidapet West TO M.G.R.Central,bus,3,operational
GTFS_ROUTE_18804,CHENNAI_COMMUNITY_GTFS,18804,MTC,500W,Saidapet West TO Tambaram West,bus,3,operational
GTFS_ROUTE_11735,CHENNAI_COMMUNITY_GTFS,11735,MTC,523A,Karumbakkam TO Thiruporur,bus,3,operational
GTFS_ROUTE_11739,CHENNAI_COMMUNITY_GTFS,11739,MTC,523A,Thiruporur TO Karumbakkam,bus,3,operational
GTFS_ROUTE_11741,CHENNAI_COMMUNITY_GTFS,11741,MTC,523A,Thiruvanmiyur TO Devi Karumariamman Temple,bus,3,operational
GTFS_ROUTE_11745,CHENNAI_COMMUNITY_GTFS,11745,MTC,523A,Thiruvanmiyur TO Karumbakkam,bus,3,operational
GTFS_ROUTE_23744,CHENNAI_COMMUNITY_GTFS,23744,MTC,3Ct,Guindy R.S TO Tidel Park,bus,3,operational
GTFS_ROUTE_12738,CHENNAI_COMMUNITY_GTFS,12738,MTC,70F,Madhavaram TO Madhavaram B.T,bus,3,operational
GTFS_ROUTE_12820,CHENNAI_COMMUNITY_GTFS,12820,MTC,77V,Ambattur I.E TO M.G.R.Koyambedu,bus,3,operational
GTFS_ROUTE_12824,CHENNAI_COMMUNITY_GTFS,12824,MTC,77V,Veppampattu E.Waran Nagar TO Ambattur I.E,bus,3,operational
GTFS_ROUTE_10579,CHENNAI_COMMUNITY_GTFS,10579,MTC,104G,Ambattur I.E TO Kilambakkam B.T,bus,3,operational
GTFS_ROUTE_23745,CHENNAI_COMMUNITY_GTFS,23745,MTC,3Ct,Tidel Park TO Guindy R.S,bus,3,operational
GTFS_ROUTE_18808,CHENNAI_COMMUNITY_GTFS,18808,MTC,27D,Ayanavaram Depot TO  Icf,bus,3,operational
GTFS_ROUTE_18816,CHENNAI_COMMUNITY_GTFS,18816,MTC,45BEt,Mugalivakkam TO Anna Square,bus,3,operational
GTFS_ROUTE_19821,CHENNAI_COMMUNITY_GTFS,19821,MTC,147C,Ambattur O.T TO Ambattur I.E,bus,3,operational
GTFS_ROUTE_18817,CHENNAI_COMMUNITY_GTFS,18817,MTC,45B CT,Mugalivakkam Mm Temple TO Vivekananda House,bus,3,operational
GTFS_ROUTE_17501,CHENNAI_COMMUNITY_GTFS,17501,MTC,3,Thiyagaraya Nagar TO Saidapet Depot,bus,3,operational
GTFS_ROUTE_16552,CHENNAI_COMMUNITY_GTFS,16552,MTC,3,Kannagi Nagar Bus Stand TO Thiruvanmiyur Bus Stand,bus,3,operational
GTFS_ROUTE_18818,CHENNAI_COMMUNITY_GTFS,18818,MTC,45B CT1,Guindy Tvk Estate TO Anna Square,bus,3,operational
GTFS_ROUTE_18820,CHENNAI_COMMUNITY_GTFS,18820,MTC,A45B CT,Guindy Tvk Estate TO Vivekananda House,bus,3,operational
GTFS_ROUTE_18821,CHENNAI_COMMUNITY_GTFS,18821,MTC,45B CT2,Guindy Tvk Estate TO Vivekananda House,bus,3,operational
GTFS_ROUTE_20519,CHENNAI_COMMUNITY_GTFS,20519,MTC,102K CT2,Adyar B.T TO Ezhil Nagar,bus,3,operational
GTFS_ROUTE_18822,CHENNAI_COMMUNITY_GTFS,18822,MTC,45BEt CT,Cement Road TO Anna Square,bus,3,operational
GTFS_ROUTE_18823,CHENNAI_COMMUNITY_GTFS,18823,MTC,45BEt CT1,Guindy Tvk Estate TO Anna Square,bus,3,operational
GTFS_ROUTE_18824,CHENNAI_COMMUNITY_GTFS,18824,MTC,A45B CT1,Cement Road TO Anna Square,bus,3,operational
GTFS_ROUTE_18826,CHENNAI_COMMUNITY_GTFS,18826,MTC,12B CT1,Vadapalani TO Luz,bus,3,operational
GTFS_ROUTE_23750,CHENNAI_COMMUNITY_GTFS,23750,MTC,21G CT2,Kilambakkam Bus Terminus TO Besant Nagar Terminus,bus,3,operational
GTFS_ROUTE_16895,CHENNAI_COMMUNITY_GTFS,16895,MTC,51,Ngo Colony TO Tambaram West Bus Stand,bus,3,operational
GTFS_ROUTE_20520,CHENNAI_COMMUNITY_GTFS,20520,MTC,102K CT3,Adyar TO Kannagi Nagar S.C.B,bus,3,operational
GTFS_ROUTE_20521,CHENNAI_COMMUNITY_GTFS,20521,MTC,102K CT4,Ezhil Nagar TO Adyar B.T,bus,3,operational
GTFS_ROUTE_18827,CHENNAI_COMMUNITY_GTFS,18827,MTC,41D CT,Avadi B.T TO Mandaveli,bus,3,operational
GTFS_ROUTE_16906,CHENNAI_COMMUNITY_GTFS,16906,MTC,51,Thyagaraya Nagar TO Tambaram West,bus,3,operational
GTFS_ROUTE_18832,CHENNAI_COMMUNITY_GTFS,18832,MTC,95XCt R,Sholinganallur TO Kilambakkam B.T,bus,3,operational
GTFS_ROUTE_16915,CHENNAI_COMMUNITY_GTFS,16915,MTC,51,Tambaram West TO Thyagaraya Nagar,bus,3,operational
GTFS_ROUTE_16925,CHENNAI_COMMUNITY_GTFS,16925,MTC,51,Tambaram West TO N.G.O.Colony,bus,3,operational
GTFS_ROUTE_13387,CHENNAI_COMMUNITY_GTFS,13387,MTC,S41,Ambattur I.E TO Avadi B.T,bus,3,operational
GTFS_ROUTE_13388,CHENNAI_COMMUNITY_GTFS,13388,MTC,S41,Ambedkar Statue TO Avadi B.T,bus,3,operational
GTFS_ROUTE_13389,CHENNAI_COMMUNITY_GTFS,13389,MTC,S41,Avadi B.T TO Ambattur I.E,bus,3,operational
GTFS_ROUTE_18837,CHENNAI_COMMUNITY_GTFS,18837,MTC,2B CT,Vyasarpadi Depot TO Kaviarasu Kannadasan Nagar Bus Stand,bus,3,operational
GTFS_ROUTE_23757,CHENNAI_COMMUNITY_GTFS,23757,MTC,21G CT3,Tambaram West Bus Stand TO Besant Nagar Terminus,bus,3,operational
GTFS_ROUTE_17697,CHENNAI_COMMUNITY_GTFS,17697,MTC,S58,Thirumullaivoyal Colony TO Ambattur I.E,bus,3,operational
GTFS_ROUTE_20527,CHENNAI_COMMUNITY_GTFS,20527,MTC,102K CT10,Kannagi Nagar S.C.B TO Adyar,bus,3,operational
GTFS_ROUTE_22449,CHENNAI_COMMUNITY_GTFS,22449,MTC,72 CT8,Royapuram TO Thiyagarayanagar,bus,3,operational
GTFS_ROUTE_17340,CHENNAI_COMMUNITY_GTFS,17340,MTC,565,Avadi TO Sriperumbudur,bus,3,operational
GTFS_ROUTE_18841,CHENNAI_COMMUNITY_GTFS,18841,MTC,2B CT1,Kaviarasu Kannadasan Nagar Bus Stand TO Vyasarpadi Depot,bus,3,operational
GTFS_ROUTE_23760,CHENNAI_COMMUNITY_GTFS,23760,MTC,21G CT2,Besant Nagar TO Kilambakkam,bus,3,operational
GTFS_ROUTE_17338,CHENNAI_COMMUNITY_GTFS,17338,MTC,565,Sriperumbudur TO Avadi,bus,3,operational
GTFS_ROUTE_18845,CHENNAI_COMMUNITY_GTFS,18845,MTC,15BEt CT,Thangal Tollgate TO M.G.R.Koyambedu,bus,3,operational
GTFS_ROUTE_9953,CHENNAI_COMMUNITY_GTFS,9953,MTC,547,Redhills TO Siruvapuri,bus,3,operational
GTFS_ROUTE_9596,CHENNAI_COMMUNITY_GTFS,9596,MTC,S22,Iyyappanthangal TO Kovur,bus,3,operational
GTFS_ROUTE_17705,CHENNAI_COMMUNITY_GTFS,17705,MTC,79V,Tambaram Sanatorium TO Walajabad,bus,3,operational
GTFS_ROUTE_12477,CHENNAI_COMMUNITY_GTFS,12477,MTC,66K,Kilambakkam B.T TO Tambaram West,bus,3,operational
GTFS_ROUTE_17704,CHENNAI_COMMUNITY_GTFS,17704,MTC,297,Thiruvallur TO Kilambakkam B.T,bus,3,operational
GTFS_ROUTE_18859,CHENNAI_COMMUNITY_GTFS,18859,MTC,101 CT3,Poonamallee TO Thangal Tollgate,bus,3,operational
GTFS_ROUTE_12855,CHENNAI_COMMUNITY_GTFS,12855,MTC,79V,Walajabad TO Tambaram Sanatorium,bus,3,operational
GTFS_ROUTE_12857,CHENNAI_COMMUNITY_GTFS,12857,MTC,79V,Tambaram West TO Venbakkam,bus,3,operational
GTFS_ROUTE_12858,CHENNAI_COMMUNITY_GTFS,12858,MTC,79V,Venbakkam TO Tambaram West,bus,3,operational
GTFS_ROUTE_17703,CHENNAI_COMMUNITY_GTFS,17703,MTC,578Et,Iyyappanthangal TO Kunnam,bus,3,operational
GTFS_ROUTE_9986,CHENNAI_COMMUNITY_GTFS,9986,MTC,580,Avadi Bus Terminus TO Siruvapuri Temple,bus,3,operational
GTFS_ROUTE_9992,CHENNAI_COMMUNITY_GTFS,9992,MTC,580,Siruvapuri Temple TO Avadi Bus Terminus,bus,3,operational
GTFS_ROUTE_18863,CHENNAI_COMMUNITY_GTFS,18863,MTC,1D,Thiruvanmiyur TO Ennore,bus,3,operational
GTFS_ROUTE_9955,CHENNAI_COMMUNITY_GTFS,9955,MTC,547,Siruvapuri TO Red Hills,bus,3,operational
GTFS_ROUTE_12145,CHENNAI_COMMUNITY_GTFS,12145,MTC,578Et,Sunguvarchathiram TO Iyyappanthangal,bus,3,operational
GTFS_ROUTE_13104,CHENNAI_COMMUNITY_GTFS,13104,MTC,D70X,Ambattur I.E TO Guindy Tvk Estate,bus,3,operational
GTFS_ROUTE_13106,CHENNAI_COMMUNITY_GTFS,13106,MTC,D70X,Ambattur I.E TO Velachery Mrts,bus,3,operational
GTFS_ROUTE_13110,CHENNAI_COMMUNITY_GTFS,13110,MTC,D70X,Velachery Mrts TO Ambattur I.E,bus,3,operational
GTFS_ROUTE_17967,CHENNAI_COMMUNITY_GTFS,17967,MTC,570,Siruseri I.T Park TO Adyar Depot,bus,3,operational
GTFS_ROUTE_17330,CHENNAI_COMMUNITY_GTFS,17330,MTC,566,Kundrathur TO Kilambakkam,bus,3,operational
GTFS_ROUTE_12489,CHENNAI_COMMUNITY_GTFS,12489,MTC,66K,Tambaram West TO Kilambakkam B.T,bus,3,operational
GTFS_ROUTE_10415,CHENNAI_COMMUNITY_GTFS,10415,MTC,166K,Kilambakkam B.T TO Kovur,bus,3,operational
GTFS_ROUTE_17329,CHENNAI_COMMUNITY_GTFS,17329,MTC,566,Kundrathur TO Thiruporur,bus,3,operational
GTFS_ROUTE_17331,CHENNAI_COMMUNITY_GTFS,17331,MTC,566,Kilambakkam TO Kundrathur,bus,3,operational
GTFS_ROUTE_9783,CHENNAI_COMMUNITY_GTFS,9783,MTC,166K,Kilambakkam B.S TO Iyyappanthangal,bus,3,operational
GTFS_ROUTE_18870,CHENNAI_COMMUNITY_GTFS,18870,MTC,4 CT,M.G.R.Central TO Ennore,bus,3,operational
GTFS_ROUTE_23764,CHENNAI_COMMUNITY_GTFS,23764,MTC,CU2 CT3,MGR Central Railway Station TO MGR CHENNAI CENTRAL,bus,3,operational
GTFS_ROUTE_18872,CHENNAI_COMMUNITY_GTFS,18872,MTC,46 CT,Ayanavaram B.T TO M.G.R.Koyambedu,bus,3,operational
GTFS_ROUTE_18876,CHENNAI_COMMUNITY_GTFS,18876,MTC,46G CT,M.K.B.Nagar TO Koyambedu Market,bus,3,operational
GTFS_ROUTE_23765,CHENNAI_COMMUNITY_GTFS,23765,MTC,5B,Thyagaraya Nagar TO Mylapore Tank,bus,3,operational
GTFS_ROUTE_15773,CHENNAI_COMMUNITY_GTFS,15773,MTC,147C,Kilambakkam B.T TO Ambattur I.E.,bus,3,operational
GTFS_ROUTE_18877,CHENNAI_COMMUNITY_GTFS,18877,MTC,70E CT,Ayanavaram B.T TO Kilambakkam B.T,bus,3,operational
GTFS_ROUTE_18878,CHENNAI_COMMUNITY_GTFS,18878,MTC,70E,M.K.B.Nagar TO Kilambakkam B.T,bus,3,operational
GTFS_ROUTE_23766,CHENNAI_COMMUNITY_GTFS,23766,MTC,5B,Mylapore TO Thiyagarayanagar,bus,3,operational
GTFS_ROUTE_17712,CHENNAI_COMMUNITY_GTFS,17712,MTC,45A,Vivekananda House TO N.G.O.Colony,bus,3,operational
GTFS_ROUTE_23768,CHENNAI_COMMUNITY_GTFS,23768,MTC,G18,Thyagaraya Nagar TO Guduvanchery,bus,3,operational
GTFS_ROUTE_20536,CHENNAI_COMMUNITY_GTFS,20536,MTC,7H CT1,Anna Nagar West TO J.J.Nagar East,bus,3,operational
GTFS_ROUTE_23769,CHENNAI_COMMUNITY_GTFS,23769,MTC,G18,Guduvanchery TO Thyagaraya Nagar,bus,3,operational
GTFS_ROUTE_17713,CHENNAI_COMMUNITY_GTFS,17713,MTC,M88 ct1,Amarambedu East TO Vadapalani,bus,3,operational
GTFS_ROUTE_17304,CHENNAI_COMMUNITY_GTFS,17304,MTC,570,Velachery TO M.G.R.Koyambedu,bus,3,operational
GTFS_ROUTE_23770,CHENNAI_COMMUNITY_GTFS,23770,MTC,M51,Thyagaraya Nagar TO Prathyangira Devi Temple,bus,3,operational
GTFS_ROUTE_23771,CHENNAI_COMMUNITY_GTFS,23771,MTC,597A R1,Thiruvallur TO Poonamallee B.T,bus,3,operational
GTFS_ROUTE_17311,CHENNAI_COMMUNITY_GTFS,17311,MTC,570,M.G.R.Koyambedu TO Velachery,bus,3,operational
GTFS_ROUTE_15096,CHENNAI_COMMUNITY_GTFS,15096,MTC,29E,Perambur B.T TO Otteri,bus,3,operational
GTFS_ROUTE_18884,CHENNAI_COMMUNITY_GTFS,18884,MTC,S17,Adyar B.T TO Mandaveli,bus,3,operational
GTFS_ROUTE_18885,CHENNAI_COMMUNITY_GTFS,18885,MTC,49K CT,Iyyappanthangal TO Mandaveli,bus,3,operational
GTFS_ROUTE_17715,CHENNAI_COMMUNITY_GTFS,17715,MTC,515A,Tambaram West TO Mamallapuram,bus,3,operational
GTFS_ROUTE_11610,CHENNAI_COMMUNITY_GTFS,11610,MTC,515A,Kovalam TO Tambaram West,bus,3,operational
GTFS_ROUTE_18887,CHENNAI_COMMUNITY_GTFS,18887,MTC,46G CT3,Vyasarpadi (Depot) TO M.K.B.Nagar,bus,3,operational
GTFS_ROUTE_20541,CHENNAI_COMMUNITY_GTFS,20541,MTC,7H CT5,J.J.Nagar East TO Anna Nagar West,bus,3,operational
GTFS_ROUTE_18888,CHENNAI_COMMUNITY_GTFS,18888,MTC,46G,M.K.B.Nagar TO M.G.R.Koyambedu,bus,3,operational
GTFS_ROUTE_18889,CHENNAI_COMMUNITY_GTFS,18889,MTC,57X CT1,Vyasarpadi TO Vallalar Nagar,bus,3,operational
GTFS_ROUTE_10517,CHENNAI_COMMUNITY_GTFS,10517,MTC,188K,Katrambakkam TO Iyyappanthangal,bus,3,operational
GTFS_ROUTE_18893,CHENNAI_COMMUNITY_GTFS,18893,MTC,57X CT3,Redhills TO Periyapalayam,bus,3,operational
GTFS_ROUTE_15108,CHENNAI_COMMUNITY_GTFS,15108,MTC,29A,Secretariat TO Anna Square,bus,3,operational
GTFS_ROUTE_18895,CHENNAI_COMMUNITY_GTFS,18895,MTC,57X CT4,Vallalar Nagar TO Vyasarpadi,bus,3,operational
GTFS_ROUTE_11619,CHENNAI_COMMUNITY_GTFS,11619,MTC,515A,Thiruporur TO Tambaram West,bus,3,operational
GTFS_ROUTE_17719,CHENNAI_COMMUNITY_GTFS,17719,MTC,579A,Nehru Nagar TO Walajabad,bus,3,operational
GTFS_ROUTE_10526,CHENNAI_COMMUNITY_GTFS,10526,MTC,104A,M.G.R.Koyambedu TO Avadi B.T,bus,3,operational
GTFS_ROUTE_15890,CHENNAI_COMMUNITY_GTFS,15890,MTC,120A,Ambattur Industrial Estate TO Avadi Bus Terminus,bus,3,operational
GTFS_ROUTE_15893,CHENNAI_COMMUNITY_GTFS,15893,MTC,202X,Avadi Bus Terminus TO Tambaram West Bus Stand,bus,3,operational
GTFS_ROUTE_11690,CHENNAI_COMMUNITY_GTFS,11690,MTC,51X,Kilambakkam B.T TO Tambaram West,bus,3,operational
GTFS_ROUTE_17284,CHENNAI_COMMUNITY_GTFS,17284,MTC,142,Broadway TO Vinayagapuram,bus,3,operational
GTFS_ROUTE_12154,CHENNAI_COMMUNITY_GTFS,12154,MTC,579A,Oragadam TO Tambaram Sanatorium,bus,3,operational
GTFS_ROUTE_10515,CHENNAI_COMMUNITY_GTFS,10515,MTC,188K,Iyyappanthangal TO Thyagaraya Nagar,bus,3,operational
GTFS_ROUTE_15895,CHENNAI_COMMUNITY_GTFS,15895,MTC,57M,Alamathi TO Redhills,bus,3,operational
GTFS_ROUTE_17288,CHENNAI_COMMUNITY_GTFS,17288,MTC,142,Perambur TO Padiyanallur,bus,3,operational
GTFS_ROUTE_12156,CHENNAI_COMMUNITY_GTFS,12156,MTC,579A,Tambaram Sanatorium TO Oragadam,bus,3,operational
GTFS_ROUTE_13072,CHENNAI_COMMUNITY_GTFS,13072,MTC,J51,Venkadamangalam TO N.G.O.Colony,bus,3,operational
GTFS_ROUTE_11083,CHENNAI_COMMUNITY_GTFS,11083,MTC,31A,Tambaram West TO Agaramthen,bus,3,operational
GTFS_ROUTE_12165,CHENNAI_COMMUNITY_GTFS,12165,MTC,579A,Walajabad TO Nehru Nagar,bus,3,operational
GTFS_ROUTE_13074,CHENNAI_COMMUNITY_GTFS,13074,MTC,G18,Cement Road TO Kilambakkam B.T,bus,3,operational
GTFS_ROUTE_13080,CHENNAI_COMMUNITY_GTFS,13080,MTC,G18,Thyagaraya Nagar TO Cement Road,bus,3,operational
GTFS_ROUTE_18905,CHENNAI_COMMUNITY_GTFS,18905,MTC,70G,Guduvanchery TO Vadapalani B.T,bus,3,operational
GTFS_ROUTE_23774,CHENNAI_COMMUNITY_GTFS,23774,MTC,19A R2,Thyagaraya Nagar TO Semmancheri S.C.B,bus,3,operational
GTFS_ROUTE_23775,CHENNAI_COMMUNITY_GTFS,23775,MTC,104C R2,M.G.R.Koyambedu TO Kilambakkam B.T,bus,3,operational
GTFS_ROUTE_17276,CHENNAI_COMMUNITY_GTFS,17276,MTC,121,Tondiarpet TO Minjur,bus,3,operational
GTFS_ROUTE_10522,CHENNAI_COMMUNITY_GTFS,10522,MTC,104A,Avadi B.T TO Tambaram West,bus,3,operational
GTFS_ROUTE_10520,CHENNAI_COMMUNITY_GTFS,10520,MTC,188K,Katrambakkam TO Thyagaraya Nagar,bus,3,operational
GTFS_ROUTE_23776,CHENNAI_COMMUNITY_GTFS,23776,MTC,104C R1,Kilambakkam B.T TO M.G.R.Koyambedu,bus,3,operational
GTFS_ROUTE_23777,CHENNAI_COMMUNITY_GTFS,23777,MTC,19BEt,Thaiyur Koman Nagar TO Thyagaraya Nagar,bus,3,operational
GTFS_ROUTE_17724,CHENNAI_COMMUNITY_GTFS,17724,MTC,170Tx,Kilambakkam B.S TO Moolakadai,bus,3,operational
GTFS_ROUTE_17725,CHENNAI_COMMUNITY_GTFS,17725,MTC,77T,Thirumullaivoyal Colony TO Ambattur I.E,bus,3,operational
GTFS_ROUTE_10525,CHENNAI_COMMUNITY_GTFS,10525,MTC,188K,Thyagaraya Nagar TO Katrambakkam,bus,3,operational
GTFS_ROUTE_10251,CHENNAI_COMMUNITY_GTFS,10251,MTC,102C,Broadway TO Semmancheri S.C.B,bus,3,operational
GTFS_ROUTE_19832,CHENNAI_COMMUNITY_GTFS,19832,MTC,1C CT1,Ennore Bus Depot TO Thiruvanmiyur Bus Stand,bus,3,operational
GTFS_ROUTE_18911,CHENNAI_COMMUNITY_GTFS,18911,MTC,147A,J.J.Nagar East TO Thyagaraya Nagar,bus,3,operational
GTFS_ROUTE_20549,CHENNAI_COMMUNITY_GTFS,20549,MTC,7M CT6,J.J.Nagar West TO Anna Nagar West,bus,3,operational
GTFS_ROUTE_11698,CHENNAI_COMMUNITY_GTFS,11698,MTC,51X,Velachery B.T TO Kilambakkam B.T,bus,3,operational
GTFS_ROUTE_11700,CHENNAI_COMMUNITY_GTFS,11700,MTC,51X,Velachery B.T TO N.G.O.Colony,bus,3,operational
GTFS_ROUTE_15109,CHENNAI_COMMUNITY_GTFS,15109,MTC,29A,Perambur B.T TO Secretariat,bus,3,operational
GTFS_ROUTE_23779,CHENNAI_COMMUNITY_GTFS,23779,MTC,147C CT4,Thyagaraya Nagar TO Ambattur O.T,bus,3,operational
GTFS_ROUTE_23780,CHENNAI_COMMUNITY_GTFS,23780,MTC,147C CT2,Ambattur O.T TO Thyagaraya Nagar,bus,3,operational
GTFS_ROUTE_10529,CHENNAI_COMMUNITY_GTFS,10529,MTC,104A,Tambaram West TO Avadi B.T,bus,3,operational
GTFS_ROUTE_18916,CHENNAI_COMMUNITY_GTFS,18916,MTC,29E,Thiruverkadu TO Perambur B.T,bus,3,operational
GTFS_ROUTE_17730,CHENNAI_COMMUNITY_GTFS,17730,MTC,B70Ct,Devik Eswari Nagar TO Guindy Tvk Estate,bus,3,operational
GTFS_ROUTE_13315,CHENNAI_COMMUNITY_GTFS,13315,MTC,S26,Valasaravakkam TO Ashok Nagar Metro R.S,bus,3,operational
GTFS_ROUTE_13317,CHENNAI_COMMUNITY_GTFS,13317,MTC,S26,Valasaravakkam TO Ashok Pillar,bus,3,operational
GTFS_ROUTE_13318,CHENNAI_COMMUNITY_GTFS,13318,MTC,S26,Valasaravakkam TO K.K.Nagar,bus,3,operational
GTFS_ROUTE_13371,CHENNAI_COMMUNITY_GTFS,13371,MTC,S36,D.M.S. Metro TO Nungambakkam R.S,bus,3,operational
GTFS_ROUTE_13372,CHENNAI_COMMUNITY_GTFS,13372,MTC,S36,Nungambakkam R.S TO Thyagaraya Nagar,bus,3,operational
GTFS_ROUTE_13373,CHENNAI_COMMUNITY_GTFS,13373,MTC,S36,Nungambakkam R.S TO D.M.S. Metro,bus,3,operational
GTFS_ROUTE_17263,CHENNAI_COMMUNITY_GTFS,17263,MTC,66,Poonamallee Terminus TO Kilambakkam Bus Terminus,bus,3,operational
GTFS_ROUTE_16268,CHENNAI_COMMUNITY_GTFS,16268,MTC,70V,M.G.R.Koyambedu TO Vadapalani,bus,3,operational
GTFS_ROUTE_13321,CHENNAI_COMMUNITY_GTFS,13321,MTC,S20,D.L.F. TO Ashok Nagar Metro R.S,bus,3,operational
GTFS_ROUTE_23783,CHENNAI_COMMUNITY_GTFS,23783,MTC,18A CT13,Kilambakkam to M.G.R.Koyambedu,bus,3,operational
GTFS_ROUTE_17739,CHENNAI_COMMUNITY_GTFS,17739,MTC,570,K.K.Nagar TO M.M.B.T,bus,3,operational
GTFS_ROUTE_23784,CHENNAI_COMMUNITY_GTFS,23784,MTC,18A CT13,M.G.R.Koyambedu to Kilambakkam,bus,3,operational
GTFS_ROUTE_17431,CHENNAI_COMMUNITY_GTFS,17431,MTC,102CT,Thiruvanmiyur TO Kelambakkam,bus,3,operational
GTFS_ROUTE_17261,CHENNAI_COMMUNITY_GTFS,17261,MTC,66,Poonamallee B.T TO Tambaram West,bus,3,operational
GTFS_ROUTE_13310,CHENNAI_COMMUNITY_GTFS,13310,MTC,S19,Keelkattalai TO Kumaran Kundram,bus,3,operational
GTFS_ROUTE_13313,CHENNAI_COMMUNITY_GTFS,13313,MTC,S19,Kumaran Kundram TO Keelkattalai,bus,3,operational
GTFS_ROUTE_13254,CHENNAI_COMMUNITY_GTFS,13254,MTC,S166,Manimedu(Akashnagar) TO Iyyappanthangal,bus,3,operational
GTFS_ROUTE_19846,CHENNAI_COMMUNITY_GTFS,19846,MTC,1C,Ennore Bus Depot TO Thiruvanmiyur Bus,bus,3,operational
GTFS_ROUTE_17742,CHENNAI_COMMUNITY_GTFS,17742,MTC,570,M.M.B.T TO Siruseri I.T Park,bus,3,operational
GTFS_ROUTE_11945,CHENNAI_COMMUNITY_GTFS,11945,MTC,557M,Madurapakkam TO Redhills,bus,3,operational
GTFS_ROUTE_11952,CHENNAI_COMMUNITY_GTFS,11952,MTC,557M,Redhills TO Madurapakkam,bus,3,operational
GTFS_ROUTE_11953,CHENNAI_COMMUNITY_GTFS,11953,MTC,557M,Redhills TO Padiyanallur,bus,3,operational
GTFS_ROUTE_11955,CHENNAI_COMMUNITY_GTFS,11955,MTC,557M,Redhills TO Uthukottai,bus,3,operational
GTFS_ROUTE_11957,CHENNAI_COMMUNITY_GTFS,11957,MTC,557M,Uthukottai TO Redhills,bus,3,operational
GTFS_ROUTE_13341,CHENNAI_COMMUNITY_GTFS,13341,MTC,S45,Avadi B.T TO Poonamallee B.T,bus,3,operational
GTFS_ROUTE_13344,CHENNAI_COMMUNITY_GTFS,13344,MTC,S45,Poonamallee B.T TO Avadi B.T,bus,3,operational
GTFS_ROUTE_23787,CHENNAI_COMMUNITY_GTFS,23787,MTC,102X R4,Island ground Terminus TO Thiruvanmiyur Depot,bus,3,operational
GTFS_ROUTE_13272,CHENNAI_COMMUNITY_GTFS,13272,MTC,S145,M.G.R.Koyambedu TO Ayanavaram B.T,bus,3,operational
GTFS_ROUTE_20556,CHENNAI_COMMUNITY_GTFS,20556,MTC,7M CT,Anna Nagar West TO J.J.Nagar West,bus,3,operational
GTFS_ROUTE_13157,CHENNAI_COMMUNITY_GTFS,13157,MTC,M19B,Kannagi Nagar S.C.B TO Thyagaraya Nagar,bus,3,operational
GTFS_ROUTE_13162,CHENNAI_COMMUNITY_GTFS,13162,MTC,M19B,Thyagaraya Nagar TO Kannagi Nagar S.C.B,bus,3,operational
GTFS_ROUTE_15058,CHENNAI_COMMUNITY_GTFS,15058,MTC,M19B,Thyagaraya Nagar TO Adyar B.T,bus,3,operational
GTFS_ROUTE_18939,CHENNAI_COMMUNITY_GTFS,18939,MTC,147A CT,Thiyagarayanagar TO J.J.Nagar East,bus,3,operational
GTFS_ROUTE_18940,CHENNAI_COMMUNITY_GTFS,18940,MTC,147B CT,Thyagaraya Nagar TO Anna Nagar West,bus,3,operational
GTFS_ROUTE_23788,CHENNAI_COMMUNITY_GTFS,23788,MTC,57F CT20,Karanodai TO Padiyanallur Depot,bus,3,operational
GTFS_ROUTE_23790,CHENNAI_COMMUNITY_GTFS,23790,MTC,57F CT22,Karanodai Bus Stand TO  Secretariat,bus,3,operational
GTFS_ROUTE_18941,CHENNAI_COMMUNITY_GTFS,18941,MTC,147B,Thyagaraya Nagar TO J.J.Nagar West,bus,3,operational
GTFS_ROUTE_13098,CHENNAI_COMMUNITY_GTFS,13098,MTC,M1,Cement Road TO Keelkattalai,bus,3,operational
GTFS_ROUTE_18944,CHENNAI_COMMUNITY_GTFS,18944,MTC,147CCt,Thyagaraya Nagar TO Ambattur I.E,bus,3,operational
GTFS_ROUTE_18945,CHENNAI_COMMUNITY_GTFS,18945,MTC,147V,Thyagaraya Nagar TO Venkatachalam Nagar,bus,3,operational
GTFS_ROUTE_13100,CHENNAI_COMMUNITY_GTFS,13100,MTC,M1,Keelkattalai TO Cement Road,bus,3,operational
GTFS_ROUTE_13103,CHENNAI_COMMUNITY_GTFS,13103,MTC,M1,Nanganallur TO Cement Road,bus,3,operational
GTFS_ROUTE_18947,CHENNAI_COMMUNITY_GTFS,18947,MTC,47DCt,Thyagaraya Nagar TO Korattur,bus,3,operational
GTFS_ROUTE_23789,CHENNAI_COMMUNITY_GTFS,23789,MTC,57F CT21,Padiyanallur Depot TO Island ground Terminus,bus,3,operational
GTFS_ROUTE_18942,CHENNAI_COMMUNITY_GTFS,18942,MTC,147C,Thiyagarayanagar Terminus TO Ambattur I.E,bus,3,operational
GTFS_ROUTE_23791,CHENNAI_COMMUNITY_GTFS,23791,MTC,51B R6,Pudupakkam Law College TO Medavakkam Junction,bus,3,operational
GTFS_ROUTE_23795,CHENNAI_COMMUNITY_GTFS,23795,MTC,104C CT11,Ambattur Industrial Estate TO  Kilambakkam,bus,3,operational
GTFS_ROUTE_23796,CHENNAI_COMMUNITY_GTFS,23796,MTC,104C CT12,M.G.R.Koyambedu  TO  Ambattur Industrial,bus,3,operational
GTFS_ROUTE_13236,CHENNAI_COMMUNITY_GTFS,13236,MTC,S1,Pallavaram R.S TO Thirisulam Sakhi Nagar,bus,3,operational
GTFS_ROUTE_13241,CHENNAI_COMMUNITY_GTFS,13241,MTC,S1,Thirisulam Sakhi Nagar TO Pallavaram R.S,bus,3,operational
GTFS_ROUTE_17970,CHENNAI_COMMUNITY_GTFS,17970,MTC,63,Ambattur Industrial Estate TO Icf,bus,3,operational
GTFS_ROUTE_23797,CHENNAI_COMMUNITY_GTFS,23797,MTC,109 CT3,Central Depot TO  Island ground,bus,3,operational
GTFS_ROUTE_23794,CHENNAI_COMMUNITY_GTFS,23794,MTC,91V R1,Thiruvanmiyur TO  Guduvancheri,bus,3,operational
GTFS_ROUTE_23799,CHENNAI_COMMUNITY_GTFS,23799,MTC,11G CT2,MGR CHENNAI CENTRAL TO  K.K.Nagar,bus,3,operational
GTFS_ROUTE_18951,CHENNAI_COMMUNITY_GTFS,18951,MTC,A47,Thiruvanmiyur TO Avadi B.T,bus,3,operational
GTFS_ROUTE_13235,CHENNAI_COMMUNITY_GTFS,13235,MTC,S1,Chromepet-I TO Thirisulam Sakhi Nagar,bus,3,operational
GTFS_ROUTE_10489,CHENNAI_COMMUNITY_GTFS,10489,MTC,188A,Kundrathur B.T TO Thyagaraya Nagar,bus,3,operational
GTFS_ROUTE_17238,CHENNAI_COMMUNITY_GTFS,17238,MTC,63,Thiruverkadu TO Villivakkam,bus,3,operational
GTFS_ROUTE_23800,CHENNAI_COMMUNITY_GTFS,23800,MTC,153C CT1,Iyyappanthangal Bus Terminus TO  Poonamallee Bus Terminus,bus,3,operational
GTFS_ROUTE_17234,CHENNAI_COMMUNITY_GTFS,17234,MTC,63,Villivakkam TO Thiruverkadu,bus,3,operational
GTFS_ROUTE_13275,CHENNAI_COMMUNITY_GTFS,13275,MTC,S169,Moolakadai TO Thangal Tollgate,bus,3,operational
GTFS_ROUTE_13278,CHENNAI_COMMUNITY_GTFS,13278,MTC,S169,Thangal Tollgate TO Moolakadai,bus,3,operational
GTFS_ROUTE_15803,CHENNAI_COMMUNITY_GTFS,15803,MTC,170Tx,Kilambakkam B.S TO Kaviarasu Kannadasan Nagar,bus,3,operational
GTFS_ROUTE_23801,CHENNAI_COMMUNITY_GTFS,23801,MTC,18A CT14,Kilambakkam TO  Saidapet,bus,3,operational
GTFS_ROUTE_10492,CHENNAI_COMMUNITY_GTFS,10492,MTC,188A,Thyagaraya Nagar TO Kundrathur B.T,bus,3,operational
GTFS_ROUTE_13349,CHENNAI_COMMUNITY_GTFS,13349,MTC,S48,Avadi B.T TO Siranjivi Nagar,bus,3,operational
GTFS_ROUTE_13350,CHENNAI_COMMUNITY_GTFS,13350,MTC,S48,Siranjivi Nagar TO Avadi B.T,bus,3,operational
GTFS_ROUTE_18952,CHENNAI_COMMUNITY_GTFS,18952,MTC,47D CT,Thiruvanmiyur TO Ambattur I.E,bus,3,operational
GTFS_ROUTE_3159,CHENNAI_COMMUNITY_GTFS,3159,MTC,66K,Kundrathur TO Kilambakkam,bus,3,operational
GTFS_ROUTE_3147,CHENNAI_COMMUNITY_GTFS,3147,MTC,D70Ct,Elango Nagar Officers Colony TO Velachery,bus,3,operational
GTFS_ROUTE_23802,CHENNAI_COMMUNITY_GTFS,23802,MTC,18A CT15,Saidapet  TO  Kilambakkam,bus,3,operational
GTFS_ROUTE_23803,CHENNAI_COMMUNITY_GTFS,23803,MTC,21P CT1,Island ground Terminus TO  Ngo Colony,bus,3,operational
GTFS_ROUTE_11965,CHENNAI_COMMUNITY_GTFS,11965,MTC,558A,Redhills TO Ponneri,bus,3,operational
GTFS_ROUTE_18953,CHENNAI_COMMUNITY_GTFS,18953,MTC,47D,Thiruvanmiyur TO Avadi B.T,bus,3,operational
GTFS_ROUTE_11960,CHENNAI_COMMUNITY_GTFS,11960,MTC,558A,Minjur TO Redhills,bus,3,operational
GTFS_ROUTE_23805,CHENNAI_COMMUNITY_GTFS,23805,MTC,72 R1,Thiyagarayanagar Terminus TO Thiruverkadu,bus,3,operational
GTFS_ROUTE_23806,CHENNAI_COMMUNITY_GTFS,23806,MTC,72 R,Thiruverkadu TO Thiyagarayanagar Terminus,bus,3,operational
GTFS_ROUTE_15927,CHENNAI_COMMUNITY_GTFS,15927,MTC,A45B,Alandur (Depot) TO Guindy Tvk Estate,bus,3,operational
GTFS_ROUTE_23807,CHENNAI_COMMUNITY_GTFS,23807,MTC,72 CT,Thiyagarayanagar Terminus TO M.G.R.Koyambedu,bus,3,operational
GTFS_ROUTE_16365,CHENNAI_COMMUNITY_GTFS,16365,MTC,70ACt,Senthil Nagar TO Koyambedu Market,bus,3,operational
GTFS_ROUTE_12645,CHENNAI_COMMUNITY_GTFS,12645,MTC,70ACt,Ambattur I.E TO M.G.R.Koyambedu,bus,3,operational
GTFS_ROUTE_12648,CHENNAI_COMMUNITY_GTFS,12648,MTC,70ACt,Avadi B.T TO M.G.R.Koyambedu,bus,3,operational
GTFS_ROUTE_12650,CHENNAI_COMMUNITY_GTFS,12650,MTC,70ACt,Koyambedu Market TO Senthil Nagar,bus,3,operational
GTFS_ROUTE_12651,CHENNAI_COMMUNITY_GTFS,12651,MTC,70ACt,M.G.R.Koyambedu TO Ambattur I.E,bus,3,operational
GTFS_ROUTE_12653,CHENNAI_COMMUNITY_GTFS,12653,MTC,70ACt,M.G.R.Koyambedu TO Avadi B.T,bus,3,operational
GTFS_ROUTE_12655,CHENNAI_COMMUNITY_GTFS,12655,MTC,70ACt,M.G.R.Koyambedu TO Senthil Nagar,bus,3,operational
GTFS_ROUTE_12657,CHENNAI_COMMUNITY_GTFS,12657,MTC,70ACt,Senthil Nagar TO M.G.R.Koyambedu,bus,3,operational
GTFS_ROUTE_11312,CHENNAI_COMMUNITY_GTFS,11312,MTC,3Ct,Thyagaraya Nagar TO Tidel Park,bus,3,operational
GTFS_ROUTE_23808,CHENNAI_COMMUNITY_GTFS,23808,MTC,72 CT1,M.G.R.Koyambedu TO Thiyagaraya Nagar,bus,3,operational
GTFS_ROUTE_23809,CHENNAI_COMMUNITY_GTFS,23809,MTC,51A,Tambaram East TO Thiyagarayanagar Terminus,bus,3,operational
GTFS_ROUTE_20561,CHENNAI_COMMUNITY_GTFS,20561,MTC,221 CT2,M.G.R.Central TO Kelambakkam,bus,3,operational
GTFS_ROUTE_23810,CHENNAI_COMMUNITY_GTFS,23810,MTC,51A,Thyagaraya Nagar TO Tambaram East,bus,3,operational
GTFS_ROUTE_11954,CHENNAI_COMMUNITY_GTFS,11954,MTC,568B,Adyar Depot TO Thiruporur,bus,3,operational
GTFS_ROUTE_23811,CHENNAI_COMMUNITY_GTFS,23811,MTC,49A,Thyagaraya Nagar TO Poonamallee B.T,bus,3,operational
GTFS_ROUTE_23812,CHENNAI_COMMUNITY_GTFS,23812,MTC,49A,Poonamallee B.T TO Thyagaraya Nagar,bus,3,operational
GTFS_ROUTE_23813,CHENNAI_COMMUNITY_GTFS,23813,MTC,49A,Thyagaraya Nagar TO Iyyappanthangal,bus,3,operational
GTFS_ROUTE_12799,CHENNAI_COMMUNITY_GTFS,12799,MTC,77FCt,Vadathur TO Avadi B.T,bus,3,operational
GTFS_ROUTE_17241,CHENNAI_COMMUNITY_GTFS,17241,MTC,70,Avadi B.T TO Tambaram West,bus,3,operational
GTFS_ROUTE_23814,CHENNAI_COMMUNITY_GTFS,23814,MTC,49A,Iyyappanthangal TO Thyagaraya Nagar,bus,3,operational
GTFS_ROUTE_18958,CHENNAI_COMMUNITY_GTFS,18958,MTC,5E,Vadapalani TO Besant Nagar,bus,3,operational
GTFS_ROUTE_17233,CHENNAI_COMMUNITY_GTFS,17233,MTC,70,Tambaram West TO Vadapalani,bus,3,operational
GTFS_ROUTE_15813,CHENNAI_COMMUNITY_GTFS,15813,MTC,45ACt,Keelkattalai TO Thyagaraya Nagar,bus,3,operational
GTFS_ROUTE_12380,CHENNAI_COMMUNITY_GTFS,12380,MTC,593Ct,Redhills TO Chennang Karanai,bus,3,operational
GTFS_ROUTE_9771,CHENNAI_COMMUNITY_GTFS,9771,MTC,95XCt,Shozhanganallur TO Tambaram West,bus,3,operational
GTFS_ROUTE_23816,CHENNAI_COMMUNITY_GTFS,23816,MTC,597 R1,Thyagaraya Nagar TO Thiruvallur,bus,3,operational
GTFS_ROUTE_11943,CHENNAI_COMMUNITY_GTFS,11943,MTC,566B,Kovalam TO Pattur,bus,3,operational
GTFS_ROUTE_11949,CHENNAI_COMMUNITY_GTFS,11949,MTC,566B,Tambaram West TO Iyyappanthangal,bus,3,operational
GTFS_ROUTE_11951,CHENNAI_COMMUNITY_GTFS,11951,MTC,566B,Tambaram West TO Kovalam,bus,3,operational
GTFS_ROUTE_12993,CHENNAI_COMMUNITY_GTFS,12993,MTC,95XCt,Sholinganallur TO Nehru Nagar,bus,3,operational
GTFS_ROUTE_9774,CHENNAI_COMMUNITY_GTFS,9774,MTC,95XCt,Tambaram West TO Shozhanganallur,bus,3,operational
GTFS_ROUTE_20565,CHENNAI_COMMUNITY_GTFS,20565,MTC,221 RE1,M.G.R.Central TO Thiruporur,bus,3,operational
GTFS_ROUTE_12800,CHENNAI_COMMUNITY_GTFS,12800,MTC,77Ct,Venkatachalam Nagar TO Ambattur I.E,bus,3,operational
GTFS_ROUTE_20566,CHENNAI_COMMUNITY_GTFS,20566,MTC,221 CT6,M.G.R.Koyambedu TO Kelambakkam Bus Terminal,bus,3,operational
GTFS_ROUTE_13325,CHENNAI_COMMUNITY_GTFS,13325,MTC,S27,Porur TO Guindy R.S,bus,3,operational
GTFS_ROUTE_12221,CHENNAI_COMMUNITY_GTFS,12221,MTC,57F,Karanodai TO M.K.B.Nagar,bus,3,operational
GTFS_ROUTE_23817,CHENNAI_COMMUNITY_GTFS,23817,MTC,597 R,Thiruvallur TO Thyagaraya Nagar,bus,3,operational
GTFS_ROUTE_12952,CHENNAI_COMMUNITY_GTFS,12952,MTC,B70Ct,Ambattur I.E TO Devik Eswari Nagar,bus,3,operational
GTFS_ROUTE_12954,CHENNAI_COMMUNITY_GTFS,12954,MTC,B70Ct,Devik Eswari Nagar TO Ambattur I.E,bus,3,operational
GTFS_ROUTE_23818,CHENNAI_COMMUNITY_GTFS,23818,MTC,113,Guindy Tvk Estate TO Redhills,bus,3,operational
GTFS_ROUTE_12756,CHENNAI_COMMUNITY_GTFS,12756,MTC,76B,Ottiyampakkam TO M.G.R.Koyambedu,bus,3,operational
GTFS_ROUTE_14952,CHENNAI_COMMUNITY_GTFS,14952,MTC,76B,M.G.R.Koyambedu TO Medavakkam Rd.Jn,bus,3,operational
GTFS_ROUTE_3283,CHENNAI_COMMUNITY_GTFS,3283,MTC,91V,Tambaram West Bus Stand TO Kilambakkam Bus Terminus,bus,3,operational
GTFS_ROUTE_7317,CHENNAI_COMMUNITY_GTFS,7317,MTC,70J,Ambattur Industrial Estate Depot TO J J Nagar West Terminus,bus,3,operational
GTFS_ROUTE_3290,CHENNAI_COMMUNITY_GTFS,3290,MTC,202,Avadi Bus Terminus TO Tambaram West Bus Stand,bus,3,operational
GTFS_ROUTE_18964,CHENNAI_COMMUNITY_GTFS,18964,MTC,51AX ct2,Kilambakkam Bus Terminus TO Thyagaraya Nagar Bus Depot,bus,3,operational
GTFS_ROUTE_15804,CHENNAI_COMMUNITY_GTFS,15804,MTC,170T,Kaviarasu Kannadasan Nagar TO Tambaram West,bus,3,operational
GTFS_ROUTE_16328,CHENNAI_COMMUNITY_GTFS,16328,MTC,SM1Ct,Velachery TO Keelkattalai,bus,3,operational
GTFS_ROUTE_23819,CHENNAI_COMMUNITY_GTFS,23819,MTC,CU2 CT2,MGR CHENNAI CENTRAL TO Mgr Central Railway Station,bus,3,operational
GTFS_ROUTE_16379,CHENNAI_COMMUNITY_GTFS,16379,MTC,SM1Ct,Keelkattalai TO Thiruvanmiyur,bus,3,operational
GTFS_ROUTE_12885,CHENNAI_COMMUNITY_GTFS,12885,MTC,89TCt,Somangalam TO Kundrathur Depot,bus,3,operational
GTFS_ROUTE_18965,CHENNAI_COMMUNITY_GTFS,18965,MTC,51AX R1,Tambaram West TO Thyagaraya Nagar,bus,3,operational
GTFS_ROUTE_23820,CHENNAI_COMMUNITY_GTFS,23820,MTC,113,Redhills TO Guindy Tvk Estate,bus,3,operational
GTFS_ROUTE_3460,CHENNAI_COMMUNITY_GTFS,3460,MTC,515M,Mamallapuram TO Kilambakkam Bus Terminus,bus,3,operational
GTFS_ROUTE_18966,CHENNAI_COMMUNITY_GTFS,18966,MTC,51AX ct1,Thyagaraya Nagar Bus Depot TO Kilambakkam Bus Terminus,bus,3,operational
GTFS_ROUTE_12420,CHENNAI_COMMUNITY_GTFS,12420,MTC,597CEt,Avadi B.T TO Poonamallee B.T,bus,3,operational
GTFS_ROUTE_23821,CHENNAI_COMMUNITY_GTFS,23821,MTC,17D R1,Island ground TO  K.K.Nagar,bus,3,operational
GTFS_ROUTE_3177,CHENNAI_COMMUNITY_GTFS,3177,MTC,70G,Vadapalani Bus Stand TO Tambaram West Bus Stand,bus,3,operational
GTFS_ROUTE_13345,CHENNAI_COMMUNITY_GTFS,13345,MTC,S47,Avadi B.T TO Mittanamallee G.H.S.S,bus,3,operational
GTFS_ROUTE_18967,CHENNAI_COMMUNITY_GTFS,18967,MTC,51AX R,Thyagaraya Nagar TO Tambaram West,bus,3,operational
GTFS_ROUTE_13346,CHENNAI_COMMUNITY_GTFS,13346,MTC,S47,Mittanamallee G.H.S.S TO Avadi B.T,bus,3,operational
GTFS_ROUTE_15928,CHENNAI_COMMUNITY_GTFS,15928,MTC,D70,Alandur (Depot) TO Guindy Tvk Estate,bus,3,operational
GTFS_ROUTE_15067,CHENNAI_COMMUNITY_GTFS,15067,MTC,D70,N.G.O.Colony TO Velachery B.T,bus,3,operational
GTFS_ROUTE_3503,CHENNAI_COMMUNITY_GTFS,3503,MTC,95X,Thiruvanmiyur Bus Stand TO Tambaram East Bus Stop,bus,3,operational
GTFS_ROUTE_11899,CHENNAI_COMMUNITY_GTFS,11899,MTC,55DEt,Kandigai TO Tambaram West,bus,3,operational
GTFS_ROUTE_18972,CHENNAI_COMMUNITY_GTFS,18972,MTC,104F,Kilambakkam B.T TO Madhavaram B.T,bus,3,operational
GTFS_ROUTE_9021,CHENNAI_COMMUNITY_GTFS,9021,MTC,M51VC,Chithalapakkam Tnhb TO Saidapet,bus,3,operational
GTFS_ROUTE_18974,CHENNAI_COMMUNITY_GTFS,18974,MTC,51X,Kilambakkam B.T TO Velachery B.T,bus,3,operational
GTFS_ROUTE_23824,CHENNAI_COMMUNITY_GTFS,23824,MTC,170C R1,T.V.K.Nagar TO Guindy Tvk Estate,bus,3,operational
GTFS_ROUTE_3506,CHENNAI_COMMUNITY_GTFS,3506,MTC,95X,Tambaram East Bus Stop TO Kilambakkam Bus Terminus,bus,3,operational
GTFS_ROUTE_18975,CHENNAI_COMMUNITY_GTFS,18975,MTC,118Et,Tambaram West TO Kalivanthapattu,bus,3,operational
GTFS_ROUTE_11905,CHENNAI_COMMUNITY_GTFS,11905,MTC,55DEt,Tambaram West TO Kandigai,bus,3,operational
GTFS_ROUTE_23825,CHENNAI_COMMUNITY_GTFS,23825,MTC,11M R1,Royapuram terminus  TO Iyyappanthangal  B.S,bus,3,operational
GTFS_ROUTE_12435,CHENNAI_COMMUNITY_GTFS,12435,MTC,61R,Padiyanallur TO Redhills,bus,3,operational
GTFS_ROUTE_23826,CHENNAI_COMMUNITY_GTFS,23826,MTC,11M R,Iyyappanthangal  B.S TO  Royapuram terminus,bus,3,operational
GTFS_ROUTE_12413,CHENNAI_COMMUNITY_GTFS,12413,MTC,61E,Avadi B.T TO Kilkondaiyur,bus,3,operational
GTFS_ROUTE_3513,CHENNAI_COMMUNITY_GTFS,3513,MTC,95X,Tambaram East Bus Stop TO Thiruvanmiyur Bus Stand,bus,3,operational
GTFS_ROUTE_12028,CHENNAI_COMMUNITY_GTFS,12028,MTC,55B,Pazhanthandalam TO Tambaram West,bus,3,operational
GTFS_ROUTE_12436,CHENNAI_COMMUNITY_GTFS,12436,MTC,61R,Redhills TO Avadi B.T,bus,3,operational
GTFS_ROUTE_12040,CHENNAI_COMMUNITY_GTFS,12040,MTC,55B,Tambaram West TO Pazhanthandalam,bus,3,operational
GTFS_ROUTE_12422,CHENNAI_COMMUNITY_GTFS,12422,MTC,61E,Kilkondaiyur TO Avadi B.T,bus,3,operational
GTFS_ROUTE_12425,CHENNAI_COMMUNITY_GTFS,12425,MTC,61E,Kilkondaiyur TO Koyambedu Market,bus,3,operational
GTFS_ROUTE_12426,CHENNAI_COMMUNITY_GTFS,12426,MTC,61E,Koyambedu Market TO Kilkondaiyur,bus,3,operational
GTFS_ROUTE_12019,CHENNAI_COMMUNITY_GTFS,12019,MTC,55A,Nehru Nagar TO Pallavaram,bus,3,operational
GTFS_ROUTE_11984,CHENNAI_COMMUNITY_GTFS,11984,MTC,558C,Padiyanallur TO Redhills,bus,3,operational
GTFS_ROUTE_11988,CHENNAI_COMMUNITY_GTFS,11988,MTC,558C,Pudhucherymedu TO Redhills,bus,3,operational
GTFS_ROUTE_11989,CHENNAI_COMMUNITY_GTFS,11989,MTC,558C,Redhills TO Padiyanallur,bus,3,operational
GTFS_ROUTE_11991,CHENNAI_COMMUNITY_GTFS,11991,MTC,558C,Redhills TO Ponneri,bus,3,operational
GTFS_ROUTE_12022,CHENNAI_COMMUNITY_GTFS,12022,MTC,55A,Pallavaram TO Nehru Nagar,bus,3,operational
GTFS_ROUTE_12024,CHENNAI_COMMUNITY_GTFS,12024,MTC,55A,Pallavaram TO Pazhanthandalam,bus,3,operational
GTFS_ROUTE_20577,CHENNAI_COMMUNITY_GTFS,20577,MTC,57 CT2,Moolakadai TO Redhills,bus,3,operational
GTFS_ROUTE_23827,CHENNAI_COMMUNITY_GTFS,23827,MTC,101X CT7,Poonamallee Bus Terminus TO   Poonamallee Depot,bus,3,operational
GTFS_ROUTE_12839,CHENNAI_COMMUNITY_GTFS,12839,MTC,88L,Periya Colony TO Vadapalani,bus,3,operational
GTFS_ROUTE_12025,CHENNAI_COMMUNITY_GTFS,12025,MTC,55A,Pallavaram TO Poonthandalam,bus,3,operational
GTFS_ROUTE_12026,CHENNAI_COMMUNITY_GTFS,12026,MTC,55A,Pazhanthandalam TO Pallavaram,bus,3,operational
GTFS_ROUTE_12027,CHENNAI_COMMUNITY_GTFS,12027,MTC,55A,Poonthandalam TO Pallavaram,bus,3,operational
GTFS_ROUTE_12411,CHENNAI_COMMUNITY_GTFS,12411,MTC,61C,Ellaiamman Nagar TO Avadi B.T,bus,3,operational
GTFS_ROUTE_18978,CHENNAI_COMMUNITY_GTFS,18978,MTC,118N,Tambaram West TO Neelamangalam,bus,3,operational
GTFS_ROUTE_12407,CHENNAI_COMMUNITY_GTFS,12407,MTC,61C,Avadi B.T TO Ellaiamman Nagar,bus,3,operational
GTFS_ROUTE_20578,CHENNAI_COMMUNITY_GTFS,20578,MTC,57 R1,Redhills TO Vallalar Nagar,bus,3,operational
GTFS_ROUTE_20579,CHENNAI_COMMUNITY_GTFS,20579,MTC,57 CT3,Vallalar Nagar TO Moolakadai,bus,3,operational
GTFS_ROUTE_12400,CHENNAI_COMMUNITY_GTFS,12400,MTC,61A,Melappedu TO Avadi B.T,bus,3,operational
GTFS_ROUTE_12398,CHENNAI_COMMUNITY_GTFS,12398,MTC,61A,Avadi B.T TO Melappedu,bus,3,operational
GTFS_ROUTE_12428,CHENNAI_COMMUNITY_GTFS,12428,MTC,61K,Avadi B.T TO Kanniamman Nagar,bus,3,operational
GTFS_ROUTE_12438,CHENNAI_COMMUNITY_GTFS,12438,MTC,61R,Redhills TO Padiyanallur,bus,3,operational
GTFS_ROUTE_23828,CHENNAI_COMMUNITY_GTFS,23828,MTC,154 CT,Poonamallee Terminus TO Poonamallee Depot,bus,3,operational
GTFS_ROUTE_12005,CHENNAI_COMMUNITY_GTFS,12005,MTC,558P,Padiyanallur TO Redhills,bus,3,operational
GTFS_ROUTE_12007,CHENNAI_COMMUNITY_GTFS,12007,MTC,558P,Perumbedukuppam TO Ponneri,bus,3,operational
GTFS_ROUTE_2743,CHENNAI_COMMUNITY_GTFS,2743,MTC,579C,Tambaram Sanatorium Bus Stand TO Oragadam,bus,3,operational
GTFS_ROUTE_12008,CHENNAI_COMMUNITY_GTFS,12008,MTC,558P,Perumbedukuppam TO Redhills,bus,3,operational
GTFS_ROUTE_23829,CHENNAI_COMMUNITY_GTFS,23829,MTC,154 CT,Poonamallee Depot TO Poonamallee Terminus,bus,3,operational
GTFS_ROUTE_12009,CHENNAI_COMMUNITY_GTFS,12009,MTC,558P,Ponneri TO Perumbedukuppam,bus,3,operational
GTFS_ROUTE_20580,CHENNAI_COMMUNITY_GTFS,20580,MTC,57 R2,Vallalar Nagar TO Redhills,bus,3,operational
GTFS_ROUTE_12012,CHENNAI_COMMUNITY_GTFS,12012,MTC,558P,Ponneri TO Redhills,bus,3,operational
GTFS_ROUTE_17939,CHENNAI_COMMUNITY_GTFS,17939,MTC,57,Moolakadai TO Vallalar Nagar,bus,3,operational
GTFS_ROUTE_12013,CHENNAI_COMMUNITY_GTFS,12013,MTC,558P,Redhills TO Padiyanallur,bus,3,operational
GTFS_ROUTE_12014,CHENNAI_COMMUNITY_GTFS,12014,MTC,558P,Redhills TO Perumbedukuppam,bus,3,operational
GTFS_ROUTE_12015,CHENNAI_COMMUNITY_GTFS,12015,MTC,558P,Redhills TO Ponneri,bus,3,operational
GTFS_ROUTE_19862,CHENNAI_COMMUNITY_GTFS,19862,MTC,35 CT1,Ayanavaram B.T TO Korattur,bus,3,operational
GTFS_ROUTE_20581,CHENNAI_COMMUNITY_GTFS,20581,MTC,32B R,Korukkupet R.S TO Vivekananda House,bus,3,operational
GTFS_ROUTE_23830,CHENNAI_COMMUNITY_GTFS,23830,MTC,164 CT3,Perambur Bus Terminus TO M.K.B.Nagar,bus,3,operational
GTFS_ROUTE_17942,CHENNAI_COMMUNITY_GTFS,17942,MTC,57,Redhills B.S TO Moolakadai,bus,3,operational
GTFS_ROUTE_20582,CHENNAI_COMMUNITY_GTFS,20582,MTC,32B R1,Vivekananda House TO Korukkupet R.S,bus,3,operational
GTFS_ROUTE_8917,CHENNAI_COMMUNITY_GTFS,8917,MTC,104C,Thyagaraya Nagar TO Kilambakkam B.S,bus,3,operational
GTFS_ROUTE_19863,CHENNAI_COMMUNITY_GTFS,19863,MTC,35 CT2,Korattur TO Ayanavaram B.T,bus,3,operational
GTFS_ROUTE_22450,CHENNAI_COMMUNITY_GTFS,22450,MTC,7M CT2,Doveton TO Island ground,bus,3,operational
GTFS_ROUTE_18986,CHENNAI_COMMUNITY_GTFS,18986,MTC,101 CT,Tollgate TO Poonamallee,bus,3,operational
GTFS_ROUTE_12432,CHENNAI_COMMUNITY_GTFS,12432,MTC,61K,Kanniamman Nagar TO Avadi B.T,bus,3,operational
GTFS_ROUTE_23831,CHENNAI_COMMUNITY_GTFS,23831,MTC,202 CT3,Poonamalle B.T TO Poonamallee Depot EV,bus,3,operational
GTFS_ROUTE_15949,CHENNAI_COMMUNITY_GTFS,15949,MTC,24A,Anna Nagar West TO M.G.R.Koyambedu,bus,3,operational
GTFS_ROUTE_18989,CHENNAI_COMMUNITY_GTFS,18989,MTC,V51CT,Medavakkam Bus Terminus to Saidapet,bus,3,operational
GTFS_ROUTE_23832,CHENNAI_COMMUNITY_GTFS,23832,MTC,21C CT6,Kannagi Nagar TO  Little Mount,bus,3,operational
GTFS_ROUTE_11974,CHENNAI_COMMUNITY_GTFS,11974,MTC,558B,Ponneri TO Redhills,bus,3,operational
GTFS_ROUTE_12433,CHENNAI_COMMUNITY_GTFS,12433,MTC,61K,Veerapuram Govt School TO Avadi B.T,bus,3,operational
GTFS_ROUTE_11980,CHENNAI_COMMUNITY_GTFS,11980,MTC,558B,Redhills TO Ponneri,bus,3,operational
GTFS_ROUTE_11970,CHENNAI_COMMUNITY_GTFS,11970,MTC,558B,Avurivakkam TO Redhills,bus,3,operational
GTFS_ROUTE_11976,CHENNAI_COMMUNITY_GTFS,11976,MTC,558B,Redhills TO Avurivakkam,bus,3,operational
GTFS_ROUTE_11979,CHENNAI_COMMUNITY_GTFS,11979,MTC,558B,Redhills TO Pazhaverkadu,bus,3,operational
GTFS_ROUTE_23833,CHENNAI_COMMUNITY_GTFS,23833,MTC,21G CT11,Central Depot TO  Island ground,bus,3,operational
GTFS_ROUTE_15948,CHENNAI_COMMUNITY_GTFS,15948,MTC,7M,J J Nagar West Terminus TO Nolambur Sakthinagar Bus Stop,bus,3,operational
GTFS_ROUTE_23834,CHENNAI_COMMUNITY_GTFS,23834,MTC,21G CT12,Island ground TO  Central Depot,bus,3,operational
GTFS_ROUTE_18991,CHENNAI_COMMUNITY_GTFS,18991,MTC,V51CT,Medavakkam Bus Terminus to Velachery,bus,3,operational
GTFS_ROUTE_23835,CHENNAI_COMMUNITY_GTFS,23835,MTC,21P CT2,NGO Colony TO  Island ground Terminus,bus,3,operational
GTFS_ROUTE_23836,CHENNAI_COMMUNITY_GTFS,23836,MTC,242 CT2,Central Depot to  Island ground,bus,3,operational
GTFS_ROUTE_18992,CHENNAI_COMMUNITY_GTFS,18992,MTC,V51CT,Velachery to Medavakkam Bus Terminus,bus,3,operational
GTFS_ROUTE_23837,CHENNAI_COMMUNITY_GTFS,23837,MTC,242 CT6,Island ground TO  Central Depot,bus,3,operational
GTFS_ROUTE_16861,CHENNAI_COMMUNITY_GTFS,16861,MTC,102,M.G.R.Central TO Kelambakkam,bus,3,operational
GTFS_ROUTE_12417,CHENNAI_COMMUNITY_GTFS,12417,MTC,597C,Poonamallee B.T TO Thirunindravoor,bus,3,operational
GTFS_ROUTE_18995,CHENNAI_COMMUNITY_GTFS,18995,MTC,V51 CT,Chromepet TO Kilambakkam,bus,3,operational
GTFS_ROUTE_23838,CHENNAI_COMMUNITY_GTFS,23838,MTC,25 CT,Poonamallee Terminus TO Poonamallee Depot,bus,3,operational
GTFS_ROUTE_12418,CHENNAI_COMMUNITY_GTFS,12418,MTC,597C,Thirunindravoor TO Poonamallee B.T,bus,3,operational
GTFS_ROUTE_23839,CHENNAI_COMMUNITY_GTFS,23839,MTC,25 CT,Poonamallee Depot TO Poonamallee Terminus,bus,3,operational
GTFS_ROUTE_23840,CHENNAI_COMMUNITY_GTFS,23840,MTC,26 CT1,Iyyappanthangal TO  Vadapalani,bus,3,operational
GTFS_ROUTE_23841,CHENNAI_COMMUNITY_GTFS,23841,MTC,26 CT15,Central Depot TO  Royapuram terminus,bus,3,operational
GTFS_ROUTE_23842,CHENNAI_COMMUNITY_GTFS,23842,MTC,26 CT16,Royapuram TO Central Depot,bus,3,operational
GTFS_ROUTE_23843,CHENNAI_COMMUNITY_GTFS,23843,MTC,26 CT4,Poonamallee Depot  EV TO Poonamallee,bus,3,operational
GTFS_ROUTE_23844,CHENNAI_COMMUNITY_GTFS,23844,MTC,26 CT9,Poonamallee Terminus TO Poonamallee Depot EV,bus,3,operational
GTFS_ROUTE_23845,CHENNAI_COMMUNITY_GTFS,23845,MTC,49X,Poonamallee TO  Poonamallee Depot,bus,3,operational
GTFS_ROUTE_23847,CHENNAI_COMMUNITY_GTFS,23847,MTC,49X,Poonamallee Depot TO  Poonamallee Terminus,bus,3,operational
GTFS_ROUTE_17770,CHENNAI_COMMUNITY_GTFS,17770,MTC,M88 CT,Porur TO Vadapalani,bus,3,operational
GTFS_ROUTE_17772,CHENNAI_COMMUNITY_GTFS,17772,MTC,65G,Avadi B.T TO Meyyur,bus,3,operational
GTFS_ROUTE_17765,CHENNAI_COMMUNITY_GTFS,17765,MTC,154,Thiyagarayanagar Terminus TO Todd Hunter Nagar,bus,3,operational
GTFS_ROUTE_17774,CHENNAI_COMMUNITY_GTFS,17774,MTC,45ACt,Saidapet Depot TO Thyagaraya Nagar Bus Depot,bus,3,operational
GTFS_ROUTE_17775,CHENNAI_COMMUNITY_GTFS,17775,MTC,45ACt,Thyagaraya Nagar Bus Depot TO Saidapet Depot,bus,3,operational
GTFS_ROUTE_23848,CHENNAI_COMMUNITY_GTFS,23848,MTC,51 CT20,Saidapet TO Saidapet Depot,bus,3,operational
GTFS_ROUTE_17780,CHENNAI_COMMUNITY_GTFS,17780,MTC,M88 CT,Vadapalani TO Porur,bus,3,operational
GTFS_ROUTE_17074,CHENNAI_COMMUNITY_GTFS,17074,MTC,57,Vallalar Nagar TO Redhills Bus Terminus,bus,3,operational
GTFS_ROUTE_16672,CHENNAI_COMMUNITY_GTFS,16672,MTC,37,Vallalar Nagar TO Shastri Bhavan,bus,3,operational
GTFS_ROUTE_17214,CHENNAI_COMMUNITY_GTFS,17214,MTC,72,Thiruverkadu TO Poonamallee,bus,3,operational
GTFS_ROUTE_17215,CHENNAI_COMMUNITY_GTFS,17215,MTC,72,Poonamallee TO Thiruverkadu,bus,3,operational
GTFS_ROUTE_17201,CHENNAI_COMMUNITY_GTFS,17201,MTC,73,M.G.R.Koyambedu TO Avadi B.T,bus,3,operational
GTFS_ROUTE_17202,CHENNAI_COMMUNITY_GTFS,17202,MTC,73,Avadi B.T TO M.G.R.Koyambedu,bus,3,operational
GTFS_ROUTE_23851,CHENNAI_COMMUNITY_GTFS,23851,MTC,51 CT27,Velachery  TO  Royapuram terminus,bus,3,operational
GTFS_ROUTE_23852,CHENNAI_COMMUNITY_GTFS,23852,MTC,51 CT5,Chrompet TO 2 Depot TO Tambaram West Bus Stand,bus,3,operational
GTFS_ROUTE_23853,CHENNAI_COMMUNITY_GTFS,23853,MTC,51 CT6,Royapuram terminus TO  Velachery,bus,3,operational
GTFS_ROUTE_11471,CHENNAI_COMMUNITY_GTFS,11471,MTC,48B,Ambattur I.E TO Pudur,bus,3,operational
GTFS_ROUTE_11473,CHENNAI_COMMUNITY_GTFS,11473,MTC,48B,Ayanavaram B.T TO Vallalar Nagar,bus,3,operational
GTFS_ROUTE_11476,CHENNAI_COMMUNITY_GTFS,11476,MTC,48B,Vallalar Nagar TO Ambattur I.E,bus,3,operational
GTFS_ROUTE_16661,CHENNAI_COMMUNITY_GTFS,16661,MTC,37,Poonamallee B.T TO Shastri Bhavan,bus,3,operational
GTFS_ROUTE_16657,CHENNAI_COMMUNITY_GTFS,16657,MTC,37,Poonamallee B.T TO Tondiarpet,bus,3,operational
GTFS_ROUTE_16663,CHENNAI_COMMUNITY_GTFS,16663,MTC,37,Shastri Bhavan TO Poonamallee B.T,bus,3,operational
GTFS_ROUTE_15960,CHENNAI_COMMUNITY_GTFS,15960,MTC,19A,Adyar B.S TO Semmancheri B.S,bus,3,operational
GTFS_ROUTE_11688,CHENNAI_COMMUNITY_GTFS,11688,MTC,525,Vadapalani TO Iyyappanthangal,bus,3,operational
GTFS_ROUTE_17787,CHENNAI_COMMUNITY_GTFS,17787,MTC,159,Annanagar East TO M.G.R.Koyambedu,bus,3,operational
GTFS_ROUTE_17790,CHENNAI_COMMUNITY_GTFS,17790,MTC,159,Thiruverkadu TO Annanagar East,bus,3,operational
GTFS_ROUTE_17789,CHENNAI_COMMUNITY_GTFS,17789,MTC,22,Korattur Bus Terminus TO Anna Square,bus,3,operational
GTFS_ROUTE_11477,CHENNAI_COMMUNITY_GTFS,11477,MTC,48B,Vallalar Nagar TO Ayanavaram B.T,bus,3,operational
GTFS_ROUTE_11490,CHENNAI_COMMUNITY_GTFS,11490,MTC,47D,Ambattur I.E TO Kilambakkam B.T,bus,3,operational
GTFS_ROUTE_11930,CHENNAI_COMMUNITY_GTFS,11930,MTC,557C,Gummidipoondi TO Kallur,bus,3,operational
GTFS_ROUTE_11939,CHENNAI_COMMUNITY_GTFS,11939,MTC,557C,Redhills TO Padiyanallur,bus,3,operational
GTFS_ROUTE_11940,CHENNAI_COMMUNITY_GTFS,11940,MTC,557C,Redhills TO Vallalar Nagar,bus,3,operational
GTFS_ROUTE_11941,CHENNAI_COMMUNITY_GTFS,11941,MTC,557C,Vallalar Nagar TO Redhills,bus,3,operational
GTFS_ROUTE_23854,CHENNAI_COMMUNITY_GTFS,23854,MTC,54 CT1,Poonamallee Terminus TO Poonamallee Depot,bus,3,operational
GTFS_ROUTE_3488,CHENNAI_COMMUNITY_GTFS,3488,MTC,91V,Kilambakkam Bus Terminus TO Thiruvanmiyur Bus Stand,bus,3,operational
GTFS_ROUTE_19031,CHENNAI_COMMUNITY_GTFS,19031,MTC,583A CT1,Poonamallee B.T TO Thiruvallur,bus,3,operational
GTFS_ROUTE_11248,CHENNAI_COMMUNITY_GTFS,11248,MTC,37Ct,Vallalar Nagar TO Dasarathapuram,bus,3,operational
GTFS_ROUTE_11243,CHENNAI_COMMUNITY_GTFS,11243,MTC,37Ct,Dasarathapuram TO Vadapalani,bus,3,operational
GTFS_ROUTE_11246,CHENNAI_COMMUNITY_GTFS,11246,MTC,37Ct,Vadapalani TO Dasarathapuram,bus,3,operational
GTFS_ROUTE_23855,CHENNAI_COMMUNITY_GTFS,23855,MTC,54 CT1,Poonamallee Depot TO Poonamallee Terminus,bus,3,operational
GTFS_ROUTE_12137,CHENNAI_COMMUNITY_GTFS,12137,MTC,57X,M.K.B.Nagar TO Vallalar Nagar,bus,3,operational
GTFS_ROUTE_12138,CHENNAI_COMMUNITY_GTFS,12138,MTC,57X,Periyapalayam TO Redhills,bus,3,operational
GTFS_ROUTE_23856,CHENNAI_COMMUNITY_GTFS,23856,MTC,578 CT,Poonamallee Depot TO Poonamallee Terminus,bus,3,operational
GTFS_ROUTE_18085,CHENNAI_COMMUNITY_GTFS,18085,MTC,109,Kovalam TO Mgr Central,bus,3,operational
GTFS_ROUTE_16604,CHENNAI_COMMUNITY_GTFS,16604,MTC,26,Vadapalani TO Iyyappanthangal,bus,3,operational
GTFS_ROUTE_17409,CHENNAI_COMMUNITY_GTFS,17409,MTC,159,Thiruverkadu Terminus TO Vadapalani Bus Stand,bus,3,operational
GTFS_ROUTE_23857,CHENNAI_COMMUNITY_GTFS,23857,MTC,578 CT,Poonamallee Terminus TO Poonamallee Depot,bus,3,operational
GTFS_ROUTE_15982,CHENNAI_COMMUNITY_GTFS,15982,MTC,s24,Thiruverkadu TO Iyyappanthangal,bus,3,operational
GTFS_ROUTE_23858,CHENNAI_COMMUNITY_GTFS,23858,MTC,583 CT1,Poonamallee Bus Terminus TO Poonamallee Depot EV,bus,3,operational
GTFS_ROUTE_12463,CHENNAI_COMMUNITY_GTFS,12463,MTC,66P,Kundrathur B.T TO Kilambakkam B.T,bus,3,operational
GTFS_ROUTE_8580,CHENNAI_COMMUNITY_GTFS,8580,MTC,19T,Adyar B.S TO Kovalam,bus,3,operational
GTFS_ROUTE_12592,CHENNAI_COMMUNITY_GTFS,12592,MTC,70LCt,Ambattur I.E TO Korattur,bus,3,operational
GTFS_ROUTE_17791,CHENNAI_COMMUNITY_GTFS,17791,MTC,159,M.G.R.Koyambedu TO Annanagar East,bus,3,operational
GTFS_ROUTE_16614,CHENNAI_COMMUNITY_GTFS,16614,MTC,26,M.G.R.Central TO Iyyappanthangal,bus,3,operational
GTFS_ROUTE_19038,CHENNAI_COMMUNITY_GTFS,19038,MTC,66P CT5,Airport TO Kilambakkam,bus,3,operational
GTFS_ROUTE_10580,CHENNAI_COMMUNITY_GTFS,10580,MTC,104G,Kilambakkam B.T TO Ambattur I.E,bus,3,operational
GTFS_ROUTE_23859,CHENNAI_COMMUNITY_GTFS,23859,MTC,583 CT2,Poonamallee Depot EV TO Poonamallee Bus Terminus,bus,3,operational
GTFS_ROUTE_19039,CHENNAI_COMMUNITY_GTFS,19039,MTC,66P CT6,Poonamallee B.T TO Tambaram West,bus,3,operational
GTFS_ROUTE_23860,CHENNAI_COMMUNITY_GTFS,23860,MTC,597A CT2,Poonamallee Depot TO Poonamallee Terminus,bus,3,operational
GTFS_ROUTE_23861,CHENNAI_COMMUNITY_GTFS,23861,MTC,62 CT12,Poonamallee Terminus TO Poonamallee Depot,bus,3,operational
GTFS_ROUTE_17793,CHENNAI_COMMUNITY_GTFS,17793,MTC,22,Korattur Bus Terminus TO Ayanavaram,bus,3,operational
GTFS_ROUTE_23862,CHENNAI_COMMUNITY_GTFS,23862,MTC,62 CT7,Poonamallee Bus Terminus TO  Poonamallee Depot,bus,3,operational
GTFS_ROUTE_17800,CHENNAI_COMMUNITY_GTFS,17800,MTC,114,M.G.R.Koyambedu TO Poochi Athipet,bus,3,operational
GTFS_ROUTE_17798,CHENNAI_COMMUNITY_GTFS,17798,MTC,15,M.G.R.Koyambedu TO Shanthi Colony,bus,3,operational
GTFS_ROUTE_23863,CHENNAI_COMMUNITY_GTFS,23863,MTC,62 CT8,Poonamallee Depot TO  Poonamallee Bus Terminus,bus,3,operational
GTFS_ROUTE_19882,CHENNAI_COMMUNITY_GTFS,19882,MTC,S75 CT1,Padi Lucas T.V.S TO Ambattur I.E,bus,3,operational
GTFS_ROUTE_23864,CHENNAI_COMMUNITY_GTFS,23864,MTC,66P CT1,Poonamallee Depot TO Poonamallee Terminus,bus,3,operational
GTFS_ROUTE_17803,CHENNAI_COMMUNITY_GTFS,17803,MTC,19D,Perumpakkam S.C.B TO Tambaram West,bus,3,operational
GTFS_ROUTE_23865,CHENNAI_COMMUNITY_GTFS,23865,MTC,66P CT2,Poonamallee Terminus TO Poonamallee Depot,bus,3,operational
GTFS_ROUTE_16118,CHENNAI_COMMUNITY_GTFS,16118,MTC,15,Secretariat TO M.G.R.Koyambedu,bus,3,operational
GTFS_ROUTE_23866,CHENNAI_COMMUNITY_GTFS,23866,MTC,91 CT10,MGR CHENNAI CENTRAL TO  Central Depot,bus,3,operational
GTFS_ROUTE_12469,CHENNAI_COMMUNITY_GTFS,12469,MTC,66P,Tambaram West TO Kilambakkam B.T,bus,3,operational
GTFS_ROUTE_23867,CHENNAI_COMMUNITY_GTFS,23867,MTC,91 CT8,Central Depot TO  M.G.R.Central,bus,3,operational
GTFS_ROUTE_23868,CHENNAI_COMMUNITY_GTFS,23868,MTC,91V CT3,Tambaram West TO  Guduvancheri,bus,3,operational
GTFS_ROUTE_23869,CHENNAI_COMMUNITY_GTFS,23869,MTC,A1 CT11,Mgr Central Station TO Central Depot,bus,3,operational
GTFS_ROUTE_10736,CHENNAI_COMMUNITY_GTFS,10736,MTC,109C,Kovalam TO Thiruvanmiyur,bus,3,operational
GTFS_ROUTE_10738,CHENNAI_COMMUNITY_GTFS,10738,MTC,109C,Thiruvanmiyur TO Kovalam,bus,3,operational
GTFS_ROUTE_11464,CHENNAI_COMMUNITY_GTFS,11464,MTC,48C,M.G.R.Koyambedu TO Vallalar Nagar,bus,3,operational
GTFS_ROUTE_11465,CHENNAI_COMMUNITY_GTFS,11465,MTC,48C,Vallalar Nagar TO Ayanavaram B.T,bus,3,operational
GTFS_ROUTE_23870,CHENNAI_COMMUNITY_GTFS,23870,MTC,A1 CT2,Central Depot TO Mgr Central Station,bus,3,operational
GTFS_ROUTE_23871,CHENNAI_COMMUNITY_GTFS,23871,MTC,CU2 CT1,MGR CHENNAI CENTRAL  TO  Central Depot,bus,3,operational
GTFS_ROUTE_10590,CHENNAI_COMMUNITY_GTFS,10590,MTC,27B,M.G.R.Koyambedu TO Avadi B.T,bus,3,operational
GTFS_ROUTE_23873,CHENNAI_COMMUNITY_GTFS,23873,MTC,P570S CT,Siruseri It Park TO Perumbakkam Depot,bus,3,operational
GTFS_ROUTE_10568,CHENNAI_COMMUNITY_GTFS,10568,MTC,104F,Kilambakkam B.T TO Ambattur I.E,bus,3,operational
GTFS_ROUTE_15968,CHENNAI_COMMUNITY_GTFS,15968,MTC,S11,Cement Road TO Keelkattalai,bus,3,operational
GTFS_ROUTE_17179,CHENNAI_COMMUNITY_GTFS,17179,MTC,76,Cement Road TO Kilambakkam B.S,bus,3,operational
GTFS_ROUTE_10900,CHENNAI_COMMUNITY_GTFS,10900,MTC,121M,M.G.R.Koyambedu TO Vazhuthigaimedu,bus,3,operational
GTFS_ROUTE_23874,CHENNAI_COMMUNITY_GTFS,23874,MTC,P570S CT1,Perumbakkam Depot TO Siruseri It Park,bus,3,operational
GTFS_ROUTE_17172,CHENNAI_COMMUNITY_GTFS,17172,MTC,76,Medavakkam Rd.Jn TO Cement Road,bus,3,operational
GTFS_ROUTE_23875,CHENNAI_COMMUNITY_GTFS,23875,MTC,P91 CT,Perumbakkam TO  Thiruvanmiyur,bus,3,operational
GTFS_ROUTE_23876,CHENNAI_COMMUNITY_GTFS,23876,MTC,P91 CT1,Thiruvanmiyur TO  Perumbakkam,bus,3,operational
GTFS_ROUTE_23877,CHENNAI_COMMUNITY_GTFS,23877,MTC,P91 CT3,Kilambakkam  TO  Poonamallee,bus,3,operational
GTFS_ROUTE_10272,CHENNAI_COMMUNITY_GTFS,10272,MTC,153P,M.G.R.Koyambedu TO Perambakkam,bus,3,operational
GTFS_ROUTE_19065,CHENNAI_COMMUNITY_GTFS,19065,MTC,104C R,Guduvanchery TO Koyambedu,bus,3,operational
GTFS_ROUTE_17312,CHENNAI_COMMUNITY_GTFS,17312,MTC,153,M.G.R.Koyambedu TO Poonamallee B.T,bus,3,operational
GTFS_ROUTE_17168,CHENNAI_COMMUNITY_GTFS,17168,MTC,76,N.G.O.Colony TO Medavakkam Rd.Jn,bus,3,operational
GTFS_ROUTE_17169,CHENNAI_COMMUNITY_GTFS,17169,MTC,76,Medavakkam Rd.Jn TO N.G.O.Colony,bus,3,operational
GTFS_ROUTE_19066,CHENNAI_COMMUNITY_GTFS,19066,MTC,104C R,Koyambedu TO Guduvanchery,bus,3,operational
GTFS_ROUTE_23878,CHENNAI_COMMUNITY_GTFS,23878,MTC,P91 CT4,Poonamallee Depot TO  Kilambakkam,bus,3,operational
GTFS_ROUTE_23881,CHENNAI_COMMUNITY_GTFS,23881,MTC,5C CT3,Mgr Central Railway Station TO Adyar Old Depot,bus,3,operational
GTFS_ROUTE_23882,CHENNAI_COMMUNITY_GTFS,23882,MTC,5C CT7,Royapuram TO  Adyar,bus,3,operational
GTFS_ROUTE_12783,CHENNAI_COMMUNITY_GTFS,12783,MTC,77K,Avadi B.T TO Ambattur I.E,bus,3,operational
GTFS_ROUTE_23883,CHENNAI_COMMUNITY_GTFS,23883,MTC,5C CT10,Taramani Bus Terminus TO Mgr Central Railway Station,bus,3,operational
GTFS_ROUTE_12706,CHENNAI_COMMUNITY_GTFS,12706,MTC,70C,Tambaram West TO Vadapalani B.T,bus,3,operational
GTFS_ROUTE_23884,CHENNAI_COMMUNITY_GTFS,23884,MTC,5C CT10,Adyar B.T TO Taramani,bus,3,operational
GTFS_ROUTE_11611,CHENNAI_COMMUNITY_GTFS,11611,MTC,515A,Mamallapuram TO Thiruporur,bus,3,operational
GTFS_ROUTE_11612,CHENNAI_COMMUNITY_GTFS,11612,MTC,515A,Sulerikadu TO Tambaram West,bus,3,operational
GTFS_ROUTE_11613,CHENNAI_COMMUNITY_GTFS,11613,MTC,515A,Tambaram West TO Kovalam,bus,3,operational
GTFS_ROUTE_23885,CHENNAI_COMMUNITY_GTFS,23885,MTC,21G R3,Kilambakkam Bus TO Mylapore,bus,3,operational
GTFS_ROUTE_17806,CHENNAI_COMMUNITY_GTFS,17806,MTC,29D,Mathur M.M.D.A. TO Moolakadai,bus,3,operational
GTFS_ROUTE_23886,CHENNAI_COMMUNITY_GTFS,23886,MTC,21G R5,Mylapore TO Kilambakkam Bus,bus,3,operational
GTFS_ROUTE_23887,CHENNAI_COMMUNITY_GTFS,23887,MTC,70A R1,Avadi B.T TO M.G.R.Koyambedu,bus,3,operational
GTFS_ROUTE_23888,CHENNAI_COMMUNITY_GTFS,23888,MTC,70A R,M.G.R.Koyambedu TO Avadi B.T,bus,3,operational
GTFS_ROUTE_17138,CHENNAI_COMMUNITY_GTFS,17138,MTC,77,Ambattur I.E TO Avadi B.T,bus,3,operational
GTFS_ROUTE_23889,CHENNAI_COMMUNITY_GTFS,23889,MTC,102X CT5,Kannagi Nagar B.S TO  Island ground Terminus,bus,3,operational
GTFS_ROUTE_23890,CHENNAI_COMMUNITY_GTFS,23890,MTC,500Et CT3,Royapuram TO Chitlapakkam,bus,3,operational
GTFS_ROUTE_19089,CHENNAI_COMMUNITY_GTFS,19089,MTC,70V CT3,M.G.R.Koyambedu TO Tambaram West,bus,3,operational
GTFS_ROUTE_23892,CHENNAI_COMMUNITY_GTFS,23892,MTC,60H R1,Guduvanchery TO Sankara Health Centre,bus,3,operational
GTFS_ROUTE_23893,CHENNAI_COMMUNITY_GTFS,23893,MTC,60H R4,Sankara Health Centre TO Guduvanchery,bus,3,operational
GTFS_ROUTE_10214,CHENNAI_COMMUNITY_GTFS,10214,MTC,23C,Greams Road TO Besant Nagar,bus,3,operational
GTFS_ROUTE_23895,CHENNAI_COMMUNITY_GTFS,23895,MTC,10A CT1,Saidapet West TO  Royapuram,bus,3,operational
GTFS_ROUTE_23896,CHENNAI_COMMUNITY_GTFS,23896,MTC,10A CT,Royapuram TO Saidapet West,bus,3,operational
GTFS_ROUTE_17480,CHENNAI_COMMUNITY_GTFS,17480,MTC,102C,M.G.R.Central TO Semmancheri,bus,3,operational
GTFS_ROUTE_19099,CHENNAI_COMMUNITY_GTFS,19099,MTC,54E,Dms TO Meppur,bus,3,operational
GTFS_ROUTE_19100,CHENNAI_COMMUNITY_GTFS,19100,MTC,54E,Meppur TO Dms,bus,3,operational
GTFS_ROUTE_19101,CHENNAI_COMMUNITY_GTFS,19101,MTC,54E CT,Poonamallee B.T TO Meppur,bus,3,operational
GTFS_ROUTE_10303,CHENNAI_COMMUNITY_GTFS,10303,MTC,154E,Ekkattuthangal TO Vellavedu,bus,3,operational
GTFS_ROUTE_10304,CHENNAI_COMMUNITY_GTFS,10304,MTC,154E,Vellavedu TO Ekkattuthangal,bus,3,operational
GTFS_ROUTE_10305,CHENNAI_COMMUNITY_GTFS,10305,MTC,154E,Saidapet TO Vellavedu,bus,3,operational
GTFS_ROUTE_19102,CHENNAI_COMMUNITY_GTFS,19102,MTC,54E,Meppur TO Poonamallee B.T,bus,3,operational
GTFS_ROUTE_10419,CHENNAI_COMMUNITY_GTFS,10419,MTC,16J,Iyyappanthangal TO M.G.R.Koyambedu,bus,3,operational
GTFS_ROUTE_19885,CHENNAI_COMMUNITY_GTFS,19885,MTC,S75 CT2,Ambattur O.T  TO Padi Lucas T.V.S,bus,3,operational
GTFS_ROUTE_23897,CHENNAI_COMMUNITY_GTFS,23897,MTC,10A R,Saidapet West TO Thangal Tollgate,bus,3,operational
GTFS_ROUTE_19886,CHENNAI_COMMUNITY_GTFS,19886,MTC,S75 CT2,Padi Lucas T.V.S TO Ambattur O.T,bus,3,operational
GTFS_ROUTE_12841,CHENNAI_COMMUNITY_GTFS,12841,MTC,88L,Vadapalani TO Periya Colony,bus,3,operational
GTFS_ROUTE_19889,CHENNAI_COMMUNITY_GTFS,19889,MTC,48B,Vallalar Nagar TO Pudur,bus,3,operational
GTFS_ROUTE_19888,CHENNAI_COMMUNITY_GTFS,19888,MTC,48B CT6,Pudur TO Ayanavaram B.T,bus,3,operational
GTFS_ROUTE_17818,CHENNAI_COMMUNITY_GTFS,17818,MTC,57,Vyasarpadi TO Vallalar Nagar,bus,3,operational
GTFS_ROUTE_10578,CHENNAI_COMMUNITY_GTFS,10578,MTC,104F,Madhavaram B.T TO Madhavaram,bus,3,operational
GTFS_ROUTE_12540,CHENNAI_COMMUNITY_GTFS,12540,MTC,65B,Poonamallee B.T TO Ambattur I.E,bus,3,operational
GTFS_ROUTE_12538,CHENNAI_COMMUNITY_GTFS,12538,MTC,65B,Ambattur I.E TO Poonamallee B.T,bus,3,operational
GTFS_ROUTE_4465,CHENNAI_COMMUNITY_GTFS,4465,MTC,202,Tambaram West Bus Stand TO Avadi Bus Terminus,bus,3,operational
GTFS_ROUTE_17824,CHENNAI_COMMUNITY_GTFS,17824,MTC,114S,Moolakadai TO Seemavaram,bus,3,operational
GTFS_ROUTE_17825,CHENNAI_COMMUNITY_GTFS,17825,MTC,120A,Ambattur I.E TO Arakkambakkam,bus,3,operational
GTFS_ROUTE_23898,CHENNAI_COMMUNITY_GTFS,23898,MTC,10A R1,Thangal Tollgate TO Saidapet West,bus,3,operational
GTFS_ROUTE_23899,CHENNAI_COMMUNITY_GTFS,23899,MTC,10E CT2,Ekkattuthangal TO  Royapuram,bus,3,operational
GTFS_ROUTE_17823,CHENNAI_COMMUNITY_GTFS,17823,MTC,57,Redhills TO Vyasarpadi,bus,3,operational
GTFS_ROUTE_19119,CHENNAI_COMMUNITY_GTFS,19119,MTC,54S CT3,Saidapet TO Porur,bus,3,operational
GTFS_ROUTE_23901,CHENNAI_COMMUNITY_GTFS,23901,MTC,111 CT,K.K.Nagar TO Thiruverkadu,bus,3,operational
GTFS_ROUTE_12372,CHENNAI_COMMUNITY_GTFS,12372,MTC,592V,Redhills TO Vengal,bus,3,operational
GTFS_ROUTE_23902,CHENNAI_COMMUNITY_GTFS,23902,MTC,111,Thiruverkadu Terminus TO Tambaraam West Bus Stand,bus,3,operational
GTFS_ROUTE_23903,CHENNAI_COMMUNITY_GTFS,23903,MTC,111,Tambaram West TO Thiruverkadu,bus,3,operational
GTFS_ROUTE_23904,CHENNAI_COMMUNITY_GTFS,23904,MTC,11G R,K.K.Nagar TO  Royapuram,bus,3,operational
GTFS_ROUTE_17826,CHENNAI_COMMUNITY_GTFS,17826,MTC,114S,Redhills TO Seemavaram,bus,3,operational
GTFS_ROUTE_19120,CHENNAI_COMMUNITY_GTFS,19120,MTC,54S CT4,Saidapet TO Vadakku Malaiambakkam,bus,3,operational
GTFS_ROUTE_19891,CHENNAI_COMMUNITY_GTFS,19891,MTC,547A,Vallalar Nagar TO Periyapalayam,bus,3,operational
GTFS_ROUTE_23905,CHENNAI_COMMUNITY_GTFS,23905,MTC,11G R1,Royapuram TO K.K.Nagar,bus,3,operational
GTFS_ROUTE_19121,CHENNAI_COMMUNITY_GTFS,19121,MTC,54S CT2,Vadakku Malaiambakkam TO Saidapet,bus,3,operational
GTFS_ROUTE_23906,CHENNAI_COMMUNITY_GTFS,23906,MTC,11G CT1,K.K.Nagar TO MGR CHENNAI CENTRAL,bus,3,operational
GTFS_ROUTE_17834,CHENNAI_COMMUNITY_GTFS,17834,MTC,114S,Seemavaram TO Redhills,bus,3,operational
GTFS_ROUTE_23908,CHENNAI_COMMUNITY_GTFS,23908,MTC,12G R1,K.K.Nagar TO Anna Square,bus,3,operational
GTFS_ROUTE_20607,CHENNAI_COMMUNITY_GTFS,20607,MTC,102X CT4,Adyar TO Thiruporur,bus,3,operational
GTFS_ROUTE_10600,CHENNAI_COMMUNITY_GTFS,10600,MTC,27B,Anna Square TO Vadapalani,bus,3,operational
GTFS_ROUTE_4942,CHENNAI_COMMUNITY_GTFS,4942,MTC,95X,Shozhanganallur TO Tambaram East,bus,3,operational
GTFS_ROUTE_18093,CHENNAI_COMMUNITY_GTFS,18093,MTC,592V,Padiyanallur TO Redhills,bus,3,operational
GTFS_ROUTE_10400,CHENNAI_COMMUNITY_GTFS,10400,MTC,26B,Mangadu TO Iyappanthangal,bus,3,operational
GTFS_ROUTE_23909,CHENNAI_COMMUNITY_GTFS,23909,MTC,12G R,Anna Square TO K.K.Nagar,bus,3,operational
GTFS_ROUTE_12784,CHENNAI_COMMUNITY_GTFS,12784,MTC,77A,Ambattur I.E TO Ayappakkam Tnhb,bus,3,operational
GTFS_ROUTE_23910,CHENNAI_COMMUNITY_GTFS,23910,MTC,153A R,M.G.R.Koyambedu TO Thiruvallur,bus,3,operational
GTFS_ROUTE_23911,CHENNAI_COMMUNITY_GTFS,23911,MTC,153A CT7,Thiruvallur TO Poonamallee B.T,bus,3,operational
GTFS_ROUTE_18091,CHENNAI_COMMUNITY_GTFS,18091,MTC,592V,Vengal TO Vallalar Nagar,bus,3,operational
GTFS_ROUTE_18092,CHENNAI_COMMUNITY_GTFS,18092,MTC,592V,Redhills TO Padiyanallur,bus,3,operational
GTFS_ROUTE_17837,CHENNAI_COMMUNITY_GTFS,17837,MTC,120A,Koyambedu Market TO Arakkambakkam,bus,3,operational
GTFS_ROUTE_10176,CHENNAI_COMMUNITY_GTFS,10176,MTC,147V,Venkatachalam Nagar TO Ambattur I.E,bus,3,operational
GTFS_ROUTE_17839,CHENNAI_COMMUNITY_GTFS,17839,MTC,T29C,Perambur TO Vyasarpadi depot,bus,3,operational
GTFS_ROUTE_23912,CHENNAI_COMMUNITY_GTFS,23912,MTC,153A R1,Thiruvallur TO M.G.R.Koyambedu,bus,3,operational
GTFS_ROUTE_23913,CHENNAI_COMMUNITY_GTFS,23913,MTC,18ACT R1,Tambaram West TO Royapuram,bus,3,operational
GTFS_ROUTE_8631,CHENNAI_COMMUNITY_GTFS,8631,MTC,29C,Adyar B.S TO Kilambakkam B.S,bus,3,operational
GTFS_ROUTE_19892,CHENNAI_COMMUNITY_GTFS,19892,MTC,547A CT2,Redhills TO Periyapalayam,bus,3,operational
GTFS_ROUTE_18098,CHENNAI_COMMUNITY_GTFS,18098,MTC,592V,Vallalar Nagar TO Vengal,bus,3,operational
GTFS_ROUTE_19893,CHENNAI_COMMUNITY_GTFS,19893,MTC,547A CT1,Periyapalayam TO Redhills,bus,3,operational
GTFS_ROUTE_17840,CHENNAI_COMMUNITY_GTFS,17840,MTC,T29C,M.K.B.Nagar TO Perambur Bus Terminus,bus,3,operational
GTFS_ROUTE_19124,CHENNAI_COMMUNITY_GTFS,19124,MTC,553K,Poonamallee B.T TO Sunguvarchathiram,bus,3,operational
GTFS_ROUTE_10604,CHENNAI_COMMUNITY_GTFS,10604,MTC,27B,Vadapalani TO Anna Square,bus,3,operational
GTFS_ROUTE_23914,CHENNAI_COMMUNITY_GTFS,23914,MTC,18ACT R,Royapuram TO Tambaram West,bus,3,operational
GTFS_ROUTE_17847,CHENNAI_COMMUNITY_GTFS,17847,MTC,29CEt CT,Otteri TO Perambur B.T,bus,3,operational
GTFS_ROUTE_23915,CHENNAI_COMMUNITY_GTFS,23915,MTC,18K R1,Saidapet West TO  Royapuram terminus,bus,3,operational
GTFS_ROUTE_19125,CHENNAI_COMMUNITY_GTFS,19125,MTC,553K,Sunguvarchathiram TO Poonamallee B.T,bus,3,operational
GTFS_ROUTE_23916,CHENNAI_COMMUNITY_GTFS,23916,MTC,18K R,Royapuram TO Saidapet West,bus,3,operational
GTFS_ROUTE_12301,CHENNAI_COMMUNITY_GTFS,12301,MTC,5S,Kannagi Nagar S.C.B TO Saidapet,bus,3,operational
GTFS_ROUTE_17489,CHENNAI_COMMUNITY_GTFS,17489,MTC,566,Thiruporur Bs TO Kundrathur,bus,3,operational
GTFS_ROUTE_11278,CHENNAI_COMMUNITY_GTFS,11278,MTC,38C,Vivekananda House TO T.V.K.Nagar,bus,3,operational
GTFS_ROUTE_19130,CHENNAI_COMMUNITY_GTFS,19130,MTC,578Et CT2,Poonamallee B.T TO Sunguvarchathiram,bus,3,operational
GTFS_ROUTE_10934,CHENNAI_COMMUNITY_GTFS,10934,MTC,121Ct,M.M.B.T TO M.G.R.Koyambedu,bus,3,operational
GTFS_ROUTE_12302,CHENNAI_COMMUNITY_GTFS,12302,MTC,5S,Kannagi Nagar S.C.B TO Velachery B.T,bus,3,operational
GTFS_ROUTE_12303,CHENNAI_COMMUNITY_GTFS,12303,MTC,5S,Saidapet TO Kannagi Nagar S.C.B,bus,3,operational
GTFS_ROUTE_12304,CHENNAI_COMMUNITY_GTFS,12304,MTC,5S,Velachery B.T TO Kannagi Nagar S.C.B,bus,3,operational
GTFS_ROUTE_19131,CHENNAI_COMMUNITY_GTFS,19131,MTC,578Et CT2,Sunguvarchathiram TO Poonamallee B.T,bus,3,operational
GTFS_ROUTE_23917,CHENNAI_COMMUNITY_GTFS,23917,MTC,570Et,M.G.R.Koyambedu TO Thiruporur,bus,3,operational
GTFS_ROUTE_12785,CHENNAI_COMMUNITY_GTFS,12785,MTC,77A,Ayappakkam Tnhb TO Ambattur I.E,bus,3,operational
GTFS_ROUTE_17864,CHENNAI_COMMUNITY_GTFS,17864,MTC,19D,Perumbakkam Scb TO Semmancheri Bus Stand,bus,3,operational
GTFS_ROUTE_23918,CHENNAI_COMMUNITY_GTFS,23918,MTC,570Et,Thiruporur TO M.G.R.Koyambedu,bus,3,operational
GTFS_ROUTE_19142,CHENNAI_COMMUNITY_GTFS,19142,MTC,102C CT2,Santhome Church TO Semmancheri,bus,3,operational
GTFS_ROUTE_23919,CHENNAI_COMMUNITY_GTFS,23919,MTC,70V R1,M.G.R.Koyambedu TO Kilambakkam B.T,bus,3,operational
GTFS_ROUTE_17865,CHENNAI_COMMUNITY_GTFS,17865,MTC,19D,Adyar Old Depot TO Besant Nagar Terminus,bus,3,operational
GTFS_ROUTE_20611,CHENNAI_COMMUNITY_GTFS,20611,MTC,102X CT6,M.G.R.Central TO Thiruporur,bus,3,operational
GTFS_ROUTE_12488,CHENNAI_COMMUNITY_GTFS,12488,MTC,66K,Nehru Nagar TO Kundrathur B.T,bus,3,operational
GTFS_ROUTE_23920,CHENNAI_COMMUNITY_GTFS,23920,MTC,70V R,Kilambakkam TO M.G.R.Koyambedu,bus,3,operational
GTFS_ROUTE_17870,CHENNAI_COMMUNITY_GTFS,17870,MTC,170Tx,M.G.R.Koyambedu TO Kilambakkam Bus Terminus,bus,3,operational
GTFS_ROUTE_19150,CHENNAI_COMMUNITY_GTFS,19150,MTC,3 CT1,Thiruvanmiyur Bus Stand TO Kannagi Nagar Bus Stand,bus,3,operational
GTFS_ROUTE_19151,CHENNAI_COMMUNITY_GTFS,19151,MTC,3 CT3,Thiruvanmiyur B.S To  Guindy B.S,bus,3,operational
GTFS_ROUTE_12111,CHENNAI_COMMUNITY_GTFS,12111,MTC,572A,Avadi B.T TO M.G.R.Koyambedu,bus,3,operational
GTFS_ROUTE_23921,CHENNAI_COMMUNITY_GTFS,23921,MTC,88D R1,Saidapet West TO Kundrathur B.T,bus,3,operational
GTFS_ROUTE_11137,CHENNAI_COMMUNITY_GTFS,11137,MTC,29AEX,Peravallur Kumaran Nagar TO Perambur B.T,bus,3,operational
GTFS_ROUTE_17873,CHENNAI_COMMUNITY_GTFS,17873,MTC,170Tx,Kilambakkam Bus Terminus TO M.G.R.Koyambedu,bus,3,operational
GTFS_ROUTE_12112,CHENNAI_COMMUNITY_GTFS,12112,MTC,572A,Avadi B.T TO Thiruvallur Collector Office,bus,3,operational
GTFS_ROUTE_19155,CHENNAI_COMMUNITY_GTFS,19155,MTC,91,Thiruvanmiyur TO Adyar,bus,3,operational
GTFS_ROUTE_8640,CHENNAI_COMMUNITY_GTFS,8640,MTC,29C,Kilambakkam B.S TO Adyar B.S,bus,3,operational
GTFS_ROUTE_23922,CHENNAI_COMMUNITY_GTFS,23922,MTC,88D R,Kundrathur B.T TO Saidapet West,bus,3,operational
GTFS_ROUTE_12113,CHENNAI_COMMUNITY_GTFS,12113,MTC,572A,M.G.R.Koyambedu TO Avadi B.T,bus,3,operational
GTFS_ROUTE_12115,CHENNAI_COMMUNITY_GTFS,12115,MTC,572A,Thiruvallur Collector Office TO Avadi B.T,bus,3,operational
GTFS_ROUTE_17874,CHENNAI_COMMUNITY_GTFS,17874,MTC,170Tx,Kilambakkam Bus Terminus TO M.K.B.Nagar,bus,3,operational
GTFS_ROUTE_12787,CHENNAI_COMMUNITY_GTFS,12787,MTC,77A,Ayappakkam Tnhb TO M.G.R.Koyambedu,bus,3,operational
GTFS_ROUTE_12490,CHENNAI_COMMUNITY_GTFS,12490,MTC,66K,Tambaram West TO Kundrathur B.T,bus,3,operational
GTFS_ROUTE_23923,CHENNAI_COMMUNITY_GTFS,23923,MTC,M70 CT1,K.K.Nagar TO M.G.R.Koyambedu,bus,3,operational
GTFS_ROUTE_17886,CHENNAI_COMMUNITY_GTFS,17886,MTC,557AE,Redhills Bus Terminus TO Annamalaichery,bus,3,operational
GTFS_ROUTE_19160,CHENNAI_COMMUNITY_GTFS,19160,MTC,66P CT8,Kilambakkam B.S TO Sriperumbudur,bus,3,operational
GTFS_ROUTE_19162,CHENNAI_COMMUNITY_GTFS,19162,MTC,91K CT,Thiruvanmiyur Bus Stand TO Tambaram West Bus Stand,bus,3,operational
GTFS_ROUTE_19163,CHENNAI_COMMUNITY_GTFS,19163,MTC,95X CT1,Thiruvanmiyur Depot  TO  Kilambakkam Bus Terminus,bus,3,operational
GTFS_ROUTE_10933,CHENNAI_COMMUNITY_GTFS,10933,MTC,121Ct,M.G.R.Koyambedu TO M.M.B.T,bus,3,operational
GTFS_ROUTE_23924,CHENNAI_COMMUNITY_GTFS,23924,MTC,M70 R,M.G.R.Koyambedu TO Thiruvanmiyur,bus,3,operational
GTFS_ROUTE_17892,CHENNAI_COMMUNITY_GTFS,17892,MTC,54S,Saidapet TO Poonamallee,bus,3,operational
GTFS_ROUTE_12782,CHENNAI_COMMUNITY_GTFS,12782,MTC,77K,Ambattur I.E TO M.G.R.Koyambedu,bus,3,operational
GTFS_ROUTE_19164,CHENNAI_COMMUNITY_GTFS,19164,MTC,95X CT,Thiruvanmiyur Bus Stand to  Semmancheri Bus Terminus,bus,3,operational
GTFS_ROUTE_23925,CHENNAI_COMMUNITY_GTFS,23925,MTC,M70 R1,Thiruvanmiyur TO M.G.R.Koyambedu,bus,3,operational
GTFS_ROUTE_20614,CHENNAI_COMMUNITY_GTFS,20614,MTC,102X CT8,Thiruvanmiyur TO Thiruporur,bus,3,operational
GTFS_ROUTE_19905,CHENNAI_COMMUNITY_GTFS,19905,MTC,51B,Saidapet TO Karanai,bus,3,operational
GTFS_ROUTE_11713,CHENNAI_COMMUNITY_GTFS,11713,MTC,523,Mullipakkam TO Sholinganallur,bus,3,operational
GTFS_ROUTE_19906,CHENNAI_COMMUNITY_GTFS,19906,MTC,51B R,Karanai TO Saidapet,bus,3,operational
GTFS_ROUTE_19175,CHENNAI_COMMUNITY_GTFS,19175,MTC,121A CT,Annanagar East TO M.G.R.Koyambedu,bus,3,operational
GTFS_ROUTE_19176,CHENNAI_COMMUNITY_GTFS,19176,MTC,121C CT,Annanagar East TO M.G.R.Koyambedu,bus,3,operational
GTFS_ROUTE_23929,CHENNAI_COMMUNITY_GTFS,23929,MTC,102X CT10,Thiruvanmiyur Depot TO Island ground Terminus,bus,3,operational
GTFS_ROUTE_18103,CHENNAI_COMMUNITY_GTFS,18103,MTC,37Ct,Dasarathapuram TO Vallalar Nagar,bus,3,operational
GTFS_ROUTE_19177,CHENNAI_COMMUNITY_GTFS,19177,MTC,121D CT,Annanagar East TO M.G.R.Koyambedu,bus,3,operational
GTFS_ROUTE_11729,CHENNAI_COMMUNITY_GTFS,11729,MTC,523,Thiruvanmiyur TO Mullipakkam,bus,3,operational
GTFS_ROUTE_19178,CHENNAI_COMMUNITY_GTFS,19178,MTC,159K CT,Annanagar East TO M.G.R.Koyambedu,bus,3,operational
GTFS_ROUTE_19179,CHENNAI_COMMUNITY_GTFS,19179,MTC,46G CT1,Annanagar East TO M.G.R.Koyambedu,bus,3,operational
GTFS_ROUTE_19180,CHENNAI_COMMUNITY_GTFS,19180,MTC,49F CT2,Guindy Bus Terminus TO Mandaveli Bus Terminus,bus,3,operational
GTFS_ROUTE_17087,CHENNAI_COMMUNITY_GTFS,17087,MTC,78,Velachery TO Thiruvanmiyur,bus,3,operational
GTFS_ROUTE_19181,CHENNAI_COMMUNITY_GTFS,19181,MTC,49F CT1,Mandaveli Bus Terminus TO Guindy Bus Terminus,bus,3,operational
GTFS_ROUTE_17093,CHENNAI_COMMUNITY_GTFS,17093,MTC,78,M.G.R.Koyambedu TO Vadapalani,bus,3,operational
GTFS_ROUTE_11087,CHENNAI_COMMUNITY_GTFS,11087,MTC,31B,Tambaram West TO Kandigai Junction,bus,3,operational
GTFS_ROUTE_10595,CHENNAI_COMMUNITY_GTFS,10595,MTC,27B,Ambattur I.E TO M.G.R.Koyambedu,bus,3,operational
GTFS_ROUTE_12494,CHENNAI_COMMUNITY_GTFS,12494,MTC,66A,Kundrathur B.T TO Hasthinapuram,bus,3,operational
GTFS_ROUTE_16226,CHENNAI_COMMUNITY_GTFS,16226,MTC,T29C,Sterling Road TO Perambur Bus Terminus,bus,3,operational
GTFS_ROUTE_17100,CHENNAI_COMMUNITY_GTFS,17100,MTC,78,Besant Nagar TO Thirumangalam,bus,3,operational
GTFS_ROUTE_17104,CHENNAI_COMMUNITY_GTFS,17104,MTC,78,Thiruvanmiyur TO Kilambakkam,bus,3,operational
GTFS_ROUTE_17089,CHENNAI_COMMUNITY_GTFS,17089,MTC,78,Thiruvanmiyur TO Velachery,bus,3,operational
GTFS_ROUTE_17096,CHENNAI_COMMUNITY_GTFS,17096,MTC,78,M.G.R.Koyambedu TO K.K.Nagar,bus,3,operational
GTFS_ROUTE_17105,CHENNAI_COMMUNITY_GTFS,17105,MTC,78,Kilambakkam TO Thiruvanmiyur,bus,3,operational
GTFS_ROUTE_15089,CHENNAI_COMMUNITY_GTFS,15089,MTC,29Et,Queen Marys College TO Vinayagapuram,bus,3,operational
GTFS_ROUTE_10597,CHENNAI_COMMUNITY_GTFS,10597,MTC,27B,Avadi B.T TO M.G.R.Koyambedu,bus,3,operational
GTFS_ROUTE_12724,CHENNAI_COMMUNITY_GTFS,12724,MTC,70E,Kilambakkam B.T TO Ayanavaram B.T,bus,3,operational
GTFS_ROUTE_12725,CHENNAI_COMMUNITY_GTFS,12725,MTC,70E,Kilambakkam B.T TO M.G.R.Koyambedu,bus,3,operational
GTFS_ROUTE_19188,CHENNAI_COMMUNITY_GTFS,19188,MTC,S26 CT1,Adyar Gandhi Nagar TO  Ashok Pillar,bus,3,operational
GTFS_ROUTE_19190,CHENNAI_COMMUNITY_GTFS,19190,MTC,19 CT,Adyar TO Thiyagaraya Nagar,bus,3,operational
GTFS_ROUTE_23931,CHENNAI_COMMUNITY_GTFS,23931,MTC,5C CT1,Mgr Central Railway Station TO  Taramani Bus Terminus,bus,3,operational
GTFS_ROUTE_23932,CHENNAI_COMMUNITY_GTFS,23932,MTC,102S CT1,Island ground Terminus TO  Kelambakkam Bus Terminal,bus,3,operational
GTFS_ROUTE_23933,CHENNAI_COMMUNITY_GTFS,23933,MTC,102S CT3,Kelambakkam Bus Terminal TO  Island ground Terminus,bus,3,operational
GTFS_ROUTE_18117,CHENNAI_COMMUNITY_GTFS,18117,MTC,101,M.G.R.Koyambedu TO Annanagar East,bus,3,operational
GTFS_ROUTE_18116,CHENNAI_COMMUNITY_GTFS,18116,MTC,104,Ambattur Industrial TO Redhills Bus Terminus,bus,3,operational
GTFS_ROUTE_23934,CHENNAI_COMMUNITY_GTFS,23934,MTC,102S CT2,Kannagi Nagar Depot TO  Island ground Terminus,bus,3,operational
GTFS_ROUTE_12726,CHENNAI_COMMUNITY_GTFS,12726,MTC,70E,Kilambakkam B.T TO M.K.B.Nagar,bus,3,operational
GTFS_ROUTE_11172,CHENNAI_COMMUNITY_GTFS,11172,MTC,29C,S.M.C TO Perambur B.T,bus,3,operational
GTFS_ROUTE_19191,CHENNAI_COMMUNITY_GTFS,19191,MTC,C56CEt CT,Air Nagar TO Ennore B.S,bus,3,operational
GTFS_ROUTE_18120,CHENNAI_COMMUNITY_GTFS,18120,MTC,164 CT,M.K.B.Nagar TO Minjur B.S,bus,3,operational
GTFS_ROUTE_23935,CHENNAI_COMMUNITY_GTFS,23935,MTC,553W,Saidapet West TO Sriperumbudur,bus,3,operational
GTFS_ROUTE_23936,CHENNAI_COMMUNITY_GTFS,23936,MTC,553W,Sriperumbudur TO Saidapet West,bus,3,operational
GTFS_ROUTE_18129,CHENNAI_COMMUNITY_GTFS,18129,MTC,57A,Budur Hospital TO Redhills Market,bus,3,operational
GTFS_ROUTE_18130,CHENNAI_COMMUNITY_GTFS,18130,MTC,51X CT,Kilambakkam B.S TO Saidapet,bus,3,operational
GTFS_ROUTE_12788,CHENNAI_COMMUNITY_GTFS,12788,MTC,77A,M.G.R.Koyambedu TO Ayappakkam Tnhb,bus,3,operational
GTFS_ROUTE_11093,CHENNAI_COMMUNITY_GTFS,11093,MTC,31M,Madurapakkam TO Tambaram West,bus,3,operational
GTFS_ROUTE_6810,CHENNAI_COMMUNITY_GTFS,6810,MTC,51A,Saidapet Depot TO Saidapet Metro,bus,3,operational
GTFS_ROUTE_19197,CHENNAI_COMMUNITY_GTFS,19197,MTC,MAA1 CT,Cement Road TO Airport,bus,3,operational
GTFS_ROUTE_23937,CHENNAI_COMMUNITY_GTFS,23937,MTC,78,M.G.R.Koyambedu TO Thiruvanmiyur,bus,3,operational
GTFS_ROUTE_19198,CHENNAI_COMMUNITY_GTFS,19198,MTC,MAA2,Cement Road TO Airport,bus,3,operational
GTFS_ROUTE_19199,CHENNAI_COMMUNITY_GTFS,19199,MTC,32A CT,Vivekananda House TO Thangal Tollgate,bus,3,operational
GTFS_ROUTE_19202,CHENNAI_COMMUNITY_GTFS,19202,MTC,525 R1,Sunguvarchathiram TO Poonamallee B.T,bus,3,operational
GTFS_ROUTE_17051,CHENNAI_COMMUNITY_GTFS,17051,MTC,89,Somangalam TO Porur,bus,3,operational
GTFS_ROUTE_17060,CHENNAI_COMMUNITY_GTFS,17060,MTC,89,Iyyappanthangal TO Somangalam,bus,3,operational
GTFS_ROUTE_17056,CHENNAI_COMMUNITY_GTFS,17056,MTC,89,Kundrathur TO Somangalam,bus,3,operational
GTFS_ROUTE_23938,CHENNAI_COMMUNITY_GTFS,23938,MTC,78,Thiruvanmiyur TO M.G.R.Koyambedu,bus,3,operational
GTFS_ROUTE_12537,CHENNAI_COMMUNITY_GTFS,12537,MTC,65CCt,Pakkam Village TO Ambattur I.E,bus,3,operational
GTFS_ROUTE_12796,CHENNAI_COMMUNITY_GTFS,12796,MTC,77Ct,Ambattur I.E TO Venkatachalam Nagar,bus,3,operational
GTFS_ROUTE_12798,CHENNAI_COMMUNITY_GTFS,12798,MTC,77Ct,M.G.R.Koyambedu TO Venkatachalam Nagar,bus,3,operational
GTFS_ROUTE_23939,CHENNAI_COMMUNITY_GTFS,23939,MTC,F70,Guindy Tvk Estate TO Pattabiram,bus,3,operational
GTFS_ROUTE_10602,CHENNAI_COMMUNITY_GTFS,10602,MTC,27B,M.G.R.Koyambedu TO Ambattur I.E,bus,3,operational
GTFS_ROUTE_17052,CHENNAI_COMMUNITY_GTFS,17052,MTC,89,Porur TO Somangalam,bus,3,operational
GTFS_ROUTE_17053,CHENNAI_COMMUNITY_GTFS,17053,MTC,89,Somangalam TO Kundrathur,bus,3,operational
GTFS_ROUTE_17058,CHENNAI_COMMUNITY_GTFS,17058,MTC,89,Somangalam TO Iyyappanthangal,bus,3,operational
GTFS_ROUTE_19204,CHENNAI_COMMUNITY_GTFS,19204,MTC,525 CT,Vadapalani TO Sunguvarchathiram,bus,3,operational
GTFS_ROUTE_23940,CHENNAI_COMMUNITY_GTFS,23940,MTC,F70,Pattabiram TO Guindy Tvk Estate,bus,3,operational
GTFS_ROUTE_19205,CHENNAI_COMMUNITY_GTFS,19205,MTC,525 CT2,Sunguvarchathiram TO Vadapalani,bus,3,operational
GTFS_ROUTE_23941,CHENNAI_COMMUNITY_GTFS,23941,MTC,S18K,M.G.R.Central TO Saidapet West Parsn Nagar,bus,3,operational
GTFS_ROUTE_18141,CHENNAI_COMMUNITY_GTFS,18141,MTC,101,Poonamallee TO M.G.R.Koyambedu,bus,3,operational
GTFS_ROUTE_16678,CHENNAI_COMMUNITY_GTFS,16678,MTC,114,Redhills Bus Terminus TO Anna Nagar West,bus,3,operational
GTFS_ROUTE_11467,CHENNAI_COMMUNITY_GTFS,11467,MTC,48BX,Oragadam TO Vallalar Nagar,bus,3,operational
GTFS_ROUTE_11468,CHENNAI_COMMUNITY_GTFS,11468,MTC,48BX,Pudur TO Vallalar Nagar,bus,3,operational
GTFS_ROUTE_16686,CHENNAI_COMMUNITY_GTFS,16686,MTC,114,Poochiathipedu TO Redhills,bus,3,operational
GTFS_ROUTE_19206,CHENNAI_COMMUNITY_GTFS,19206,MTC,525 R2,Poonamallee B.T TO Sunguvarchathiram,bus,3,operational
GTFS_ROUTE_12159,CHENNAI_COMMUNITY_GTFS,12159,MTC,580,Avadi B.T TO Kallur,bus,3,operational
GTFS_ROUTE_19207,CHENNAI_COMMUNITY_GTFS,19207,MTC,18A CT,Chennai Airport TO Kilambakkam B.S,bus,3,operational
GTFS_ROUTE_19209,CHENNAI_COMMUNITY_GTFS,19209,MTC,18A CT,Kilambakkam B.S TO Chennai Airport,bus,3,operational
GTFS_ROUTE_16684,CHENNAI_COMMUNITY_GTFS,16684,MTC,114,Padiyanallur TO Redhills,bus,3,operational
GTFS_ROUTE_23942,CHENNAI_COMMUNITY_GTFS,23942,MTC,S20,Ashok Nagar Metro R.S TO D.L.F.,bus,3,operational
GTFS_ROUTE_19223,CHENNAI_COMMUNITY_GTFS,19223,MTC,S26 CT,Ashok Nagar TO adyar st louis,bus,3,operational
GTFS_ROUTE_19224,CHENNAI_COMMUNITY_GTFS,19224,MTC,S43 CT,Ayanavaram B.S TO Pudur,bus,3,operational
GTFS_ROUTE_23943,CHENNAI_COMMUNITY_GTFS,23943,MTC,S26,Ashok Pillar TO Valasaravakkam,bus,3,operational
GTFS_ROUTE_18147,CHENNAI_COMMUNITY_GTFS,18147,MTC,153,Poonamallee B.T TO M.G.R.Koyambedu,bus,3,operational
GTFS_ROUTE_18157,CHENNAI_COMMUNITY_GTFS,18157,MTC,20P,Poonamallee B.T TO Ambattur I.E,bus,3,operational
GTFS_ROUTE_18158,CHENNAI_COMMUNITY_GTFS,18158,MTC,20P,Ambattur I.E TO Poonamallee B.T,bus,3,operational
GTFS_ROUTE_18150,CHENNAI_COMMUNITY_GTFS,18150,MTC,153T,M.G.R.Koyambedu TO Poonamallee B.T,bus,3,operational
GTFS_ROUTE_11469,CHENNAI_COMMUNITY_GTFS,11469,MTC,48BX,Vallalar Nagar TO Oragadam,bus,3,operational
GTFS_ROUTE_19232,CHENNAI_COMMUNITY_GTFS,19232,MTC,578P,Elambakkam to Poonamallee Bus Terminus,bus,3,operational
GTFS_ROUTE_19231,CHENNAI_COMMUNITY_GTFS,19231,MTC,S79 CT,Cement Road TO Pallavaram R.S,bus,3,operational
GTFS_ROUTE_19233,CHENNAI_COMMUNITY_GTFS,19233,MTC,4 CT,Ennore TO Vallalar Nagar,bus,3,operational
GTFS_ROUTE_19234,CHENNAI_COMMUNITY_GTFS,19234,MTC,55K CT1,Guduvancheri B.S TO Keerapakkam,bus,3,operational
GTFS_ROUTE_19235,CHENNAI_COMMUNITY_GTFS,19235,MTC,570 CT,Guindy B.S To  Siruseri,bus,3,operational
GTFS_ROUTE_19236,CHENNAI_COMMUNITY_GTFS,19236,MTC,557AE CT,Gummidipoondi Terminal TO Annamalaichery,bus,3,operational
GTFS_ROUTE_19242,CHENNAI_COMMUNITY_GTFS,19242,MTC,64K CT1,K.Kannadasan Nagar TO Perambur B.T,bus,3,operational
GTFS_ROUTE_19240,CHENNAI_COMMUNITY_GTFS,19240,MTC,11M CT1,Iyyappanthangal B.S TO Panagal Park,bus,3,operational
GTFS_ROUTE_19241,CHENNAI_COMMUNITY_GTFS,19241,MTC,11M CT3,K.K.Nagar B.S TO Iyyappanthangal B.S,bus,3,operational
GTFS_ROUTE_23945,CHENNAI_COMMUNITY_GTFS,23945,MTC,101 CT11,Tondiarpet-1 Depot TO  Thangal Tollgate,bus,3,operational
GTFS_ROUTE_19243,CHENNAI_COMMUNITY_GTFS,19243,MTC,102X CT1,Kannagi Nagar B.S TO Thiruvanmiyur B.S,bus,3,operational
GTFS_ROUTE_10605,CHENNAI_COMMUNITY_GTFS,10605,MTC,27D,Ayanavaram B.T TO Villivakkam,bus,3,operational
GTFS_ROUTE_23950,CHENNAI_COMMUNITY_GTFS,23950,MTC,S80 R1,Thendral Nagar TO Tambaram Sanatorium,bus,3,operational
GTFS_ROUTE_9320,CHENNAI_COMMUNITY_GTFS,9320,MTC,40N,J.J.Nagar East TO Anna Nagar West,bus,3,operational
GTFS_ROUTE_19244,CHENNAI_COMMUNITY_GTFS,19244,MTC,19 CT5,Kannagi Nagar TO Thiyagaraya Nagar,bus,3,operational
GTFS_ROUTE_12508,CHENNAI_COMMUNITY_GTFS,12508,MTC,62Ct,Avadi B.T TO Redhills,bus,3,operational
GTFS_ROUTE_12507,CHENNAI_COMMUNITY_GTFS,12507,MTC,65K,Poonamallee B.T TO Avadi B.T,bus,3,operational
GTFS_ROUTE_17438,CHENNAI_COMMUNITY_GTFS,17438,MTC,159,Thiruvottiyur TO M.G.R.Koyambedu,bus,3,operational
GTFS_ROUTE_23951,CHENNAI_COMMUNITY_GTFS,23951,MTC,S80 R3,Tambaram Sanatorium TO Thendral Nagar,bus,3,operational
GTFS_ROUTE_9295,CHENNAI_COMMUNITY_GTFS,9295,MTC,15C,M.G.R.Koyambedu TO Avadi,bus,3,operational
GTFS_ROUTE_19246,CHENNAI_COMMUNITY_GTFS,19246,MTC,55K CT1,Keerapakkam TO Airport Metro,bus,3,operational
GTFS_ROUTE_10938,CHENNAI_COMMUNITY_GTFS,10938,MTC,121C,Ennore TO M.G.R.Koyambedu,bus,3,operational
GTFS_ROUTE_19247,CHENNAI_COMMUNITY_GTFS,19247,MTC,55K CT3,Keerapakkam TO Guduvancheri B.S,bus,3,operational
GTFS_ROUTE_19248,CHENNAI_COMMUNITY_GTFS,19248,MTC,55N,Keerappakkam To  Tambaram West,bus,3,operational
GTFS_ROUTE_19250,CHENNAI_COMMUNITY_GTFS,19250,MTC,570 CT,Kelambakkam To  Perumbakkam,bus,3,operational
GTFS_ROUTE_11356,CHENNAI_COMMUNITY_GTFS,11356,MTC,40L,J.J.Nagar West TO Ambattur I.E,bus,3,operational
GTFS_ROUTE_19251,CHENNAI_COMMUNITY_GTFS,19251,MTC,95XCt CT,Kilambakkam  to  Semmancheri,bus,3,operational
GTFS_ROUTE_23952,CHENNAI_COMMUNITY_GTFS,23952,MTC,S80 CT2,Thendral Nagar TO  Nehru Nagar,bus,3,operational
GTFS_ROUTE_23953,CHENNAI_COMMUNITY_GTFS,23953,MTC,S80 CT,Nehru Nagar  TO  Thendral Nagar,bus,3,operational
GTFS_ROUTE_11358,CHENNAI_COMMUNITY_GTFS,11358,MTC,40L,J.J.Nagar West TO Anna Nagar West,bus,3,operational
GTFS_ROUTE_19253,CHENNAI_COMMUNITY_GTFS,19253,MTC,95X CT2,Kilambakkam B.S TO Semmancheri B.S,bus,3,operational
GTFS_ROUTE_19254,CHENNAI_COMMUNITY_GTFS,19254,MTC,18A CT1,Kilambakkam B.S TO Tambaram West,bus,3,operational
GTFS_ROUTE_20631,CHENNAI_COMMUNITY_GTFS,20631,MTC,40L CT1,Ambattur I.E TO J.J.Nagar West,bus,3,operational
GTFS_ROUTE_19256,CHENNAI_COMMUNITY_GTFS,19256,MTC,18A CT2,Kilambakkam B.S TO Tondiarpet,bus,3,operational
GTFS_ROUTE_18168,CHENNAI_COMMUNITY_GTFS,18168,MTC,266,Poonamallee TO Avadi Bus Terminus,bus,3,operational
GTFS_ROUTE_18169,CHENNAI_COMMUNITY_GTFS,18169,MTC,266,Avadi Bus Terminus TO Poonamallee,bus,3,operational
GTFS_ROUTE_19258,CHENNAI_COMMUNITY_GTFS,19258,MTC,70V CT1,Kilambakkam TO Airport,bus,3,operational
GTFS_ROUTE_12786,CHENNAI_COMMUNITY_GTFS,12786,MTC,77K,Avadi B.T TO M.G.R.Koyambedu,bus,3,operational
GTFS_ROUTE_19936,CHENNAI_COMMUNITY_GTFS,19936,MTC,25K CT5,Vadapalani Bus Stand to Poonamallee Bus Terminus,bus,3,operational
GTFS_ROUTE_19260,CHENNAI_COMMUNITY_GTFS,19260,MTC,V51 CT1,Kilambakkam TO Nehru Nagar,bus,3,operational
GTFS_ROUTE_19937,CHENNAI_COMMUNITY_GTFS,19937,MTC,25K CT4,Anna Square Bus Terminus one to Vadapalani Bus Stand,bus,3,operational
GTFS_ROUTE_15996,CHENNAI_COMMUNITY_GTFS,15996,MTC,S25,Maduravoyal Market TO Valasaravakkam,bus,3,operational
GTFS_ROUTE_19261,CHENNAI_COMMUNITY_GTFS,19261,MTC,109T CT,Kovalam B.S TO Thangal Tollgate,bus,3,operational
GTFS_ROUTE_23957,CHENNAI_COMMUNITY_GTFS,23957,MTC,101 CT12,Thiruvottriyur Bus Terminus TO Tondairpet-1 Depot,bus,3,operational
GTFS_ROUTE_10868,CHENNAI_COMMUNITY_GTFS,10868,MTC,12G,Secretariat TO K.K.Nagar,bus,3,operational
GTFS_ROUTE_19262,CHENNAI_COMMUNITY_GTFS,19262,MTC,114 CT1,M.G.R Koyambedu TO Moolakadai,bus,3,operational
GTFS_ROUTE_19938,CHENNAI_COMMUNITY_GTFS,19938,MTC,25K CT6,Iyyappanthangal Bus Terminus to Kilambakkam Bus Terminus,bus,3,operational
GTFS_ROUTE_23958,CHENNAI_COMMUNITY_GTFS,23958,MTC,101 CT12,Tondairpet-1 Depot TO  Thiruvottriyur Bus Terminus,bus,3,operational
GTFS_ROUTE_17875,CHENNAI_COMMUNITY_GTFS,17875,MTC,170Tx,M.K.B.Nagar TO Kilambakkam Bus Terminus,bus,3,operational
GTFS_ROUTE_16286,CHENNAI_COMMUNITY_GTFS,16286,MTC,170Tx,Moolakadai TO Kaviarasu Kannadasan Nagar,bus,3,operational
GTFS_ROUTE_15802,CHENNAI_COMMUNITY_GTFS,15802,MTC,170Tx,Kaviarasu Kannadasan  Nagar TO Kilambakkam B.S,bus,3,operational
GTFS_ROUTE_12793,CHENNAI_COMMUNITY_GTFS,12793,MTC,77B,Oragadam TO Ambattur I.E,bus,3,operational
GTFS_ROUTE_18176,CHENNAI_COMMUNITY_GTFS,18176,MTC,37,Iyyappanthangal TO Poonamallee B.T,bus,3,operational
GTFS_ROUTE_19263,CHENNAI_COMMUNITY_GTFS,19263,MTC,114,M.G.R. Koyambedu TO Redhills,bus,3,operational
GTFS_ROUTE_12377,CHENNAI_COMMUNITY_GTFS,12377,MTC,593Ct,Chennang Karanai TO Redhills,bus,3,operational
GTFS_ROUTE_8032,CHENNAI_COMMUNITY_GTFS,8032,MTC,48B,Sayani Theatre Aynavaram TO Pudur,bus,3,operational
GTFS_ROUTE_18179,CHENNAI_COMMUNITY_GTFS,18179,MTC,49F,Poonamallee B.T TO Mandaveli,bus,3,operational
GTFS_ROUTE_18180,CHENNAI_COMMUNITY_GTFS,18180,MTC,49F,Mandaveli TO Poonamallee B.T,bus,3,operational
GTFS_ROUTE_19939,CHENNAI_COMMUNITY_GTFS,19939,MTC,25K CT5,Iyyappanthangal Bus Terminus to Anna Square Bus Terminus one,bus,3,operational
GTFS_ROUTE_12381,CHENNAI_COMMUNITY_GTFS,12381,MTC,593Ct,Redhills TO Padiyanallur,bus,3,operational
GTFS_ROUTE_17269,CHENNAI_COMMUNITY_GTFS,17269,MTC,66,Poonamallee TO Tambaram West,bus,3,operational
GTFS_ROUTE_19264,CHENNAI_COMMUNITY_GTFS,19264,MTC,170T,M.G.R.Koyambedu TO Tambaram West,bus,3,operational
GTFS_ROUTE_20638,CHENNAI_COMMUNITY_GTFS,20638,MTC,A51,Tambaram West TO Velachery B.T,bus,3,operational
GTFS_ROUTE_19940,CHENNAI_COMMUNITY_GTFS,19940,MTC,25K CT4,Vadapalani Bus Stand to  Anna Square Bus Terminus one,bus,3,operational
GTFS_ROUTE_19941,CHENNAI_COMMUNITY_GTFS,19941,MTC,25K CT3,Anna Square Bus Terminus one to Iyyappanthangal Bus Terminus,bus,3,operational
GTFS_ROUTE_23959,CHENNAI_COMMUNITY_GTFS,23959,MTC,56P CT6,Tondairpet-1 Depot TO Island ground Terminus,bus,3,operational
GTFS_ROUTE_18181,CHENNAI_COMMUNITY_GTFS,18181,MTC,50M,Thiruverkadu TO Poonamallee B.T,bus,3,operational
GTFS_ROUTE_18182,CHENNAI_COMMUNITY_GTFS,18182,MTC,50M,Poonamallee B.T TO Thiruverkadu,bus,3,operational
GTFS_ROUTE_18189,CHENNAI_COMMUNITY_GTFS,18189,MTC,53E,Poonamallee B.T TO Kundrathur B.T,bus,3,operational
GTFS_ROUTE_12384,CHENNAI_COMMUNITY_GTFS,12384,MTC,593Ct,Uthukottai TO Redhills,bus,3,operational
GTFS_ROUTE_19265,CHENNAI_COMMUNITY_GTFS,19265,MTC,29E CT,M.G.R.Koyambedu TO Thiruverkadu Terminus,bus,3,operational
GTFS_ROUTE_12492,CHENNAI_COMMUNITY_GTFS,12492,MTC,66A,Hasthinapuram TO Kundrathur B.T,bus,3,operational
GTFS_ROUTE_19266,CHENNAI_COMMUNITY_GTFS,19266,MTC,72 CT4,M.G.R.Koyambedu TO Todd Hunter Nagar,bus,3,operational
GTFS_ROUTE_23960,CHENNAI_COMMUNITY_GTFS,23960,MTC,56P CT10,Island ground Terminus TO Tondairpet-1 Depot,bus,3,operational
GTFS_ROUTE_19268,CHENNAI_COMMUNITY_GTFS,19268,MTC,114 CT,M.K.B.Nagar TO  Redhills Bus Terminus,bus,3,operational
GTFS_ROUTE_19943,CHENNAI_COMMUNITY_GTFS,19943,MTC,25K CT3,Poonamallee Bus Terminus to Kilambakkam Bus Terminus,bus,3,operational
GTFS_ROUTE_19269,CHENNAI_COMMUNITY_GTFS,19269,MTC,104 CT,Madhavaram B.S To  Redhills B.S,bus,3,operational
GTFS_ROUTE_9074,CHENNAI_COMMUNITY_GTFS,9074,MTC,552K,Saidapet TO Kelambakkam Bus Terminal,bus,3,operational
GTFS_ROUTE_19270,CHENNAI_COMMUNITY_GTFS,19270,MTC,121D,Manali New Town TO Moolakadai Market,bus,3,operational
GTFS_ROUTE_10941,CHENNAI_COMMUNITY_GTFS,10941,MTC,121C,Moolakadai TO M.G.R.Koyambedu,bus,3,operational
GTFS_ROUTE_18192,CHENNAI_COMMUNITY_GTFS,18192,MTC,53G,Poonamallee B.T TO Palanjur,bus,3,operational
GTFS_ROUTE_19942,CHENNAI_COMMUNITY_GTFS,19942,MTC,25K CT2,Kilambakkam Bus Terminus to Poonamallee Bus Terminus,bus,3,operational
GTFS_ROUTE_19944,CHENNAI_COMMUNITY_GTFS,19944,MTC,25K CT2,Poonamallee Bus Terminus to Iyyappanthangal Bus Terminus,bus,3,operational
GTFS_ROUTE_12382,CHENNAI_COMMUNITY_GTFS,12382,MTC,593Ct,Redhills TO Uthukottai,bus,3,operational
GTFS_ROUTE_18193,CHENNAI_COMMUNITY_GTFS,18193,MTC,53G,Palanjur TO Poonamallee,bus,3,operational
GTFS_ROUTE_19945,CHENNAI_COMMUNITY_GTFS,19945,MTC,25K CT1,Iyyappanthangal Bus Terminus to Poonamallee Bus Terminus,bus,3,operational
GTFS_ROUTE_18194,CHENNAI_COMMUNITY_GTFS,18194,MTC,53G,Poonamallee B.T TO Padurmedu,bus,3,operational
GTFS_ROUTE_18195,CHENNAI_COMMUNITY_GTFS,18195,MTC,53G,Padurmedu TO Poonamallee B.T,bus,3,operational
GTFS_ROUTE_19272,CHENNAI_COMMUNITY_GTFS,19272,MTC,121D CT,Moolakadai TO Manali New Town,bus,3,operational
GTFS_ROUTE_18196,CHENNAI_COMMUNITY_GTFS,18196,MTC,53P,Poonamallee B.T TO Pattur,bus,3,operational
GTFS_ROUTE_11915,CHENNAI_COMMUNITY_GTFS,11915,MTC,55K,Guduvanchery TO Kumizhi,bus,3,operational
GTFS_ROUTE_23961,CHENNAI_COMMUNITY_GTFS,23961,MTC,1C CT5,Tondairpet-1 Depot TO Ennore Bus TerminuS,bus,3,operational
GTFS_ROUTE_19946,CHENNAI_COMMUNITY_GTFS,19946,MTC,25K CT1,Poonamallee Bus Terminus to Vadapalani Bus Stand,bus,3,operational
GTFS_ROUTE_23962,CHENNAI_COMMUNITY_GTFS,23962,MTC,1C CT3,Thiruvanmiyur Bus Stand TO Tondairpet-1 Depot,bus,3,operational
GTFS_ROUTE_19947,CHENNAI_COMMUNITY_GTFS,19947,MTC,25K CT,Anna Square Bus Terminus one to M.G.R.Koyambedu Bus Terminus,bus,3,operational
GTFS_ROUTE_12163,CHENNAI_COMMUNITY_GTFS,12163,MTC,580,Kallur TO Avadi B.T,bus,3,operational
GTFS_ROUTE_18198,CHENNAI_COMMUNITY_GTFS,18198,MTC,53P,Pattur TO Poonamallee B.T,bus,3,operational
GTFS_ROUTE_19948,CHENNAI_COMMUNITY_GTFS,19948,MTC,25K CT,M.G.R.Koyambedu Bus Terminus to Anna Square Bus Terminus one,bus,3,operational
GTFS_ROUTE_23963,CHENNAI_COMMUNITY_GTFS,23963,MTC,21G CT,Mandaveli TO Royapuram,bus,3,operational
GTFS_ROUTE_23964,CHENNAI_COMMUNITY_GTFS,23964,MTC,21G CT1,Royapuram TO Mandaveli,bus,3,operational
GTFS_ROUTE_19949,CHENNAI_COMMUNITY_GTFS,19949,MTC,25K,M.G.R.Koyambedu Bus Terminus to Poonamallee Bus Terminus,bus,3,operational
GTFS_ROUTE_19950,CHENNAI_COMMUNITY_GTFS,19950,MTC,25K,Poonamallee Bus Terminus to M.G.R.Koyambedu Bus Terminus,bus,3,operational
GTFS_ROUTE_12797,CHENNAI_COMMUNITY_GTFS,12797,MTC,77FCt,Avadi B.T TO Vadathur,bus,3,operational
GTFS_ROUTE_23965,CHENNAI_COMMUNITY_GTFS,23965,MTC,S35,Defence Colony TO Ashok Nagar Metro R.S,bus,3,operational
GTFS_ROUTE_12848,CHENNAI_COMMUNITY_GTFS,12848,MTC,88R,Amarambedu TO Saidapet,bus,3,operational
GTFS_ROUTE_9052,CHENNAI_COMMUNITY_GTFS,9052,MTC,154E,Vellavedu TO Saidapet Metro,bus,3,operational
GTFS_ROUTE_19951,CHENNAI_COMMUNITY_GTFS,19951,MTC,25K,Poonamallee Bus Terminus to Anna Square Bus Terminus one,bus,3,operational
GTFS_ROUTE_18204,CHENNAI_COMMUNITY_GTFS,18204,MTC,54C,Poonamallee TO Annambedu,bus,3,operational
GTFS_ROUTE_10642,CHENNAI_COMMUNITY_GTFS,10642,MTC,104K,Kilambakkam B.T TO Redhills,bus,3,operational
GTFS_ROUTE_19279,CHENNAI_COMMUNITY_GTFS,19279,MTC,V51 CT,Nehru Nagar TO Kilambakkam,bus,3,operational
GTFS_ROUTE_23967,CHENNAI_COMMUNITY_GTFS,23967,MTC,S35,Ashok Pillar TO Defence Colony,bus,3,operational
GTFS_ROUTE_19280,CHENNAI_COMMUNITY_GTFS,19280,MTC,V51 CT1,Nehru Nagar TO Thiyagarayanagar Terminus,bus,3,operational
GTFS_ROUTE_19952,CHENNAI_COMMUNITY_GTFS,19952,MTC,25K,Anna Square Bus Terminus one to Poonamallee Bus Terminus,bus,3,operational
GTFS_ROUTE_19282,CHENNAI_COMMUNITY_GTFS,19282,MTC,11M CT4,Panagal Park TO Iyyappanthangal  B.S,bus,3,operational
GTFS_ROUTE_19283,CHENNAI_COMMUNITY_GTFS,19283,MTC,142 CT,Perambur B.S TO Redhills B.S,bus,3,operational
GTFS_ROUTE_19284,CHENNAI_COMMUNITY_GTFS,19284,MTC,57X CT2,Periyapalayam TO Redhills Bus Terminus,bus,3,operational
GTFS_ROUTE_18212,CHENNAI_COMMUNITY_GTFS,18212,MTC,54K,Poonamallee B.T TO Nemam,bus,3,operational
GTFS_ROUTE_18213,CHENNAI_COMMUNITY_GTFS,18213,MTC,54K,Nemam TO Poonamallee B.T,bus,3,operational
GTFS_ROUTE_23968,CHENNAI_COMMUNITY_GTFS,23968,MTC,S86,Thyagaraya Nagar TO Ramapuram,bus,3,operational
GTFS_ROUTE_23969,CHENNAI_COMMUNITY_GTFS,23969,MTC,S86,Ramapuram TO Thyagaraya Nagar,bus,3,operational
GTFS_ROUTE_19287,CHENNAI_COMMUNITY_GTFS,19287,MTC,66P CT6,Kilambakkam B.S TO Iyyappanthangal B.S,bus,3,operational
GTFS_ROUTE_23970,CHENNAI_COMMUNITY_GTFS,23970,MTC,S97,K.K.Nagar TO Guindy Metro,bus,3,operational
GTFS_ROUTE_23971,CHENNAI_COMMUNITY_GTFS,23971,MTC,S97,Guindy Metro TO Velachery B.T,bus,3,operational
GTFS_ROUTE_23972,CHENNAI_COMMUNITY_GTFS,23972,MTC,70C R,Kilambakkam Bus Terminus TO K K Nagar,bus,3,operational
GTFS_ROUTE_19955,CHENNAI_COMMUNITY_GTFS,19955,MTC,114 CT3,Redhills Bt TO M.G.R.Koyambedu,bus,3,operational
GTFS_ROUTE_19956,CHENNAI_COMMUNITY_GTFS,19956,MTC,114 CUT,M.M.B.T TO M.G.R.Koyambedu,bus,3,operational
GTFS_ROUTE_22452,CHENNAI_COMMUNITY_GTFS,22452,MTC,7M CT3,Golden Flats TO Island ground,bus,3,operational
GTFS_ROUTE_23973,CHENNAI_COMMUNITY_GTFS,23973,MTC,70C R,M.G.R.Koyambedu TO Kilambakkam B.T,bus,3,operational
GTFS_ROUTE_23974,CHENNAI_COMMUNITY_GTFS,23974,MTC,70C R1,Kilambakkam B.T TO M.G.R.Koyambedu,bus,3,operational
GTFS_ROUTE_10937,CHENNAI_COMMUNITY_GTFS,10937,MTC,114E,Koyambedu Market TO New Erumaivetti Palayam,bus,3,operational
GTFS_ROUTE_23975,CHENNAI_COMMUNITY_GTFS,23975,MTC,70C CT14,M.G.R.Koyambedu TO Vadapalani Bus Stand,bus,3,operational
GTFS_ROUTE_12850,CHENNAI_COMMUNITY_GTFS,12850,MTC,88R,Iyyappanthangal TO Saidapet,bus,3,operational
GTFS_ROUTE_18216,CHENNAI_COMMUNITY_GTFS,18216,MTC,54P,Poonamallee B.T TO Thyagaraya Nagar,bus,3,operational
GTFS_ROUTE_23976,CHENNAI_COMMUNITY_GTFS,23976,MTC,70C CT20,Vadapalani  TO  M.G.R.Koyambedu,bus,3,operational
GTFS_ROUTE_11284,CHENNAI_COMMUNITY_GTFS,11284,MTC,38D,Thiruvotriyur B.T TO Egmore North R.S,bus,3,operational
GTFS_ROUTE_18217,CHENNAI_COMMUNITY_GTFS,18217,MTC,54P,Thyagaraya Nagar TO Poonamallee B.T,bus,3,operational
GTFS_ROUTE_19957,CHENNAI_COMMUNITY_GTFS,19957,MTC,114 CT5,M.G.R.Koyambedu TO M.M.B.T,bus,3,operational
GTFS_ROUTE_23978,CHENNAI_COMMUNITY_GTFS,23978,MTC,MAA2,Meeanambakkam International Airport TO Siruseri It Park,bus,3,operational
GTFS_ROUTE_18220,CHENNAI_COMMUNITY_GTFS,18220,MTC,54T,Poonamallee  B.S TO Chembarambakkam,bus,3,operational
GTFS_ROUTE_18222,CHENNAI_COMMUNITY_GTFS,18222,MTC,54V,Veppampattu R.S TO Poonamallee B.T,bus,3,operational
GTFS_ROUTE_18218,CHENNAI_COMMUNITY_GTFS,18218,MTC,54S,Poonamallee B.T TO Vadakku Malaiambakkam,bus,3,operational
GTFS_ROUTE_18219,CHENNAI_COMMUNITY_GTFS,18219,MTC,54S,Poonamallee TO Saidapet,bus,3,operational
GTFS_ROUTE_18221,CHENNAI_COMMUNITY_GTFS,18221,MTC,54T,Chembarambakkam TO Poonamallee  B.S,bus,3,operational
GTFS_ROUTE_18224,CHENNAI_COMMUNITY_GTFS,18224,MTC,54VCt,Veppampattu R.S TO Poonamallee B.T,bus,3,operational
GTFS_ROUTE_18225,CHENNAI_COMMUNITY_GTFS,18225,MTC,54VCt,Poonamallee B.T TO Veppampattu R.S,bus,3,operational
GTFS_ROUTE_19958,CHENNAI_COMMUNITY_GTFS,19958,MTC,114 CT2,Anna Nagar West TO M.G.R.Koyambedu,bus,3,operational
GTFS_ROUTE_12803,CHENNAI_COMMUNITY_GTFS,12803,MTC,77P,Avadi B.T TO Poochiathipedu,bus,3,operational
GTFS_ROUTE_10632,CHENNAI_COMMUNITY_GTFS,10632,MTC,18K,M.G.R.Central TO Saidapet West,bus,3,operational
GTFS_ROUTE_10634,CHENNAI_COMMUNITY_GTFS,10634,MTC,18K,Saidapet West TO M.G.R.Central,bus,3,operational
GTFS_ROUTE_18223,CHENNAI_COMMUNITY_GTFS,18223,MTC,54V,Poonamallee B.T TO Veppampattu R.S,bus,3,operational
GTFS_ROUTE_12711,CHENNAI_COMMUNITY_GTFS,12711,MTC,72Ct,M.G.R.Koyambedu TO Todd Hunter Nagar,bus,3,operational
GTFS_ROUTE_12543,CHENNAI_COMMUNITY_GTFS,12543,MTC,65A,Poonamallee B.T TO Thyagaraya Nagar,bus,3,operational
GTFS_ROUTE_17488,CHENNAI_COMMUNITY_GTFS,17488,MTC,95,Thiruvanmiyur Bs TO Tambaram East,bus,3,operational
GTFS_ROUTE_18230,CHENNAI_COMMUNITY_GTFS,18230,MTC,578,Poonamallee B.T TO Sriperumbudur,bus,3,operational
GTFS_ROUTE_23980,CHENNAI_COMMUNITY_GTFS,23980,MTC,113A,Guindy B.S TO Teachers Colony,bus,3,operational
GTFS_ROUTE_12789,CHENNAI_COMMUNITY_GTFS,12789,MTC,77K,Karukku TO M.G.R.Koyambedu,bus,3,operational
GTFS_ROUTE_12502,CHENNAI_COMMUNITY_GTFS,12502,MTC,62B,J.J.Nagar West TO Ambattur I.E,bus,3,operational
GTFS_ROUTE_16562,CHENNAI_COMMUNITY_GTFS,16562,MTC,22,Ayanavaram TO Anna Square,bus,3,operational
GTFS_ROUTE_19305,CHENNAI_COMMUNITY_GTFS,19305,MTC,104 CT,Redhills B.S To  Madhavaram B.S,bus,3,operational
GTFS_ROUTE_8341,CHENNAI_COMMUNITY_GTFS,8341,MTC,6D,Kilambakkam B.S TO Thiruvanmiyur,bus,3,operational
GTFS_ROUTE_8342,CHENNAI_COMMUNITY_GTFS,8342,MTC,6D,Thiruvanmiyur TO Kilambakkam B.S,bus,3,operational
GTFS_ROUTE_23981,CHENNAI_COMMUNITY_GTFS,23981,MTC,113A,Teachers Colony TO Guindy B.S,bus,3,operational
GTFS_ROUTE_11836,CHENNAI_COMMUNITY_GTFS,11836,MTC,555S,Kilambakkam B.T TO Perumpakkam S.C.B,bus,3,operational
GTFS_ROUTE_16250,CHENNAI_COMMUNITY_GTFS,16250,MTC,297,Kilambakkam B.T TO Thiruvallur,bus,3,operational
GTFS_ROUTE_12712,CHENNAI_COMMUNITY_GTFS,12712,MTC,72Ct,Todd Hunter Nagar TO M.G.R.Koyambedu,bus,3,operational
GTFS_ROUTE_23982,CHENNAI_COMMUNITY_GTFS,23982,MTC,70CCt R,Kilambakkam B.S TO Ramapuram,bus,3,operational
GTFS_ROUTE_23985,CHENNAI_COMMUNITY_GTFS,23985,MTC,37D R,Kalaignar Nagar TO  Vallalar Nagar,bus,3,operational
GTFS_ROUTE_23984,CHENNAI_COMMUNITY_GTFS,23984,MTC,70CCt R1,Ramapuram TO Kilambakkam B.S,bus,3,operational
GTFS_ROUTE_23986,CHENNAI_COMMUNITY_GTFS,23986,MTC,37D R,Vallalar Nagar TO  Kalaignar Nagar,bus,3,operational
GTFS_ROUTE_8395,CHENNAI_COMMUNITY_GTFS,8395,MTC,5C,Mgr Central TO Thiruvanmiyur,bus,3,operational
GTFS_ROUTE_10202,CHENNAI_COMMUNITY_GTFS,10202,MTC,221,Saidapet TO Kelambakkam,bus,3,operational
GTFS_ROUTE_19962,CHENNAI_COMMUNITY_GTFS,19962,MTC,51 CT8,Cement Road TO Tambaram West,bus,3,operational
GTFS_ROUTE_12505,CHENNAI_COMMUNITY_GTFS,12505,MTC,62B,Redhills TO J.J.Nagar West,bus,3,operational
GTFS_ROUTE_10942,CHENNAI_COMMUNITY_GTFS,10942,MTC,121A,Koyambedu Market TO Manali,bus,3,operational
GTFS_ROUTE_23990,CHENNAI_COMMUNITY_GTFS,23990,MTC,99C,Tambaram West TO Semmancheri S.C.B,bus,3,operational
GTFS_ROUTE_8458,CHENNAI_COMMUNITY_GTFS,8458,MTC,21G,Kilambakkam Bus Terminus TO Mgr Central Station,bus,3,operational
GTFS_ROUTE_19307,CHENNAI_COMMUNITY_GTFS,19307,MTC,36V,Redhills B.S TO Thangal Tollgate,bus,3,operational
GTFS_ROUTE_23991,CHENNAI_COMMUNITY_GTFS,23991,MTC,99C,Semmancheri S.C.B TO Tambaram West,bus,3,operational
GTFS_ROUTE_23992,CHENNAI_COMMUNITY_GTFS,23992,MTC,102X R,Island ground Terminus TO Thiruporur,bus,3,operational
GTFS_ROUTE_23993,CHENNAI_COMMUNITY_GTFS,23993,MTC,102X R2,Thiruporur  TO  Island ground,bus,3,operational
GTFS_ROUTE_12790,CHENNAI_COMMUNITY_GTFS,12790,MTC,77B,Ambattur I.E TO Oragadam,bus,3,operational
GTFS_ROUTE_10780,CHENNAI_COMMUNITY_GTFS,10780,MTC,202,Avadi B.T TO Tambaram West,bus,3,operational
GTFS_ROUTE_8489,CHENNAI_COMMUNITY_GTFS,8489,MTC,S11,Velachery TO Guindy Race Course,bus,3,operational
GTFS_ROUTE_23994,CHENNAI_COMMUNITY_GTFS,23994,MTC,555S,Sholinganallur TO Kilambakkam B.T,bus,3,operational
GTFS_ROUTE_8486,CHENNAI_COMMUNITY_GTFS,8486,MTC,S11,Guindy Race Course TO Velachery,bus,3,operational
GTFS_ROUTE_12791,CHENNAI_COMMUNITY_GTFS,12791,MTC,77K,M.G.R.Koyambedu TO Avadi B.T,bus,3,operational
GTFS_ROUTE_23995,CHENNAI_COMMUNITY_GTFS,23995,MTC,95XCt,Kilambakkam B.T TO Sholinganallur,bus,3,operational
GTFS_ROUTE_9064,CHENNAI_COMMUNITY_GTFS,9064,MTC,552K,Kelambakkam Bus Terminal TO Saidapet,bus,3,operational
GTFS_ROUTE_23996,CHENNAI_COMMUNITY_GTFS,23996,MTC,95XCt R1,Shozhinganallur TO  Kilambakkam,bus,3,operational
GTFS_ROUTE_10730,CHENNAI_COMMUNITY_GTFS,10730,MTC,19D,Adyar B.T TO Perumpakkam S.C.B,bus,3,operational
GTFS_ROUTE_10939,CHENNAI_COMMUNITY_GTFS,10939,MTC,121C,Ennore TO Moolakadai,bus,3,operational
GTFS_ROUTE_9750,CHENNAI_COMMUNITY_GTFS,9750,MTC,19D,Semmancheri S.C.B TO Tambaram West,bus,3,operational
GTFS_ROUTE_9753,CHENNAI_COMMUNITY_GTFS,9753,MTC,19D,Tambaram West TO Semmancheri S.C.B,bus,3,operational
GTFS_ROUTE_2935,CHENNAI_COMMUNITY_GTFS,2935,MTC,S19,Chromepet TO Keelkattalai,bus,3,operational
GTFS_ROUTE_24002,CHENNAI_COMMUNITY_GTFS,24002,MTC,119G R,Perumpakkam S.C.B TO Guindy Tvk Estate,bus,3,operational
GTFS_ROUTE_20650,CHENNAI_COMMUNITY_GTFS,20650,MTC,88K CT3,Kundrathur B.S TO Thyagaraya Nagar,bus,3,operational
GTFS_ROUTE_19309,CHENNAI_COMMUNITY_GTFS,19309,MTC,114 R1,Redhills TO  Vallalar Nagar,bus,3,operational
GTFS_ROUTE_11347,CHENNAI_COMMUNITY_GTFS,11347,MTC,45A,Madipakkam B.T TO N.G.O.Colony,bus,3,operational
GTFS_ROUTE_9293,CHENNAI_COMMUNITY_GTFS,9293,MTC,15C,Avadi TO M.G.R.Koyambedu,bus,3,operational
GTFS_ROUTE_19964,CHENNAI_COMMUNITY_GTFS,19964,MTC,51 CT10,Kilambakkam Bus Terminus TO Velachery,bus,3,operational
GTFS_ROUTE_24003,CHENNAI_COMMUNITY_GTFS,24003,MTC,119G R,Guindy Tvk Estate TO Perumpakkam S.C.B,bus,3,operational
GTFS_ROUTE_24004,CHENNAI_COMMUNITY_GTFS,24004,MTC,21G ct7,Island ground TO Tambaram West,bus,3,operational
GTFS_ROUTE_10781,CHENNAI_COMMUNITY_GTFS,10781,MTC,202,Tambaram West TO Avadi B.T,bus,3,operational
GTFS_ROUTE_12792,CHENNAI_COMMUNITY_GTFS,12792,MTC,77B,M.G.R.Koyambedu TO Oragadam,bus,3,operational
GTFS_ROUTE_24006,CHENNAI_COMMUNITY_GTFS,24006,MTC,570,M.G.R.Koyambedu TO Kelambakkam,bus,3,operational
GTFS_ROUTE_12794,CHENNAI_COMMUNITY_GTFS,12794,MTC,77K,M.G.R.Koyambedu TO Karukku,bus,3,operational
GTFS_ROUTE_24007,CHENNAI_COMMUNITY_GTFS,24007,MTC,570,Kelambakkam TO M.G.R.Koyambedu,bus,3,operational
GTFS_ROUTE_16360,CHENNAI_COMMUNITY_GTFS,16360,MTC,19D,Besant Nagar TO Semmancheri S.C.B,bus,3,operational
GTFS_ROUTE_10737,CHENNAI_COMMUNITY_GTFS,10737,MTC,19D,Mandaveli TO Semmancheri S.C.B,bus,3,operational
GTFS_ROUTE_24008,CHENNAI_COMMUNITY_GTFS,24008,MTC,570 CT2,Perumbakkam To  M.G.R.Koyambedu,bus,3,operational
GTFS_ROUTE_24009,CHENNAI_COMMUNITY_GTFS,24009,MTC,570 CT2,Siruseri I.T Park TO M.G.R.Koyambedu,bus,3,operational
GTFS_ROUTE_24010,CHENNAI_COMMUNITY_GTFS,24010,MTC,570 CT6,M.G.R.Koyambedu TO Siruseri I.T Park,bus,3,operational
GTFS_ROUTE_24011,CHENNAI_COMMUNITY_GTFS,24011,MTC,570 CT1,Perumbakkam To  Siruseri,bus,3,operational
GTFS_ROUTE_24012,CHENNAI_COMMUNITY_GTFS,24012,MTC,570 CT1,Siruseri  To  Perumbakkam,bus,3,operational
GTFS_ROUTE_24013,CHENNAI_COMMUNITY_GTFS,24013,MTC,99A,Tambaram West TO Sholinganallur,bus,3,operational
GTFS_ROUTE_16789,CHENNAI_COMMUNITY_GTFS,16789,MTC,109,Besant Nagar TO Kovalam,bus,3,operational
GTFS_ROUTE_24014,CHENNAI_COMMUNITY_GTFS,24014,MTC,99A,Sholinganallur TO Tambaram West,bus,3,operational
GTFS_ROUTE_24017,CHENNAI_COMMUNITY_GTFS,24017,MTC,99A CT3,Tambaram TO Perumbakkam Depot Scb,bus,3,operational
GTFS_ROUTE_19313,CHENNAI_COMMUNITY_GTFS,19313,MTC,V51CT,Saidapet to Medavakkam Bus Terminus,bus,3,operational
GTFS_ROUTE_24018,CHENNAI_COMMUNITY_GTFS,24018,MTC,99A CT3,Tambaram West TO Perumpakkam S.C.B,bus,3,operational
GTFS_ROUTE_10943,CHENNAI_COMMUNITY_GTFS,10943,MTC,121A,M.G.R.Koyambedu TO Manali,bus,3,operational
GTFS_ROUTE_10879,CHENNAI_COMMUNITY_GTFS,10879,MTC,129C,Besant Nagar TO Perambur B.T,bus,3,operational
GTFS_ROUTE_24020,CHENNAI_COMMUNITY_GTFS,24020,MTC,99A CT1,Perumpakkam S.C.B TO Tambaram West,bus,3,operational
GTFS_ROUTE_20654,CHENNAI_COMMUNITY_GTFS,20654,MTC,88K CT5,Thyagaraya Nagar TO Kundrathur B.S,bus,3,operational
GTFS_ROUTE_11378,CHENNAI_COMMUNITY_GTFS,11378,MTC,45B,Guindy Tvk Estate TO Mugalivakkam Mm Temple,bus,3,operational
GTFS_ROUTE_24021,CHENNAI_COMMUNITY_GTFS,24021,MTC,P570S R1,Siruseri It Park TO  M.G.R.Koyambedu,bus,3,operational
GTFS_ROUTE_24022,CHENNAI_COMMUNITY_GTFS,24022,MTC,P570S R,M.G.R.Koyambedu TO  Siruseri It Park,bus,3,operational
GTFS_ROUTE_11173,CHENNAI_COMMUNITY_GTFS,11173,MTC,36M,Thiruvotriyur B.T TO Vichoor,bus,3,operational
GTFS_ROUTE_11380,CHENNAI_COMMUNITY_GTFS,11380,MTC,45B,Mugalivakkam Mm Temple TO Anna Square,bus,3,operational
GTFS_ROUTE_11142,CHENNAI_COMMUNITY_GTFS,11142,MTC,29E,Thiruverkadu TO Poonamallee B.T,bus,3,operational
GTFS_ROUTE_11382,CHENNAI_COMMUNITY_GTFS,11382,MTC,45B,Mugalivakkam Mm Temple TO Guindy Tvk Estate,bus,3,operational
GTFS_ROUTE_9756,CHENNAI_COMMUNITY_GTFS,9756,MTC,19D,Tambaram West TO Perumpakkam S.C.B,bus,3,operational
GTFS_ROUTE_10731,CHENNAI_COMMUNITY_GTFS,10731,MTC,19D,Adyar B.T TO Semmancheri S.C.B,bus,3,operational
GTFS_ROUTE_24023,CHENNAI_COMMUNITY_GTFS,24023,MTC,99A,Sholinganallur TO Kilambakkam B.T,bus,3,operational
GTFS_ROUTE_19318,CHENNAI_COMMUNITY_GTFS,19318,MTC,19A CT,Semmancheri B.S TO Adyar B.S,bus,3,operational
GTFS_ROUTE_19319,CHENNAI_COMMUNITY_GTFS,19319,MTC,95XCt CT2,Semmancheri TO  Kilambakkam Bus Terminus,bus,3,operational
GTFS_ROUTE_12547,CHENNAI_COMMUNITY_GTFS,12547,MTC,64M,M.G.R.Central TO M.M.B.T,bus,3,operational
GTFS_ROUTE_11359,CHENNAI_COMMUNITY_GTFS,11359,MTC,40L,J.J.Nagar West TO Anna Square,bus,3,operational
GTFS_ROUTE_24024,CHENNAI_COMMUNITY_GTFS,24024,MTC,99A CT2,Kilambakkam Bus Terminus TO Shozhanganallur,bus,3,operational
GTFS_ROUTE_19321,CHENNAI_COMMUNITY_GTFS,19321,MTC,555S,Shozhinganallur TO  Perumbakkam Scb,bus,3,operational
GTFS_ROUTE_11437,CHENNAI_COMMUNITY_GTFS,11437,MTC,47CX,Ayappakkam TO Ambattur I.E,bus,3,operational
GTFS_ROUTE_19329,CHENNAI_COMMUNITY_GTFS,19329,MTC,578P,Sriperumbudur Bus Terminal to Poonamallee Bus Terminus,bus,3,operational
GTFS_ROUTE_19969,CHENNAI_COMMUNITY_GTFS,19969,MTC,51 CT14,Tambaram West TO Cement Road,bus,3,operational
GTFS_ROUTE_24025,CHENNAI_COMMUNITY_GTFS,24025,MTC,99 R,Tambaram West TO Adyar B.T,bus,3,operational
GTFS_ROUTE_12805,CHENNAI_COMMUNITY_GTFS,12805,MTC,77P,Koyambedu Market TO Poochiathipedu,bus,3,operational
GTFS_ROUTE_12713,CHENNAI_COMMUNITY_GTFS,12713,MTC,72M,Poonamallee B.T TO Thiruverkadu,bus,3,operational
GTFS_ROUTE_24026,CHENNAI_COMMUNITY_GTFS,24026,MTC,99 R,Adyar TO Tambaram West,bus,3,operational
GTFS_ROUTE_19337,CHENNAI_COMMUNITY_GTFS,19337,MTC,4 CT1,Vallalar Nagar TO Ennore,bus,3,operational
GTFS_ROUTE_19338,CHENNAI_COMMUNITY_GTFS,19338,MTC,23V CT,Velachery B.T TO Ayanavaram B.T,bus,3,operational
GTFS_ROUTE_19339,CHENNAI_COMMUNITY_GTFS,19339,MTC,76 CT,Velachery TO M.G.R.Koyambedu,bus,3,operational
GTFS_ROUTE_19340,CHENNAI_COMMUNITY_GTFS,19340,MTC,170T,Tambaram West TO Kaviarasu Kannadasan Nagar,bus,3,operational
GTFS_ROUTE_19341,CHENNAI_COMMUNITY_GTFS,19341,MTC,170T,Tambaram West TO M.G.R.Koyambedu,bus,3,operational
GTFS_ROUTE_19342,CHENNAI_COMMUNITY_GTFS,19342,MTC,55N,Tambaram West To Keerappakkam,bus,3,operational
GTFS_ROUTE_19343,CHENNAI_COMMUNITY_GTFS,19343,MTC,24AX,Teachers Colony TO Anna Nagar  B.S,bus,3,operational
GTFS_ROUTE_10784,CHENNAI_COMMUNITY_GTFS,10784,MTC,202X,Avadi B.T TO Kilambakkam B.T,bus,3,operational
GTFS_ROUTE_11807,CHENNAI_COMMUNITY_GTFS,11807,MTC,555G,Kilambakkam B.T TO Guduvanchery,bus,3,operational
GTFS_ROUTE_24027,CHENNAI_COMMUNITY_GTFS,24027,MTC,99 CT1,Adyar to  Perumbakkam,bus,3,operational
GTFS_ROUTE_19345,CHENNAI_COMMUNITY_GTFS,19345,MTC,36V,Thangal Tollgate TO Redhills B.S,bus,3,operational
GTFS_ROUTE_10944,CHENNAI_COMMUNITY_GTFS,10944,MTC,121A,Manali TO Koyambedu Market,bus,3,operational
GTFS_ROUTE_10945,CHENNAI_COMMUNITY_GTFS,10945,MTC,121A,Manali TO M.G.R.Koyambedu,bus,3,operational
GTFS_ROUTE_24028,CHENNAI_COMMUNITY_GTFS,24028,MTC,99 CT2,Perumbakkam TO  Adyar,bus,3,operational
GTFS_ROUTE_19348,CHENNAI_COMMUNITY_GTFS,19348,MTC,19 CT5,Thiruporur TO Adyar,bus,3,operational
GTFS_ROUTE_8672,CHENNAI_COMMUNITY_GTFS,8672,MTC,91V,Thiruvanmiyur TO Kilambakkam B.S,bus,3,operational
GTFS_ROUTE_15924,CHENNAI_COMMUNITY_GTFS,15924,MTC,170C,Alandur (Depot) TO Guindy Tvk Estate,bus,3,operational
GTFS_ROUTE_11809,CHENNAI_COMMUNITY_GTFS,11809,MTC,555G,Sholinganallur TO Guduvanchery,bus,3,operational
GTFS_ROUTE_17355,CHENNAI_COMMUNITY_GTFS,17355,MTC,102K,Secretariat TO Okk.Thoraipakm Sec.Colony,bus,3,operational
GTFS_ROUTE_19352,CHENNAI_COMMUNITY_GTFS,19352,MTC,66 CT5,Kundrathur TO Tambaram West,bus,3,operational
GTFS_ROUTE_19353,CHENNAI_COMMUNITY_GTFS,19353,MTC,66 CT6,Tambaram West Bus Stand TO Kundrathur,bus,3,operational
GTFS_ROUTE_24029,CHENNAI_COMMUNITY_GTFS,24029,MTC,99 CT,Tambaram West Bus Stand to Perumbakkam Bus Terminus,bus,3,operational
GTFS_ROUTE_19356,CHENNAI_COMMUNITY_GTFS,19356,MTC,597CEt CT3,Periya Colony TO Avadi B.T,bus,3,operational
GTFS_ROUTE_24030,CHENNAI_COMMUNITY_GTFS,24030,MTC,99 CT,Perumbakkam Bus Terminus  to  Tambaram West Bus Stand,bus,3,operational
GTFS_ROUTE_24031,CHENNAI_COMMUNITY_GTFS,24031,MTC,MAA1 CT3,Perumbakkam to Airport,bus,3,operational
GTFS_ROUTE_24032,CHENNAI_COMMUNITY_GTFS,24032,MTC,MAA1 CT2,Airport TO  Perumbakkam,bus,3,operational
GTFS_ROUTE_9312,CHENNAI_COMMUNITY_GTFS,9312,MTC,27B,Anna Square TO M.M.D.A.Colony,bus,3,operational
GTFS_ROUTE_15753,CHENNAI_COMMUNITY_GTFS,15753,MTC,170C,T.V.K.Nagar TO Madhavaram,bus,3,operational
GTFS_ROUTE_11483,CHENNAI_COMMUNITY_GTFS,11483,MTC,48A,Ambattur I.E TO Madhavaram B.T,bus,3,operational
GTFS_ROUTE_11486,CHENNAI_COMMUNITY_GTFS,11486,MTC,48A,Madhavaram B.T TO Ambattur I.E,bus,3,operational
GTFS_ROUTE_11487,CHENNAI_COMMUNITY_GTFS,11487,MTC,48A,Madhavaram B.T TO Koyambedu Market,bus,3,operational
GTFS_ROUTE_16267,CHENNAI_COMMUNITY_GTFS,16267,MTC,70V,Airport TO Kilambakkam,bus,3,operational
GTFS_ROUTE_15757,CHENNAI_COMMUNITY_GTFS,15757,MTC,170C,Vyasarpadi TO Guindy Bus Terminus,bus,3,operational
GTFS_ROUTE_24033,CHENNAI_COMMUNITY_GTFS,24033,MTC,MAA1 R,Kilambakkam TO Meeanambakkam International Airport,bus,3,operational
GTFS_ROUTE_12795,CHENNAI_COMMUNITY_GTFS,12795,MTC,77B,Oragadam TO M.G.R.Koyambedu,bus,3,operational
GTFS_ROUTE_10946,CHENNAI_COMMUNITY_GTFS,10946,MTC,121A,Manali TO Moolakadai,bus,3,operational
GTFS_ROUTE_19357,CHENNAI_COMMUNITY_GTFS,19357,MTC,597CEt CT1,Thirunindravoor B.T TO Periya Colony,bus,3,operational
GTFS_ROUTE_11088,CHENNAI_COMMUNITY_GTFS,11088,MTC,28B,Rajashanmugam Nagar TO Egmore North R.S,bus,3,operational
GTFS_ROUTE_24034,CHENNAI_COMMUNITY_GTFS,24034,MTC,MAA1 R,Chennai Airport TO Kilambakkam B.T,bus,3,operational
GTFS_ROUTE_24035,CHENNAI_COMMUNITY_GTFS,24035,MTC,MAA2 CT,Perumbakkam TO  Chennai Airport,bus,3,operational
GTFS_ROUTE_11245,CHENNAI_COMMUNITY_GTFS,11245,MTC,37Ct,M.G.R.Koyambedu TO Vallalar Nagar,bus,3,operational
GTFS_ROUTE_24036,CHENNAI_COMMUNITY_GTFS,24036,MTC,MAA2 CT,Chennai Airport  TO  Perumbakkam Scb,bus,3,operational
GTFS_ROUTE_11175,CHENNAI_COMMUNITY_GTFS,11175,MTC,31P,Ponmar TO Tambaram West,bus,3,operational
GTFS_ROUTE_16990,CHENNAI_COMMUNITY_GTFS,16990,MTC,95,Sholinganallur TO Tambaram East,bus,3,operational
GTFS_ROUTE_11360,CHENNAI_COMMUNITY_GTFS,11360,MTC,40N,Anna Nagar West TO J.J.Nagar East,bus,3,operational
GTFS_ROUTE_11351,CHENNAI_COMMUNITY_GTFS,11351,MTC,45A,N.G.O.Colony TO Madipakkam B.T,bus,3,operational
GTFS_ROUTE_11367,CHENNAI_COMMUNITY_GTFS,11367,MTC,45B,Anna Square TO Cement Road,bus,3,operational
GTFS_ROUTE_12548,CHENNAI_COMMUNITY_GTFS,12548,MTC,64M,M.M.B.T TO M.G.R.Central,bus,3,operational
GTFS_ROUTE_24037,CHENNAI_COMMUNITY_GTFS,24037,MTC,MAA2 R,Airport TO Siruseri It Park,bus,3,operational
GTFS_ROUTE_15861,CHENNAI_COMMUNITY_GTFS,15861,MTC,56D,Tondairpet-1 Depot TO Manali Bus Terminus,bus,3,operational
GTFS_ROUTE_12527,CHENNAI_COMMUNITY_GTFS,12527,MTC,65H,Avadi B.T TO Redhills,bus,3,operational
GTFS_ROUTE_12643,CHENNAI_COMMUNITY_GTFS,12643,MTC,70A,Redhills TO M.G.R.Koyambedu,bus,3,operational
GTFS_ROUTE_12641,CHENNAI_COMMUNITY_GTFS,12641,MTC,70A,M.G.R.Koyambedu TO Ambattur I.E,bus,3,operational
GTFS_ROUTE_10947,CHENNAI_COMMUNITY_GTFS,10947,MTC,121A,Manali TO Tondiarpet,bus,3,operational
GTFS_ROUTE_11086,CHENNAI_COMMUNITY_GTFS,11086,MTC,28B,Ennore TO Vallalar Nagar,bus,3,operational
GTFS_ROUTE_19977,CHENNAI_COMMUNITY_GTFS,19977,MTC,51 CT15,Saidapet TO Kilambakkam Bus Terminus,bus,3,operational
GTFS_ROUTE_16994,CHENNAI_COMMUNITY_GTFS,16994,MTC,95,Thiruvanmiyur TO Tambaram West,bus,3,operational
GTFS_ROUTE_24038,CHENNAI_COMMUNITY_GTFS,24038,MTC,MAA2 R1,Siruseri It Park TO Airport,bus,3,operational
GTFS_ROUTE_19361,CHENNAI_COMMUNITY_GTFS,19361,MTC,597CEt CT4,Poonamallee B.T TO Avadi B.T,bus,3,operational
GTFS_ROUTE_24039,CHENNAI_COMMUNITY_GTFS,24039,MTC,MAA2 CT1,Siruseri It Park  To  Perumbakkam Scb,bus,3,operational
GTFS_ROUTE_24040,CHENNAI_COMMUNITY_GTFS,24040,MTC,MAA2 CT1,Perumbakkam Scb To  Siruseri It Park,bus,3,operational
GTFS_ROUTE_15925,CHENNAI_COMMUNITY_GTFS,15925,MTC,170C,Guindy Tvk Estate TO Alandur (Depot),bus,3,operational
GTFS_ROUTE_10948,CHENNAI_COMMUNITY_GTFS,10948,MTC,121A,Moolakadai TO Manali,bus,3,operational
GTFS_ROUTE_22661,CHENNAI_COMMUNITY_GTFS,22661,MTC,101X CT13,Royapuram TO Vellavedu,bus,3,operational
GTFS_ROUTE_11176,CHENNAI_COMMUNITY_GTFS,11176,MTC,31P,Tambaram West TO Ponmar,bus,3,operational
GTFS_ROUTE_10885,CHENNAI_COMMUNITY_GTFS,10885,MTC,121MEt,M.G.R.Koyambedu TO Manali,bus,3,operational
GTFS_ROUTE_11089,CHENNAI_COMMUNITY_GTFS,11089,MTC,28B,Vallalar Nagar TO Ennore,bus,3,operational
GTFS_ROUTE_17904,CHENNAI_COMMUNITY_GTFS,17904,MTC,12B,Foreshore Estate TO Saligramam Bus Stand,bus,3,operational
GTFS_ROUTE_11178,CHENNAI_COMMUNITY_GTFS,11178,MTC,36M,Vichoor TO Thiruvotriyur B.T,bus,3,operational
GTFS_ROUTE_12530,CHENNAI_COMMUNITY_GTFS,12530,MTC,65G,Meyyur TO Thamaraipakkam Rd.Jn,bus,3,operational
GTFS_ROUTE_11147,CHENNAI_COMMUNITY_GTFS,11147,MTC,29D,Mathur M.M.D.A. TO Vivekananda House,bus,3,operational
GTFS_ROUTE_19363,CHENNAI_COMMUNITY_GTFS,19363,MTC,597CEt CT5,Avadi B.T TO Periya Colony,bus,3,operational
GTFS_ROUTE_11090,CHENNAI_COMMUNITY_GTFS,11090,MTC,31G,Medavakkam Rd.Jn TO Tambaram West,bus,3,operational
GTFS_ROUTE_24041,CHENNAI_COMMUNITY_GTFS,24041,MTC,95X R1,Thiruvanmiyur TO Kilambakkam B.T,bus,3,operational
GTFS_ROUTE_12714,CHENNAI_COMMUNITY_GTFS,12714,MTC,72M,Thiruverkadu TO Poonamallee B.T,bus,3,operational
GTFS_ROUTE_11247,CHENNAI_COMMUNITY_GTFS,11247,MTC,37Ct,Vadapalani TO M.G.R.Koyambedu,bus,3,operational
GTFS_ROUTE_16998,CHENNAI_COMMUNITY_GTFS,16998,MTC,95,Tambaram East TO Sholinganallur,bus,3,operational
GTFS_ROUTE_11341,CHENNAI_COMMUNITY_GTFS,11341,MTC,40H,Avadi B.T TO Pattabiram,bus,3,operational
GTFS_ROUTE_24042,CHENNAI_COMMUNITY_GTFS,24042,MTC,95X R,Kilambakkam B.T TO Thiruvanmiyur,bus,3,operational
GTFS_ROUTE_24043,CHENNAI_COMMUNITY_GTFS,24043,MTC,95X CT3,Perumbakkam Scb  TO   Kilambakkam Bus Terminus,bus,3,operational
GTFS_ROUTE_18239,CHENNAI_COMMUNITY_GTFS,18239,MTC,D70 CT,Guindy Tvk Estate TO Ambattur I.E,bus,3,operational
GTFS_ROUTE_18241,CHENNAI_COMMUNITY_GTFS,18241,MTC,D70 CT1,Velachery B.T TO Guindy Tvk Estate,bus,3,operational
GTFS_ROUTE_19364,CHENNAI_COMMUNITY_GTFS,19364,MTC,597CEt,Thirunindravoor B.T TO Poonamallee B.T,bus,3,operational
GTFS_ROUTE_19979,CHENNAI_COMMUNITY_GTFS,19979,MTC,51 CT4,Velachery B.T TO Saidapet,bus,3,operational
GTFS_ROUTE_7307,CHENNAI_COMMUNITY_GTFS,7307,MTC,48K,Kallikuppam Tea Kadai Bus Stop TO Vallalar Nagar,bus,3,operational
GTFS_ROUTE_10949,CHENNAI_COMMUNITY_GTFS,10949,MTC,121A,Tondiarpet TO Manali,bus,3,operational
GTFS_ROUTE_24044,CHENNAI_COMMUNITY_GTFS,24044,MTC,95X CT2,Kilambakkam Bus Terminus TO Perumbakkam Scb,bus,3,operational
GTFS_ROUTE_11091,CHENNAI_COMMUNITY_GTFS,11091,MTC,31G,Tambaram West TO Medavakkam Rd.Jn,bus,3,operational
GTFS_ROUTE_24045,CHENNAI_COMMUNITY_GTFS,24045,MTC,95X CT3,Perumbakkam Scb TO  Thiruvanmiyur Depot,bus,3,operational
GTFS_ROUTE_15798,CHENNAI_COMMUNITY_GTFS,15798,MTC,66PX,Poonamallee B.S TO Guduvancheri B.S,bus,3,operational
GTFS_ROUTE_24046,CHENNAI_COMMUNITY_GTFS,24046,MTC,95X CT,Thiruvanmiyur Bus Stand  TO  Perumbakkam Scb,bus,3,operational
GTFS_ROUTE_24047,CHENNAI_COMMUNITY_GTFS,24047,MTC,102E,Siruseri To Thiruvanmiyur,bus,3,operational
GTFS_ROUTE_19368,CHENNAI_COMMUNITY_GTFS,19368,MTC,72 CT3,Thiruverkadu Bus Terminus TO Todd Hunter Nagar,bus,3,operational
GTFS_ROUTE_19369,CHENNAI_COMMUNITY_GTFS,19369,MTC,29E CT,Thiruverkadu TO M.G.R.Koyambedu,bus,3,operational
GTFS_ROUTE_11453,CHENNAI_COMMUNITY_GTFS,11453,MTC,48P,Vallalar Nagar TO Ayanavaram B.T,bus,3,operational
GTFS_ROUTE_19371,CHENNAI_COMMUNITY_GTFS,19371,MTC,56C CT1,Thiruvotiyur B.T TO Tondiarpet,bus,3,operational
GTFS_ROUTE_12517,CHENNAI_COMMUNITY_GTFS,12517,MTC,62M,Poonamallee B.T TO M.M.B.T,bus,3,operational
GTFS_ROUTE_24048,CHENNAI_COMMUNITY_GTFS,24048,MTC,102E,Thiruvanmiyur To Siruseri,bus,3,operational
GTFS_ROUTE_12513,CHENNAI_COMMUNITY_GTFS,12513,MTC,62M,M.M.B.T TO Madhavaram,bus,3,operational
GTFS_ROUTE_12514,CHENNAI_COMMUNITY_GTFS,12514,MTC,62M,M.M.B.T TO Poonamallee B.T,bus,3,operational
GTFS_ROUTE_24049,CHENNAI_COMMUNITY_GTFS,24049,MTC,102E CT2,Perumbakkam Bus Terminus TO  Thiruvanmiyur,bus,3,operational
GTFS_ROUTE_19373,CHENNAI_COMMUNITY_GTFS,19373,MTC,19 CT7,Thiyagaraya Nagar TO Adyar,bus,3,operational
GTFS_ROUTE_11150,CHENNAI_COMMUNITY_GTFS,11150,MTC,29D,Moolakadai TO Vivekananda House,bus,3,operational
GTFS_ROUTE_19374,CHENNAI_COMMUNITY_GTFS,19374,MTC,19A CT,Thiyagarayanagar TO Adyar B.S,bus,3,operational
GTFS_ROUTE_11027,CHENNAI_COMMUNITY_GTFS,11027,MTC,114S,Koyambedu Market TO Seemavaram,bus,3,operational
GTFS_ROUTE_11454,CHENNAI_COMMUNITY_GTFS,11454,MTC,48P,Vallalar Nagar TO Puthagaram,bus,3,operational
GTFS_ROUTE_19375,CHENNAI_COMMUNITY_GTFS,19375,MTC,V51 CT2,Thiyagaraya Nagar TO Nehru Nagar,bus,3,operational
GTFS_ROUTE_18252,CHENNAI_COMMUNITY_GTFS,18252,MTC,99X,Adyar B.T TO Kilambakkam B.T,bus,3,operational
GTFS_ROUTE_24050,CHENNAI_COMMUNITY_GTFS,24050,MTC,102E CT1,Thiruvanmiyur  TO  Perumbakkam Bus Terminus,bus,3,operational
GTFS_ROUTE_10951,CHENNAI_COMMUNITY_GTFS,10951,MTC,114E,New Erumaivetti Palayam TO Koyambedu Market,bus,3,operational
GTFS_ROUTE_24051,CHENNAI_COMMUNITY_GTFS,24051,MTC,19 R,Thiyagaraya Nagar TO Thiruporur,bus,3,operational
GTFS_ROUTE_24052,CHENNAI_COMMUNITY_GTFS,24052,MTC,19,Thiruporur TO Thiyagaraya Nagar,bus,3,operational
GTFS_ROUTE_19377,CHENNAI_COMMUNITY_GTFS,19377,MTC,19AX,Thiyagarayanagar Terminus to Perumbakkam Scb,bus,3,operational
GTFS_ROUTE_24053,CHENNAI_COMMUNITY_GTFS,24053,MTC,19 CT,Perumpakkam S.C.B TO Thiruporur,bus,3,operational
GTFS_ROUTE_12536,CHENNAI_COMMUNITY_GTFS,12536,MTC,65CCt,Ambattur I.E TO Pakkam Village,bus,3,operational
GTFS_ROUTE_19380,CHENNAI_COMMUNITY_GTFS,19380,MTC,19BEt CT,Thiyagarayanagar Terminus TO Thiruporur B.S,bus,3,operational
GTFS_ROUTE_19381,CHENNAI_COMMUNITY_GTFS,19381,MTC,3 CT,Thiyagarayanagar Terminus TO Velachery,bus,3,operational
GTFS_ROUTE_19383,CHENNAI_COMMUNITY_GTFS,19383,MTC,19 CT2,Thyagaraya Nagar TO Kannagi Nagar S.C.B,bus,3,operational
GTFS_ROUTE_19384,CHENNAI_COMMUNITY_GTFS,19384,MTC,72 CT6,Todd Hunter Nagar TO M.G.R.Koyambedu Bus Terminus,bus,3,operational
GTFS_ROUTE_24054,CHENNAI_COMMUNITY_GTFS,24054,MTC,19 CT6,Thiruporur TO Perumpakkam S.C.B,bus,3,operational
GTFS_ROUTE_19387,CHENNAI_COMMUNITY_GTFS,19387,MTC,18A Ct,Tondiarpet TO Kilambakkam B.S,bus,3,operational
GTFS_ROUTE_19388,CHENNAI_COMMUNITY_GTFS,19388,MTC,38D CT,Tondiarpet TO Thiruvotiyur B.T,bus,3,operational
GTFS_ROUTE_11275,CHENNAI_COMMUNITY_GTFS,11275,MTC,38C,Otteri TO T.V.K.Nagar,bus,3,operational
GTFS_ROUTE_19385,CHENNAI_COMMUNITY_GTFS,19385,MTC,72 CT7,Todd Hunter Nagar TO Thiruverkadu Bus Terminus,bus,3,operational
GTFS_ROUTE_20671,CHENNAI_COMMUNITY_GTFS,20671,MTC,2A R,Anna Square TO K.Kannadasan Nagar,bus,3,operational
GTFS_ROUTE_19389,CHENNAI_COMMUNITY_GTFS,19389,MTC,56C CT,Tondiarpet TO Thiruvotiyur B.T,bus,3,operational
GTFS_ROUTE_19391,CHENNAI_COMMUNITY_GTFS,19391,MTC,36M CT,Tondiarpet TO Vichoor,bus,3,operational
GTFS_ROUTE_19392,CHENNAI_COMMUNITY_GTFS,19392,MTC,114 CT,Vallalar Nagar TO  Vyasarpadi Depot,bus,3,operational
GTFS_ROUTE_19393,CHENNAI_COMMUNITY_GTFS,19393,MTC,48B CT1,Vallalar Nagar TO  Vyasarpadi Depot,bus,3,operational
GTFS_ROUTE_19394,CHENNAI_COMMUNITY_GTFS,19394,MTC,55K CT4,Airport Metro TO Keerapakkam,bus,3,operational
GTFS_ROUTE_18269,CHENNAI_COMMUNITY_GTFS,18269,MTC,588,Mamallapuram TO Thiruvanmiyur,bus,3,operational
GTFS_ROUTE_24055,CHENNAI_COMMUNITY_GTFS,24055,MTC,19 CT1,Perumpakkam S.C.B TO Thyagaraya Nagar,bus,3,operational
GTFS_ROUTE_18268,CHENNAI_COMMUNITY_GTFS,18268,MTC,S3X,Jothi Nagar Madambakkam TO Chromepet Esi,bus,3,operational
GTFS_ROUTE_18270,CHENNAI_COMMUNITY_GTFS,18270,MTC,104G,Kilambakkam B.T TO M.K.B.Nagar,bus,3,operational
GTFS_ROUTE_10890,CHENNAI_COMMUNITY_GTFS,10890,MTC,114C,M.G.R.Koyambedu TO Redhills,bus,3,operational
GTFS_ROUTE_11094,CHENNAI_COMMUNITY_GTFS,11094,MTC,31M,Tambaram West TO Madurapakkam,bus,3,operational
GTFS_ROUTE_19395,CHENNAI_COMMUNITY_GTFS,19395,MTC,55K CT5,Airport Metro TO Kilambakkam B.S,bus,3,operational
GTFS_ROUTE_10889,CHENNAI_COMMUNITY_GTFS,10889,MTC,121MEt,Moolakadai TO M.G.R.Koyambedu,bus,3,operational
GTFS_ROUTE_11482,CHENNAI_COMMUNITY_GTFS,11482,MTC,48AEt,Madhavaram B.T TO J.J.Nagar West,bus,3,operational
GTFS_ROUTE_19396,CHENNAI_COMMUNITY_GTFS,19396,MTC,S43 CT,Pudur TO Ayanavaram B.S,bus,3,operational
GTFS_ROUTE_24056,CHENNAI_COMMUNITY_GTFS,24056,MTC,19 CT1,Thiyagaraya Nagar TO Perumpakkam S.C.B,bus,3,operational
GTFS_ROUTE_24057,CHENNAI_COMMUNITY_GTFS,24057,MTC,555S CT,Siruseri I.T Park TO Kilambakkam B.T,bus,3,operational
GTFS_ROUTE_19397,CHENNAI_COMMUNITY_GTFS,19397,MTC,3 CT4,Velachery TO Thiyagarayanagar Terminus,bus,3,operational
GTFS_ROUTE_19398,CHENNAI_COMMUNITY_GTFS,19398,MTC,36M CT,Vichoor TO Tondiarpet,bus,3,operational
GTFS_ROUTE_19400,CHENNAI_COMMUNITY_GTFS,19400,MTC,S69 CT,Airport Metro TO Cement Road,bus,3,operational
GTFS_ROUTE_11121,CHENNAI_COMMUNITY_GTFS,11121,MTC,29AEt,Otteri TO Periyar Nagar,bus,3,operational
GTFS_ROUTE_15106,CHENNAI_COMMUNITY_GTFS,15106,MTC,29B,L.F.C TO Saidapet,bus,3,operational
GTFS_ROUTE_20672,CHENNAI_COMMUNITY_GTFS,20672,MTC,2A R1,K.Kannadasan Nagar TO Anna Square,bus,3,operational
GTFS_ROUTE_19401,CHENNAI_COMMUNITY_GTFS,19401,MTC,MAA1 CT,Airport TO Cement Road,bus,3,operational
GTFS_ROUTE_19402,CHENNAI_COMMUNITY_GTFS,19402,MTC,MAA1,Airport TO Tambaram,bus,3,operational
GTFS_ROUTE_19403,CHENNAI_COMMUNITY_GTFS,19403,MTC,S79,Alandur Gandhi Market TO Cement Road,bus,3,operational
GTFS_ROUTE_10668,CHENNAI_COMMUNITY_GTFS,10668,MTC,104M,Kilambakkam B.T TO M.M.B.T,bus,3,operational
GTFS_ROUTE_10996,CHENNAI_COMMUNITY_GTFS,10996,MTC,120A,Arakkambakkam TO Avadi B.T,bus,3,operational
GTFS_ROUTE_12801,CHENNAI_COMMUNITY_GTFS,12801,MTC,77Ct,Venkatachalam Nagar TO M.G.R.Koyambedu,bus,3,operational
GTFS_ROUTE_11030,CHENNAI_COMMUNITY_GTFS,11030,MTC,114S,Seemavaram TO Koyambedu Market,bus,3,operational
GTFS_ROUTE_13171,CHENNAI_COMMUNITY_GTFS,13171,MTC,M27,M.G.R.Koyambedu TO Thyagaraya Nagar,bus,3,operational
GTFS_ROUTE_13172,CHENNAI_COMMUNITY_GTFS,13172,MTC,M27,M.G.R.Koyambedu TO Vadapalani,bus,3,operational
GTFS_ROUTE_11031,CHENNAI_COMMUNITY_GTFS,11031,MTC,114S,Seemavaram TO Moolakadai,bus,3,operational
GTFS_ROUTE_11182,CHENNAI_COMMUNITY_GTFS,11182,MTC,36K,Redhills TO Thiruvotriyur B.T,bus,3,operational
GTFS_ROUTE_19404,CHENNAI_COMMUNITY_GTFS,19404,MTC,S79,Alandur Gandhi Market TO Pallavaram R.S,bus,3,operational
GTFS_ROUTE_10670,CHENNAI_COMMUNITY_GTFS,10670,MTC,104M,M.G.R.Koyambedu TO M.M.B.T,bus,3,operational
GTFS_ROUTE_19410,CHENNAI_COMMUNITY_GTFS,19410,MTC,15G CT,Anna Nagar West TO M.G.R.Koyambedu,bus,3,operational
GTFS_ROUTE_10892,CHENNAI_COMMUNITY_GTFS,10892,MTC,114C,M.G.R.Koyambedu TO Thamaraipakkam Rd.Jn,bus,3,operational
GTFS_ROUTE_11276,CHENNAI_COMMUNITY_GTFS,11276,MTC,38C,T.V.K.Nagar TO Otteri,bus,3,operational
GTFS_ROUTE_24058,CHENNAI_COMMUNITY_GTFS,24058,MTC,555S CT,Kilambakkam B.T TO Siruseri I.T Park,bus,3,operational
GTFS_ROUTE_19409,CHENNAI_COMMUNITY_GTFS,19409,MTC,70M CT,Anna Nagar  B.S TO M.G.R.Koyambedu,bus,3,operational
GTFS_ROUTE_19411,CHENNAI_COMMUNITY_GTFS,19411,MTC,40L CT,Anna Square TO M.G.R.Central,bus,3,operational
GTFS_ROUTE_19412,CHENNAI_COMMUNITY_GTFS,19412,MTC,47A,Ayanavaram Signal TO Icf Junction,bus,3,operational
GTFS_ROUTE_16257,CHENNAI_COMMUNITY_GTFS,16257,MTC,77T,Thirumullaivoyal Colony TO M.G.R.Koyambedu,bus,3,operational
GTFS_ROUTE_24059,CHENNAI_COMMUNITY_GTFS,24059,MTC,555S CT7,Shozhinganallur TO  Perumbakkam Scb,bus,3,operational
GTFS_ROUTE_8221,CHENNAI_COMMUNITY_GTFS,8221,MTC,51A,Saidapet TO Thiyagarayanagar Terminus,bus,3,operational
GTFS_ROUTE_8223,CHENNAI_COMMUNITY_GTFS,8223,MTC,51A,Thiyagarayanagar Terminus TO Saidapet,bus,3,operational
GTFS_ROUTE_11406,CHENNAI_COMMUNITY_GTFS,11406,MTC,46G,Koyambedu Market TO M.K.B.Nagar,bus,3,operational
GTFS_ROUTE_11252,CHENNAI_COMMUNITY_GTFS,11252,MTC,37ECt,M.K.B.Nagar TO Vadapalani,bus,3,operational
GTFS_ROUTE_10672,CHENNAI_COMMUNITY_GTFS,10672,MTC,104M,M.M.B.T TO Kilambakkam B.T,bus,3,operational
GTFS_ROUTE_11154,CHENNAI_COMMUNITY_GTFS,11154,MTC,29CEX,Perambur B.T TO Srinivasa Nagar,bus,3,operational
GTFS_ROUTE_12664,CHENNAI_COMMUNITY_GTFS,12664,MTC,70C,Kilambakkam B.T TO Koyambedu Market,bus,3,operational
GTFS_ROUTE_12668,CHENNAI_COMMUNITY_GTFS,12668,MTC,70C,Tambaram West TO M.G.R.Koyambedu,bus,3,operational
GTFS_ROUTE_16046,CHENNAI_COMMUNITY_GTFS,16046,MTC,46G,M.G.R.Koyambedu TO M.K.B.Nagar,bus,3,operational
GTFS_ROUTE_12670,CHENNAI_COMMUNITY_GTFS,12670,MTC,70C,M.G.R.Koyambedu TO Cement Road,bus,3,operational
GTFS_ROUTE_24060,CHENNAI_COMMUNITY_GTFS,24060,MTC,555S CT6,Perumbakkam TO  Shozhinganallur,bus,3,operational
GTFS_ROUTE_19429,CHENNAI_COMMUNITY_GTFS,19429,MTC,S69 CT,Cement Road TO Airport Metro,bus,3,operational
GTFS_ROUTE_11277,CHENNAI_COMMUNITY_GTFS,11277,MTC,38C,T.V.K.Nagar TO Vivekananda House,bus,3,operational
GTFS_ROUTE_19431,CHENNAI_COMMUNITY_GTFS,19431,MTC,37 CT4,Vyasarpadi TO Vallalar Nagar,bus,3,operational
GTFS_ROUTE_19984,CHENNAI_COMMUNITY_GTFS,19984,MTC,51 CT14,Saidapet TO Tambaram West,bus,3,operational
GTFS_ROUTE_19433,CHENNAI_COMMUNITY_GTFS,19433,MTC,18A CT3,Vyasarpadi TO Vallalar Nagar,bus,3,operational
GTFS_ROUTE_12804,CHENNAI_COMMUNITY_GTFS,12804,MTC,77E,Avadi B.T TO Kanniamman Nagar,bus,3,operational
GTFS_ROUTE_19434,CHENNAI_COMMUNITY_GTFS,19434,MTC,S54TC,Chembarambakkam TO Poonamallee Terminus,bus,3,operational
GTFS_ROUTE_12852,CHENNAI_COMMUNITY_GTFS,12852,MTC,88R,Saidapet TO Amarambedu,bus,3,operational
GTFS_ROUTE_24061,CHENNAI_COMMUNITY_GTFS,24061,MTC,102P R4,Perumbakkam TO Island ground,bus,3,operational
GTFS_ROUTE_19435,CHENNAI_COMMUNITY_GTFS,19435,MTC,S54TC,Chembarambakkam TO Porur,bus,3,operational
GTFS_ROUTE_12552,CHENNAI_COMMUNITY_GTFS,12552,MTC,64KEt,K.Kannadasan Nagar TO Perambur B.T,bus,3,operational
GTFS_ROUTE_19442,CHENNAI_COMMUNITY_GTFS,19442,MTC,V51 CT2,Chromepet TO Thiyagaraya Nagar,bus,3,operational
GTFS_ROUTE_12354,CHENNAI_COMMUNITY_GTFS,12354,MTC,58V,Redhills TO M.G.R.Koyambedu,bus,3,operational
GTFS_ROUTE_24062,CHENNAI_COMMUNITY_GTFS,24062,MTC,102P R2,Island ground TO  Perumbakkam,bus,3,operational
GTFS_ROUTE_22454,CHENNAI_COMMUNITY_GTFS,22454,MTC,S11 CT4,Ngo Colony  TO  Keelkattalai,bus,3,operational
GTFS_ROUTE_11185,CHENNAI_COMMUNITY_GTFS,11185,MTC,36K,Thiruvotriyur B.T TO Redhills,bus,3,operational
GTFS_ROUTE_11530,CHENNAI_COMMUNITY_GTFS,11530,MTC,500W,Chengalpet TO Saidapet West,bus,3,operational
GTFS_ROUTE_11533,CHENNAI_COMMUNITY_GTFS,11533,MTC,500W,Tambaram West TO Saidapet West,bus,3,operational
GTFS_ROUTE_24063,CHENNAI_COMMUNITY_GTFS,24063,MTC,119G CT2,Perumpakkam S.C.B TO Velachery B.T,bus,3,operational
GTFS_ROUTE_10674,CHENNAI_COMMUNITY_GTFS,10674,MTC,104M,M.M.B.T TO M.G.R.Koyambedu,bus,3,operational
GTFS_ROUTE_12546,CHENNAI_COMMUNITY_GTFS,12546,MTC,65A,Thyagaraya Nagar TO Poonamallee B.T,bus,3,operational
GTFS_ROUTE_19448,CHENNAI_COMMUNITY_GTFS,19448,MTC,70N,Cement Road TO Nanganallur,bus,3,operational
GTFS_ROUTE_24064,CHENNAI_COMMUNITY_GTFS,24064,MTC,119G CT4,Velachery B.T TO Perumpakkam S.C.B,bus,3,operational
GTFS_ROUTE_19451,CHENNAI_COMMUNITY_GTFS,19451,MTC,C56CEt CT,Ennore B.S TO Air Nagar,bus,3,operational
GTFS_ROUTE_19452,CHENNAI_COMMUNITY_GTFS,19452,MTC,4 CT6,Ennore TO M.G.R.Central,bus,3,operational
GTFS_ROUTE_12687,CHENNAI_COMMUNITY_GTFS,12687,MTC,70C,Tambaram West TO Nattarasanpattu,bus,3,operational
GTFS_ROUTE_11355,CHENNAI_COMMUNITY_GTFS,11355,MTC,40L,Anna Square TO J.J.Nagar West,bus,3,operational
GTFS_ROUTE_11345,CHENNAI_COMMUNITY_GTFS,11345,MTC,40H,Pattabiram TO Avadi B.T,bus,3,operational
GTFS_ROUTE_11157,CHENNAI_COMMUNITY_GTFS,11157,MTC,29CEt,Besant Nagar TO Perambur B.T,bus,3,operational
GTFS_ROUTE_19455,CHENNAI_COMMUNITY_GTFS,19455,MTC,3 CT7,Guindy B.S TO  Thiruvanmiyur B.S,bus,3,operational
GTFS_ROUTE_11143,CHENNAI_COMMUNITY_GTFS,11143,MTC,29B,L.F.C TO Madhavaram Milk Colony,bus,3,operational
GTFS_ROUTE_19456,CHENNAI_COMMUNITY_GTFS,19456,MTC,119 CT2,Guindy B.S TO Adyar B.S,bus,3,operational
GTFS_ROUTE_19454,CHENNAI_COMMUNITY_GTFS,19454,MTC,66PX,Guduvancheri B.S TO Kilambakkam B.S,bus,3,operational
GTFS_ROUTE_24065,CHENNAI_COMMUNITY_GTFS,24065,MTC,3,Thiyagaraya Nagar TO Thiruvanmiyur,bus,3,operational
GTFS_ROUTE_19459,CHENNAI_COMMUNITY_GTFS,19459,MTC,11M,Iyyappanthangal B.S TO Thiyagarayanagar  B.S,bus,3,operational
GTFS_ROUTE_19460,CHENNAI_COMMUNITY_GTFS,19460,MTC,66P ct2,Iyyappanthangal Bus Depot to  Poonamallee Bus Terminus,bus,3,operational
GTFS_ROUTE_11151,CHENNAI_COMMUNITY_GTFS,11151,MTC,29B,Perambur B.T TO Gemini,bus,3,operational
GTFS_ROUTE_19461,CHENNAI_COMMUNITY_GTFS,19461,MTC,70C CT2,K.K.Nagar B.T TO Kilambakkam B.T,bus,3,operational
GTFS_ROUTE_17836,CHENNAI_COMMUNITY_GTFS,17836,MTC,29B,Perambur B.T TO Madhavaram Milk Colony,bus,3,operational
GTFS_ROUTE_10899,CHENNAI_COMMUNITY_GTFS,10899,MTC,114C,Thamaraipakkam Rd.Jn TO M.G.R.Koyambedu,bus,3,operational
GTFS_ROUTE_17856,CHENNAI_COMMUNITY_GTFS,17856,MTC,29B,Saidapet TO L.F.C,bus,3,operational
GTFS_ROUTE_19462,CHENNAI_COMMUNITY_GTFS,19462,MTC,2B,Kannadasan Nagar TO Kaviarasu Kannadasan Nagar Bus Stand,bus,3,operational
GTFS_ROUTE_19463,CHENNAI_COMMUNITY_GTFS,19463,MTC,C33,Kannadasan Nagar TO Kaviarasu Kannadasan Nagar Bus Stand,bus,3,operational
GTFS_ROUTE_10962,CHENNAI_COMMUNITY_GTFS,10962,MTC,114E,Redhills TO New Erumaivetti Palayam,bus,3,operational
GTFS_ROUTE_10678,CHENNAI_COMMUNITY_GTFS,10678,MTC,104P,Perambur B.T TO Kilambakkam B.T,bus,3,operational
GTFS_ROUTE_11158,CHENNAI_COMMUNITY_GTFS,11158,MTC,29B,Perambur B.T TO Saidapet,bus,3,operational
GTFS_ROUTE_24066,CHENNAI_COMMUNITY_GTFS,24066,MTC,3,Thiruvanmiyur TO Thiyagaraya Nagar,bus,3,operational
GTFS_ROUTE_11085,CHENNAI_COMMUNITY_GTFS,11085,MTC,31B,Kandigai Junction TO Tambaram West,bus,3,operational
GTFS_ROUTE_11129,CHENNAI_COMMUNITY_GTFS,11129,MTC,29AEt,Periyar Nagar TO Otteri,bus,3,operational
GTFS_ROUTE_12694,CHENNAI_COMMUNITY_GTFS,12694,MTC,70C,Tambaram West TO Koyambedu Market,bus,3,operational
GTFS_ROUTE_10902,CHENNAI_COMMUNITY_GTFS,10902,MTC,114CCt,Gnayaru TO Koyambedu Market,bus,3,operational
GTFS_ROUTE_19467,CHENNAI_COMMUNITY_GTFS,19467,MTC,121M CT,Kaviarasu Kannadasan Nagar TO Moolakadai,bus,3,operational
GTFS_ROUTE_11102,CHENNAI_COMMUNITY_GTFS,11102,MTC,29A,Perambur B.T TO Anna Square,bus,3,operational
GTFS_ROUTE_9560,CHENNAI_COMMUNITY_GTFS,9560,MTC,19T,Kovalam TO Adyar B.S,bus,3,operational
GTFS_ROUTE_19469,CHENNAI_COMMUNITY_GTFS,19469,MTC,66PX,Kilambakkam B.S TO Guduvancheri B.S,bus,3,operational
GTFS_ROUTE_12703,CHENNAI_COMMUNITY_GTFS,12703,MTC,70C,Vadapalani TO Koyambedu Market,bus,3,operational
GTFS_ROUTE_12324,CHENNAI_COMMUNITY_GTFS,12324,MTC,583A,Thiruvallur TO Sriperumbudur,bus,3,operational
GTFS_ROUTE_19468,CHENNAI_COMMUNITY_GTFS,19468,MTC,55K CT2,Kilambakkam B.S TO Guduvancheri,bus,3,operational
GTFS_ROUTE_24067,CHENNAI_COMMUNITY_GTFS,24067,MTC,3 CT,Perumbakkam TO  Thiyagarayanagar,bus,3,operational
GTFS_ROUTE_24068,CHENNAI_COMMUNITY_GTFS,24068,MTC,3 CT3,Thiyagarayanagar TO  Perumbakkam,bus,3,operational
GTFS_ROUTE_24069,CHENNAI_COMMUNITY_GTFS,24069,MTC,3 CT1,Perumbakkam TO  Thiruvanmiyur,bus,3,operational
GTFS_ROUTE_10903,CHENNAI_COMMUNITY_GTFS,10903,MTC,121M,Madhavaram B.T TO M.G.R.Koyambedu,bus,3,operational
GTFS_ROUTE_24070,CHENNAI_COMMUNITY_GTFS,24070,MTC,3 CT2,Thiruvanmiyur TO  Perumbakkam,bus,3,operational
GTFS_ROUTE_19471,CHENNAI_COMMUNITY_GTFS,19471,MTC,MAA2 CT3,Kilambakkam Bus Terminus to Meeanambakkam International Airport,bus,3,operational
GTFS_ROUTE_19472,CHENNAI_COMMUNITY_GTFS,19472,MTC,91K CT,Kilambakkam Bus Terminus TO Tambaram West Bus Stand,bus,3,operational
GTFS_ROUTE_9634,CHENNAI_COMMUNITY_GTFS,9634,MTC,104K,Redhills B.S TO Tambaram West,bus,3,operational
GTFS_ROUTE_12704,CHENNAI_COMMUNITY_GTFS,12704,MTC,70C,Tambaram West TO K.K.Nagar B.T,bus,3,operational
GTFS_ROUTE_10681,CHENNAI_COMMUNITY_GTFS,10681,MTC,104T,Otteri TO T.V.K.Nagar,bus,3,operational
GTFS_ROUTE_20685,CHENNAI_COMMUNITY_GTFS,20685,MTC,A1 R,Thiruvanmiyur TO M.G.R.Central,bus,3,operational
GTFS_ROUTE_10904,CHENNAI_COMMUNITY_GTFS,10904,MTC,121M,Moolakadai TO M.G.R.Koyambedu,bus,3,operational
GTFS_ROUTE_11133,CHENNAI_COMMUNITY_GTFS,11133,MTC,29AEX,Perambur B.T TO Peravallur Kumaran Nagar,bus,3,operational
GTFS_ROUTE_11679,CHENNAI_COMMUNITY_GTFS,11679,MTC,51B,Saidapet TO Pudupakkam Law College,bus,3,operational
GTFS_ROUTE_19474,CHENNAI_COMMUNITY_GTFS,19474,MTC,V51,Kilambakkam TO Chromepet,bus,3,operational
GTFS_ROUTE_24072,CHENNAI_COMMUNITY_GTFS,24072,MTC,91,Thiruvanmiyur TO Kilambakkam,bus,3,operational
GTFS_ROUTE_19475,CHENNAI_COMMUNITY_GTFS,19475,MTC,70V CT2,Kilambakkam TO Tambaram West,bus,3,operational
GTFS_ROUTE_10907,CHENNAI_COMMUNITY_GTFS,10907,MTC,114CCt,Gnayaru TO M.G.R.Koyambedu,bus,3,operational
GTFS_ROUTE_18292,CHENNAI_COMMUNITY_GTFS,18292,MTC,51B,Pudupakkam Law College TO Velachery B.T,bus,3,operational
GTFS_ROUTE_10905,CHENNAI_COMMUNITY_GTFS,10905,MTC,121M,Vazhuthigaimedu TO M.G.R.Koyambedu,bus,3,operational
GTFS_ROUTE_17833,CHENNAI_COMMUNITY_GTFS,17833,MTC,120A,Arakkambakkam TO Koyambedu Market,bus,3,operational
GTFS_ROUTE_19476,CHENNAI_COMMUNITY_GTFS,19476,MTC,37E,Basin Bridge R.S TO Kaviarasu Kannadasan  B.S,bus,3,operational
GTFS_ROUTE_11011,CHENNAI_COMMUNITY_GTFS,11011,MTC,114G,Gnayaru TO M.G.R.Koyambedu,bus,3,operational
GTFS_ROUTE_24073,CHENNAI_COMMUNITY_GTFS,24073,MTC,91 R,Kilambakkam TO Thiruvanmiyur,bus,3,operational
GTFS_ROUTE_19480,CHENNAI_COMMUNITY_GTFS,19480,MTC,4 CT7,Ennore TO Secretariat,bus,3,operational
GTFS_ROUTE_9666,CHENNAI_COMMUNITY_GTFS,9666,MTC,S27,Guindy TO Iyyappanthangal,bus,3,operational
GTFS_ROUTE_24074,CHENNAI_COMMUNITY_GTFS,24074,MTC,91 CT3,Perumbakkam Scb TO  Thiruvanmiyur Bus Stand,bus,3,operational
GTFS_ROUTE_18293,CHENNAI_COMMUNITY_GTFS,18293,MTC,120A,Arakkambakkam TO Ambattur I.E,bus,3,operational
GTFS_ROUTE_12722,CHENNAI_COMMUNITY_GTFS,12722,MTC,73C,Ambattur I.E TO Ayappakkam,bus,3,operational
GTFS_ROUTE_17835,CHENNAI_COMMUNITY_GTFS,17835,MTC,119,Adyar Depot TO Semmancheri S.C.B,bus,3,operational
GTFS_ROUTE_12808,CHENNAI_COMMUNITY_GTFS,12808,MTC,77P,Poochiathipedu TO Avadi B.T,bus,3,operational
GTFS_ROUTE_24075,CHENNAI_COMMUNITY_GTFS,24075,MTC,91 CT5,Thiruvanmiyur TO  Perumbakkam Scb,bus,3,operational
GTFS_ROUTE_19482,CHENNAI_COMMUNITY_GTFS,19482,MTC,70CCt,K.K.Nagar B.S TO Ramapuram,bus,3,operational
GTFS_ROUTE_19483,CHENNAI_COMMUNITY_GTFS,19483,MTC,70C CT3,K.K.Nagar B.T TO Koyambedu Market,bus,3,operational
GTFS_ROUTE_19485,CHENNAI_COMMUNITY_GTFS,19485,MTC,70C CT4,Kilambakkam B.T TO K.K.Nagar,bus,3,operational
GTFS_ROUTE_19487,CHENNAI_COMMUNITY_GTFS,19487,MTC,37E,Kaviarasu Kannadasan TO Basin Bridge  R.S,bus,3,operational
GTFS_ROUTE_19489,CHENNAI_COMMUNITY_GTFS,19489,MTC,33L CT,Kodungaiyur Parvathi Nagar TO Moolakadai,bus,3,operational
GTFS_ROUTE_16662,CHENNAI_COMMUNITY_GTFS,16662,MTC,118,Tambaram West TO Keerapakkam,bus,3,operational
GTFS_ROUTE_16640,CHENNAI_COMMUNITY_GTFS,16640,MTC,119,Cement Road TO Semmancheri S.C.B,bus,3,operational
GTFS_ROUTE_19490,CHENNAI_COMMUNITY_GTFS,19490,MTC,70M CT,M.G.R.Koyambedu TO Anna Nagar B.S,bus,3,operational
GTFS_ROUTE_12723,CHENNAI_COMMUNITY_GTFS,12723,MTC,73C,Ayappakkam TO Ambattur I.E,bus,3,operational
GTFS_ROUTE_10694,CHENNAI_COMMUNITY_GTFS,10694,MTC,105A,Karanai TO Tambaram West,bus,3,operational
GTFS_ROUTE_11013,CHENNAI_COMMUNITY_GTFS,11013,MTC,114G,M.G.R.Koyambedu TO Gnayaru,bus,3,operational
GTFS_ROUTE_9455,CHENNAI_COMMUNITY_GTFS,9455,MTC,77E,Avadi Bus Terminus TO M.G.R.Koyambedu,bus,3,operational
GTFS_ROUTE_9456,CHENNAI_COMMUNITY_GTFS,9456,MTC,77E,M.G.R.Koyambedu TO Avadi Bus Terminus,bus,3,operational
GTFS_ROUTE_19491,CHENNAI_COMMUNITY_GTFS,19491,MTC,114P CT,M.G.R.Koyambedu TO M.M.B.T,bus,3,operational
GTFS_ROUTE_24077,CHENNAI_COMMUNITY_GTFS,24077,MTC,91 CT2,Perumbakkam Scb TO  Kilambakkam Bus Terminus,bus,3,operational
GTFS_ROUTE_16660,CHENNAI_COMMUNITY_GTFS,16660,MTC,118,Tambaram West TO Mahendra City,bus,3,operational
GTFS_ROUTE_11014,CHENNAI_COMMUNITY_GTFS,11014,MTC,114G,M.G.R.Koyambedu TO Moolakadai,bus,3,operational
GTFS_ROUTE_10915,CHENNAI_COMMUNITY_GTFS,10915,MTC,114CCt,Koyambedu Market TO Gnayaru,bus,3,operational
GTFS_ROUTE_10891,CHENNAI_COMMUNITY_GTFS,10891,MTC,121M,K.Kannadasan Nagar TO M.K.B.Nagar,bus,3,operational
GTFS_ROUTE_11534,CHENNAI_COMMUNITY_GTFS,11534,MTC,505,Avadi B.T TO Redhills,bus,3,operational
GTFS_ROUTE_11535,CHENNAI_COMMUNITY_GTFS,11535,MTC,505,Avadi B.T TO Thiruvallur,bus,3,operational
GTFS_ROUTE_11537,CHENNAI_COMMUNITY_GTFS,11537,MTC,505,Perathur TO Thiruvallur,bus,3,operational
GTFS_ROUTE_19492,CHENNAI_COMMUNITY_GTFS,19492,MTC,15 CT2,M.G.R.Koyambedu TO Pghs School,bus,3,operational
GTFS_ROUTE_24078,CHENNAI_COMMUNITY_GTFS,24078,MTC,91 CT1,Kilambakkam Bus Terminus to  Perumbakkam Scb,bus,3,operational
GTFS_ROUTE_19494,CHENNAI_COMMUNITY_GTFS,19494,MTC,170C CT,M.K.B.Nagar  To  Guindy B.S,bus,3,operational
GTFS_ROUTE_19495,CHENNAI_COMMUNITY_GTFS,19495,MTC,15G CT1,M.G.R.Koyambedu TO Anna Nagar West,bus,3,operational
GTFS_ROUTE_19496,CHENNAI_COMMUNITY_GTFS,19496,MTC,70A CT,M.G.R.Koyambedu TO Anna Nagar West,bus,3,operational
GTFS_ROUTE_12727,CHENNAI_COMMUNITY_GTFS,12727,MTC,73Ct,Ambattur I.E TO Ayappakkam Tnhb,bus,3,operational
GTFS_ROUTE_19497,CHENNAI_COMMUNITY_GTFS,19497,MTC,121A CT,M.G.R.Koyambedu TO Annanagar East,bus,3,operational
GTFS_ROUTE_10696,CHENNAI_COMMUNITY_GTFS,10696,MTC,19B,Kelambakkam TO Saidapet,bus,3,operational
GTFS_ROUTE_12811,CHENNAI_COMMUNITY_GTFS,12811,MTC,77P,Poochiathipedu TO M.G.R.Koyambedu,bus,3,operational
GTFS_ROUTE_24079,CHENNAI_COMMUNITY_GTFS,24079,MTC,102,Island ground Terminus TO Kelambakkam,bus,3,operational
GTFS_ROUTE_19498,CHENNAI_COMMUNITY_GTFS,19498,MTC,121C,M.G.R.Koyambedu TO Annanagar East,bus,3,operational
GTFS_ROUTE_11015,CHENNAI_COMMUNITY_GTFS,11015,MTC,114G,Moolakadai TO Gnayaru,bus,3,operational
GTFS_ROUTE_9981,CHENNAI_COMMUNITY_GTFS,9981,MTC,40H,Avadi Bus Terminus TO Kilambakkam Bus Terminus,bus,3,operational
GTFS_ROUTE_9982,CHENNAI_COMMUNITY_GTFS,9982,MTC,40H,Kilambakkam Bus Terminus TO Avadi Bus Terminus,bus,3,operational
GTFS_ROUTE_11538,CHENNAI_COMMUNITY_GTFS,11538,MTC,505,Redhills TO Avadi B.T,bus,3,operational
GTFS_ROUTE_19499,CHENNAI_COMMUNITY_GTFS,19499,MTC,121D CT1,M.G.R.Koyambedu TO Annanagar East,bus,3,operational
GTFS_ROUTE_19500,CHENNAI_COMMUNITY_GTFS,19500,MTC,46G CT,M.G.R.Koyambedu TO Annanagar East,bus,3,operational
GTFS_ROUTE_19501,CHENNAI_COMMUNITY_GTFS,19501,MTC,57F CT2,M.K.B.Nagar TO Karanodai,bus,3,operational
GTFS_ROUTE_10697,CHENNAI_COMMUNITY_GTFS,10697,MTC,19B,Saidapet TO Kelambakkam,bus,3,operational
GTFS_ROUTE_11540,CHENNAI_COMMUNITY_GTFS,11540,MTC,505,Redhills TO Thamaraipakkam,bus,3,operational
GTFS_ROUTE_11543,CHENNAI_COMMUNITY_GTFS,11543,MTC,505,Thamaraipakkam TO Thiruvallur,bus,3,operational
GTFS_ROUTE_22456,CHENNAI_COMMUNITY_GTFS,22456,MTC,7M CT2,Island ground TO Doveton,bus,3,operational
GTFS_ROUTE_22457,CHENNAI_COMMUNITY_GTFS,22457,MTC,S11 CT2,Guindy TO  Ngo Colony,bus,3,operational
GTFS_ROUTE_10084,CHENNAI_COMMUNITY_GTFS,10084,MTC,12X,Koyambedu Market TO Foreshore Estate,bus,3,operational
GTFS_ROUTE_10090,CHENNAI_COMMUNITY_GTFS,10090,MTC,12X,Vadapalani TO M.G.R.Koyambedu,bus,3,operational
GTFS_ROUTE_12729,CHENNAI_COMMUNITY_GTFS,12729,MTC,70E,M.G.R.Koyambedu TO Kilambakkam B.T,bus,3,operational
GTFS_ROUTE_24080,CHENNAI_COMMUNITY_GTFS,24080,MTC,102 R,Kelambakkam TO Island ground Terminus,bus,3,operational
GTFS_ROUTE_12812,CHENNAI_COMMUNITY_GTFS,12812,MTC,77E,M.G.R.Koyambedu TO Ambattur I.E,bus,3,operational
GTFS_ROUTE_24081,CHENNAI_COMMUNITY_GTFS,24081,MTC,102 CT10,Island ground Terminus TO Siruseri I.T Park,bus,3,operational
GTFS_ROUTE_17131,CHENNAI_COMMUNITY_GTFS,17131,MTC,62,Redhills TO Moolakadai,bus,3,operational
GTFS_ROUTE_10956,CHENNAI_COMMUNITY_GTFS,10956,MTC,114E,New Erumaivetti Palayam TO Redhills,bus,3,operational
GTFS_ROUTE_10138,CHENNAI_COMMUNITY_GTFS,10138,MTC,142B,Periyar Nagar TO Perambur B.T,bus,3,operational
GTFS_ROUTE_10700,CHENNAI_COMMUNITY_GTFS,10700,MTC,19BEt,Kelambakkam TO Saidapet,bus,3,operational
GTFS_ROUTE_18294,CHENNAI_COMMUNITY_GTFS,18294,MTC,62,Tambaram West Bus Stand TO Redhills Bus Terminus,bus,3,operational
GTFS_ROUTE_10152,CHENNAI_COMMUNITY_GTFS,10152,MTC,147B,Anna Nagar West TO J.J.Nagar West,bus,3,operational
GTFS_ROUTE_10701,CHENNAI_COMMUNITY_GTFS,10701,MTC,105A,Siruseri I.T Park TO Tambaram West,bus,3,operational
GTFS_ROUTE_10894,CHENNAI_COMMUNITY_GTFS,10894,MTC,114C,Redhills TO M.G.R.Koyambedu,bus,3,operational
GTFS_ROUTE_10895,CHENNAI_COMMUNITY_GTFS,10895,MTC,121M,M.G.R.Koyambedu TO K.Kannadasan Nagar,bus,3,operational
GTFS_ROUTE_10160,CHENNAI_COMMUNITY_GTFS,10160,MTC,147C,Ambattur I.E TO Kilambakkam B.T,bus,3,operational
GTFS_ROUTE_24082,CHENNAI_COMMUNITY_GTFS,24082,MTC,102 CT14,Perumbakkam Scb To  Siruseri It Park,bus,3,operational
GTFS_ROUTE_24083,CHENNAI_COMMUNITY_GTFS,24083,MTC,102 CT8,Island ground Terminus TO Perumpakkam S.C.B,bus,3,operational
GTFS_ROUTE_10898,CHENNAI_COMMUNITY_GTFS,10898,MTC,121M,M.G.R.Koyambedu TO Moolakadai,bus,3,operational
GTFS_ROUTE_19509,CHENNAI_COMMUNITY_GTFS,19509,MTC,MAA2 CT3,Meeanambakkam International Airport to Kilambakkam Bus Terminus,bus,3,operational
GTFS_ROUTE_19510,CHENNAI_COMMUNITY_GTFS,19510,MTC,40L CT,Mgr Central B.S TO Anna Square,bus,3,operational
GTFS_ROUTE_11254,CHENNAI_COMMUNITY_GTFS,11254,MTC,37ECt,Vadapalani TO M.K.B.Nagar,bus,3,operational
GTFS_ROUTE_10917,CHENNAI_COMMUNITY_GTFS,10917,MTC,114CCt,M.G.R.Koyambedu TO Moolakadai,bus,3,operational
GTFS_ROUTE_18298,CHENNAI_COMMUNITY_GTFS,18298,MTC,515M,Kilambakkam Bus Terminus TO Mamallapuram,bus,3,operational
GTFS_ROUTE_24084,CHENNAI_COMMUNITY_GTFS,24084,MTC,102 CT13,Perumpakkam S.C.B TO Kelambakkam,bus,3,operational
GTFS_ROUTE_10248,CHENNAI_COMMUNITY_GTFS,10248,MTC,102A,Thiruvanmiyur TO Pudupakkam Rd.Jn,bus,3,operational
GTFS_ROUTE_19513,CHENNAI_COMMUNITY_GTFS,19513,MTC,142 CT,Padiyanallur Depot TO Redhills Bus Terminus,bus,3,operational
GTFS_ROUTE_19514,CHENNAI_COMMUNITY_GTFS,19514,MTC,57X CT,Padianallur TO Redhills,bus,3,operational
GTFS_ROUTE_12554,CHENNAI_COMMUNITY_GTFS,12554,MTC,64KEt,Perambur B.T TO K.Kannadasan Nagar,bus,3,operational
GTFS_ROUTE_8472,CHENNAI_COMMUNITY_GTFS,8472,MTC,102X,Mgr Central Station TO Kilambakkam Bus Terminus,bus,3,operational
GTFS_ROUTE_19515,CHENNAI_COMMUNITY_GTFS,19515,MTC,33L CT,Moolakadai TO Kodungaiyur Parvathi Nagar,bus,3,operational
GTFS_ROUTE_19987,CHENNAI_COMMUNITY_GTFS,19987,MTC,51 CT7,Tambaram West TO Saidapet,bus,3,operational
GTFS_ROUTE_24085,CHENNAI_COMMUNITY_GTFS,24085,MTC,51B R4,Medavakkam Junction TO Pudupakkam Law College,bus,3,operational
GTFS_ROUTE_24087,CHENNAI_COMMUNITY_GTFS,24087,MTC,104P,Kilambakkam B.T TO Perambur B.T,bus,3,operational
GTFS_ROUTE_10368,CHENNAI_COMMUNITY_GTFS,10368,MTC,15C,Anna Nagar West TO M.G.R.Koyambedu,bus,3,operational
GTFS_ROUTE_10457,CHENNAI_COMMUNITY_GTFS,10457,MTC,102X,Thiruporur TO Perumpakkam S.C.B,bus,3,operational
GTFS_ROUTE_19519,CHENNAI_COMMUNITY_GTFS,19519,MTC,S79,Pallavaram R.S TO Alandur Gandhi Market,bus,3,operational
GTFS_ROUTE_19521,CHENNAI_COMMUNITY_GTFS,19521,MTC,555S CT1,Perumbakkam Scb  TO  Shozhinganallur,bus,3,operational
GTFS_ROUTE_24089,CHENNAI_COMMUNITY_GTFS,24089,MTC,29CEX,Srinivasa Nagar TO Besant Nagar,bus,3,operational
GTFS_ROUTE_19526,CHENNAI_COMMUNITY_GTFS,19526,MTC,66P ct,Poonamallee Bus Terminus to  Iyyapanthangal Depot,bus,3,operational
GTFS_ROUTE_19527,CHENNAI_COMMUNITY_GTFS,19527,MTC,S54TC,Poonamallee Terminus TO Chembarambakkam,bus,3,operational
GTFS_ROUTE_19528,CHENNAI_COMMUNITY_GTFS,19528,MTC,578PCt,Poonamallee TO  Elambakkam,bus,3,operational
GTFS_ROUTE_10919,CHENNAI_COMMUNITY_GTFS,10919,MTC,114CCt,Moolakadai TO Gnayaru,bus,3,operational
GTFS_ROUTE_24090,CHENNAI_COMMUNITY_GTFS,24090,MTC,29Et CT1,Vinayagapuram TO Queen Marys College,bus,3,operational
GTFS_ROUTE_10416,CHENNAI_COMMUNITY_GTFS,10416,MTC,166K,Kovur TO Kilambakkam B.T,bus,3,operational
GTFS_ROUTE_18303,CHENNAI_COMMUNITY_GTFS,18303,MTC,65G,Meyyur TO Avadi B.T,bus,3,operational
GTFS_ROUTE_19532,CHENNAI_COMMUNITY_GTFS,19532,MTC,47T,Ayanavaram  TO  Icf,bus,3,operational
GTFS_ROUTE_10443,CHENNAI_COMMUNITY_GTFS,10443,MTC,102X,Kilambakkam B.T TO Thiruporur,bus,3,operational
GTFS_ROUTE_8088,CHENNAI_COMMUNITY_GTFS,8088,MTC,557AE,Moolakadai TO Redhills Bus Terminus,bus,3,operational
GTFS_ROUTE_13925,CHENNAI_COMMUNITY_GTFS,13925,MTC,51AX,Kilambakkam B.T TO Thyagaraya Nagar,bus,3,operational
GTFS_ROUTE_24091,CHENNAI_COMMUNITY_GTFS,24091,MTC,29Et,Vinayagapuram TO Perambur B.T,bus,3,operational
GTFS_ROUTE_12718,CHENNAI_COMMUNITY_GTFS,12718,MTC,72M,Thyagaraya Nagar TO Thiruverkadu,bus,3,operational
GTFS_ROUTE_10467,CHENNAI_COMMUNITY_GTFS,10467,MTC,170K,Perambur B.T TO Peravallur Kumaran Nagar,bus,3,operational
GTFS_ROUTE_11544,CHENNAI_COMMUNITY_GTFS,11544,MTC,505,Thiruvallur TO Avadi B.T,bus,3,operational
GTFS_ROUTE_11545,CHENNAI_COMMUNITY_GTFS,11545,MTC,505,Thiruvallur TO Perathur,bus,3,operational
GTFS_ROUTE_12629,CHENNAI_COMMUNITY_GTFS,12629,MTC,70A,Ambattur I.E TO Koyambedu Market,bus,3,operational
GTFS_ROUTE_12630,CHENNAI_COMMUNITY_GTFS,12630,MTC,70A,Ambattur I.E TO M.G.R.Koyambedu,bus,3,operational
GTFS_ROUTE_12659,CHENNAI_COMMUNITY_GTFS,12659,MTC,70C,Cement Road TO Tambaram West,bus,3,operational
GTFS_ROUTE_16734,CHENNAI_COMMUNITY_GTFS,16734,MTC,46,T.V.K.Nagar TO Otteri,bus,3,operational
GTFS_ROUTE_16736,CHENNAI_COMMUNITY_GTFS,16736,MTC,46,M.G.R.Koyambedu TO Anna Nagar West,bus,3,operational
GTFS_ROUTE_16737,CHENNAI_COMMUNITY_GTFS,16737,MTC,46,Anna Nagar West TO M.G.R.Koyambedu,bus,3,operational
GTFS_ROUTE_10683,CHENNAI_COMMUNITY_GTFS,10683,MTC,104T,T.V.K.Nagar TO Kilambakkam B.T,bus,3,operational
GTFS_ROUTE_19547,CHENNAI_COMMUNITY_GTFS,19547,MTC,C64 CT,Vyasarpadi Depot TO Kaviarasu Kannadasan Nagar Bus Stand,bus,3,operational
GTFS_ROUTE_19549,CHENNAI_COMMUNITY_GTFS,19549,MTC,48B CT,Vyasarpadi Depot TO  Vallalar Nagar,bus,3,operational
GTFS_ROUTE_24092,CHENNAI_COMMUNITY_GTFS,24092,MTC,170K,Peravallur Kumaran Nagar TO Perambur B.T,bus,3,operational
GTFS_ROUTE_11082,CHENNAI_COMMUNITY_GTFS,11082,MTC,31A,Agaramthen TO Tambaram West,bus,3,operational
GTFS_ROUTE_19551,CHENNAI_COMMUNITY_GTFS,19551,MTC,54T CT,Chembarambakkam to M.G.R.Koyambedu Bus Terminus,bus,3,operational
GTFS_ROUTE_11016,CHENNAI_COMMUNITY_GTFS,11016,MTC,114G,Moolakadai TO M.G.R.Koyambedu,bus,3,operational
GTFS_ROUTE_17891,CHENNAI_COMMUNITY_GTFS,17891,MTC,54S,Vadakku Malaiambakkam TO Poonamallee,bus,3,operational
GTFS_ROUTE_19552,CHENNAI_COMMUNITY_GTFS,19552,MTC,38C CT1,Vyasarpadi Depot TO  T.V.K.Nagar,bus,3,operational
GTFS_ROUTE_19553,CHENNAI_COMMUNITY_GTFS,19553,MTC,47T,Icf  TO  Ayanavaram,bus,3,operational
GTFS_ROUTE_12854,CHENNAI_COMMUNITY_GTFS,12854,MTC,88R,Saidapet TO Iyyappanthangal,bus,3,operational
GTFS_ROUTE_12730,CHENNAI_COMMUNITY_GTFS,12730,MTC,73Ct,Ayappakkam Tnhb TO Ambattur I.E,bus,3,operational
GTFS_ROUTE_16739,CHENNAI_COMMUNITY_GTFS,16739,MTC,46,T.V.K.Nagar TO Ayanavaram B.T,bus,3,operational
GTFS_ROUTE_16742,CHENNAI_COMMUNITY_GTFS,16742,MTC,46,M.G.R.Koyambedu TO Ayanavaram B.T,bus,3,operational
GTFS_ROUTE_19559,CHENNAI_COMMUNITY_GTFS,19559,MTC,66PX,Iyappanthangal TO  Poonamallee,bus,3,operational
GTFS_ROUTE_19557,CHENNAI_COMMUNITY_GTFS,19557,MTC,54T CT1,Saidapet TO Thyagaraya Nagar,bus,3,operational
GTFS_ROUTE_19558,CHENNAI_COMMUNITY_GTFS,19558,MTC,66 CT,Iyappanthangal  TO  Poonamallee,bus,3,operational
GTFS_ROUTE_19560,CHENNAI_COMMUNITY_GTFS,19560,MTC,24AX CT6,Vivekananda To  Monahan School,bus,3,operational
GTFS_ROUTE_12731,CHENNAI_COMMUNITY_GTFS,12731,MTC,70F,Kilambakkam B.T TO M.G.R.Koyambedu,bus,3,operational
GTFS_ROUTE_24093,CHENNAI_COMMUNITY_GTFS,24093,MTC,170C,Madhavaram TO T.V.K.Nagar,bus,3,operational
GTFS_ROUTE_11547,CHENNAI_COMMUNITY_GTFS,11547,MTC,505,Thiruvallur TO Thamaraipakkam,bus,3,operational
GTFS_ROUTE_19561,CHENNAI_COMMUNITY_GTFS,19561,MTC,65B CT,Iyyapanthangal  TO  Poonamallee,bus,3,operational
GTFS_ROUTE_19563,CHENNAI_COMMUNITY_GTFS,19563,MTC,597CEt CT2,Iyyapanthangal  TO  Thiruninravur,bus,3,operational
GTFS_ROUTE_12807,CHENNAI_COMMUNITY_GTFS,12807,MTC,77E,Kanniamman Nagar TO Avadi B.T,bus,3,operational
GTFS_ROUTE_24094,CHENNAI_COMMUNITY_GTFS,24094,MTC,66P CT21,Kilambakkam TO  M.G.R.Koyambedu,bus,3,operational
GTFS_ROUTE_15930,CHENNAI_COMMUNITY_GTFS,15930,MTC,58V,Redhills Market TO Moolakadai,bus,3,operational
GTFS_ROUTE_18304,CHENNAI_COMMUNITY_GTFS,18304,MTC,54S,Porur To Saidapet,bus,3,operational
GTFS_ROUTE_12928,CHENNAI_COMMUNITY_GTFS,12928,MTC,91A,Hasthinapuram TO Thiruvanmiyur,bus,3,operational
GTFS_ROUTE_17914,CHENNAI_COMMUNITY_GTFS,17914,MTC,170CE,Manali TO Guindy Tvk Estate,bus,3,operational
GTFS_ROUTE_12732,CHENNAI_COMMUNITY_GTFS,12732,MTC,70F,Kilambakkam B.T TO Madhavaram B.T,bus,3,operational
GTFS_ROUTE_11414,CHENNAI_COMMUNITY_GTFS,11414,MTC,47A,Ayanavaram B.T TO Villivakkam,bus,3,operational
GTFS_ROUTE_19568,CHENNAI_COMMUNITY_GTFS,19568,MTC,99C,Semmancheri TO Chromepet,bus,3,operational
GTFS_ROUTE_19570,CHENNAI_COMMUNITY_GTFS,19570,MTC,592V CT4,Vengal TO Redhills,bus,3,operational
GTFS_ROUTE_19571,CHENNAI_COMMUNITY_GTFS,19571,MTC,101 CT1,M.G.R.Koyambedu  TO  Poonamallee,bus,3,operational
GTFS_ROUTE_12816,CHENNAI_COMMUNITY_GTFS,12816,MTC,77T,Ambattur I.E TO Thirumullaivoyal Colony,bus,3,operational
GTFS_ROUTE_15825,CHENNAI_COMMUNITY_GTFS,15825,MTC,70C,Koyambedu Market Or Police Station TO Tambaram Railway Station,bus,3,operational
GTFS_ROUTE_17996,CHENNAI_COMMUNITY_GTFS,17996,MTC,M51VC,Medavakkam Rd.Jn TO Kolathur,bus,3,operational
GTFS_ROUTE_18305,CHENNAI_COMMUNITY_GTFS,18305,MTC,M51VC,Kolathur TO Medavakkam Rd.Jn,bus,3,operational
GTFS_ROUTE_19996,CHENNAI_COMMUNITY_GTFS,19996,MTC,23C,Greams Road TO Perumpakkam S.C.B,bus,3,operational
GTFS_ROUTE_14855,CHENNAI_COMMUNITY_GTFS,14855,MTC,580,Periyapalayam TO Avadi B.T,bus,3,operational
GTFS_ROUTE_12930,CHENNAI_COMMUNITY_GTFS,12930,MTC,91A,Thiruvanmiyur TO Hasthinapuram,bus,3,operational
GTFS_ROUTE_19573,CHENNAI_COMMUNITY_GTFS,19573,MTC,70V CT1,M.G.R.Koyambedu  to  Vadapalani Depot,bus,3,operational
GTFS_ROUTE_19574,CHENNAI_COMMUNITY_GTFS,19574,MTC,54L CT5,Vellavedu to Poonamallee,bus,3,operational
GTFS_ROUTE_11430,CHENNAI_COMMUNITY_GTFS,11430,MTC,47C,Ambattur I.E TO Ambattur O.T,bus,3,operational
GTFS_ROUTE_24095,CHENNAI_COMMUNITY_GTFS,24095,MTC,170C CT1,Guindy Bus Terminus To M.K.B.Nagar,bus,3,operational
GTFS_ROUTE_11431,CHENNAI_COMMUNITY_GTFS,11431,MTC,47C,Ambattur O.T TO Ambattur I.E,bus,3,operational
GTFS_ROUTE_20711,CHENNAI_COMMUNITY_GTFS,20711,MTC,17E CT,Vadapalani TO Saligramam,bus,3,operational
GTFS_ROUTE_11012,CHENNAI_COMMUNITY_GTFS,11012,MTC,114G,Gnayaru TO Moolakadai,bus,3,operational
GTFS_ROUTE_19580,CHENNAI_COMMUNITY_GTFS,19580,MTC,54T CT,M.G.R.Koyambedu Bus Terminus to Chembarambakkam,bus,3,operational
GTFS_ROUTE_12809,CHENNAI_COMMUNITY_GTFS,12809,MTC,77P,Poochiathipedu TO Koyambedu Market,bus,3,operational
GTFS_ROUTE_19581,CHENNAI_COMMUNITY_GTFS,19581,MTC,53E CT1,M.G.R.Koyambedu Bus Terminus to Kundrathur Bus Terminus,bus,3,operational
GTFS_ROUTE_24096,CHENNAI_COMMUNITY_GTFS,24096,MTC,66P R,Kilambakkam B.T TO Poonamallee B.T,bus,3,operational
GTFS_ROUTE_11434,CHENNAI_COMMUNITY_GTFS,11434,MTC,47C,Kotturpuram TO Ambattur O.T,bus,3,operational
GTFS_ROUTE_16743,CHENNAI_COMMUNITY_GTFS,16743,MTC,46,Ayanavaram B.T TO T.V.K.Nagar,bus,3,operational
GTFS_ROUTE_24097,CHENNAI_COMMUNITY_GTFS,24097,MTC,66P R1,Poonamallee B.T TO Kilambakkam B.T,bus,3,operational
GTFS_ROUTE_19582,CHENNAI_COMMUNITY_GTFS,19582,MTC,51C,Velachery TO Vandalur,bus,3,operational
GTFS_ROUTE_11436,CHENNAI_COMMUNITY_GTFS,11436,MTC,47CX,Ambattur I.E TO Ayappakkam,bus,3,operational
GTFS_ROUTE_24098,CHENNAI_COMMUNITY_GTFS,24098,MTC,66P CT22,M.G.R.Koyambedu TO  Kilambakkam,bus,3,operational
GTFS_ROUTE_24099,CHENNAI_COMMUNITY_GTFS,24099,MTC,170C CT1,T.V.K.Nagar TO M.G.R.Koyambedu,bus,3,operational
GTFS_ROUTE_19583,CHENNAI_COMMUNITY_GTFS,19583,MTC,597C,M.G.R.Koyambedu Bus Terminus to Poonamallee,bus,3,operational
GTFS_ROUTE_12042,CHENNAI_COMMUNITY_GTFS,12042,MTC,55C,Sonallur TO Tambaram West,bus,3,operational
GTFS_ROUTE_24100,CHENNAI_COMMUNITY_GTFS,24100,MTC,142,Padiyanallur TO Perambur,bus,3,operational
GTFS_ROUTE_24101,CHENNAI_COMMUNITY_GTFS,24101,MTC,29NEt CT,Peravallur Kumaran Nagar TO Perambur B.T,bus,3,operational
GTFS_ROUTE_11451,CHENNAI_COMMUNITY_GTFS,11451,MTC,48P,Ayanavaram B.T TO Vallalar Nagar,bus,3,operational
GTFS_ROUTE_11452,CHENNAI_COMMUNITY_GTFS,11452,MTC,48P,Puthagaram TO Vallalar Nagar,bus,3,operational
GTFS_ROUTE_12606,CHENNAI_COMMUNITY_GTFS,12606,MTC,70T,Kilambakkam B.T TO M.G.R.Koyambedu,bus,3,operational
GTFS_ROUTE_24102,CHENNAI_COMMUNITY_GTFS,24102,MTC,42M R1,M.M.B.T TO  Island ground,bus,3,operational
GTFS_ROUTE_24103,CHENNAI_COMMUNITY_GTFS,24103,MTC,42M CT,M.M.B.T TO Perambur B.T,bus,3,operational
GTFS_ROUTE_19585,CHENNAI_COMMUNITY_GTFS,19585,MTC,49F CT,M.G.R.Koyambedu Bus Terminus to Poonamallee Bus Terminus,bus,3,operational
GTFS_ROUTE_24104,CHENNAI_COMMUNITY_GTFS,24104,MTC,29CEX,Srinivasa Nagar TO Perambur B.T,bus,3,operational
GTFS_ROUTE_11456,CHENNAI_COMMUNITY_GTFS,11456,MTC,48K,Ambattur I.E TO Madanakuppam,bus,3,operational
GTFS_ROUTE_11457,CHENNAI_COMMUNITY_GTFS,11457,MTC,48K,Kallikuppam TO Ambattur I.E,bus,3,operational
GTFS_ROUTE_11458,CHENNAI_COMMUNITY_GTFS,11458,MTC,48K,Kallikuppam TO Vallalar Nagar,bus,3,operational
GTFS_ROUTE_11459,CHENNAI_COMMUNITY_GTFS,11459,MTC,48K,Vallalar Nagar TO Kallikuppam,bus,3,operational
GTFS_ROUTE_19587,CHENNAI_COMMUNITY_GTFS,19587,MTC,D70X CT4,Velachery Mrts TO Cement Road,bus,3,operational
GTFS_ROUTE_11460,CHENNAI_COMMUNITY_GTFS,11460,MTC,48K,Vallalar Nagar TO Madanakuppam,bus,3,operational
GTFS_ROUTE_19588,CHENNAI_COMMUNITY_GTFS,19588,MTC,578Et CT,M.G.R.Koyambedu Bus Terminus to Poonamallee Bus Terminus,bus,3,operational
GTFS_ROUTE_19589,CHENNAI_COMMUNITY_GTFS,19589,MTC,583A CT,M.G.R.Koyambedu Bus Terminus to Poonamallee Bus Terminus,bus,3,operational
GTFS_ROUTE_20715,CHENNAI_COMMUNITY_GTFS,20715,MTC,17E,Saligramam TO Vadapalani,bus,3,operational
GTFS_ROUTE_19586,CHENNAI_COMMUNITY_GTFS,19586,MTC,54C,M.G.R.Koyambedu Bus Terminus to Poonamallee Bus Terminus,bus,3,operational
GTFS_ROUTE_10916,CHENNAI_COMMUNITY_GTFS,10916,MTC,114CCt,M.G.R.Koyambedu TO Gnayaru,bus,3,operational
GTFS_ROUTE_12043,CHENNAI_COMMUNITY_GTFS,12043,MTC,55C,Tambaram West TO Pungeri,bus,3,operational
GTFS_ROUTE_19591,CHENNAI_COMMUNITY_GTFS,19591,MTC,62M CT,M.G.R.Koyambedu Bus Terminus to Poonamallee Bus Terminus,bus,3,operational
GTFS_ROUTE_18309,CHENNAI_COMMUNITY_GTFS,18309,MTC,580,Avadi B.T TO Periyapalayam,bus,3,operational
GTFS_ROUTE_12044,CHENNAI_COMMUNITY_GTFS,12044,MTC,55C,Tambaram West TO Sonallur,bus,3,operational
GTFS_ROUTE_24105,CHENNAI_COMMUNITY_GTFS,24105,MTC,29NEt,Peravallur Kumaran Nagar TO Velachery B.T,bus,3,operational
GTFS_ROUTE_19590,CHENNAI_COMMUNITY_GTFS,19590,MTC,597A CT,M.G.R.Koyambedu Bus Terminus TO Poonamallee Bus Terminus,bus,3,operational
GTFS_ROUTE_19592,CHENNAI_COMMUNITY_GTFS,19592,MTC,65A CT2,M.G.R.Koyambedu Bus Terminus to Poonamallee Bus Terminus,bus,3,operational
GTFS_ROUTE_19593,CHENNAI_COMMUNITY_GTFS,19593,MTC,66P CT3,M.G.R.Koyambedu Bus Terminus to Poonamallee Bus Terminus,bus,3,operational
GTFS_ROUTE_19594,CHENNAI_COMMUNITY_GTFS,19594,MTC,53A CT3,M.G.R.Koyambedu Bus Terminus to Sriperumbudur Bus Terminal,bus,3,operational
GTFS_ROUTE_19597,CHENNAI_COMMUNITY_GTFS,19597,MTC,51C,Vandalur TO Velachery,bus,3,operational
GTFS_ROUTE_11470,CHENNAI_COMMUNITY_GTFS,11470,MTC,48BX,Vallalar Nagar TO Pudur,bus,3,operational
GTFS_ROUTE_17912,CHENNAI_COMMUNITY_GTFS,17912,MTC,580,Puduvoyal TO Avadi B.T,bus,3,operational
GTFS_ROUTE_24106,CHENNAI_COMMUNITY_GTFS,24106,MTC,70T,Kilambakkam B.T TO T.V.K.Nagar,bus,3,operational
GTFS_ROUTE_11479,CHENNAI_COMMUNITY_GTFS,11479,MTC,48AEt,Ambattur I.E TO Madhavaram B.T,bus,3,operational
GTFS_ROUTE_19598,CHENNAI_COMMUNITY_GTFS,19598,MTC,53A CT3,M.G.R.Koyambedu Bus Terminus to Thirumazhisai Bus Stand,bus,3,operational
GTFS_ROUTE_17909,CHENNAI_COMMUNITY_GTFS,17909,MTC,154,Saidapet Depot TO Thyagaraya Nagar,bus,3,operational
GTFS_ROUTE_19600,CHENNAI_COMMUNITY_GTFS,19600,MTC,72 CT1,M.G.R.Koyambedu Bus Terminus to Thiruverkadu Bus Terminus,bus,3,operational
GTFS_ROUTE_19601,CHENNAI_COMMUNITY_GTFS,19601,MTC,72M CT,M.G.R.Koyambedu Bus Terminus to Thiruverkadu Bus Terminus,bus,3,operational
GTFS_ROUTE_24107,CHENNAI_COMMUNITY_GTFS,24107,MTC,29Et,Vinayagapuram TO Mandaveli,bus,3,operational
GTFS_ROUTE_24108,CHENNAI_COMMUNITY_GTFS,24108,MTC,29AEX,Peravallur Kumaran Nagar TO Anna Square,bus,3,operational
GTFS_ROUTE_24109,CHENNAI_COMMUNITY_GTFS,24109,MTC,104T,Kilambakkam B.T TO T.V.K.Nagar,bus,3,operational
GTFS_ROUTE_19602,CHENNAI_COMMUNITY_GTFS,19602,MTC,51C,Vandalur TO Saidapet West Bus Stand,bus,3,operational
GTFS_ROUTE_10698,CHENNAI_COMMUNITY_GTFS,10698,MTC,19B,Saidapet TO Siruseri I.T Park,bus,3,operational
GTFS_ROUTE_18149,CHENNAI_COMMUNITY_GTFS,18149,MTC,153T,Poonamallee B.T TO Thiruvallur,bus,3,operational
GTFS_ROUTE_24110,CHENNAI_COMMUNITY_GTFS,24110,MTC,37B,Vadapalani to T.V.K Nagar,bus,3,operational
GTFS_ROUTE_19603,CHENNAI_COMMUNITY_GTFS,19603,MTC,57 CT,Vallalar Nagar TO Vyasarpadi,bus,3,operational
GTFS_ROUTE_18311,CHENNAI_COMMUNITY_GTFS,18311,MTC,S55,Ambattur I.E TO Thirumullaivoyal Sidco,bus,3,operational
GTFS_ROUTE_11596,CHENNAI_COMMUNITY_GTFS,11596,MTC,514Et,Enambakkam TO M.G.R.Koyambedu,bus,3,operational
GTFS_ROUTE_11597,CHENNAI_COMMUNITY_GTFS,11597,MTC,514Et,M.G.R.Koyambedu TO Enambakkam,bus,3,operational
GTFS_ROUTE_11598,CHENNAI_COMMUNITY_GTFS,11598,MTC,514Et,M.G.R.Koyambedu TO Periyapalayam,bus,3,operational
GTFS_ROUTE_18312,CHENNAI_COMMUNITY_GTFS,18312,MTC,557AE,Annamalaichery TO Redhills Bus Terminus,bus,3,operational
GTFS_ROUTE_19604,CHENNAI_COMMUNITY_GTFS,19604,MTC,37 CT5,Vallalar Nagar TO Vyasarpadi,bus,3,operational
GTFS_ROUTE_24111,CHENNAI_COMMUNITY_GTFS,24111,MTC,142B,Thanikachalam Nagar TO Perambur B.T,bus,3,operational
GTFS_ROUTE_10083,CHENNAI_COMMUNITY_GTFS,10083,MTC,12X,Foreshore Estate TO Koyambedu Market,bus,3,operational
GTFS_ROUTE_19605,CHENNAI_COMMUNITY_GTFS,19605,MTC,18A CT4,Vallalar Nagar TO Vyasarpadi,bus,3,operational
GTFS_ROUTE_20004,CHENNAI_COMMUNITY_GTFS,20004,MTC,572K CT,Kizhanoor TO Ambattur I.E,bus,3,operational
GTFS_ROUTE_19607,CHENNAI_COMMUNITY_GTFS,19607,MTC,154,M.G.R.Koyambedu Bus Terminus to Thiyagarayanagar Terminus,bus,3,operational
GTFS_ROUTE_11515,CHENNAI_COMMUNITY_GTFS,11515,MTC,500E,Mahendra City TO Tambaram West,bus,3,operational
GTFS_ROUTE_11423,CHENNAI_COMMUNITY_GTFS,11423,MTC,49K,Foreshore Estate TO Porur,bus,3,operational
GTFS_ROUTE_11517,CHENNAI_COMMUNITY_GTFS,11517,MTC,500E,Tambaram West TO Mahendra City,bus,3,operational
GTFS_ROUTE_11428,CHENNAI_COMMUNITY_GTFS,11428,MTC,49K,Porur TO Foreshore Estate,bus,3,operational
GTFS_ROUTE_14868,CHENNAI_COMMUNITY_GTFS,14868,MTC,49K,Porur TO Mandaveli,bus,3,operational
GTFS_ROUTE_19608,CHENNAI_COMMUNITY_GTFS,19608,MTC,49A CT,M.G.R.Koyambedu Bus Terminus to Thiyagarayanagar Terminus,bus,3,operational
GTFS_ROUTE_19609,CHENNAI_COMMUNITY_GTFS,19609,MTC,597 CT1,M.G.R.Koyambedu Bus Terminus to Thiyagarayanagar Terminus,bus,3,operational
GTFS_ROUTE_19610,CHENNAI_COMMUNITY_GTFS,19610,MTC,53A CT4,M.G.R.Koyambedu Bus Terminus to Vellavedu,bus,3,operational
GTFS_ROUTE_24112,CHENNAI_COMMUNITY_GTFS,24112,MTC,142 CT1,Redhillsb.S TO Perambur B.S,bus,3,operational
GTFS_ROUTE_19615,CHENNAI_COMMUNITY_GTFS,19615,MTC,62 CT2,M.G.R.Koyambedu TO  Poonamallee,bus,3,operational
GTFS_ROUTE_19614,CHENNAI_COMMUNITY_GTFS,19614,MTC,54K CT,M.G.R.Koyambedu TO  Poonamallee,bus,3,operational
GTFS_ROUTE_24113,CHENNAI_COMMUNITY_GTFS,24113,MTC,142P,Puthagaram TO Perambur B.T,bus,3,operational
GTFS_ROUTE_24114,CHENNAI_COMMUNITY_GTFS,24114,MTC,42B CT4,Poompuhar TO Otteri,bus,3,operational
GTFS_ROUTE_11528,CHENNAI_COMMUNITY_GTFS,11528,MTC,500R,Maraimalai Nagar I.E. TO Tambaram West,bus,3,operational
GTFS_ROUTE_11529,CHENNAI_COMMUNITY_GTFS,11529,MTC,500R,Tambaram West TO Maraimalai Nagar I.E.,bus,3,operational
GTFS_ROUTE_24115,CHENNAI_COMMUNITY_GTFS,24115,MTC,42B CT6,Poompuhar TO Perambur B.T,bus,3,operational
GTFS_ROUTE_24116,CHENNAI_COMMUNITY_GTFS,24116,MTC,242 CT12,Redhills TO Perambur B.T,bus,3,operational
GTFS_ROUTE_19619,CHENNAI_COMMUNITY_GTFS,19619,MTC,62 CT,M.G.R.Koyambedu TO  Redhills,bus,3,operational
GTFS_ROUTE_18317,CHENNAI_COMMUNITY_GTFS,18317,MTC,101,Annanagar East TO Thiruvotiyur,bus,3,operational
GTFS_ROUTE_18316,CHENNAI_COMMUNITY_GTFS,18316,MTC,101,Thiruvotiyur TO Annanagar East,bus,3,operational
GTFS_ROUTE_24117,CHENNAI_COMMUNITY_GTFS,24117,MTC,42C CT3,Teachers Colony TO Perambur B.T,bus,3,operational
GTFS_ROUTE_12734,CHENNAI_COMMUNITY_GTFS,12734,MTC,70F,M.G.R.Koyambedu TO Kilambakkam B.T,bus,3,operational
GTFS_ROUTE_12582,CHENNAI_COMMUNITY_GTFS,12582,MTC,70H,M.G.R.Koyambedu TO Hasthinapuram,bus,3,operational
GTFS_ROUTE_10145,CHENNAI_COMMUNITY_GTFS,10145,MTC,147A,Anna Nagar West TO J.J.Nagar East,bus,3,operational
GTFS_ROUTE_11541,CHENNAI_COMMUNITY_GTFS,11541,MTC,505,Redhills TO Thiruvallur,bus,3,operational
GTFS_ROUTE_20719,CHENNAI_COMMUNITY_GTFS,20719,MTC,A1 R1,M.G.R.Central TO Thiruvanmiyur,bus,3,operational
GTFS_ROUTE_19621,CHENNAI_COMMUNITY_GTFS,19621,MTC,70V CT3,Vadapalani TO  M.G.R.Koyambedu,bus,3,operational
GTFS_ROUTE_19623,CHENNAI_COMMUNITY_GTFS,19623,MTC,54P CT,M.G.R.Koyambedu TO  Thiyagaraya Nagar,bus,3,operational
GTFS_ROUTE_16691,CHENNAI_COMMUNITY_GTFS,16691,MTC,114,M.G.R.Koyambedu TO Moolakadai,bus,3,operational
GTFS_ROUTE_24118,CHENNAI_COMMUNITY_GTFS,24118,MTC,42C R1,Teachers Colony TO  Island ground,bus,3,operational
GTFS_ROUTE_24119,CHENNAI_COMMUNITY_GTFS,24119,MTC,42D,Srinivasa Nagar TO Periyar Nagar,bus,3,operational
GTFS_ROUTE_11630,CHENNAI_COMMUNITY_GTFS,11630,MTC,515M,Kelambakkam TO Kilambakkam B.T,bus,3,operational
GTFS_ROUTE_11631,CHENNAI_COMMUNITY_GTFS,11631,MTC,515M,Kilambakkam B.T TO Kelambakkam,bus,3,operational
GTFS_ROUTE_16687,CHENNAI_COMMUNITY_GTFS,16687,MTC,114,Redhills TO Periyapalayam,bus,3,operational
GTFS_ROUTE_10702,CHENNAI_COMMUNITY_GTFS,10702,MTC,105A,Tambaram West TO Karanai,bus,3,operational
GTFS_ROUTE_11584,CHENNAI_COMMUNITY_GTFS,11584,MTC,512,Madurapakkam TO Kavarapettai,bus,3,operational
GTFS_ROUTE_24120,CHENNAI_COMMUNITY_GTFS,24120,MTC,142B CT1,Thanikachalam nagar TO  Island ground,bus,3,operational
GTFS_ROUTE_24121,CHENNAI_COMMUNITY_GTFS,24121,MTC,42D,Srinivasa Nagar TO Island ground,bus,3,operational
GTFS_ROUTE_10241,CHENNAI_COMMUNITY_GTFS,10241,MTC,24A,M.G.R.Koyambedu TO Vivekananda House,bus,3,operational
GTFS_ROUTE_11638,CHENNAI_COMMUNITY_GTFS,11638,MTC,517K,Kovalam TO Pallavaram,bus,3,operational
GTFS_ROUTE_18322,CHENNAI_COMMUNITY_GTFS,18322,MTC,57A,Vallalar Nagar TO Budur Hospital,bus,3,operational
GTFS_ROUTE_16693,CHENNAI_COMMUNITY_GTFS,16693,MTC,114,M.G.R.Koyambedu TO Anna Nagar West,bus,3,operational
GTFS_ROUTE_19626,CHENNAI_COMMUNITY_GTFS,19626,MTC,54L CT,Poonamallee Bus Terminus to M.G.R.Koyambedu Bus Terminus,bus,3,operational
GTFS_ROUTE_19627,CHENNAI_COMMUNITY_GTFS,19627,MTC,583A CT,Poonamallee Bus Terminus to M.G.R.Koyambedu Bus Terminus,bus,3,operational
GTFS_ROUTE_19628,CHENNAI_COMMUNITY_GTFS,19628,MTC,597A CT,Poonamallee Bus Terminus to M.G.R.Koyambedu Bus Terminus,bus,3,operational
GTFS_ROUTE_19630,CHENNAI_COMMUNITY_GTFS,19630,MTC,101 CT6,Poonamallee TO  M.G.R.Koyambedu,bus,3,operational
GTFS_ROUTE_24122,CHENNAI_COMMUNITY_GTFS,24122,MTC,142 CT3,Vinayagapuram TO Island ground,bus,3,operational
GTFS_ROUTE_19633,CHENNAI_COMMUNITY_GTFS,19633,MTC,54K CT6,Poonamallee TO  M.G.R.Koyambedu,bus,3,operational
GTFS_ROUTE_11883,CHENNAI_COMMUNITY_GTFS,11883,MTC,557,Gummidipoondi TO M.M.B.T,bus,3,operational
GTFS_ROUTE_19631,CHENNAI_COMMUNITY_GTFS,19631,MTC,54,Poonamallee TO  M.G.R.Koyambedu,bus,3,operational
GTFS_ROUTE_19634,CHENNAI_COMMUNITY_GTFS,19634,MTC,62 CT3,Poonamallee TO  M.G.R.Koyambedu,bus,3,operational
GTFS_ROUTE_19635,CHENNAI_COMMUNITY_GTFS,19635,MTC,597C,Poonamallee to M.G.R.Koyambedu Bus Terminus,bus,3,operational
GTFS_ROUTE_19637,CHENNAI_COMMUNITY_GTFS,19637,MTC,32B CT4,Tondiarpet B.S TO Vivekananda House,bus,3,operational
GTFS_ROUTE_19638,CHENNAI_COMMUNITY_GTFS,19638,MTC,109T CT4,Tondairpet TO 2 Depot TO Thangal Tollgate,bus,3,operational
GTFS_ROUTE_11680,CHENNAI_COMMUNITY_GTFS,11680,MTC,51B,Velachery B.T TO Karanai,bus,3,operational
GTFS_ROUTE_19641,CHENNAI_COMMUNITY_GTFS,19641,MTC,54T CT4,Thyagaraya Nagar TO Saidapet,bus,3,operational
GTFS_ROUTE_24123,CHENNAI_COMMUNITY_GTFS,24123,MTC,142 R1,Vinayagapuram TO Perambur,bus,3,operational
GTFS_ROUTE_19644,CHENNAI_COMMUNITY_GTFS,19644,MTC,51A CT5,Thiyagarayanagar Terminus TO Saidapet Depot,bus,3,operational
GTFS_ROUTE_19645,CHENNAI_COMMUNITY_GTFS,19645,MTC,3 ct4,Thiyagarayanagar Terminus TO Saidapet Depot,bus,3,operational
GTFS_ROUTE_16765,CHENNAI_COMMUNITY_GTFS,16765,MTC,111,Thiruverkadu TO K.K.Nagar,bus,3,operational
GTFS_ROUTE_17174,CHENNAI_COMMUNITY_GTFS,17174,MTC,76,M.G.R.Koyambedu TO Cement Road,bus,3,operational
GTFS_ROUTE_19646,CHENNAI_COMMUNITY_GTFS,19646,MTC,54S CT,Thiyagarayanagar Terminus to M.G.R.Koyambedu Bus Terminus,bus,3,operational
GTFS_ROUTE_17176,CHENNAI_COMMUNITY_GTFS,17176,MTC,76,Cement Road TO Medavakkam Rd.Jn,bus,3,operational
GTFS_ROUTE_17177,CHENNAI_COMMUNITY_GTFS,17177,MTC,76,Kilambakkam B.S TO M.G.R.Koyambedu,bus,3,operational
GTFS_ROUTE_20013,CHENNAI_COMMUNITY_GTFS,20013,MTC,552K CT2,Kelambakkam Bus Terminal TO Keelkattalai,bus,3,operational
GTFS_ROUTE_19647,CHENNAI_COMMUNITY_GTFS,19647,MTC,49A CT,Thiyagarayanagar Terminus to M.G.R.Koyambedu Bus Terminus,bus,3,operational
GTFS_ROUTE_11615,CHENNAI_COMMUNITY_GTFS,11615,MTC,515A,Tambaram West TO Sulerikadu,bus,3,operational
GTFS_ROUTE_11618,CHENNAI_COMMUNITY_GTFS,11618,MTC,515A,Tambaram West TO Vadanemili,bus,3,operational
GTFS_ROUTE_18326,CHENNAI_COMMUNITY_GTFS,18326,MTC,51X CT,Saidapet TO Kilambakkam B.S,bus,3,operational
GTFS_ROUTE_10349,CHENNAI_COMMUNITY_GTFS,10349,MTC,159E,Ennore TO M.G.R.Koyambedu,bus,3,operational
GTFS_ROUTE_24124,CHENNAI_COMMUNITY_GTFS,24124,MTC,42B R1,Poompuhar TO  Island ground,bus,3,operational
GTFS_ROUTE_10350,CHENNAI_COMMUNITY_GTFS,10350,MTC,159E,M.G.R.Koyambedu TO Ennore,bus,3,operational
GTFS_ROUTE_18327,CHENNAI_COMMUNITY_GTFS,18327,MTC,101,Annanagar East TO M.G.R.Koyambedu,bus,3,operational
GTFS_ROUTE_16767,CHENNAI_COMMUNITY_GTFS,16767,MTC,111,Tambaram West TO K.K.Nagar,bus,3,operational
GTFS_ROUTE_24125,CHENNAI_COMMUNITY_GTFS,24125,MTC,242 R1,Redhills TO  Island ground,bus,3,operational
GTFS_ROUTE_11616,CHENNAI_COMMUNITY_GTFS,11616,MTC,51A,Kilambakkam B.T TO Velachery B.T,bus,3,operational
GTFS_ROUTE_11617,CHENNAI_COMMUNITY_GTFS,11617,MTC,51A,Medavakkam Rd.Jn TO Thyagaraya Nagar,bus,3,operational
GTFS_ROUTE_19648,CHENNAI_COMMUNITY_GTFS,19648,MTC,597 CT2,Thiyagarayanagar Terminus  to M.G.R.Koyambedu Bus Terminus,bus,3,operational
GTFS_ROUTE_19650,CHENNAI_COMMUNITY_GTFS,19650,MTC,54P CT1,Thiyagaraya Nagar TO  M.G.R.Koyambedu,bus,3,operational
GTFS_ROUTE_17927,CHENNAI_COMMUNITY_GTFS,17927,MTC,580,Puduvoyal TO Periyapalayam,bus,3,operational
GTFS_ROUTE_17924,CHENNAI_COMMUNITY_GTFS,17924,MTC,70C,K K Nagar TO M.G.R.Koyambedu,bus,3,operational
GTFS_ROUTE_11620,CHENNAI_COMMUNITY_GTFS,11620,MTC,515A,Vadanemili TO Tambaram West,bus,3,operational
GTFS_ROUTE_17928,CHENNAI_COMMUNITY_GTFS,17928,MTC,580,Avadi B.T TO Puduvoyal,bus,3,operational
GTFS_ROUTE_11627,CHENNAI_COMMUNITY_GTFS,11627,MTC,515K,Kilambakkam B.T TO Kovalam,bus,3,operational
GTFS_ROUTE_19654,CHENNAI_COMMUNITY_GTFS,19654,MTC,72M CT4,Thiruverkadu Bus Terminus to M.G.R.Koyambedu Bus Terminus,bus,3,operational
GTFS_ROUTE_17929,CHENNAI_COMMUNITY_GTFS,17929,MTC,512,Kavarapettai TO Madurapakkam,bus,3,operational
GTFS_ROUTE_17930,CHENNAI_COMMUNITY_GTFS,17930,MTC,514Et CT,Padiyanallur TO Redhills,bus,3,operational
GTFS_ROUTE_19655,CHENNAI_COMMUNITY_GTFS,19655,MTC,72 CT2,Thiruverkadu Bus Terminus to M.G.R.Koyambedu Bus Terminus,bus,3,operational
GTFS_ROUTE_19656,CHENNAI_COMMUNITY_GTFS,19656,MTC,50M CT,Thiruverkadu Bus Terminus to M.G.R.Koyambedu Bus Terminus,bus,3,operational
GTFS_ROUTE_24126,CHENNAI_COMMUNITY_GTFS,24126,MTC,164 CT1,M.K.B.Nagar TO Perambur Bus Terminus,bus,3,operational
GTFS_ROUTE_19658,CHENNAI_COMMUNITY_GTFS,19658,MTC,66P CT3,Poonamallee Bus Terminus  to M.G.R.Koyambedu Bus Terminus,bus,3,operational
GTFS_ROUTE_19665,CHENNAI_COMMUNITY_GTFS,19665,MTC,66 CT3,Poonamallee TO  Iyyapanthangal,bus,3,operational
GTFS_ROUTE_12817,CHENNAI_COMMUNITY_GTFS,12817,MTC,77T,M.G.R.Koyambedu TO Thirumullaivoyal Colony,bus,3,operational
GTFS_ROUTE_19659,CHENNAI_COMMUNITY_GTFS,19659,MTC,65B CT1,Poonamallee  TO  Muthapudupet,bus,3,operational
GTFS_ROUTE_20016,CHENNAI_COMMUNITY_GTFS,20016,MTC,552K CT3,Keelkattalai TO Kelambakkam,bus,3,operational
GTFS_ROUTE_19661,CHENNAI_COMMUNITY_GTFS,19661,MTC,549 CT1,Thiruvanmiyur Bus Stand to M.G.R.Koyambedu Bus Terminus,bus,3,operational
GTFS_ROUTE_19660,CHENNAI_COMMUNITY_GTFS,19660,MTC,54C,Poonamallee Bus Terminus to Thiruninravur Bus Stand,bus,3,operational
GTFS_ROUTE_19664,CHENNAI_COMMUNITY_GTFS,19664,MTC,65B,Poonamallee TO  Iyyapanthangal,bus,3,operational
GTFS_ROUTE_10705,CHENNAI_COMMUNITY_GTFS,10705,MTC,105A,Tambaram West TO Siruseri I.T Park,bus,3,operational
GTFS_ROUTE_19668,CHENNAI_COMMUNITY_GTFS,19668,MTC,591 CT3,Poonamallee TO  Manimangalam,bus,3,operational
GTFS_ROUTE_19669,CHENNAI_COMMUNITY_GTFS,19669,MTC,S54TC,Porur TO Chembarambakkam,bus,3,operational
GTFS_ROUTE_19670,CHENNAI_COMMUNITY_GTFS,19670,MTC,54S CT1,Porur to Thiyagarayanagar Terminus,bus,3,operational
GTFS_ROUTE_19671,CHENNAI_COMMUNITY_GTFS,19671,MTC,597CEt CT2,Thiruninravur  TO  Iyyapanthangal,bus,3,operational
GTFS_ROUTE_19663,CHENNAI_COMMUNITY_GTFS,19663,MTC,66PX,Poonamallee TO  Iyappanthangal,bus,3,operational
GTFS_ROUTE_11665,CHENNAI_COMMUNITY_GTFS,11665,MTC,51AX,Saidapet Depot TO Thyagaraya Nagar,bus,3,operational
GTFS_ROUTE_11674,CHENNAI_COMMUNITY_GTFS,11674,MTC,51B,Karanai TO Velachery B.T,bus,3,operational
GTFS_ROUTE_24127,CHENNAI_COMMUNITY_GTFS,24127,MTC,170C R,Guindy Tvk Estate TO T.V.K.Nagar,bus,3,operational
GTFS_ROUTE_11683,CHENNAI_COMMUNITY_GTFS,11683,MTC,525,Iyyappanthangal TO Vadapalani,bus,3,operational
GTFS_ROUTE_19677,CHENNAI_COMMUNITY_GTFS,19677,MTC,57F CT3,Redhills B.S TO Karanodai B.S,bus,3,operational
GTFS_ROUTE_19678,CHENNAI_COMMUNITY_GTFS,19678,MTC,142 CT1,Redhills B.S TO Padiyanallur B.S,bus,3,operational
GTFS_ROUTE_19679,CHENNAI_COMMUNITY_GTFS,19679,MTC,57X,Redhills Bus Terminus TO Padianallur,bus,3,operational
GTFS_ROUTE_19681,CHENNAI_COMMUNITY_GTFS,19681,MTC,53A CT2,Thirumazhisai Bus Stand to M.G.R.Koyambedu Bus Terminus,bus,3,operational
GTFS_ROUTE_19682,CHENNAI_COMMUNITY_GTFS,19682,MTC,53G CT2,Iyyapanthangal Depot  to  Padurmedu,bus,3,operational
GTFS_ROUTE_12586,CHENNAI_COMMUNITY_GTFS,12586,MTC,70J,J.J.Nagar West TO Tambaram West,bus,3,operational
GTFS_ROUTE_11657,CHENNAI_COMMUNITY_GTFS,11657,MTC,51A,Velachery B.T TO Kilambakkam B.T,bus,3,operational
GTFS_ROUTE_19683,CHENNAI_COMMUNITY_GTFS,19683,MTC,109T CT2,Thangal Tollgate TO Thiruvotiyur B.T,bus,3,operational
GTFS_ROUTE_19674,CHENNAI_COMMUNITY_GTFS,19674,MTC,578M,Poonamallee Bus Terminus TO  MEPPEDU,bus,3,operational
GTFS_ROUTE_10706,CHENNAI_COMMUNITY_GTFS,10706,MTC,19BEt,Saidapet TO Kelambakkam,bus,3,operational
GTFS_ROUTE_24128,CHENNAI_COMMUNITY_GTFS,24128,MTC,597T R,Poonamallee TO  Thiruvallur,bus,3,operational
GTFS_ROUTE_17953,CHENNAI_COMMUNITY_GTFS,17953,MTC,101,Thiruvottiyur TO Tollgate,bus,3,operational
GTFS_ROUTE_19685,CHENNAI_COMMUNITY_GTFS,19685,MTC,66M,Kundrathur B.S TO Malayambakkam,bus,3,operational
GTFS_ROUTE_19686,CHENNAI_COMMUNITY_GTFS,19686,MTC,28B CT4,Thangal Tollgate TO Egmore R.S,bus,3,operational
GTFS_ROUTE_17948,CHENNAI_COMMUNITY_GTFS,17948,MTC,523,Mullipakkam TO Thiruporur,bus,3,operational
GTFS_ROUTE_17952,CHENNAI_COMMUNITY_GTFS,17952,MTC,523,Thiruporur TO Mullipakkam,bus,3,operational
GTFS_ROUTE_10482,CHENNAI_COMMUNITY_GTFS,10482,MTC,17E,Secretariat TO Saligramam,bus,3,operational
GTFS_ROUTE_17951,CHENNAI_COMMUNITY_GTFS,17951,MTC,523A,Thiruporur TO Devi Karumariamman Temple,bus,3,operational
GTFS_ROUTE_17949,CHENNAI_COMMUNITY_GTFS,17949,MTC,70F,Madhavaram B.T TO Madhavaram,bus,3,operational
GTFS_ROUTE_17950,CHENNAI_COMMUNITY_GTFS,17950,MTC,77V,Ambattur I.E TO Veppampattu E.Waran Nagar,bus,3,operational
GTFS_ROUTE_19687,CHENNAI_COMMUNITY_GTFS,19687,MTC,53P CT1,M.G.R.Koyambedu Bus Terminus to Pattur,bus,3,operational
GTFS_ROUTE_19688,CHENNAI_COMMUNITY_GTFS,19688,MTC,51A CT1,Tambaram West TO Thiyagarayanagar,bus,3,operational
GTFS_ROUTE_11886,CHENNAI_COMMUNITY_GTFS,11886,MTC,557,Gummidipoondi TO Redhills,bus,3,operational
GTFS_ROUTE_11888,CHENNAI_COMMUNITY_GTFS,11888,MTC,557,M.M.B.T TO Gummidipoondi,bus,3,operational
GTFS_ROUTE_10213,CHENNAI_COMMUNITY_GTFS,10213,MTC,23C,Besant Nagar TO Greams Road,bus,3,operational
GTFS_ROUTE_12587,CHENNAI_COMMUNITY_GTFS,12587,MTC,70J,Tambaram West TO J.J.Nagar West,bus,3,operational
GTFS_ROUTE_24129,CHENNAI_COMMUNITY_GTFS,24129,MTC,597T R1,Thiruvallur TO  Poonamallee,bus,3,operational
GTFS_ROUTE_19689,CHENNAI_COMMUNITY_GTFS,19689,MTC,54S CT,M.G.R.Koyambedu Bus Terminus to Vadakku Malaiambakkam,bus,3,operational
GTFS_ROUTE_12588,CHENNAI_COMMUNITY_GTFS,12588,MTC,70K,Avadi B.T TO Kilambakkam B.T,bus,3,operational
GTFS_ROUTE_12589,CHENNAI_COMMUNITY_GTFS,12589,MTC,70K,Kilambakkam B.T TO Avadi B.T,bus,3,operational
GTFS_ROUTE_19690,CHENNAI_COMMUNITY_GTFS,19690,MTC,62 CT1,Redhills TO  M.G.R.Koyambedu,bus,3,operational
GTFS_ROUTE_11371,CHENNAI_COMMUNITY_GTFS,11371,MTC,45B,Anna Square TO Mugalivakkam Mm Temple,bus,3,operational
GTFS_ROUTE_13050,CHENNAI_COMMUNITY_GTFS,13050,MTC,C56CEt,Thiruvotriyur B.T TO Air Nagar,bus,3,operational
GTFS_ROUTE_19693,CHENNAI_COMMUNITY_GTFS,19693,MTC,S55W,Tambaram West TO Tambaram West,bus,3,operational
GTFS_ROUTE_24130,CHENNAI_COMMUNITY_GTFS,24130,MTC,597T CT,M.G.R.Koyambedu TO  Poonamallee,bus,3,operational
GTFS_ROUTE_11388,CHENNAI_COMMUNITY_GTFS,11388,MTC,45BEt,Anna Square TO Cement Road,bus,3,operational
GTFS_ROUTE_10357,CHENNAI_COMMUNITY_GTFS,10357,MTC,159K,Thiruvotriyur B.T TO Kargil Nagar,bus,3,operational
GTFS_ROUTE_11390,CHENNAI_COMMUNITY_GTFS,11390,MTC,45BEt,Anna Square TO Guindy Tvk Estate,bus,3,operational
GTFS_ROUTE_10355,CHENNAI_COMMUNITY_GTFS,10355,MTC,159K,M.G.R.Koyambedu TO Kargil Nagar,bus,3,operational
GTFS_ROUTE_10356,CHENNAI_COMMUNITY_GTFS,10356,MTC,159K,Kargil Nagar TO Thiruvotriyur B.T,bus,3,operational
GTFS_ROUTE_19695,CHENNAI_COMMUNITY_GTFS,19695,MTC,51C,Saidapet West Bus Stand TO Vandalur,bus,3,operational
GTFS_ROUTE_11384,CHENNAI_COMMUNITY_GTFS,11384,MTC,45B,Vivekananda House TO Guindy Tvk Estate,bus,3,operational
GTFS_ROUTE_11385,CHENNAI_COMMUNITY_GTFS,11385,MTC,45B,Vivekananda House TO Mugalivakkam Mm Temple,bus,3,operational
GTFS_ROUTE_11391,CHENNAI_COMMUNITY_GTFS,11391,MTC,45BEt,Anna Square TO Mugalivakkam,bus,3,operational
GTFS_ROUTE_12591,CHENNAI_COMMUNITY_GTFS,12591,MTC,70K,M.G.R.Koyambedu TO Kilambakkam B.T,bus,3,operational
GTFS_ROUTE_13028,CHENNAI_COMMUNITY_GTFS,13028,MTC,A1,Thiruvalluvar Nagar TO M.G.R.Central,bus,3,operational
GTFS_ROUTE_19699,CHENNAI_COMMUNITY_GTFS,19699,MTC,18A CT4,Tambaram West TO Kilambakkam B.S,bus,3,operational
GTFS_ROUTE_19700,CHENNAI_COMMUNITY_GTFS,19700,MTC,70V CT5,Tambaram West TO Kilambakkam,bus,3,operational
GTFS_ROUTE_17981,CHENNAI_COMMUNITY_GTFS,17981,MTC,99A CT,Sholinganallur TO Perumbakkam College,bus,3,operational
GTFS_ROUTE_24131,CHENNAI_COMMUNITY_GTFS,24131,MTC,597T CT1,Poonamallee  TO  M.G.R.Koyambedu,bus,3,operational
GTFS_ROUTE_17995,CHENNAI_COMMUNITY_GTFS,17995,MTC,M70 CT,Thiruvanmiyur TO K.K.Nagar B.T,bus,3,operational
GTFS_ROUTE_19701,CHENNAI_COMMUNITY_GTFS,19701,MTC,53A CT5,Secretariat to Sriperumbudur Bus Terminal,bus,3,operational
GTFS_ROUTE_14871,CHENNAI_COMMUNITY_GTFS,14871,MTC,49K,Mandaveli TO Porur,bus,3,operational
GTFS_ROUTE_11405,CHENNAI_COMMUNITY_GTFS,11405,MTC,46Et,Periyar Nagar TO Otteri,bus,3,operational
GTFS_ROUTE_17998,CHENNAI_COMMUNITY_GTFS,17998,MTC,S1 CT1,Thirisulam Sakhi Nagar TO Chromepet-I,bus,3,operational
GTFS_ROUTE_17999,CHENNAI_COMMUNITY_GTFS,17999,MTC,S18D CT,Narikuravar Colony TO Saidapet Gurukulam,bus,3,operational
GTFS_ROUTE_19702,CHENNAI_COMMUNITY_GTFS,19702,MTC,91K,Tambaram West Bus Stand TO Kilambakkam Bus Terminus,bus,3,operational
GTFS_ROUTE_11621,CHENNAI_COMMUNITY_GTFS,11621,MTC,515B,M.G.R.Koyambedu TO Tambaram West,bus,3,operational
GTFS_ROUTE_19703,CHENNAI_COMMUNITY_GTFS,19703,MTC,11 CT1,Secretariat TO Thiyagaraya Nagar,bus,3,operational
GTFS_ROUTE_19991,CHENNAI_COMMUNITY_GTFS,19991,MTC,23C,Ayanavaram B.T TO Perumpakkam S.C.B,bus,3,operational
GTFS_ROUTE_19993,CHENNAI_COMMUNITY_GTFS,19993,MTC,23C,Perumbakkam S.C.B TO Greams Road,bus,3,operational
GTFS_ROUTE_11622,CHENNAI_COMMUNITY_GTFS,11622,MTC,515B,Tambaram West TO M.G.R.Koyambedu,bus,3,operational
GTFS_ROUTE_13001,CHENNAI_COMMUNITY_GTFS,13001,MTC,A45B,Anna Square TO Cement Road,bus,3,operational
GTFS_ROUTE_23731,CHENNAI_COMMUNITY_GTFS,23731,MTC,51 R,Velachery B.T TO Tambaram West,bus,3,operational
GTFS_ROUTE_18005,CHENNAI_COMMUNITY_GTFS,18005,MTC,S30K,Thyagaraya Nagar TO Kotturpuram R.S,bus,3,operational
GTFS_ROUTE_19705,CHENNAI_COMMUNITY_GTFS,19705,MTC,515,Tambaram West B.S TO Kilambakkam B.S,bus,3,operational
GTFS_ROUTE_18000,CHENNAI_COMMUNITY_GTFS,18000,MTC,S18D CT,Saidapet Gurukulam TO Narikuravar Colony,bus,3,operational
GTFS_ROUTE_18001,CHENNAI_COMMUNITY_GTFS,18001,MTC,S30Ct,Guindy G.H TO Guindy Tvk Estate,bus,3,operational
GTFS_ROUTE_18002,CHENNAI_COMMUNITY_GTFS,18002,MTC,S30K,Guindy Tvk Estate TO Kotturpuram R.S,bus,3,operational
GTFS_ROUTE_18003,CHENNAI_COMMUNITY_GTFS,18003,MTC,S30K,Kotturpuram R.S TO Guindy Tvk Estate,bus,3,operational
GTFS_ROUTE_18004,CHENNAI_COMMUNITY_GTFS,18004,MTC,S30K,Kotturpuram R.S TO Thyagaraya Nagar,bus,3,operational
GTFS_ROUTE_11426,CHENNAI_COMMUNITY_GTFS,11426,MTC,49K,Mandaveli TO Iyyappanthangal,bus,3,operational
GTFS_ROUTE_18007,CHENNAI_COMMUNITY_GTFS,18007,MTC,S35,Defence Colony TO K.K.Nagar,bus,3,operational
GTFS_ROUTE_24132,CHENNAI_COMMUNITY_GTFS,24132,MTC,55X CT2,Mannivakkam Tank TONehru Nagar,bus,3,operational
GTFS_ROUTE_12594,CHENNAI_COMMUNITY_GTFS,12594,MTC,70LCt,Korattur TO Ambattur I.E,bus,3,operational
GTFS_ROUTE_12595,CHENNAI_COMMUNITY_GTFS,12595,MTC,70LCt,Korattur TO Guindy Tvk Estate,bus,3,operational
GTFS_ROUTE_17983,CHENNAI_COMMUNITY_GTFS,17983,MTC,583A,Kottaiyur TO Poonamallee B.T,bus,3,operational
GTFS_ROUTE_18010,CHENNAI_COMMUNITY_GTFS,18010,MTC,54B CT1,Porur TO Thyagaraya Nagar B.S,bus,3,operational
GTFS_ROUTE_11446,CHENNAI_COMMUNITY_GTFS,11446,MTC,47D,Ambattur I.E TO Avadi B.T,bus,3,operational
GTFS_ROUTE_24133,CHENNAI_COMMUNITY_GTFS,24133,MTC,55X CT1,Nehru Nagar TO  Mannivakkam Tank,bus,3,operational
GTFS_ROUTE_18008,CHENNAI_COMMUNITY_GTFS,18008,MTC,54B CT,Iyyappanthangal B.S TO Thyagaraya Nagar B.S,bus,3,operational
GTFS_ROUTE_18009,CHENNAI_COMMUNITY_GTFS,18009,MTC,54B CT,Thyagaraya Nagar B.S TO Iyyappanthangal,bus,3,operational
GTFS_ROUTE_18011,CHENNAI_COMMUNITY_GTFS,18011,MTC,S55W,Tambaram West TO Tambaram,bus,3,operational
GTFS_ROUTE_18013,CHENNAI_COMMUNITY_GTFS,18013,MTC,54B CT1,Thyagaraya Nagar  B.S TO Porur,bus,3,operational
GTFS_ROUTE_18014,CHENNAI_COMMUNITY_GTFS,18014,MTC,121M CT,Moolakadai TO Kaviarasu Kannadasan Nagar,bus,3,operational
GTFS_ROUTE_19710,CHENNAI_COMMUNITY_GTFS,19710,MTC,583 CT,Sriperumbudur Bus Terminal to M.G.R.Koyambedu Bus Terminus,bus,3,operational
GTFS_ROUTE_19711,CHENNAI_COMMUNITY_GTFS,19711,MTC,66P CT7,Sriperumbudur Bus Terminal to M.G.R.Koyambedu Bus Terminus,bus,3,operational
GTFS_ROUTE_17984,CHENNAI_COMMUNITY_GTFS,17984,MTC,583A,Kottaiyur TO Sriperumbudur,bus,3,operational
GTFS_ROUTE_12822,CHENNAI_COMMUNITY_GTFS,12822,MTC,77V,M.G.R.Koyambedu TO Ambattur I.E,bus,3,operational
GTFS_ROUTE_17975,CHENNAI_COMMUNITY_GTFS,17975,MTC,63,Thiruverkadu TO Icf,bus,3,operational
GTFS_ROUTE_11831,CHENNAI_COMMUNITY_GTFS,11831,MTC,555P,Padappai TO Sholinganallur,bus,3,operational
GTFS_ROUTE_11832,CHENNAI_COMMUNITY_GTFS,11832,MTC,555P,Sholinganallur TO Padappai,bus,3,operational
GTFS_ROUTE_11833,CHENNAI_COMMUNITY_GTFS,11833,MTC,555P,Sholinganallur TO Tambaram West,bus,3,operational
GTFS_ROUTE_11834,CHENNAI_COMMUNITY_GTFS,11834,MTC,555P,Tambaram West TO Sholinganallur,bus,3,operational
GTFS_ROUTE_11484,CHENNAI_COMMUNITY_GTFS,11484,MTC,48A,Koyambedu Market TO Madhavaram B.T,bus,3,operational
GTFS_ROUTE_19714,CHENNAI_COMMUNITY_GTFS,19714,MTC,578Et CT1,Sunguvarchatram to M.G.R.Koyambedu Bus Terminus,bus,3,operational
GTFS_ROUTE_15116,CHENNAI_COMMUNITY_GTFS,15116,MTC,21G,Cement Road TO Kilambakkam B.T,bus,3,operational
GTFS_ROUTE_18330,CHENNAI_COMMUNITY_GTFS,18330,MTC,101,Annanagar East TO Poonamallee,bus,3,operational
GTFS_ROUTE_11864,CHENNAI_COMMUNITY_GTFS,11864,MTC,54VCt,Veppampattu R.S TO Iyyappanthangal,bus,3,operational
GTFS_ROUTE_17976,CHENNAI_COMMUNITY_GTFS,17976,MTC,95X,Tambaram West TO Kilambakkam Bus,bus,3,operational
GTFS_ROUTE_19719,CHENNAI_COMMUNITY_GTFS,19719,MTC,591 CT2,Manimangalam TO Poonamallee,bus,3,operational
GTFS_ROUTE_17985,CHENNAI_COMMUNITY_GTFS,17985,MTC,583A,Poonamallee B.T TO Kottaiyur,bus,3,operational
GTFS_ROUTE_19716,CHENNAI_COMMUNITY_GTFS,19716,MTC,62M CT1,M.M.B.T to M.G.R.Koyambedu Bus Terminus,bus,3,operational
GTFS_ROUTE_19717,CHENNAI_COMMUNITY_GTFS,19717,MTC,S59 CT1,Mangadu  TO  Iyappanthangal,bus,3,operational
GTFS_ROUTE_19718,CHENNAI_COMMUNITY_GTFS,19718,MTC,66,Tambaram TO Poonamallee,bus,3,operational
GTFS_ROUTE_19721,CHENNAI_COMMUNITY_GTFS,19721,MTC,65B,Muthapudupet TO Poonamallee,bus,3,operational
GTFS_ROUTE_19722,CHENNAI_COMMUNITY_GTFS,19722,MTC,154B CT,Nanganallur TO  M.G.R.Koyambedu,bus,3,operational
GTFS_ROUTE_19723,CHENNAI_COMMUNITY_GTFS,19723,MTC,154B,M.G.R.Koyambedu TO  Nanganallur,bus,3,operational
GTFS_ROUTE_11942,CHENNAI_COMMUNITY_GTFS,11942,MTC,566B,Iyyappanthangal TO Tambaram West,bus,3,operational
GTFS_ROUTE_19725,CHENNAI_COMMUNITY_GTFS,19725,MTC,MAA1,Tambaram TO Airport,bus,3,operational
GTFS_ROUTE_11946,CHENNAI_COMMUNITY_GTFS,11946,MTC,566B,Kovalam TO Tambaram West,bus,3,operational
GTFS_ROUTE_11947,CHENNAI_COMMUNITY_GTFS,11947,MTC,566B,Pattur TO Kovalam,bus,3,operational
GTFS_ROUTE_11925,CHENNAI_COMMUNITY_GTFS,11925,MTC,55X,Padappai TO Tambaram West,bus,3,operational
GTFS_ROUTE_11542,CHENNAI_COMMUNITY_GTFS,11542,MTC,505,Thamaraipakkam TO Redhills,bus,3,operational
GTFS_ROUTE_11927,CHENNAI_COMMUNITY_GTFS,11927,MTC,55X,Tambaram West TO Padappai,bus,3,operational
GTFS_ROUTE_11910,CHENNAI_COMMUNITY_GTFS,11910,MTC,55G,Oonamancheri TO Tambaram West,bus,3,operational
GTFS_ROUTE_11911,CHENNAI_COMMUNITY_GTFS,11911,MTC,55G,Tambaram West TO Oonamancheri,bus,3,operational
GTFS_ROUTE_12596,CHENNAI_COMMUNITY_GTFS,12596,MTC,70M,Kilambakkam B.T TO M.G.R.Koyambedu,bus,3,operational
GTFS_ROUTE_11664,CHENNAI_COMMUNITY_GTFS,11664,MTC,51D,Tambaram West TO Saidapet,bus,3,operational
GTFS_ROUTE_19724,CHENNAI_COMMUNITY_GTFS,19724,MTC,53G CT3,Padurmedu TO  Iyyapanthangal,bus,3,operational
GTFS_ROUTE_19727,CHENNAI_COMMUNITY_GTFS,19727,MTC,38C CT2,T.V.K.Nagar  TO  Vyasarpadi Depot,bus,3,operational
GTFS_ROUTE_17987,CHENNAI_COMMUNITY_GTFS,17987,MTC,583A,Sriperumbudur TO Kottaiyur,bus,3,operational
GTFS_ROUTE_18020,CHENNAI_COMMUNITY_GTFS,18020,MTC,153,Anna Nagar Roundtana TO M.G.R.Koyambedu,bus,3,operational
GTFS_ROUTE_19732,CHENNAI_COMMUNITY_GTFS,19732,MTC,V51 CT3,Thiyagaraya Nagar TO Chromepet,bus,3,operational
GTFS_ROUTE_11948,CHENNAI_COMMUNITY_GTFS,11948,MTC,557M,Padiyanallur TO Redhills,bus,3,operational
GTFS_ROUTE_11950,CHENNAI_COMMUNITY_GTFS,11950,MTC,557M,Redhills TO Gummidipoondi,bus,3,operational
GTFS_ROUTE_18019,CHENNAI_COMMUNITY_GTFS,18019,MTC,S74,Cement Road TO Keelkattalai,bus,3,operational
GTFS_ROUTE_19733,CHENNAI_COMMUNITY_GTFS,19733,MTC,28B CT1,Thiruvotiyur B.T TO Egmore R.S,bus,3,operational
GTFS_ROUTE_19734,CHENNAI_COMMUNITY_GTFS,19734,MTC,11M,Thiyagarayanagar B.S TO Iyyappanthangal B.S,bus,3,operational
GTFS_ROUTE_17980,CHENNAI_COMMUNITY_GTFS,17980,MTC,99A CT,Perumbakkam College TO Tambaram West,bus,3,operational
GTFS_ROUTE_12597,CHENNAI_COMMUNITY_GTFS,12597,MTC,70M,Kilambakkam B.T TO M.M.B.T,bus,3,operational
GTFS_ROUTE_12598,CHENNAI_COMMUNITY_GTFS,12598,MTC,70M,Kilambakkam B.T TO Moolakadai,bus,3,operational
GTFS_ROUTE_19736,CHENNAI_COMMUNITY_GTFS,19736,MTC,65A CT2,Thiyagarayanagar Terminus to M.G.R.Koyambedu Bus Terminus,bus,3,operational
GTFS_ROUTE_13030,CHENNAI_COMMUNITY_GTFS,13030,MTC,A1,Palavakkam TO M.G.R.Central,bus,3,operational
GTFS_ROUTE_19742,CHENNAI_COMMUNITY_GTFS,19742,MTC,S165 CT4,Nehru Nagar TO Kovur E.B,bus,3,operational
GTFS_ROUTE_19879,CHENNAI_COMMUNITY_GTFS,19879,MTC,47A,Icf Junction TO Ayanavaram Signal,bus,3,operational
GTFS_ROUTE_12920,CHENNAI_COMMUNITY_GTFS,12920,MTC,88C,Iyyappanthangal TO Thandalam Village,bus,3,operational
GTFS_ROUTE_18022,CHENNAI_COMMUNITY_GTFS,18022,MTC,S80,Chromepet-I TO Thendral Nagar,bus,3,operational
GTFS_ROUTE_11422,CHENNAI_COMMUNITY_GTFS,11422,MTC,47A,Villivakkam TO Ayanavaram B.T,bus,3,operational
GTFS_ROUTE_18025,CHENNAI_COMMUNITY_GTFS,18025,MTC,1C CT,Thiruvanmiyur Bus TO Ennore Bus,bus,3,operational
GTFS_ROUTE_18023,CHENNAI_COMMUNITY_GTFS,18023,MTC,S64,Azeezee Nagar TO Perambur B.T,bus,3,operational
GTFS_ROUTE_11663,CHENNAI_COMMUNITY_GTFS,11663,MTC,51D,Saidapet TO Tambaram West,bus,3,operational
GTFS_ROUTE_11641,CHENNAI_COMMUNITY_GTFS,11641,MTC,51T,Madurapakkam TO Tambaram West,bus,3,operational
GTFS_ROUTE_11642,CHENNAI_COMMUNITY_GTFS,11642,MTC,51T,Madurapakkam TO Thyagaraya Nagar,bus,3,operational
GTFS_ROUTE_11643,CHENNAI_COMMUNITY_GTFS,11643,MTC,51T,Tambaram West TO Madurapakkam,bus,3,operational
GTFS_ROUTE_11645,CHENNAI_COMMUNITY_GTFS,11645,MTC,51T,Thyagaraya Nagar TO Madurapakkam,bus,3,operational
GTFS_ROUTE_11687,CHENNAI_COMMUNITY_GTFS,11687,MTC,51X,Kilambakkam B.T TO Medavakkam Rd.Jn,bus,3,operational
GTFS_ROUTE_12599,CHENNAI_COMMUNITY_GTFS,12599,MTC,70M,M.G.R.Koyambedu TO Kilambakkam B.T,bus,3,operational
GTFS_ROUTE_16248,CHENNAI_COMMUNITY_GTFS,16248,MTC,T23C,Egmore TO Thiruvanmiyur,bus,3,operational
GTFS_ROUTE_12989,CHENNAI_COMMUNITY_GTFS,12989,MTC,A51,PADUVANCHERY TO TAMBARAM WEST,bus,3,operational
GTFS_ROUTE_16249,CHENNAI_COMMUNITY_GTFS,16249,MTC,T23C,Ayanavaram TO Thiruvanmiyur,bus,3,operational
GTFS_ROUTE_12600,CHENNAI_COMMUNITY_GTFS,12600,MTC,70M,M.M.B.T TO Kilambakkam B.T,bus,3,operational
GTFS_ROUTE_13037,CHENNAI_COMMUNITY_GTFS,13037,MTC,99X,Sholinganallur TO Kilambakkam B.T,bus,3,operational
GTFS_ROUTE_11005,CHENNAI_COMMUNITY_GTFS,11005,MTC,114Et,M.G.R.Koyambedu TO Mahindra Ind.Park,bus,3,operational
GTFS_ROUTE_11006,CHENNAI_COMMUNITY_GTFS,11006,MTC,114Et,M.G.R.Koyambedu TO Redhills,bus,3,operational
GTFS_ROUTE_10968,CHENNAI_COMMUNITY_GTFS,10968,MTC,114Et,Anna Nagar West TO M.G.R.Koyambedu,bus,3,operational
GTFS_ROUTE_11007,CHENNAI_COMMUNITY_GTFS,11007,MTC,114Et,Mahindra Ind.Park TO M.G.R.Koyambedu,bus,3,operational
GTFS_ROUTE_17040,CHENNAI_COMMUNITY_GTFS,17040,MTC,91,Rajbhavan TO Chromepet,bus,3,operational
GTFS_ROUTE_12057,CHENNAI_COMMUNITY_GTFS,12057,MTC,56T,Athipettu R.S TO Thangal Tollgate,bus,3,operational
GTFS_ROUTE_12590,CHENNAI_COMMUNITY_GTFS,12590,MTC,70K,Kilambakkam B.T TO M.G.R.Koyambedu,bus,3,operational
GTFS_ROUTE_12601,CHENNAI_COMMUNITY_GTFS,12601,MTC,70M,Moolakadai TO Kilambakkam B.T,bus,3,operational
GTFS_ROUTE_19744,CHENNAI_COMMUNITY_GTFS,19744,MTC,102C CT8,Tidel Park to Semmancheri,bus,3,operational
GTFS_ROUTE_18033,CHENNAI_COMMUNITY_GTFS,18033,MTC,S80,Thendral Nagar TO Chromepet-I,bus,3,operational
GTFS_ROUTE_18034,CHENNAI_COMMUNITY_GTFS,18034,MTC,157 CT,Tondiarpet TO Redhills Bus Terminus,bus,3,operational
GTFS_ROUTE_12866,CHENNAI_COMMUNITY_GTFS,12866,MTC,89A,Porur TO Somangalam,bus,3,operational
GTFS_ROUTE_16259,CHENNAI_COMMUNITY_GTFS,16259,MTC,505K,Thiruvallur TO Redhills,bus,3,operational
GTFS_ROUTE_12061,CHENNAI_COMMUNITY_GTFS,12061,MTC,56T,Thangal Tollgate TO Athipettu R.S,bus,3,operational
GTFS_ROUTE_18035,CHENNAI_COMMUNITY_GTFS,18035,MTC,1C CT,Ennore TO Tondiarpet,bus,3,operational
GTFS_ROUTE_12740,CHENNAI_COMMUNITY_GTFS,12740,MTC,70F,Madhavaram B.T TO Kilambakkam B.T,bus,3,operational
GTFS_ROUTE_12825,CHENNAI_COMMUNITY_GTFS,12825,MTC,77V,Veppampattu E.Waran Nagar TO M.G.R.Koyambedu,bus,3,operational
GTFS_ROUTE_12826,CHENNAI_COMMUNITY_GTFS,12826,MTC,77V,M.G.R.Koyambedu TO Veppampattu E.Waran Nagar,bus,3,operational
GTFS_ROUTE_19745,CHENNAI_COMMUNITY_GTFS,19745,MTC,102K,Ezhil Nagar TO Kannagi Nagar Bus Stand,bus,3,operational
GTFS_ROUTE_13058,CHENNAI_COMMUNITY_GTFS,13058,MTC,J66,Poonamallee B.T TO Tambaram West,bus,3,operational
GTFS_ROUTE_13012,CHENNAI_COMMUNITY_GTFS,13012,MTC,A45B,Vivekananda House TO Cement Road,bus,3,operational
GTFS_ROUTE_12884,CHENNAI_COMMUNITY_GTFS,12884,MTC,89TCt,Kundrathur Depot TO Somangalam,bus,3,operational
GTFS_ROUTE_18333,CHENNAI_COMMUNITY_GTFS,18333,MTC,51X CT1,Tambaram West B.S TO Velachery,bus,3,operational
GTFS_ROUTE_18335,CHENNAI_COMMUNITY_GTFS,18335,MTC,70C CT,Vadapalani Bus Stand TO M.G.R.Koyambedu,bus,3,operational
GTFS_ROUTE_10003,CHENNAI_COMMUNITY_GTFS,10003,MTC,505K,Thiruvallur Terminal TO Avadi Bus Terminus,bus,3,operational
GTFS_ROUTE_11548,CHENNAI_COMMUNITY_GTFS,11548,MTC,505K,Avadi B.T TO Redhills,bus,3,operational
GTFS_ROUTE_11549,CHENNAI_COMMUNITY_GTFS,11549,MTC,505K,Redhills TO Thamaraipakkam Rd.Jn,bus,3,operational
GTFS_ROUTE_10970,CHENNAI_COMMUNITY_GTFS,10970,MTC,114Et,M.G.R.Koyambedu TO Anna Nagar West,bus,3,operational
GTFS_ROUTE_11550,CHENNAI_COMMUNITY_GTFS,11550,MTC,505K,Redhills TO Thiruvallur,bus,3,operational
GTFS_ROUTE_18336,CHENNAI_COMMUNITY_GTFS,18336,MTC,12B CT,Saligramam Bus TO Foreshore Estate,bus,3,operational
GTFS_ROUTE_11727,CHENNAI_COMMUNITY_GTFS,11727,MTC,523,Sholinganallur TO Perunthandalam,bus,3,operational
GTFS_ROUTE_18337,CHENNAI_COMMUNITY_GTFS,18337,MTC,1C CT,Thiruvanmiyur Bus TO Ennore Bus Depot,bus,3,operational
GTFS_ROUTE_19749,CHENNAI_COMMUNITY_GTFS,19749,MTC,102P CT12,Vivekananda House TO Perumbakkam Scb,bus,3,operational
GTFS_ROUTE_12108,CHENNAI_COMMUNITY_GTFS,12108,MTC,570V,Vadapalani TO Kelambakkam,bus,3,operational
GTFS_ROUTE_11551,CHENNAI_COMMUNITY_GTFS,11551,MTC,505K,Thamaraipakkam Rd.Jn TO Redhills,bus,3,operational
GTFS_ROUTE_18339,CHENNAI_COMMUNITY_GTFS,18339,MTC,51X CT1,Velachery TO Tambaram West B.S,bus,3,operational
GTFS_ROUTE_12603,CHENNAI_COMMUNITY_GTFS,12603,MTC,70N,M.G.R.Koyambedu TO Nanganallur,bus,3,operational
GTFS_ROUTE_12827,CHENNAI_COMMUNITY_GTFS,12827,MTC,77VEt,Ambattur I.E TO Koyambakkam,bus,3,operational
GTFS_ROUTE_19753,CHENNAI_COMMUNITY_GTFS,19753,MTC,47T,Thiyagaraya Nagar TO  Icf,bus,3,operational
GTFS_ROUTE_19751,CHENNAI_COMMUNITY_GTFS,19751,MTC,18A CT7,Cement Road TO Chennai Airport,bus,3,operational
GTFS_ROUTE_16319,CHENNAI_COMMUNITY_GTFS,16319,MTC,T23C,Ayanavaram TO Saidapet,bus,3,operational
GTFS_ROUTE_12133,CHENNAI_COMMUNITY_GTFS,12133,MTC,57M,Redhills TO Alamathi,bus,3,operational
GTFS_ROUTE_19756,CHENNAI_COMMUNITY_GTFS,19756,MTC,46G CT1,M.K.B.Nagar TO  Vyasarpadi Depot,bus,3,operational
GTFS_ROUTE_19757,CHENNAI_COMMUNITY_GTFS,19757,MTC,54V CT1,Iyappanthangal TO  Veppambaattu,bus,3,operational
GTFS_ROUTE_19758,CHENNAI_COMMUNITY_GTFS,19758,MTC,54V CT2,Veppambaattu TO  Iyappanthangal,bus,3,operational
GTFS_ROUTE_19759,CHENNAI_COMMUNITY_GTFS,19759,MTC,S59 CT,Iyappanthangal  TO   Mangadu,bus,3,operational
GTFS_ROUTE_19750,CHENNAI_COMMUNITY_GTFS,19750,MTC,12G,Lady Willingdon College Of Education TO K K Nagar,bus,3,operational
GTFS_ROUTE_19760,CHENNAI_COMMUNITY_GTFS,19760,MTC,578P,Elambakkam TO Iyyapanthangal Depot,bus,3,operational
GTFS_ROUTE_18342,CHENNAI_COMMUNITY_GTFS,18342,MTC,78 CT,M.G.R.Koyambedu TO Besant Nagar Terminus,bus,3,operational
GTFS_ROUTE_12749,CHENNAI_COMMUNITY_GTFS,12749,MTC,70G,Vadapalani B.T TO Guduvanchery,bus,3,operational
GTFS_ROUTE_12604,CHENNAI_COMMUNITY_GTFS,12604,MTC,70N,Nanganallur TO Cement Road,bus,3,operational
GTFS_ROUTE_12605,CHENNAI_COMMUNITY_GTFS,12605,MTC,70N,Nanganallur TO M.G.R.Koyambedu,bus,3,operational
GTFS_ROUTE_18343,CHENNAI_COMMUNITY_GTFS,18343,MTC,78 CT,Thirumangalam TO Thiruvanmiyur Bus Stand,bus,3,operational
GTFS_ROUTE_18341,CHENNAI_COMMUNITY_GTFS,18341,MTC,78 CT,Thiruvanmiyur Bus Stand TO Thirumangalam,bus,3,operational
GTFS_ROUTE_12888,CHENNAI_COMMUNITY_GTFS,12888,MTC,8B,Ayanavaram B.T TO T.V.K.Nagar,bus,3,operational
GTFS_ROUTE_12140,CHENNAI_COMMUNITY_GTFS,12140,MTC,578A,Kundrathur B.T TO Sriperumbudur,bus,3,operational
GTFS_ROUTE_12141,CHENNAI_COMMUNITY_GTFS,12141,MTC,578A,Sriperumbudur TO Kundrathur B.T,bus,3,operational
GTFS_ROUTE_11889,CHENNAI_COMMUNITY_GTFS,11889,MTC,557,Moolakadai TO Redhills,bus,3,operational
GTFS_ROUTE_11890,CHENNAI_COMMUNITY_GTFS,11890,MTC,557,Redhills TO Gummidipoondi,bus,3,operational
GTFS_ROUTE_11892,CHENNAI_COMMUNITY_GTFS,11892,MTC,557,Redhills TO Moolakadai,bus,3,operational
GTFS_ROUTE_12828,CHENNAI_COMMUNITY_GTFS,12828,MTC,77VEt,Koyambakkam TO Ambattur I.E,bus,3,operational
GTFS_ROUTE_18346,CHENNAI_COMMUNITY_GTFS,18346,MTC,78 CT1,Raj Bhavan Quarters TO M.G.R.Koyambedu,bus,3,operational
GTFS_ROUTE_18347,CHENNAI_COMMUNITY_GTFS,18347,MTC,78 CT2,Thirumangalam TO Raj Bhavan Quarters,bus,3,operational
GTFS_ROUTE_13013,CHENNAI_COMMUNITY_GTFS,13013,MTC,A45B,Vivekananda House TO Guindy Tvk Estate,bus,3,operational
GTFS_ROUTE_13059,CHENNAI_COMMUNITY_GTFS,13059,MTC,D70,Ambattur I.E TO Guindy Tvk Estate,bus,3,operational
GTFS_ROUTE_8134,CHENNAI_COMMUNITY_GTFS,8134,MTC,114D,Redhills Market TO M.G.R.Koyambedu,bus,3,operational
GTFS_ROUTE_9023,CHENNAI_COMMUNITY_GTFS,9023,MTC,M51VC,Kolathur TO Saidapet,bus,3,operational
GTFS_ROUTE_9025,CHENNAI_COMMUNITY_GTFS,9025,MTC,M51VC,Saidapet TO Kolathur,bus,3,operational
GTFS_ROUTE_9022,CHENNAI_COMMUNITY_GTFS,9022,MTC,M51VC,Saidapet TO Chithalapakkam Tnhb,bus,3,operational
GTFS_ROUTE_19762,CHENNAI_COMMUNITY_GTFS,19762,MTC,578M,Iyyappanthangal  TO  MEPPEDU,bus,3,operational
GTFS_ROUTE_12185,CHENNAI_COMMUNITY_GTFS,12185,MTC,57CCt,Gnayaru TO Redhills,bus,3,operational
GTFS_ROUTE_12186,CHENNAI_COMMUNITY_GTFS,12186,MTC,57CCt,Redhills TO Gnayaru,bus,3,operational
GTFS_ROUTE_18352,CHENNAI_COMMUNITY_GTFS,18352,MTC,70V CT,Cemetery Road TO M.G.R.Koyambedu,bus,3,operational
GTFS_ROUTE_9929,CHENNAI_COMMUNITY_GTFS,9929,MTC,114D,M.G.R.Koyambedu TO Redhills,bus,3,operational
GTFS_ROUTE_10926,CHENNAI_COMMUNITY_GTFS,10926,MTC,114D,M.G.R.Koyambedu TO Arani,bus,3,operational
GTFS_ROUTE_19764,CHENNAI_COMMUNITY_GTFS,19764,MTC,S30Ct,Guindy Tvk Estate TO Guindy G.H,bus,3,operational
GTFS_ROUTE_12166,CHENNAI_COMMUNITY_GTFS,12166,MTC,579C,Oragadam TO Tambaram Sanatorium,bus,3,operational
GTFS_ROUTE_12171,CHENNAI_COMMUNITY_GTFS,12171,MTC,579C,Walajabad TO Tambaram Sanatorium,bus,3,operational
GTFS_ROUTE_18351,CHENNAI_COMMUNITY_GTFS,18351,MTC,70V CT,Kilambakkam Bus TO Cemetery Road,bus,3,operational
GTFS_ROUTE_18354,CHENNAI_COMMUNITY_GTFS,18354,MTC,70J CT,Ambattur I.E TO J.J.Nagar West,bus,3,operational
GTFS_ROUTE_19766,CHENNAI_COMMUNITY_GTFS,19766,MTC,53P CT1,Pattur to M.G.R.Koyambedu Bus Terminus,bus,3,operational
GTFS_ROUTE_12829,CHENNAI_COMMUNITY_GTFS,12829,MTC,77VEt,Koyambakkam TO M.G.R.Koyambedu,bus,3,operational
GTFS_ROUTE_18358,CHENNAI_COMMUNITY_GTFS,18358,MTC,66P CT,Pallavaram TO Kilambakkam Bus Terminus,bus,3,operational
GTFS_ROUTE_18359,CHENNAI_COMMUNITY_GTFS,18359,MTC,66P ct,Kilambakkam TO Airport,bus,3,operational
GTFS_ROUTE_18360,CHENNAI_COMMUNITY_GTFS,18360,MTC,66P CT,Kilambakkam Bus Terminus TO Pallavaram,bus,3,operational
GTFS_ROUTE_13060,CHENNAI_COMMUNITY_GTFS,13060,MTC,J66,Tambaram West TO Poonamallee B.T,bus,3,operational
GTFS_ROUTE_11932,CHENNAI_COMMUNITY_GTFS,11932,MTC,557C,Kallur TO Gummidipoondi,bus,3,operational
GTFS_ROUTE_11934,CHENNAI_COMMUNITY_GTFS,11934,MTC,557C,Kallur TO Redhills,bus,3,operational
GTFS_ROUTE_11936,CHENNAI_COMMUNITY_GTFS,11936,MTC,557C,Padiyanallur TO Redhills,bus,3,operational
GTFS_ROUTE_11938,CHENNAI_COMMUNITY_GTFS,11938,MTC,557C,Redhills TO Kallur,bus,3,operational
GTFS_ROUTE_18361,CHENNAI_COMMUNITY_GTFS,18361,MTC,66P CT1,Iyyappanthangal B.S TO Kilambakkam B.S,bus,3,operational
GTFS_ROUTE_15219,CHENNAI_COMMUNITY_GTFS,15219,MTC,56ACt,Tondiarpet TO Ennore,bus,3,operational
GTFS_ROUTE_18364,CHENNAI_COMMUNITY_GTFS,18364,MTC,583K CT,Kelambakkam Bus Terminal TO Kilambakkam Bus Terminus,bus,3,operational
GTFS_ROUTE_12265,CHENNAI_COMMUNITY_GTFS,12265,MTC,54P,Thyagaraya Nagar TO Mangadu,bus,3,operational
GTFS_ROUTE_12753,CHENNAI_COMMUNITY_GTFS,12753,MTC,76B,M.G.R.Koyambedu TO Ottiyampakkam,bus,3,operational
GTFS_ROUTE_18365,CHENNAI_COMMUNITY_GTFS,18365,MTC,583K CT,Kilambakkam Bus Terminus TO Kelambakkam Bus Terminal,bus,3,operational
GTFS_ROUTE_12266,CHENNAI_COMMUNITY_GTFS,12266,MTC,54P,Mangadu TO Thyagaraya Nagar,bus,3,operational
GTFS_ROUTE_11963,CHENNAI_COMMUNITY_GTFS,11963,MTC,558A,Redhills TO Minjur,bus,3,operational
GTFS_ROUTE_12924,CHENNAI_COMMUNITY_GTFS,12924,MTC,88CEt,Iyyappanthangal TO Thyagaraya Nagar,bus,3,operational
GTFS_ROUTE_18366,CHENNAI_COMMUNITY_GTFS,18366,MTC,64C CT,Manali Bus Terminus TO Azeezee Nagar,bus,3,operational
GTFS_ROUTE_13061,CHENNAI_COMMUNITY_GTFS,13061,MTC,J51,N.G.O.Colony TO Venkadamangalam,bus,3,operational
GTFS_ROUTE_13034,CHENNAI_COMMUNITY_GTFS,13034,MTC,99X,Kilambakkam B.T TO Adyar B.T,bus,3,operational
GTFS_ROUTE_18369,CHENNAI_COMMUNITY_GTFS,18369,MTC,597 CT,Iyappanthangal TO Thiruvallur,bus,3,operational
GTFS_ROUTE_18372,CHENNAI_COMMUNITY_GTFS,18372,MTC,SM1CT,Cement Road TO Keelkattalai,bus,3,operational
GTFS_ROUTE_19769,CHENNAI_COMMUNITY_GTFS,19769,MTC,557AE CT,Annamalaichery TO Gummidipoondi Terminal,bus,3,operational
GTFS_ROUTE_18374,CHENNAI_COMMUNITY_GTFS,18374,MTC,SM1CT,Keelkattalai TO Cement Road,bus,3,operational
GTFS_ROUTE_12300,CHENNAI_COMMUNITY_GTFS,12300,MTC,5G,Thyagaraya Nagar TO Kannagi Nagar S.C.B,bus,3,operational
GTFS_ROUTE_11822,CHENNAI_COMMUNITY_GTFS,11822,MTC,555N,Guduvanchery TO Thiruporur,bus,3,operational
GTFS_ROUTE_18375,CHENNAI_COMMUNITY_GTFS,18375,MTC,M51DCT,Saidapet TO Pudupakkam,bus,3,operational
GTFS_ROUTE_11824,CHENNAI_COMMUNITY_GTFS,11824,MTC,555N,Tambaram West TO Thiruporur,bus,3,operational
GTFS_ROUTE_11826,CHENNAI_COMMUNITY_GTFS,11826,MTC,555N,Thiruporur TO Guduvanchery,bus,3,operational
GTFS_ROUTE_11830,CHENNAI_COMMUNITY_GTFS,11830,MTC,555N,Thiruporur TO Tambaram West,bus,3,operational
GTFS_ROUTE_19772,CHENNAI_COMMUNITY_GTFS,19772,MTC,70CCt,Ramapuram TO K.K.Nagar  B.S,bus,3,operational
GTFS_ROUTE_19773,CHENNAI_COMMUNITY_GTFS,19773,MTC,S165 CT,Kovur E.B TO Nehru Nagar,bus,3,operational
GTFS_ROUTE_18385,CHENNAI_COMMUNITY_GTFS,18385,MTC,S13,Adambakkam TO Velachery B.T,bus,3,operational
GTFS_ROUTE_18387,CHENNAI_COMMUNITY_GTFS,18387,MTC,M51DCt,Pudupakkam TO Saidapet,bus,3,operational
GTFS_ROUTE_11819,CHENNAI_COMMUNITY_GTFS,11819,MTC,555M,Thiruporur TO Tambaram West,bus,3,operational
GTFS_ROUTE_11813,CHENNAI_COMMUNITY_GTFS,11813,MTC,555M,Nehru Nagar TO Tambaram West,bus,3,operational
GTFS_ROUTE_18386,CHENNAI_COMMUNITY_GTFS,18386,MTC,S13,Velachery B.T TO Adambakkam,bus,3,operational
GTFS_ROUTE_11815,CHENNAI_COMMUNITY_GTFS,11815,MTC,555M,Tambaram West TO Nehru Nagar,bus,3,operational
GTFS_ROUTE_11817,CHENNAI_COMMUNITY_GTFS,11817,MTC,555M,Tambaram West TO Thiruporur,bus,3,operational
GTFS_ROUTE_19774,CHENNAI_COMMUNITY_GTFS,19774,MTC,S35,K.K.Nagar B.T TO Defence Colony,bus,3,operational
GTFS_ROUTE_13069,CHENNAI_COMMUNITY_GTFS,13069,MTC,D70,Velachery B.T TO N.G.O.Colony,bus,3,operational
GTFS_ROUTE_18391,CHENNAI_COMMUNITY_GTFS,18391,MTC,18D CT,Madipakkam B.T TO N.G.O.Colony,bus,3,operational
GTFS_ROUTE_18392,CHENNAI_COMMUNITY_GTFS,18392,MTC,18D CT,N.G.O.Colony TO Madipakkam B.T,bus,3,operational
GTFS_ROUTE_18393,CHENNAI_COMMUNITY_GTFS,18393,MTC,45A CT,N.G.O.Colony TO Vivekananda House,bus,3,operational
GTFS_ROUTE_18394,CHENNAI_COMMUNITY_GTFS,18394,MTC,51M CT,Thyagaraya Nagar TO N.G.O.Colony,bus,3,operational
GTFS_ROUTE_18395,CHENNAI_COMMUNITY_GTFS,18395,MTC,9M CT,N.G.O.Colony TO Thyagaraya Nagar,bus,3,operational
GTFS_ROUTE_18396,CHENNAI_COMMUNITY_GTFS,18396,MTC,9M CT,Thyagaraya Nagar TO N.G.O.Colony,bus,3,operational
GTFS_ROUTE_18397,CHENNAI_COMMUNITY_GTFS,18397,MTC,S18D CT1,N.G.O.Colony TO Keelkattalai,bus,3,operational
GTFS_ROUTE_18398,CHENNAI_COMMUNITY_GTFS,18398,MTC,S18D,Keelkattalai TO N.G.O.Colony,bus,3,operational
GTFS_ROUTE_13095,CHENNAI_COMMUNITY_GTFS,13095,MTC,D70Ct,Anna Nagar West TO Ambattur I.E,bus,3,operational
GTFS_ROUTE_13097,CHENNAI_COMMUNITY_GTFS,13097,MTC,D70Ct,Velachery B.T TO Ambattur I.E,bus,3,operational
GTFS_ROUTE_18399,CHENNAI_COMMUNITY_GTFS,18399,MTC,597 CT,Thiruvallur TO Iyappanthangal,bus,3,operational
GTFS_ROUTE_13099,CHENNAI_COMMUNITY_GTFS,13099,MTC,D70Ct,Velachery B.T TO Anna Nagar West,bus,3,operational
GTFS_ROUTE_13101,CHENNAI_COMMUNITY_GTFS,13101,MTC,D70Ct,Velachery B.T TO Elango Nagar Off.Colony,bus,3,operational
GTFS_ROUTE_19775,CHENNAI_COMMUNITY_GTFS,19775,MTC,S90,Gundumedu TO Tambaram West B.S,bus,3,operational
GTFS_ROUTE_15826,CHENNAI_COMMUNITY_GTFS,15826,MTC,70C,Tambaram Railway Station TO Vadapalani Bus Stand,bus,3,operational
GTFS_ROUTE_11587,CHENNAI_COMMUNITY_GTFS,11587,MTC,514,Anna Nagar West TO M.G.R.Koyambedu,bus,3,operational
GTFS_ROUTE_11588,CHENNAI_COMMUNITY_GTFS,11588,MTC,514,M.G.R.Koyambedu TO Anna Nagar West,bus,3,operational
GTFS_ROUTE_11589,CHENNAI_COMMUNITY_GTFS,11589,MTC,514,M.G.R.Koyambedu TO Periyapalayam,bus,3,operational
GTFS_ROUTE_11590,CHENNAI_COMMUNITY_GTFS,11590,MTC,514,Periyapalayam TO Redhills,bus,3,operational
GTFS_ROUTE_11594,CHENNAI_COMMUNITY_GTFS,11594,MTC,514,Redhills TO Padiyanallur,bus,3,operational
GTFS_ROUTE_11595,CHENNAI_COMMUNITY_GTFS,11595,MTC,514,Redhills TO Periyapalayam,bus,3,operational
GTFS_ROUTE_13134,CHENNAI_COMMUNITY_GTFS,13134,MTC,M18N,Cement Road TO Nanganallur,bus,3,operational
GTFS_ROUTE_13136,CHENNAI_COMMUNITY_GTFS,13136,MTC,M18N,Guduvanchery TO Nanganallur,bus,3,operational
GTFS_ROUTE_13138,CHENNAI_COMMUNITY_GTFS,13138,MTC,M18N,Guindy Tvk Estate TO Kilambakkam B.T,bus,3,operational
GTFS_ROUTE_13141,CHENNAI_COMMUNITY_GTFS,13141,MTC,M18N,Kilambakkam B.T TO Guindy Tvk Estate,bus,3,operational
GTFS_ROUTE_13142,CHENNAI_COMMUNITY_GTFS,13142,MTC,M18N,Kilambakkam B.T TO Nanganallur,bus,3,operational
GTFS_ROUTE_13145,CHENNAI_COMMUNITY_GTFS,13145,MTC,M18N,Nanganallur TO Cement Road,bus,3,operational
GTFS_ROUTE_13147,CHENNAI_COMMUNITY_GTFS,13147,MTC,M18N,Nanganallur TO Guduvanchery,bus,3,operational
GTFS_ROUTE_12194,CHENNAI_COMMUNITY_GTFS,12194,MTC,57E,Redhills TO Vichoor,bus,3,operational
GTFS_ROUTE_12195,CHENNAI_COMMUNITY_GTFS,12195,MTC,57E,Vichoor TO Redhills,bus,3,operational
GTFS_ROUTE_19777,CHENNAI_COMMUNITY_GTFS,19777,MTC,597CEt CT6,Periya Colony TO Thirunindravoor B.T,bus,3,operational
GTFS_ROUTE_13152,CHENNAI_COMMUNITY_GTFS,13152,MTC,M19B,Adyar B.T TO Kannagi Nagar S.C.B,bus,3,operational
GTFS_ROUTE_15428,CHENNAI_COMMUNITY_GTFS,15428,MTC,46G,M.K.B.Nagar TO Vyasarpadi (Depot),bus,3,operational
GTFS_ROUTE_12162,CHENNAI_COMMUNITY_GTFS,12162,MTC,579A,Walajabad TO Tambaram Sanatorium,bus,3,operational
GTFS_ROUTE_13154,CHENNAI_COMMUNITY_GTFS,13154,MTC,M19B,Adyar B.T TO Thyagaraya Nagar,bus,3,operational
GTFS_ROUTE_13156,CHENNAI_COMMUNITY_GTFS,13156,MTC,M19B,Kannagi Nagar S.C.B TO Adyar B.T,bus,3,operational
GTFS_ROUTE_13064,CHENNAI_COMMUNITY_GTFS,13064,MTC,D70,Guindy Tvk Estate TO Velachery B.T,bus,3,operational
GTFS_ROUTE_13163,CHENNAI_COMMUNITY_GTFS,13163,MTC,M1A,Cement Road TO Keelkattalai,bus,3,operational
GTFS_ROUTE_13164,CHENNAI_COMMUNITY_GTFS,13164,MTC,M1A,Keelkattalai TO Cement Road,bus,3,operational
GTFS_ROUTE_18407,CHENNAI_COMMUNITY_GTFS,18407,MTC,66P CT5,Sriperumbudur B.S TO Poonamallee B.S,bus,3,operational
GTFS_ROUTE_18408,CHENNAI_COMMUNITY_GTFS,18408,MTC,72 CT5,Vadapalani TO M.G.R.Koyambedu,bus,3,operational
GTFS_ROUTE_18409,CHENNAI_COMMUNITY_GTFS,18409,MTC,55P,Tambaram TO Mannivakkam,bus,3,operational
GTFS_ROUTE_13194,CHENNAI_COMMUNITY_GTFS,13194,MTC,M51D,Kelambakkam TO Saidapet,bus,3,operational
GTFS_ROUTE_13196,CHENNAI_COMMUNITY_GTFS,13196,MTC,M51D,Saidapet TO Kelambakkam,bus,3,operational
GTFS_ROUTE_13176,CHENNAI_COMMUNITY_GTFS,13176,MTC,M27,Thyagaraya Nagar TO Vadapalani,bus,3,operational
GTFS_ROUTE_13178,CHENNAI_COMMUNITY_GTFS,13178,MTC,M27,Vadapalani TO M.G.R.Koyambedu,bus,3,operational
GTFS_ROUTE_13180,CHENNAI_COMMUNITY_GTFS,13180,MTC,M27,Vadapalani TO Thyagaraya Nagar,bus,3,operational
GTFS_ROUTE_13186,CHENNAI_COMMUNITY_GTFS,13186,MTC,M51,Cement Road TO Prathyangira Devi Temple,bus,3,operational
GTFS_ROUTE_18412,CHENNAI_COMMUNITY_GTFS,18412,MTC,70C CT1,Kilambakkam TO Tambaram,bus,3,operational
GTFS_ROUTE_13188,CHENNAI_COMMUNITY_GTFS,13188,MTC,M51,Prathyangira Devi Temple TO Cement Road,bus,3,operational
GTFS_ROUTE_13189,CHENNAI_COMMUNITY_GTFS,13189,MTC,M51,Prathyangira Devi Temple TO Thyagaraya Nagar,bus,3,operational
GTFS_ROUTE_17159,CHENNAI_COMMUNITY_GTFS,17159,MTC,62,Poonamallee Terminus TO Tambaram West Bus Stand,bus,3,operational
GTFS_ROUTE_17151,CHENNAI_COMMUNITY_GTFS,17151,MTC,62,Ambattur I.E TO Poonamallee B.T,bus,3,operational
GTFS_ROUTE_18410,CHENNAI_COMMUNITY_GTFS,18410,MTC,55P,Mannivakkam TO Tambaram,bus,3,operational
GTFS_ROUTE_18413,CHENNAI_COMMUNITY_GTFS,18413,MTC,70C CT1,Tambaram TO Kilambakkam,bus,3,operational
GTFS_ROUTE_13183,CHENNAI_COMMUNITY_GTFS,13183,MTC,M88,Vadapalani TO Amarambedu East,bus,3,operational
GTFS_ROUTE_18418,CHENNAI_COMMUNITY_GTFS,18418,MTC,48B,Pudur TO Vallalar Nagar,bus,3,operational
GTFS_ROUTE_17154,CHENNAI_COMMUNITY_GTFS,17154,MTC,62,Avadi Bus Terminus TO Kilambakkam Junction,bus,3,operational
GTFS_ROUTE_9632,CHENNAI_COMMUNITY_GTFS,9632,MTC,12G,Secretariat TO Anna Square,bus,3,operational
GTFS_ROUTE_13237,CHENNAI_COMMUNITY_GTFS,13237,MTC,S15,Thiruvanmiyur R.S TO Madhyakailash,bus,3,operational
GTFS_ROUTE_12245,CHENNAI_COMMUNITY_GTFS,12245,MTC,95X,Thiruvanmiyur TO Tambaram West,bus,3,operational
GTFS_ROUTE_13252,CHENNAI_COMMUNITY_GTFS,13252,MTC,S166,Iyyappanthangal TO Manimedu(Akashnagar),bus,3,operational
GTFS_ROUTE_18429,CHENNAI_COMMUNITY_GTFS,18429,MTC,109A CT,Thiruvidhanthai TO Adyar B.S,bus,3,operational
GTFS_ROUTE_14865,CHENNAI_COMMUNITY_GTFS,14865,MTC,M88,Vadapalani TO Kundrathur B.T,bus,3,operational
GTFS_ROUTE_13256,CHENNAI_COMMUNITY_GTFS,13256,MTC,S166,Manimedu(Akashnagar) TO Porur,bus,3,operational
GTFS_ROUTE_13259,CHENNAI_COMMUNITY_GTFS,13259,MTC,S166,Porur TO Manimedu(Akashnagar),bus,3,operational
GTFS_ROUTE_13271,CHENNAI_COMMUNITY_GTFS,13271,MTC,S145,Ayanavaram B.T TO M.G.R.Koyambedu,bus,3,operational
GTFS_ROUTE_18077,CHENNAI_COMMUNITY_GTFS,18077,MTC,121MEt CT,Manali TO Moolakadai,bus,3,operational
GTFS_ROUTE_13284,CHENNAI_COMMUNITY_GTFS,13284,MTC,S22,Iyyappanthangal TO Kumananchavadi,bus,3,operational
GTFS_ROUTE_13285,CHENNAI_COMMUNITY_GTFS,13285,MTC,S22,Kumananchavadi TO Iyyappanthangal,bus,3,operational
GTFS_ROUTE_13295,CHENNAI_COMMUNITY_GTFS,13295,MTC,S25,Iyyappanthangal TO Valasaravakkam,bus,3,operational
GTFS_ROUTE_13290,CHENNAI_COMMUNITY_GTFS,13290,MTC,s24,Iyyappanthangal TO Thiruverkadu,bus,3,operational
GTFS_ROUTE_13309,CHENNAI_COMMUNITY_GTFS,13309,MTC,S19,Keelkattalai TO Chromepet,bus,3,operational
GTFS_ROUTE_15236,CHENNAI_COMMUNITY_GTFS,15236,MTC,15F,Vadapalani Bus Stand TO Kilambakkam Bus Terminus,bus,3,operational
GTFS_ROUTE_15237,CHENNAI_COMMUNITY_GTFS,15237,MTC,15F,Vadapalani TO Kilambakkam Bus Terminus,bus,3,operational
GTFS_ROUTE_12271,CHENNAI_COMMUNITY_GTFS,12271,MTC,580A,Avadi B.T TO M.G.R.Koyambedu,bus,3,operational
GTFS_ROUTE_12272,CHENNAI_COMMUNITY_GTFS,12272,MTC,580A,Avadi B.T TO Mel Sembedu,bus,3,operational
GTFS_ROUTE_12274,CHENNAI_COMMUNITY_GTFS,12274,MTC,580A,M.G.R.Koyambedu TO Avadi B.T,bus,3,operational
GTFS_ROUTE_12276,CHENNAI_COMMUNITY_GTFS,12276,MTC,580A,Mel Sembedu TO Avadi B.T,bus,3,operational
GTFS_ROUTE_15929,CHENNAI_COMMUNITY_GTFS,15929,MTC,57B,Upparapalayam TO Redhills,bus,3,operational
GTFS_ROUTE_13330,CHENNAI_COMMUNITY_GTFS,13330,MTC,S30,Ashok Pillar TO Saidapet,bus,3,operational
GTFS_ROUTE_13331,CHENNAI_COMMUNITY_GTFS,13331,MTC,S30,Saidapet TO Ashok Pillar,bus,3,operational
GTFS_ROUTE_13311,CHENNAI_COMMUNITY_GTFS,13311,MTC,S26,Ashok Nagar Metro R.S TO Valasaravakkam,bus,3,operational
GTFS_ROUTE_8728,CHENNAI_COMMUNITY_GTFS,8728,MTC,M88,Kundrathur TO Vadapalani,bus,3,operational
GTFS_ROUTE_13314,CHENNAI_COMMUNITY_GTFS,13314,MTC,S26,K.K.Nagar TO Valasaravakkam,bus,3,operational
GTFS_ROUTE_12181,CHENNAI_COMMUNITY_GTFS,12181,MTC,57B,Pothur TO Redhills,bus,3,operational
GTFS_ROUTE_12182,CHENNAI_COMMUNITY_GTFS,12182,MTC,57B,Redhills TO Pothur,bus,3,operational
GTFS_ROUTE_13177,CHENNAI_COMMUNITY_GTFS,13177,MTC,M88,Iyyappanthangal TO Vadapalani,bus,3,operational
GTFS_ROUTE_13179,CHENNAI_COMMUNITY_GTFS,13179,MTC,M88,Vadapalani TO Iyyappanthangal,bus,3,operational
GTFS_ROUTE_13181,CHENNAI_COMMUNITY_GTFS,13181,MTC,M88,Vadapalani TO Kundrathur Murugan Temple,bus,3,operational
GTFS_ROUTE_12184,CHENNAI_COMMUNITY_GTFS,12184,MTC,57B,Redhills TO Upparapalayam,bus,3,operational
GTFS_ROUTE_18431,CHENNAI_COMMUNITY_GTFS,18431,MTC,121G CT,Moolakadai Market TO Kaviarasu Kannadasan Nagar Bus Stand,bus,3,operational
GTFS_ROUTE_16376,CHENNAI_COMMUNITY_GTFS,16376,MTC,SM1Ct,Keelkattalai TO Velachery B.T,bus,3,operational
GTFS_ROUTE_13381,CHENNAI_COMMUNITY_GTFS,13381,MTC,S40,Indira Nagar TO Nehru Nagar,bus,3,operational
GTFS_ROUTE_13382,CHENNAI_COMMUNITY_GTFS,13382,MTC,S40,Indira Nagar TO Pallavaram,bus,3,operational
GTFS_ROUTE_13363,CHENNAI_COMMUNITY_GTFS,13363,MTC,S31,M.G.R.Koyambedu TO Vadapalani,bus,3,operational
GTFS_ROUTE_13364,CHENNAI_COMMUNITY_GTFS,13364,MTC,S31,Vadapalani TO M.G.R.Koyambedu,bus,3,operational
GTFS_ROUTE_13374,CHENNAI_COMMUNITY_GTFS,13374,MTC,S36,Thyagaraya Nagar TO Nungambakkam R.S,bus,3,operational
GTFS_ROUTE_18432,CHENNAI_COMMUNITY_GTFS,18432,MTC,121G CT,M.G.R.Koyambedu TO Moolakadai Market,bus,3,operational
GTFS_ROUTE_15829,CHENNAI_COMMUNITY_GTFS,15829,MTC,42B,Periyar Nagar TO Agaram,bus,3,operational
GTFS_ROUTE_15832,CHENNAI_COMMUNITY_GTFS,15832,MTC,188K,Thiyagarayanagar Terminus TO Iyappanthangal,bus,3,operational
GTFS_ROUTE_13396,CHENNAI_COMMUNITY_GTFS,13396,MTC,S52,Avadi B.T TO Thiruverkadu,bus,3,operational
GTFS_ROUTE_13399,CHENNAI_COMMUNITY_GTFS,13399,MTC,S43,Ayanavaram B.T TO Villivakkam,bus,3,operational
GTFS_ROUTE_13398,CHENNAI_COMMUNITY_GTFS,13398,MTC,S52,Thiruverkadu TO Avadi B.T,bus,3,operational
GTFS_ROUTE_13384,CHENNAI_COMMUNITY_GTFS,13384,MTC,S40,Nehru Nagar TO Indira Nagar,bus,3,operational
GTFS_ROUTE_13385,CHENNAI_COMMUNITY_GTFS,13385,MTC,S40,Pallavaram TO Indira Nagar,bus,3,operational
GTFS_ROUTE_13401,CHENNAI_COMMUNITY_GTFS,13401,MTC,S43,Villivakkam TO Ayanavaram B.T,bus,3,operational
GTFS_ROUTE_13404,CHENNAI_COMMUNITY_GTFS,13404,MTC,S43,Villivakkam TO Pudur,bus,3,operational
GTFS_ROUTE_13554,CHENNAI_COMMUNITY_GTFS,13554,MTC,33L,M.K.B.Nagar TO Kodungaiyur Parvathi Nagar,bus,3,operational
GTFS_ROUTE_13557,CHENNAI_COMMUNITY_GTFS,13557,MTC,33L,Kodungaiyur Parvathi Nagar TO M.K.B.Nagar,bus,3,operational
GTFS_ROUTE_19754,CHENNAI_COMMUNITY_GTFS,19754,MTC,91,Adyar TO Thiruvanmiyur,bus,3,operational
GTFS_ROUTE_18780,CHENNAI_COMMUNITY_GTFS,18780,MTC,27D,Icf  TO Ayanavaram B.T,bus,3,operational
GTFS_ROUTE_18782,CHENNAI_COMMUNITY_GTFS,18782,MTC,27D,Foreshore Estate TO Icf,bus,3,operational
GTFS_ROUTE_19783,CHENNAI_COMMUNITY_GTFS,19783,MTC,50M CT,M.G.R.Koyambedu Bus Terminus to Thiruverkadu Bus Terminus,bus,3,operational
GTFS_ROUTE_17146,CHENNAI_COMMUNITY_GTFS,17146,MTC,62,Moolakadai TO Poonamallee B.T,bus,3,operational
GTFS_ROUTE_19784,CHENNAI_COMMUNITY_GTFS,19784,MTC,49F CT,Poonamallee Bus Terminus to M.G.R.Koyambedu Bus Terminus,bus,3,operational
GTFS_ROUTE_17152,CHENNAI_COMMUNITY_GTFS,17152,MTC,62,Kilambakkam Junction TO Avadi Bus Terminus,bus,3,operational
GTFS_ROUTE_15835,CHENNAI_COMMUNITY_GTFS,15835,MTC,24A,L.F.C TO Anna Nagar West,bus,3,operational
GTFS_ROUTE_13560,CHENNAI_COMMUNITY_GTFS,13560,MTC,37E,Iyyappanthangal TO K.Kannadasan Nagar,bus,3,operational
GTFS_ROUTE_15833,CHENNAI_COMMUNITY_GTFS,15833,MTC,66K,Kilambakkam Bus Terminus TO Nehru Nagar,bus,3,operational
GTFS_ROUTE_13561,CHENNAI_COMMUNITY_GTFS,13561,MTC,37E,K.Kannadasan Nagar TO Iyyappanthangal,bus,3,operational
GTFS_ROUTE_15764,CHENNAI_COMMUNITY_GTFS,15764,MTC,505,Thiruvallur TO Redhills,bus,3,operational
GTFS_ROUTE_16256,CHENNAI_COMMUNITY_GTFS,16256,MTC,579K,Tambaram New B.S TO Walajabad Bus Stand,bus,3,operational
GTFS_ROUTE_12173,CHENNAI_COMMUNITY_GTFS,12173,MTC,579K,Kilambakkam B.T TO Tambaram West,bus,3,operational
GTFS_ROUTE_12175,CHENNAI_COMMUNITY_GTFS,12175,MTC,579K,Tambaram West TO Kilambakkam B.T,bus,3,operational
GTFS_ROUTE_12176,CHENNAI_COMMUNITY_GTFS,12176,MTC,579K,Walajabad TO Kilambakkam B.T,bus,3,operational
GTFS_ROUTE_15767,CHENNAI_COMMUNITY_GTFS,15767,MTC,558C,Redhills TO Pudhucherymedu,bus,3,operational
GTFS_ROUTE_18082,CHENNAI_COMMUNITY_GTFS,18082,MTC,65A CT,Poonamallee TO Muthapudupet,bus,3,operational
GTFS_ROUTE_18083,CHENNAI_COMMUNITY_GTFS,18083,MTC,65A CT1,Thiyagarayanagar TO Muthapudupet,bus,3,operational
GTFS_ROUTE_18079,CHENNAI_COMMUNITY_GTFS,18079,MTC,S15,Thiruvanmiyur Depot TO Madhya Kailash,bus,3,operational
GTFS_ROUTE_18080,CHENNAI_COMMUNITY_GTFS,18080,MTC,S15,Madhya Kailash TO Thiruvanmiyur Depot,bus,3,operational
GTFS_ROUTE_18081,CHENNAI_COMMUNITY_GTFS,18081,MTC,65A CT,Muthapudupet TO Thiyagarayanagar,bus,3,operational
GTFS_ROUTE_15771,CHENNAI_COMMUNITY_GTFS,15771,MTC,55P,Tambaram TO Kilambakkam,bus,3,operational
GTFS_ROUTE_16347,CHENNAI_COMMUNITY_GTFS,16347,MTC,21G,Cement Road TO Mylapore,bus,3,operational
GTFS_ROUTE_16349,CHENNAI_COMMUNITY_GTFS,16349,MTC,54VCt,Iyyappanthangal Bus Depot TO Veppambaattu,bus,3,operational
GTFS_ROUTE_16353,CHENNAI_COMMUNITY_GTFS,16353,MTC,188A,Thyagaraya Nagar TO Kundrathur,bus,3,operational
GTFS_ROUTE_16352,CHENNAI_COMMUNITY_GTFS,16352,MTC,188A,Kundrathur TO Thyagaraya Nagar,bus,3,operational
GTFS_ROUTE_16350,CHENNAI_COMMUNITY_GTFS,16350,MTC,24AX,Anna Nagar West TO Teachers Colony,bus,3,operational
GTFS_ROUTE_12122,CHENNAI_COMMUNITY_GTFS,12122,MTC,578,Iyyappanthangal TO Sunguvarchathiram,bus,3,operational
GTFS_ROUTE_12135,CHENNAI_COMMUNITY_GTFS,12135,MTC,578,Sunguvarchathiram TO Iyyappanthangal,bus,3,operational
GTFS_ROUTE_16412,CHENNAI_COMMUNITY_GTFS,16412,MTC,S94,Thirumudivakkam Sidco TO Durga Nagar,bus,3,operational
GTFS_ROUTE_16415,CHENNAI_COMMUNITY_GTFS,16415,MTC,S94,Durga Nagar TO Kumaran Kundram,bus,3,operational
GTFS_ROUTE_10426,CHENNAI_COMMUNITY_GTFS,10426,MTC,16K,Kundrathur TO M.G.R.Koyambedu,bus,3,operational
GTFS_ROUTE_16414,CHENNAI_COMMUNITY_GTFS,16414,MTC,S94,Durga Nagar TO Thirumudivakkam Sidco,bus,3,operational
GTFS_ROUTE_15850,CHENNAI_COMMUNITY_GTFS,15850,MTC,29C,Adyar B.S TO Perambur,bus,3,operational
GTFS_ROUTE_12767,CHENNAI_COMMUNITY_GTFS,12767,MTC,77M,Koyambedu Market TO Puzhal,bus,3,operational
GTFS_ROUTE_15302,CHENNAI_COMMUNITY_GTFS,15302,MTC,12X,M.G.R.Koyambedu TO Vadapalani,bus,3,operational
GTFS_ROUTE_16356,CHENNAI_COMMUNITY_GTFS,16356,MTC,109C,Kovalam TO Adyar Depot,bus,3,operational
GTFS_ROUTE_12128,CHENNAI_COMMUNITY_GTFS,12128,MTC,57J,Redhills TO Gnayaru,bus,3,operational
GTFS_ROUTE_16282,CHENNAI_COMMUNITY_GTFS,16282,MTC,99C,Chromepet TO Semmancheri,bus,3,operational
GTFS_ROUTE_16348,CHENNAI_COMMUNITY_GTFS,16348,MTC,77M,Ambattur I.E TO Madanakuppam,bus,3,operational
GTFS_ROUTE_16443,CHENNAI_COMMUNITY_GTFS,16443,MTC,77M,Puzhal TO M.G.R.Koyambedu,bus,3,operational
GTFS_ROUTE_12771,CHENNAI_COMMUNITY_GTFS,12771,MTC,77M,M.G.R.Koyambedu TO Puzhal,bus,3,operational
GTFS_ROUTE_12772,CHENNAI_COMMUNITY_GTFS,12772,MTC,77M,Madanakuppam TO Ambattur I.E,bus,3,operational
GTFS_ROUTE_12775,CHENNAI_COMMUNITY_GTFS,12775,MTC,77M,Madanakuppam TO Koyambedu Market,bus,3,operational
GTFS_ROUTE_12777,CHENNAI_COMMUNITY_GTFS,12777,MTC,77M,Madanakuppam TO M.G.R.Koyambedu,bus,3,operational
GTFS_ROUTE_20801,CHENNAI_COMMUNITY_GTFS,20801,MTC,M51R CT1,Thyagaraya Nagar TO Keelkattalai,bus,3,operational
GTFS_ROUTE_16461,CHENNAI_COMMUNITY_GTFS,16461,MTC,40L,Anna Square TO Foreshore Estate,bus,3,operational
GTFS_ROUTE_18231,CHENNAI_COMMUNITY_GTFS,18231,MTC,578,Sriperumbudur TO Poonamallee B.T,bus,3,operational
GTFS_ROUTE_13234,CHENNAI_COMMUNITY_GTFS,13234,MTC,S15,Madhyakailash TO Thiruvanmiyur R.S,bus,3,operational
GTFS_ROUTE_20802,CHENNAI_COMMUNITY_GTFS,20802,MTC,M51R CT,Thyagaraya Nagar TO Puzhuthivakkam,bus,3,operational
GTFS_ROUTE_16361,CHENNAI_COMMUNITY_GTFS,16361,MTC,514,Padiyanallur TO Redhills,bus,3,operational
GTFS_ROUTE_11019,CHENNAI_COMMUNITY_GTFS,11019,MTC,114P,M.G.R.Koyambedu TO Padiyanallur,bus,3,operational
GTFS_ROUTE_11022,CHENNAI_COMMUNITY_GTFS,11022,MTC,114P,Moolakadai TO Padiyanallur,bus,3,operational
GTFS_ROUTE_11023,CHENNAI_COMMUNITY_GTFS,11023,MTC,114P,Padiyanallur TO Anna Nagar West,bus,3,operational
GTFS_ROUTE_11024,CHENNAI_COMMUNITY_GTFS,11024,MTC,114P,Padiyanallur TO M.G.R.Koyambedu,bus,3,operational
GTFS_ROUTE_11025,CHENNAI_COMMUNITY_GTFS,11025,MTC,114P,Padiyanallur TO Moolakadai,bus,3,operational
GTFS_ROUTE_20804,CHENNAI_COMMUNITY_GTFS,20804,MTC,M51R CT2,Puzhuthivakkam TO Thyagaraya Nagar,bus,3,operational
GTFS_ROUTE_19789,CHENNAI_COMMUNITY_GTFS,19789,MTC,578 CT1,M.G.R.Koyambedu TO  Poonamallee Depot,bus,3,operational
GTFS_ROUTE_15863,CHENNAI_COMMUNITY_GTFS,15863,MTC,104K,Tambaram TO Redhills Bus Terminus,bus,3,operational
GTFS_ROUTE_16363,CHENNAI_COMMUNITY_GTFS,16363,MTC,159K,M.G.R.Koyambedu TO Annanagar East,bus,3,operational
GTFS_ROUTE_11026,CHENNAI_COMMUNITY_GTFS,11026,MTC,114P,Redhills TO M.G.R.Koyambedu,bus,3,operational
GTFS_ROUTE_14953,CHENNAI_COMMUNITY_GTFS,14953,MTC,76B,Medavakkam Rd.Jn TO M.G.R.Koyambedu,bus,3,operational
GTFS_ROUTE_15864,CHENNAI_COMMUNITY_GTFS,15864,MTC,66P,Kilambakkam Bus Terminus TO Kundrathur Bus Depot,bus,3,operational
GTFS_ROUTE_14954,CHENNAI_COMMUNITY_GTFS,14954,MTC,76B,M.G.R.Koyambedu TO Vadapalani,bus,3,operational
GTFS_ROUTE_15866,CHENNAI_COMMUNITY_GTFS,15866,MTC,47DCt,Icf TO Korattur,bus,3,operational
GTFS_ROUTE_15865,CHENNAI_COMMUNITY_GTFS,15865,MTC,7M,Doveton TO J J Nagar West Terminus,bus,3,operational
GTFS_ROUTE_16331,CHENNAI_COMMUNITY_GTFS,16331,MTC,114P,M.M.B.T TO M.G.R.Koyambedu,bus,3,operational
GTFS_ROUTE_16364,CHENNAI_COMMUNITY_GTFS,16364,MTC,15BEt,Odeanmani TO Thangal Tollgate,bus,3,operational
GTFS_ROUTE_18459,CHENNAI_COMMUNITY_GTFS,18459,MTC,S67 CT,Ambattur O.T Bus Stand TO Moolakadai,bus,3,operational
GTFS_ROUTE_18460,CHENNAI_COMMUNITY_GTFS,18460,MTC,S67,Moolakadai TO Ambattur O.T Bus Stand,bus,3,operational
GTFS_ROUTE_18461,CHENNAI_COMMUNITY_GTFS,18461,MTC,S67,Ambattur O.T Bus Stand TO M.M.B.T,bus,3,operational
GTFS_ROUTE_18462,CHENNAI_COMMUNITY_GTFS,18462,MTC,S23,Porur TO Poonamallee,bus,3,operational
GTFS_ROUTE_20805,CHENNAI_COMMUNITY_GTFS,20805,MTC,M51R CT1,Keelkattalai TO Thyagaraya Nagar,bus,3,operational
GTFS_ROUTE_19791,CHENNAI_COMMUNITY_GTFS,19791,MTC,578 CT3,Poonamallee Depot TO  M.G.R.Koyambedu Bus Terminus,bus,3,operational
GTFS_ROUTE_14956,CHENNAI_COMMUNITY_GTFS,14956,MTC,76B,Vadapalani TO M.G.R.Koyambedu,bus,3,operational
GTFS_ROUTE_19667,CHENNAI_COMMUNITY_GTFS,19667,MTC,54C,Thiruninravur Bus Stand to Poonamallee Bus Terminus,bus,3,operational
GTFS_ROUTE_18205,CHENNAI_COMMUNITY_GTFS,18205,MTC,54C,Annambedu TO Poonamallee,bus,3,operational
GTFS_ROUTE_18206,CHENNAI_COMMUNITY_GTFS,18206,MTC,54C,Pattabiram TO Poonamallee B.T,bus,3,operational
GTFS_ROUTE_18207,CHENNAI_COMMUNITY_GTFS,18207,MTC,54C,Poonamallee B.T TO Pattabiram,bus,3,operational
GTFS_ROUTE_19786,CHENNAI_COMMUNITY_GTFS,19786,MTC,54C,Poonamallee Bus Terminus to M.G.R.Koyambedu Bus Terminus,bus,3,operational
GTFS_ROUTE_19331,CHENNAI_COMMUNITY_GTFS,19331,MTC,578P,Sunguvarchatram to Poonamallee Bus Terminus,bus,3,operational
GTFS_ROUTE_16537,CHENNAI_COMMUNITY_GTFS,16537,MTC,568B,Thiruporur TO Adyar (Depot),bus,3,operational
GTFS_ROUTE_11637,CHENNAI_COMMUNITY_GTFS,11637,MTC,51A,Thyagaraya Nagar TO Balaji Nagar (Bharath Engineering College),bus,3,operational
GTFS_ROUTE_17932,CHENNAI_COMMUNITY_GTFS,17932,MTC,51A,Saidapet TO Kilambakkam B.T,bus,3,operational
GTFS_ROUTE_14974,CHENNAI_COMMUNITY_GTFS,14974,MTC,66K,Kundrathur B.T TO Tambaram West,bus,3,operational
GTFS_ROUTE_15246,CHENNAI_COMMUNITY_GTFS,15246,MTC,121M,K.Kannadasan Nagar TO Vazhuthigaimedu,bus,3,operational
GTFS_ROUTE_18464,CHENNAI_COMMUNITY_GTFS,18464,MTC,55K CT,Keerapakkam TO Kilambakkam B.S,bus,3,operational
GTFS_ROUTE_18463,CHENNAI_COMMUNITY_GTFS,18463,MTC,S23,Poonamallee TO Porur,bus,3,operational
GTFS_ROUTE_18465,CHENNAI_COMMUNITY_GTFS,18465,MTC,55K CT,Kilambakkam B.S TO Keerapakkam,bus,3,operational
GTFS_ROUTE_18466,CHENNAI_COMMUNITY_GTFS,18466,MTC,500P,Tambaram TO Chengalpet,bus,3,operational
GTFS_ROUTE_13116,CHENNAI_COMMUNITY_GTFS,13116,MTC,M18,Tambaram West TO Kilambakkam B.T,bus,3,operational
GTFS_ROUTE_15303,CHENNAI_COMMUNITY_GTFS,15303,MTC,41D,Mandaveli TO Avadi B.T,bus,3,operational
GTFS_ROUTE_13656,CHENNAI_COMMUNITY_GTFS,13656,MTC,M18,Kilambakkam B.T TO Tambaram West,bus,3,operational
GTFS_ROUTE_17349,CHENNAI_COMMUNITY_GTFS,17349,MTC,154,Saidapet TO Thiyagarayanagar Terminus,bus,3,operational
GTFS_ROUTE_18467,CHENNAI_COMMUNITY_GTFS,18467,MTC,500P,Chengalpet TO Depot Chrompet-Ii,bus,3,operational
GTFS_ROUTE_15868,CHENNAI_COMMUNITY_GTFS,15868,MTC,47D,Kilambakkam Bus Terminus TO Avadi Bus Terminus,bus,3,operational
GTFS_ROUTE_15800,CHENNAI_COMMUNITY_GTFS,15800,MTC,170A,M.M.B.T TO Tambaram West,bus,3,operational
GTFS_ROUTE_19788,CHENNAI_COMMUNITY_GTFS,19788,MTC,47T,Icf TO Thiyagaraya Nagar Depot,bus,3,operational
GTFS_ROUTE_19550,CHENNAI_COMMUNITY_GTFS,19550,MTC,96,Cement Road TO  Adyar Gandhi,bus,3,operational
GTFS_ROUTE_16799,CHENNAI_COMMUNITY_GTFS,16799,MTC,154,Thyagaraya Nagar TO Iyyappanthangal,bus,3,operational
GTFS_ROUTE_15508,CHENNAI_COMMUNITY_GTFS,15508,MTC,18A,Vallalar Nagar TO Kilambakkam Bus Terminus,bus,3,operational
GTFS_ROUTE_19649,CHENNAI_COMMUNITY_GTFS,19649,MTC,154,Thiyagarayanagar Terminus  to M.G.R.Koyambedu Bus Terminus,bus,3,operational
GTFS_ROUTE_20809,CHENNAI_COMMUNITY_GTFS,20809,MTC,18R CT,Secretariat TO Nanganallur,bus,3,operational
GTFS_ROUTE_12990,CHENNAI_COMMUNITY_GTFS,12990,MTC,95XCt,Perumpakkam S.C.B TO Kilambakkam B.T,bus,3,operational
GTFS_ROUTE_12584,CHENNAI_COMMUNITY_GTFS,12584,MTC,70J,Guindy Tvk Estate TO J.J.Nagar West,bus,3,operational
GTFS_ROUTE_17934,CHENNAI_COMMUNITY_GTFS,17934,MTC,70J,J.J.Nagar West TO Guindy Tvk Estate,bus,3,operational
GTFS_ROUTE_11649,CHENNAI_COMMUNITY_GTFS,11649,MTC,51M,Thiruvanmiyur TO Thyagaraya Nagar,bus,3,operational
GTFS_ROUTE_11653,CHENNAI_COMMUNITY_GTFS,11653,MTC,51M,Thyagaraya Nagar TO Thiruvanmiyur,bus,3,operational
GTFS_ROUTE_19712,CHENNAI_COMMUNITY_GTFS,19712,MTC,96,Tambaram West  TO  Cement Road,bus,3,operational
GTFS_ROUTE_19171,CHENNAI_COMMUNITY_GTFS,19171,MTC,102K,Kannagi Nagar To  M.G.R.Central,bus,3,operational
GTFS_ROUTE_19172,CHENNAI_COMMUNITY_GTFS,19172,MTC,102K,M.G.R.Central To  Kannagi Nagar,bus,3,operational
GTFS_ROUTE_22460,CHENNAI_COMMUNITY_GTFS,22460,MTC,7M CT7,Central Depot TO Island ground,bus,3,operational
GTFS_ROUTE_11565,CHENNAI_COMMUNITY_GTFS,11565,MTC,51A,Balaji Nagar (Bharath Engineering College) TO Thyagaraya Nagar,bus,3,operational
GTFS_ROUTE_11568,CHENNAI_COMMUNITY_GTFS,11568,MTC,51A,Kilambakkam B.T TO Thyagaraya Nagar,bus,3,operational
GTFS_ROUTE_12608,CHENNAI_COMMUNITY_GTFS,12608,MTC,70T,M.G.R.Koyambedu TO Kilambakkam B.T,bus,3,operational
GTFS_ROUTE_14460,CHENNAI_COMMUNITY_GTFS,14460,MTC,70T,Otteri TO T.V.K.Nagar,bus,3,operational
GTFS_ROUTE_11632,CHENNAI_COMMUNITY_GTFS,11632,MTC,51A,Tambaram West TO Velachery B.T,bus,3,operational
GTFS_ROUTE_17933,CHENNAI_COMMUNITY_GTFS,17933,MTC,51A,Saidapet Depot TO Thyagaraya Nagar,bus,3,operational
GTFS_ROUTE_13542,CHENNAI_COMMUNITY_GTFS,13542,MTC,121M,M.K.B.Nagar TO K.Kannadasan Nagar,bus,3,operational
GTFS_ROUTE_11640,CHENNAI_COMMUNITY_GTFS,11640,MTC,51A,Thyagaraya Nagar TO Kilambakkam B.T,bus,3,operational
GTFS_ROUTE_11644,CHENNAI_COMMUNITY_GTFS,11644,MTC,51A,Thyagaraya Nagar TO Medavakkam Rd.Jn,bus,3,operational
GTFS_ROUTE_11647,CHENNAI_COMMUNITY_GTFS,11647,MTC,51A,Thyagaraya Nagar TO Saidapet Depot,bus,3,operational
GTFS_ROUTE_15517,CHENNAI_COMMUNITY_GTFS,15517,MTC,18A,Kilambakkam Bus Terminus TO Vallalar Nagar,bus,3,operational
GTFS_ROUTE_15872,CHENNAI_COMMUNITY_GTFS,15872,MTC,70J,J J Nagar West Terminus TO Ambattur Industrial Estate Depot,bus,3,operational
GTFS_ROUTE_18486,CHENNAI_COMMUNITY_GTFS,18486,MTC,102CT,Adyar B.T TO Thaiyur Koman Nagar,bus,3,operational
GTFS_ROUTE_20813,CHENNAI_COMMUNITY_GTFS,20813,MTC,119 CT1,K.K.Nagar TO Semmancheri S.C.B,bus,3,operational
GTFS_ROUTE_15770,CHENNAI_COMMUNITY_GTFS,15770,MTC,55P,Kilambakkam TO Tambaram,bus,3,operational
GTFS_ROUTE_17428,CHENNAI_COMMUNITY_GTFS,17428,MTC,102CT,Tidel Park TO Siruseri I.T Park,bus,3,operational
GTFS_ROUTE_15772,CHENNAI_COMMUNITY_GTFS,15772,MTC,557M,Gummidipoondi TO Redhills,bus,3,operational
GTFS_ROUTE_11805,CHENNAI_COMMUNITY_GTFS,11805,MTC,555G,Guduvanchery TO Kilambakkam B.T,bus,3,operational
GTFS_ROUTE_938,CHENNAI_COMMUNITY_GTFS,938,MTC,583,Tambaram Sanatorium Bus Stand TO Sri Perambudur Bus Terminus,bus,3,operational
GTFS_ROUTE_14990,CHENNAI_COMMUNITY_GTFS,14990,MTC,583,Tambaram Sanatorium TO Oragadam Hr.Sec.School,bus,3,operational
GTFS_ROUTE_14988,CHENNAI_COMMUNITY_GTFS,14988,MTC,583,Oragadam Hr.Sec.School TO Tambaram Sanatorium,bus,3,operational
GTFS_ROUTE_15873,CHENNAI_COMMUNITY_GTFS,15873,MTC,15C,M.G.R.Koyambedu TO Anna Nagar,bus,3,operational
GTFS_ROUTE_13665,CHENNAI_COMMUNITY_GTFS,13665,MTC,S11,Guindy Race Course TO Cement Road,bus,3,operational
GTFS_ROUTE_15778,CHENNAI_COMMUNITY_GTFS,15778,MTC,512,Redhills TO Madurapakkam,bus,3,operational
GTFS_ROUTE_15780,CHENNAI_COMMUNITY_GTFS,15780,MTC,558B,Pazhaverkadu TO Redhills,bus,3,operational
GTFS_ROUTE_18487,CHENNAI_COMMUNITY_GTFS,18487,MTC,555G,Guduvanchery TO Sholinganallur,bus,3,operational
GTFS_ROUTE_15781,CHENNAI_COMMUNITY_GTFS,15781,MTC,512,Madurapakkam TO Redhills,bus,3,operational
GTFS_ROUTE_10549,CHENNAI_COMMUNITY_GTFS,10549,MTC,18ACT,Guindy Tvk Estate TO Kilambakkam B.T,bus,3,operational
GTFS_ROUTE_13687,CHENNAI_COMMUNITY_GTFS,13687,MTC,114D,Arani TO Redhills,bus,3,operational
GTFS_ROUTE_13688,CHENNAI_COMMUNITY_GTFS,13688,MTC,114D,Redhills TO Arani,bus,3,operational
GTFS_ROUTE_18488,CHENNAI_COMMUNITY_GTFS,18488,MTC,570,M.G.R.Koyambedu To  Perumbakkam Scb,bus,3,operational
GTFS_ROUTE_16547,CHENNAI_COMMUNITY_GTFS,16547,MTC,3,Saidapet Depot TO Thiyagaraya Nagar,bus,3,operational
GTFS_ROUTE_15782,CHENNAI_COMMUNITY_GTFS,15782,MTC,558A,Ponneri TO Redhills,bus,3,operational
GTFS_ROUTE_13926,CHENNAI_COMMUNITY_GTFS,13926,MTC,51AX,Thyagaraya Nagar TO Kilambakkam B.T,bus,3,operational
GTFS_ROUTE_13920,CHENNAI_COMMUNITY_GTFS,13920,MTC,51AX,Tambaram West TO Kilambakkam B.T,bus,3,operational
GTFS_ROUTE_13924,CHENNAI_COMMUNITY_GTFS,13924,MTC,51AX,Kilambakkam B.T TO Tambaram West,bus,3,operational
GTFS_ROUTE_13936,CHENNAI_COMMUNITY_GTFS,13936,MTC,56ACt,Ennore TO Tondiarpet,bus,3,operational
GTFS_ROUTE_16285,CHENNAI_COMMUNITY_GTFS,16285,MTC,170Tx,M.G.R.Koyambedu TO Kaviarasu Kannadasan Nagar,bus,3,operational
GTFS_ROUTE_16389,CHENNAI_COMMUNITY_GTFS,16389,MTC,SC1,Ioc TO Ioc,bus,3,operational
GTFS_ROUTE_12493,CHENNAI_COMMUNITY_GTFS,12493,MTC,62A,Ambattur I.E TO Puzhal,bus,3,operational
GTFS_ROUTE_12495,CHENNAI_COMMUNITY_GTFS,12495,MTC,62A,Ambattur I.E TO Redhills,bus,3,operational
GTFS_ROUTE_12497,CHENNAI_COMMUNITY_GTFS,12497,MTC,62A,Puzhal TO Ambattur I.E,bus,3,operational
GTFS_ROUTE_12499,CHENNAI_COMMUNITY_GTFS,12499,MTC,62A,Redhills TO Ambattur I.E,bus,3,operational
GTFS_ROUTE_11523,CHENNAI_COMMUNITY_GTFS,11523,MTC,500P,Chengalpet TO Nehru Nagar,bus,3,operational
GTFS_ROUTE_11524,CHENNAI_COMMUNITY_GTFS,11524,MTC,500P,Chengalpet TO Pallavaram,bus,3,operational
GTFS_ROUTE_11526,CHENNAI_COMMUNITY_GTFS,11526,MTC,500P,Nehru Nagar TO Chengalpet,bus,3,operational
GTFS_ROUTE_11527,CHENNAI_COMMUNITY_GTFS,11527,MTC,500P,Pallavaram TO Chengalpet,bus,3,operational
GTFS_ROUTE_16740,CHENNAI_COMMUNITY_GTFS,16740,MTC,46,Otteri TO T.V.K.Nagar,bus,3,operational
GTFS_ROUTE_16374,CHENNAI_COMMUNITY_GTFS,16374,MTC,S18D,Saidapet Gurukulam TO Saidapet,bus,3,operational
GTFS_ROUTE_20817,CHENNAI_COMMUNITY_GTFS,20817,MTC,119 CT5,Velachery B.T TO Semmancheri S.C.B,bus,3,operational
GTFS_ROUTE_14066,CHENNAI_COMMUNITY_GTFS,14066,MTC,99A,Kilambakkam B.T TO Perumpakkam S.C.B,bus,3,operational
GTFS_ROUTE_14059,CHENNAI_COMMUNITY_GTFS,14059,MTC,102X,Perumpakkam S.C.B TO Kilambakkam B.T,bus,3,operational
GTFS_ROUTE_14064,CHENNAI_COMMUNITY_GTFS,14064,MTC,102X,Kelambakkam TO Perumpakkam S.C.B,bus,3,operational
GTFS_ROUTE_12322,CHENNAI_COMMUNITY_GTFS,12322,MTC,583A,Thiruvallur TO Poonamallee B.T,bus,3,operational
GTFS_ROUTE_15504,CHENNAI_COMMUNITY_GTFS,15504,MTC,164E,Vyasarpadi TO Manali Bus Terminus,bus,3,operational
GTFS_ROUTE_15505,CHENNAI_COMMUNITY_GTFS,15505,MTC,164E,Manali Bus Terminus TO Vyasarpadi,bus,3,operational
GTFS_ROUTE_15799,CHENNAI_COMMUNITY_GTFS,15799,MTC,66PX,Guduvancheri B.S TO Poonamallee B.S,bus,3,operational
GTFS_ROUTE_16483,CHENNAI_COMMUNITY_GTFS,16483,MTC,40L,Foreshore Estate TO Anna Square,bus,3,operational
GTFS_ROUTE_15867,CHENNAI_COMMUNITY_GTFS,15867,MTC,47DCt,Korattur TO Icf,bus,3,operational
GTFS_ROUTE_20819,CHENNAI_COMMUNITY_GTFS,20819,MTC,113 CT,M.G.R.Koyambedu TO Redhills,bus,3,operational
GTFS_ROUTE_18489,CHENNAI_COMMUNITY_GTFS,18489,MTC,500P,Chrompet TO Chengalpet,bus,3,operational
GTFS_ROUTE_12326,CHENNAI_COMMUNITY_GTFS,12326,MTC,583C,Manimangalam TO Tambaram Sanatorium,bus,3,operational
GTFS_ROUTE_12327,CHENNAI_COMMUNITY_GTFS,12327,MTC,583C,Sriperumbudur TO Tambaram Sanatorium,bus,3,operational
GTFS_ROUTE_12328,CHENNAI_COMMUNITY_GTFS,12328,MTC,583C,Tambaram Sanatorium TO Manimangalam,bus,3,operational
GTFS_ROUTE_15869,CHENNAI_COMMUNITY_GTFS,15869,MTC,48K,Ambattur Industrial Estate TO Kallikuppam Tea Kadai Bus Stop,bus,3,operational
GTFS_ROUTE_18491,CHENNAI_COMMUNITY_GTFS,18491,MTC,D70Ct CT,Elango Nagar Off.Colony TO Velachery B.T,bus,3,operational
GTFS_ROUTE_15801,CHENNAI_COMMUNITY_GTFS,15801,MTC,170A,Tambaram West TO M.M.B.T,bus,3,operational
GTFS_ROUTE_12414,CHENNAI_COMMUNITY_GTFS,12414,MTC,597A,Thiruvallur TO Iyyappanthangal,bus,3,operational
GTFS_ROUTE_16523,CHENNAI_COMMUNITY_GTFS,16523,MTC,24A,Secretariat TO Anna Nagar,bus,3,operational
GTFS_ROUTE_15878,CHENNAI_COMMUNITY_GTFS,15878,MTC,29E,M.G.R.Koyambedu B.T TO Annanagar East,bus,3,operational
GTFS_ROUTE_16304,CHENNAI_COMMUNITY_GTFS,16304,MTC,170Tx,Kaviarasu Kannadasan Nagar TO Moolakadai,bus,3,operational
GTFS_ROUTE_15879,CHENNAI_COMMUNITY_GTFS,15879,MTC,29E,Annanagar East TO M.G.R.Koyambedu B.T,bus,3,operational
GTFS_ROUTE_20821,CHENNAI_COMMUNITY_GTFS,20821,MTC,113 CT,Redhills TO M.G.R.Koyambedu,bus,3,operational
GTFS_ROUTE_12331,CHENNAI_COMMUNITY_GTFS,12331,MTC,583D,Sriperumbudur TO Tambaram Sanatorium,bus,3,operational
GTFS_ROUTE_12332,CHENNAI_COMMUNITY_GTFS,12332,MTC,583D,Tambaram Sanatorium TO Sriperumbudur,bus,3,operational
GTFS_ROUTE_12041,CHENNAI_COMMUNITY_GTFS,12041,MTC,55C,Pungeri TO Tambaram West,bus,3,operational
GTFS_ROUTE_12401,CHENNAI_COMMUNITY_GTFS,12401,MTC,597,Thiruvallur TO Mandaveli,bus,3,operational
GTFS_ROUTE_16325,CHENNAI_COMMUNITY_GTFS,16325,MTC,597,K.K.Nagar TO Thyagaraya Nagar,bus,3,operational
GTFS_ROUTE_18507,CHENNAI_COMMUNITY_GTFS,18507,MTC,19 CT2,Thiruporur TO M.G.R.Koyambedu,bus,3,operational
GTFS_ROUTE_18508,CHENNAI_COMMUNITY_GTFS,18508,MTC,19 CT3,Kelambakkam TO M.G.R.Koyambedu,bus,3,operational
GTFS_ROUTE_18510,CHENNAI_COMMUNITY_GTFS,18510,MTC,19 CT3,M.G.R.Koyambedu TO Kelambakkam,bus,3,operational
GTFS_ROUTE_12397,CHENNAI_COMMUNITY_GTFS,12397,MTC,597,Mandaveli TO Thiruvallur,bus,3,operational
GTFS_ROUTE_16305,CHENNAI_COMMUNITY_GTFS,16305,MTC,29A,Anna Square TO Secretariat,bus,3,operational
GTFS_ROUTE_20837,CHENNAI_COMMUNITY_GTFS,20837,MTC,M1 CT1,Keelkattalai TO Thiruvanmiyur,bus,3,operational
GTFS_ROUTE_20035,CHENNAI_COMMUNITY_GTFS,20035,MTC,597A CT2,Poonamallee Terminus TO Poonamallee Depot,bus,3,operational
GTFS_ROUTE_14372,CHENNAI_COMMUNITY_GTFS,14372,MTC,18A,Saidapet TO Tambaram West,bus,3,operational
GTFS_ROUTE_6532,CHENNAI_COMMUNITY_GTFS,6532,MTC,583K,Tambaram Sanatorium Bus Stand TO Sriperumbudur Bus,bus,3,operational
GTFS_ROUTE_13853,CHENNAI_COMMUNITY_GTFS,13853,MTC,597,Thyagaraya Nagar TO K.K.Nagar,bus,3,operational
GTFS_ROUTE_6533,CHENNAI_COMMUNITY_GTFS,6533,MTC,583K,Sriperumbudur Bus Terminal TO Tambaram Sanatorium Bus Stand,bus,3,operational
GTFS_ROUTE_12333,CHENNAI_COMMUNITY_GTFS,12333,MTC,583K,Kilambakkam B.T TO Nehru Nagar,bus,3,operational
GTFS_ROUTE_15011,CHENNAI_COMMUNITY_GTFS,15011,MTC,51M,N.G.O.Colony TO Madipakkam B.T,bus,3,operational
GTFS_ROUTE_12335,CHENNAI_COMMUNITY_GTFS,12335,MTC,583K,Kilambakkam B.T TO Padappai,bus,3,operational
GTFS_ROUTE_12339,CHENNAI_COMMUNITY_GTFS,12339,MTC,583K,Nehru Nagar TO Kilambakkam B.T,bus,3,operational
GTFS_ROUTE_12340,CHENNAI_COMMUNITY_GTFS,12340,MTC,583K,Padappai TO Kilambakkam B.T,bus,3,operational
GTFS_ROUTE_10913,CHENNAI_COMMUNITY_GTFS,10913,MTC,121G,K.Kannadasan Nagar TO M.G.R.Koyambedu,bus,3,operational
GTFS_ROUTE_10914,CHENNAI_COMMUNITY_GTFS,10914,MTC,121G,M.G.R.Koyambedu TO K.Kannadasan Nagar,bus,3,operational
GTFS_ROUTE_12341,CHENNAI_COMMUNITY_GTFS,12341,MTC,583K,Sriperumbudur TO Kilambakkam B.T,bus,3,operational
GTFS_ROUTE_15877,CHENNAI_COMMUNITY_GTFS,15877,MTC,70A,Anna Nagar West TO M.G.R.Koyambedu,bus,3,operational
GTFS_ROUTE_18530,CHENNAI_COMMUNITY_GTFS,18530,MTC,MAA2 CT2,Airport TO Cement Road,bus,3,operational
GTFS_ROUTE_14515,CHENNAI_COMMUNITY_GTFS,14515,MTC,51A,Tambaram East TO Thyagaraya Nagar,bus,3,operational
GTFS_ROUTE_14510,CHENNAI_COMMUNITY_GTFS,14510,MTC,10E,M.G.R.Central TO Saidapet West,bus,3,operational
GTFS_ROUTE_14461,CHENNAI_COMMUNITY_GTFS,14461,MTC,70T,T.V.K.Nagar TO Otteri,bus,3,operational
GTFS_ROUTE_14455,CHENNAI_COMMUNITY_GTFS,14455,MTC,48C,M.G.R.Koyambedu TO Ayanavaram B.T,bus,3,operational
GTFS_ROUTE_16936,CHENNAI_COMMUNITY_GTFS,16936,MTC,S63,Moolakadai TO Manali,bus,3,operational
GTFS_ROUTE_20840,CHENNAI_COMMUNITY_GTFS,20840,MTC,M1 CT2,Thiruvanmiyur TO Nanganallur,bus,3,operational
GTFS_ROUTE_15816,CHENNAI_COMMUNITY_GTFS,15816,MTC,45ACt,Thyagaraya Nagar TO Keelkattalai,bus,3,operational
GTFS_ROUTE_15066,CHENNAI_COMMUNITY_GTFS,15066,MTC,G18,Kilambakkam B.T TO Thyagaraya Nagar,bus,3,operational
GTFS_ROUTE_11793,CHENNAI_COMMUNITY_GTFS,11793,MTC,54B,Porur TO Saidapet,bus,3,operational
GTFS_ROUTE_11792,CHENNAI_COMMUNITY_GTFS,11792,MTC,54B,Iyyappanthangal TO Saidapet,bus,3,operational
GTFS_ROUTE_11794,CHENNAI_COMMUNITY_GTFS,11794,MTC,54B,Saidapet TO Iyyappanthangal,bus,3,operational
GTFS_ROUTE_11795,CHENNAI_COMMUNITY_GTFS,11795,MTC,54B,Saidapet TO Porur,bus,3,operational
GTFS_ROUTE_20841,CHENNAI_COMMUNITY_GTFS,20841,MTC,M1 CT3,Nanganallur TO Thiruvanmiyur,bus,3,operational
GTFS_ROUTE_12366,CHENNAI_COMMUNITY_GTFS,12366,MTC,592,Redhills TO Padiyanallur,bus,3,operational
GTFS_ROUTE_12368,CHENNAI_COMMUNITY_GTFS,12368,MTC,592,Uthukottai TO Redhills,bus,3,operational
GTFS_ROUTE_10219,CHENNAI_COMMUNITY_GTFS,10219,MTC,23V,Ayanavaram B.T TO Velachery B.T,bus,3,operational
GTFS_ROUTE_18560,CHENNAI_COMMUNITY_GTFS,18560,MTC,S11 CT,Keelkattalai TO Guindy R.S,bus,3,operational
GTFS_ROUTE_10224,CHENNAI_COMMUNITY_GTFS,10224,MTC,23V,Velachery B.T TO Villivakkam,bus,3,operational
GTFS_ROUTE_15085,CHENNAI_COMMUNITY_GTFS,15085,MTC,29NEt,Perambur Railway Station TO Peravallur Kumaran Nagar,bus,3,operational
GTFS_ROUTE_15091,CHENNAI_COMMUNITY_GTFS,15091,MTC,29Et,Perambur Bus Terminus TO Queen Marys College,bus,3,operational
GTFS_ROUTE_13107,CHENNAI_COMMUNITY_GTFS,13107,MTC,D70X,Cement Road TO Velachery Mrts,bus,3,operational
GTFS_ROUTE_13243,CHENNAI_COMMUNITY_GTFS,13243,MTC,S165,Iyyappanthangal TO Kovur Eb,bus,3,operational
GTFS_ROUTE_10225,CHENNAI_COMMUNITY_GTFS,10225,MTC,23V,Villivakkam TO Velachery B.T,bus,3,operational
GTFS_ROUTE_13244,CHENNAI_COMMUNITY_GTFS,13244,MTC,S165,Kovur Eb TO Iyyappanthangal,bus,3,operational
GTFS_ROUTE_13109,CHENNAI_COMMUNITY_GTFS,13109,MTC,D70X,Guindy Tvk Estate TO Ambattur I.E,bus,3,operational
GTFS_ROUTE_12365,CHENNAI_COMMUNITY_GTFS,12365,MTC,592,Padiyanallur TO Redhills,bus,3,operational
GTFS_ROUTE_12367,CHENNAI_COMMUNITY_GTFS,12367,MTC,592,Redhills TO Uthukottai,bus,3,operational
GTFS_ROUTE_13390,CHENNAI_COMMUNITY_GTFS,13390,MTC,S41,Avadi B.T TO Ambedkar Statue,bus,3,operational
GTFS_ROUTE_11492,CHENNAI_COMMUNITY_GTFS,11492,MTC,47D,Avadi B.T TO Ambattur I.E,bus,3,operational
GTFS_ROUTE_11495,CHENNAI_COMMUNITY_GTFS,11495,MTC,47D,Kilambakkam B.T TO Avadi B.T,bus,3,operational
GTFS_ROUTE_14354,CHENNAI_COMMUNITY_GTFS,14354,MTC,S165,Kovur Eb TO Pallavaram,bus,3,operational
GTFS_ROUTE_14356,CHENNAI_COMMUNITY_GTFS,14356,MTC,S165,Pallavaram TO Kovur Eb,bus,3,operational
GTFS_ROUTE_13149,CHENNAI_COMMUNITY_GTFS,13149,MTC,M18N,Nanganallur TO Kilambakkam B.T,bus,3,operational
GTFS_ROUTE_11743,CHENNAI_COMMUNITY_GTFS,11743,MTC,53A,Poonamallee B.T TO Thirumazhisai,bus,3,operational
GTFS_ROUTE_11750,CHENNAI_COMMUNITY_GTFS,11750,MTC,53A,Thirumazhisai TO Poonamallee B.T,bus,3,operational
GTFS_ROUTE_13131,CHENNAI_COMMUNITY_GTFS,13131,MTC,M18G,Guduvanchery TO Hasthinapuram,bus,3,operational
GTFS_ROUTE_13133,CHENNAI_COMMUNITY_GTFS,13133,MTC,M18G,Hasthinapuram TO Guduvanchery,bus,3,operational
GTFS_ROUTE_13118,CHENNAI_COMMUNITY_GTFS,13118,MTC,M18C,Keelkattalai TO N.G.O.Colony,bus,3,operational
GTFS_ROUTE_18577,CHENNAI_COMMUNITY_GTFS,18577,MTC,170C CT3,M.G.R.Koyambedu TO T.V.K.Nagar,bus,3,operational
GTFS_ROUTE_14564,CHENNAI_COMMUNITY_GTFS,14564,MTC,55H,Chennai Airport Metro TO Keerappakkam Tnuhdb,bus,3,operational
GTFS_ROUTE_18580,CHENNAI_COMMUNITY_GTFS,18580,MTC,51A CT,Thyagaraya Nagar TO Tambaram West,bus,3,operational
GTFS_ROUTE_20845,CHENNAI_COMMUNITY_GTFS,20845,MTC,M1 CT2,Thiruvanmiyur TO Keelkattalai,bus,3,operational
GTFS_ROUTE_11914,CHENNAI_COMMUNITY_GTFS,11914,MTC,55K,Guduvanchery TO Kandigai,bus,3,operational
GTFS_ROUTE_11916,CHENNAI_COMMUNITY_GTFS,11916,MTC,55K,Guduvanchery TO Tambaram West,bus,3,operational
GTFS_ROUTE_11917,CHENNAI_COMMUNITY_GTFS,11917,MTC,55K,Kandigai TO Guduvanchery,bus,3,operational
GTFS_ROUTE_11918,CHENNAI_COMMUNITY_GTFS,11918,MTC,55K,Kumizhi TO Guduvanchery,bus,3,operational
GTFS_ROUTE_15995,CHENNAI_COMMUNITY_GTFS,15995,MTC,588,Thiruvanmiyur TO Mamallapuram,bus,3,operational
GTFS_ROUTE_15093,CHENNAI_COMMUNITY_GTFS,15093,MTC,29E,M.G.R.Koyambedu TO Perambur B.T,bus,3,operational
GTFS_ROUTE_15094,CHENNAI_COMMUNITY_GTFS,15094,MTC,29E,Perambur B.T TO M.G.R.Koyambedu,bus,3,operational
GTFS_ROUTE_20080,CHENNAI_COMMUNITY_GTFS,20080,MTC,62 CT6,Redhills TO Avadi,bus,3,operational
GTFS_ROUTE_20083,CHENNAI_COMMUNITY_GTFS,20083,MTC,62 CT14,Avadi B.T TO Poonamallee B.T,bus,3,operational
GTFS_ROUTE_11701,CHENNAI_COMMUNITY_GTFS,11701,MTC,52C,Hasthinapuram TO Thyagaraya Nagar,bus,3,operational
GTFS_ROUTE_12344,CHENNAI_COMMUNITY_GTFS,12344,MTC,588,Kovalam TO Thiruvanmiyur,bus,3,operational
GTFS_ROUTE_12347,CHENNAI_COMMUNITY_GTFS,12347,MTC,588,Thiruvanmiyur TO Kovalam,bus,3,operational
GTFS_ROUTE_11702,CHENNAI_COMMUNITY_GTFS,11702,MTC,52C,Thyagaraya Nagar TO Hasthinapuram,bus,3,operational
GTFS_ROUTE_13124,CHENNAI_COMMUNITY_GTFS,13124,MTC,M18C,N.G.O.Colony TO Thyagaraya Nagar,bus,3,operational
GTFS_ROUTE_13127,CHENNAI_COMMUNITY_GTFS,13127,MTC,M18C,Thyagaraya Nagar TO Keelkattalai,bus,3,operational
GTFS_ROUTE_20081,CHENNAI_COMMUNITY_GTFS,20081,MTC,62 CT13,Poonamallee B.T TO Avadi B.T,bus,3,operational
GTFS_ROUTE_11715,CHENNAI_COMMUNITY_GTFS,11715,MTC,52H,Hasthinapuram TO Sankar Nagar,bus,3,operational
GTFS_ROUTE_13129,CHENNAI_COMMUNITY_GTFS,13129,MTC,M18C,Thyagaraya Nagar TO N.G.O.Colony,bus,3,operational
GTFS_ROUTE_20087,CHENNAI_COMMUNITY_GTFS,20087,MTC,62 CT3,Avadi TO Redhills,bus,3,operational
GTFS_ROUTE_20088,CHENNAI_COMMUNITY_GTFS,20088,MTC,62,Poonamallee B.T TO Redhills,bus,3,operational
GTFS_ROUTE_11718,CHENNAI_COMMUNITY_GTFS,11718,MTC,52H,Sankar Nagar TO Hasthinapuram,bus,3,operational
GTFS_ROUTE_12851,CHENNAI_COMMUNITY_GTFS,12851,MTC,79V,Venbakkam TO Tambaram Sanatorium,bus,3,operational
GTFS_ROUTE_20089,CHENNAI_COMMUNITY_GTFS,20089,MTC,62,Redhills TO Poonamallee B.T,bus,3,operational
GTFS_ROUTE_15064,CHENNAI_COMMUNITY_GTFS,15064,MTC,G18,Thyagaraya Nagar TO Kilambakkam B.T,bus,3,operational
GTFS_ROUTE_12849,CHENNAI_COMMUNITY_GTFS,12849,MTC,79V,Tambaram Sanatorium TO Venbakkam,bus,3,operational
GTFS_ROUTE_12847,CHENNAI_COMMUNITY_GTFS,12847,MTC,79A,Tambaram West TO Navalur S.C.B,bus,3,operational
GTFS_ROUTE_17384,CHENNAI_COMMUNITY_GTFS,17384,MTC,102K,Ezhil Nagar TO Thiruvanmiyur,bus,3,operational
GTFS_ROUTE_16917,CHENNAI_COMMUNITY_GTFS,16917,MTC,101,Thiruvotriyur TO M.G.R.Koyambedu,bus,3,operational
GTFS_ROUTE_20096,CHENNAI_COMMUNITY_GTFS,20096,MTC,23C CT3,Ayanavaram B.T TO Saidapet,bus,3,operational
GTFS_ROUTE_12845,CHENNAI_COMMUNITY_GTFS,12845,MTC,79A,Navalur S.C.B TO Tambaram West,bus,3,operational
GTFS_ROUTE_10147,CHENNAI_COMMUNITY_GTFS,10147,MTC,147A,J.J.Nagar East TO Anna Nagar West,bus,3,operational
GTFS_ROUTE_3610,CHENNAI_COMMUNITY_GTFS,3610,MTC,91V,Guduvanchery TO Kilambakkam B.S,bus,3,operational
GTFS_ROUTE_20100,CHENNAI_COMMUNITY_GTFS,20100,MTC,23C CT7,Saidapet TO Ayanavaram B.T,bus,3,operational
GTFS_ROUTE_12389,CHENNAI_COMMUNITY_GTFS,12389,MTC,595,Pazhaverkadu TO Thiruvotriyur B.T,bus,3,operational
GTFS_ROUTE_20105,CHENNAI_COMMUNITY_GTFS,20105,MTC,23C CT6,Besant Nagar Terminus  TO Egmore Railway Station,bus,3,operational
GTFS_ROUTE_20106,CHENNAI_COMMUNITY_GTFS,20106,MTC,23C CT4,Egmore Railway Station TO  Besant Nagar Terminus,bus,3,operational
GTFS_ROUTE_20107,CHENNAI_COMMUNITY_GTFS,20107,MTC,S43 R,Icf TO Pudur,bus,3,operational
GTFS_ROUTE_12363,CHENNAI_COMMUNITY_GTFS,12363,MTC,591C,Perambakkam L.N.Koil TO Poonamallee B.T,bus,3,operational
GTFS_ROUTE_17242,CHENNAI_COMMUNITY_GTFS,17242,MTC,63,Ambattur I.E TO Villivakkam,bus,3,operational
GTFS_ROUTE_20109,CHENNAI_COMMUNITY_GTFS,20109,MTC,S43 R,Pudur TO Icf,bus,3,operational
GTFS_ROUTE_12559,CHENNAI_COMMUNITY_GTFS,12559,MTC,64D,Broadway TO Kosappur,bus,3,operational
GTFS_ROUTE_12560,CHENNAI_COMMUNITY_GTFS,12560,MTC,64D,Kosappur TO Broadway,bus,3,operational
GTFS_ROUTE_12562,CHENNAI_COMMUNITY_GTFS,12562,MTC,64D,Kosappur TO Moolakadai,bus,3,operational
GTFS_ROUTE_5426,CHENNAI_COMMUNITY_GTFS,5426,MTC,60G,Hasthinapuram TO Pozhichalur,bus,3,operational
GTFS_ROUTE_5434,CHENNAI_COMMUNITY_GTFS,5434,MTC,60G,Pozhichalur TO Hasthinapuram,bus,3,operational
GTFS_ROUTE_364,CHENNAI_COMMUNITY_GTFS,364,MTC,S17,Adyar Gandhi Nagar TO Guindy Rs,bus,3,operational
GTFS_ROUTE_13283,CHENNAI_COMMUNITY_GTFS,13283,MTC,S17,Mandaveli TO Adyar B.T,bus,3,operational
GTFS_ROUTE_16752,CHENNAI_COMMUNITY_GTFS,16752,MTC,34,Thiruvotriyur B.T TO Ambattur I.E,bus,3,operational
GTFS_ROUTE_16757,CHENNAI_COMMUNITY_GTFS,16757,MTC,47,Villivakkam TO Ayanavaram B.T,bus,3,operational
GTFS_ROUTE_16759,CHENNAI_COMMUNITY_GTFS,16759,MTC,47,Ayanavaram B.T TO Villivakkam,bus,3,operational
GTFS_ROUTE_16952,CHENNAI_COMMUNITY_GTFS,16952,MTC,101,Thiruvottriyur TO M.G.R. Koyambedu,bus,3,operational
GTFS_ROUTE_12360,CHENNAI_COMMUNITY_GTFS,12360,MTC,591,Perambakkam TO Poonamallee B.T,bus,3,operational
GTFS_ROUTE_16926,CHENNAI_COMMUNITY_GTFS,16926,MTC,101,Thangal Tollgate TO Thiruvotriyur,bus,3,operational
GTFS_ROUTE_18143,CHENNAI_COMMUNITY_GTFS,18143,MTC,101,Kilambakkam TO Poonamallee,bus,3,operational
GTFS_ROUTE_18144,CHENNAI_COMMUNITY_GTFS,18144,MTC,101,Poonamallee TO Kilambakkam,bus,3,operational
GTFS_ROUTE_18145,CHENNAI_COMMUNITY_GTFS,18145,MTC,101,Poonamallee TO Annanagar East,bus,3,operational
GTFS_ROUTE_16881,CHENNAI_COMMUNITY_GTFS,16881,MTC,S64,Perambur B.T TO Moolakadai,bus,3,operational
GTFS_ROUTE_16894,CHENNAI_COMMUNITY_GTFS,16894,MTC,S64,Moolakadai TO Azeezee Nagar,bus,3,operational
GTFS_ROUTE_20118,CHENNAI_COMMUNITY_GTFS,20118,MTC,91 CT,Tambaram West TO Kilambakkam,bus,3,operational
GTFS_ROUTE_20119,CHENNAI_COMMUNITY_GTFS,20119,MTC,91 CT,Kilambakkam TO Tambaram West,bus,3,operational
GTFS_ROUTE_16901,CHENNAI_COMMUNITY_GTFS,16901,MTC,S64,Azeezee Nagar TO Moolakadai,bus,3,operational
GTFS_ROUTE_16884,CHENNAI_COMMUNITY_GTFS,16884,MTC,S64,Perambur B.T TO Azeezee Nagar,bus,3,operational
GTFS_ROUTE_16888,CHENNAI_COMMUNITY_GTFS,16888,MTC,S64,Moolakadai TO Perambur B.T,bus,3,operational
GTFS_ROUTE_16655,CHENNAI_COMMUNITY_GTFS,16655,MTC,37,Iyyappanthangal Bus Depot TO Vallalar Nagar,bus,3,operational
GTFS_ROUTE_16924,CHENNAI_COMMUNITY_GTFS,16924,MTC,S63,Manali TO Moolakadai,bus,3,operational
GTFS_ROUTE_11781,CHENNAI_COMMUNITY_GTFS,11781,MTC,547A,M.K.B.Nagar TO Vallalar Nagar,bus,3,operational
GTFS_ROUTE_13563,CHENNAI_COMMUNITY_GTFS,13563,MTC,547A,Vallalar Nagar TO M.K.B.Nagar,bus,3,operational
GTFS_ROUTE_20870,CHENNAI_COMMUNITY_GTFS,20870,MTC,M1A R,Thiruvanmiyur TO Keelkattalai,bus,3,operational
GTFS_ROUTE_16502,CHENNAI_COMMUNITY_GTFS,16502,MTC,S69,Airport Metro TO Kundrathur B.T,bus,3,operational
GTFS_ROUTE_16500,CHENNAI_COMMUNITY_GTFS,16500,MTC,S69,Nehru Nagar TO Airport Metro,bus,3,operational
GTFS_ROUTE_12351,CHENNAI_COMMUNITY_GTFS,12351,MTC,58V,M.G.R.Koyambedu TO Redhills,bus,3,operational
GTFS_ROUTE_12353,CHENNAI_COMMUNITY_GTFS,12353,MTC,58V,Moolakadai TO M.G.R.Koyambedu,bus,3,operational
GTFS_ROUTE_20871,CHENNAI_COMMUNITY_GTFS,20871,MTC,M1A R,Keelkattalai TO Thiruvanmiyur,bus,3,operational
GTFS_ROUTE_10651,CHENNAI_COMMUNITY_GTFS,10651,MTC,18R,Cement Road TO Nanganallur,bus,3,operational
GTFS_ROUTE_10653,CHENNAI_COMMUNITY_GTFS,10653,MTC,18R,Nanganallur TO Cement Road,bus,3,operational
GTFS_ROUTE_16501,CHENNAI_COMMUNITY_GTFS,16501,MTC,S69,Kundrathur B.T TO Airport Metro,bus,3,operational
GTFS_ROUTE_15128,CHENNAI_COMMUNITY_GTFS,15128,MTC,S3X,Chromepet Esi TO Jothi Nagar Madambakkam,bus,3,operational
GTFS_ROUTE_20126,CHENNAI_COMMUNITY_GTFS,20126,MTC,23C,Ayanavaram B.T TO Besant Nagar,bus,3,operational
GTFS_ROUTE_18162,CHENNAI_COMMUNITY_GTFS,18162,MTC,25,Poonamallee TO Iyyapanthangal,bus,3,operational
GTFS_ROUTE_10645,CHENNAI_COMMUNITY_GTFS,10645,MTC,18P,Cement Road TO Keelkattalai,bus,3,operational
GTFS_ROUTE_16499,CHENNAI_COMMUNITY_GTFS,16499,MTC,S69,Airport Metro TO Nehru Nagar,bus,3,operational
GTFS_ROUTE_12638,CHENNAI_COMMUNITY_GTFS,12638,MTC,70A,Koyambedu Market TO Redhills,bus,3,operational
GTFS_ROUTE_10647,CHENNAI_COMMUNITY_GTFS,10647,MTC,18P,Keelkattalai TO Cement Road,bus,3,operational
GTFS_ROUTE_16949,CHENNAI_COMMUNITY_GTFS,16949,MTC,101,M.G.R.Koyambedu TO Thiruvottriyur,bus,3,operational
GTFS_ROUTE_16966,CHENNAI_COMMUNITY_GTFS,16966,MTC,99,Sholinganallur TO Adyar B.T,bus,3,operational
GTFS_ROUTE_16969,CHENNAI_COMMUNITY_GTFS,16969,MTC,99,Adyar TO Shozhinganallur,bus,3,operational
GTFS_ROUTE_16396,CHENNAI_COMMUNITY_GTFS,16396,MTC,S98,Taramani TO Little Mount,bus,3,operational
GTFS_ROUTE_16395,CHENNAI_COMMUNITY_GTFS,16395,MTC,S98,Taramani TO Thiruvanmiyur,bus,3,operational
GTFS_ROUTE_16397,CHENNAI_COMMUNITY_GTFS,16397,MTC,S98,Little Mount TO Taramani,bus,3,operational
GTFS_ROUTE_20133,CHENNAI_COMMUNITY_GTFS,20133,MTC,M70 CT9,M.G.R.Koyambedu TO K.K.Nagar,bus,3,operational
GTFS_ROUTE_16394,CHENNAI_COMMUNITY_GTFS,16394,MTC,S98,Thiruvanmiyur TO Taramani,bus,3,operational
GTFS_ROUTE_13697,CHENNAI_COMMUNITY_GTFS,13697,MTC,57A,Redhills TO Angadu,bus,3,operational
GTFS_ROUTE_12178,CHENNAI_COMMUNITY_GTFS,12178,MTC,57A,Angadu TO Vallalar Nagar,bus,3,operational
GTFS_ROUTE_12179,CHENNAI_COMMUNITY_GTFS,12179,MTC,57A,Vallalar Nagar TO Angadu,bus,3,operational
GTFS_ROUTE_10620,CHENNAI_COMMUNITY_GTFS,10620,MTC,18E,Alandur TO Ramapuram,bus,3,operational
GTFS_ROUTE_10623,CHENNAI_COMMUNITY_GTFS,10623,MTC,18E,Ramapuram TO Alandur,bus,3,operational
GTFS_ROUTE_20149,CHENNAI_COMMUNITY_GTFS,20149,MTC,147C CT9,Ambattur I.E TO Ambattur O.T,bus,3,operational
GTFS_ROUTE_20152,CHENNAI_COMMUNITY_GTFS,20152,MTC,147C CT10,Metrological Department Sterling Road TO  Ambattur O.T,bus,3,operational
GTFS_ROUTE_16403,CHENNAI_COMMUNITY_GTFS,16403,MTC,S97,Guindy Metro TO K.K.Nagar,bus,3,operational
GTFS_ROUTE_17088,CHENNAI_COMMUNITY_GTFS,17088,MTC,78,Vadapalani TO M.G.R.Koyambedu,bus,3,operational
GTFS_ROUTE_17098,CHENNAI_COMMUNITY_GTFS,17098,MTC,78,K.K.Nagar TO M.G.R.Koyambedu,bus,3,operational
GTFS_ROUTE_17097,CHENNAI_COMMUNITY_GTFS,17097,MTC,59,Thiruverkadu Terminus TO M.G.R.Koyambedu,bus,3,operational
GTFS_ROUTE_17122,CHENNAI_COMMUNITY_GTFS,17122,MTC,62,Redhills TO Avadi B.T,bus,3,operational
GTFS_ROUTE_16372,CHENNAI_COMMUNITY_GTFS,16372,MTC,18B,Little Mount TO Saidapet Depot,bus,3,operational
GTFS_ROUTE_16382,CHENNAI_COMMUNITY_GTFS,16382,MTC,18B,Saidapet Depot TO Little Mount,bus,3,operational
GTFS_ROUTE_20155,CHENNAI_COMMUNITY_GTFS,20155,MTC,147C CT5,Thiyagarayanagar Terminus TO Senthil Nagar,bus,3,operational
GTFS_ROUTE_16400,CHENNAI_COMMUNITY_GTFS,16400,MTC,S97,Velachery B.T TO Guindy Metro,bus,3,operational
GTFS_ROUTE_17095,CHENNAI_COMMUNITY_GTFS,17095,MTC,59,Thiruverkadu TO Vallalar Nagar,bus,3,operational
GTFS_ROUTE_17092,CHENNAI_COMMUNITY_GTFS,17092,MTC,59,Vallalar Nagar TO Thiruverkadu,bus,3,operational
GTFS_ROUTE_15023,CHENNAI_COMMUNITY_GTFS,15023,MTC,37,Vallalar Nagar TO Vadapalani,bus,3,operational
GTFS_ROUTE_16407,CHENNAI_COMMUNITY_GTFS,16407,MTC,S95,Velachery B.T TO Thiruvanmiyur,bus,3,operational
GTFS_ROUTE_16408,CHENNAI_COMMUNITY_GTFS,16408,MTC,S95,Velachery B.T TO Perungudi,bus,3,operational
GTFS_ROUTE_16409,CHENNAI_COMMUNITY_GTFS,16409,MTC,S95,Thiruvanmiyur TO Velachery B.T,bus,3,operational
GTFS_ROUTE_16410,CHENNAI_COMMUNITY_GTFS,16410,MTC,S95,Perungudi TO Velachery B.T,bus,3,operational
GTFS_ROUTE_20158,CHENNAI_COMMUNITY_GTFS,20158,MTC,147C CT6,Senthil Nagar TO Thiyagarayanagar Terminus,bus,3,operational
GTFS_ROUTE_16671,CHENNAI_COMMUNITY_GTFS,16671,MTC,37,Vadapalani TO Vallalar Nagar,bus,3,operational
GTFS_ROUTE_16665,CHENNAI_COMMUNITY_GTFS,16665,MTC,37,Shastri Bhavan TO Vallalar Nagar,bus,3,operational
GTFS_ROUTE_20159,CHENNAI_COMMUNITY_GTFS,20159,MTC,147C CT7,Ambattur O.T TO  Metrological Department Sterling Road,bus,3,operational
GTFS_ROUTE_16425,CHENNAI_COMMUNITY_GTFS,16425,MTC,S88A,Porur TO Nandambakkam Village,bus,3,operational
GTFS_ROUTE_16427,CHENNAI_COMMUNITY_GTFS,16427,MTC,S88A,Nandambakkam TO Iyyappanthangal,bus,3,operational
GTFS_ROUTE_16428,CHENNAI_COMMUNITY_GTFS,16428,MTC,S88A,Iyyappanthangal TO Nandambakkam,bus,3,operational
GTFS_ROUTE_18170,CHENNAI_COMMUNITY_GTFS,18170,MTC,37,Vadapalani TO Poonamallee B.T,bus,3,operational
GTFS_ROUTE_18171,CHENNAI_COMMUNITY_GTFS,18171,MTC,37,Poonamallee B.T TO Vadapalani,bus,3,operational
GTFS_ROUTE_18175,CHENNAI_COMMUNITY_GTFS,18175,MTC,37,Poonamallee B.T TO Iyyappanthangal,bus,3,operational
GTFS_ROUTE_16426,CHENNAI_COMMUNITY_GTFS,16426,MTC,S88A,Nandambakkam Village TO Porur,bus,3,operational
GTFS_ROUTE_11261,CHENNAI_COMMUNITY_GTFS,11261,MTC,37G,Vallalar Nagar TO Iyyappanthangal,bus,3,operational
GTFS_ROUTE_15324,CHENNAI_COMMUNITY_GTFS,15324,MTC,37G,Iyyappanthangal TO Vallalar Nagar,bus,3,operational
GTFS_ROUTE_17099,CHENNAI_COMMUNITY_GTFS,17099,MTC,59,M.G.R.Koyambedu TO Thiruverkadu Terminus,bus,3,operational
GTFS_ROUTE_16574,CHENNAI_COMMUNITY_GTFS,16574,MTC,25,Iyappanthangal TO Kilambakkam,bus,3,operational
GTFS_ROUTE_11055,CHENNAI_COMMUNITY_GTFS,11055,MTC,118P,Maraimalai Nagar I.E. TO Tambaram West,bus,3,operational
GTFS_ROUTE_11061,CHENNAI_COMMUNITY_GTFS,11061,MTC,118P,Tambaram West TO Maraimalai Nagar I.E.,bus,3,operational
GTFS_ROUTE_2658,CHENNAI_COMMUNITY_GTFS,2658,MTC,118P,Parameshwari Nagar TO Tambaram West Bus Stand,bus,3,operational
GTFS_ROUTE_18226,CHENNAI_COMMUNITY_GTFS,18226,MTC,553K,Katrambakkam TO Poonamallee B.T,bus,3,operational
GTFS_ROUTE_18229,CHENNAI_COMMUNITY_GTFS,18229,MTC,553K,Poonamallee B.T TO Katrambakkam,bus,3,operational
GTFS_ROUTE_11884,CHENNAI_COMMUNITY_GTFS,11884,MTC,554B,Ekkattuthangal TO Sunguvarchathiram,bus,3,operational
GTFS_ROUTE_11887,CHENNAI_COMMUNITY_GTFS,11887,MTC,554B,Sunguvarchathiram TO Ekkattuthangal,bus,3,operational
GTFS_ROUTE_16432,CHENNAI_COMMUNITY_GTFS,16432,MTC,S87,M.G.R.Koyambedu TO K.K.Nagar,bus,3,operational
GTFS_ROUTE_16577,CHENNAI_COMMUNITY_GTFS,16577,MTC,554B,Kovalam Bus Stand TO Ekkattuthangal Or Ambal Nagar,bus,3,operational
GTFS_ROUTE_16433,CHENNAI_COMMUNITY_GTFS,16433,MTC,S87,K.K.Nagar TO M.G.R.Koyambedu,bus,3,operational
GTFS_ROUTE_16438,CHENNAI_COMMUNITY_GTFS,16438,MTC,S86,Thyagaraya Nagar TO K.K.Nagar,bus,3,operational
GTFS_ROUTE_16440,CHENNAI_COMMUNITY_GTFS,16440,MTC,S86,K.K.Nagar TO Thyagaraya Nagar,bus,3,operational
GTFS_ROUTE_17211,CHENNAI_COMMUNITY_GTFS,17211,MTC,72,Thiyagaraya Nagar TO Thiruverkadu,bus,3,operational
GTFS_ROUTE_17220,CHENNAI_COMMUNITY_GTFS,17220,MTC,72,Thiyagaraya Nagar TO Vadapalani,bus,3,operational
GTFS_ROUTE_16573,CHENNAI_COMMUNITY_GTFS,16573,MTC,25,Anna Square TO Vadapalani,bus,3,operational
GTFS_ROUTE_16576,CHENNAI_COMMUNITY_GTFS,16576,MTC,25,Iyyapanthangal TO Anna Square,bus,3,operational
GTFS_ROUTE_11856,CHENNAI_COMMUNITY_GTFS,11856,MTC,54V,Thyagaraya Nagar TO Veppampattu R.S,bus,3,operational
GTFS_ROUTE_16453,CHENNAI_COMMUNITY_GTFS,16453,MTC,S82,Madipakkam B.T TO Alandur Metro R.S,bus,3,operational
GTFS_ROUTE_16454,CHENNAI_COMMUNITY_GTFS,16454,MTC,S82,Alandur Metro R.S TO Madipakkam B.T,bus,3,operational
GTFS_ROUTE_11858,CHENNAI_COMMUNITY_GTFS,11858,MTC,54V,Veppampattu R.S TO Thyagaraya Nagar,bus,3,operational
GTFS_ROUTE_17186,CHENNAI_COMMUNITY_GTFS,17186,MTC,62,Poonamallee Terminus TO Moolakadai,bus,3,operational
GTFS_ROUTE_16584,CHENNAI_COMMUNITY_GTFS,16584,MTC,25,Kilambakkam TO Poonamallee,bus,3,operational
GTFS_ROUTE_19657,CHENNAI_COMMUNITY_GTFS,19657,MTC,25,Poonamallee  TO  M.G.R.Koyambedu,bus,3,operational
GTFS_ROUTE_18161,CHENNAI_COMMUNITY_GTFS,18161,MTC,25,Poonamallee TO Kilambakkam,bus,3,operational
GTFS_ROUTE_20161,CHENNAI_COMMUNITY_GTFS,20161,MTC,25 CT1,Anna Square TO Iyyappanthangal,bus,3,operational
GTFS_ROUTE_20162,CHENNAI_COMMUNITY_GTFS,20162,MTC,25 CT2,Anna Square Bus Terminus TO  M.G.R.Koyambedu,bus,3,operational
GTFS_ROUTE_12881,CHENNAI_COMMUNITY_GTFS,12881,MTC,89T,Kundrathur B.T TO Tambaram West,bus,3,operational
GTFS_ROUTE_12883,CHENNAI_COMMUNITY_GTFS,12883,MTC,89T,Tambaram West TO Kundrathur B.T,bus,3,operational
GTFS_ROUTE_18148,CHENNAI_COMMUNITY_GTFS,18148,MTC,153,M.G.R.Koyambedu TO Anna Nagar Roundtana,bus,3,operational
GTFS_ROUTE_17372,CHENNAI_COMMUNITY_GTFS,17372,MTC,157,Redhills TO Padiyanallur,bus,3,operational
GTFS_ROUTE_18156,CHENNAI_COMMUNITY_GTFS,18156,MTC,16J,Poonamallee B.T TO Iyyappanthangal,bus,3,operational
GTFS_ROUTE_20163,CHENNAI_COMMUNITY_GTFS,20163,MTC,25 R,Anna Square TO Poonamalle,bus,3,operational
GTFS_ROUTE_11053,CHENNAI_COMMUNITY_GTFS,11053,MTC,118N,Neelamangalam TO Tambaram West,bus,3,operational
GTFS_ROUTE_20164,CHENNAI_COMMUNITY_GTFS,20164,MTC,25 CT3,Iyyapanthangal TO Poonamallee,bus,3,operational
GTFS_ROUTE_18582,CHENNAI_COMMUNITY_GTFS,18582,MTC,64K CT,Perambur B.T TO K.Kannadasan Nagar,bus,3,operational
GTFS_ROUTE_17373,CHENNAI_COMMUNITY_GTFS,17373,MTC,157,Padiyanallur TO Redhills,bus,3,operational
GTFS_ROUTE_13277,CHENNAI_COMMUNITY_GTFS,13277,MTC,S14M,Medavakkam Rd.Jn TO N.G.O.Colony,bus,3,operational
GTFS_ROUTE_13279,CHENNAI_COMMUNITY_GTFS,13279,MTC,S14M,Medavakkam Rd.Jn TO Nehru Nagar,bus,3,operational
GTFS_ROUTE_13281,CHENNAI_COMMUNITY_GTFS,13281,MTC,S14M,Nehru Nagar TO Medavakkam Rd.Jn,bus,3,operational
GTFS_ROUTE_20165,CHENNAI_COMMUNITY_GTFS,20165,MTC,25 CT4,M.G.R.Koyambedu Bus TO  Anna Square Bus,bus,3,operational
GTFS_ROUTE_20166,CHENNAI_COMMUNITY_GTFS,20166,MTC,25 CT5,M.G.R.Koyambedu TO  Poonamallee Bus Terminus,bus,3,operational
GTFS_ROUTE_17236,CHENNAI_COMMUNITY_GTFS,17236,MTC,63,Villivakkam TO Ambattur I.E,bus,3,operational
GTFS_ROUTE_8868,CHENNAI_COMMUNITY_GTFS,8868,MTC,500P,Chengalpet TO Tambaram,bus,3,operational
GTFS_ROUTE_20167,CHENNAI_COMMUNITY_GTFS,20167,MTC,25 R1,Poonamalle TO Anna Square,bus,3,operational
GTFS_ROUTE_18596,CHENNAI_COMMUNITY_GTFS,18596,MTC,66K CT,Kundrathur B.T TO Nehru Nagar,bus,3,operational
GTFS_ROUTE_20168,CHENNAI_COMMUNITY_GTFS,20168,MTC,25 CT6,Poonamallee B.S TO Vadapalani,bus,3,operational
GTFS_ROUTE_18598,CHENNAI_COMMUNITY_GTFS,18598,MTC,66K CT2,Nehru Nagar TO Kilambakkam B.T,bus,3,operational
GTFS_ROUTE_20169,CHENNAI_COMMUNITY_GTFS,20169,MTC,25 CT7,Vadapalani TO Anna Square,bus,3,operational
GTFS_ROUTE_20170,CHENNAI_COMMUNITY_GTFS,20170,MTC,25 CT8,Vadapalani TO Poonamallee,bus,3,operational
GTFS_ROUTE_18606,CHENNAI_COMMUNITY_GTFS,18606,MTC,91R CT,N.G.O.Colony TO Kilambakkam B.T,bus,3,operational
GTFS_ROUTE_20890,CHENNAI_COMMUNITY_GTFS,20890,MTC,121MEt,Manali TO M.G.R.Koyambedu,bus,3,operational
GTFS_ROUTE_18607,CHENNAI_COMMUNITY_GTFS,18607,MTC,M18C CT,N.G.O.Colony TO Keelkattalai,bus,3,operational
GTFS_ROUTE_18605,CHENNAI_COMMUNITY_GTFS,18605,MTC,S14M CT,N.G.O.Colony TO Medavakkam Rd.Jn,bus,3,operational
GTFS_ROUTE_18610,CHENNAI_COMMUNITY_GTFS,18610,MTC,12M,Mandaveli TO Iyyappanthangal,bus,3,operational
GTFS_ROUTE_18612,CHENNAI_COMMUNITY_GTFS,18612,MTC,S30Ct,K.K.Nagar TO Guindy Tvk Estate,bus,3,operational
GTFS_ROUTE_17796,CHENNAI_COMMUNITY_GTFS,17796,MTC,70,Tambaram Sanatorium Bus Stand TO Avadi Bus Terminus,bus,3,operational
GTFS_ROUTE_17275,CHENNAI_COMMUNITY_GTFS,17275,MTC,121,M.G.R.Koyambedu TO Tondiarpet,bus,3,operational
GTFS_ROUTE_11509,CHENNAI_COMMUNITY_GTFS,11509,MTC,500D,Durga Nagar TO Nehru Nagar,bus,3,operational
GTFS_ROUTE_11510,CHENNAI_COMMUNITY_GTFS,11510,MTC,500D,Nehru Nagar TO Durga Nagar,bus,3,operational
GTFS_ROUTE_10577,CHENNAI_COMMUNITY_GTFS,10577,MTC,104F,Madhavaram B.T TO Kilambakkam B.T,bus,3,operational
GTFS_ROUTE_18625,CHENNAI_COMMUNITY_GTFS,18625,MTC,M88 CT1,Vadapalani Bus Stand TO Kundrathur Murugan Temple,bus,3,operational
GTFS_ROUTE_18626,CHENNAI_COMMUNITY_GTFS,18626,MTC,M88 CT2,Kundrathur Murugan Temple TO Vadapalani,bus,3,operational
GTFS_ROUTE_11435,CHENNAI_COMMUNITY_GTFS,11435,MTC,49F,Iyappanthangal TO Mandaveli,bus,3,operational
GTFS_ROUTE_11438,CHENNAI_COMMUNITY_GTFS,11438,MTC,49F,Mandaveli TO Iyyappanthangal,bus,3,operational
GTFS_ROUTE_17525,CHENNAI_COMMUNITY_GTFS,17525,MTC,166,Pazhanthandalam TO Iyyappanthangal Bus Depot,bus,3,operational
GTFS_ROUTE_17524,CHENNAI_COMMUNITY_GTFS,17524,MTC,D70,Guindy Tvk Estate TO Alandur (Depot),bus,3,operational
GTFS_ROUTE_17522,CHENNAI_COMMUNITY_GTFS,17522,MTC,111,Thiruverkadu TO Tambaram West,bus,3,operational
GTFS_ROUTE_17526,CHENNAI_COMMUNITY_GTFS,17526,MTC,170Tx,Vysarpadi TO M.K.B.Nagar,bus,3,operational
GTFS_ROUTE_18627,CHENNAI_COMMUNITY_GTFS,18627,MTC,M88 R,Kundrathur B.T TO Vadapalani,bus,3,operational
GTFS_ROUTE_18628,CHENNAI_COMMUNITY_GTFS,18628,MTC,M88 R1,Vadapalani B.T TO Kundrathur Depot,bus,3,operational
GTFS_ROUTE_18631,CHENNAI_COMMUNITY_GTFS,18631,MTC,95X CT1,Semmancheri B.S TO Kilambakkam B.S,bus,3,operational
GTFS_ROUTE_17528,CHENNAI_COMMUNITY_GTFS,17528,MTC,166,Iyyappanthangal Bus Depot TO Pazhanthandalam,bus,3,operational
GTFS_ROUTE_17532,CHENNAI_COMMUNITY_GTFS,17532,MTC,S25,Valasaravakkam TO Iyyappanthangal,bus,3,operational
GTFS_ROUTE_17530,CHENNAI_COMMUNITY_GTFS,17530,MTC,76,Cement Road TO M.G.R.Koyambedu,bus,3,operational
GTFS_ROUTE_17527,CHENNAI_COMMUNITY_GTFS,17527,MTC,170Tx,M.K.B.Nagar TO Vyasarpadi,bus,3,operational
GTFS_ROUTE_17537,CHENNAI_COMMUNITY_GTFS,17537,MTC,1C,Tollgate TO Thiruvanmiyur,bus,3,operational
GTFS_ROUTE_17533,CHENNAI_COMMUNITY_GTFS,17533,MTC,18D,Madipakkam B.T TO Saidapet,bus,3,operational
GTFS_ROUTE_18633,CHENNAI_COMMUNITY_GTFS,18633,MTC,21EEt CT,Iyyappanthangal TO Thiruvanmiyur,bus,3,operational
GTFS_ROUTE_17534,CHENNAI_COMMUNITY_GTFS,17534,MTC,76,Medavakkam Rd.Jn. TO Alandur Depot,bus,3,operational
GTFS_ROUTE_17535,CHENNAI_COMMUNITY_GTFS,17535,MTC,76,Medavakkam TO Velachery,bus,3,operational
GTFS_ROUTE_18634,CHENNAI_COMMUNITY_GTFS,18634,MTC,21EEt CT1,Mugalivakkam TO Thiruvanmiyur,bus,3,operational
GTFS_ROUTE_17540,CHENNAI_COMMUNITY_GTFS,17540,MTC,166,Iyyappanthangal Bus Depot TO Tambaram Railway Station,bus,3,operational
GTFS_ROUTE_17538,CHENNAI_COMMUNITY_GTFS,17538,MTC,121Ct,Madhavaram TO M.M.B.T,bus,3,operational
GTFS_ROUTE_18640,CHENNAI_COMMUNITY_GTFS,18640,MTC,40H CT,Anna Square TO Avadi B.T,bus,3,operational
GTFS_ROUTE_18641,CHENNAI_COMMUNITY_GTFS,18641,MTC,40H,Anna Square TO Pattabiram,bus,3,operational
GTFS_ROUTE_17541,CHENNAI_COMMUNITY_GTFS,17541,MTC,166,Tambaram Railway Station TO Iyyappanthangal Bus Depot,bus,3,operational
GTFS_ROUTE_18645,CHENNAI_COMMUNITY_GTFS,18645,MTC,40N,Anna Square TO J.J.Nagar East,bus,3,operational
GTFS_ROUTE_17508,CHENNAI_COMMUNITY_GTFS,17508,MTC,51B,Velachery B.T To Pudupakkam Law College,bus,3,operational
GTFS_ROUTE_17637,CHENNAI_COMMUNITY_GTFS,17637,MTC,114A,Redhills TO Ayanavaram B.T,bus,3,operational
GTFS_ROUTE_17543,CHENNAI_COMMUNITY_GTFS,17543,MTC,T29C,Mandaveli TO Perambur Bus Terminus,bus,3,operational
GTFS_ROUTE_17542,CHENNAI_COMMUNITY_GTFS,17542,MTC,154,Saidapet Metro TO Kilambakkam Bus Terminus,bus,3,operational
GTFS_ROUTE_17544,CHENNAI_COMMUNITY_GTFS,17544,MTC,5G,Kannagi Nagar S.C.B TO Thyagaraya Nagar,bus,3,operational
GTFS_ROUTE_20172,CHENNAI_COMMUNITY_GTFS,20172,MTC,70 R,Avadi Bus Terminus TO Tambaram West Bus Stand,bus,3,operational
GTFS_ROUTE_18673,CHENNAI_COMMUNITY_GTFS,18673,MTC,7H CT,Doveton TO J.J.Nagar East,bus,3,operational
GTFS_ROUTE_16835,CHENNAI_COMMUNITY_GTFS,16835,MTC,104,Tambaram TO Redhills,bus,3,operational
GTFS_ROUTE_18676,CHENNAI_COMMUNITY_GTFS,18676,MTC,7H CT1,Secretariat TO J.J.Nagar East,bus,3,operational
GTFS_ROUTE_18678,CHENNAI_COMMUNITY_GTFS,18678,MTC,7K,Secretariat TO Padikuppam,bus,3,operational
GTFS_ROUTE_20174,CHENNAI_COMMUNITY_GTFS,20174,MTC,70 CT3,M.G.R.Koyambedu TO Tambaram West,bus,3,operational
GTFS_ROUTE_18682,CHENNAI_COMMUNITY_GTFS,18682,MTC,40H CT,Avadi B.T TO Anna Square,bus,3,operational
GTFS_ROUTE_18683,CHENNAI_COMMUNITY_GTFS,18683,MTC,40H,Pattabiram TO Anna Square,bus,3,operational
GTFS_ROUTE_18684,CHENNAI_COMMUNITY_GTFS,18684,MTC,7M CT,J.J.Nagar West TO Doveton,bus,3,operational
GTFS_ROUTE_18686,CHENNAI_COMMUNITY_GTFS,18686,MTC,7H CT,J.J.Nagar East TO Doveton,bus,3,operational
GTFS_ROUTE_18690,CHENNAI_COMMUNITY_GTFS,18690,MTC,147B  CT,Anna Nagar West TO Thyagaraya Nagar,bus,3,operational
GTFS_ROUTE_20176,CHENNAI_COMMUNITY_GTFS,20176,MTC,70 R1,Tambaram West TO Avadi B.T,bus,3,operational
GTFS_ROUTE_18691,CHENNAI_COMMUNITY_GTFS,18691,MTC,147B,J.J.Nagar West TO Thyagaraya Nagar,bus,3,operational
GTFS_ROUTE_18692,CHENNAI_COMMUNITY_GTFS,18692,MTC,147C,Ambattur I.E TO Thyagaraya Nagar,bus,3,operational
GTFS_ROUTE_20177,CHENNAI_COMMUNITY_GTFS,20177,MTC,70 CT4,Tambaram West TO M.G.R.Koyambedu,bus,3,operational
GTFS_ROUTE_18694,CHENNAI_COMMUNITY_GTFS,18694,MTC,147CCt,Ambattur I.E TO Thyagaraya Nagar,bus,3,operational
GTFS_ROUTE_18695,CHENNAI_COMMUNITY_GTFS,18695,MTC,147V CT,Ambattur I.E TO Thyagaraya Nagar,bus,3,operational
GTFS_ROUTE_18696,CHENNAI_COMMUNITY_GTFS,18696,MTC,147V,Venkatachalam Nagar TO Thyagaraya Nagar,bus,3,operational
GTFS_ROUTE_18698,CHENNAI_COMMUNITY_GTFS,18698,MTC,34,Ambattur I.E TO Thiruvotriyur B.T,bus,3,operational
GTFS_ROUTE_18699,CHENNAI_COMMUNITY_GTFS,18699,MTC,40A CT,Avadi B.T TO Anna Square,bus,3,operational
GTFS_ROUTE_18700,CHENNAI_COMMUNITY_GTFS,18700,MTC,40N,Jj Nagar East TO Anna Square,bus,3,operational
GTFS_ROUTE_18703,CHENNAI_COMMUNITY_GTFS,18703,MTC,47DCt,Korattur TO Thyagaraya Nagar,bus,3,operational
GTFS_ROUTE_20178,CHENNAI_COMMUNITY_GTFS,20178,MTC,70 CT6,Vadapalani TO Avadi B.T,bus,3,operational
GTFS_ROUTE_20179,CHENNAI_COMMUNITY_GTFS,20179,MTC,121M,M.G.R.Koyambedu TO Madhavaram B.T,bus,3,operational
GTFS_ROUTE_20180,CHENNAI_COMMUNITY_GTFS,20180,MTC,547A,Periyapalayam Bus Stand TO Vallalar Nagr,bus,3,operational
GTFS_ROUTE_17642,CHENNAI_COMMUNITY_GTFS,17642,MTC,S75 CT,Anna Nagar TO Lucas Tvs,bus,3,operational
GTFS_ROUTE_18714,CHENNAI_COMMUNITY_GTFS,18714,MTC,A47,Avadi B.T TO Thiruvanmiyur,bus,3,operational
GTFS_ROUTE_18715,CHENNAI_COMMUNITY_GTFS,18715,MTC,47D CT,Ambattur I.E TO Thiruvanmiyur,bus,3,operational
GTFS_ROUTE_18716,CHENNAI_COMMUNITY_GTFS,18716,MTC,47D,Avadi B.T TO Thiruvanmiyur,bus,3,operational
GTFS_ROUTE_18717,CHENNAI_COMMUNITY_GTFS,18717,MTC,29B,Saidapet TO Perambur B.T,bus,3,operational
GTFS_ROUTE_18718,CHENNAI_COMMUNITY_GTFS,18718,MTC,6D CT1,Thangal Tollgate TO Foreshore Estate,bus,3,operational
GTFS_ROUTE_18726,CHENNAI_COMMUNITY_GTFS,18726,MTC,72M,Thiruverkadu TO Thyagaraya Nagar,bus,3,operational
GTFS_ROUTE_20181,CHENNAI_COMMUNITY_GTFS,20181,MTC,170CE,Guindy Bus Terminus TO Manali Bus Terminus,bus,3,operational
GTFS_ROUTE_18734,CHENNAI_COMMUNITY_GTFS,18734,MTC,M27,Thyagaraya Nagar TO M.G.R.Koyambedu,bus,3,operational
GTFS_ROUTE_18738,CHENNAI_COMMUNITY_GTFS,18738,MTC,29NEt CT,Saidapet TO Peravallur Kumaran Nagar,bus,3,operational
GTFS_ROUTE_18744,CHENNAI_COMMUNITY_GTFS,18744,MTC,27B CT,M.G.R.Koyambedu TO Triplicane,bus,3,operational
GTFS_ROUTE_18746,CHENNAI_COMMUNITY_GTFS,18746,MTC,27B CT2,M.G.R.Koyambedu TO Egmore R.S,bus,3,operational
GTFS_ROUTE_18747,CHENNAI_COMMUNITY_GTFS,18747,MTC,27B CT3,M.M.D.A.Colony TO Anna Square,bus,3,operational
GTFS_ROUTE_18748,CHENNAI_COMMUNITY_GTFS,18748,MTC,27B CT,Triplicane TO M.G.R.Koyambedu,bus,3,operational
GTFS_ROUTE_16240,CHENNAI_COMMUNITY_GTFS,16240,MTC,T29,Otteri TO T.V.K.Nagar,bus,3,operational
GTFS_ROUTE_16239,CHENNAI_COMMUNITY_GTFS,16239,MTC,T29,T.V.K.Nagar TO Otteri,bus,3,operational
GTFS_ROUTE_20183,CHENNAI_COMMUNITY_GTFS,20183,MTC,157E,Redhills TO Ennore,bus,3,operational
GTFS_ROUTE_20184,CHENNAI_COMMUNITY_GTFS,20184,MTC,121C,M.G.R.Koyambedu TO Ennore,bus,3,operational
GTFS_ROUTE_17650,CHENNAI_COMMUNITY_GTFS,17650,MTC,114D,Arani TO M.G.R.Koyambedu,bus,3,operational
GTFS_ROUTE_17652,CHENNAI_COMMUNITY_GTFS,17652,MTC,C64,Kannadasan Nagar TO Kaviarasu Kannadasan Nagar Bus Stand,bus,3,operational
GTFS_ROUTE_17653,CHENNAI_COMMUNITY_GTFS,17653,MTC,62B,J.J.Nagar West TO Redhills,bus,3,operational
GTFS_ROUTE_20534,CHENNAI_COMMUNITY_GTFS,20534,MTC,21G,Kilambakkam B.S TO Mandaveli,bus,3,operational
GTFS_ROUTE_17655,CHENNAI_COMMUNITY_GTFS,17655,MTC,S1 CT,Chromepet To Chrompet 1 Depot,bus,3,operational
GTFS_ROUTE_20193,CHENNAI_COMMUNITY_GTFS,20193,MTC,154 CT7,Thiyagarayanagar TO  Iyyapanthangal,bus,3,operational
GTFS_ROUTE_16092,CHENNAI_COMMUNITY_GTFS,16092,MTC,11,L.F.C TO Thiyagaraya Nagar,bus,3,operational
GTFS_ROUTE_17657,CHENNAI_COMMUNITY_GTFS,17657,MTC,M88Et,Vadapalani TO Iyyappanthangal,bus,3,operational
GTFS_ROUTE_20535,CHENNAI_COMMUNITY_GTFS,20535,MTC,21G,Tambaram West B.S TO Mylapore,bus,3,operational
GTFS_ROUTE_17658,CHENNAI_COMMUNITY_GTFS,17658,MTC,6D CT,Tollgate TO Thiruvanmiyur,bus,3,operational
GTFS_ROUTE_17659,CHENNAI_COMMUNITY_GTFS,17659,MTC,C64,Kaviarasu Kannadasan Nagar Bus Stand TO Vyasarpadi,bus,3,operational
GTFS_ROUTE_17660,CHENNAI_COMMUNITY_GTFS,17660,MTC,C64,Vyasarpadi TO Kaviarasu Kannadasan Nagar Bus Stand,bus,3,operational
GTFS_ROUTE_18388,CHENNAI_COMMUNITY_GTFS,18388,MTC,21G,Kilambakkam TO Cement Road,bus,3,operational
GTFS_ROUTE_17663,CHENNAI_COMMUNITY_GTFS,17663,MTC,72 CT,Thiruverkadu TO Thiyagaraya Nagar,bus,3,operational
GTFS_ROUTE_20203,CHENNAI_COMMUNITY_GTFS,20203,MTC,M70 CT2,M.G.R.Koyambedu TO Vadapalani,bus,3,operational
GTFS_ROUTE_20205,CHENNAI_COMMUNITY_GTFS,20205,MTC,M70 CT3,Vadapalani TO M.G.R.Koyambedu,bus,3,operational
GTFS_ROUTE_20207,CHENNAI_COMMUNITY_GTFS,20207,MTC,72 CT9,Thiruverkadu TO Vadapalani,bus,3,operational
GTFS_ROUTE_20209,CHENNAI_COMMUNITY_GTFS,20209,MTC,72 CT10,Vadapalani TO Thiruverkadu,bus,3,operational
GTFS_ROUTE_20210,CHENNAI_COMMUNITY_GTFS,20210,MTC,70V CT6,Anna Nagar West TO M.G.R.Koyambedu,bus,3,operational
GTFS_ROUTE_20211,CHENNAI_COMMUNITY_GTFS,20211,MTC,70V CT7,K.K.Nagar TO M.G.R.Koyambedu,bus,3,operational
GTFS_ROUTE_16490,CHENNAI_COMMUNITY_GTFS,16490,MTC,S73,Thiruverkadu TO Ambattur I.E,bus,3,operational
GTFS_ROUTE_16450,CHENNAI_COMMUNITY_GTFS,16450,MTC,S83,Alandur Metro R.S TO Gurunanak College,bus,3,operational
GTFS_ROUTE_16449,CHENNAI_COMMUNITY_GTFS,16449,MTC,S83,Gurunanak College TO Alandur Metro R.S,bus,3,operational
GTFS_ROUTE_20213,CHENNAI_COMMUNITY_GTFS,20213,MTC,70V CT11,M.G.R.Koyambedu TO Anna Nagar West,bus,3,operational
GTFS_ROUTE_20214,CHENNAI_COMMUNITY_GTFS,20214,MTC,70V CT12,M.G.R.Koyambedu TO K.K.Nagar,bus,3,operational
GTFS_ROUTE_20216,CHENNAI_COMMUNITY_GTFS,20216,MTC,70V CT13,Vadapalani TO M.G.R.Koyambedu,bus,3,operational
GTFS_ROUTE_16444,CHENNAI_COMMUNITY_GTFS,16444,MTC,S84,Porur TO Alandur Metro R.S,bus,3,operational
GTFS_ROUTE_20219,CHENNAI_COMMUNITY_GTFS,20219,MTC,583A CT2,Poonamallee B.T TO Sriperumbudur,bus,3,operational
GTFS_ROUTE_16446,CHENNAI_COMMUNITY_GTFS,16446,MTC,S84,Alandur Metro R.S TO Porur,bus,3,operational
GTFS_ROUTE_20220,CHENNAI_COMMUNITY_GTFS,20220,MTC,583A CT4,Sriperumbudur TO Poonamallee B.T,bus,3,operational
GTFS_ROUTE_15125,CHENNAI_COMMUNITY_GTFS,15125,MTC,21G,Mandaveli TO Kilambakkam B.S,bus,3,operational
GTFS_ROUTE_20222,CHENNAI_COMMUNITY_GTFS,20222,MTC,159 CT1,M.G.R.Koyambedu TO Thiruvottiyur Bus Stand,bus,3,operational
GTFS_ROUTE_16111,CHENNAI_COMMUNITY_GTFS,16111,MTC,15,Seva Sathan School TO M.G.R.Koyambedu,bus,3,operational
GTFS_ROUTE_20224,CHENNAI_COMMUNITY_GTFS,20224,MTC,159 CT3,Thiruvottiyur Bus Stand TO M.G.R.Koyambedu,bus,3,operational
GTFS_ROUTE_20225,CHENNAI_COMMUNITY_GTFS,20225,MTC,159 R1,Thiruvotriyur B.T TO Thiruverkadu,bus,3,operational
GTFS_ROUTE_20226,CHENNAI_COMMUNITY_GTFS,20226,MTC,16K R,Kundrathur TO M.G.R.Koyambedu Kundrathur B.T TO M.G.R.Koyambedu,bus,3,operational
GTFS_ROUTE_20227,CHENNAI_COMMUNITY_GTFS,20227,MTC,16K CT1,Kundrathur B.T TO Vadapalani,bus,3,operational
GTFS_ROUTE_20228,CHENNAI_COMMUNITY_GTFS,20228,MTC,16K R1,M.G.R.Koyambedu TO Kundrathur B.T,bus,3,operational
GTFS_ROUTE_20229,CHENNAI_COMMUNITY_GTFS,20229,MTC,16K CT2,Vadapalani TO M.G.R.Koyambedu,bus,3,operational
GTFS_ROUTE_20230,CHENNAI_COMMUNITY_GTFS,20230,MTC,16J R,M.G.R.Koyambedu TO Poonamallee B.T,bus,3,operational
GTFS_ROUTE_20231,CHENNAI_COMMUNITY_GTFS,20231,MTC,16J R1,Poonamallee B.T TO M.G.R.Koyambedu,bus,3,operational
GTFS_ROUTE_20233,CHENNAI_COMMUNITY_GTFS,20233,MTC,104G,M.K.B.Nagar TO Kilambakkam B.T,bus,3,operational
GTFS_ROUTE_20235,CHENNAI_COMMUNITY_GTFS,20235,MTC,70V CT5,Tambaram West TO M.G.R.Koyambedu,bus,3,operational
GTFS_ROUTE_17667,CHENNAI_COMMUNITY_GTFS,17667,MTC,21EEt,Bai Kadai Moulivakkam TO Thiruvanmiyur Depot,bus,3,operational
GTFS_ROUTE_16842,CHENNAI_COMMUNITY_GTFS,16842,MTC,S66,Pallavaram TO Kundrathur B.T,bus,3,operational
GTFS_ROUTE_16845,CHENNAI_COMMUNITY_GTFS,16845,MTC,S66,Kundrathur B.T TO Pallavaram,bus,3,operational
GTFS_ROUTE_17135,CHENNAI_COMMUNITY_GTFS,17135,MTC,62,Redhills TO Ambattur I.E,bus,3,operational
GTFS_ROUTE_17140,CHENNAI_COMMUNITY_GTFS,17140,MTC,62,Poonamallee B.T TO Ambattur I.E,bus,3,operational
GTFS_ROUTE_20236,CHENNAI_COMMUNITY_GTFS,20236,MTC,70C,Tambaram West Bus Stand TO Koyambedu Market,bus,3,operational
GTFS_ROUTE_20240,CHENNAI_COMMUNITY_GTFS,20240,MTC,11H,Iyyapanthangal to Bradway,bus,3,operational
GTFS_ROUTE_14451,CHENNAI_COMMUNITY_GTFS,14451,MTC,48C,Ayanavaram B.T TO Vallalar Nagar,bus,3,operational
GTFS_ROUTE_14453,CHENNAI_COMMUNITY_GTFS,14453,MTC,48C,Ayanavaram TO M.G.R.Koyambedu,bus,3,operational
GTFS_ROUTE_11466,CHENNAI_COMMUNITY_GTFS,11466,MTC,48C,Vallalar Nagar TO M.G.R.Koyambedu,bus,3,operational
GTFS_ROUTE_20891,CHENNAI_COMMUNITY_GTFS,20891,MTC,1D,Ennore TO Thiruvanmiyur,bus,3,operational
GTFS_ROUTE_17163,CHENNAI_COMMUNITY_GTFS,17163,MTC,S59,Thiruverkadu TO Mangadu,bus,3,operational
GTFS_ROUTE_22470,CHENNAI_COMMUNITY_GTFS,22470,MTC,42D CT,Otteri TO Srinivasa Nagar,bus,3,operational
GTFS_ROUTE_22471,CHENNAI_COMMUNITY_GTFS,22471,MTC,38G CT,Koyambedu Market TO Vazhuthigaimedu,bus,3,operational
GTFS_ROUTE_17170,CHENNAI_COMMUNITY_GTFS,17170,MTC,S59,Mangadu TO Thiruverkadu,bus,3,operational
GTFS_ROUTE_17185,CHENNAI_COMMUNITY_GTFS,17185,MTC,S59,Poonamallee B.T TO Mangadu,bus,3,operational
GTFS_ROUTE_17189,CHENNAI_COMMUNITY_GTFS,17189,MTC,S59,Mangadu TO Poonamallee B.T,bus,3,operational
GTFS_ROUTE_20245,CHENNAI_COMMUNITY_GTFS,20245,MTC,154 CT9,Iyyapanthangal to  Poonamallee,bus,3,operational
GTFS_ROUTE_16243,CHENNAI_COMMUNITY_GTFS,16243,MTC,T23C,Thiruvanmiyur TO Adyar,bus,3,operational
GTFS_ROUTE_16244,CHENNAI_COMMUNITY_GTFS,16244,MTC,T23C,Adyar TO Thiruvanmiyur,bus,3,operational
GTFS_ROUTE_16495,CHENNAI_COMMUNITY_GTFS,16495,MTC,S70K,Thirumangalam Metro R.S TO Korattur Water Canal,bus,3,operational
GTFS_ROUTE_20252,CHENNAI_COMMUNITY_GTFS,20252,MTC,153A CT1,Annanagar East TO M.G.R.Koyambedu,bus,3,operational
GTFS_ROUTE_20253,CHENNAI_COMMUNITY_GTFS,20253,MTC,153A CT2,K.K.Nagar TO M.G.R.Koyambedu,bus,3,operational
GTFS_ROUTE_20254,CHENNAI_COMMUNITY_GTFS,20254,MTC,153A CT3,M.G.R.Koyambedu TO Annanagar East,bus,3,operational
GTFS_ROUTE_20255,CHENNAI_COMMUNITY_GTFS,20255,MTC,153A CT4,M.G.R.Koyambedu TO K.K.Nagar,bus,3,operational
GTFS_ROUTE_17143,CHENNAI_COMMUNITY_GTFS,17143,MTC,62,Moolakadai TO Redhills,bus,3,operational
GTFS_ROUTE_16496,CHENNAI_COMMUNITY_GTFS,16496,MTC,S70K,Korattur Water Canal TO Thirumangalam Metro R.S,bus,3,operational
GTFS_ROUTE_20257,CHENNAI_COMMUNITY_GTFS,20257,MTC,153A CT6,Poonamallee B.T TO Thiruvallur,bus,3,operational
GTFS_ROUTE_20265,CHENNAI_COMMUNITY_GTFS,20265,MTC,597 CT10,Poonamallee B.T TO Thiruvallur,bus,3,operational
GTFS_ROUTE_20272,CHENNAI_COMMUNITY_GTFS,20272,MTC,70C CT10,Kilambakkam Bus Terminus TO Vadapalani Bus Stand,bus,3,operational
GTFS_ROUTE_20266,CHENNAI_COMMUNITY_GTFS,20266,MTC,597 CT11,Thiruvallur TO Poonamallee B.T,bus,3,operational
GTFS_ROUTE_17008,CHENNAI_COMMUNITY_GTFS,17008,MTC,S60,M.G.R.Koyambedu TO Maduravoyal Erikarai,bus,3,operational
GTFS_ROUTE_17004,CHENNAI_COMMUNITY_GTFS,17004,MTC,S60,Maduravoyal Erikarai TO M.G.R.Koyambedu,bus,3,operational
GTFS_ROUTE_17021,CHENNAI_COMMUNITY_GTFS,17021,MTC,S60,M.G.R.Koyambedu TO Anna Nagar West,bus,3,operational
GTFS_ROUTE_17037,CHENNAI_COMMUNITY_GTFS,17037,MTC,S60,Anna Nagar West TO M.G.R.Koyambedu,bus,3,operational
GTFS_ROUTE_20273,CHENNAI_COMMUNITY_GTFS,20273,MTC,70C CT11,Koyambedu Market TO Tambaram West,bus,3,operational
GTFS_ROUTE_20274,CHENNAI_COMMUNITY_GTFS,20274,MTC,70C CT12,M.G.R.Koyambedu TO K K Nagar,bus,3,operational
GTFS_ROUTE_20276,CHENNAI_COMMUNITY_GTFS,20276,MTC,70C CT13,M.G.R.Koyambedu TO Tambaram West,bus,3,operational
GTFS_ROUTE_20278,CHENNAI_COMMUNITY_GTFS,20278,MTC,70C CT15,Navalur S.C.B TO Koyambedu Market,bus,3,operational
GTFS_ROUTE_17249,CHENNAI_COMMUNITY_GTFS,17249,MTC,S58,Ambattur I.E TO Thirumullaivoyal Colony,bus,3,operational
GTFS_ROUTE_20281,CHENNAI_COMMUNITY_GTFS,20281,MTC,70C CT18,Tambaram West TO Navalur S.C.B,bus,3,operational
GTFS_ROUTE_20282,CHENNAI_COMMUNITY_GTFS,20282,MTC,70C CT19,Vadapalani B.T TO Kilambakkam B.T,bus,3,operational
GTFS_ROUTE_20285,CHENNAI_COMMUNITY_GTFS,20285,MTC,572K,Thiruvallur TO Avadi B.T,bus,3,operational
GTFS_ROUTE_20286,CHENNAI_COMMUNITY_GTFS,20286,MTC,572K CT2,Ambattur Industrial Estate TO Thiruvallur,bus,3,operational
GTFS_ROUTE_20287,CHENNAI_COMMUNITY_GTFS,20287,MTC,572K,Avadi B.T TO Thiruvallur,bus,3,operational
GTFS_ROUTE_13403,CHENNAI_COMMUNITY_GTFS,13403,MTC,S53,Ambattur I.E TO Maduravoyal Erikarai,bus,3,operational
GTFS_ROUTE_20898,CHENNAI_COMMUNITY_GTFS,20898,MTC,S11 CT1,Guindy R.S TO Keelkattalai,bus,3,operational
GTFS_ROUTE_20294,CHENNAI_COMMUNITY_GTFS,20294,MTC,46Et,Otteri TO Periyar Nagar,bus,3,operational
GTFS_ROUTE_20295,CHENNAI_COMMUNITY_GTFS,20295,MTC,T29C CT,Thiruvanmiyur TO Periyar Nagar,bus,3,operational
GTFS_ROUTE_13405,CHENNAI_COMMUNITY_GTFS,13405,MTC,S53,Maduravoyal Erikarai TO Ambattur I.E,bus,3,operational
GTFS_ROUTE_13431,CHENNAI_COMMUNITY_GTFS,13431,MTC,S55,Ambattur R.S TO Thirumullaivoyal Sidco,bus,3,operational
GTFS_ROUTE_13433,CHENNAI_COMMUNITY_GTFS,13433,MTC,S55,Thirumullaivoyal Sidco TO Ambattur I.E,bus,3,operational
GTFS_ROUTE_17482,CHENNAI_COMMUNITY_GTFS,17482,MTC,S55,Thirumullaivoyal Sidco TO Ambattur R.S,bus,3,operational
GTFS_ROUTE_20296,CHENNAI_COMMUNITY_GTFS,20296,MTC,47A CT2,Icf TO Thyagaraya Nagar,bus,3,operational
GTFS_ROUTE_20297,CHENNAI_COMMUNITY_GTFS,20297,MTC,47A R,Thiruvanmiyur TO Villivakkam,bus,3,operational
GTFS_ROUTE_20298,CHENNAI_COMMUNITY_GTFS,20298,MTC,47A CT3,Thyagaraya Nagar TO Icf,bus,3,operational
GTFS_ROUTE_20299,CHENNAI_COMMUNITY_GTFS,20299,MTC,47A R1,Villivakkam TO Thiruvanmiyur,bus,3,operational
GTFS_ROUTE_20302,CHENNAI_COMMUNITY_GTFS,20302,MTC,29C CT1,Perambur B.T TO Sterling Road,bus,3,operational
GTFS_ROUTE_20303,CHENNAI_COMMUNITY_GTFS,20303,MTC,29C CT3,Sterling Road TO Perambur B.T,bus,3,operational
GTFS_ROUTE_20304,CHENNAI_COMMUNITY_GTFS,20304,MTC,51 CT21,Sunnambu Kolathur TO Thyagaraya Nagar,bus,3,operational
GTFS_ROUTE_20305,CHENNAI_COMMUNITY_GTFS,20305,MTC,51 CT22,Sunnambu Kolathur TO Velachery B.T,bus,3,operational
GTFS_ROUTE_20306,CHENNAI_COMMUNITY_GTFS,20306,MTC,51 CT22,Thyagaraya Nagar TO Sunnambu Kolathur,bus,3,operational
GTFS_ROUTE_17386,CHENNAI_COMMUNITY_GTFS,17386,MTC,102K,Thiruvanmiyur TO Ezhil Nagar,bus,3,operational
GTFS_ROUTE_20308,CHENNAI_COMMUNITY_GTFS,20308,MTC,51 CT27,Velachery B.T TO Sunnambu Kolathur,bus,3,operational
GTFS_ROUTE_20311,CHENNAI_COMMUNITY_GTFS,20311,MTC,27D,Icf  TO Foreshore Estate,bus,3,operational
GTFS_ROUTE_20312,CHENNAI_COMMUNITY_GTFS,20312,MTC,12X,M.G.R.Koyambedu TO Foreshore Estate,bus,3,operational
GTFS_ROUTE_16153,CHENNAI_COMMUNITY_GTFS,16153,MTC,19,Kannagi Nagar S.C.B TO Thiruporur,bus,3,operational
GTFS_ROUTE_20317,CHENNAI_COMMUNITY_GTFS,20317,MTC,101X CT,Poonamallee Bus Terminus TO Thirumazhisai Bus Stand,bus,3,operational
GTFS_ROUTE_20318,CHENNAI_COMMUNITY_GTFS,20318,MTC,101X CT,M.G.R.Koyambedu Bus Terminus TO Poonamallee Bus Terminus,bus,3,operational
GTFS_ROUTE_20319,CHENNAI_COMMUNITY_GTFS,20319,MTC,101X CT1,M.G.R.Koyambedu TO  Thirumazhisai,bus,3,operational
GTFS_ROUTE_16139,CHENNAI_COMMUNITY_GTFS,16139,MTC,19,Adyar TO Thiruporur,bus,3,operational
GTFS_ROUTE_16143,CHENNAI_COMMUNITY_GTFS,16143,MTC,19,Thiyagaraya Nagar TO Kelambakkam,bus,3,operational
GTFS_ROUTE_16152,CHENNAI_COMMUNITY_GTFS,16152,MTC,19,Kannagi Nagar S.C.B TO Thiyagaraya Nagar,bus,3,operational
GTFS_ROUTE_20321,CHENNAI_COMMUNITY_GTFS,20321,MTC,101X CT2,Thirumazhisai TO  M.G.R.Koyambedu,bus,3,operational
GTFS_ROUTE_20324,CHENNAI_COMMUNITY_GTFS,20324,MTC,101X CT3,Poonamallee Bus Terminus to  M.G.R.Koyambedu Bus Terminus,bus,3,operational
GTFS_ROUTE_20325,CHENNAI_COMMUNITY_GTFS,20325,MTC,101X CT4,M.G.R.Koyambedu TO  Vellavedu,bus,3,operational
GTFS_ROUTE_20329,CHENNAI_COMMUNITY_GTFS,20329,MTC,101X CT8,Thirumazhisai Bus Stand to  Poonamallee Bus Terminus,bus,3,operational
GTFS_ROUTE_20331,CHENNAI_COMMUNITY_GTFS,20331,MTC,147C CT1,Ambattur IETO  Metrological Department Sterling Road,bus,3,operational
GTFS_ROUTE_20332,CHENNAI_COMMUNITY_GTFS,20332,MTC,147C CT3,Sterling Road TO  Ambattur Industrial Estate,bus,3,operational
GTFS_ROUTE_20333,CHENNAI_COMMUNITY_GTFS,20333,MTC,14A,Vallalar Nagar BT TO M.G.R.Koyambedu Bus Terminus,bus,3,operational
GTFS_ROUTE_20334,CHENNAI_COMMUNITY_GTFS,20334,MTC,14A,M.G.R.Koyambedu Bus Terminus TO Vallalar Nagar BT,bus,3,operational
GTFS_ROUTE_20335,CHENNAI_COMMUNITY_GTFS,20335,MTC,154 CT4,Iyyapanthangal TO  Thiyagarayanagar,bus,3,operational
GTFS_ROUTE_20337,CHENNAI_COMMUNITY_GTFS,20337,MTC,48B CT5,Ayanavaram Depot  TO  Pudur,bus,3,operational
GTFS_ROUTE_20338,CHENNAI_COMMUNITY_GTFS,20338,MTC,49X,Poonamallee TO  Thiruvanmiyur Depot,bus,3,operational
GTFS_ROUTE_20339,CHENNAI_COMMUNITY_GTFS,20339,MTC,49X,Thiruvanmiyur TO  Poonamallee,bus,3,operational
GTFS_ROUTE_20342,CHENNAI_COMMUNITY_GTFS,20342,MTC,51 CT24,Thiyagarayanagar TO  Velachery,bus,3,operational
GTFS_ROUTE_20343,CHENNAI_COMMUNITY_GTFS,20343,MTC,51 CT29,Velachery TO  Thiyagarayanagar,bus,3,operational
GTFS_ROUTE_20344,CHENNAI_COMMUNITY_GTFS,20344,MTC,101 CT11,M.G.R.Koyambedu TO  Anna Nagar East,bus,3,operational
GTFS_ROUTE_16168,CHENNAI_COMMUNITY_GTFS,16168,MTC,20,Ayanavaram TO Villivakkam,bus,3,operational
GTFS_ROUTE_15095,CHENNAI_COMMUNITY_GTFS,15095,MTC,29E,Otteri TO Perambur B.T,bus,3,operational
GTFS_ROUTE_20345,CHENNAI_COMMUNITY_GTFS,20345,MTC,51 CT4,Ngo Colony TO  Velachery,bus,3,operational
GTFS_ROUTE_20346,CHENNAI_COMMUNITY_GTFS,20346,MTC,101 CT9,Anna Nagar East TO  M.G.R.Koyambedu,bus,3,operational
GTFS_ROUTE_20347,CHENNAI_COMMUNITY_GTFS,20347,MTC,T23C CT3,Dms TO Ayanavaram Depot,bus,3,operational
GTFS_ROUTE_14565,CHENNAI_COMMUNITY_GTFS,14565,MTC,55H,Keerappakam Tnuhdb TO Chennai Airport Metro,bus,3,operational
GTFS_ROUTE_15101,CHENNAI_COMMUNITY_GTFS,15101,MTC,29C,Mandaveli TO Perambur B.T,bus,3,operational
GTFS_ROUTE_14566,CHENNAI_COMMUNITY_GTFS,14566,MTC,55H,Keerappakkam Tnuhdb TO Kilambakkam Depot,bus,3,operational
GTFS_ROUTE_329,CHENNAI_COMMUNITY_GTFS,329,MTC,40L,Mandaveli TO Anna Square,bus,3,operational
GTFS_ROUTE_361,CHENNAI_COMMUNITY_GTFS,361,MTC,S17,Mandaveli Terminus TO Guindy Rs,bus,3,operational
GTFS_ROUTE_20348,CHENNAI_COMMUNITY_GTFS,20348,MTC,51 CT7,Velachery TO  Ngo Colony,bus,3,operational
GTFS_ROUTE_16166,CHENNAI_COMMUNITY_GTFS,16166,MTC,20,Villivakkam TO Ayanavaram,bus,3,operational
GTFS_ROUTE_20349,CHENNAI_COMMUNITY_GTFS,20349,MTC,T23C CT2,Ayanavaram Depot TO Dms,bus,3,operational
GTFS_ROUTE_14567,CHENNAI_COMMUNITY_GTFS,14567,MTC,55H,Kilambakkam Depot TO Keerappakam Tnuhdb,bus,3,operational
GTFS_ROUTE_362,CHENNAI_COMMUNITY_GTFS,362,MTC,S17,Guindy Rs TO Mandaveli Terminus,bus,3,operational
GTFS_ROUTE_363,CHENNAI_COMMUNITY_GTFS,363,MTC,S17,Guindy Rs TO Adyar Gandhi Nagar,bus,3,operational
GTFS_ROUTE_20350,CHENNAI_COMMUNITY_GTFS,20350,MTC,597 CT9,Poonamallee  TO  M.G.R.Koyambedu,bus,3,operational
GTFS_ROUTE_10712,CHENNAI_COMMUNITY_GTFS,10712,MTC,19BEt,Thyagaraya Nagar TO Thaiyur Koman Nagar,bus,3,operational
GTFS_ROUTE_10510,CHENNAI_COMMUNITY_GTFS,10510,MTC,26M,Iyyappanthangal TO Mugalivakkam,bus,3,operational
GTFS_ROUTE_11985,CHENNAI_COMMUNITY_GTFS,11985,MTC,558C,Ponneri TO Redhills,bus,3,operational
GTFS_ROUTE_20352,CHENNAI_COMMUNITY_GTFS,20352,MTC,M51V CT1,Kolathur TO Medavakkam Junction,bus,3,operational
GTFS_ROUTE_15888,CHENNAI_COMMUNITY_GTFS,15888,MTC,121Ct,M.M.B.T TO Madhavaram Depot,bus,3,operational
GTFS_ROUTE_20355,CHENNAI_COMMUNITY_GTFS,20355,MTC,M51V CT2,Medavakkam Junction TO Kolathur,bus,3,operational
GTFS_ROUTE_12362,CHENNAI_COMMUNITY_GTFS,12362,MTC,591,Poonamallee B.T TO Perambakkam,bus,3,operational
GTFS_ROUTE_10715,CHENNAI_COMMUNITY_GTFS,10715,MTC,19C,Adyar B.T TO Okk.Thoraipakm Sec.Colony,bus,3,operational
GTFS_ROUTE_12361,CHENNAI_COMMUNITY_GTFS,12361,MTC,591,Poonamallee B.T TO Om Mangalam Village,bus,3,operational
GTFS_ROUTE_10514,CHENNAI_COMMUNITY_GTFS,10514,MTC,188K,Iyyappanthangal TO Katrambakkam,bus,3,operational
GTFS_ROUTE_15891,CHENNAI_COMMUNITY_GTFS,15891,MTC,120A,Avadi Bus Terminus TO Ambattur Industrial Estate,bus,3,operational
GTFS_ROUTE_13335,CHENNAI_COMMUNITY_GTFS,13335,MTC,S30Ct,Guindy Tvk Estate TO K.K.Nagar,bus,3,operational
GTFS_ROUTE_12364,CHENNAI_COMMUNITY_GTFS,12364,MTC,591C,Poonamallee B.T TO Perambakkam L.N.Koil,bus,3,operational
GTFS_ROUTE_20357,CHENNAI_COMMUNITY_GTFS,20357,MTC,S75 ct4,Annanagar Tower to  Padi Lucas Tvs,bus,3,operational
GTFS_ROUTE_20915,CHENNAI_COMMUNITY_GTFS,20915,MTC,M1A CT3,Nanganallur TO Thiruvanmiyur,bus,3,operational
GTFS_ROUTE_20917,CHENNAI_COMMUNITY_GTFS,20917,MTC,M1A CT6,Thiruvanmiyur TO Nanganallur,bus,3,operational
GTFS_ROUTE_15100,CHENNAI_COMMUNITY_GTFS,15100,MTC,29CEt,Periyar Nagar TO Otteri,bus,3,operational
GTFS_ROUTE_15894,CHENNAI_COMMUNITY_GTFS,15894,MTC,202X,Tambaram West Bus Stand TO Avadi Bus Terminus,bus,3,operational
GTFS_ROUTE_20359,CHENNAI_COMMUNITY_GTFS,20359,MTC,555S CT4,Kilambakkam  to  Tambaram West,bus,3,operational
GTFS_ROUTE_20360,CHENNAI_COMMUNITY_GTFS,20360,MTC,M70 CT3,Guindy TO  Thiruvanmiyur,bus,3,operational
GTFS_ROUTE_20361,CHENNAI_COMMUNITY_GTFS,20361,MTC,M70 CT8,Thiruvanmiyur  TO  Guindy,bus,3,operational
GTFS_ROUTE_20919,CHENNAI_COMMUNITY_GTFS,20919,MTC,8B,T.V.K.Nagar TO Ayanavaram B.T,bus,3,operational
GTFS_ROUTE_10519,CHENNAI_COMMUNITY_GTFS,10519,MTC,104A,Avadi B.T TO M.G.R.Koyambedu,bus,3,operational
GTFS_ROUTE_20364,CHENNAI_COMMUNITY_GTFS,20364,MTC,S46,Ambattur O.T Bus Stand to Venkatachalam Nagar,bus,3,operational
GTFS_ROUTE_16313,CHENNAI_COMMUNITY_GTFS,16313,MTC,S22,Kovur TO Iyyappanthangal,bus,3,operational
GTFS_ROUTE_17623,CHENNAI_COMMUNITY_GTFS,17623,MTC,159,M.G.R.Koyambedu TO Thiruvottiyur,bus,3,operational
GTFS_ROUTE_12765,CHENNAI_COMMUNITY_GTFS,12765,MTC,77M,Koyambedu Market TO Madanakuppam,bus,3,operational
GTFS_ROUTE_12958,CHENNAI_COMMUNITY_GTFS,12958,MTC,B70Ct,Guindy Tvk Estate TO Devik Eswari Nagar,bus,3,operational
GTFS_ROUTE_12390,CHENNAI_COMMUNITY_GTFS,12390,MTC,60H,Hasthinapuram TO Guduvanchery,bus,3,operational
GTFS_ROUTE_10999,CHENNAI_COMMUNITY_GTFS,10999,MTC,120A,Avadi B.T TO Arakkambakkam,bus,3,operational
GTFS_ROUTE_16178,CHENNAI_COMMUNITY_GTFS,16178,MTC,21,M.G.R.Central TO Foreshore Estate,bus,3,operational
GTFS_ROUTE_15957,CHENNAI_COMMUNITY_GTFS,15957,MTC,597A,Iyyappanthangal Bus Depot TO Thiruvallur Terminal,bus,3,operational
GTFS_ROUTE_17624,CHENNAI_COMMUNITY_GTFS,17624,MTC,597A,Thiruvallur TO Poonamallee,bus,3,operational
GTFS_ROUTE_16841,CHENNAI_COMMUNITY_GTFS,16841,MTC,104,Tambaram West TO Ambattur I.E,bus,3,operational
GTFS_ROUTE_16846,CHENNAI_COMMUNITY_GTFS,16846,MTC,104,Ambattur I.E TO Tambaram West,bus,3,operational
GTFS_ROUTE_20939,CHENNAI_COMMUNITY_GTFS,20939,MTC,56D CT,Azeezee Nagar TO Island ground,bus,3,operational
GTFS_ROUTE_15105,CHENNAI_COMMUNITY_GTFS,15105,MTC,29B,Gemini TO Perambur B.T,bus,3,operational
GTFS_ROUTE_20375,CHENNAI_COMMUNITY_GTFS,20375,MTC,70 CT5,M.G.R.Koyambedu TO  Avadi,bus,3,operational
GTFS_ROUTE_11692,CHENNAI_COMMUNITY_GTFS,11692,MTC,51X,Medavakkam Rd.Jn TO Kilambakkam B.T,bus,3,operational
GTFS_ROUTE_11693,CHENNAI_COMMUNITY_GTFS,11693,MTC,51X,N.G.O.Colony TO Velachery B.T,bus,3,operational
GTFS_ROUTE_11694,CHENNAI_COMMUNITY_GTFS,11694,MTC,51X,Tambaram West TO Kilambakkam B.T,bus,3,operational
GTFS_ROUTE_20941,CHENNAI_COMMUNITY_GTFS,20941,MTC,56D CT2,Island ground TO Tondiarpet,bus,3,operational
GTFS_ROUTE_20379,CHENNAI_COMMUNITY_GTFS,20379,MTC,70 CT1,Avadi TO  M.G.R.Koyambedu,bus,3,operational
GTFS_ROUTE_10154,CHENNAI_COMMUNITY_GTFS,10154,MTC,147B,J.J.Nagar West TO Anna Nagar West,bus,3,operational
GTFS_ROUTE_20381,CHENNAI_COMMUNITY_GTFS,20381,MTC,70CCt CT2,Kilambakkam TO  Kalaignar Nagar,bus,3,operational
GTFS_ROUTE_20943,CHENNAI_COMMUNITY_GTFS,20943,MTC,56D CT5,Manali TO Tondiarpet,bus,3,operational
GTFS_ROUTE_20382,CHENNAI_COMMUNITY_GTFS,20382,MTC,70CCt CT1,Kalaignar Nagar TO  Kilambakkam,bus,3,operational
GTFS_ROUTE_12806,CHENNAI_COMMUNITY_GTFS,12806,MTC,77P,M.G.R.Koyambedu TO Poochiathipedu,bus,3,operational
GTFS_ROUTE_20384,CHENNAI_COMMUNITY_GTFS,20384,MTC,555S CT9,Tambaram West TO  Kilambakkam,bus,3,operational
GTFS_ROUTE_20385,CHENNAI_COMMUNITY_GTFS,20385,MTC,70C CT17,Tambaram West TO  M.G.R.Koyambedu,bus,3,operational
GTFS_ROUTE_20386,CHENNAI_COMMUNITY_GTFS,20386,MTC,70C CT8,Kilambakkam TO  Tambaram West,bus,3,operational
GTFS_ROUTE_20944,CHENNAI_COMMUNITY_GTFS,20944,MTC,56D CT6,Tondiarpet TO Manali,bus,3,operational
GTFS_ROUTE_20389,CHENNAI_COMMUNITY_GTFS,20389,MTC,597 CT6,M.G.R.Koyambedu  TO  Poonamallee,bus,3,operational
GTFS_ROUTE_20391,CHENNAI_COMMUNITY_GTFS,20391,MTC,70C CT16,Tambaram West TO  Kilambakkam,bus,3,operational
GTFS_ROUTE_20394,CHENNAI_COMMUNITY_GTFS,20394,MTC,70 CT2,Avadi TO  Vadapalani,bus,3,operational
GTFS_ROUTE_20395,CHENNAI_COMMUNITY_GTFS,20395,MTC,M70 CT7,K.K.Nagar TO  Thiruvanmiyur,bus,3,operational
GTFS_ROUTE_13361,CHENNAI_COMMUNITY_GTFS,13361,MTC,S50,Avadi B.T TO Poonamallee B.T,bus,3,operational
GTFS_ROUTE_16378,CHENNAI_COMMUNITY_GTFS,16378,MTC,SM1Ct,Thiruvanmiyur TO Keelkattalai,bus,3,operational
GTFS_ROUTE_16211,CHENNAI_COMMUNITY_GTFS,16211,MTC,V51,Thiyagaraya Nagar TO Tambaram West,bus,3,operational
GTFS_ROUTE_16212,CHENNAI_COMMUNITY_GTFS,16212,MTC,V51,Tambaram West TO Thiyagaraya Nagar,bus,3,operational
GTFS_ROUTE_20945,CHENNAI_COMMUNITY_GTFS,20945,MTC,56D CT7,Tondiarpet TO  Island ground,bus,3,operational
GTFS_ROUTE_20405,CHENNAI_COMMUNITY_GTFS,20405,MTC,23C CT9,greams road TO  Ayanavaram Depot,bus,3,operational
GTFS_ROUTE_20407,CHENNAI_COMMUNITY_GTFS,20407,MTC,23C CT5,Dms TO Ayanavaram Depot,bus,3,operational
GTFS_ROUTE_20403,CHENNAI_COMMUNITY_GTFS,20403,MTC,23C CT9,Ayanavaram Depot TO  greams road,bus,3,operational
GTFS_ROUTE_20408,CHENNAI_COMMUNITY_GTFS,20408,MTC,154 CT3,Dlf  TO  Thiyagarayanagar,bus,3,operational
GTFS_ROUTE_20409,CHENNAI_COMMUNITY_GTFS,20409,MTC,154 CT6,Thiyagarayanagar TO  Dlf,bus,3,operational
GTFS_ROUTE_20406,CHENNAI_COMMUNITY_GTFS,20406,MTC,23C CT1,Ayanavaram Depot TO Dms,bus,3,operational
GTFS_ROUTE_20410,CHENNAI_COMMUNITY_GTFS,20410,MTC,11 CT,Thiyagaraya Nagar TO L.F.C,bus,3,operational
GTFS_ROUTE_20412,CHENNAI_COMMUNITY_GTFS,20412,MTC,S75 CT6,Labour Office  TO  Annanagar Tower,bus,3,operational
GTFS_ROUTE_20413,CHENNAI_COMMUNITY_GTFS,20413,MTC,S75 ct5,Annanagar tower  to  Labour Office,bus,3,operational
GTFS_ROUTE_20417,CHENNAI_COMMUNITY_GTFS,20417,MTC,S46,Avadi Bus Terminus to Venkatachalam Nagar,bus,3,operational
GTFS_ROUTE_16221,CHENNAI_COMMUNITY_GTFS,16221,MTC,T29C,Periyar Nagar TO Velachery B.T,bus,3,operational
GTFS_ROUTE_20416,CHENNAI_COMMUNITY_GTFS,20416,MTC,S46,Venkatachalam Nagar to Avadi Bus Terminus,bus,3,operational
GTFS_ROUTE_16230,CHENNAI_COMMUNITY_GTFS,16230,MTC,T29C,Velachery TO Perambur Bus Terminus,bus,3,operational
GTFS_ROUTE_20419,CHENNAI_COMMUNITY_GTFS,20419,MTC,64D CT1,Theyampakkam  To  Moolakadai,bus,3,operational
GTFS_ROUTE_20420,CHENNAI_COMMUNITY_GTFS,20420,MTC,15ct,M.G.R.Koyambedu TO Seva Sadan School,bus,3,operational
GTFS_ROUTE_20421,CHENNAI_COMMUNITY_GTFS,20421,MTC,15ct,Pghs School TO Maduravoyal,bus,3,operational
GTFS_ROUTE_20422,CHENNAI_COMMUNITY_GTFS,20422,MTC,24AX CT,Monahan School To  Teachers Colony,bus,3,operational
GTFS_ROUTE_20423,CHENNAI_COMMUNITY_GTFS,20423,MTC,64D CT1,Moolakadai To  Theyampakkam,bus,3,operational
GTFS_ROUTE_20424,CHENNAI_COMMUNITY_GTFS,20424,MTC,35 CT6,Korattur Bus Terminus TO  Secretariat,bus,3,operational
GTFS_ROUTE_20425,CHENNAI_COMMUNITY_GTFS,20425,MTC,597 CT8,Mandaveli TO  Thiyagarayanagar,bus,3,operational
GTFS_ROUTE_20427,CHENNAI_COMMUNITY_GTFS,20427,MTC,51B CT1,Karanai TO Medavakkam Junction,bus,3,operational
GTFS_ROUTE_16222,CHENNAI_COMMUNITY_GTFS,16222,MTC,T29C,Periyar Nagar TO Otteri,bus,3,operational
GTFS_ROUTE_20429,CHENNAI_COMMUNITY_GTFS,20429,MTC,552K CT,Ngo Colony TO Kelambakkam Bus Terminal,bus,3,operational
GTFS_ROUTE_20430,CHENNAI_COMMUNITY_GTFS,20430,MTC,552K CT1,Kelambakkam Bus Terminal TO Ngo Colony,bus,3,operational
GTFS_ROUTE_16631,CHENNAI_COMMUNITY_GTFS,16631,MTC,35,Secretariat TO Korattur,bus,3,operational
GTFS_ROUTE_20431,CHENNAI_COMMUNITY_GTFS,20431,MTC,597 CT7,Poonamallee TO  K.K.Nagar,bus,3,operational
GTFS_ROUTE_20432,CHENNAI_COMMUNITY_GTFS,20432,MTC,597 CT12,Thiyagarayanagar TO  Mandaveli,bus,3,operational
GTFS_ROUTE_16223,CHENNAI_COMMUNITY_GTFS,16223,MTC,T29C,Perambur B.T TO Sterling Road,bus,3,operational
GTFS_ROUTE_20436,CHENNAI_COMMUNITY_GTFS,20436,MTC,M88 CT4,Iyyappanthangal TO Kundrathur B.T,bus,3,operational
GTFS_ROUTE_20953,CHENNAI_COMMUNITY_GTFS,20953,MTC,56P CT5,Broadway TO Tondiarpet,bus,3,operational
GTFS_ROUTE_20437,CHENNAI_COMMUNITY_GTFS,20437,MTC,M88 CT3,Kundrathur B.T TO Iyyappanthangal,bus,3,operational
GTFS_ROUTE_20956,CHENNAI_COMMUNITY_GTFS,20956,MTC,56P R1,Minjur Bus Terminus TO Broadway,bus,3,operational
GTFS_ROUTE_22472,CHENNAI_COMMUNITY_GTFS,22472,MTC,42D CT1,Srinivasa Nagar TO Otteri,bus,3,operational
GTFS_ROUTE_22476,CHENNAI_COMMUNITY_GTFS,22476,MTC,38G,Vazhuthigaimedu TO Koyambedu Market,bus,3,operational
GTFS_ROUTE_22477,CHENNAI_COMMUNITY_GTFS,22477,MTC,53E R1,Royapuram TO  Kundrathur,bus,3,operational
GTFS_ROUTE_16658,CHENNAI_COMMUNITY_GTFS,16658,MTC,118,Tambaram West Bus Stand TO Neelamangalam,bus,3,operational
GTFS_ROUTE_16654,CHENNAI_COMMUNITY_GTFS,16654,MTC,118,Mahendra City TO Tambaram West,bus,3,operational
GTFS_ROUTE_16656,CHENNAI_COMMUNITY_GTFS,16656,MTC,118,Keerapakkam TO Tambaram West,bus,3,operational
GTFS_ROUTE_20443,CHENNAI_COMMUNITY_GTFS,20443,MTC,21EEt CT1,Saidapet to  Iyappanthangal,bus,3,operational
GTFS_ROUTE_20444,CHENNAI_COMMUNITY_GTFS,20444,MTC,21EEt CT3,Iyappanthangal to  Saidapet,bus,3,operational
GTFS_ROUTE_20446,CHENNAI_COMMUNITY_GTFS,20446,MTC,47A R1,Thiruvanmiyur TO I.C.F,bus,3,operational
GTFS_ROUTE_16664,CHENNAI_COMMUNITY_GTFS,16664,MTC,118,Neelamangalam TO Tambaram West Bus Stand,bus,3,operational
GTFS_ROUTE_20447,CHENNAI_COMMUNITY_GTFS,20447,MTC,47A R2,I.C.F TO Thiruvanmiyur,bus,3,operational
GTFS_ROUTE_20958,CHENNAI_COMMUNITY_GTFS,20958,MTC,56P CT10,Secretariat TO Minjur,bus,3,operational
GTFS_ROUTE_16683,CHENNAI_COMMUNITY_GTFS,16683,MTC,159K,Kargil Nagar TO M.G.R.Koyambedu,bus,3,operational
GTFS_ROUTE_12379,CHENNAI_COMMUNITY_GTFS,12379,MTC,593Ct,Padiyanallur TO Redhills,bus,3,operational
GTFS_ROUTE_20449,CHENNAI_COMMUNITY_GTFS,20449,MTC,CU1,MGR CHENNAI CENTRAL TO  MGR CHENNAI CENTRAL,bus,3,operational
GTFS_ROUTE_20453,CHENNAI_COMMUNITY_GTFS,20453,MTC,28B CT3,Egmore R.S TO Thiruvotiyur B.S,bus,3,operational
GTFS_ROUTE_20450,CHENNAI_COMMUNITY_GTFS,20450,MTC,2B,Kaviarasu Kannadasan Nagar Bus Stand TO Kannadasan Nagar,bus,3,operational
GTFS_ROUTE_16677,CHENNAI_COMMUNITY_GTFS,16677,MTC,154,Thiyagarayanagar Terminus TO Saidapet Depot,bus,3,operational
GTFS_ROUTE_20451,CHENNAI_COMMUNITY_GTFS,20451,MTC,64K CT1,Secretariat TO K.Kannadasan Nagar,bus,3,operational
GTFS_ROUTE_20452,CHENNAI_COMMUNITY_GTFS,20452,MTC,4 CT6,Egmore TO Ennore,bus,3,operational
GTFS_ROUTE_20454,CHENNAI_COMMUNITY_GTFS,20454,MTC,28B CT,Egmore R.S TO Thangal Tollgate,bus,3,operational
GTFS_ROUTE_20455,CHENNAI_COMMUNITY_GTFS,20455,MTC,38D,Egmore North Rs TO Tondiarpet,bus,3,operational
GTFS_ROUTE_20456,CHENNAI_COMMUNITY_GTFS,20456,MTC,159 CT,Thiruverkadu TO Tondiarpet,bus,3,operational
GTFS_ROUTE_20458,CHENNAI_COMMUNITY_GTFS,20458,MTC,102K CT,Kannagi Nagar Bus Stand TO Ezhil Nagar,bus,3,operational
GTFS_ROUTE_20961,CHENNAI_COMMUNITY_GTFS,20961,MTC,56P CT13,Tondiarpet TO  Island ground,bus,3,operational
GTFS_ROUTE_20461,CHENNAI_COMMUNITY_GTFS,20461,MTC,28B CT1,Egmore North R.S TO Rajashanmugam Nagar,bus,3,operational
GTFS_ROUTE_20963,CHENNAI_COMMUNITY_GTFS,20963,MTC,57X R,Periyapalayam TO Vallalar Nagar,bus,3,operational
GTFS_ROUTE_20964,CHENNAI_COMMUNITY_GTFS,20964,MTC,57X R1,Vallalar Nagar TO Periyapalayam,bus,3,operational
GTFS_ROUTE_20468,CHENNAI_COMMUNITY_GTFS,20468,MTC,549 CT,M.G.R.Koyambedu Bus Terminus to Sriperumbudur Bus Terminal,bus,3,operational
GTFS_ROUTE_16719,CHENNAI_COMMUNITY_GTFS,16719,MTC,113,Redhills TO Moolakadai,bus,3,operational
GTFS_ROUTE_20470,CHENNAI_COMMUNITY_GTFS,20470,MTC,578P,Poonamallee Bus Terminus to Elambakkam,bus,3,operational
GTFS_ROUTE_20471,CHENNAI_COMMUNITY_GTFS,20471,MTC,578P CT,Poonamallee Bus Terminus to Sunguvarchatram,bus,3,operational
GTFS_ROUTE_20473,CHENNAI_COMMUNITY_GTFS,20473,MTC,500W,Saidapet West TO Chengalpet,bus,3,operational
GTFS_ROUTE_20475,CHENNAI_COMMUNITY_GTFS,20475,MTC,578P CT1,Iyappanthangal TO Elambakkam,bus,3,operational
GTFS_ROUTE_20478,CHENNAI_COMMUNITY_GTFS,20478,MTC,515 CT1,Kilambakkam B.S TO Mamallapuram,bus,3,operational
GTFS_ROUTE_16725,CHENNAI_COMMUNITY_GTFS,16725,MTC,113,Moolakadai TO Redhills,bus,3,operational
GTFS_ROUTE_20479,CHENNAI_COMMUNITY_GTFS,20479,MTC,583 CT,M.G.R.Koyambedu Bus Terminus to Sriperumbudur Bus Terminal,bus,3,operational
GTFS_ROUTE_20480,CHENNAI_COMMUNITY_GTFS,20480,MTC,63 CT,Ambattur I.E TO Thiruverkadu,bus,3,operational
GTFS_ROUTE_20481,CHENNAI_COMMUNITY_GTFS,20481,MTC,63 CT,Thiruverkadu TO Ambattur I.E,bus,3,operational
GTFS_ROUTE_20966,CHENNAI_COMMUNITY_GTFS,20966,MTC,1C CT2,Thiruvanmiyur TO Thiruvotriyur,bus,3,operational
GTFS_ROUTE_12769,CHENNAI_COMMUNITY_GTFS,12769,MTC,77M,M.G.R.Koyambedu TO Madanakuppam,bus,3,operational
GTFS_ROUTE_12406,CHENNAI_COMMUNITY_GTFS,12406,MTC,61C,Avadi B.T TO Crpf Co Op Shop,bus,3,operational
GTFS_ROUTE_12632,CHENNAI_COMMUNITY_GTFS,12632,MTC,70A,Avadi B.T TO Ambattur I.E,bus,3,operational
GTFS_ROUTE_20482,CHENNAI_COMMUNITY_GTFS,20482,MTC,578M,Mappedu TO  Poonamallee Bus Terminus,bus,3,operational
GTFS_ROUTE_20483,CHENNAI_COMMUNITY_GTFS,20483,MTC,515 CT,Adyar Depot To  Mamallapuram,bus,3,operational
GTFS_ROUTE_11253,CHENNAI_COMMUNITY_GTFS,11253,MTC,37ECt,Vadapalani TO M.G.R.Koyambedu,bus,3,operational
GTFS_ROUTE_11251,CHENNAI_COMMUNITY_GTFS,11251,MTC,37ECt,M.G.R.Koyambedu TO M.K.B.Nagar,bus,3,operational
GTFS_ROUTE_11017,CHENNAI_COMMUNITY_GTFS,11017,MTC,114P,Anna Nagar West TO Redhills,bus,3,operational
GTFS_ROUTE_20485,CHENNAI_COMMUNITY_GTFS,20485,MTC,578M,MEPPEDU TO  Iyappanthangal,bus,3,operational
GTFS_ROUTE_20486,CHENNAI_COMMUNITY_GTFS,20486,MTC,578PCt,Poonamallee B.T TO Sunguvarchathiram,bus,3,operational
GTFS_ROUTE_20488,CHENNAI_COMMUNITY_GTFS,20488,MTC,101X CT10,Secretariat TO  Sriperumbudur,bus,3,operational
GTFS_ROUTE_20489,CHENNAI_COMMUNITY_GTFS,20489,MTC,101X CT6,M.G.R.Koyambedu TO  Sriperumbudur,bus,3,operational
GTFS_ROUTE_20490,CHENNAI_COMMUNITY_GTFS,20490,MTC,578P,Poonamallee Bus Terminus to Sriperumbudur Bus Terminal,bus,3,operational
GTFS_ROUTE_20491,CHENNAI_COMMUNITY_GTFS,20491,MTC,578PCt,Elambakkam TO Poonamallee,bus,3,operational
GTFS_ROUTE_20967,CHENNAI_COMMUNITY_GTFS,20967,MTC,1C CT7,Thiruvottiyur TO Thiruvanmiyur,bus,3,operational
GTFS_ROUTE_15932,CHENNAI_COMMUNITY_GTFS,15932,MTC,104CX,Anna Nagar West Depot TO M.G.R.Koyambedu,bus,3,operational
GTFS_ROUTE_3478,CHENNAI_COMMUNITY_GTFS,3478,MTC,104CX,Tambaram West Bus Stand TO Guduvancheri Bus Terminus,bus,3,operational
GTFS_ROUTE_3480,CHENNAI_COMMUNITY_GTFS,3480,MTC,104CX,Guduvancheri Bus Terminus TO Tambaram West Bus Stand,bus,3,operational
GTFS_ROUTE_16769,CHENNAI_COMMUNITY_GTFS,16769,MTC,111,K.K.Nagar TO Tambaram West,bus,3,operational
GTFS_ROUTE_16776,CHENNAI_COMMUNITY_GTFS,16776,MTC,109,Kovalam TO Adyar B.T,bus,3,operational
GTFS_ROUTE_22484,CHENNAI_COMMUNITY_GTFS,22484,MTC,A51,Pathuvanchery TO Royapuram,bus,3,operational
GTFS_ROUTE_20970,CHENNAI_COMMUNITY_GTFS,20970,MTC,56K R,Island ground TO Kargil Nagar,bus,3,operational
GTFS_ROUTE_12646,CHENNAI_COMMUNITY_GTFS,12646,MTC,70ACt,Ambattur I.E TO Senthil Nagar,bus,3,operational
GTFS_ROUTE_22486,CHENNAI_COMMUNITY_GTFS,22486,MTC,142B R,Periyar Nagar TO Island ground,bus,3,operational
GTFS_ROUTE_22488,CHENNAI_COMMUNITY_GTFS,22488,MTC,142B R,Island ground TO Periyar Nagar,bus,3,operational
GTFS_ROUTE_10846,CHENNAI_COMMUNITY_GTFS,10846,MTC,111Et,Thiruverkadu TO Kilambakkam B.T,bus,3,operational
GTFS_ROUTE_20972,CHENNAI_COMMUNITY_GTFS,20972,MTC,56K R1,Kargil Nagar TO Broadway,bus,3,operational
GTFS_ROUTE_15933,CHENNAI_COMMUNITY_GTFS,15933,MTC,104CX,M.G.R.Koyambedu TO Anna Nagar West,bus,3,operational
GTFS_ROUTE_11021,CHENNAI_COMMUNITY_GTFS,11021,MTC,114P,M.G.R.Koyambedu TO Redhills,bus,3,operational
GTFS_ROUTE_20973,CHENNAI_COMMUNITY_GTFS,20973,MTC,56J R,Island ground TO Manali New Town,bus,3,operational
GTFS_ROUTE_20974,CHENNAI_COMMUNITY_GTFS,20974,MTC,56J R1,Manali New Town TO  Island ground,bus,3,operational
GTFS_ROUTE_12984,CHENNAI_COMMUNITY_GTFS,12984,MTC,95XCt,Kilambakkam B.T TO Perumpakkam S.C.B,bus,3,operational
GTFS_ROUTE_16821,CHENNAI_COMMUNITY_GTFS,16821,MTC,105,Siruseri I.T Park TO Tambaram West,bus,3,operational
GTFS_ROUTE_20975,CHENNAI_COMMUNITY_GTFS,20975,MTC,56J CT1,Manali New Town TO Thangal Tollgate,bus,3,operational
GTFS_ROUTE_20976,CHENNAI_COMMUNITY_GTFS,20976,MTC,56J CT2,Thangal Tollgate TO Manali New Town,bus,3,operational
GTFS_ROUTE_16813,CHENNAI_COMMUNITY_GTFS,16813,MTC,154,Kilambakkam B.T TO Thyagaraya Nagar,bus,3,operational
GTFS_ROUTE_16815,CHENNAI_COMMUNITY_GTFS,16815,MTC,154,Iyyappanthangal TO Poonamallee B.T,bus,3,operational
GTFS_ROUTE_16817,CHENNAI_COMMUNITY_GTFS,16817,MTC,154,Poonamallee TO Porur,bus,3,operational
GTFS_ROUTE_20977,CHENNAI_COMMUNITY_GTFS,20977,MTC,56J CT5,Tollgate TO  Island ground,bus,3,operational
GTFS_ROUTE_20978,CHENNAI_COMMUNITY_GTFS,20978,MTC,56J CT8,Island ground  TO Thangal Tollgate,bus,3,operational
GTFS_ROUTE_12988,CHENNAI_COMMUNITY_GTFS,12988,MTC,95XCt,Nehru Nagar TO Kilambakkam B.T,bus,3,operational
GTFS_ROUTE_20980,CHENNAI_COMMUNITY_GTFS,20980,MTC,37 CT1,Tondiarpet TO Poonamallee B.T,bus,3,operational
GTFS_ROUTE_10554,CHENNAI_COMMUNITY_GTFS,10554,MTC,18ACT,Kilambakkam B.T TO K.K.Nagar,bus,3,operational
GTFS_ROUTE_22491,CHENNAI_COMMUNITY_GTFS,22491,MTC,142B  CT,Perambur TO Island ground,bus,3,operational
GTFS_ROUTE_15926,CHENNAI_COMMUNITY_GTFS,15926,MTC,45B,Alandur (Depot) TO Guindy Tvk Estate,bus,3,operational
GTFS_ROUTE_10431,CHENNAI_COMMUNITY_GTFS,10431,MTC,16K,M.G.R.Koyambedu TO Kundrathur,bus,3,operational
GTFS_ROUTE_10543,CHENNAI_COMMUNITY_GTFS,10543,MTC,18A,Tambaram West TO Cement Road,bus,3,operational
GTFS_ROUTE_12409,CHENNAI_COMMUNITY_GTFS,12409,MTC,61C,Crpf Co Op Shop TO Avadi B.T,bus,3,operational
GTFS_ROUTE_16025,CHENNAI_COMMUNITY_GTFS,16025,MTC,PP21,Kilambakkam TO Broadway,bus,3,operational
GTFS_ROUTE_16024,CHENNAI_COMMUNITY_GTFS,16024,MTC,PP21,Broadway TO Kilambakkam,bus,3,operational
GTFS_ROUTE_22492,CHENNAI_COMMUNITY_GTFS,22492,MTC,42D,Periyar Nagar TO Srinivasa Nagar,bus,3,operational
GTFS_ROUTE_20982,CHENNAI_COMMUNITY_GTFS,20982,MTC,8ACT,Thangal Tollgate TO Vallalar Nagar,bus,3,operational
GTFS_ROUTE_16843,CHENNAI_COMMUNITY_GTFS,16843,MTC,104,Redhills TO Ambattur I.E,bus,3,operational
GTFS_ROUTE_20984,CHENNAI_COMMUNITY_GTFS,20984,MTC,8ACT,Vallalar Nagar TO Thangal Tollgate,bus,3,operational
GTFS_ROUTE_10922,CHENNAI_COMMUNITY_GTFS,10922,MTC,121D,M.G.R.Koyambedu TO Manali New Town,bus,3,operational
GTFS_ROUTE_10547,CHENNAI_COMMUNITY_GTFS,10547,MTC,18A,Tambaram West TO Saidapet,bus,3,operational
GTFS_ROUTE_20987,CHENNAI_COMMUNITY_GTFS,20987,MTC,595 CT1,Minjur TO Pazhaverkadu,bus,3,operational
GTFS_ROUTE_20988,CHENNAI_COMMUNITY_GTFS,20988,MTC,595 CT2,Pazhaverkadu TO Minjur,bus,3,operational
GTFS_ROUTE_20989,CHENNAI_COMMUNITY_GTFS,20989,MTC,595 R,Pazhaverkadu TO Thangal Tollgate,bus,3,operational
GTFS_ROUTE_10732,CHENNAI_COMMUNITY_GTFS,10732,MTC,109C,Adyar Depot TO Kovalam,bus,3,operational
GTFS_ROUTE_10924,CHENNAI_COMMUNITY_GTFS,10924,MTC,121D,M.G.R.Koyambedu TO Thangal Tollgate,bus,3,operational
GTFS_ROUTE_10925,CHENNAI_COMMUNITY_GTFS,10925,MTC,121D,Manali New Town TO M.G.R.Koyambedu,bus,3,operational
GTFS_ROUTE_10929,CHENNAI_COMMUNITY_GTFS,10929,MTC,121D,Thangal Tollgate TO Manali New Town,bus,3,operational
GTFS_ROUTE_3180,CHENNAI_COMMUNITY_GTFS,3180,MTC,70G,Tambaram West Bus Stand TO Vadapalani Bus Stand,bus,3,operational
GTFS_ROUTE_16073,CHENNAI_COMMUNITY_GTFS,16073,MTC,4,Tollgate TO Ennore,bus,3,operational
GTFS_ROUTE_16078,CHENNAI_COMMUNITY_GTFS,16078,MTC,4,Ennore TO Egmore,bus,3,operational
GTFS_ROUTE_16077,CHENNAI_COMMUNITY_GTFS,16077,MTC,4,Ennore TO Tollgate,bus,3,operational
GTFS_ROUTE_20991,CHENNAI_COMMUNITY_GTFS,20991,MTC,S56 R,Manali TO Thiruvotriyur B.T,bus,3,operational
GTFS_ROUTE_3215,CHENNAI_COMMUNITY_GTFS,3215,MTC,91V,Tambaram West Bus Stand TO Guduvancheri Bus Terminus,bus,3,operational
GTFS_ROUTE_12430,CHENNAI_COMMUNITY_GTFS,12430,MTC,61K,Avadi B.T TO Veerapuram Govt School,bus,3,operational
GTFS_ROUTE_11315,CHENNAI_COMMUNITY_GTFS,11315,MTC,3Ct,Tidel Park TO Thyagaraya Nagar,bus,3,operational
GTFS_ROUTE_20992,CHENNAI_COMMUNITY_GTFS,20992,MTC,S56 CT,Manali B.S TO Tondiarpet,bus,3,operational
GTFS_ROUTE_20993,CHENNAI_COMMUNITY_GTFS,20993,MTC,S56 R1,Thiruvotriyur B.T TO Manali,bus,3,operational
GTFS_ROUTE_20994,CHENNAI_COMMUNITY_GTFS,20994,MTC,S56 CT1,Tondiarpet TO Manali B.S,bus,3,operational
GTFS_ROUTE_20995,CHENNAI_COMMUNITY_GTFS,20995,MTC,SC1 R,I.O.C TO I.O.C,bus,3,operational
GTFS_ROUTE_12199,CHENNAI_COMMUNITY_GTFS,12199,MTC,57G,Vazhuthigaimedu TO Redhills,bus,3,operational
GTFS_ROUTE_12196,CHENNAI_COMMUNITY_GTFS,12196,MTC,57G,Moolakadai TO Vazhuthigaimedu,bus,3,operational
GTFS_ROUTE_12197,CHENNAI_COMMUNITY_GTFS,12197,MTC,57G,Redhills TO Vazhuthigaimedu,bus,3,operational
GTFS_ROUTE_12198,CHENNAI_COMMUNITY_GTFS,12198,MTC,57G,Vazhuthigaimedu TO Moolakadai,bus,3,operational
GTFS_ROUTE_20996,CHENNAI_COMMUNITY_GTFS,20996,MTC,SC1 CT,I.O.C TO Tondiarpet,bus,3,operational
GTFS_ROUTE_20997,CHENNAI_COMMUNITY_GTFS,20997,MTC,SC1 CT1,Tondiarpet TO I.O.C,bus,3,operational
GTFS_ROUTE_20999,CHENNAI_COMMUNITY_GTFS,20999,MTC,56DEt CT,Island ground  TO Thangal Tollgate,bus,3,operational
GTFS_ROUTE_21004,CHENNAI_COMMUNITY_GTFS,21004,MTC,56DEt CT6,Thangal Tollgate TO  Island ground,bus,3,operational
GTFS_ROUTE_21005,CHENNAI_COMMUNITY_GTFS,21005,MTC,56DET CT7,Tondairpet-1 Depot TO  Island ground,bus,3,operational
GTFS_ROUTE_21007,CHENNAI_COMMUNITY_GTFS,21007,MTC,109X CT,Thiruvanmiyur TO Thiruporur,bus,3,operational
GTFS_ROUTE_21008,CHENNAI_COMMUNITY_GTFS,21008,MTC,21G Cut1,Tambaram West TO Kilambakkam,bus,3,operational
GTFS_ROUTE_21009,CHENNAI_COMMUNITY_GTFS,21009,MTC,E18 CT,Tambaram West TO Kilambakkam,bus,3,operational
GTFS_ROUTE_13305,CHENNAI_COMMUNITY_GTFS,13305,MTC,S18K,Saidapet West Parsn Nagar TO M.G.R.Central,bus,3,operational
GTFS_ROUTE_21010,CHENNAI_COMMUNITY_GTFS,21010,MTC,E18 CT2,Kilambakkam TO  Tambaram,bus,3,operational
GTFS_ROUTE_10873,CHENNAI_COMMUNITY_GTFS,10873,MTC,12B,Foreshore Estate TO Vadapalani,bus,3,operational
GTFS_ROUTE_21011,CHENNAI_COMMUNITY_GTFS,21011,MTC,G18 CT,Thiyagarayanagar TO Tambaram West,bus,3,operational
GTFS_ROUTE_10875,CHENNAI_COMMUNITY_GTFS,10875,MTC,12B,Luz TO Vadapalani,bus,3,operational
GTFS_ROUTE_13720,CHENNAI_COMMUNITY_GTFS,13720,MTC,12B,Vadapalani TO Foreshore Estate,bus,3,operational
GTFS_ROUTE_21012,CHENNAI_COMMUNITY_GTFS,21012,MTC,G18 CT,Tambaram West TO Thiyagarayanagar,bus,3,operational
GTFS_ROUTE_3492,CHENNAI_COMMUNITY_GTFS,3492,MTC,95X,Shozhanganallur TO Kilambakkam Bus Terminus,bus,3,operational
GTFS_ROUTE_11592,CHENNAI_COMMUNITY_GTFS,11592,MTC,514,Periyapalayam TO M.G.R.Koyambedu,bus,3,operational
GTFS_ROUTE_12434,CHENNAI_COMMUNITY_GTFS,12434,MTC,61R,Avadi B.T TO Redhills,bus,3,operational
GTFS_ROUTE_21013,CHENNAI_COMMUNITY_GTFS,21013,MTC,A1Et CT2,Mgr Central Railway Station TO Thiruvanmiyur,bus,3,operational
GTFS_ROUTE_21014,CHENNAI_COMMUNITY_GTFS,21014,MTC,A1Et CT,Thiruvanmiyur TO  Mgr Central Railway Station,bus,3,operational
GTFS_ROUTE_21015,CHENNAI_COMMUNITY_GTFS,21015,MTC,M1 CT,Saidapet TO Thiruvanmiyur,bus,3,operational
GTFS_ROUTE_21026,CHENNAI_COMMUNITY_GTFS,21026,MTC,202 R,Avadi TO  Tambaram Sanatorium,bus,3,operational
GTFS_ROUTE_13362,CHENNAI_COMMUNITY_GTFS,13362,MTC,S50,Poonamallee B.T TO Avadi B.T,bus,3,operational
GTFS_ROUTE_21016,CHENNAI_COMMUNITY_GTFS,21016,MTC,M1A CT,Saidape TO Thiruvanmiyur,bus,3,operational
GTFS_ROUTE_21017,CHENNAI_COMMUNITY_GTFS,21017,MTC,102K CT,Adyar TO Okk.Thoraipakm Sec.Colony,bus,3,operational
GTFS_ROUTE_21018,CHENNAI_COMMUNITY_GTFS,21018,MTC,102K CT8,Kannagi Nagar Bus TO Santhome Church,bus,3,operational
GTFS_ROUTE_21019,CHENNAI_COMMUNITY_GTFS,21019,MTC,102K CT11,Santhome Church TO Kannagi Nagar Bus,bus,3,operational
GTFS_ROUTE_21021,CHENNAI_COMMUNITY_GTFS,21021,MTC,21G ct2,Kilambakkam TO Foreshore Estate,bus,3,operational
GTFS_ROUTE_21022,CHENNAI_COMMUNITY_GTFS,21022,MTC,M1A CT1,Thiruvanmiyur TO Saidapet,bus,3,operational
GTFS_ROUTE_21023,CHENNAI_COMMUNITY_GTFS,21023,MTC,M1A CT,Saidapet TO Keelkattalai,bus,3,operational
GTFS_ROUTE_21024,CHENNAI_COMMUNITY_GTFS,21024,MTC,M1 CT,Keelkattalai TO Saidapet,bus,3,operational
GTFS_ROUTE_21025,CHENNAI_COMMUNITY_GTFS,21025,MTC,202A R,Avadi TO  Tambaram Sanatorium B.T,bus,3,operational
GTFS_ROUTE_15222,CHENNAI_COMMUNITY_GTFS,15222,MTC,C64,Kaviarasu Kannadasan Nagar Bus Stand TO Kannadasan Nagar,bus,3,operational
GTFS_ROUTE_13268,CHENNAI_COMMUNITY_GTFS,13268,MTC,S167,Pallavaram TO Pattur,bus,3,operational
GTFS_ROUTE_13266,CHENNAI_COMMUNITY_GTFS,13266,MTC,S167,Iyyappanthangal TO Pattur,bus,3,operational
GTFS_ROUTE_13270,CHENNAI_COMMUNITY_GTFS,13270,MTC,S167,Pattur TO Iyyappanthangal,bus,3,operational
GTFS_ROUTE_13273,CHENNAI_COMMUNITY_GTFS,13273,MTC,S167,Pattur TO Pallavaram,bus,3,operational
GTFS_ROUTE_21028,CHENNAI_COMMUNITY_GTFS,21028,MTC,202A R1,Tambaram Sanatorium TO  Avadi,bus,3,operational
GTFS_ROUTE_21029,CHENNAI_COMMUNITY_GTFS,21029,MTC,E18 CT3,Guduvancheri TO Tambaram West,bus,3,operational
GTFS_ROUTE_10561,CHENNAI_COMMUNITY_GTFS,10561,MTC,104F,Ambattur I.E TO Kilambakkam B.T,bus,3,operational
GTFS_ROUTE_21030,CHENNAI_COMMUNITY_GTFS,21030,MTC,E18 CT6,Tambaram West TO  Guduvancheri,bus,3,operational
GTFS_ROUTE_13333,CHENNAI_COMMUNITY_GTFS,13333,MTC,S44,Otteri TO Perambur B.T,bus,3,operational
GTFS_ROUTE_9862,CHENNAI_COMMUNITY_GTFS,9862,MTC,S44,Perambur Bus Terminus TO Otteri Police Station,bus,3,operational
GTFS_ROUTE_21031,CHENNAI_COMMUNITY_GTFS,21031,MTC,102C CT7,Santhome TO  Semmancheri,bus,3,operational
GTFS_ROUTE_13336,CHENNAI_COMMUNITY_GTFS,13336,MTC,S44,Perambur B.T TO Villivakkam,bus,3,operational
GTFS_ROUTE_13338,CHENNAI_COMMUNITY_GTFS,13338,MTC,S44,Villivakkam TO Perambur B.T,bus,3,operational
GTFS_ROUTE_21033,CHENNAI_COMMUNITY_GTFS,21033,MTC,102K CT1,Foreshore Estate TO  Kannagi Nagar,bus,3,operational
GTFS_ROUTE_21034,CHENNAI_COMMUNITY_GTFS,21034,MTC,102K CT7,Foreshore  TO  Kannagi,bus,3,operational
GTFS_ROUTE_21035,CHENNAI_COMMUNITY_GTFS,21035,MTC,102P CT9,Perumbakkam  TO  Santhome,bus,3,operational
GTFS_ROUTE_16965,CHENNAI_COMMUNITY_GTFS,16965,MTC,S62,Moolakadai TO Manali,bus,3,operational
GTFS_ROUTE_16957,CHENNAI_COMMUNITY_GTFS,16957,MTC,S62,Perambur B.T TO Manali,bus,3,operational
GTFS_ROUTE_16983,CHENNAI_COMMUNITY_GTFS,16983,MTC,S62,Manali TO Moolakadai,bus,3,operational
GTFS_ROUTE_16970,CHENNAI_COMMUNITY_GTFS,16970,MTC,S62,Manali TO Perambur B.T,bus,3,operational
GTFS_ROUTE_9378,CHENNAI_COMMUNITY_GTFS,9378,MTC,570P,M.G.R.Koyambedu TO Thiruporur,bus,3,operational
GTFS_ROUTE_9377,CHENNAI_COMMUNITY_GTFS,9377,MTC,570P,Anna Nagar West TO M.G.R.Koyambedu,bus,3,operational
GTFS_ROUTE_21044,CHENNAI_COMMUNITY_GTFS,21044,MTC,32B CT3,Korukkupet R.S TO Tondiarpet,bus,3,operational
GTFS_ROUTE_16064,CHENNAI_COMMUNITY_GTFS,16064,MTC,111Et,M.G.R.Koyambedu TO K.K.Nagar,bus,3,operational
GTFS_ROUTE_16065,CHENNAI_COMMUNITY_GTFS,16065,MTC,111Et,K.K.Nagar TO Kilambakkam B.T,bus,3,operational
GTFS_ROUTE_21045,CHENNAI_COMMUNITY_GTFS,21045,MTC,32B CT5,Mgr Central TO Korukkupet,bus,3,operational
GTFS_ROUTE_10842,CHENNAI_COMMUNITY_GTFS,10842,MTC,111Et,Kilambakkam B.T TO M.G.R.Koyambedu,bus,3,operational
GTFS_ROUTE_10843,CHENNAI_COMMUNITY_GTFS,10843,MTC,111Et,Kilambakkam B.T TO Thiruverkadu,bus,3,operational
GTFS_ROUTE_10845,CHENNAI_COMMUNITY_GTFS,10845,MTC,111Et,M.G.R.Koyambedu TO Kilambakkam B.T,bus,3,operational
GTFS_ROUTE_13046,CHENNAI_COMMUNITY_GTFS,13046,MTC,C56CEt,Air Nagar TO Thiruvotriyur B.T,bus,3,operational
GTFS_ROUTE_21047,CHENNAI_COMMUNITY_GTFS,21047,MTC,32B CT8,Tondiarpet TO Korukkupet R.S,bus,3,operational
GTFS_ROUTE_22496,CHENNAI_COMMUNITY_GTFS,22496,MTC,142B CT1,Island ground TO Thanikachalam nagar,bus,3,operational
GTFS_ROUTE_13150,CHENNAI_COMMUNITY_GTFS,13150,MTC,M88Et,Iyyappanthangal TO Nandambakkam Village,bus,3,operational
GTFS_ROUTE_13151,CHENNAI_COMMUNITY_GTFS,13151,MTC,M88Et,Nandambakkam Village TO Vadapalani,bus,3,operational
GTFS_ROUTE_13155,CHENNAI_COMMUNITY_GTFS,13155,MTC,M88Et,Vadapalani TO Nandambakkam Village,bus,3,operational
GTFS_ROUTE_21053,CHENNAI_COMMUNITY_GTFS,21053,MTC,157 CT3,Redhills Bus Terminus TO Tondiarpet,bus,3,operational
GTFS_ROUTE_21054,CHENNAI_COMMUNITY_GTFS,21054,MTC,157 CT1,Redhills Bus Terminus TO  Vallalar Nagar,bus,3,operational
GTFS_ROUTE_11906,CHENNAI_COMMUNITY_GTFS,11906,MTC,55Et,Mannivakkam K.K.Nagar TO Tambaram West,bus,3,operational
GTFS_ROUTE_11907,CHENNAI_COMMUNITY_GTFS,11907,MTC,55Et,Mannivakkam Rd.Jn. TO Tambaram West,bus,3,operational
GTFS_ROUTE_9379,CHENNAI_COMMUNITY_GTFS,9379,MTC,570P,M.G.R.Koyambedu TO Anna Nagar West,bus,3,operational
GTFS_ROUTE_11908,CHENNAI_COMMUNITY_GTFS,11908,MTC,55Et,Tambaram West TO Mannivakkam K.K.Nagar,bus,3,operational
GTFS_ROUTE_11909,CHENNAI_COMMUNITY_GTFS,11909,MTC,55Et,Tambaram West TO Mannivakkam Rd.Jn.,bus,3,operational
GTFS_ROUTE_12101,CHENNAI_COMMUNITY_GTFS,12101,MTC,570P,Kelambakkam TO Perumpakkam S.C.B,bus,3,operational
GTFS_ROUTE_12102,CHENNAI_COMMUNITY_GTFS,12102,MTC,570P,M.G.R.Koyambedu TO Kelambakkam,bus,3,operational
GTFS_ROUTE_12103,CHENNAI_COMMUNITY_GTFS,12103,MTC,570P,M.G.R.Koyambedu TO Perumpakkam S.C.B,bus,3,operational
GTFS_ROUTE_21057,CHENNAI_COMMUNITY_GTFS,21057,MTC,157 CT6,Tondiarpet TO Thiruvotriyur B.T,bus,3,operational
GTFS_ROUTE_21056,CHENNAI_COMMUNITY_GTFS,21056,MTC,157 CT4,Thiruvotriyur B.T TO Tondiarpet,bus,3,operational
GTFS_ROUTE_21061,CHENNAI_COMMUNITY_GTFS,21061,MTC,159 CT5,Tondiarpet TO M.G.R.Koyambedu,bus,3,operational
GTFS_ROUTE_21058,CHENNAI_COMMUNITY_GTFS,21058,MTC,157 CT5,V.Nagar TO Redhills Bus Terminus,bus,3,operational
GTFS_ROUTE_21059,CHENNAI_COMMUNITY_GTFS,21059,MTC,159 CT3,M.G.R.Koyambedu TO Tondiarpet,bus,3,operational
GTFS_ROUTE_21060,CHENNAI_COMMUNITY_GTFS,21060,MTC,159 CT6,Thiruvottiyur Bus Stand TO Tondiarpet,bus,3,operational
GTFS_ROUTE_21062,CHENNAI_COMMUNITY_GTFS,21062,MTC,159 CT4,Tondiarpet TO Thiruverkadu,bus,3,operational
GTFS_ROUTE_21063,CHENNAI_COMMUNITY_GTFS,21063,MTC,159 CT7,Tondiarpet TO Thiruvottiyur Bus Stand,bus,3,operational
GTFS_ROUTE_21067,CHENNAI_COMMUNITY_GTFS,21067,MTC,159  R3,Thiruverkadu TO Thiruvotriyur B.T,bus,3,operational
GTFS_ROUTE_21070,CHENNAI_COMMUNITY_GTFS,21070,MTC,28A R2,Manali New Town TO Egmore North R.S,bus,3,operational
GTFS_ROUTE_21071,CHENNAI_COMMUNITY_GTFS,21071,MTC,28A CT1,Manali New Town TO Thangal Tollgate,bus,3,operational
GTFS_ROUTE_21072,CHENNAI_COMMUNITY_GTFS,21072,MTC,28A CT2,Manali New Town TO Vallalar Nagar,bus,3,operational
GTFS_ROUTE_21073,CHENNAI_COMMUNITY_GTFS,21073,MTC,28A CT3,Thangal Tollgate TO Manali New Town,bus,3,operational
GTFS_ROUTE_21074,CHENNAI_COMMUNITY_GTFS,21074,MTC,28A CT4,Vallalar Nagar TO Manali New Town,bus,3,operational
GTFS_ROUTE_21077,CHENNAI_COMMUNITY_GTFS,21077,MTC,28B R1,Ennore TO Egmore North R.S,bus,3,operational
GTFS_ROUTE_10114,CHENNAI_COMMUNITY_GTFS,10114,MTC,21EEt,Thiruvanmiyur TO Iyyappanthangal,bus,3,operational
GTFS_ROUTE_15923,CHENNAI_COMMUNITY_GTFS,15923,MTC,M52Et,Pallavaram TO Chrompet-1 Depot,bus,3,operational
GTFS_ROUTE_16187,CHENNAI_COMMUNITY_GTFS,16187,MTC,V51,Thiyagaraya Nagar TO Saidapet,bus,3,operational
GTFS_ROUTE_5527,CHENNAI_COMMUNITY_GTFS,5527,MTC,M52Et,Kayarambedu TO Pozhichalur,bus,3,operational
GTFS_ROUTE_13211,CHENNAI_COMMUNITY_GTFS,13211,MTC,M52Et,Chromepet TO Pozhichalur,bus,3,operational
GTFS_ROUTE_11850,CHENNAI_COMMUNITY_GTFS,11850,MTC,556,Kattupalli TO Ponneri,bus,3,operational
GTFS_ROUTE_11861,CHENNAI_COMMUNITY_GTFS,11861,MTC,556,Pazhaverkadu TO Ponneri,bus,3,operational
GTFS_ROUTE_11863,CHENNAI_COMMUNITY_GTFS,11863,MTC,556,Ponneri TO Kattupalli,bus,3,operational
GTFS_ROUTE_11866,CHENNAI_COMMUNITY_GTFS,11866,MTC,556,Ponneri TO Pazhaverkadu,bus,3,operational
GTFS_ROUTE_11867,CHENNAI_COMMUNITY_GTFS,11867,MTC,556,Ponneri TO Thiruvotriyur B.T,bus,3,operational
GTFS_ROUTE_11878,CHENNAI_COMMUNITY_GTFS,11878,MTC,556,Thiruvotriyur B.T TO Ponneri,bus,3,operational
GTFS_ROUTE_21083,CHENNAI_COMMUNITY_GTFS,21083,MTC,104 R,Tambaram West TO Redhills,bus,3,operational
GTFS_ROUTE_21084,CHENNAI_COMMUNITY_GTFS,21084,MTC,104 R1,Redhills TO Tambaram West,bus,3,operational
GTFS_ROUTE_21085,CHENNAI_COMMUNITY_GTFS,21085,MTC,C56C R,Island ground Terminus  TO Thiruvotriyur B.T,bus,3,operational
GTFS_ROUTE_21086,CHENNAI_COMMUNITY_GTFS,21086,MTC,C56C CT,Secretariat TO Thiruvotriyur B.T,bus,3,operational
GTFS_ROUTE_21088,CHENNAI_COMMUNITY_GTFS,21088,MTC,C56C CT1,Thiruvotiyur B.T TO Tondiarpet,bus,3,operational
GTFS_ROUTE_21089,CHENNAI_COMMUNITY_GTFS,21089,MTC,C56C CT3,Tondiarpet TO  Island ground,bus,3,operational
GTFS_ROUTE_21093,CHENNAI_COMMUNITY_GTFS,21093,MTC,15BEt CT1,Island ground TO M.G.R.Koyambedu,bus,3,operational
GTFS_ROUTE_21094,CHENNAI_COMMUNITY_GTFS,21094,MTC,15BEt CT3,M.G.R.Koyambedu TO  Island ground,bus,3,operational
GTFS_ROUTE_21095,CHENNAI_COMMUNITY_GTFS,21095,MTC,15BEt R1,M.G.R.Koyambedu TO Odeanmani,bus,3,operational
GTFS_ROUTE_21096,CHENNAI_COMMUNITY_GTFS,21096,MTC,15BEt R,Odeanmani TO M.G.R.Koyambedu,bus,3,operational
GTFS_ROUTE_21097,CHENNAI_COMMUNITY_GTFS,21097,MTC,32A R,Foreshore Estate TO Thangal Tollgate,bus,3,operational
GTFS_ROUTE_21099,CHENNAI_COMMUNITY_GTFS,21099,MTC,32A CT1,Thangal Tollgate TO Vivekananda House,bus,3,operational
GTFS_ROUTE_21100,CHENNAI_COMMUNITY_GTFS,21100,MTC,6DET CT,Foreshore TO Sathuma Nagar,bus,3,operational
GTFS_ROUTE_21101,CHENNAI_COMMUNITY_GTFS,21101,MTC,6DET CT1,Sathuma Nagar TO Foreshore,bus,3,operational
GTFS_ROUTE_21102,CHENNAI_COMMUNITY_GTFS,21102,MTC,6DEt CT2,Sathuma Nagar TO Thiruvanmiyur,bus,3,operational
GTFS_ROUTE_21103,CHENNAI_COMMUNITY_GTFS,21103,MTC,6DEt R,Thangal Tollgate TO Thiruvanmiyur,bus,3,operational
GTFS_ROUTE_21104,CHENNAI_COMMUNITY_GTFS,21104,MTC,6DEt CT4,Thiruvanmiyur TO Sathuma Nagar,bus,3,operational
GTFS_ROUTE_21105,CHENNAI_COMMUNITY_GTFS,21105,MTC,6DEt R1,Thiruvanmiyur TO Thangal Tollgate,bus,3,operational
GTFS_ROUTE_21106,CHENNAI_COMMUNITY_GTFS,21106,MTC,580 R,Arani TO Avadi B.T,bus,3,operational
GTFS_ROUTE_9466,CHENNAI_COMMUNITY_GTFS,9466,MTC,114A,M.G.R.Koyambedu TO Ayanavaram,bus,3,operational
GTFS_ROUTE_10884,CHENNAI_COMMUNITY_GTFS,10884,MTC,114A,Ayanavaram B.T TO Redhills,bus,3,operational
GTFS_ROUTE_9469,CHENNAI_COMMUNITY_GTFS,9469,MTC,114A,Redhills TO M.G.R.Koyambedu,bus,3,operational
GTFS_ROUTE_21107,CHENNAI_COMMUNITY_GTFS,21107,MTC,580 R1,Avadi B.T TO Arani,bus,3,operational
GTFS_ROUTE_21112,CHENNAI_COMMUNITY_GTFS,21112,MTC,40A R,Ambattur Industrial Estate TO  Pattabiram,bus,3,operational
GTFS_ROUTE_21113,CHENNAI_COMMUNITY_GTFS,21113,MTC,102C CT3,Island ground TO  Santhome,bus,3,operational
GTFS_ROUTE_13212,CHENNAI_COMMUNITY_GTFS,13212,MTC,M52Et,Guduvanchery TO Chromepet,bus,3,operational
GTFS_ROUTE_13214,CHENNAI_COMMUNITY_GTFS,13214,MTC,M52Et,Guduvanchery TO Pozhichalur,bus,3,operational
GTFS_ROUTE_21114,CHENNAI_COMMUNITY_GTFS,21114,MTC,102C R,Island ground TO  Semmancheri,bus,3,operational
GTFS_ROUTE_21116,CHENNAI_COMMUNITY_GTFS,21116,MTC,102C CT6,Santhome  TO  Island ground,bus,3,operational
GTFS_ROUTE_21118,CHENNAI_COMMUNITY_GTFS,21118,MTC,102K R2,Island ground  TO  Kannagi Nagar,bus,3,operational
GTFS_ROUTE_21119,CHENNAI_COMMUNITY_GTFS,21119,MTC,102K CT8,Island ground  TO  Foreshore Estate,bus,3,operational
GTFS_ROUTE_3206,CHENNAI_COMMUNITY_GTFS,3206,MTC,M52Et,Pozhichalur TO Kayarambedu,bus,3,operational
GTFS_ROUTE_14485,CHENNAI_COMMUNITY_GTFS,14485,MTC,M52Et,Guduvanchery TO Pallavaram,bus,3,operational
GTFS_ROUTE_13216,CHENNAI_COMMUNITY_GTFS,13216,MTC,M52Et,Pallavaram TO Pozhichalur,bus,3,operational
GTFS_ROUTE_13218,CHENNAI_COMMUNITY_GTFS,13218,MTC,M52Et,Pozhichalur TO Guduvanchery,bus,3,operational
GTFS_ROUTE_13219,CHENNAI_COMMUNITY_GTFS,13219,MTC,M52Et,Pozhichalur TO Pallavaram,bus,3,operational
GTFS_ROUTE_13353,CHENNAI_COMMUNITY_GTFS,13353,MTC,S5,Fort Station TO Secretariat,bus,3,operational
GTFS_ROUTE_13359,CHENNAI_COMMUNITY_GTFS,13359,MTC,S5,Secretariat TO Fort Station,bus,3,operational
GTFS_ROUTE_16281,CHENNAI_COMMUNITY_GTFS,16281,MTC,S5,Chinthathripet TO Fort Station,bus,3,operational
GTFS_ROUTE_2746,CHENNAI_COMMUNITY_GTFS,2746,MTC,M52Et,Pozhichalur TO Guduvancheri Bus Terminus,bus,3,operational
GTFS_ROUTE_13057,CHENNAI_COMMUNITY_GTFS,13057,MTC,D51Et,Saidapet TO Chithalapakkam Tnhb,bus,3,operational
GTFS_ROUTE_13352,CHENNAI_COMMUNITY_GTFS,13352,MTC,S5,Fort Station TO M.G.R.Central,bus,3,operational
GTFS_ROUTE_13354,CHENNAI_COMMUNITY_GTFS,13354,MTC,S5,M.G.R.Central TO Chindatharipet,bus,3,operational
GTFS_ROUTE_13356,CHENNAI_COMMUNITY_GTFS,13356,MTC,S5,M.G.R.Central TO Mandaveli,bus,3,operational
GTFS_ROUTE_13357,CHENNAI_COMMUNITY_GTFS,13357,MTC,S5,M.G.R.Central TO Secretariat,bus,3,operational
GTFS_ROUTE_13358,CHENNAI_COMMUNITY_GTFS,13358,MTC,S5,Mandaveli TO M.G.R.Central,bus,3,operational
GTFS_ROUTE_21120,CHENNAI_COMMUNITY_GTFS,21120,MTC,102K R1,Kannagi TO  Island ground,bus,3,operational
GTFS_ROUTE_12000,CHENNAI_COMMUNITY_GTFS,12000,MTC,558L,Minjur TO M.G.R.Koyambedu,bus,3,operational
GTFS_ROUTE_12003,CHENNAI_COMMUNITY_GTFS,12003,MTC,558L,Redhills TO M.G.R.Koyambedu,bus,3,operational
GTFS_ROUTE_11996,CHENNAI_COMMUNITY_GTFS,11996,MTC,558L,M.G.R.Koyambedu TO Minjur,bus,3,operational
GTFS_ROUTE_11998,CHENNAI_COMMUNITY_GTFS,11998,MTC,558L,M.G.R.Koyambedu TO Redhills,bus,3,operational
GTFS_ROUTE_13207,CHENNAI_COMMUNITY_GTFS,13207,MTC,M60,Thyagaraya Nagar TO N.Bakkam Kalaignar Nagar,bus,3,operational
GTFS_ROUTE_13200,CHENNAI_COMMUNITY_GTFS,13200,MTC,M60,Iyyappanthangal TO N.Bakkam Kalaignar Nagar,bus,3,operational
GTFS_ROUTE_13202,CHENNAI_COMMUNITY_GTFS,13202,MTC,M60,N.Bakkam Kalaignar Nagar TO Iyyappanthangal,bus,3,operational
GTFS_ROUTE_13203,CHENNAI_COMMUNITY_GTFS,13203,MTC,M60,N.Bakkam Kalaignar Nagar TO Thyagaraya Nagar,bus,3,operational
GTFS_ROUTE_21121,CHENNAI_COMMUNITY_GTFS,21121,MTC,102K CT1,Foreshore Estate TO Island ground,bus,3,operational
GTFS_ROUTE_21122,CHENNAI_COMMUNITY_GTFS,21122,MTC,102K CT9,Santhome Church  TO Island ground,bus,3,operational
GTFS_ROUTE_21123,CHENNAI_COMMUNITY_GTFS,21123,MTC,45B R,Island ground TO Guindy,bus,3,operational
GTFS_ROUTE_21126,CHENNAI_COMMUNITY_GTFS,21126,MTC,102P CT16,Santhome TO  Island ground,bus,3,operational
GTFS_ROUTE_16486,CHENNAI_COMMUNITY_GTFS,16486,MTC,S74,Keelkattalai TO Pallavaram,bus,3,operational
GTFS_ROUTE_16484,CHENNAI_COMMUNITY_GTFS,16484,MTC,S74,Kilkattalai TO Cement Road,bus,3,operational
GTFS_ROUTE_16485,CHENNAI_COMMUNITY_GTFS,16485,MTC,S74,Pallavaram TO Keelkattalai,bus,3,operational
GTFS_ROUTE_21128,CHENNAI_COMMUNITY_GTFS,21128,MTC,50Et RE,Ayyappan Madam TO Island ground,bus,3,operational
GTFS_ROUTE_21129,CHENNAI_COMMUNITY_GTFS,21129,MTC,50Et RE1,Ayyappan Madam TO Island ground,bus,3,operational
GTFS_ROUTE_21133,CHENNAI_COMMUNITY_GTFS,21133,MTC,45B R,Guindy TO  Island ground,bus,3,operational
GTFS_ROUTE_21137,CHENNAI_COMMUNITY_GTFS,21137,MTC,50Et RE2,Island ground TO Ayyappan Madam,bus,3,operational
GTFS_ROUTE_21141,CHENNAI_COMMUNITY_GTFS,21141,MTC,109X R,Thiruporur TO Island ground,bus,3,operational
GTFS_ROUTE_21136,CHENNAI_COMMUNITY_GTFS,21136,MTC,109,Thiruporur TO  Island ground,bus,3,operational
GTFS_ROUTE_21143,CHENNAI_COMMUNITY_GTFS,21143,MTC,109X R,Island ground TO Thiruporur,bus,3,operational
GTFS_ROUTE_21144,CHENNAI_COMMUNITY_GTFS,21144,MTC,109X,Island ground TO Thiruvanmiyur,bus,3,operational
GTFS_ROUTE_21150,CHENNAI_COMMUNITY_GTFS,21150,MTC,53E R,Kundrathur TO  Royapuram,bus,3,operational
GTFS_ROUTE_21152,CHENNAI_COMMUNITY_GTFS,21152,MTC,40A R,Ambattur Industrial Estate TO  Anna Square,bus,3,operational
GTFS_ROUTE_21153,CHENNAI_COMMUNITY_GTFS,21153,MTC,40A R1,Pattabiram TO  Ambattur Industrial Estate,bus,3,operational
GTFS_ROUTE_21154,CHENNAI_COMMUNITY_GTFS,21154,MTC,40H R,Ambattur Industrial Estate TO  Anna Square,bus,3,operational
GTFS_ROUTE_21155,CHENNAI_COMMUNITY_GTFS,21155,MTC,40A R1,Anna Square TO  Ambattur Industrial Estate,bus,3,operational
GTFS_ROUTE_21148,CHENNAI_COMMUNITY_GTFS,21148,MTC,5C,Thiruvanmiyur  TO  Royapuram,bus,3,operational
GTFS_ROUTE_11332,CHENNAI_COMMUNITY_GTFS,11332,MTC,40A,Pattabiram TO Avadi B.T,bus,3,operational
GTFS_ROUTE_10392,CHENNAI_COMMUNITY_GTFS,10392,MTC,266,Avadi B.T TO Tambaram West,bus,3,operational
GTFS_ROUTE_10394,CHENNAI_COMMUNITY_GTFS,10394,MTC,266,Tambaram West TO Avadi B.T,bus,3,operational
GTFS_ROUTE_21170,CHENNAI_COMMUNITY_GTFS,21170,MTC,18A R1,Royapuram TO Tambaram West,bus,3,operational
GTFS_ROUTE_21172,CHENNAI_COMMUNITY_GTFS,21172,MTC,18E R,Ramapuram TO Royapuram,bus,3,operational
GTFS_ROUTE_21173,CHENNAI_COMMUNITY_GTFS,21173,MTC,18E R1,Royapuram TO Ramapuram,bus,3,operational
GTFS_ROUTE_21174,CHENNAI_COMMUNITY_GTFS,21174,MTC,18P CT3,Royapuram TO  Ngo Colony,bus,3,operational
GTFS_ROUTE_21175,CHENNAI_COMMUNITY_GTFS,21175,MTC,18E CT1,Royapuram TO Ngo Colony,bus,3,operational
GTFS_ROUTE_11893,CHENNAI_COMMUNITY_GTFS,11893,MTC,55D,Keerapakkam TO Tambaram West,bus,3,operational
GTFS_ROUTE_11895,CHENNAI_COMMUNITY_GTFS,11895,MTC,55D,Tambaram West TO Kandigai,bus,3,operational
GTFS_ROUTE_11896,CHENNAI_COMMUNITY_GTFS,11896,MTC,55D,Tambaram West TO Keerapakkam,bus,3,operational
GTFS_ROUTE_21176,CHENNAI_COMMUNITY_GTFS,21176,MTC,18R CT,Royapuram TO Ngo Colony,bus,3,operational
GTFS_ROUTE_21177,CHENNAI_COMMUNITY_GTFS,21177,MTC,18RX CT,Royapuram TO Ngo Colony,bus,3,operational
GTFS_ROUTE_21178,CHENNAI_COMMUNITY_GTFS,21178,MTC,N45B CT1,Ngo Colony TO Keelkattalai,bus,3,operational
GTFS_ROUTE_21179,CHENNAI_COMMUNITY_GTFS,21179,MTC,M51R CT8,Ngo Colony TO  Keelkattalai,bus,3,operational
GTFS_ROUTE_21180,CHENNAI_COMMUNITY_GTFS,21180,MTC,18E CT,Ngo Colony TO Royapuram,bus,3,operational
GTFS_ROUTE_21181,CHENNAI_COMMUNITY_GTFS,21181,MTC,18P CT,Ngo Colony TO  Royapuram,bus,3,operational
GTFS_ROUTE_21182,CHENNAI_COMMUNITY_GTFS,21182,MTC,18R CT2,Ngo Colony TO Royapuram,bus,3,operational
GTFS_ROUTE_21183,CHENNAI_COMMUNITY_GTFS,21183,MTC,18RX CT,Ngo Colony TO Royapuram terminus,bus,3,operational
GTFS_ROUTE_21184,CHENNAI_COMMUNITY_GTFS,21184,MTC,18E CT3,Ramapuram  TO  Island ground,bus,3,operational
GTFS_ROUTE_21185,CHENNAI_COMMUNITY_GTFS,21185,MTC,40H R,Ambattur Industrial Estate TO  Pattabiram,bus,3,operational
GTFS_ROUTE_574,CHENNAI_COMMUNITY_GTFS,574,MTC,51,Tambaram TO Velachery,bus,3,operational
GTFS_ROUTE_22511,CHENNAI_COMMUNITY_GTFS,22511,MTC,38G CT,Padiyanallur TO Moolakadai,bus,3,operational
GTFS_ROUTE_22517,CHENNAI_COMMUNITY_GTFS,22517,MTC,17D CT1,Ethiraj College TO K.K.Nagar,bus,3,operational
GTFS_ROUTE_22516,CHENNAI_COMMUNITY_GTFS,22516,MTC,38G,Moolakadai TO Vazhuthigaimedu,bus,3,operational
GTFS_ROUTE_22518,CHENNAI_COMMUNITY_GTFS,22518,MTC,17D CT2,K.K.Nagar TO M.G.R.Koyambedu,bus,3,operational
GTFS_ROUTE_22519,CHENNAI_COMMUNITY_GTFS,22519,MTC,17D,Maternity Hospital TO Ethiraj College,bus,3,operational
GTFS_ROUTE_21186,CHENNAI_COMMUNITY_GTFS,21186,MTC,18P R,Royapuram TO  Puzhuthivakkam,bus,3,operational
GTFS_ROUTE_21187,CHENNAI_COMMUNITY_GTFS,21187,MTC,M51R R,Royapuram TO Puzhuthivakkam,bus,3,operational
GTFS_ROUTE_21188,CHENNAI_COMMUNITY_GTFS,21188,MTC,18P R1,Puzhuthivakkam TO  Royapuram,bus,3,operational
GTFS_ROUTE_21189,CHENNAI_COMMUNITY_GTFS,21189,MTC,M51R R,Puzhuthivakkam TO Royapuram,bus,3,operational
GTFS_ROUTE_21190,CHENNAI_COMMUNITY_GTFS,21190,MTC,M51R CT,Royapuram TO Keelkattalai,bus,3,operational
GTFS_ROUTE_21191,CHENNAI_COMMUNITY_GTFS,21191,MTC,18RX R,Royapuram TO Keelkattalai,bus,3,operational
GTFS_ROUTE_21192,CHENNAI_COMMUNITY_GTFS,21192,MTC,18RX R,Keelkattalai TO Royapuram terminus,bus,3,operational
GTFS_ROUTE_21193,CHENNAI_COMMUNITY_GTFS,21193,MTC,M51R CT2,Keelkattalai TO Royapuram,bus,3,operational
GTFS_ROUTE_21194,CHENNAI_COMMUNITY_GTFS,21194,MTC,102K CT5,Ezilnagar TO  Island ground,bus,3,operational
GTFS_ROUTE_21197,CHENNAI_COMMUNITY_GTFS,21197,MTC,21G CT8,Island ground TO Foreshore Estate,bus,3,operational
GTFS_ROUTE_21209,CHENNAI_COMMUNITY_GTFS,21209,MTC,21G ct8,Foreshore Estate TO Island ground,bus,3,operational
GTFS_ROUTE_21232,CHENNAI_COMMUNITY_GTFS,21232,MTC,18R CT5,Royapuram TO Nanganallur,bus,3,operational
GTFS_ROUTE_21225,CHENNAI_COMMUNITY_GTFS,21225,MTC,S84,Kumaran Kundram TO Alandur Metro,bus,3,operational
GTFS_ROUTE_21236,CHENNAI_COMMUNITY_GTFS,21236,MTC,A1 CT7,Thiruvanmiyur TO  Island ground,bus,3,operational
GTFS_ROUTE_21218,CHENNAI_COMMUNITY_GTFS,21218,MTC,S84,Alandur Metro TO  Kumaran Kundram,bus,3,operational
GTFS_ROUTE_21219,CHENNAI_COMMUNITY_GTFS,21219,MTC,S83,Alandur Metro TO Kumaran Kundram,bus,3,operational
GTFS_ROUTE_21220,CHENNAI_COMMUNITY_GTFS,21220,MTC,S82,Alandur Metro TO Kumaran Kundram,bus,3,operational
GTFS_ROUTE_21221,CHENNAI_COMMUNITY_GTFS,21221,MTC,S82,Kumaran Kundram TO Alandur Metro,bus,3,operational
GTFS_ROUTE_21222,CHENNAI_COMMUNITY_GTFS,21222,MTC,S83,Kumaran Kundram TO Alandur Metro,bus,3,operational
GTFS_ROUTE_21227,CHENNAI_COMMUNITY_GTFS,21227,MTC,E18 CT1,Kilambakkam TO Royapuram,bus,3,operational
GTFS_ROUTE_21228,CHENNAI_COMMUNITY_GTFS,21228,MTC,E18 CT3,Royapuram  TO  Kilambakkam,bus,3,operational
GTFS_ROUTE_21229,CHENNAI_COMMUNITY_GTFS,21229,MTC,E18 R,Guduvancheri TO  Royapuram,bus,3,operational
GTFS_ROUTE_21230,CHENNAI_COMMUNITY_GTFS,21230,MTC,E18 R1,Royapuram  TO  Guduvancheri,bus,3,operational
GTFS_ROUTE_21231,CHENNAI_COMMUNITY_GTFS,21231,MTC,18R R,Nanganallur TO Royapuram,bus,3,operational
GTFS_ROUTE_21233,CHENNAI_COMMUNITY_GTFS,21233,MTC,6 R,Thiruvanmiyur TO  Island ground,bus,3,operational
GTFS_ROUTE_21239,CHENNAI_COMMUNITY_GTFS,21239,MTC,E18 CT4,Royapuram TO   Tambaram West,bus,3,operational
GTFS_ROUTE_21242,CHENNAI_COMMUNITY_GTFS,21242,MTC,E18 CT7,Tambaram West TO  Royapuram,bus,3,operational
GTFS_ROUTE_21244,CHENNAI_COMMUNITY_GTFS,21244,MTC,21C CT5,Royapuram TO  Mylapore Tank,bus,3,operational
GTFS_ROUTE_16419,CHENNAI_COMMUNITY_GTFS,16419,MTC,S90,Tambaram West TO Mannivakkam,bus,3,operational
GTFS_ROUTE_15793,CHENNAI_COMMUNITY_GTFS,15793,MTC,66M,Tambaram West TO Malayambakkam,bus,3,operational
GTFS_ROUTE_15792,CHENNAI_COMMUNITY_GTFS,15792,MTC,66M,Malayambakkam TO Tambaram West,bus,3,operational
GTFS_ROUTE_17485,CHENNAI_COMMUNITY_GTFS,17485,MTC,66M,Tambaram West TO Kundrathur B.S,bus,3,operational
GTFS_ROUTE_21246,CHENNAI_COMMUNITY_GTFS,21246,MTC,21C CT7,Mylapore Tank TO Royapuram,bus,3,operational
GTFS_ROUTE_21249,CHENNAI_COMMUNITY_GTFS,21249,MTC,56C CT4,Island groun TO  Jothi Nagar,bus,3,operational
GTFS_ROUTE_21251,CHENNAI_COMMUNITY_GTFS,21251,MTC,56C CT5,Jothi Nagar TO  Island ground,bus,3,operational
GTFS_ROUTE_10783,CHENNAI_COMMUNITY_GTFS,10783,MTC,202A,Tambaram West TO Avadi B.T,bus,3,operational
GTFS_ROUTE_10782,CHENNAI_COMMUNITY_GTFS,10782,MTC,202A,Avadi B.T TO Tambaram West,bus,3,operational
GTFS_ROUTE_21252,CHENNAI_COMMUNITY_GTFS,21252,MTC,45B CT2,Island ground TO  Cement Road,bus,3,operational
GTFS_ROUTE_21253,CHENNAI_COMMUNITY_GTFS,21253,MTC,88K CT4,Saidapet TO  Royapuram,bus,3,operational
GTFS_ROUTE_21255,CHENNAI_COMMUNITY_GTFS,21255,MTC,M1 CT1,Nanganallur TO Saidapet,bus,3,operational
GTFS_ROUTE_21256,CHENNAI_COMMUNITY_GTFS,21256,MTC,M1A CT5,Nanganallur TO  Saidapet,bus,3,operational
GTFS_ROUTE_21257,CHENNAI_COMMUNITY_GTFS,21257,MTC,18R CT1,Nanganallur TO Ngo Colony,bus,3,operational
GTFS_ROUTE_21259,CHENNAI_COMMUNITY_GTFS,21259,MTC,18R CT1,Ngo Colony TO Nanganallur,bus,3,operational
GTFS_ROUTE_21260,CHENNAI_COMMUNITY_GTFS,21260,MTC,70N CT,Ngo Colony TO Nanganallur,bus,3,operational
GTFS_ROUTE_21261,CHENNAI_COMMUNITY_GTFS,21261,MTC,70N CT,Nanganallur TO Ngo Colony,bus,3,operational
GTFS_ROUTE_21262,CHENNAI_COMMUNITY_GTFS,21262,MTC,21 CT5,Royapuram TO  Guindy Industrial Estate,bus,3,operational
GTFS_ROUTE_21263,CHENNAI_COMMUNITY_GTFS,21263,MTC,N45B R,Keelkattalai TO Island ground,bus,3,operational
GTFS_ROUTE_21264,CHENNAI_COMMUNITY_GTFS,21264,MTC,A45B CT2,Guindy Tvk Estate TO Anna Square,bus,3,operational
GTFS_ROUTE_21265,CHENNAI_COMMUNITY_GTFS,21265,MTC,N45B R,Island ground TO Keelkattalai,bus,3,operational
GTFS_ROUTE_21266,CHENNAI_COMMUNITY_GTFS,21266,MTC,A1 CT4,M.G.R.Koyambedu TO  Island ground,bus,3,operational
GTFS_ROUTE_21272,CHENNAI_COMMUNITY_GTFS,21272,MTC,102K CT5,Island ground Terminus TO  Kannagi Nagar,bus,3,operational
GTFS_ROUTE_13055,CHENNAI_COMMUNITY_GTFS,13055,MTC,D51Et,Chithalapakkam Tnhb TO Saidapet,bus,3,operational
GTFS_ROUTE_21274,CHENNAI_COMMUNITY_GTFS,21274,MTC,102X CT5,Island ground TO  Adyar,bus,3,operational
GTFS_ROUTE_21275,CHENNAI_COMMUNITY_GTFS,21275,MTC,M51R CT6,Keelkattalai TO  Ngo Colony,bus,3,operational
GTFS_ROUTE_21276,CHENNAI_COMMUNITY_GTFS,21276,MTC,N45B CT,Keelkattalai TO Ngo Colony,bus,3,operational
GTFS_ROUTE_21278,CHENNAI_COMMUNITY_GTFS,21278,MTC,18E CT,Ngo Colony TO Ramapuram,bus,3,operational
GTFS_ROUTE_21279,CHENNAI_COMMUNITY_GTFS,21279,MTC,18E CT1,Ramapuram TO Ngo Colony,bus,3,operational
GTFS_ROUTE_21280,CHENNAI_COMMUNITY_GTFS,21280,MTC,18E CT7,Island ground TO Ramapuram,bus,3,operational
GTFS_ROUTE_21281,CHENNAI_COMMUNITY_GTFS,21281,MTC,37B,T.V.K Nagar to Vadapalani,bus,3,operational
GTFS_ROUTE_21282,CHENNAI_COMMUNITY_GTFS,21282,MTC,56C CT1,Ennore TO  Island ground,bus,3,operational
GTFS_ROUTE_21284,CHENNAI_COMMUNITY_GTFS,21284,MTC,56C CT3,Island ground  TO  Ennore,bus,3,operational
GTFS_ROUTE_21285,CHENNAI_COMMUNITY_GTFS,21285,MTC,40H R1,Anna Square TO  Ambattur Industrial Estate,bus,3,operational
GTFS_ROUTE_21286,CHENNAI_COMMUNITY_GTFS,21286,MTC,40H R1,Avadi TO  Ambattur Industrial Estate,bus,3,operational
GTFS_ROUTE_21287,CHENNAI_COMMUNITY_GTFS,21287,MTC,45B CT,Anna Square TO  Guindy,bus,3,operational
GTFS_ROUTE_21288,CHENNAI_COMMUNITY_GTFS,21288,MTC,88K R1,Kundrathur TO  Royapuram,bus,3,operational
GTFS_ROUTE_21292,CHENNAI_COMMUNITY_GTFS,21292,MTC,N45B CT,Island ground TO Ngo Colony,bus,3,operational
GTFS_ROUTE_21293,CHENNAI_COMMUNITY_GTFS,21293,MTC,N45B CT1,Ngo Colony TO Island ground,bus,3,operational
GTFS_ROUTE_21294,CHENNAI_COMMUNITY_GTFS,21294,MTC,M1A CT1,Keelkattalai TO  Saidapet,bus,3,operational
GTFS_ROUTE_21295,CHENNAI_COMMUNITY_GTFS,21295,MTC,45BEt CT2,Iyyappanthangal TO Mugalivakkam,bus,3,operational
GTFS_ROUTE_15221,CHENNAI_COMMUNITY_GTFS,15221,MTC,C33,Kaviarasu Kannadasan Nagar Bus Stand TO Kannadasan Nagar,bus,3,operational
GTFS_ROUTE_14926,CHENNAI_COMMUNITY_GTFS,14926,MTC,164E,Perambur Bus Terminus TO Manali Bus Terminus,bus,3,operational
GTFS_ROUTE_14927,CHENNAI_COMMUNITY_GTFS,14927,MTC,164E,Manali Bus Terminus TO Perambur Bus Terminus,bus,3,operational
GTFS_ROUTE_15502,CHENNAI_COMMUNITY_GTFS,15502,MTC,164E,Vyasarpadi TO Perambur Bus Terminus,bus,3,operational
GTFS_ROUTE_15503,CHENNAI_COMMUNITY_GTFS,15503,MTC,164E,Perambur Bus Terminus TO Vyasarpadi,bus,3,operational
GTFS_ROUTE_21296,CHENNAI_COMMUNITY_GTFS,21296,MTC,45BEt CT,Mugalivakkam TO Iyyappanthangal,bus,3,operational
GTFS_ROUTE_21299,CHENNAI_COMMUNITY_GTFS,21299,MTC,56P CT12,Thangal TO  Island ground,bus,3,operational
GTFS_ROUTE_21300,CHENNAI_COMMUNITY_GTFS,21300,MTC,56P CT4,Island ground TO  Thangal Tollgate,bus,3,operational
GTFS_ROUTE_22522,CHENNAI_COMMUNITY_GTFS,22522,MTC,188C R,Kundrathur Bus Terminus TO  Royapuram terminus,bus,3,operational
GTFS_ROUTE_22523,CHENNAI_COMMUNITY_GTFS,22523,MTC,C56CEt R,Island ground Terminus TO Air Nagar,bus,3,operational
GTFS_ROUTE_22524,CHENNAI_COMMUNITY_GTFS,22524,MTC,C56CEt R,Air Nagar TO Island ground Terminus,bus,3,operational
GTFS_ROUTE_22525,CHENNAI_COMMUNITY_GTFS,22525,MTC,188C R,Royapuram terminus TO Kundrathur Bus Terminus,bus,3,operational
GTFS_ROUTE_22526,CHENNAI_COMMUNITY_GTFS,22526,MTC,188Et R,Kundrathur Bus Terminus TO Royapuram terminus,bus,3,operational
GTFS_ROUTE_22527,CHENNAI_COMMUNITY_GTFS,22527,MTC,188Et R,Royapuram terminus TO Kundrathur Bus Terminus,bus,3,operational
GTFS_ROUTE_21301,CHENNAI_COMMUNITY_GTFS,21301,MTC,A1 CT1,Fort to Secretariat,bus,3,operational
GTFS_ROUTE_21302,CHENNAI_COMMUNITY_GTFS,21302,MTC,A1 CT5,Secretariat TO  Fort,bus,3,operational
GTFS_ROUTE_8029,CHENNAI_COMMUNITY_GTFS,8029,MTC,A1Et,Okk.Thoraipakm Sec.Colony TO Thiruvanmiyur Bus Stand,bus,3,operational
GTFS_ROUTE_8031,CHENNAI_COMMUNITY_GTFS,8031,MTC,A1Et,Thiruvanmiyur TO Okk.Thoraipakm Sec.Colony,bus,3,operational
GTFS_ROUTE_13016,CHENNAI_COMMUNITY_GTFS,13016,MTC,A1Et,Okk.Thoraipakm Sec.Colony TO M.G.R.Central,bus,3,operational
GTFS_ROUTE_15784,CHENNAI_COMMUNITY_GTFS,15784,MTC,S23,Iyyappanthangal TO Porur,bus,3,operational
GTFS_ROUTE_15785,CHENNAI_COMMUNITY_GTFS,15785,MTC,S23,Porur TO Iyyappanthangal,bus,3,operational
GTFS_ROUTE_21303,CHENNAI_COMMUNITY_GTFS,21303,MTC,A1 CT3,Mgr Central to   Secretariat,bus,3,operational
GTFS_ROUTE_16818,CHENNAI_COMMUNITY_GTFS,16818,MTC,S67,M.M.B.T TO Ambattur O.T Bus Stand,bus,3,operational
GTFS_ROUTE_21304,CHENNAI_COMMUNITY_GTFS,21304,MTC,88K CT1,Kundrathur TO  Saidapet,bus,3,operational
GTFS_ROUTE_13014,CHENNAI_COMMUNITY_GTFS,13014,MTC,A1Et,M.G.R.Central TO Okk.Thoraipakm Sec.Colony,bus,3,operational
GTFS_ROUTE_12941,CHENNAI_COMMUNITY_GTFS,12941,MTC,88KEt,Kundrathur B.T TO Nallur,bus,3,operational
GTFS_ROUTE_12945,CHENNAI_COMMUNITY_GTFS,12945,MTC,88KEt,Nallur TO Kundrathur B.T,bus,3,operational
GTFS_ROUTE_21305,CHENNAI_COMMUNITY_GTFS,21305,MTC,A1Et CT1,Mgr Central Railway Station TO  Kannagi Nagar,bus,3,operational
GTFS_ROUTE_16406,CHENNAI_COMMUNITY_GTFS,16406,MTC,578PC,Kelambakkam TO Poonamallee,bus,3,operational
GTFS_ROUTE_16423,CHENNAI_COMMUNITY_GTFS,16423,MTC,578PC,Poonamallee TO Kelambakkam,bus,3,operational
GTFS_ROUTE_16371,CHENNAI_COMMUNITY_GTFS,16371,MTC,578PC,Poonamallee TO Sunguvarchatram,bus,3,operational
GTFS_ROUTE_16370,CHENNAI_COMMUNITY_GTFS,16370,MTC,578PC,Sunguvarchatram TO Poonamallee,bus,3,operational
GTFS_ROUTE_12864,CHENNAI_COMMUNITY_GTFS,12864,MTC,89A,Iyyappanthangal TO Somangalam,bus,3,operational
GTFS_ROUTE_12871,CHENNAI_COMMUNITY_GTFS,12871,MTC,89A,Somangalam TO Iyyappanthangal,bus,3,operational
GTFS_ROUTE_12873,CHENNAI_COMMUNITY_GTFS,12873,MTC,89A,Somangalam TO Porur,bus,3,operational
GTFS_ROUTE_21307,CHENNAI_COMMUNITY_GTFS,21307,MTC,88K CT6,Royapuram TO  Kovur,bus,3,operational
GTFS_ROUTE_21308,CHENNAI_COMMUNITY_GTFS,21308,MTC,88K CT,Kovur E B TO  Royapuram,bus,3,operational
GTFS_ROUTE_21316,CHENNAI_COMMUNITY_GTFS,21316,MTC,56DEt R1,Mathur Bus Stand TO Island ground,bus,3,operational
GTFS_ROUTE_21318,CHENNAI_COMMUNITY_GTFS,21318,MTC,56DEt CT4,Mathur M.M.D.A. TO Tondiarpet,bus,3,operational
GTFS_ROUTE_21321,CHENNAI_COMMUNITY_GTFS,21321,MTC,56DEt CT2,Mathur TO  Secretariat,bus,3,operational
GTFS_ROUTE_11328,CHENNAI_COMMUNITY_GTFS,11328,MTC,40A,Avadi B.T TO Pattabiram,bus,3,operational
GTFS_ROUTE_13323,CHENNAI_COMMUNITY_GTFS,13323,MTC,S27,Guindy R.S TO Porur,bus,3,operational
GTFS_ROUTE_10865,CHENNAI_COMMUNITY_GTFS,10865,MTC,S27,Iyyappanthangal TO Guindy  Race Course,bus,3,operational
GTFS_ROUTE_9782,CHENNAI_COMMUNITY_GTFS,9782,MTC,166K,Iyyappanthangal TO Kilambakkam B.S,bus,3,operational
GTFS_ROUTE_12148,CHENNAI_COMMUNITY_GTFS,12148,MTC,578PCt,Sunguvarchathiram TO Poonamallee B.T,bus,3,operational
GTFS_ROUTE_21326,CHENNAI_COMMUNITY_GTFS,21326,MTC,A1Et CT,Kannagi Nagar TO  Okk.Thoraipakm,bus,3,operational
GTFS_ROUTE_21330,CHENNAI_COMMUNITY_GTFS,21330,MTC,A1 CT6,Secretariat  TO  Mgr Central,bus,3,operational
GTFS_ROUTE_21331,CHENNAI_COMMUNITY_GTFS,21331,MTC,597 CT5,K.K.Nagar TO  Poonamallee,bus,3,operational
GTFS_ROUTE_21332,CHENNAI_COMMUNITY_GTFS,21332,MTC,56P CT8,Minjur  TO  Thangal Tollgate,bus,3,operational
GTFS_ROUTE_21333,CHENNAI_COMMUNITY_GTFS,21333,MTC,56P CT11,Thangal Tollgate TO  Minjur,bus,3,operational
GTFS_ROUTE_21325,CHENNAI_COMMUNITY_GTFS,21325,MTC,5C,Adyar TO  Egmore,bus,3,operational
GTFS_ROUTE_21329,CHENNAI_COMMUNITY_GTFS,21329,MTC,5C,Egmore  TO  Thiruvanmiyur,bus,3,operational
GTFS_ROUTE_21334,CHENNAI_COMMUNITY_GTFS,21334,MTC,21G ct1,Foreshore Estate TO Kilambakkam,bus,3,operational
GTFS_ROUTE_15892,CHENNAI_COMMUNITY_GTFS,15892,MTC,170CE,Manali Bus Terminus TO Moolakadai,bus,3,operational
GTFS_ROUTE_10458,CHENNAI_COMMUNITY_GTFS,10458,MTC,170CE,Moolakadai TO Manali,bus,3,operational
GTFS_ROUTE_13383,CHENNAI_COMMUNITY_GTFS,13383,MTC,S51,Ambattur I.E TO Nolambur Sakthi Nagar,bus,3,operational
GTFS_ROUTE_13386,CHENNAI_COMMUNITY_GTFS,13386,MTC,S51,M.G.R.Koyambedu TO Nolambur Sakthi Nagar,bus,3,operational
GTFS_ROUTE_13391,CHENNAI_COMMUNITY_GTFS,13391,MTC,S51,Nolambur Sakthi Nagar TO Ambattur I.E,bus,3,operational
GTFS_ROUTE_13392,CHENNAI_COMMUNITY_GTFS,13392,MTC,S51,Nolambur Sakthi Nagar TO M.G.R.Koyambedu,bus,3,operational
GTFS_ROUTE_21339,CHENNAI_COMMUNITY_GTFS,21339,MTC,56P CT1,Island ground  TO  Manali New Town,bus,3,operational
GTFS_ROUTE_21340,CHENNAI_COMMUNITY_GTFS,21340,MTC,6D CT2,Foreshore Estate TO Thangal Tollgate,bus,3,operational
GTFS_ROUTE_21341,CHENNAI_COMMUNITY_GTFS,21341,MTC,18N CT2,Kilambakkam TO  Velachery,bus,3,operational
GTFS_ROUTE_21342,CHENNAI_COMMUNITY_GTFS,21342,MTC,18N CT6,Velachery TO  Kilambakkam,bus,3,operational
GTFS_ROUTE_21343,CHENNAI_COMMUNITY_GTFS,21343,MTC,18N CT7,Velachery TO Ngo Colony,bus,3,operational
GTFS_ROUTE_21344,CHENNAI_COMMUNITY_GTFS,21344,MTC,18N CT3,Ngo Colony TO Velachery,bus,3,operational
GTFS_ROUTE_21345,CHENNAI_COMMUNITY_GTFS,21345,MTC,18N CT4,Nanganallur TO Guduvancheri,bus,3,operational
GTFS_ROUTE_21346,CHENNAI_COMMUNITY_GTFS,21346,MTC,18N CT,Guduvancheri Bus TO Nanganallur Bus,bus,3,operational
GTFS_ROUTE_21347,CHENNAI_COMMUNITY_GTFS,21347,MTC,18N CT5,Nanganallur TO  Kilambakkam,bus,3,operational
GTFS_ROUTE_15896,CHENNAI_COMMUNITY_GTFS,15896,MTC,580M,Thiruninravur TO Malanthur,bus,3,operational
GTFS_ROUTE_15897,CHENNAI_COMMUNITY_GTFS,15897,MTC,580M,Malanthur TO Thiruninravur,bus,3,operational
GTFS_ROUTE_12526,CHENNAI_COMMUNITY_GTFS,12526,MTC,65H,Redhills TO Avadi B.T,bus,3,operational
GTFS_ROUTE_12531,CHENNAI_COMMUNITY_GTFS,12531,MTC,65G,Thamaraipakkam Rd.Jn TO Meyyur,bus,3,operational
GTFS_ROUTE_21348,CHENNAI_COMMUNITY_GTFS,21348,MTC,18N CT8,Kilambakkam  TO Nanganallur,bus,3,operational
GTFS_ROUTE_22528,CHENNAI_COMMUNITY_GTFS,22528,MTC,88KEt R,Royapuram terminus TO Nallur,bus,3,operational
GTFS_ROUTE_21352,CHENNAI_COMMUNITY_GTFS,21352,MTC,56P CT7,Manali New Town TO  Island ground,bus,3,operational
GTFS_ROUTE_21354,CHENNAI_COMMUNITY_GTFS,21354,MTC,A54C R1,Poonamallee TO  Avadi,bus,3,operational
GTFS_ROUTE_21355,CHENNAI_COMMUNITY_GTFS,21355,MTC,A54C R,Avadi  TO  Poonamallee,bus,3,operational
GTFS_ROUTE_21356,CHENNAI_COMMUNITY_GTFS,21356,MTC,102X CT2,Adyar Depot TO  Island ground,bus,3,operational
GTFS_ROUTE_22529,CHENNAI_COMMUNITY_GTFS,22529,MTC,18X R,Oonamancheri TO Royapuram,bus,3,operational
GTFS_ROUTE_22530,CHENNAI_COMMUNITY_GTFS,22530,MTC,88KEt R,Nallur TO Royapuram terminus,bus,3,operational
GTFS_ROUTE_22531,CHENNAI_COMMUNITY_GTFS,22531,MTC,18X R1,Royapuram TO Oonamancheri,bus,3,operational
GTFS_ROUTE_22532,CHENNAI_COMMUNITY_GTFS,22532,MTC,64KEt R,Island ground Terminus TO Kodungaiyur Parvathi Naga,bus,3,operational
GTFS_ROUTE_22534,CHENNAI_COMMUNITY_GTFS,22534,MTC,64KEt R,Kodungaiyur Parvathi Naga TO  Island ground Terminus,bus,3,operational
GTFS_ROUTE_22535,CHENNAI_COMMUNITY_GTFS,22535,MTC,26G R,Ramapuram TO Royapuram,bus,3,operational
GTFS_ROUTE_22536,CHENNAI_COMMUNITY_GTFS,22536,MTC,26G R,Royapuram TO Ramapuram,bus,3,operational
GTFS_ROUTE_22537,CHENNAI_COMMUNITY_GTFS,22537,MTC,64D R,Island ground Terminus TO Kosappur Bus Stand,bus,3,operational
GTFS_ROUTE_22538,CHENNAI_COMMUNITY_GTFS,22538,MTC,26K R,Kovur TO Royapuram terminus,bus,3,operational
GTFS_ROUTE_21357,CHENNAI_COMMUNITY_GTFS,21357,MTC,159 R5,Thiruverkadu Bus Terminus TO  Thiruvottriyur,bus,3,operational
GTFS_ROUTE_21358,CHENNAI_COMMUNITY_GTFS,21358,MTC,18M,Vadapalani Depot TO  Tambaram Depot,bus,3,operational
GTFS_ROUTE_21359,CHENNAI_COMMUNITY_GTFS,21359,MTC,18M,Tambaram Depot TO  Vadapalani Depot,bus,3,operational
GTFS_ROUTE_16468,CHENNAI_COMMUNITY_GTFS,16468,MTC,S75,Padi Lucas Tvs TO Ambattur Industrial Estate Depot,bus,3,operational
GTFS_ROUTE_16477,CHENNAI_COMMUNITY_GTFS,16477,MTC,S75,Ambattur O.T TO Ambattur I.E,bus,3,operational
GTFS_ROUTE_16469,CHENNAI_COMMUNITY_GTFS,16469,MTC,S75,Ambattur Industrial Estate Depot TO Padi Lucas Tvs,bus,3,operational
GTFS_ROUTE_16476,CHENNAI_COMMUNITY_GTFS,16476,MTC,S75,Patravakkam R.S TO Padi Lucas T.V.S,bus,3,operational
GTFS_ROUTE_16475,CHENNAI_COMMUNITY_GTFS,16475,MTC,S75,Padi Lucas T.V.S TO Patravakkam R.S,bus,3,operational
GTFS_ROUTE_21367,CHENNAI_COMMUNITY_GTFS,21367,MTC,101CT,Poonamallee Depot TO  Royapuram,bus,3,operational
GTFS_ROUTE_13347,CHENNAI_COMMUNITY_GTFS,13347,MTC,S47M,Avadi B.T TO C.R.P.F,bus,3,operational
GTFS_ROUTE_16316,CHENNAI_COMMUNITY_GTFS,16316,MTC,S47M,C.R.P.F TO Avadi B.T,bus,3,operational
GTFS_ROUTE_13393,CHENNAI_COMMUNITY_GTFS,13393,MTC,S42,Korattur TO Maduravoyal Market,bus,3,operational
GTFS_ROUTE_13394,CHENNAI_COMMUNITY_GTFS,13394,MTC,S42,Maduravoyal Market TO Korattur,bus,3,operational
GTFS_ROUTE_13395,CHENNAI_COMMUNITY_GTFS,13395,MTC,S42,Korattur TO Ambattur I.E,bus,3,operational
GTFS_ROUTE_13397,CHENNAI_COMMUNITY_GTFS,13397,MTC,S42,Ambattur I.E TO Korattur,bus,3,operational
GTFS_ROUTE_13326,CHENNAI_COMMUNITY_GTFS,13326,MTC,S28,Iyyappanthangal TO M.G.R.Koyambedu,bus,3,operational
GTFS_ROUTE_13328,CHENNAI_COMMUNITY_GTFS,13328,MTC,S28,M.G.R.Koyambedu TO Iyyappanthangal,bus,3,operational
GTFS_ROUTE_13306,CHENNAI_COMMUNITY_GTFS,13306,MTC,S25A,Iyyappanthangal TO Maduravoyal Erikarai,bus,3,operational
GTFS_ROUTE_13308,CHENNAI_COMMUNITY_GTFS,13308,MTC,S25A,Maduravoyal Erikarai TO Iyyappanthangal,bus,3,operational
GTFS_ROUTE_13327,CHENNAI_COMMUNITY_GTFS,13327,MTC,S21C,M.G.R.Central TO Mylapore Tank,bus,3,operational
GTFS_ROUTE_13329,CHENNAI_COMMUNITY_GTFS,13329,MTC,S21C,Mylapore Tank TO M.G.R.Central,bus,3,operational
GTFS_ROUTE_13248,CHENNAI_COMMUNITY_GTFS,13248,MTC,S100,Tambaram East TO Airport Metro,bus,3,operational
GTFS_ROUTE_13242,CHENNAI_COMMUNITY_GTFS,13242,MTC,S100,Airport Metro TO Nehru Nagar,bus,3,operational
GTFS_ROUTE_13246,CHENNAI_COMMUNITY_GTFS,13246,MTC,S100,Nehru Nagar TO Airport Metro,bus,3,operational
GTFS_ROUTE_13255,CHENNAI_COMMUNITY_GTFS,13255,MTC,S12,Cement Road TO Guindy R.S,bus,3,operational
GTFS_ROUTE_13257,CHENNAI_COMMUNITY_GTFS,13257,MTC,S12,Guindy R.S TO Cement Road,bus,3,operational
GTFS_ROUTE_13260,CHENNAI_COMMUNITY_GTFS,13260,MTC,S12,N.G.O.Colony TO Velachery R.S,bus,3,operational
GTFS_ROUTE_13261,CHENNAI_COMMUNITY_GTFS,13261,MTC,S12,Velachery R.S TO Guindy R.S,bus,3,operational
GTFS_ROUTE_13262,CHENNAI_COMMUNITY_GTFS,13262,MTC,S12,Velachery R.S TO N.G.O.Colony,bus,3,operational
GTFS_ROUTE_15805,CHENNAI_COMMUNITY_GTFS,15805,MTC,S12,Guindy R.S TO Velachery R.S,bus,3,operational
GTFS_ROUTE_3421,CHENNAI_COMMUNITY_GTFS,3421,MTC,S12,Guindy Railway Station TO Velachery Railway Station,bus,3,operational
GTFS_ROUTE_3423,CHENNAI_COMMUNITY_GTFS,3423,MTC,S12,Velachery Railway Station TO Guindy Railway Station,bus,3,operational
GTFS_ROUTE_21370,CHENNAI_COMMUNITY_GTFS,21370,MTC,102K CT18,Adyar TO Nandanam Ymca,bus,3,operational
GTFS_ROUTE_13137,CHENNAI_COMMUNITY_GTFS,13137,MTC,N45B,Cement Road TO Keelkattalai,bus,3,operational
GTFS_ROUTE_13140,CHENNAI_COMMUNITY_GTFS,13140,MTC,N45B,Keelkattalai TO Cement Road,bus,3,operational
GTFS_ROUTE_13143,CHENNAI_COMMUNITY_GTFS,13143,MTC,M88T,Amarambedu East TO Iyyappanthangal,bus,3,operational
GTFS_ROUTE_13144,CHENNAI_COMMUNITY_GTFS,13144,MTC,M88T,Amarambedu East TO Vadapalani,bus,3,operational
GTFS_ROUTE_13146,CHENNAI_COMMUNITY_GTFS,13146,MTC,M88T,Iyyappanthangal TO Amarambedu East,bus,3,operational
GTFS_ROUTE_13148,CHENNAI_COMMUNITY_GTFS,13148,MTC,M88T,Vadapalani TO Amarambedu East,bus,3,operational
GTFS_ROUTE_21371,CHENNAI_COMMUNITY_GTFS,21371,MTC,102K CT14,Alwarpet TO Perumpakkam S.C.B,bus,3,operational
GTFS_ROUTE_21373,CHENNAI_COMMUNITY_GTFS,21373,MTC,102K CT16,Island ground  TO Ezhil Nagar,bus,3,operational
GTFS_ROUTE_21375,CHENNAI_COMMUNITY_GTFS,21375,MTC,102K CT17,Island ground  TO Okk.Thoraipakm Sec.Colony,bus,3,operational
GTFS_ROUTE_21376,CHENNAI_COMMUNITY_GTFS,21376,MTC,102K CT19,Broadway TO Perumpakkam S.C.B,bus,3,operational
GTFS_ROUTE_21377,CHENNAI_COMMUNITY_GTFS,21377,MTC,102K CT20,Broadway TO Secretariat,bus,3,operational
GTFS_ROUTE_21381,CHENNAI_COMMUNITY_GTFS,21381,MTC,101X CT9,Island ground  TO  M.G.R.Koyambedu,bus,3,operational
GTFS_ROUTE_21382,CHENNAI_COMMUNITY_GTFS,21382,MTC,102K CT22,Island ground  TO Thiruvanmiyur,bus,3,operational
GTFS_ROUTE_21391,CHENNAI_COMMUNITY_GTFS,21391,MTC,102K CT25,Kannagi Nagar TO Nandanam Ymca,bus,3,operational
GTFS_ROUTE_21386,CHENNAI_COMMUNITY_GTFS,21386,MTC,101X CT10,M.G.R.Koyambedu  TO  Island ground,bus,3,operational
GTFS_ROUTE_21389,CHENNAI_COMMUNITY_GTFS,21389,MTC,102K CT23,Kannagi Nagar S.C.B TO Thiruvanmiyur,bus,3,operational
GTFS_ROUTE_21393,CHENNAI_COMMUNITY_GTFS,21393,MTC,102K CT26,Okk.Thoraipakm Sec.Colony TO  Island ground,bus,3,operational
GTFS_ROUTE_21395,CHENNAI_COMMUNITY_GTFS,21395,MTC,102K CT26,Perumpakkam S.C.B TO  Island ground,bus,3,operational
GTFS_ROUTE_15988,CHENNAI_COMMUNITY_GTFS,15988,MTC,M51V,Saidapet TO Kolathur,bus,3,operational
GTFS_ROUTE_13225,CHENNAI_COMMUNITY_GTFS,13225,MTC,M51V,Kolathur TO Saidapet,bus,3,operational
GTFS_ROUTE_13227,CHENNAI_COMMUNITY_GTFS,13227,MTC,M51V,Kolathur TO Thyagaraya Nagar,bus,3,operational
GTFS_ROUTE_13230,CHENNAI_COMMUNITY_GTFS,13230,MTC,M51V,Saidapet Depot TO Kolathur,bus,3,operational
GTFS_ROUTE_21401,CHENNAI_COMMUNITY_GTFS,21401,MTC,102K CT28,Thiruvanmiyur TO  Island ground,bus,3,operational
GTFS_ROUTE_21402,CHENNAI_COMMUNITY_GTFS,21402,MTC,102K CT29,Thiruvanmiyur TO Kannagi Nagar S.C.B,bus,3,operational
GTFS_ROUTE_13232,CHENNAI_COMMUNITY_GTFS,13232,MTC,M51V,Thyagaraya Nagar TO Kolathur,bus,3,operational
GTFS_ROUTE_3643,CHENNAI_COMMUNITY_GTFS,3643,MTC,M51V,Kolathur TO Saidapet (Depot),bus,3,operational
GTFS_ROUTE_13205,CHENNAI_COMMUNITY_GTFS,13205,MTC,M51R,Cement Road TO Keelkattalai,bus,3,operational
GTFS_ROUTE_13208,CHENNAI_COMMUNITY_GTFS,13208,MTC,M51R,Keelkattalai TO Cement Road,bus,3,operational
GTFS_ROUTE_21403,CHENNAI_COMMUNITY_GTFS,21403,MTC,102K CT30,Thiruvanmiyur TO Perumpakkam S.C.B,bus,3,operational
GTFS_ROUTE_21416,CHENNAI_COMMUNITY_GTFS,21416,MTC,101X CT7,Sriperumbudur TO  Royapuram terminus,bus,3,operational
GTFS_ROUTE_21412,CHENNAI_COMMUNITY_GTFS,21412,MTC,102K CT31,Nandanam Ymca TO Adyar,bus,3,operational
GTFS_ROUTE_21415,CHENNAI_COMMUNITY_GTFS,21415,MTC,102K CT34,Nandanam Ymca TO Kannagi Nagar,bus,3,operational
GTFS_ROUTE_21419,CHENNAI_COMMUNITY_GTFS,21419,MTC,101X,Thirumazhisai TO  Royapuram,bus,3,operational
GTFS_ROUTE_13115,CHENNAI_COMMUNITY_GTFS,13115,MTC,E18,Guduvanchery TO Cement Road,bus,3,operational
GTFS_ROUTE_13120,CHENNAI_COMMUNITY_GTFS,13120,MTC,E18,Cement Road TO Kilambakkam B.T,bus,3,operational
GTFS_ROUTE_13128,CHENNAI_COMMUNITY_GTFS,13128,MTC,E18,Cement Road TO Guduvanchery,bus,3,operational
GTFS_ROUTE_22539,CHENNAI_COMMUNITY_GTFS,22539,MTC,64D R,Kosappur Bus Stand TO Island ground Terminus,bus,3,operational
GTFS_ROUTE_22540,CHENNAI_COMMUNITY_GTFS,22540,MTC,26K R,Royapuram terminus TO  Kovur,bus,3,operational
GTFS_ROUTE_21424,CHENNAI_COMMUNITY_GTFS,21424,MTC,102P CT19,Adyar Depot TO Perumpakkam S.C.B,bus,3,operational
GTFS_ROUTE_21426,CHENNAI_COMMUNITY_GTFS,21426,MTC,102P CT21,Alwarpet TO Perumpakkam S.C.B,bus,3,operational
GTFS_ROUTE_21429,CHENNAI_COMMUNITY_GTFS,21429,MTC,102P CT23,Greams Road TO Perumpakkam S.C.B,bus,3,operational
GTFS_ROUTE_21433,CHENNAI_COMMUNITY_GTFS,21433,MTC,102CT CT2,Island ground TO Perumpakkam S.C.B,bus,3,operational
GTFS_ROUTE_21428,CHENNAI_COMMUNITY_GTFS,21428,MTC,102CT CT,Adyar B.S TO Siruseri I.T.Park,bus,3,operational
GTFS_ROUTE_21435,CHENNAI_COMMUNITY_GTFS,21435,MTC,102P CT26,Island ground  TO  M.K.B.Nagar,bus,3,operational
GTFS_ROUTE_21439,CHENNAI_COMMUNITY_GTFS,21439,MTC,102P CT5,Broadway TO Thiruvanmiyur B.S,bus,3,operational
GTFS_ROUTE_21440,CHENNAI_COMMUNITY_GTFS,21440,MTC,102CT CT3,Island ground TO Siruseri I.T Park,bus,3,operational
GTFS_ROUTE_21441,CHENNAI_COMMUNITY_GTFS,21441,MTC,102P CT11,Island ground TO Vivekananda House,bus,3,operational
GTFS_ROUTE_13045,CHENNAI_COMMUNITY_GTFS,13045,MTC,9M,A.G.S.Officer'S Colony TO N.G.O.Colony,bus,3,operational
GTFS_ROUTE_13049,CHENNAI_COMMUNITY_GTFS,13049,MTC,9M,N.G.O.Colony TO A.G.S.Officer'S Colony,bus,3,operational
GTFS_ROUTE_21443,CHENNAI_COMMUNITY_GTFS,21443,MTC,102CT CT4,Island ground Terminus TO Thiruvanmiyur,bus,3,operational
GTFS_ROUTE_12933,CHENNAI_COMMUNITY_GTFS,12933,MTC,91K,Kilambakkam B.T TO Thiruvanmiyur,bus,3,operational
GTFS_ROUTE_12935,CHENNAI_COMMUNITY_GTFS,12935,MTC,91K,Thiruvanmiyur TO Kilambakkam B.T,bus,3,operational
GTFS_ROUTE_12946,CHENNAI_COMMUNITY_GTFS,12946,MTC,91R,Velachery B.T TO Tambaram West,bus,3,operational
GTFS_ROUTE_12937,CHENNAI_COMMUNITY_GTFS,12937,MTC,91R,Kilambakkam B.T TO N.G.O.Colony,bus,3,operational
GTFS_ROUTE_12942,CHENNAI_COMMUNITY_GTFS,12942,MTC,91R,Tambaram West TO Kilambakkam B.T,bus,3,operational
GTFS_ROUTE_21446,CHENNAI_COMMUNITY_GTFS,21446,MTC,102P CT2,M.K.B.Nagar TO  Broadway,bus,3,operational
GTFS_ROUTE_21447,CHENNAI_COMMUNITY_GTFS,21447,MTC,102CT CT6,Perumpakkam S.C.B TO Island ground Terminus,bus,3,operational
GTFS_ROUTE_12844,CHENNAI_COMMUNITY_GTFS,12844,MTC,88M,Somangalam TO Vadapalani,bus,3,operational
GTFS_ROUTE_12846,CHENNAI_COMMUNITY_GTFS,12846,MTC,88M,Vadapalani TO Somangalam,bus,3,operational
GTFS_ROUTE_21451,CHENNAI_COMMUNITY_GTFS,21451,MTC,102CT CT8,Siruseri I.T Park TO Thiruvanmiyur,bus,3,operational
GTFS_ROUTE_10563,CHENNAI_COMMUNITY_GTFS,10563,MTC,18AEt,Kilambakkam B.T TO Tambaram West,bus,3,operational
GTFS_ROUTE_12501,CHENNAI_COMMUNITY_GTFS,12501,MTC,62B,Ambattur I.E TO J.J.Nagar West,bus,3,operational
GTFS_ROUTE_15884,CHENNAI_COMMUNITY_GTFS,15884,MTC,62Ct,Moolakadai TO Redhills Bus Terminus,bus,3,operational
GTFS_ROUTE_11604,CHENNAI_COMMUNITY_GTFS,11604,MTC,514Et,Redhills TO Padiyanallur,bus,3,operational
GTFS_ROUTE_11605,CHENNAI_COMMUNITY_GTFS,11605,MTC,514Et,Redhills TO Periyapalayam,bus,3,operational
GTFS_ROUTE_11606,CHENNAI_COMMUNITY_GTFS,11606,MTC,514Et,Redhills TO M.G.R.Koyambedu,bus,3,operational
GTFS_ROUTE_11599,CHENNAI_COMMUNITY_GTFS,11599,MTC,514Et,M.G.R.Koyambedu TO Redhills,bus,3,operational
GTFS_ROUTE_12511,CHENNAI_COMMUNITY_GTFS,12511,MTC,62Ct,Redhills TO Avadi B.T,bus,3,operational
GTFS_ROUTE_12512,CHENNAI_COMMUNITY_GTFS,12512,MTC,62Ct,Redhills TO Moolakadai,bus,3,operational
GTFS_ROUTE_21445,CHENNAI_COMMUNITY_GTFS,21445,MTC,102CT CT5,Okk.Thoraipakm Sec.Colony TO Island ground,bus,3,operational
GTFS_ROUTE_11601,CHENNAI_COMMUNITY_GTFS,11601,MTC,514Et,Periyapalayam TO M.G.R.Koyambedu,bus,3,operational
GTFS_ROUTE_11603,CHENNAI_COMMUNITY_GTFS,11603,MTC,514Et,Periyapalayam TO Redhills,bus,3,operational
GTFS_ROUTE_11042,CHENNAI_COMMUNITY_GTFS,11042,MTC,118Et,Kalivanthapattu TO Tambaram West,bus,3,operational
GTFS_ROUTE_11010,CHENNAI_COMMUNITY_GTFS,11010,MTC,114Et,Redhills TO M.G.R.Koyambedu,bus,3,operational
GTFS_ROUTE_12925,CHENNAI_COMMUNITY_GTFS,12925,MTC,88CEt,Nandambakkam Village TO Thyagaraya Nagar,bus,3,operational
GTFS_ROUTE_21453,CHENNAI_COMMUNITY_GTFS,21453,MTC,102CT CT8,Siruchery I.T.Park TO Island ground Terminus,bus,3,operational
GTFS_ROUTE_21456,CHENNAI_COMMUNITY_GTFS,21456,MTC,102CT CT10,Thiruvanmiyur TO Island ground Terminus,bus,3,operational
GTFS_ROUTE_21463,CHENNAI_COMMUNITY_GTFS,21463,MTC,102CT CT12,Thiruvanmiyur TO Siruseri I.T Park,bus,3,operational
GTFS_ROUTE_21457,CHENNAI_COMMUNITY_GTFS,21457,MTC,102CT11,Thiruvanmiyur TO Okk.Thoraipakm Sec.Colony,bus,3,operational
GTFS_ROUTE_21464,CHENNAI_COMMUNITY_GTFS,21464,MTC,102P CT6,Vivekananda House TO  Island ground,bus,3,operational
GTFS_ROUTE_22541,CHENNAI_COMMUNITY_GTFS,22541,MTC,26M R,Mugalivakkam TO Royapuram terminus,bus,3,operational
GTFS_ROUTE_22542,CHENNAI_COMMUNITY_GTFS,22542,MTC,60E R,Royapuram terminus TO Kundrathur Bus Terminus,bus,3,operational
GTFS_ROUTE_22543,CHENNAI_COMMUNITY_GTFS,22543,MTC,26M R,Royapuram terminus TO Mugalivakkam,bus,3,operational
GTFS_ROUTE_22544,CHENNAI_COMMUNITY_GTFS,22544,MTC,60E R,Kundrathur Bus Terminus  TO Royapuram terminus,bus,3,operational
GTFS_ROUTE_22545,CHENNAI_COMMUNITY_GTFS,22545,MTC,26R R,Mugalivakkam TO Royapuram,bus,3,operational
GTFS_ROUTE_22546,CHENNAI_COMMUNITY_GTFS,22546,MTC,26R R,Royapuram TO Mugalivakkam,bus,3,operational
GTFS_ROUTE_22547,CHENNAI_COMMUNITY_GTFS,22547,MTC,56F CT,Island ground Terminus TO Ennore Bus Terminus,bus,3,operational
GTFS_ROUTE_22548,CHENNAI_COMMUNITY_GTFS,22548,MTC,56F R,Island ground Terminus TO Ernavoor Gate,bus,3,operational
GTFS_ROUTE_22549,CHENNAI_COMMUNITY_GTFS,22549,MTC,33B R,Kaviarasu Kannadasan Nagar Bus Stand TO Island ground Terminus,bus,3,operational
GTFS_ROUTE_11139,CHENNAI_COMMUNITY_GTFS,11139,MTC,29E,Poonamallee B.T TO Thiruverkadu,bus,3,operational
GTFS_ROUTE_12091,CHENNAI_COMMUNITY_GTFS,12091,MTC,570Et,K.K.Nagar TO M.G.R.Koyambedu,bus,3,operational
GTFS_ROUTE_12092,CHENNAI_COMMUNITY_GTFS,12092,MTC,570Et,M.G.R.Koyambedu TO Anna Nagar West,bus,3,operational
GTFS_ROUTE_12093,CHENNAI_COMMUNITY_GTFS,12093,MTC,570Et,M.G.R.Koyambedu TO K.K.Nagar,bus,3,operational
GTFS_ROUTE_22550,CHENNAI_COMMUNITY_GTFS,22550,MTC,33B R,Island ground Terminus TO Kaviarasu Kannadasan Nagar Bus Stand,bus,3,operational
GTFS_ROUTE_22551,CHENNAI_COMMUNITY_GTFS,22551,MTC,56F R1,Ernavoor Gate TO Island ground Terminus,bus,3,operational
GTFS_ROUTE_22553,CHENNAI_COMMUNITY_GTFS,22553,MTC,33L R,Kodungaiyur Parvathi Naga TO Island ground Terminus,bus,3,operational
GTFS_ROUTE_22554,CHENNAI_COMMUNITY_GTFS,22554,MTC,33L R,Island Ground TO Kodungaiyur Parvathi Naga,bus,3,operational
GTFS_ROUTE_22556,CHENNAI_COMMUNITY_GTFS,22556,MTC,4M R,Minjur Bus Terminus TO Island ground Terminus,bus,3,operational
GTFS_ROUTE_22557,CHENNAI_COMMUNITY_GTFS,22557,MTC,4M R,Island ground Terminus TO Minjur Bus Terminus,bus,3,operational
GTFS_ROUTE_12094,CHENNAI_COMMUNITY_GTFS,12094,MTC,570Et,M.G.R.Koyambedu TO Siruseri I.T Park,bus,3,operational
GTFS_ROUTE_12096,CHENNAI_COMMUNITY_GTFS,12096,MTC,570Et,Perumpakkam S.C.B TO Thiruporur,bus,3,operational
GTFS_ROUTE_12097,CHENNAI_COMMUNITY_GTFS,12097,MTC,570Et,Siruseri I.T Park TO Perumpakkam S.C.B,bus,3,operational
GTFS_ROUTE_15088,CHENNAI_COMMUNITY_GTFS,15088,MTC,29NEt,Peravallur Kumaran Nagar TO Saidapet,bus,3,operational
GTFS_ROUTE_21462,CHENNAI_COMMUNITY_GTFS,21462,MTC,102P CT34,Thiruvanmiyur TO Perumpakkam S.C.B,bus,3,operational
GTFS_ROUTE_21460,CHENNAI_COMMUNITY_GTFS,21460,MTC,102CT CT11,Thiruvanmiyur TO Perumpakkam S.C.B,bus,3,operational
GTFS_ROUTE_21461,CHENNAI_COMMUNITY_GTFS,21461,MTC,102P CT33,Thiruvanmiyur B.S TO Broadway,bus,3,operational
GTFS_ROUTE_11480,CHENNAI_COMMUNITY_GTFS,11480,MTC,48AEt,J.J.Nagar West TO Madhavaram B.T,bus,3,operational
GTFS_ROUTE_11481,CHENNAI_COMMUNITY_GTFS,11481,MTC,48AEt,Madhavaram B.T TO Ambattur I.E,bus,3,operational
GTFS_ROUTE_12427,CHENNAI_COMMUNITY_GTFS,12427,MTC,597CEt,Poonamallee B.T TO Thirunindravoor B.T,bus,3,operational
GTFS_ROUTE_21472,CHENNAI_COMMUNITY_GTFS,21472,MTC,102 CT2,Adyar B.T TO Island ground,bus,3,operational
GTFS_ROUTE_21473,CHENNAI_COMMUNITY_GTFS,21473,MTC,102 CT4,Adyar Depot TO Kelambakkam,bus,3,operational
GTFS_ROUTE_21475,CHENNAI_COMMUNITY_GTFS,21475,MTC,102 CT6,Island ground TO Adyar Depot,bus,3,operational
GTFS_ROUTE_21476,CHENNAI_COMMUNITY_GTFS,21476,MTC,102 CT7,Island ground Terminus TO Kannagi Nagar S.C.B,bus,3,operational
GTFS_ROUTE_21479,CHENNAI_COMMUNITY_GTFS,21479,MTC,102 CT9,Island ground Terminus TO Semmancheri B.S,bus,3,operational
GTFS_ROUTE_21481,CHENNAI_COMMUNITY_GTFS,21481,MTC,102 CT11,Kannagi Nagar S.C.B TO Island ground Terminus,bus,3,operational
GTFS_ROUTE_21482,CHENNAI_COMMUNITY_GTFS,21482,MTC,102 CT12,Kelambakkam TO Adyar Depot,bus,3,operational
GTFS_ROUTE_21485,CHENNAI_COMMUNITY_GTFS,21485,MTC,102 CT12,Kelambakkam TO Kannagi Nagar S.C.B,bus,3,operational
GTFS_ROUTE_21489,CHENNAI_COMMUNITY_GTFS,21489,MTC,102 CT15,Semmancheri B.S TO Kelambakkam B.S,bus,3,operational
GTFS_ROUTE_21504,CHENNAI_COMMUNITY_GTFS,21504,MTC,11M CT9,Royapuram TO K.K.Nagar B.S,bus,3,operational
GTFS_ROUTE_21506,CHENNAI_COMMUNITY_GTFS,21506,MTC,11M CT2,RoyapuramTO Thiyagarayanagar B.S,bus,3,operational
GTFS_ROUTE_21508,CHENNAI_COMMUNITY_GTFS,21508,MTC,21 CT3,Foreshore Estate TO Royapuram,bus,3,operational
GTFS_ROUTE_21511,CHENNAI_COMMUNITY_GTFS,21511,MTC,11M CT,Thiyagarayanagar B.S TO Royapuram,bus,3,operational
GTFS_ROUTE_21512,CHENNAI_COMMUNITY_GTFS,21512,MTC,21 CT6,M.G.R.Central TO Thiruvanmiyur,bus,3,operational
GTFS_ROUTE_21515,CHENNAI_COMMUNITY_GTFS,21515,MTC,21 CT7,Mandaveli TO M.G.R.Central,bus,3,operational
GTFS_ROUTE_21516,CHENNAI_COMMUNITY_GTFS,21516,MTC,21 R1,Mandaveli TO  Royapuram terminus,bus,3,operational
GTFS_ROUTE_21518,CHENNAI_COMMUNITY_GTFS,21518,MTC,21 R1,Royapuram TO  Mandaveli,bus,3,operational
GTFS_ROUTE_21519,CHENNAI_COMMUNITY_GTFS,21519,MTC,21 R,Thiruvanmiyur TO M.G.R.Central,bus,3,operational
GTFS_ROUTE_22567,CHENNAI_COMMUNITY_GTFS,22567,MTC,64KEt CT1,Kaviarasu Kannadasan Nagar Bus Stand TO Island ground Terminus,bus,3,operational
GTFS_ROUTE_21527,CHENNAI_COMMUNITY_GTFS,21527,MTC,21 CT4,M.G.R Central TO Mandaveli,bus,3,operational
GTFS_ROUTE_22560,CHENNAI_COMMUNITY_GTFS,22560,MTC,54G R,Royapuram TO Kuthambakkam,bus,3,operational
GTFS_ROUTE_22561,CHENNAI_COMMUNITY_GTFS,22561,MTC,51D R,Tambaram West Bus Stand  TO Royapuram terminus,bus,3,operational
GTFS_ROUTE_22562,CHENNAI_COMMUNITY_GTFS,22562,MTC,51D R,Royapuram terminus TO Tambaram West Bus Stand,bus,3,operational
GTFS_ROUTE_22565,CHENNAI_COMMUNITY_GTFS,22565,MTC,54G R,Kuthambakkam TO Royapuram,bus,3,operational
GTFS_ROUTE_22566,CHENNAI_COMMUNITY_GTFS,22566,MTC,26G CT,Vadapalani TO Royapuram,bus,3,operational
GTFS_ROUTE_21524,CHENNAI_COMMUNITY_GTFS,21524,MTC,71E,Thirunindravoor TO Ambattur I.E,bus,3,operational
GTFS_ROUTE_22569,CHENNAI_COMMUNITY_GTFS,22569,MTC,26K CT1,Kundrathur Bus Terminus TO Royapuram terminus,bus,3,operational
GTFS_ROUTE_22570,CHENNAI_COMMUNITY_GTFS,22570,MTC,26K CT2,Royapuram terminus TO Kundrathur Bus Terminus,bus,3,operational
GTFS_ROUTE_22571,CHENNAI_COMMUNITY_GTFS,22571,MTC,26R CT,Vadapalani TO Royapuram,bus,3,operational
GTFS_ROUTE_22572,CHENNAI_COMMUNITY_GTFS,22572,MTC,26R CT,Royapuram TO Vadapalani,bus,3,operational
GTFS_ROUTE_22573,CHENNAI_COMMUNITY_GTFS,22573,MTC,33B CT1,Mannadi TO Kaviarasu Kannadasan Nagar Bus Stand,bus,3,operational
GTFS_ROUTE_22574,CHENNAI_COMMUNITY_GTFS,22574,MTC,33B CT2,Island ground Terminus TO  Mannadi,bus,3,operational
GTFS_ROUTE_22575,CHENNAI_COMMUNITY_GTFS,22575,MTC,33BCT3,Mannadi TO Island ground Terminus,bus,3,operational
GTFS_ROUTE_22576,CHENNAI_COMMUNITY_GTFS,22576,MTC,33B CT4,Kaviarasu Kannadasan Nagar Bus Stand TO Mannadi,bus,3,operational
GTFS_ROUTE_22577,CHENNAI_COMMUNITY_GTFS,22577,MTC,64D CT4,Island ground Terminus TO Moolakadai,bus,3,operational
GTFS_ROUTE_22578,CHENNAI_COMMUNITY_GTFS,22578,MTC,4M CT1,Ennore Bus Terminus TO  Island ground Terminus,bus,3,operational
GTFS_ROUTE_22579,CHENNAI_COMMUNITY_GTFS,22579,MTC,64D CT3,Moolakadai TO  Island ground Terminus,bus,3,operational
GTFS_ROUTE_22580,CHENNAI_COMMUNITY_GTFS,22580,MTC,4M CT2,Island ground Terminus TO  Ennore Bus Terminus,bus,3,operational
GTFS_ROUTE_22581,CHENNAI_COMMUNITY_GTFS,22581,MTC,51 CT9,Velachery TO Chromepet 2 Depot,bus,3,operational
GTFS_ROUTE_21533,CHENNAI_COMMUNITY_GTFS,21533,MTC,20 R,Island ground TO Villivakkam,bus,3,operational
GTFS_ROUTE_21534,CHENNAI_COMMUNITY_GTFS,21534,MTC,20 R,Villivakkam TO Island ground,bus,3,operational
GTFS_ROUTE_21535,CHENNAI_COMMUNITY_GTFS,21535,MTC,33C R,Kaviarasu Kannadasan Nagar TO Island ground,bus,3,operational
GTFS_ROUTE_21536,CHENNAI_COMMUNITY_GTFS,21536,MTC,109T,Thiruvottriyur TO Thangal Tollgate,bus,3,operational
GTFS_ROUTE_21537,CHENNAI_COMMUNITY_GTFS,21537,MTC,33C R,Island ground TO Kaviarasu Kannadasan Nagar,bus,3,operational
GTFS_ROUTE_21540,CHENNAI_COMMUNITY_GTFS,21540,MTC,35 R,Island ground TO Korattur,bus,3,operational
GTFS_ROUTE_21541,CHENNAI_COMMUNITY_GTFS,21541,MTC,35 R,Korattur TO Island ground,bus,3,operational
GTFS_ROUTE_21544,CHENNAI_COMMUNITY_GTFS,21544,MTC,4 R,Island ground TO Ennore,bus,3,operational
GTFS_ROUTE_21556,CHENNAI_COMMUNITY_GTFS,21556,MTC,54,M.G.R.Koyambedu  TO  Poonamallee,bus,3,operational
GTFS_ROUTE_21557,CHENNAI_COMMUNITY_GTFS,21557,MTC,54,M.G.R.Central TO Poonamallee B.T,bus,3,operational
GTFS_ROUTE_22588,CHENNAI_COMMUNITY_GTFS,22588,MTC,15F R,Island ground TO Vadapalani,bus,3,operational
GTFS_ROUTE_22589,CHENNAI_COMMUNITY_GTFS,22589,MTC,38G R,Vazhuthalambedu TO Island ground,bus,3,operational
GTFS_ROUTE_22590,CHENNAI_COMMUNITY_GTFS,22590,MTC,5E CT,Island ground TO  M.G.R.Koyambedu,bus,3,operational
GTFS_ROUTE_22582,CHENNAI_COMMUNITY_GTFS,22582,MTC,54G CT1,M.G.R.Koyambedu TO  Royapuram,bus,3,operational
GTFS_ROUTE_22583,CHENNAI_COMMUNITY_GTFS,22583,MTC,54G CT,Royapuram TO M.G.R.Koyambedu,bus,3,operational
GTFS_ROUTE_22584,CHENNAI_COMMUNITY_GTFS,22584,MTC,54L CT1,Royapuram TO  Poonamallee,bus,3,operational
GTFS_ROUTE_22585,CHENNAI_COMMUNITY_GTFS,22585,MTC,54L CT2,Poonamallee TO Royapuram,bus,3,operational
GTFS_ROUTE_22586,CHENNAI_COMMUNITY_GTFS,22586,MTC,56F CT1,Ennore Bus Terminus TO Island ground Terminus,bus,3,operational
GTFS_ROUTE_22587,CHENNAI_COMMUNITY_GTFS,22587,MTC,38G,Island ground TO Vazhuthalambedu,bus,3,operational
GTFS_ROUTE_22592,CHENNAI_COMMUNITY_GTFS,22592,MTC,5E CT1,M.G.R.Koyambedu TO  Vadapalani,bus,3,operational
GTFS_ROUTE_22593,CHENNAI_COMMUNITY_GTFS,22593,MTC,42D,Island ground TO Srinivasa Nagar,bus,3,operational
GTFS_ROUTE_22594,CHENNAI_COMMUNITY_GTFS,22594,MTC,50M,Thiruverkadu TO Island ground,bus,3,operational
GTFS_ROUTE_22595,CHENNAI_COMMUNITY_GTFS,22595,MTC,50M,Island ground TO  Thiruverkadu,bus,3,operational
GTFS_ROUTE_22596,CHENNAI_COMMUNITY_GTFS,22596,MTC,5E CT,M.G.R.Koyambedu TO Island ground,bus,3,operational
GTFS_ROUTE_22598,CHENNAI_COMMUNITY_GTFS,22598,MTC,5E CT1,Vadapalani TO  M.G.R.Koyambedu,bus,3,operational
GTFS_ROUTE_22599,CHENNAI_COMMUNITY_GTFS,22599,MTC,11M CT7,Iyyappanthangal  TO  Government Girls,bus,3,operational
GTFS_ROUTE_22602,CHENNAI_COMMUNITY_GTFS,22602,MTC,57J,Gnayaru TO Island ground,bus,3,operational
GTFS_ROUTE_22603,CHENNAI_COMMUNITY_GTFS,22603,MTC,15 R,M.G.R.Koyambedu to  Island Ground,bus,3,operational
GTFS_ROUTE_22604,CHENNAI_COMMUNITY_GTFS,22604,MTC,57J,Island ground TO Gnayaru,bus,3,operational
GTFS_ROUTE_21561,CHENNAI_COMMUNITY_GTFS,21561,MTC,54,Royapuram TO  Mugalivakkam,bus,3,operational
GTFS_ROUTE_21574,CHENNAI_COMMUNITY_GTFS,21574,MTC,15G CT,Island ground TO M.G.R.Koyambedu,bus,3,operational
GTFS_ROUTE_21576,CHENNAI_COMMUNITY_GTFS,21576,MTC,15G CT1,M.G.R.Koyambedu TO Island ground,bus,3,operational
GTFS_ROUTE_21569,CHENNAI_COMMUNITY_GTFS,21569,MTC,54,Iyyappanthangal TO Poonamallee B.T,bus,3,operational
GTFS_ROUTE_21570,CHENNAI_COMMUNITY_GTFS,21570,MTC,54,Poonamallee B.T TO Iyyappanthangal,bus,3,operational
GTFS_ROUTE_21579,CHENNAI_COMMUNITY_GTFS,21579,MTC,54,Iyyappanthangal TO Royapuram terminus,bus,3,operational
GTFS_ROUTE_21580,CHENNAI_COMMUNITY_GTFS,21580,MTC,54,M.G.R.Koyambedu TO  Island ground,bus,3,operational
GTFS_ROUTE_21583,CHENNAI_COMMUNITY_GTFS,21583,MTC,54,Royapuram terminus TO Iyyappanthangal,bus,3,operational
GTFS_ROUTE_21587,CHENNAI_COMMUNITY_GTFS,21587,MTC,26 CT,Gemini TO Iyyappanthangal,bus,3,operational
GTFS_ROUTE_21586,CHENNAI_COMMUNITY_GTFS,21586,MTC,54,Island ground TO  M.G.R.Koyambedu,bus,3,operational
GTFS_ROUTE_21588,CHENNAI_COMMUNITY_GTFS,21588,MTC,26 CT1,Iyyappanthangal TO Gemini,bus,3,operational
GTFS_ROUTE_21590,CHENNAI_COMMUNITY_GTFS,21590,MTC,26 CT2,Iyyappanthangal TO Pazhanthandalam,bus,3,operational
GTFS_ROUTE_21592,CHENNAI_COMMUNITY_GTFS,21592,MTC,26 CT4,Pazhanthandalam TO Iyyappanthangal,bus,3,operational
GTFS_ROUTE_21594,CHENNAI_COMMUNITY_GTFS,21594,MTC,26 CT3,Royapuram TO  Vadapalani,bus,3,operational
GTFS_ROUTE_21601,CHENNAI_COMMUNITY_GTFS,21601,MTC,44 CT,Island ground  TO Tondiarpet,bus,3,operational
GTFS_ROUTE_21602,CHENNAI_COMMUNITY_GTFS,21602,MTC,242 CT,Vyasarpadi To  Kaviarasu Kannadasan,bus,3,operational
GTFS_ROUTE_21603,CHENNAI_COMMUNITY_GTFS,21603,MTC,242 CT1,Island ground To   Kaviarasu Kannadasan Nagar,bus,3,operational
GTFS_ROUTE_21605,CHENNAI_COMMUNITY_GTFS,21605,MTC,44 CT1,Manali TO Tondiarpet,bus,3,operational
GTFS_ROUTE_21606,CHENNAI_COMMUNITY_GTFS,21606,MTC,242 CT2,Island ground TO Moolakadai,bus,3,operational
GTFS_ROUTE_21608,CHENNAI_COMMUNITY_GTFS,21608,MTC,44,Tondiarpet TO Island ground,bus,3,operational
GTFS_ROUTE_21609,CHENNAI_COMMUNITY_GTFS,21609,MTC,44,Tondiarpet TO Manali,bus,3,operational
GTFS_ROUTE_21611,CHENNAI_COMMUNITY_GTFS,21611,MTC,242 CT4,Kaviarasu Kannadasan  To  Vyasarpadi,bus,3,operational
GTFS_ROUTE_21612,CHENNAI_COMMUNITY_GTFS,21612,MTC,242 CT5,Kaviarasu Kannadasan Nagar  To  Island ground,bus,3,operational
GTFS_ROUTE_21613,CHENNAI_COMMUNITY_GTFS,21613,MTC,242 CT6,Moolakadai TO  Island ground,bus,3,operational
GTFS_ROUTE_21618,CHENNAI_COMMUNITY_GTFS,21618,MTC,242 CT10,Perambur B.T TO Redhills,bus,3,operational
GTFS_ROUTE_21617,CHENNAI_COMMUNITY_GTFS,21617,MTC,242 CT8,Perambur B.T TO Island ground,bus,3,operational
GTFS_ROUTE_21619,CHENNAI_COMMUNITY_GTFS,21619,MTC,242 CT11,Redhills B.s To  Vyasarpadi,bus,3,operational
GTFS_ROUTE_21624,CHENNAI_COMMUNITY_GTFS,21624,MTC,44CT,I.O.C TO Tondiarpet,bus,3,operational
GTFS_ROUTE_21626,CHENNAI_COMMUNITY_GTFS,21626,MTC,44Ct,Secretariat TO I.O.C,bus,3,operational
GTFS_ROUTE_21627,CHENNAI_COMMUNITY_GTFS,21627,MTC,44Ct,Tondiarpet TO I.O.C,bus,3,operational
GTFS_ROUTE_21628,CHENNAI_COMMUNITY_GTFS,21628,MTC,242 CT3,Island ground TO Perambur B.T,bus,3,operational
GTFS_ROUTE_22605,CHENNAI_COMMUNITY_GTFS,22605,MTC,579A,Tambaram Sanatorium TO Walajabad,bus,3,operational
GTFS_ROUTE_22606,CHENNAI_COMMUNITY_GTFS,22606,MTC,15 R1,Island Ground TO  M.G.R.Koyambedu,bus,3,operational
GTFS_ROUTE_22607,CHENNAI_COMMUNITY_GTFS,22607,MTC,15F R,Vadapalani TO Island ground,bus,3,operational
GTFS_ROUTE_22608,CHENNAI_COMMUNITY_GTFS,22608,MTC,15F CT3,M.G.R.Koyambedu TO  Island ground,bus,3,operational
GTFS_ROUTE_22609,CHENNAI_COMMUNITY_GTFS,22609,MTC,57M,Island Ground  TO Alamathi,bus,3,operational
GTFS_ROUTE_22610,CHENNAI_COMMUNITY_GTFS,22610,MTC,57M,Alamathi TO Island ground,bus,3,operational
GTFS_ROUTE_22611,CHENNAI_COMMUNITY_GTFS,22611,MTC,142 CT2,Island ground TO Vinayagapuram,bus,3,operational
GTFS_ROUTE_22613,CHENNAI_COMMUNITY_GTFS,22613,MTC,142 CT3,Secretariat TO Vinayagapuram,bus,3,operational
GTFS_ROUTE_22614,CHENNAI_COMMUNITY_GTFS,22614,MTC,E51 CT2,Velachery TO Ottiyambakkam,bus,3,operational
GTFS_ROUTE_22615,CHENNAI_COMMUNITY_GTFS,22615,MTC,24A CT,Anna Nagar  TO  Korattur,bus,3,operational
GTFS_ROUTE_22617,CHENNAI_COMMUNITY_GTFS,22617,MTC,A1Et CT3,OKK.THORAIPAKM SEC.COLONY to THIRUVANMIYUR DEPOT,bus,3,operational
GTFS_ROUTE_22619,CHENNAI_COMMUNITY_GTFS,22619,MTC,64KEt CT3,Island ground Terminus TO Kaviarasu Kannadasan Nagar Bus Stand,bus,3,operational
GTFS_ROUTE_22620,CHENNAI_COMMUNITY_GTFS,22620,MTC,24A CT4,L.F.C TO  Vivekananda House,bus,3,operational
GTFS_ROUTE_22622,CHENNAI_COMMUNITY_GTFS,22622,MTC,57J,Island ground TO Red Hills,bus,3,operational
GTFS_ROUTE_22623,CHENNAI_COMMUNITY_GTFS,22623,MTC,57F CT5,Island ground TO Moolakadai,bus,3,operational
GTFS_ROUTE_22624,CHENNAI_COMMUNITY_GTFS,22624,MTC,38G CT1,Island ground TO Padiyanallur,bus,3,operational
GTFS_ROUTE_22625,CHENNAI_COMMUNITY_GTFS,22625,MTC,38H CT1,Madhavaram  TO Madhavaram Village,bus,3,operational
GTFS_ROUTE_22626,CHENNAI_COMMUNITY_GTFS,22626,MTC,57F CT4,Island ground TO Surapet,bus,3,operational
GTFS_ROUTE_22627,CHENNAI_COMMUNITY_GTFS,22627,MTC,51J CT1,Medavakkam TO Mambakkam,bus,3,operational
GTFS_ROUTE_22628,CHENNAI_COMMUNITY_GTFS,22628,MTC,51J CT4,Mambakkam TO Medavakkam,bus,3,operational
GTFS_ROUTE_22629,CHENNAI_COMMUNITY_GTFS,22629,MTC,57F CT2,Moolakadai TO Island ground,bus,3,operational
GTFS_ROUTE_22631,CHENNAI_COMMUNITY_GTFS,22631,MTC,53E CT,Royapuram TO  M.G.R.Koyambedu,bus,3,operational
GTFS_ROUTE_22632,CHENNAI_COMMUNITY_GTFS,22632,MTC,57F CT,Surapet TO Island ground,bus,3,operational
GTFS_ROUTE_16413,CHENNAI_COMMUNITY_GTFS,16413,MTC,S94,Kumaran Kundram TO Durga Nagar,bus,3,operational
GTFS_ROUTE_21634,CHENNAI_COMMUNITY_GTFS,21634,MTC,S4,Chromepet TO Medavakkam Jayachandran,bus,3,operational
GTFS_ROUTE_21635,CHENNAI_COMMUNITY_GTFS,21635,MTC,S4,Medavakkam Jayachandran TO Chromepet,bus,3,operational
GTFS_ROUTE_21636,CHENNAI_COMMUNITY_GTFS,21636,MTC,66K R,Kilambakkam B.T TO Kundrathur B.T,bus,3,operational
GTFS_ROUTE_21639,CHENNAI_COMMUNITY_GTFS,21639,MTC,66K R1,Kundrathur B.T TO Kilambakkam B.T,bus,3,operational
GTFS_ROUTE_21643,CHENNAI_COMMUNITY_GTFS,21643,MTC,157 R1,Thiruvotriyur B.T TO Redhills,bus,3,operational
GTFS_ROUTE_21644,CHENNAI_COMMUNITY_GTFS,21644,MTC,28A R1,Egmore North R.S TO Manali New Town,bus,3,operational
GTFS_ROUTE_21646,CHENNAI_COMMUNITY_GTFS,21646,MTC,157 R,Redhills TO Thiruvotriyur B.T,bus,3,operational
GTFS_ROUTE_21647,CHENNAI_COMMUNITY_GTFS,21647,MTC,32A R1,Thangal Tollgate TO Foreshore Estate,bus,3,operational
GTFS_ROUTE_21649,CHENNAI_COMMUNITY_GTFS,21649,MTC,S81,Chromepet TO Pozhichalur,bus,3,operational
GTFS_ROUTE_21650,CHENNAI_COMMUNITY_GTFS,21650,MTC,S81,Pozhichalur TO Chromepet,bus,3,operational
GTFS_ROUTE_21651,CHENNAI_COMMUNITY_GTFS,21651,MTC,S100,Airport Metro TO Tambaram East,bus,3,operational
GTFS_ROUTE_21652,CHENNAI_COMMUNITY_GTFS,21652,MTC,56C R,Island ground TO  Thiruvottriyur,bus,3,operational
GTFS_ROUTE_21653,CHENNAI_COMMUNITY_GTFS,21653,MTC,583C,Tambaram Sanatorium TO Sriperumbudur,bus,3,operational
GTFS_ROUTE_21654,CHENNAI_COMMUNITY_GTFS,21654,MTC,56C R2,Thiruvottriyur TO  Island ground,bus,3,operational
GTFS_ROUTE_21656,CHENNAI_COMMUNITY_GTFS,21656,MTC,52H,Hasthinapuram TO Pozhichalur,bus,3,operational
GTFS_ROUTE_21657,CHENNAI_COMMUNITY_GTFS,21657,MTC,52H,Pozhichalur TO Hasthinapuram,bus,3,operational
GTFS_ROUTE_21666,CHENNAI_COMMUNITY_GTFS,21666,MTC,517K,Pallavaram TO Kovalam,bus,3,operational
GTFS_ROUTE_21669,CHENNAI_COMMUNITY_GTFS,21669,MTC,64C CT3,Madhavaram TO Manali,bus,3,operational
GTFS_ROUTE_21671,CHENNAI_COMMUNITY_GTFS,21671,MTC,118,Tambaram West TO Maraimalai Nagar I.E.,bus,3,operational
GTFS_ROUTE_21672,CHENNAI_COMMUNITY_GTFS,21672,MTC,64C CT4,Manali TO Madhavaram,bus,3,operational
GTFS_ROUTE_21673,CHENNAI_COMMUNITY_GTFS,21673,MTC,118,Maraimalai Nagar I.E. TO Tambaram West,bus,3,operational
GTFS_ROUTE_21674,CHENNAI_COMMUNITY_GTFS,21674,MTC,500D,Chengalpet TO Durga Nagar,bus,3,operational
GTFS_ROUTE_21675,CHENNAI_COMMUNITY_GTFS,21675,MTC,500D,Durga Nagar TO Chengalpet,bus,3,operational
GTFS_ROUTE_21676,CHENNAI_COMMUNITY_GTFS,21676,MTC,105,Tambaram West TO Siruseri I.T Park,bus,3,operational
GTFS_ROUTE_21677,CHENNAI_COMMUNITY_GTFS,21677,MTC,500A,Chengalpet TO Hasthinapuram,bus,3,operational
GTFS_ROUTE_21678,CHENNAI_COMMUNITY_GTFS,21678,MTC,500A,Hasthinapuram TO Chengalpet,bus,3,operational
GTFS_ROUTE_21680,CHENNAI_COMMUNITY_GTFS,21680,MTC,29CEX,Besant Nagar TO Srinivasa Nagar,bus,3,operational
GTFS_ROUTE_21683,CHENNAI_COMMUNITY_GTFS,21683,MTC,56DEt R,Island ground  TO Mathur Bus Stand,bus,3,operational
GTFS_ROUTE_21689,CHENNAI_COMMUNITY_GTFS,21689,MTC,29NEt,Velachery B.T TO Peravallur Kumaran Nagar,bus,3,operational
GTFS_ROUTE_21691,CHENNAI_COMMUNITY_GTFS,21691,MTC,70T,T.V.K.Nagar TO Kilambakkam B.T,bus,3,operational
GTFS_ROUTE_21692,CHENNAI_COMMUNITY_GTFS,21692,MTC,29Et,Mandaveli TO Vinayagapuram,bus,3,operational
GTFS_ROUTE_21694,CHENNAI_COMMUNITY_GTFS,21694,MTC,29CEt,Besant Nagar TO Periyar Nagar,bus,3,operational
GTFS_ROUTE_21695,CHENNAI_COMMUNITY_GTFS,21695,MTC,29CEt,Periyar Nagar TO Besant Nagar,bus,3,operational
GTFS_ROUTE_21700,CHENNAI_COMMUNITY_GTFS,21700,MTC,29AEX,Anna Square TO Peravallur Kumaran Nagar,bus,3,operational
GTFS_ROUTE_21710,CHENNAI_COMMUNITY_GTFS,21710,MTC,129C,Nanganallur TO Perambur B.T,bus,3,operational
GTFS_ROUTE_21709,CHENNAI_COMMUNITY_GTFS,21709,MTC,T29,T.V.K.Nagar TO Thiruvanmiyur,bus,3,operational
GTFS_ROUTE_21711,CHENNAI_COMMUNITY_GTFS,21711,MTC,T29,Thiruvanmiyur TO T.V.K.Nagar,bus,3,operational
GTFS_ROUTE_21712,CHENNAI_COMMUNITY_GTFS,21712,MTC,129C,Perambur B.T TO Nanganallur,bus,3,operational
GTFS_ROUTE_21730,CHENNAI_COMMUNITY_GTFS,21730,MTC,57F CT6,Vallalar Nagar TO Mel Surapattu,bus,3,operational
GTFS_ROUTE_21738,CHENNAI_COMMUNITY_GTFS,21738,MTC,57F CT8,Redhills TO Mel Surapattu,bus,3,operational
GTFS_ROUTE_21728,CHENNAI_COMMUNITY_GTFS,21728,MTC,57F CT3,SECRETARIAT TO KARANODAI,bus,3,operational
GTFS_ROUTE_21729,CHENNAI_COMMUNITY_GTFS,21729,MTC,57F CT5,Vallalar Nagar TO Karanodai,bus,3,operational
GTFS_ROUTE_21733,CHENNAI_COMMUNITY_GTFS,21733,MTC,101X CT14,Royapuram TO M.G.R.Koyambedu,bus,3,operational
GTFS_ROUTE_21734,CHENNAI_COMMUNITY_GTFS,21734,MTC,57F CT8,Moolakadai TO Karanodai,bus,3,operational
GTFS_ROUTE_21736,CHENNAI_COMMUNITY_GTFS,21736,MTC,57F CT7,Karanodai TO Moolakadai,bus,3,operational
GTFS_ROUTE_21739,CHENNAI_COMMUNITY_GTFS,21739,MTC,57F CT9,Redhills TO Padiyanallur,bus,3,operational
GTFS_ROUTE_21740,CHENNAI_COMMUNITY_GTFS,21740,MTC,57F CT9,Karanodai TO Redhills,bus,3,operational
GTFS_ROUTE_21741,CHENNAI_COMMUNITY_GTFS,21741,MTC,57F CT10,Mel Surapattu TO Vallalar Nagar,bus,3,operational
GTFS_ROUTE_21742,CHENNAI_COMMUNITY_GTFS,21742,MTC,102K CT27,Secretariat  TO  Santhome,bus,3,operational
GTFS_ROUTE_21752,CHENNAI_COMMUNITY_GTFS,21752,MTC,102P CT27,Island ground  TO  Santhome,bus,3,operational
GTFS_ROUTE_21744,CHENNAI_COMMUNITY_GTFS,21744,MTC,57F CT10,Padiyanallur TO Redhills,bus,3,operational
GTFS_ROUTE_21745,CHENNAI_COMMUNITY_GTFS,21745,MTC,57F CT11,Redhills TO Vallalar Nagar,bus,3,operational
GTFS_ROUTE_21746,CHENNAI_COMMUNITY_GTFS,21746,MTC,11 CT4,M.G.R.Central TO Thiyagaraya Nagar,bus,3,operational
GTFS_ROUTE_21748,CHENNAI_COMMUNITY_GTFS,21748,MTC,11,Thyagaraya Nagar TO M.G.R.Central,bus,3,operational
GTFS_ROUTE_21755,CHENNAI_COMMUNITY_GTFS,21755,MTC,13,Thyagaraya Nagar TO Triplicane,bus,3,operational
GTFS_ROUTE_21757,CHENNAI_COMMUNITY_GTFS,21757,MTC,102P CT28,Island ground TO  Shozhinganallur,bus,3,operational
GTFS_ROUTE_21758,CHENNAI_COMMUNITY_GTFS,21758,MTC,13,Triplicane TO Thiyagaraya Nagar,bus,3,operational
GTFS_ROUTE_21759,CHENNAI_COMMUNITY_GTFS,21759,MTC,102P CT31,Santhome TO  Perumbakkam,bus,3,operational
GTFS_ROUTE_21762,CHENNAI_COMMUNITY_GTFS,21762,MTC,15 CT1,Island ground TO Arumbakkam,bus,3,operational
GTFS_ROUTE_21763,CHENNAI_COMMUNITY_GTFS,21763,MTC,15F CT2,Kilambakkam TO  Vadapalani,bus,3,operational
GTFS_ROUTE_21765,CHENNAI_COMMUNITY_GTFS,21765,MTC,15F CT6,Vadapalani TO  Kilambakkam,bus,3,operational
GTFS_ROUTE_22635,CHENNAI_COMMUNITY_GTFS,22635,MTC,57D,Poochi Athipet TO Koyambedu Market,bus,3,operational
GTFS_ROUTE_21768,CHENNAI_COMMUNITY_GTFS,21768,MTC,15F CT7,Vadapalani TO  M.G.R.CENTRAL,bus,3,operational
GTFS_ROUTE_21771,CHENNAI_COMMUNITY_GTFS,21771,MTC,15 CT1,M.G.R.Koyambedu TO Anna Nagar East,bus,3,operational
GTFS_ROUTE_21772,CHENNAI_COMMUNITY_GTFS,21772,MTC,15F CT1,M.G.R.CENTRAL METRO  TO  Secretariat,bus,3,operational
GTFS_ROUTE_21773,CHENNAI_COMMUNITY_GTFS,21773,MTC,17D CT,Secretariat TO K.K.Nagar,bus,3,operational
GTFS_ROUTE_21780,CHENNAI_COMMUNITY_GTFS,21780,MTC,109A,Adyar  B.S TO Thiruvidhanthai,bus,3,operational
GTFS_ROUTE_21784,CHENNAI_COMMUNITY_GTFS,21784,MTC,597A CT3,Poonamallee B.T TO Thiruvallur Collector Office,bus,3,operational
GTFS_ROUTE_22637,CHENNAI_COMMUNITY_GTFS,22637,MTC,18H,Tambaram West TO Naduveerapattu,bus,3,operational
GTFS_ROUTE_22634,CHENNAI_COMMUNITY_GTFS,22634,MTC,57D CT,Island ground TO Moolakadai,bus,3,operational
GTFS_ROUTE_22638,CHENNAI_COMMUNITY_GTFS,22638,MTC,18H,Naduveerapattu TO Tambaram West,bus,3,operational
GTFS_ROUTE_22639,CHENNAI_COMMUNITY_GTFS,22639,MTC,22,Anna Square TO Korattur Bus Terminus,bus,3,operational
GTFS_ROUTE_21786,CHENNAI_COMMUNITY_GTFS,21786,MTC,29E R,Perambur B.T TO Thiruverkadu,bus,3,operational
GTFS_ROUTE_21788,CHENNAI_COMMUNITY_GTFS,21788,MTC,142P,Perambur B.T TO Puthagaram,bus,3,operational
GTFS_ROUTE_21792,CHENNAI_COMMUNITY_GTFS,21792,MTC,170K,Peravallur Kumaran Nagar TO Guindy Tvk Estate,bus,3,operational
GTFS_ROUTE_21795,CHENNAI_COMMUNITY_GTFS,21795,MTC,170K,Guindy Tvk Estate TO Peravallur Kumaran Nagar,bus,3,operational
GTFS_ROUTE_21800,CHENNAI_COMMUNITY_GTFS,21800,MTC,46,M.G.R.Koyambedu TO T.V.K.Nagar,bus,3,operational
GTFS_ROUTE_21802,CHENNAI_COMMUNITY_GTFS,21802,MTC,29AEt,Periyar Nagar TO Anna Square,bus,3,operational
GTFS_ROUTE_21803,CHENNAI_COMMUNITY_GTFS,21803,MTC,46,T.V.K.Nagar TO M.G.R.Koyambedu,bus,3,operational
GTFS_ROUTE_21805,CHENNAI_COMMUNITY_GTFS,21805,MTC,29C R1,Perambur B.T TO Besant Nagar,bus,3,operational
GTFS_ROUTE_21806,CHENNAI_COMMUNITY_GTFS,21806,MTC,21L CT,Island ground TO Adyar Depot,bus,3,operational
GTFS_ROUTE_21809,CHENNAI_COMMUNITY_GTFS,21809,MTC,29AEt,Anna Square TO Periyar Nagar,bus,3,operational
GTFS_ROUTE_21811,CHENNAI_COMMUNITY_GTFS,21811,MTC,21L CT2,Thiruvanmiyur TO Madipakkam Bus Stand,bus,3,operational
GTFS_ROUTE_21812,CHENNAI_COMMUNITY_GTFS,21812,MTC,42 R,Island ground TO Periyar Nagar,bus,3,operational
GTFS_ROUTE_21815,CHENNAI_COMMUNITY_GTFS,21815,MTC,42 R,Periyar Nagar TO Island ground,bus,3,operational
GTFS_ROUTE_21821,CHENNAI_COMMUNITY_GTFS,21821,MTC,46Et,M.G.R.Koyambedu TO Periyar Nagar,bus,3,operational
GTFS_ROUTE_21824,CHENNAI_COMMUNITY_GTFS,21824,MTC,46Et,Periyar Nagar TO M.G.R.Koyambedu,bus,3,operational
GTFS_ROUTE_21827,CHENNAI_COMMUNITY_GTFS,21827,MTC,88C CT1,Thandalam Village TO Iyyappanthangal,bus,3,operational
GTFS_ROUTE_21828,CHENNAI_COMMUNITY_GTFS,21828,MTC,26B,Iyyappanthangal TO Mangadu,bus,3,operational
GTFS_ROUTE_11303,CHENNAI_COMMUNITY_GTFS,11303,MTC,38H,Madhavaram Village TO Madhavaram,bus,3,operational
GTFS_ROUTE_21835,CHENNAI_COMMUNITY_GTFS,21835,MTC,64C R,Island ground TO Manali,bus,3,operational
GTFS_ROUTE_21836,CHENNAI_COMMUNITY_GTFS,21836,MTC,60A,Kundrathur TO Nehru Nagar,bus,3,operational
GTFS_ROUTE_21837,CHENNAI_COMMUNITY_GTFS,21837,MTC,18D CT2,NGO COLONY TO KEELKATTALAI,bus,3,operational
GTFS_ROUTE_21845,CHENNAI_COMMUNITY_GTFS,21845,MTC,64K R,Kaviarasu Kannadasan Nagar TO Island ground,bus,3,operational
GTFS_ROUTE_21846,CHENNAI_COMMUNITY_GTFS,21846,MTC,38H R1,Madhavaram Village TO  Island ground,bus,3,operational
GTFS_ROUTE_21840,CHENNAI_COMMUNITY_GTFS,21840,MTC,38H R,Island ground  TO Madhavaram Village,bus,3,operational
GTFS_ROUTE_21842,CHENNAI_COMMUNITY_GTFS,21842,MTC,64C R,Manali TO Island ground,bus,3,operational
GTFS_ROUTE_21847,CHENNAI_COMMUNITY_GTFS,21847,MTC,38H CT2,Madhavaram Village TO Vallalar Nagar,bus,3,operational
GTFS_ROUTE_21848,CHENNAI_COMMUNITY_GTFS,21848,MTC,64K R,Island ground TO Kaviarasu Kannadasan Nagar,bus,3,operational
GTFS_ROUTE_21851,CHENNAI_COMMUNITY_GTFS,21851,MTC,38H CT3,Vallalar Nagar TO Madhavaram Village,bus,3,operational
GTFS_ROUTE_21853,CHENNAI_COMMUNITY_GTFS,21853,MTC,18D CT3,Royapuram TO N.G.O.Colony,bus,3,operational
GTFS_ROUTE_21855,CHENNAI_COMMUNITY_GTFS,21855,MTC,18D CT4,Saidapet TO Royapuram,bus,3,operational
GTFS_ROUTE_21857,CHENNAI_COMMUNITY_GTFS,21857,MTC,1C CT4,Island ground  TO Thiruvanmiyur Bus,bus,3,operational
GTFS_ROUTE_21869,CHENNAI_COMMUNITY_GTFS,21869,MTC,102K CT21,Island ground TO  Alwarpet,bus,3,operational
GTFS_ROUTE_21870,CHENNAI_COMMUNITY_GTFS,21870,MTC,8B R,Island ground TO T.V.K.Nagar,bus,3,operational
GTFS_ROUTE_21871,CHENNAI_COMMUNITY_GTFS,21871,MTC,8B R,T.V.K.Nagar TO Island ground,bus,3,operational
GTFS_ROUTE_21872,CHENNAI_COMMUNITY_GTFS,21872,MTC,102K CT24,Kannagi Nagar TO  Alwarpet,bus,3,operational
GTFS_ROUTE_21873,CHENNAI_COMMUNITY_GTFS,21873,MTC,102K CT28,Alwarpet TO  Kannagi Nagar,bus,3,operational
GTFS_ROUTE_21874,CHENNAI_COMMUNITY_GTFS,21874,MTC,32B CT1,Korukkupet TO  Mgr Central,bus,3,operational
GTFS_ROUTE_21875,CHENNAI_COMMUNITY_GTFS,21875,MTC,32B CT7,Mgr Central  TO  Vivekananda House,bus,3,operational
GTFS_ROUTE_21876,CHENNAI_COMMUNITY_GTFS,21876,MTC,32B CT9,Vivekananda TO  Mgr Central,bus,3,operational
GTFS_ROUTE_21877,CHENNAI_COMMUNITY_GTFS,21877,MTC,102P CT29,Kannagi Nagar TO  Perumbakkam,bus,3,operational
GTFS_ROUTE_21879,CHENNAI_COMMUNITY_GTFS,21879,MTC,102P CT32,Shozhinganallur TO  Perumbakkam,bus,3,operational
GTFS_ROUTE_21883,CHENNAI_COMMUNITY_GTFS,21883,MTC,11M CT4,Government Girls School TO  Royapuram,bus,3,operational
GTFS_ROUTE_21884,CHENNAI_COMMUNITY_GTFS,21884,MTC,42 CT,Island ground TO G.K.M Colony,bus,3,operational
GTFS_ROUTE_21885,CHENNAI_COMMUNITY_GTFS,21885,MTC,102P CT22,Alwarpet TO  Island ground,bus,3,operational
GTFS_ROUTE_21886,CHENNAI_COMMUNITY_GTFS,21886,MTC,102P CT29,Perumbakkam TO Alwarpet,bus,3,operational
GTFS_ROUTE_21887,CHENNAI_COMMUNITY_GTFS,21887,MTC,42 CT,G.K.M Colony TO Island ground,bus,3,operational
GTFS_ROUTE_21888,CHENNAI_COMMUNITY_GTFS,21888,MTC,11M CT6,Government Girls TO  Iyyappanthangal,bus,3,operational
GTFS_ROUTE_21890,CHENNAI_COMMUNITY_GTFS,21890,MTC,44CT1,I.O.C  TO Secretariat,bus,3,operational
GTFS_ROUTE_21891,CHENNAI_COMMUNITY_GTFS,21891,MTC,11M CT8,Royapuram TO  Government Girls,bus,3,operational
GTFS_ROUTE_21892,CHENNAI_COMMUNITY_GTFS,21892,MTC,15 CT3,Arumbakkam TO Island ground,bus,3,operational
GTFS_ROUTE_21893,CHENNAI_COMMUNITY_GTFS,21893,MTC,15F CT8,TAISHA COMPLEX  TO  Island ground,bus,3,operational
GTFS_ROUTE_21894,CHENNAI_COMMUNITY_GTFS,21894,MTC,17E CT,Saligramam TO Secretariat,bus,3,operational
GTFS_ROUTE_21895,CHENNAI_COMMUNITY_GTFS,21895,MTC,21 CT5,Mandaveli TO Collector Office,bus,3,operational
GTFS_ROUTE_21896,CHENNAI_COMMUNITY_GTFS,21896,MTC,18A CT1,Mkb Nagar TO Royapuram,bus,3,operational
GTFS_ROUTE_21903,CHENNAI_COMMUNITY_GTFS,21903,MTC,242 CT7,Padiyanallur TO Redhills,bus,3,operational
GTFS_ROUTE_21898,CHENNAI_COMMUNITY_GTFS,21898,MTC,18A CT3,Royapuram terminus TO Mkb Nagar East,bus,3,operational
GTFS_ROUTE_21899,CHENNAI_COMMUNITY_GTFS,21899,MTC,21 CT2,Foreshore Estate Bus Stop TO  Collector Office,bus,3,operational
GTFS_ROUTE_21900,CHENNAI_COMMUNITY_GTFS,21900,MTC,18R CT3,Nanganallur TO Secretariat,bus,3,operational
GTFS_ROUTE_21901,CHENNAI_COMMUNITY_GTFS,21901,MTC,21 CT1,Collector Office TO Mandaveli Bus Terminus,bus,3,operational
GTFS_ROUTE_21904,CHENNAI_COMMUNITY_GTFS,21904,MTC,242 CT9,Redhills TO Padiyanallur,bus,3,operational
GTFS_ROUTE_22643,CHENNAI_COMMUNITY_GTFS,22643,MTC,104K,Redhills TO Kilambakkam B.T,bus,3,operational
GTFS_ROUTE_22645,CHENNAI_COMMUNITY_GTFS,22645,MTC,55X,Tambaram West TO Mannivakkam W.Tank,bus,3,operational
GTFS_ROUTE_22647,CHENNAI_COMMUNITY_GTFS,22647,MTC,55X,Mannivakkam W.Tank TO Tambaram West,bus,3,operational
GTFS_ROUTE_22649,CHENNAI_COMMUNITY_GTFS,22649,MTC,MAA1,AIRPORT TO KILAMBAKKAM,bus,3,operational
GTFS_ROUTE_22653,CHENNAI_COMMUNITY_GTFS,22653,MTC,101 CT,Poonamallee TO Royapuram,bus,3,operational
GTFS_ROUTE_21905,CHENNAI_COMMUNITY_GTFS,21905,MTC,26 CT5,Secretariat TO  Iyyappanthangal,bus,3,operational
GTFS_ROUTE_21921,CHENNAI_COMMUNITY_GTFS,21921,MTC,50Et CT,Basin Bridge TO Island ground,bus,3,operational
GTFS_ROUTE_21907,CHENNAI_COMMUNITY_GTFS,21907,MTC,26 CT6,Royapuram terminus TO  Valasaravakkam,bus,3,operational
GTFS_ROUTE_21908,CHENNAI_COMMUNITY_GTFS,21908,MTC,21 CT8,Royapuram terminus TO Foreshore Estate Bus Terminus,bus,3,operational
GTFS_ROUTE_21910,CHENNAI_COMMUNITY_GTFS,21910,MTC,26 CT9,Royapuram TO  Secretariat,bus,3,operational
GTFS_ROUTE_21913,CHENNAI_COMMUNITY_GTFS,21913,MTC,28B R,Ennore TO  Quaid E Millath,bus,3,operational
GTFS_ROUTE_21914,CHENNAI_COMMUNITY_GTFS,21914,MTC,28B R,Quaid E Millath TO  Thangal Tollgate,bus,3,operational
GTFS_ROUTE_21915,CHENNAI_COMMUNITY_GTFS,21915,MTC,21G CT1,Tambaram West TO Island ground,bus,3,operational
GTFS_ROUTE_21916,CHENNAI_COMMUNITY_GTFS,21916,MTC,4 CT1,Thangal Tollgate TO Ennore,bus,3,operational
GTFS_ROUTE_21917,CHENNAI_COMMUNITY_GTFS,21917,MTC,4 CT2,Ennore TO Thangal Tollgate,bus,3,operational
GTFS_ROUTE_21919,CHENNAI_COMMUNITY_GTFS,21919,MTC,50Et CT,Island ground TO Thiruverkadu,bus,3,operational
GTFS_ROUTE_21920,CHENNAI_COMMUNITY_GTFS,21920,MTC,50Et CT1,Island ground TO  Basin Bridge,bus,3,operational
GTFS_ROUTE_21922,CHENNAI_COMMUNITY_GTFS,21922,MTC,50Et CT3,Thiruverkadu TO Island ground,bus,3,operational
GTFS_ROUTE_21923,CHENNAI_COMMUNITY_GTFS,21923,MTC,7H CT3,Anna Nagar West TO Island ground,bus,3,operational
GTFS_ROUTE_21924,CHENNAI_COMMUNITY_GTFS,21924,MTC,7H CT2,Island ground TO Anna Nagar West,bus,3,operational
GTFS_ROUTE_21925,CHENNAI_COMMUNITY_GTFS,21925,MTC,17D E,M.G.R.Koyambedu TO Island ground,bus,3,operational
GTFS_ROUTE_21927,CHENNAI_COMMUNITY_GTFS,21927,MTC,56P CT7,Island ground Terminus to  Tondairpet-2 Depot,bus,3,operational
GTFS_ROUTE_21928,CHENNAI_COMMUNITY_GTFS,21928,MTC,64C CT,Island ground TO Azeezee Nagar,bus,3,operational
GTFS_ROUTE_21929,CHENNAI_COMMUNITY_GTFS,21929,MTC,64C CT1,Island ground TO Madhavaram,bus,3,operational
GTFS_ROUTE_21930,CHENNAI_COMMUNITY_GTFS,21930,MTC,64C CT1,Azeezee Nagar TO Island ground,bus,3,operational
GTFS_ROUTE_21931,CHENNAI_COMMUNITY_GTFS,21931,MTC,64C CT2,Madhavaram TO Island ground,bus,3,operational
GTFS_ROUTE_21932,CHENNAI_COMMUNITY_GTFS,21932,MTC,A54C CT,Poonamallee TO  Pattabiram,bus,3,operational
GTFS_ROUTE_21933,CHENNAI_COMMUNITY_GTFS,21933,MTC,A54C CT2,Pattabiram TO  Poonamallee,bus,3,operational
GTFS_ROUTE_21934,CHENNAI_COMMUNITY_GTFS,21934,MTC,7M CT4,Nolambur TO Island ground,bus,3,operational
GTFS_ROUTE_21935,CHENNAI_COMMUNITY_GTFS,21935,MTC,A45B CT1,Iyyappanthangal TO Anna Square,bus,3,operational
GTFS_ROUTE_21937,CHENNAI_COMMUNITY_GTFS,21937,MTC,9MEt,N.G.O.Colony TO Royapuram,bus,3,operational
GTFS_ROUTE_21938,CHENNAI_COMMUNITY_GTFS,21938,MTC,9MEt CT,Royapuram TO N.G.O.Colony,bus,3,operational
GTFS_ROUTE_21944,CHENNAI_COMMUNITY_GTFS,21944,MTC,E51 CT1,Ottiyampakkam TO Saidapet,bus,3,operational
GTFS_ROUTE_21948,CHENNAI_COMMUNITY_GTFS,21948,MTC,E51,Saidapet TO Ottiyampakkam,bus,3,operational
GTFS_ROUTE_21949,CHENNAI_COMMUNITY_GTFS,21949,MTC,E51 CT3,Saidapet TO Acharavakkam,bus,3,operational
GTFS_ROUTE_21950,CHENNAI_COMMUNITY_GTFS,21950,MTC,E51 CT4,Acharavakkam TO Velachery B.T,bus,3,operational
GTFS_ROUTE_21959,CHENNAI_COMMUNITY_GTFS,21959,MTC,120F,Ambatture Oragadam TO Avadi Bus Terminus,bus,3,operational
GTFS_ROUTE_21955,CHENNAI_COMMUNITY_GTFS,21955,MTC,120F CT,Ambattur I.E TO Oragadam,bus,3,operational
GTFS_ROUTE_21956,CHENNAI_COMMUNITY_GTFS,21956,MTC,120F,Avadi B.T TO Oragadam,bus,3,operational
GTFS_ROUTE_21961,CHENNAI_COMMUNITY_GTFS,21961,MTC,120F CT,Oragadam TO Ambattur I.E,bus,3,operational
GTFS_ROUTE_21967,CHENNAI_COMMUNITY_GTFS,21967,MTC,71H,Avadi B.T TO Kamaraj Nagar,bus,3,operational
GTFS_ROUTE_21968,CHENNAI_COMMUNITY_GTFS,21968,MTC,71H CT,Kamaraj Nagar TO Ambattur I.E,bus,3,operational
GTFS_ROUTE_21969,CHENNAI_COMMUNITY_GTFS,21969,MTC,71H,Kamaraj Nagar TO Avadi B.T,bus,3,operational
GTFS_ROUTE_21966,CHENNAI_COMMUNITY_GTFS,21966,MTC,71H CT1,Ambattur I.E TO Kamaraj Nagar,bus,3,operational
GTFS_ROUTE_21992,CHENNAI_COMMUNITY_GTFS,21992,MTC,57H CT1,New Erumaivetti Palayam TO Koyambedu Market,bus,3,operational
GTFS_ROUTE_21975,CHENNAI_COMMUNITY_GTFS,21975,MTC,57H CT,Koyambedu Market TO Redhills,bus,3,operational
GTFS_ROUTE_21980,CHENNAI_COMMUNITY_GTFS,21980,MTC,57H CT4,Padiyanallur TO Redhills,bus,3,operational
GTFS_ROUTE_21989,CHENNAI_COMMUNITY_GTFS,21989,MTC,57H,Redhills TO Padiyanallur,bus,3,operational
GTFS_ROUTE_21985,CHENNAI_COMMUNITY_GTFS,21985,MTC,57H CT3,New Erumaivetti Palayam TO Redhills,bus,3,operational
GTFS_ROUTE_21986,CHENNAI_COMMUNITY_GTFS,21986,MTC,57H CT6,Vallalar Nagar TO New Erumaivetti Palayam,bus,3,operational
GTFS_ROUTE_21990,CHENNAI_COMMUNITY_GTFS,21990,MTC,57H CT2,New Erumaivetti Palayam TO Vallalar Nagar,bus,3,operational
GTFS_ROUTE_21993,CHENNAI_COMMUNITY_GTFS,21993,MTC,57H CT5,Redhills TO New Erumaivetti Palayam,bus,3,operational
GTFS_ROUTE_22002,CHENNAI_COMMUNITY_GTFS,22002,MTC,52B,Hasthinapuram TO Pozhichalur,bus,3,operational
GTFS_ROUTE_22004,CHENNAI_COMMUNITY_GTFS,22004,MTC,52B,Pozhichalur TO Hasthinapuram,bus,3,operational
GTFS_ROUTE_22006,CHENNAI_COMMUNITY_GTFS,22006,MTC,120G CT,Ambattur I.E TO M.G.R.Koyambedu,bus,3,operational
GTFS_ROUTE_22007,CHENNAI_COMMUNITY_GTFS,22007,MTC,120G CT,Ambattur I.E TO Menambedu,bus,3,operational
GTFS_ROUTE_22008,CHENNAI_COMMUNITY_GTFS,22008,MTC,120G,M.G.R.Koyambedu TO Menambedu,bus,3,operational
GTFS_ROUTE_22010,CHENNAI_COMMUNITY_GTFS,22010,MTC,120G CT2,Menambedu TO Ambattur I.E,bus,3,operational
GTFS_ROUTE_22011,CHENNAI_COMMUNITY_GTFS,22011,MTC,120G,Menambedu TO M.G.R.Koyambedu,bus,3,operational
GTFS_ROUTE_22000,CHENNAI_COMMUNITY_GTFS,22000,MTC,142B,Perambur B.T TO Thanikachalam Nagar,bus,3,operational
GTFS_ROUTE_22030,CHENNAI_COMMUNITY_GTFS,22030,MTC,44C CT1,Tondiarpet TO Manali,bus,3,operational
GTFS_ROUTE_22031,CHENNAI_COMMUNITY_GTFS,22031,MTC,44C CT,Manali TO Tondiarpet,bus,3,operational
GTFS_ROUTE_22037,CHENNAI_COMMUNITY_GTFS,22037,MTC,57D CT1,KOYAMBEDU MARKET TO POOCHIATHIPEDU,bus,3,operational
GTFS_ROUTE_22038,CHENNAI_COMMUNITY_GTFS,22038,MTC,57D CT2,Moolakadai TO Poochiathipedu,bus,3,operational
GTFS_ROUTE_22041,CHENNAI_COMMUNITY_GTFS,22041,MTC,35 CT,Ayanavaram TO Island ground,bus,3,operational
GTFS_ROUTE_22042,CHENNAI_COMMUNITY_GTFS,22042,MTC,35 CT,Island ground TO Ayanavaram,bus,3,operational
GTFS_ROUTE_22043,CHENNAI_COMMUNITY_GTFS,22043,MTC,60 CT,Anakaputhur TO Chromepet,bus,3,operational
GTFS_ROUTE_22044,CHENNAI_COMMUNITY_GTFS,22044,MTC,60 R,Anakaputhur TO Broadway,bus,3,operational
GTFS_ROUTE_22045,CHENNAI_COMMUNITY_GTFS,22045,MTC,60 CT1,Anakaputhur TO Saidapet,bus,3,operational
GTFS_ROUTE_22046,CHENNAI_COMMUNITY_GTFS,22046,MTC,60 CT2,Chromepet TO Anakaputhur,bus,3,operational
GTFS_ROUTE_22047,CHENNAI_COMMUNITY_GTFS,22047,MTC,60 R1,Broadway TO Anakaputhur,bus,3,operational
GTFS_ROUTE_22048,CHENNAI_COMMUNITY_GTFS,22048,MTC,60 CT3,Saidapet TO Anakaputhur,bus,3,operational
GTFS_ROUTE_22049,CHENNAI_COMMUNITY_GTFS,22049,MTC,35C,Korattur TO Island ground,bus,3,operational
GTFS_ROUTE_21994,CHENNAI_COMMUNITY_GTFS,21994,MTC,142B,Perambur B.T TO Periyar Nagar,bus,3,operational
GTFS_ROUTE_22051,CHENNAI_COMMUNITY_GTFS,22051,MTC,35C,Ayanavaram B.T TO Korattur,bus,3,operational
GTFS_ROUTE_22054,CHENNAI_COMMUNITY_GTFS,22054,MTC,42B CT1,Otteri TO Poompuhar,bus,3,operational
GTFS_ROUTE_22055,CHENNAI_COMMUNITY_GTFS,22055,MTC,42B CT2,Perambur B.T TO Poompuhar,bus,3,operational
GTFS_ROUTE_22062,CHENNAI_COMMUNITY_GTFS,22062,MTC,35C,Island ground TO Korattur,bus,3,operational
GTFS_ROUTE_22063,CHENNAI_COMMUNITY_GTFS,22063,MTC,35C,Korattur TO Ayanavaram B.T,bus,3,operational
GTFS_ROUTE_22064,CHENNAI_COMMUNITY_GTFS,22064,MTC,53 CT,M.G.R.Koyambedu TO Poonamallee B.T,bus,3,operational
GTFS_ROUTE_22065,CHENNAI_COMMUNITY_GTFS,22065,MTC,53 CT1,M.G.R.Koyambedu  TO  Royapuram,bus,3,operational
GTFS_ROUTE_22067,CHENNAI_COMMUNITY_GTFS,22067,MTC,53 CT2,Poonamallee B.T TO M.G.R.Koyambedu,bus,3,operational
GTFS_ROUTE_22068,CHENNAI_COMMUNITY_GTFS,22068,MTC,53 R,Poonamallee B.T TO Royapuram,bus,3,operational
GTFS_ROUTE_22069,CHENNAI_COMMUNITY_GTFS,22069,MTC,53 CT2,RoyapuramTO  M.G.R.Koyambedu,bus,3,operational
GTFS_ROUTE_22070,CHENNAI_COMMUNITY_GTFS,22070,MTC,53 R1,Royapuram TO Poonamallee B.T,bus,3,operational
GTFS_ROUTE_22072,CHENNAI_COMMUNITY_GTFS,22072,MTC,50 CT,M.G.R.Koyambedu TO Thiruverkadu B.S,bus,3,operational
GTFS_ROUTE_22073,CHENNAI_COMMUNITY_GTFS,22073,MTC,50 R,Royapuram TO Thiruverkadu,bus,3,operational
GTFS_ROUTE_22074,CHENNAI_COMMUNITY_GTFS,22074,MTC,50 CT1,Royapuram TO Vallalar Nagar,bus,3,operational
GTFS_ROUTE_22075,CHENNAI_COMMUNITY_GTFS,22075,MTC,50 CT2,Thiruverkadu  B.S TO M.G.R.Koyambedu,bus,3,operational
GTFS_ROUTE_22076,CHENNAI_COMMUNITY_GTFS,22076,MTC,50 R1,Thiruverkadu TO Royapuram,bus,3,operational
GTFS_ROUTE_22077,CHENNAI_COMMUNITY_GTFS,22077,MTC,50 CT4,Vallalar Nagar TO  Royapuram,bus,3,operational
GTFS_ROUTE_22083,CHENNAI_COMMUNITY_GTFS,22083,MTC,17K CT,Vadapalani TO Dasarathapuram,bus,3,operational
GTFS_ROUTE_22085,CHENNAI_COMMUNITY_GTFS,22085,MTC,17K CT1,Dasarathapuram TO Vadapalani,bus,3,operational
GTFS_ROUTE_22086,CHENNAI_COMMUNITY_GTFS,22086,MTC,17K R1,Royapuram TO Dasarathapuram,bus,3,operational
GTFS_ROUTE_22087,CHENNAI_COMMUNITY_GTFS,22087,MTC,18B,Kotturpuram TO Royapuram,bus,3,operational
GTFS_ROUTE_22089,CHENNAI_COMMUNITY_GTFS,22089,MTC,18B CT3,Little Mount TO Royapuram,bus,3,operational
GTFS_ROUTE_22090,CHENNAI_COMMUNITY_GTFS,22090,MTC,18B,Royapuram TO Kotturpuram,bus,3,operational
GTFS_ROUTE_22091,CHENNAI_COMMUNITY_GTFS,22091,MTC,18B CT3,Royapuram TO Little Mount,bus,3,operational
GTFS_ROUTE_10551,CHENNAI_COMMUNITY_GTFS,10551,MTC,18ACT,K.K.Nagar TO Kilambakkam B.T,bus,3,operational
GTFS_ROUTE_16312,CHENNAI_COMMUNITY_GTFS,16312,MTC,18ACT,Tambaram West B.S TO Cemetery Road,bus,3,operational
GTFS_ROUTE_10552,CHENNAI_COMMUNITY_GTFS,10552,MTC,18ACT,Kilambakkam B.T TO Guindy Tvk Estate,bus,3,operational
GTFS_ROUTE_22095,CHENNAI_COMMUNITY_GTFS,22095,MTC,18ACT CT,Keelkattalai TO Royapuram,bus,3,operational
GTFS_ROUTE_22097,CHENNAI_COMMUNITY_GTFS,22097,MTC,18ACT CT2,Royapuram TO Keelkattalai,bus,3,operational
GTFS_ROUTE_22098,CHENNAI_COMMUNITY_GTFS,22098,MTC,18ACT CT3,Royapuram TO Saidapet,bus,3,operational
GTFS_ROUTE_22100,CHENNAI_COMMUNITY_GTFS,22100,MTC,18ACT CT4,Saidapet TO Tambaram West,bus,3,operational
GTFS_ROUTE_22102,CHENNAI_COMMUNITY_GTFS,22102,MTC,18ACT CT5,Tambaram West TO Saidapet,bus,3,operational
GTFS_ROUTE_22103,CHENNAI_COMMUNITY_GTFS,22103,MTC,18ACT CT6,Todd Hunter Nagar TO  Royapuram,bus,3,operational
GTFS_ROUTE_22104,CHENNAI_COMMUNITY_GTFS,22104,MTC,18ACT CT7,Saidapet TO  Royapuram,bus,3,operational
GTFS_ROUTE_22106,CHENNAI_COMMUNITY_GTFS,22106,MTC,38A R,Island ground TO Manali,bus,3,operational
GTFS_ROUTE_22107,CHENNAI_COMMUNITY_GTFS,22107,MTC,38A CT,Island ground  TO Madhavaram,bus,3,operational
GTFS_ROUTE_22108,CHENNAI_COMMUNITY_GTFS,22108,MTC,38A CT2,Madhavaram TO  Island ground,bus,3,operational
GTFS_ROUTE_22109,CHENNAI_COMMUNITY_GTFS,22109,MTC,38A CT1,Madhavaram TO Manali,bus,3,operational
GTFS_ROUTE_22110,CHENNAI_COMMUNITY_GTFS,22110,MTC,38A CT3,Manali TO Madhavaram,bus,3,operational
GTFS_ROUTE_22111,CHENNAI_COMMUNITY_GTFS,22111,MTC,38A R1,Manali TO Broadway,bus,3,operational
GTFS_ROUTE_22115,CHENNAI_COMMUNITY_GTFS,22115,MTC,42C CT,Island ground  TO Perambur B.T,bus,3,operational
GTFS_ROUTE_22116,CHENNAI_COMMUNITY_GTFS,22116,MTC,42C R,Island ground TO Teachers Colony,bus,3,operational
GTFS_ROUTE_22118,CHENNAI_COMMUNITY_GTFS,22118,MTC,42C CT1,Perambur B.T TO Island ground,bus,3,operational
GTFS_ROUTE_22119,CHENNAI_COMMUNITY_GTFS,22119,MTC,42C CT2,Perambur B.T TO Teachers Colony,bus,3,operational
GTFS_ROUTE_22123,CHENNAI_COMMUNITY_GTFS,22123,MTC,42M R,Island ground TO M.M.B.T,bus,3,operational
GTFS_ROUTE_22124,CHENNAI_COMMUNITY_GTFS,22124,MTC,154 CT1,Royapuram TO Poonamallee Terminus,bus,3,operational
GTFS_ROUTE_22127,CHENNAI_COMMUNITY_GTFS,22127,MTC,42M CT1,Perambur B.T TO M.M.B.T,bus,3,operational
GTFS_ROUTE_22128,CHENNAI_COMMUNITY_GTFS,22128,MTC,154 CT2,Royapuram TO Saidapet,bus,3,operational
GTFS_ROUTE_22129,CHENNAI_COMMUNITY_GTFS,22129,MTC,154 CT8,Todd Hunter Nagar TO Royapuram,bus,3,operational
GTFS_ROUTE_22130,CHENNAI_COMMUNITY_GTFS,22130,MTC,49 CT,Iyyappanthangal TO Thiruvanmiyur,bus,3,operational
GTFS_ROUTE_22135,CHENNAI_COMMUNITY_GTFS,22135,MTC,49 CT3,Thiruvanmiyur Bus Stand TO Mugalivakkam,bus,3,operational
GTFS_ROUTE_22136,CHENNAI_COMMUNITY_GTFS,22136,MTC,49 R1,Thiruvanmiyur Bus Stand TO Iyyapanthangal Depot,bus,3,operational
GTFS_ROUTE_22140,CHENNAI_COMMUNITY_GTFS,22140,MTC,154 CT5,Poonamallee Terminus TO Royapuram,bus,3,operational
GTFS_ROUTE_22142,CHENNAI_COMMUNITY_GTFS,22142,MTC,7E R,Ambattur I.E TO Broadway,bus,3,operational
GTFS_ROUTE_22146,CHENNAI_COMMUNITY_GTFS,22146,MTC,7E CT,Ambattur I.E TO Nolambur Sakthi Nagar,bus,3,operational
GTFS_ROUTE_22149,CHENNAI_COMMUNITY_GTFS,22149,MTC,7E CT3,Island ground  TO Nolambur Sakthi Nagar,bus,3,operational
GTFS_ROUTE_22151,CHENNAI_COMMUNITY_GTFS,22151,MTC,7E CT2,Nolambur Sakthi Nagar TO Ambattur I.E,bus,3,operational
GTFS_ROUTE_22153,CHENNAI_COMMUNITY_GTFS,22153,MTC,7E CT4,Nolambur Sakthi Nagar TO Island ground,bus,3,operational
GTFS_ROUTE_22158,CHENNAI_COMMUNITY_GTFS,22158,MTC,7MEt CT,Ambattur I.E TO  Island ground,bus,3,operational
GTFS_ROUTE_22160,CHENNAI_COMMUNITY_GTFS,22160,MTC,7MEt CT1,Athipet I.C.F. Colony TO Ambattur I.E,bus,3,operational
GTFS_ROUTE_22161,CHENNAI_COMMUNITY_GTFS,22161,MTC,7MEt R,Athipet I.C.F. Colony TO  Island ground,bus,3,operational
GTFS_ROUTE_22162,CHENNAI_COMMUNITY_GTFS,22162,MTC,7MEt R1,Island ground  TO Athipet I.C.F. Colony,bus,3,operational
GTFS_ROUTE_17126,CHENNAI_COMMUNITY_GTFS,17126,MTC,77,M.G.R.Koyambedu TO Ambattur I.E,bus,3,operational
GTFS_ROUTE_22166,CHENNAI_COMMUNITY_GTFS,22166,MTC,77 CT,Ambattur I.E TO M.G.R.Koyambedu,bus,3,operational
GTFS_ROUTE_22168,CHENNAI_COMMUNITY_GTFS,22168,MTC,77 CT1,Avadi B.T TO Ambattur I.E,bus,3,operational
GTFS_ROUTE_22169,CHENNAI_COMMUNITY_GTFS,22169,MTC,77 R1,M.G.R.Koyambedu TO Avadi B.T,bus,3,operational
GTFS_ROUTE_22178,CHENNAI_COMMUNITY_GTFS,22178,MTC,51J CT2,Saidapet TO Mambakkam Kootroad,bus,3,operational
GTFS_ROUTE_22173,CHENNAI_COMMUNITY_GTFS,22173,MTC,51J R1,Mambakkam Kootroad TO Royapuram,bus,3,operational
GTFS_ROUTE_22174,CHENNAI_COMMUNITY_GTFS,22174,MTC,51J CT7,Mambakkam Kootroad TO Saidapet,bus,3,operational
GTFS_ROUTE_22180,CHENNAI_COMMUNITY_GTFS,22180,MTC,51J R3,Royapuram TO Mambakkam Kootroad,bus,3,operational
GTFS_ROUTE_22181,CHENNAI_COMMUNITY_GTFS,22181,MTC,7K CT,Anna Nagar West TO  Island ground,bus,3,operational
GTFS_ROUTE_22183,CHENNAI_COMMUNITY_GTFS,22183,MTC,52K R,Nanganallur TO Royapuram,bus,3,operational
GTFS_ROUTE_22184,CHENNAI_COMMUNITY_GTFS,22184,MTC,7K CT1,Island ground TO Anna Nagar West,bus,3,operational
GTFS_ROUTE_22185,CHENNAI_COMMUNITY_GTFS,22185,MTC,52K CT,Nanganallur TO Saidapet,bus,3,operational
GTFS_ROUTE_22186,CHENNAI_COMMUNITY_GTFS,22186,MTC,7K R,Island ground TO Padikuppam,bus,3,operational
GTFS_ROUTE_22187,CHENNAI_COMMUNITY_GTFS,22187,MTC,52K R1,Royapuram TO Nanganallur,bus,3,operational
GTFS_ROUTE_22188,CHENNAI_COMMUNITY_GTFS,22188,MTC,7K R1,Padikuppam TO  Island ground,bus,3,operational
GTFS_ROUTE_22189,CHENNAI_COMMUNITY_GTFS,22189,MTC,52K CT1,Royapuram TO Saidapet,bus,3,operational
GTFS_ROUTE_22190,CHENNAI_COMMUNITY_GTFS,22190,MTC,52K CT3,Saidapet TO Nanganallur,bus,3,operational
GTFS_ROUTE_22191,CHENNAI_COMMUNITY_GTFS,22191,MTC,52K CT4,Saidapet TO Royapuram,bus,3,operational
GTFS_ROUTE_22199,CHENNAI_COMMUNITY_GTFS,22199,MTC,20A CT,Ayanavaram B.T TO J.J.Nagar West,bus,3,operational
GTFS_ROUTE_22200,CHENNAI_COMMUNITY_GTFS,22200,MTC,20A R,Island TO J.J.Nagar West,bus,3,operational
GTFS_ROUTE_22202,CHENNAI_COMMUNITY_GTFS,22202,MTC,20A,Island TO Villivakkam,bus,3,operational
GTFS_ROUTE_22207,CHENNAI_COMMUNITY_GTFS,22207,MTC,20A CT2,Villivakkam TO Island,bus,3,operational
GTFS_ROUTE_22205,CHENNAI_COMMUNITY_GTFS,22205,MTC,20A R1,J.J.Nagar West TO Island,bus,3,operational
GTFS_ROUTE_22206,CHENNAI_COMMUNITY_GTFS,22206,MTC,20A CT1,J.J.Nagar West TO Ayanavaram B.T,bus,3,operational
GTFS_ROUTE_22208,CHENNAI_COMMUNITY_GTFS,22208,MTC,20D CT,Ayanavaram B.T TO Sidco Nagar,bus,3,operational
GTFS_ROUTE_22209,CHENNAI_COMMUNITY_GTFS,22209,MTC,20D R,Island TO Sidco Nagar,bus,3,operational
GTFS_ROUTE_22210,CHENNAI_COMMUNITY_GTFS,22210,MTC,20D CT,Sidco Nagar TO Ayanavaram B.T,bus,3,operational
GTFS_ROUTE_22211,CHENNAI_COMMUNITY_GTFS,22211,MTC,20D R,Sidco Nagar TO  Island,bus,3,operational
GTFS_ROUTE_22224,CHENNAI_COMMUNITY_GTFS,22224,MTC,20D CT1,Sidco Nagar TO Villivakkam,bus,3,operational
GTFS_ROUTE_22216,CHENNAI_COMMUNITY_GTFS,22216,MTC,71D CT,Avadi Bus Terminus TO Royapuram,bus,3,operational
GTFS_ROUTE_22217,CHENNAI_COMMUNITY_GTFS,22217,MTC,71D CT1,Pudur TO  Royapuram,bus,3,operational
GTFS_ROUTE_22218,CHENNAI_COMMUNITY_GTFS,22218,MTC,71D CT3,Royapuramy TO Pudur,bus,3,operational
GTFS_ROUTE_22219,CHENNAI_COMMUNITY_GTFS,22219,MTC,71D CT2,Royapuram TO Thiruninravur Bus Stand,bus,3,operational
GTFS_ROUTE_22220,CHENNAI_COMMUNITY_GTFS,22220,MTC,71D CT4,Royapuram TO Avadi Bus Terminus,bus,3,operational
GTFS_ROUTE_22227,CHENNAI_COMMUNITY_GTFS,22227,MTC,120Ct R,Royapuram TO Venkatachalam Nagar,bus,3,operational
GTFS_ROUTE_22222,CHENNAI_COMMUNITY_GTFS,22222,MTC,71D CT6,Thiruninravur Bus Stand TO  Royapuram,bus,3,operational
GTFS_ROUTE_22223,CHENNAI_COMMUNITY_GTFS,22223,MTC,20D CT1,Villivakkam TO Sidco Nagar,bus,3,operational
GTFS_ROUTE_22225,CHENNAI_COMMUNITY_GTFS,22225,MTC,120Ct CT,Avadi B.T TO Royapuram,bus,3,operational
GTFS_ROUTE_22226,CHENNAI_COMMUNITY_GTFS,22226,MTC,120Ct CT1,Royapuram TO Avadi B.T,bus,3,operational
GTFS_ROUTE_22228,CHENNAI_COMMUNITY_GTFS,22228,MTC,120Ct R1,Venkatachalam Nagar TO  Royapuram,bus,3,operational
GTFS_ROUTE_22229,CHENNAI_COMMUNITY_GTFS,22229,MTC,120E CT,Ambattur I.E TO Kilkondaiyur,bus,3,operational
GTFS_ROUTE_22230,CHENNAI_COMMUNITY_GTFS,22230,MTC,120E CT1,Avadi B.T TO Kilkondaiyur,bus,3,operational
GTFS_ROUTE_22231,CHENNAI_COMMUNITY_GTFS,22231,MTC,120E CT2,Kilkondaiyur TO Ambattur I.E,bus,3,operational
GTFS_ROUTE_22232,CHENNAI_COMMUNITY_GTFS,22232,MTC,120E CT3,Kilkondaiyur TO Avadi B.T,bus,3,operational
GTFS_ROUTE_22233,CHENNAI_COMMUNITY_GTFS,22233,MTC,120E R,Kilkondaiyur TO  Royapuram,bus,3,operational
GTFS_ROUTE_22234,CHENNAI_COMMUNITY_GTFS,22234,MTC,120E R1,Royapuram TO Kilkondaiyur,bus,3,operational
GTFS_ROUTE_22235,CHENNAI_COMMUNITY_GTFS,22235,MTC,120K CT,Avadi B.T TO Kadhavoor,bus,3,operational
GTFS_ROUTE_22236,CHENNAI_COMMUNITY_GTFS,22236,MTC,120K CT1,Kadhavoor TO Avadi B.T,bus,3,operational
GTFS_ROUTE_22237,CHENNAI_COMMUNITY_GTFS,22237,MTC,120K R,Kadhavoor TO  Royapuram,bus,3,operational
GTFS_ROUTE_22238,CHENNAI_COMMUNITY_GTFS,22238,MTC,120K R1,Royapuram TO Kadhavoor,bus,3,operational
GTFS_ROUTE_22239,CHENNAI_COMMUNITY_GTFS,22239,MTC,120KEt CT,Avadi B.T TO Kilkondaiyur,bus,3,operational
GTFS_ROUTE_22240,CHENNAI_COMMUNITY_GTFS,22240,MTC,120KEt CT1,Kilkondaiyur TO Avadi B.T,bus,3,operational
GTFS_ROUTE_22241,CHENNAI_COMMUNITY_GTFS,22241,MTC,120KEt R,Kilkondaiyur TO Royapuram,bus,3,operational
GTFS_ROUTE_22242,CHENNAI_COMMUNITY_GTFS,22242,MTC,120KEt R1,Royapuram TO Kilkondaiyur,bus,3,operational
GTFS_ROUTE_22243,CHENNAI_COMMUNITY_GTFS,22243,MTC,150 R,Avadi B.T TO  Royapuram,bus,3,operational
GTFS_ROUTE_22244,CHENNAI_COMMUNITY_GTFS,22244,MTC,150 R1,Royapuram TO Avadi B.T,bus,3,operational
GTFS_ROUTE_22245,CHENNAI_COMMUNITY_GTFS,22245,MTC,155A CT,Nehru Nagar TO Pazhanthandalam,bus,3,operational
GTFS_ROUTE_22246,CHENNAI_COMMUNITY_GTFS,22246,MTC,71V CT,Avadi B.T TO Veppampattu E.Waran Nagar,bus,3,operational
GTFS_ROUTE_22248,CHENNAI_COMMUNITY_GTFS,22248,MTC,71V R,Royapuram TO Veppampattu E.Waran Nagar,bus,3,operational
GTFS_ROUTE_22655,CHENNAI_COMMUNITY_GTFS,22655,MTC,515T,Kilambakkam B.T TO Thiruporur,bus,3,operational
GTFS_ROUTE_22656,CHENNAI_COMMUNITY_GTFS,22656,MTC,515T,Thiruporur TO Kilambakkam B.T,bus,3,operational
GTFS_ROUTE_22658,CHENNAI_COMMUNITY_GTFS,22658,MTC,515K,Kovalam TO Kilambakkam B.T,bus,3,operational
GTFS_ROUTE_22660,CHENNAI_COMMUNITY_GTFS,22660,MTC,555S,Kilambakkam B.T TO Sholinganallur,bus,3,operational
GTFS_ROUTE_22249,CHENNAI_COMMUNITY_GTFS,22249,MTC,71V CT1,Veppampattu E.Waran Nagar TO Avadi B.T,bus,3,operational
GTFS_ROUTE_22250,CHENNAI_COMMUNITY_GTFS,22250,MTC,71V R1,Veppampattu E.Waran Nagar TO  Royapuram,bus,3,operational
GTFS_ROUTE_22251,CHENNAI_COMMUNITY_GTFS,22251,MTC,155A CT,Pazhanthandalam TO Nehru Nagar,bus,3,operational
GTFS_ROUTE_22253,CHENNAI_COMMUNITY_GTFS,22253,MTC,155A R,Pazhanthandalam TO Royapuram,bus,3,operational
GTFS_ROUTE_22254,CHENNAI_COMMUNITY_GTFS,22254,MTC,155A R,Royapuram TO Pazhanthandalam,bus,3,operational
GTFS_ROUTE_22256,CHENNAI_COMMUNITY_GTFS,22256,MTC,500Et R,Chengalpet TO Chitlapakkam,bus,3,operational
GTFS_ROUTE_22258,CHENNAI_COMMUNITY_GTFS,22258,MTC,500Et CT,Chitlapakkam TO Royapuram,bus,3,operational
GTFS_ROUTE_22261,CHENNAI_COMMUNITY_GTFS,22261,MTC,52G CT,Cowl Bazaar TO Koyambedu Market,bus,3,operational
GTFS_ROUTE_22263,CHENNAI_COMMUNITY_GTFS,22263,MTC,52G CT1,Cowl Bazaar TO Nehru Nagar,bus,3,operational
GTFS_ROUTE_22265,CHENNAI_COMMUNITY_GTFS,22265,MTC,52G R,Cowl Bazaar TO Royapuram,bus,3,operational
GTFS_ROUTE_22266,CHENNAI_COMMUNITY_GTFS,22266,MTC,52G CT,Koyambedu Market TO Cowl Bazaar,bus,3,operational
GTFS_ROUTE_22268,CHENNAI_COMMUNITY_GTFS,22268,MTC,52G CT1,Nehru Nagar TO Cowl Bazaar,bus,3,operational
GTFS_ROUTE_22273,CHENNAI_COMMUNITY_GTFS,22273,MTC,56K CT1,Ennore TO  Kargil Nagar,bus,3,operational
GTFS_ROUTE_22271,CHENNAI_COMMUNITY_GTFS,22271,MTC,52G R,Royapuram TO Cowl Bazaar,bus,3,operational
GTFS_ROUTE_22272,CHENNAI_COMMUNITY_GTFS,22272,MTC,56DEt CT5,Secretariat TO  Mathur,bus,3,operational
GTFS_ROUTE_22274,CHENNAI_COMMUNITY_GTFS,22274,MTC,56K CT3,Kargil Nagar TO  Ennore,bus,3,operational
GTFS_ROUTE_22276,CHENNAI_COMMUNITY_GTFS,22276,MTC,E51 R,Royapuram TO Ottiyambakkam,bus,3,operational
GTFS_ROUTE_22278,CHENNAI_COMMUNITY_GTFS,22278,MTC,E51 R,OttiyambakkamTO Royapuram,bus,3,operational
GTFS_ROUTE_22280,CHENNAI_COMMUNITY_GTFS,22280,MTC,D51Et R,Royapuram to  Chithalapakka,bus,3,operational
GTFS_ROUTE_22282,CHENNAI_COMMUNITY_GTFS,22282,MTC,D51Et R,Chithalapakkam TO Royapuram,bus,3,operational
GTFS_ROUTE_22283,CHENNAI_COMMUNITY_GTFS,22283,MTC,11 R,Thiyagarayanagar TO Royapuram,bus,3,operational
GTFS_ROUTE_22284,CHENNAI_COMMUNITY_GTFS,22284,MTC,120F CT,Oragadam TO Royapuram,bus,3,operational
GTFS_ROUTE_22285,CHENNAI_COMMUNITY_GTFS,22285,MTC,88C R,Thandalam TO Royapuram,bus,3,operational
GTFS_ROUTE_22286,CHENNAI_COMMUNITY_GTFS,22286,MTC,88C R,RoyapuramTO Thandalam,bus,3,operational
GTFS_ROUTE_22287,CHENNAI_COMMUNITY_GTFS,22287,MTC,120F R,Royapuram TO Ambatture Oragadam,bus,3,operational
GTFS_ROUTE_22288,CHENNAI_COMMUNITY_GTFS,22288,MTC,71H R,Royapuram TO Kamaraj Nagar,bus,3,operational
GTFS_ROUTE_22289,CHENNAI_COMMUNITY_GTFS,22289,MTC,71H R,Kamaraj Nagar TO Royapuram,bus,3,operational
GTFS_ROUTE_22290,CHENNAI_COMMUNITY_GTFS,22290,MTC,120G R,Menambedu TO Royapuram,bus,3,operational
GTFS_ROUTE_22291,CHENNAI_COMMUNITY_GTFS,22291,MTC,60A R,Royapuram TO Kundrathur,bus,3,operational
GTFS_ROUTE_22292,CHENNAI_COMMUNITY_GTFS,22292,MTC,60A R,Kundrathur to Royapuram,bus,3,operational
GTFS_ROUTE_22294,CHENNAI_COMMUNITY_GTFS,22294,MTC,57H R,Island ground TO New Erumai Vetti Palayam,bus,3,operational
GTFS_ROUTE_22295,CHENNAI_COMMUNITY_GTFS,22295,MTC,57H R,New Erumai Vetti Palayam TO Island ground,bus,3,operational
GTFS_ROUTE_22297,CHENNAI_COMMUNITY_GTFS,22297,MTC,13 R,Thiyagarayanagar TO Island ground,bus,3,operational
GTFS_ROUTE_22298,CHENNAI_COMMUNITY_GTFS,22298,MTC,57F,Island ground TO Karanodai,bus,3,operational
GTFS_ROUTE_22299,CHENNAI_COMMUNITY_GTFS,22299,MTC,57F R,Karanodai TO Island ground,bus,3,operational
GTFS_ROUTE_22300,CHENNAI_COMMUNITY_GTFS,22300,MTC,57D R,Island ground TO Poochi Athipet,bus,3,operational
GTFS_ROUTE_22301,CHENNAI_COMMUNITY_GTFS,22301,MTC,57D R,Poochi Athipet TO Island ground,bus,3,operational
GTFS_ROUTE_22302,CHENNAI_COMMUNITY_GTFS,22302,MTC,53P R,Pattur TO Royapuram,bus,3,operational
GTFS_ROUTE_22303,CHENNAI_COMMUNITY_GTFS,22303,MTC,53P R,Royapuram TO Pattur,bus,3,operational
GTFS_ROUTE_22304,CHENNAI_COMMUNITY_GTFS,22304,MTC,52B R,Hasthinapuram TO Royapuram,bus,3,operational
GTFS_ROUTE_22305,CHENNAI_COMMUNITY_GTFS,22305,MTC,21EEt R,Island ground TO Iyappanthangal,bus,3,operational
GTFS_ROUTE_22306,CHENNAI_COMMUNITY_GTFS,22306,MTC,52B R,Royapuram TO  Hasthinapuram,bus,3,operational
GTFS_ROUTE_22307,CHENNAI_COMMUNITY_GTFS,22307,MTC,21EEt R,Iyappanthangal TO Island ground,bus,3,operational
GTFS_ROUTE_22309,CHENNAI_COMMUNITY_GTFS,22309,MTC,26B R,Mangadu TO Royapuram,bus,3,operational
GTFS_ROUTE_22311,CHENNAI_COMMUNITY_GTFS,22311,MTC,26B R,Royapuram TO Mangadu,bus,3,operational
GTFS_ROUTE_22313,CHENNAI_COMMUNITY_GTFS,22313,MTC,101X,Poonamallee Depot TO  Poonamallee Bus Terminus,bus,3,operational
GTFS_ROUTE_22314,CHENNAI_COMMUNITY_GTFS,22314,MTC,53P CT2,Royapuram TO M.G.R.Koyambedu,bus,3,operational
GTFS_ROUTE_22316,CHENNAI_COMMUNITY_GTFS,22316,MTC,53P CT2,M.G.R.Koyambedu TO Royapuram,bus,3,operational
GTFS_ROUTE_22317,CHENNAI_COMMUNITY_GTFS,22317,MTC,101X CT11,Poonamallee Bus TO Royapuram terminus,bus,3,operational
GTFS_ROUTE_22318,CHENNAI_COMMUNITY_GTFS,22318,MTC,S75 CT8,Padi Lucas Tvs  TO  Annanagar Tower,bus,3,operational
GTFS_ROUTE_22320,CHENNAI_COMMUNITY_GTFS,22320,MTC,26G CT,Ramapuram TO Vadapalani B.S,bus,3,operational
GTFS_ROUTE_22325,CHENNAI_COMMUNITY_GTFS,22325,MTC,5E,Besant Nagar TO Vadapalani,bus,3,operational
GTFS_ROUTE_22327,CHENNAI_COMMUNITY_GTFS,22327,MTC,120F CT1,Oragadam TO Avadi,bus,3,operational
GTFS_ROUTE_22332,CHENNAI_COMMUNITY_GTFS,22332,MTC,120G CT1,M.G.R.Koyambedu TO Ambattur I.E,bus,3,operational
GTFS_ROUTE_22336,CHENNAI_COMMUNITY_GTFS,22336,MTC,13 CT,Todd Hunter Nagar TO Island ground,bus,3,operational
GTFS_ROUTE_22344,CHENNAI_COMMUNITY_GTFS,22344,MTC,S74 CT,Kumaran Kundram TO Keelkattalai,bus,3,operational
GTFS_ROUTE_22347,CHENNAI_COMMUNITY_GTFS,22347,MTC,S74 CT,Keelkattalai TO Kumaran Kundram,bus,3,operational
GTFS_ROUTE_22349,CHENNAI_COMMUNITY_GTFS,22349,MTC,120G CT3,Menambedu TO Secretariat,bus,3,operational
GTFS_ROUTE_22356,CHENNAI_COMMUNITY_GTFS,22356,MTC,18X CT,Tambaram West TO Oonamancheri,bus,3,operational
GTFS_ROUTE_22357,CHENNAI_COMMUNITY_GTFS,22357,MTC,18X,Tambaram West TO Thiruporur,bus,3,operational
GTFS_ROUTE_22358,CHENNAI_COMMUNITY_GTFS,22358,MTC,18X CT,Thiruporur TO Tambaram West,bus,3,operational
GTFS_ROUTE_22359,CHENNAI_COMMUNITY_GTFS,22359,MTC,154 C12,Thiyagarayanagar TO Royapuram,bus,3,operational
GTFS_ROUTE_22361,CHENNAI_COMMUNITY_GTFS,22361,MTC,155A CT1,Pazhanthandalam TO Pallavaram,bus,3,operational
GTFS_ROUTE_22363,CHENNAI_COMMUNITY_GTFS,22363,MTC,18X CT,Oonamancheri TO Tambaram West,bus,3,operational
GTFS_ROUTE_22364,CHENNAI_COMMUNITY_GTFS,22364,MTC,155A CT1,Pallavaram TO Pazhanthandalam,bus,3,operational
GTFS_ROUTE_22366,CHENNAI_COMMUNITY_GTFS,22366,MTC,15F CT4,Secretariat TO  M.G.R.CENTRAL,bus,3,operational
GTFS_ROUTE_22369,CHENNAI_COMMUNITY_GTFS,22369,MTC,MAA2,Chennai Airport Metro TO Kalaignar Nagar,bus,3,operational
GTFS_ROUTE_22370,CHENNAI_COMMUNITY_GTFS,22370,MTC,18ACT CT1,Keelkattalai  TO  Royapuram,bus,3,operational
GTFS_ROUTE_22372,CHENNAI_COMMUNITY_GTFS,22372,MTC,49 CT2,Royapuram TO Iyyapanthangal,bus,3,operational
GTFS_ROUTE_22374,CHENNAI_COMMUNITY_GTFS,22374,MTC,18B CT,Kilambakkam TO Little Mount,bus,3,operational
GTFS_ROUTE_22375,CHENNAI_COMMUNITY_GTFS,22375,MTC,49 CT1,Mugalivakkam TO Royapuram,bus,3,operational
GTFS_ROUTE_22378,CHENNAI_COMMUNITY_GTFS,22378,MTC,44C CT1,Tondiarpet TO Island ground,bus,3,operational
GTFS_ROUTE_22381,CHENNAI_COMMUNITY_GTFS,22381,MTC,35C CT,Ayanavaram Bus  TO Island ground,bus,3,operational
GTFS_ROUTE_22382,CHENNAI_COMMUNITY_GTFS,22382,MTC,18B CT1,Kilambakkam TO Kotturpuram,bus,3,operational
GTFS_ROUTE_22383,CHENNAI_COMMUNITY_GTFS,22383,MTC,18B CT2,Little Mount TO Kilambakkam Bus,bus,3,operational
GTFS_ROUTE_22385,CHENNAI_COMMUNITY_GTFS,22385,MTC,18B CT4,Kotturpuram TO Kilambakkam,bus,3,operational
GTFS_ROUTE_22388,CHENNAI_COMMUNITY_GTFS,22388,MTC,18D CT1,Keelkattalai TO Saidapet Depot,bus,3,operational
GTFS_ROUTE_22389,CHENNAI_COMMUNITY_GTFS,22389,MTC,35C CT,Island ground TO Ayanavaram Bus,bus,3,operational
GTFS_ROUTE_22391,CHENNAI_COMMUNITY_GTFS,22391,MTC,E51 CT,Ottiyambakkam TO Medavakkam,bus,3,operational
GTFS_ROUTE_22392,CHENNAI_COMMUNITY_GTFS,22392,MTC,18D CT3,Ngo Colony TO  Royapuram,bus,3,operational
GTFS_ROUTE_22395,CHENNAI_COMMUNITY_GTFS,22395,MTC,E51 CT2,Ottiyambakkam TO Velachery,bus,3,operational
GTFS_ROUTE_22397,CHENNAI_COMMUNITY_GTFS,22397,MTC,21EEt CT2,Island ground TO Ramapuram,bus,3,operational
GTFS_ROUTE_22400,CHENNAI_COMMUNITY_GTFS,22400,MTC,42B CT,Agaram TO  Island ground,bus,3,operational
GTFS_ROUTE_22401,CHENNAI_COMMUNITY_GTFS,22401,MTC,E51 CT5,Velachery TO  Royapuram,bus,3,operational
GTFS_ROUTE_22404,CHENNAI_COMMUNITY_GTFS,22404,MTC,21EEt CT4,Ramapuram TO Island ground,bus,3,operational
GTFS_ROUTE_22422,CHENNAI_COMMUNITY_GTFS,22422,MTC,E51 CT1,Royapuram TO Velachery,bus,3,operational
GTFS_ROUTE_22406,CHENNAI_COMMUNITY_GTFS,22406,MTC,44C CT,Island ground TO TONDIARPET,bus,3,operational
GTFS_ROUTE_22408,CHENNAI_COMMUNITY_GTFS,22408,MTC,E51 CT6,Velachery TO Saidapet,bus,3,operational
GTFS_ROUTE_22416,CHENNAI_COMMUNITY_GTFS,22416,MTC,24A CT1,Anna Nagar West TO L.F.C,bus,3,operational
GTFS_ROUTE_22417,CHENNAI_COMMUNITY_GTFS,22417,MTC,57H CT7,Island ground TO Red Hills,bus,3,operational
GTFS_ROUTE_22418,CHENNAI_COMMUNITY_GTFS,22418,MTC,E51 CT,Medavakkam TO Ottiyambakkam,bus,3,operational
GTFS_ROUTE_22421,CHENNAI_COMMUNITY_GTFS,22421,MTC,597A CT4,Poonamallee TO Royapuram,bus,3,operational
GTFS_ROUTE_22423,CHENNAI_COMMUNITY_GTFS,22423,MTC,597A CT3,Royapuram TO Poonamallee,bus,3,operational
GTFS_ROUTE_22427,CHENNAI_COMMUNITY_GTFS,22427,MTC,60A CT,Nehru Nagar TO Royapuram,bus,3,operational
GTFS_ROUTE_22429,CHENNAI_COMMUNITY_GTFS,22429,MTC,64C CT2,Moolakadai TO Manjampakkam,bus,3,operational
GTFS_ROUTE_22430,CHENNAI_COMMUNITY_GTFS,22430,MTC,64C CT3,Manjampakkam TO Island ground,bus,3,operational
GTFS_ROUTE_22433,CHENNAI_COMMUNITY_GTFS,22433,MTC,57F CT6,Island ground TO Padiyanallur,bus,3,operational
GTFS_ROUTE_22438,CHENNAI_COMMUNITY_GTFS,22438,MTC,71H CT2,Royapuram TO Ambattur,bus,3,operational
GTFS_ROUTE_22441,CHENNAI_COMMUNITY_GTFS,22441,MTC,72 CT10,Todd Hunter Nagar TO Royapuram terminus,bus,3,operational
GTFS_ROUTE_22443,CHENNAI_COMMUNITY_GTFS,22443,MTC,72 CT11,Thiyagarayanagar TO Royapuram,bus,3,operational
GTFS_ROUTE_22444,CHENNAI_COMMUNITY_GTFS,22444,MTC,88C CT1,Royapuram TO Kundrathur,bus,3,operational
GTFS_ROUTE_22445,CHENNAI_COMMUNITY_GTFS,22445,MTC,88C CT,Kundrathur TO Royapuram,bus,3,operational
GTFS_ROUTE_22663,CHENNAI_COMMUNITY_GTFS,22663,MTC,583K,Kilambakkam B.T TO Sriperumbudur,bus,3,operational
GTFS_ROUTE_22664,CHENNAI_COMMUNITY_GTFS,22664,MTC,101X CT12,Royapuram terminus TO Thirumazhisai Bus Stand,bus,3,operational
GTFS_ROUTE_22667,CHENNAI_COMMUNITY_GTFS,22667,MTC,101X CT3,Vellavedu TO  Royapuram,bus,3,operational
GTFS_ROUTE_22668,CHENNAI_COMMUNITY_GTFS,22668,MTC,202X,Kilambakkam B.T TO Avadi B.T,bus,3,operational
GTFS_ROUTE_22670,CHENNAI_COMMUNITY_GTFS,22670,MTC,206,Avadi B.T TO Kilambakkam B.T,bus,3,operational
GTFS_ROUTE_22671,CHENNAI_COMMUNITY_GTFS,22671,MTC,206,Kilambakkam B.T TO Avadi B.T,bus,3,operational
GTFS_ROUTE_22686,CHENNAI_COMMUNITY_GTFS,22686,MTC,500E R,Echankaranai TO Tambaram West,bus,3,operational
GTFS_ROUTE_22679,CHENNAI_COMMUNITY_GTFS,22679,MTC,109A,Island ground TO Thiruvidanthai,bus,3,operational
GTFS_ROUTE_22680,CHENNAI_COMMUNITY_GTFS,22680,MTC,109A,Thiruvidanthai TO Island ground,bus,3,operational
GTFS_ROUTE_22682,CHENNAI_COMMUNITY_GTFS,22682,MTC,V51 R1,Kilambakkam Bus Terminus TO Thiyagaraya Nagar,bus,3,operational
GTFS_ROUTE_22684,CHENNAI_COMMUNITY_GTFS,22684,MTC,V51 R,Thiyagaraya Nagar TO Kilambakkam,bus,3,operational
GTFS_ROUTE_22685,CHENNAI_COMMUNITY_GTFS,22685,MTC,500E R,Tambaram West TO Echankaranai,bus,3,operational
GTFS_ROUTE_22687,CHENNAI_COMMUNITY_GTFS,22687,MTC,S90,Mannivakkam TO Tambaram West,bus,3,operational
GTFS_ROUTE_22688,CHENNAI_COMMUNITY_GTFS,22688,MTC,519T,Adyar B.T TO Thaiyur Koman Nagar,bus,3,operational
GTFS_ROUTE_22689,CHENNAI_COMMUNITY_GTFS,22689,MTC,118T,Tambaram West TO Dhargas Nagar,bus,3,operational
GTFS_ROUTE_22691,CHENNAI_COMMUNITY_GTFS,22691,MTC,118T,Dhargas Nagar TO Tambaram West,bus,3,operational
GTFS_ROUTE_22692,CHENNAI_COMMUNITY_GTFS,22692,MTC,21G CT5,Mgr Central Station TO Kilambakkam Bus Terminus,bus,3,operational
GTFS_ROUTE_22693,CHENNAI_COMMUNITY_GTFS,22693,MTC,118P CT,Tambaram West Bus Stand TO Parameshwari Nagar,bus,3,operational
GTFS_ROUTE_22694,CHENNAI_COMMUNITY_GTFS,22694,MTC,519T,Thaiyur Koman Nagar TO Adyar B.T,bus,3,operational
GTFS_ROUTE_22703,CHENNAI_COMMUNITY_GTFS,22703,MTC,55DEt,Kumizhi TO Tambaram West,bus,3,operational
GTFS_ROUTE_22708,CHENNAI_COMMUNITY_GTFS,22708,MTC,S6,Vengambakkam / V.Rd Jn TO Tambaram West,bus,3,operational
GTFS_ROUTE_22711,CHENNAI_COMMUNITY_GTFS,22711,MTC,55M,Tambaram West TO Melkottaiyur,bus,3,operational
GTFS_ROUTE_22698,CHENNAI_COMMUNITY_GTFS,22698,MTC,500,Tambaram West TO Chengalpet,bus,3,operational
GTFS_ROUTE_22699,CHENNAI_COMMUNITY_GTFS,22699,MTC,500,Chengalpet TO Tambaram West,bus,3,operational
GTFS_ROUTE_22700,CHENNAI_COMMUNITY_GTFS,22700,MTC,55V,Tambaram West TO Kilambakkam B.T,bus,3,operational
GTFS_ROUTE_22701,CHENNAI_COMMUNITY_GTFS,22701,MTC,55V,Kilambakkam B.T TO Tambaram West,bus,3,operational
GTFS_ROUTE_22702,CHENNAI_COMMUNITY_GTFS,22702,MTC,55DEt,Tambaram West TO Kumizhi,bus,3,operational
GTFS_ROUTE_22704,CHENNAI_COMMUNITY_GTFS,22704,MTC,515,Tambaram West TO Mamallapuram,bus,3,operational
GTFS_ROUTE_22705,CHENNAI_COMMUNITY_GTFS,22705,MTC,515,Mamallapuram TO Tambaram West,bus,3,operational
GTFS_ROUTE_22706,CHENNAI_COMMUNITY_GTFS,22706,MTC,202 R1,Tambaram Sanatorium  TO  Avadi,bus,3,operational
GTFS_ROUTE_22707,CHENNAI_COMMUNITY_GTFS,22707,MTC,S6,Tambaram West TO Vengambakkam / V.Rd Jn,bus,3,operational
GTFS_ROUTE_22712,CHENNAI_COMMUNITY_GTFS,22712,MTC,55M,Melkottaiyur TO Tambaram West,bus,3,operational
GTFS_ROUTE_22713,CHENNAI_COMMUNITY_GTFS,22713,MTC,55C R,Tambaram West TO Venkadamangalam,bus,3,operational
GTFS_ROUTE_22714,CHENNAI_COMMUNITY_GTFS,22714,MTC,21L CT1,Island ground TO Madipakkam,bus,3,operational
GTFS_ROUTE_22716,CHENNAI_COMMUNITY_GTFS,22716,MTC,55C R,Venkadamangalam TO Tambaram West,bus,3,operational
GTFS_ROUTE_22717,CHENNAI_COMMUNITY_GTFS,22717,MTC,515B,Tambaram West TO Thiruporur,bus,3,operational
GTFS_ROUTE_22730,CHENNAI_COMMUNITY_GTFS,22730,MTC,118G,Tambaram West TO Kavanoor Koot Road,bus,3,operational
GTFS_ROUTE_22719,CHENNAI_COMMUNITY_GTFS,22719,MTC,515B,Thiruporur TO Tambaram West,bus,3,operational
GTFS_ROUTE_22720,CHENNAI_COMMUNITY_GTFS,22720,MTC,515CT,Tambaram TO  Kelambakkam Bus Terminal,bus,3,operational
GTFS_ROUTE_22722,CHENNAI_COMMUNITY_GTFS,22722,MTC,21L R,Madipakkam Bus Stand TO Island ground,bus,3,operational
GTFS_ROUTE_22723,CHENNAI_COMMUNITY_GTFS,22723,MTC,515CT,Kelambakkam Bus Terminal  TO Tambaram,bus,3,operational
GTFS_ROUTE_22729,CHENNAI_COMMUNITY_GTFS,22729,MTC,118G,Kavanoor Koot Road TO Tambaram West,bus,3,operational
GTFS_ROUTE_22732,CHENNAI_COMMUNITY_GTFS,22732,MTC,55G,Tambaram West TO Venkampakkam Village,bus,3,operational
GTFS_ROUTE_22734,CHENNAI_COMMUNITY_GTFS,22734,MTC,55G,Venkampakkam Village TO Tambaram West,bus,3,operational
GTFS_ROUTE_22737,CHENNAI_COMMUNITY_GTFS,22737,MTC,55D,Tambaram West TO Nallambakkam,bus,3,operational
GTFS_ROUTE_22738,CHENNAI_COMMUNITY_GTFS,22738,MTC,55D,Nallambakkam TO Tambaram West,bus,3,operational
GTFS_ROUTE_22740,CHENNAI_COMMUNITY_GTFS,22740,MTC,568B,Velachery B.T TO Thiruporur,bus,3,operational
GTFS_ROUTE_22741,CHENNAI_COMMUNITY_GTFS,22741,MTC,568B,Thiruporur TO Velachery B.T,bus,3,operational
GTFS_ROUTE_22747,CHENNAI_COMMUNITY_GTFS,22747,MTC,153T,M.G.R.Koyambedu TO Thiruvallur,bus,3,operational
GTFS_ROUTE_22748,CHENNAI_COMMUNITY_GTFS,22748,MTC,153T,Thiruvallur TO M.G.R.Koyambedu,bus,3,operational
GTFS_ROUTE_22749,CHENNAI_COMMUNITY_GTFS,22749,MTC,154B,Poonamallee B.T TO Nanganallur,bus,3,operational
GTFS_ROUTE_22750,CHENNAI_COMMUNITY_GTFS,22750,MTC,154B,Nanganallur TO Poonamallee B.T,bus,3,operational
GTFS_ROUTE_20398,CHENNAI_COMMUNITY_GTFS,20398,MTC,120,Avadi B.T TO Ayanavaram B.T,bus,3,operational
GTFS_ROUTE_20399,CHENNAI_COMMUNITY_GTFS,20399,MTC,120,Ayanavaram B.T TO Avadi B.T,bus,3,operational
GTFS_ROUTE_22754,CHENNAI_COMMUNITY_GTFS,22754,MTC,54K,Saidapet TO Nemam,bus,3,operational
GTFS_ROUTE_22755,CHENNAI_COMMUNITY_GTFS,22755,MTC,120 R,Avadi TO Royapuram,bus,3,operational
GTFS_ROUTE_22759,CHENNAI_COMMUNITY_GTFS,22759,MTC,54K,Nemam TO Saidapet,bus,3,operational
GTFS_ROUTE_22758,CHENNAI_COMMUNITY_GTFS,22758,MTC,120 R1,Royapuram TO Avadi,bus,3,operational
GTFS_ROUTE_22763,CHENNAI_COMMUNITY_GTFS,22763,MTC,18A R,Kilambakkam TO  Royapuram,bus,3,operational
GTFS_ROUTE_22765,CHENNAI_COMMUNITY_GTFS,22765,MTC,54L R,Vellavedu TO Royapuram,bus,3,operational
GTFS_ROUTE_22766,CHENNAI_COMMUNITY_GTFS,22766,MTC,54L R,Royapuram TO Vellavedu,bus,3,operational
GTFS_ROUTE_22767,CHENNAI_COMMUNITY_GTFS,22767,MTC,54T,Thyagaraya Nagar TO Chembarambakkam,bus,3,operational
GTFS_ROUTE_22768,CHENNAI_COMMUNITY_GTFS,22768,MTC,54T,Chembarambakkam TO Thyagaraya Nagar,bus,3,operational
GTFS_ROUTE_22771,CHENNAI_COMMUNITY_GTFS,22771,MTC,553K,Katrambakkam TO M.G.R.Koyambedu,bus,3,operational
GTFS_ROUTE_22772,CHENNAI_COMMUNITY_GTFS,22772,MTC,553K,M.G.R.Koyambedu TO Katrambakkam,bus,3,operational
GTFS_ROUTE_22774,CHENNAI_COMMUNITY_GTFS,22774,MTC,553K R,M.G.R.Koyambedu TO Sunguvarchathiram,bus,3,operational
GTFS_ROUTE_22775,CHENNAI_COMMUNITY_GTFS,22775,MTC,553K R,Sunguvarchathiram TO M.G.R.Koyambedu,bus,3,operational
GTFS_ROUTE_22777,CHENNAI_COMMUNITY_GTFS,22777,MTC,578Et,Kunnam TO Poonamallee B.T,bus,3,operational
GTFS_ROUTE_22779,CHENNAI_COMMUNITY_GTFS,22779,MTC,583A R1,Thiruvallur TO  Sriperumbudur,bus,3,operational
GTFS_ROUTE_22780,CHENNAI_COMMUNITY_GTFS,22780,MTC,597A R,Poonamallee Terminus TO Thiruvallur Terminal,bus,3,operational
GTFS_ROUTE_22784,CHENNAI_COMMUNITY_GTFS,22784,MTC,S75,Ambattur O.T TO Padi Lucas T.V.S,bus,3,operational
GTFS_ROUTE_22785,CHENNAI_COMMUNITY_GTFS,22785,MTC,65A CT3,Poonamallee Bus Terminus to Thiyagarayanagar Terminus,bus,3,operational
GTFS_ROUTE_22786,CHENNAI_COMMUNITY_GTFS,22786,MTC,S75,Padi Lucas Tvs TO Ambattur Ot Bus Stand,bus,3,operational
GTFS_ROUTE_22787,CHENNAI_COMMUNITY_GTFS,22787,MTC,65A CT1,Thiyagarayanagar TO Poonamallee Depot,bus,3,operational
GTFS_ROUTE_22791,CHENNAI_COMMUNITY_GTFS,22791,MTC,D70Ct,Ambattur I.E TO Velachery B.T,bus,3,operational
GTFS_ROUTE_22795,CHENNAI_COMMUNITY_GTFS,22795,MTC,21G CT5,Kilambakkam TO Island ground,bus,3,operational
GTFS_ROUTE_22798,CHENNAI_COMMUNITY_GTFS,22798,MTC,101CT,Royapuram TO  Poonamallee Depot,bus,3,operational
GTFS_ROUTE_22800,CHENNAI_COMMUNITY_GTFS,22800,MTC,27B R,Anna Square TO M.G.R.Koyambedu,bus,3,operational
GTFS_ROUTE_22802,CHENNAI_COMMUNITY_GTFS,22802,MTC,27B R1,M.G.R.Koyambedu TO Anna Square,bus,3,operational
GTFS_ROUTE_22803,CHENNAI_COMMUNITY_GTFS,22803,MTC,104A,Avadi B.T TO Kilambakkam B.T,bus,3,operational
GTFS_ROUTE_22805,CHENNAI_COMMUNITY_GTFS,22805,MTC,104A,Kilambakkam B.T TO Avadi B.T,bus,3,operational
GTFS_ROUTE_22806,CHENNAI_COMMUNITY_GTFS,22806,MTC,40A,Pattabiram TO Anna Square,bus,3,operational
GTFS_ROUTE_22809,CHENNAI_COMMUNITY_GTFS,22809,MTC,40A,Anna Square TO Pattabiram,bus,3,operational
GTFS_ROUTE_22810,CHENNAI_COMMUNITY_GTFS,22810,MTC,572,Avadi B.T TO Thiruvallur,bus,3,operational
GTFS_ROUTE_22811,CHENNAI_COMMUNITY_GTFS,22811,MTC,572,Thiruvallur TO Avadi B.T,bus,3,operational
GTFS_ROUTE_22814,CHENNAI_COMMUNITY_GTFS,22814,MTC,572K,Avadi B.T TO Kizhanoor,bus,3,operational
GTFS_ROUTE_22817,CHENNAI_COMMUNITY_GTFS,22817,MTC,572K,Kizhanoor TO Avadi B.T,bus,3,operational
GTFS_ROUTE_22832,CHENNAI_COMMUNITY_GTFS,22832,MTC,54,Poonamallee B.T TO Royapuram,bus,3,operational
GTFS_ROUTE_22823,CHENNAI_COMMUNITY_GTFS,22823,MTC,580M,Avadi B.T TO Malanthur,bus,3,operational
GTFS_ROUTE_22830,CHENNAI_COMMUNITY_GTFS,22830,MTC,S46,Venkatachalam Nagar to Ambattur O.T Bus Stand,bus,3,operational
GTFS_ROUTE_22825,CHENNAI_COMMUNITY_GTFS,22825,MTC,580M,Malanthur TO Avadi B.T,bus,3,operational
GTFS_ROUTE_22826,CHENNAI_COMMUNITY_GTFS,22826,MTC,65E,Avadi B.T TO Poonamallee B.T,bus,3,operational
GTFS_ROUTE_22827,CHENNAI_COMMUNITY_GTFS,22827,MTC,65E,Poonamallee B.T TO Avadi B.T,bus,3,operational
GTFS_ROUTE_22828,CHENNAI_COMMUNITY_GTFS,22828,MTC,77E,Kanniamman Nagar TO M.G.R.Koyambedu,bus,3,operational
GTFS_ROUTE_22829,CHENNAI_COMMUNITY_GTFS,22829,MTC,77E,M.G.R.Koyambedu TO Kanniamman Nagar,bus,3,operational
GTFS_ROUTE_22833,CHENNAI_COMMUNITY_GTFS,22833,MTC,73A,Avadi B.S TO M.G.R.Koyambedu,bus,3,operational
GTFS_ROUTE_22834,CHENNAI_COMMUNITY_GTFS,22834,MTC,73A,M.G.R.Koyambedu TO Avadi B.S,bus,3,operational
GTFS_ROUTE_22835,CHENNAI_COMMUNITY_GTFS,22835,MTC,65K,Avadi B.T TO Poonamallee B.T,bus,3,operational
GTFS_ROUTE_22837,CHENNAI_COMMUNITY_GTFS,22837,MTC,S49,Avadi Bus Terminus to North Prakash nagar,bus,3,operational
GTFS_ROUTE_22838,CHENNAI_COMMUNITY_GTFS,22838,MTC,S49,North Prakash nagar to Avadi Bus Terminus,bus,3,operational
GTFS_ROUTE_22843,CHENNAI_COMMUNITY_GTFS,22843,MTC,65D,Avadi B.T TO Melkondaiyur,bus,3,operational
GTFS_ROUTE_22844,CHENNAI_COMMUNITY_GTFS,22844,MTC,65D,Melkondaiyur TO Avadi B.T,bus,3,operational
GTFS_ROUTE_22846,CHENNAI_COMMUNITY_GTFS,22846,MTC,15 ct4,M.G.R.Koyambedu TO Anna Nagar West,bus,3,operational
GTFS_ROUTE_22850,CHENNAI_COMMUNITY_GTFS,22850,MTC,18A R,Royapuram TO  Kilambakkam,bus,3,operational
GTFS_ROUTE_22852,CHENNAI_COMMUNITY_GTFS,22852,MTC,18A R1,Tambaram West TO Royapuram,bus,3,operational
GTFS_ROUTE_22856,CHENNAI_COMMUNITY_GTFS,22856,MTC,76,Medavakkam Rd.Jn TO M.G.R.Koyambedu,bus,3,operational
GTFS_ROUTE_22857,CHENNAI_COMMUNITY_GTFS,22857,MTC,76,M.G.R.Koyambedu TO Medavakkam Rd.Jn,bus,3,operational
GTFS_ROUTE_22848,CHENNAI_COMMUNITY_GTFS,22848,MTC,A51,Velachery B.T TO Tambaram West,bus,3,operational
GTFS_ROUTE_16787,CHENNAI_COMMUNITY_GTFS,16787,MTC,109,Kovalam TO Besant Nagar,bus,3,operational
GTFS_ROUTE_16774,CHENNAI_COMMUNITY_GTFS,16774,MTC,109,Adyar B.T TO Kovalam,bus,3,operational
GTFS_ROUTE_16785,CHENNAI_COMMUNITY_GTFS,16785,MTC,109,Kovalam TO Thiruvanmiyur,bus,3,operational
GTFS_ROUTE_16797,CHENNAI_COMMUNITY_GTFS,16797,MTC,109,Mgr Central Station TO Thiruporur Bus Stand,bus,3,operational
GTFS_ROUTE_21558,CHENNAI_COMMUNITY_GTFS,21558,MTC,54,Mugalivakkam  TO  Royapuram,bus,3,operational
GTFS_ROUTE_22836,CHENNAI_COMMUNITY_GTFS,22836,MTC,54,Royapuram terminus TO Poonamallee B.T,bus,3,operational
GTFS_ROUTE_21926,CHENNAI_COMMUNITY_GTFS,21926,MTC,54,Royapuram TO  M.G.R.Koyambedu,bus,3,operational
GTFS_ROUTE_12644,CHENNAI_COMMUNITY_GTFS,12644,MTC,71E,Avadi B.T TO Thirunindravoor,bus,3,operational
GTFS_ROUTE_21521,CHENNAI_COMMUNITY_GTFS,21521,MTC,71E,Ambattur I.E TO Thirunindravoor,bus,3,operational
GTFS_ROUTE_21522,CHENNAI_COMMUNITY_GTFS,21522,MTC,71E,Royapuram TO Ambattur I.E,bus,3,operational
GTFS_ROUTE_21520,CHENNAI_COMMUNITY_GTFS,21520,MTC,71E,Ambattur I.E TO Royapuram,bus,3,operational
GTFS_ROUTE_22863,CHENNAI_COMMUNITY_GTFS,22863,MTC,102K CT13,Alwarpet TO  Island ground,bus,3,operational
GTFS_ROUTE_22861,CHENNAI_COMMUNITY_GTFS,22861,MTC,57F CT1,Redhills Bus TO Island ground,bus,3,operational
GTFS_ROUTE_22862,CHENNAI_COMMUNITY_GTFS,22862,MTC,57F CT7,Island ground TO Redhills,bus,3,operational
GTFS_ROUTE_22868,CHENNAI_COMMUNITY_GTFS,22868,MTC,142 R,Perambur TO Vinayagapuram,bus,3,operational
GTFS_ROUTE_22870,CHENNAI_COMMUNITY_GTFS,22870,MTC,26 R1,Royapuram TO  Iyyappanthangal,bus,3,operational
GTFS_ROUTE_22871,CHENNAI_COMMUNITY_GTFS,22871,MTC,26 CT8,Valasaravakkam TO  Royapuram,bus,3,operational
GTFS_ROUTE_22872,CHENNAI_COMMUNITY_GTFS,22872,MTC,26 CT7,Vadapalani TO  Royapuram,bus,3,operational
GTFS_ROUTE_22873,CHENNAI_COMMUNITY_GTFS,22873,MTC,26 R,Iyyappanthangal TO  Royapuram,bus,3,operational
GTFS_ROUTE_22876,CHENNAI_COMMUNITY_GTFS,22876,MTC,A1 CT2,Island TO  M.G.R.Koyambedu,bus,3,operational
GTFS_ROUTE_22877,CHENNAI_COMMUNITY_GTFS,22877,MTC,A45B CT2,Anna Square TO Guindy Tvk Estate,bus,3,operational
GTFS_ROUTE_22887,CHENNAI_COMMUNITY_GTFS,22887,MTC,S2 R1,Medavakkam Jayachandran TO Chromepet,bus,3,operational
GTFS_ROUTE_22879,CHENNAI_COMMUNITY_GTFS,22879,MTC,A45B CT,Anna Square TO Iyyapanthangal,bus,3,operational
GTFS_ROUTE_22880,CHENNAI_COMMUNITY_GTFS,22880,MTC,1C CT9,Thiruvanmiyur Bus TO  Island ground,bus,3,operational
GTFS_ROUTE_22882,CHENNAI_COMMUNITY_GTFS,22882,MTC,A45B R1,Nandambakkam TO Anna Square,bus,3,operational
GTFS_ROUTE_22888,CHENNAI_COMMUNITY_GTFS,22888,MTC,32B CT2,Vivekananda House TO Tondiarpet B.S,bus,3,operational
GTFS_ROUTE_22884,CHENNAI_COMMUNITY_GTFS,22884,MTC,A45B R,Anna Square TO Nandambakkam,bus,3,operational
GTFS_ROUTE_22885,CHENNAI_COMMUNITY_GTFS,22885,MTC,28B R,Egmore North R.S TO Ennore,bus,3,operational
GTFS_ROUTE_22886,CHENNAI_COMMUNITY_GTFS,22886,MTC,S2 R,Chromepet TO Medavakkam Jayachandran,bus,3,operational
GTFS_ROUTE_22889,CHENNAI_COMMUNITY_GTFS,22889,MTC,A51 CT,Nehru Nagar TO Royapuram,bus,3,operational
GTFS_ROUTE_22890,CHENNAI_COMMUNITY_GTFS,22890,MTC,A51 CT1,Royapuram TO Nehru Nagar,bus,3,operational
GTFS_ROUTE_22892,CHENNAI_COMMUNITY_GTFS,22892,MTC,A51 CT2,Saidapet TO Tambaram West B.S,bus,3,operational
GTFS_ROUTE_22893,CHENNAI_COMMUNITY_GTFS,22893,MTC,A51 R1,Tambaram West TO  Royapuram,bus,3,operational
GTFS_ROUTE_22894,CHENNAI_COMMUNITY_GTFS,22894,MTC,A51 CT3,Tambaram West B.S TO Saidapet,bus,3,operational
GTFS_ROUTE_22899,CHENNAI_COMMUNITY_GTFS,22899,MTC,23C,Besant Nagar TO Ayanavaram B.T,bus,3,operational
GTFS_ROUTE_22900,CHENNAI_COMMUNITY_GTFS,22900,MTC,17K R,Dasarathapuram TO Royapuram,bus,3,operational
GTFS_ROUTE_22901,CHENNAI_COMMUNITY_GTFS,22901,MTC,17E R,Saligramam TO Royapuram,bus,3,operational
GTFS_ROUTE_22906,CHENNAI_COMMUNITY_GTFS,22906,MTC,88K R1,Royapuram TO  Kundrathur,bus,3,operational
GTFS_ROUTE_22915,CHENNAI_COMMUNITY_GTFS,22915,MTC,102P CT20,Adyar B.S TO  Island ground,bus,3,operational
GTFS_ROUTE_22909,CHENNAI_COMMUNITY_GTFS,22909,MTC,583A R,Sriperumbudur TO Thiruvallur,bus,3,operational
GTFS_ROUTE_22910,CHENNAI_COMMUNITY_GTFS,22910,MTC,23C R3,Ayanavaram B.T TO Besant Nagar,bus,3,operational
GTFS_ROUTE_22913,CHENNAI_COMMUNITY_GTFS,22913,MTC,102P CT1,Kannagi Nagar B.S TO  Island ground,bus,3,operational
GTFS_ROUTE_22923,CHENNAI_COMMUNITY_GTFS,22923,MTC,24A R1,Vivekananda House TO Anna Nagar West,bus,3,operational
GTFS_ROUTE_22917,CHENNAI_COMMUNITY_GTFS,22917,MTC,102P CT24,Island ground TO Adyar,bus,3,operational
GTFS_ROUTE_22919,CHENNAI_COMMUNITY_GTFS,22919,MTC,102P CT25,Island ground  TO  Kannagi Nagar,bus,3,operational
GTFS_ROUTE_22920,CHENNAI_COMMUNITY_GTFS,22920,MTC,102P CT7,Greams road to  Island ground,bus,3,operational
GTFS_ROUTE_22921,CHENNAI_COMMUNITY_GTFS,22921,MTC,24A CT6,Vivekananda TO  Korattur,bus,3,operational
GTFS_ROUTE_22922,CHENNAI_COMMUNITY_GTFS,22922,MTC,24A CT3,Korattur TO  Vivekananda House,bus,3,operational
GTFS_ROUTE_22924,CHENNAI_COMMUNITY_GTFS,22924,MTC,24A,Anna Nagar West TO Vivekananda House,bus,3,operational
GTFS_ROUTE_22925,CHENNAI_COMMUNITY_GTFS,22925,MTC,24AX,Teachers Colony TO Vivekananda House,bus,3,operational
GTFS_ROUTE_22926,CHENNAI_COMMUNITY_GTFS,22926,MTC,24AX,Vivekananda House TO Teachers Colony,bus,3,operational
GTFS_ROUTE_22929,CHENNAI_COMMUNITY_GTFS,22929,MTC,109 CT,Island ground TO Thiruvanmiyur,bus,3,operational
GTFS_ROUTE_22930,CHENNAI_COMMUNITY_GTFS,22930,MTC,109 R1,Kovalam TO  Island ground,bus,3,operational
GTFS_ROUTE_22931,CHENNAI_COMMUNITY_GTFS,22931,MTC,109 CT1,Kovalam TO Thiruvanmiyur,bus,3,operational
GTFS_ROUTE_22932,CHENNAI_COMMUNITY_GTFS,22932,MTC,109 CT2,Thiruvanmiyur TO  Island ground,bus,3,operational
GTFS_ROUTE_22933,CHENNAI_COMMUNITY_GTFS,22933,MTC,109 CT3,Thiruvanmiyur TO Kovalam,bus,3,operational
GTFS_ROUTE_22934,CHENNAI_COMMUNITY_GTFS,22934,MTC,15G R1,M.M.D.A.Colony Rd.Jn TO  Island ground,bus,3,operational
GTFS_ROUTE_22935,CHENNAI_COMMUNITY_GTFS,22935,MTC,15G R,Island ground TO M.M.D.A.Colony Rd.Jn,bus,3,operational
GTFS_ROUTE_22936,CHENNAI_COMMUNITY_GTFS,22936,MTC,7H R,J.J.Nagar East TO Island ground,bus,3,operational
GTFS_ROUTE_22937,CHENNAI_COMMUNITY_GTFS,22937,MTC,7H R,Island ground TO J.J.Nagar East,bus,3,operational
GTFS_ROUTE_22938,CHENNAI_COMMUNITY_GTFS,22938,MTC,104CX R,M.G.R.Koyambedu TO Guduvanchery,bus,3,operational
GTFS_ROUTE_22939,CHENNAI_COMMUNITY_GTFS,22939,MTC,104CX R,Guduvanchery TO M.G.R.Koyambedu,bus,3,operational
GTFS_ROUTE_22940,CHENNAI_COMMUNITY_GTFS,22940,MTC,153P,Perambakkam TO M.G.R.Koyambedu,bus,3,operational
GTFS_ROUTE_22941,CHENNAI_COMMUNITY_GTFS,22941,MTC,77VEt,M.G.R.Koyambedu TO Koyambakkam,bus,3,operational
GTFS_ROUTE_22942,CHENNAI_COMMUNITY_GTFS,22942,MTC,63 R,Icf TO Thiruverkadu,bus,3,operational
GTFS_ROUTE_22948,CHENNAI_COMMUNITY_GTFS,22948,MTC,7E R1,Island ground TO Ambattur I.E,bus,3,operational
GTFS_ROUTE_22944,CHENNAI_COMMUNITY_GTFS,22944,MTC,47C,Ambattur O.T TO Kotturpuram,bus,3,operational
GTFS_ROUTE_22945,CHENNAI_COMMUNITY_GTFS,22945,MTC,120G R,Royapuram TO Menambedu,bus,3,operational
GTFS_ROUTE_22946,CHENNAI_COMMUNITY_GTFS,22946,MTC,47CX,Thyagaraya Nagar TO Ayappakkam,bus,3,operational
GTFS_ROUTE_22947,CHENNAI_COMMUNITY_GTFS,22947,MTC,47CX,Ayappakkam TO Thyagaraya Nagar,bus,3,operational
GTFS_ROUTE_22949,CHENNAI_COMMUNITY_GTFS,22949,MTC,70LCt,Guindy Tvk Estate TO Korattur,bus,3,operational
GTFS_ROUTE_22950,CHENNAI_COMMUNITY_GTFS,22950,MTC,S73,Ambattur I.E TO Thiruverkadu,bus,3,operational
GTFS_ROUTE_22956,CHENNAI_COMMUNITY_GTFS,22956,MTC,71E R,Royapuram TO Thirunindravoor,bus,3,operational
GTFS_ROUTE_22957,CHENNAI_COMMUNITY_GTFS,22957,MTC,71E R1,Thirunindravoor TO  Royapuram,bus,3,operational
GTFS_ROUTE_22960,CHENNAI_COMMUNITY_GTFS,22960,MTC,41D CT2,Ambattur I.E TO Ambattur O.T,bus,3,operational
GTFS_ROUTE_22962,CHENNAI_COMMUNITY_GTFS,22962,MTC,41D R,Ambattur O.T TO Mandaveli,bus,3,operational
GTFS_ROUTE_22963,CHENNAI_COMMUNITY_GTFS,22963,MTC,41D CT5,Ambattur O.T TO Ambattur I.E,bus,3,operational
GTFS_ROUTE_22965,CHENNAI_COMMUNITY_GTFS,22965,MTC,41D R1,Mandaveli TO Ambattur O.T,bus,3,operational
GTFS_ROUTE_22966,CHENNAI_COMMUNITY_GTFS,22966,MTC,M1 R,Keelkattalai TO Thiruvamiyur Bus Stand,bus,3,operational
GTFS_ROUTE_22967,CHENNAI_COMMUNITY_GTFS,22967,MTC,M1 R,Thiruvanmiyur Bus Stand TO Keelkattalai,bus,3,operational
GTFS_ROUTE_22971,CHENNAI_COMMUNITY_GTFS,22971,MTC,5C CT1,Taramani TO Adyar B.T,bus,3,operational
GTFS_ROUTE_22969,CHENNAI_COMMUNITY_GTFS,22969,MTC,5C CT,Adyar TO  Royapuram,bus,3,operational
GTFS_ROUTE_22970,CHENNAI_COMMUNITY_GTFS,22970,MTC,5C R,Royapuram TO  Taramani,bus,3,operational
GTFS_ROUTE_22972,CHENNAI_COMMUNITY_GTFS,22972,MTC,5C R1,Taramani TO  Royapuram,bus,3,operational
GTFS_ROUTE_22975,CHENNAI_COMMUNITY_GTFS,22975,MTC,A51 CT8,Saidapet TO  Royapuram,bus,3,operational
GTFS_ROUTE_22976,CHENNAI_COMMUNITY_GTFS,22976,MTC,A51 R3,Royapuram TO  Tambaram West,bus,3,operational
GTFS_ROUTE_22977,CHENNAI_COMMUNITY_GTFS,22977,MTC,119 CT7,Semmancheri S.C.B TO Adyar Depot,bus,3,operational
GTFS_ROUTE_22982,CHENNAI_COMMUNITY_GTFS,22982,MTC,18R R1,Nanganallur TO Royapuram,bus,3,operational
GTFS_ROUTE_22984,CHENNAI_COMMUNITY_GTFS,22984,MTC,109T,Thiruvotriyur B.T TO Kovalam,bus,3,operational
GTFS_ROUTE_22985,CHENNAI_COMMUNITY_GTFS,22985,MTC,109T,Kovalam TO Thiruvotriyur B.T,bus,3,operational
GTFS_ROUTE_22986,CHENNAI_COMMUNITY_GTFS,22986,MTC,121 R1,Minjur TO M.G.R.Koyambedu,bus,3,operational
GTFS_ROUTE_22987,CHENNAI_COMMUNITY_GTFS,22987,MTC,121 R,M.G.R.Koyambedu TO Minjur,bus,3,operational
GTFS_ROUTE_22988,CHENNAI_COMMUNITY_GTFS,22988,MTC,36K,Thangal Tollgate TO Redhills,bus,3,operational
GTFS_ROUTE_22989,CHENNAI_COMMUNITY_GTFS,22989,MTC,36K,Redhills TO Thangal Tollgate,bus,3,operational
GTFS_ROUTE_22990,CHENNAI_COMMUNITY_GTFS,22990,MTC,36M,Vallalar Nagar TO Vichoor,bus,3,operational
GTFS_ROUTE_22991,CHENNAI_COMMUNITY_GTFS,22991,MTC,36M,Vichoor TO Vallalar Nagar,bus,3,operational
GTFS_ROUTE_22992,CHENNAI_COMMUNITY_GTFS,22992,MTC,36V,Thiruvotriyur B.T TO Redhills,bus,3,operational
GTFS_ROUTE_22993,CHENNAI_COMMUNITY_GTFS,22993,MTC,36V,Redhills TO Thiruvotriyur B.T,bus,3,operational
GTFS_ROUTE_22995,CHENNAI_COMMUNITY_GTFS,22995,MTC,37 R,Poonamallee B.T TO Vallalar Nagar,bus,3,operational
GTFS_ROUTE_22996,CHENNAI_COMMUNITY_GTFS,22996,MTC,37 R1,Vallalar Nagar TO Poonamallee B.T,bus,3,operational
GTFS_ROUTE_22997,CHENNAI_COMMUNITY_GTFS,22997,MTC,38D,Thiruvotriyur B.T TO Kodungaiyur Parvathi Nagar,bus,3,operational
GTFS_ROUTE_22998,CHENNAI_COMMUNITY_GTFS,22998,MTC,38D,Kodungaiyur Parvathi Nagar TO Thiruvotriyur B.T,bus,3,operational
GTFS_ROUTE_22999,CHENNAI_COMMUNITY_GTFS,22999,MTC,44,Island TO Manali,bus,3,operational
GTFS_ROUTE_23000,CHENNAI_COMMUNITY_GTFS,23000,MTC,44,Manali TO Island ground,bus,3,operational
GTFS_ROUTE_23001,CHENNAI_COMMUNITY_GTFS,23001,MTC,44C R,Island ground TO Manali,bus,3,operational
GTFS_ROUTE_23002,CHENNAI_COMMUNITY_GTFS,23002,MTC,578,Poonamallee B.T TO Sunguvarchathiram,bus,3,operational
GTFS_ROUTE_23003,CHENNAI_COMMUNITY_GTFS,23003,MTC,44C R,Manali TO Island ground,bus,3,operational
GTFS_ROUTE_23004,CHENNAI_COMMUNITY_GTFS,23004,MTC,44CT R,Island ground TO I.O.C,bus,3,operational
GTFS_ROUTE_23005,CHENNAI_COMMUNITY_GTFS,23005,MTC,44CT R,I.O.C TO Island ground,bus,3,operational
GTFS_ROUTE_23006,CHENNAI_COMMUNITY_GTFS,23006,MTC,556 CT,Thangal Tollgate TO Ponneri B.S,bus,3,operational
GTFS_ROUTE_23007,CHENNAI_COMMUNITY_GTFS,23007,MTC,578Et,Poonamallee Bus Terminus to Kunnam,bus,3,operational
GTFS_ROUTE_23008,CHENNAI_COMMUNITY_GTFS,23008,MTC,556 CT,Ponneri B.S TO Thangal Tollgate,bus,3,operational
GTFS_ROUTE_23011,CHENNAI_COMMUNITY_GTFS,23011,MTC,595 R1,Thangal Tollgate TO Pazhaverkadu,bus,3,operational
GTFS_ROUTE_23012,CHENNAI_COMMUNITY_GTFS,23012,MTC,10E CT,Saidapet West Bus Stand TO K.K Nagar Depot,bus,3,operational
GTFS_ROUTE_23013,CHENNAI_COMMUNITY_GTFS,23013,MTC,10E CT1,K.K Nagar Depot TO Saidapet West Bus Stand,bus,3,operational
GTFS_ROUTE_23016,CHENNAI_COMMUNITY_GTFS,23016,MTC,10E CT2,Royapuram TO Ekkattuthangal,bus,3,operational
GTFS_ROUTE_23018,CHENNAI_COMMUNITY_GTFS,23018,MTC,119 CT8,Adyar Depot TO  Guindy Bus,bus,3,operational
GTFS_ROUTE_23019,CHENNAI_COMMUNITY_GTFS,23019,MTC,120 CT1,Central Depot TO  Royapuram terminus,bus,3,operational
GTFS_ROUTE_23020,CHENNAI_COMMUNITY_GTFS,23020,MTC,120 CT2,Royapuram TO  Central Depot,bus,3,operational
GTFS_ROUTE_23021,CHENNAI_COMMUNITY_GTFS,23021,MTC,17D CT,K.K.Nagar TO Ethiraj College,bus,3,operational
GTFS_ROUTE_23022,CHENNAI_COMMUNITY_GTFS,23022,MTC,18A CT11,Central Depot TO  Royapuram,bus,3,operational
GTFS_ROUTE_23023,CHENNAI_COMMUNITY_GTFS,23023,MTC,18A CT12,Royapuram terminus TO  Central Depot,bus,3,operational
GTFS_ROUTE_23024,CHENNAI_COMMUNITY_GTFS,23024,MTC,18A CT9,Royapuram TO Mkb Nagar,bus,3,operational
GTFS_ROUTE_23025,CHENNAI_COMMUNITY_GTFS,23025,MTC,41D CT3,Ambattur Industrial Estate  TO  Mandaveli,bus,3,operational
GTFS_ROUTE_23026,CHENNAI_COMMUNITY_GTFS,23026,MTC,41D CT4,Mandaveli TO  Ambattur Industrial Estate,bus,3,operational
GTFS_ROUTE_23027,CHENNAI_COMMUNITY_GTFS,23027,MTC,57F CT,Island ground TO  Mkb Nagar East,bus,3,operational
GTFS_ROUTE_23028,CHENNAI_COMMUNITY_GTFS,23028,MTC,5C CT2,Central Depot TO  Royapuram,bus,3,operational
GTFS_ROUTE_23029,CHENNAI_COMMUNITY_GTFS,23029,MTC,5C CT2,Royapuram TO  Central Depot,bus,3,operational
GTFS_ROUTE_23030,CHENNAI_COMMUNITY_GTFS,23030,MTC,71E CT1,Central Depot to  Royapuram,bus,3,operational
GTFS_ROUTE_23031,CHENNAI_COMMUNITY_GTFS,23031,MTC,71E CT2,Royapuram terminus  TO  Central Depot,bus,3,operational
GTFS_ROUTE_23032,CHENNAI_COMMUNITY_GTFS,23032,MTC,91 CT11,MGR CHENNA TO  Thiruvanmiyur Depot,bus,3,operational
GTFS_ROUTE_23033,CHENNAI_COMMUNITY_GTFS,23033,MTC,91 CT7,Thiruvanmiyur TO  MGR CHENNAI,bus,3,operational
GTFS_ROUTE_23034,CHENNAI_COMMUNITY_GTFS,23034,MTC,91 CT9,M.G.R.Central TO  Thiruvanmiyur Depot,bus,3,operational
GTFS_ROUTE_23035,CHENNAI_COMMUNITY_GTFS,23035,MTC,A51 CT4,Central Depot TO  Royapuram,bus,3,operational
GTFS_ROUTE_23036,CHENNAI_COMMUNITY_GTFS,23036,MTC,A51 CT5,Royapuram terminus  TO  Central Depot,bus,3,operational
GTFS_ROUTE_23037,CHENNAI_COMMUNITY_GTFS,23037,MTC,M1 CT7,Thiruvanmiyur TO  Saidapet,bus,3,operational
GTFS_ROUTE_23038,CHENNAI_COMMUNITY_GTFS,23038,MTC,MAA2 CT2,Kalaignar Nagar TO Meeanambakkam International Airport,bus,3,operational
GTFS_ROUTE_23039,CHENNAI_COMMUNITY_GTFS,23039,MTC,S73T R1,Ambattur Industrial Estate TO  Thiruverkadu,bus,3,operational
GTFS_ROUTE_23040,CHENNAI_COMMUNITY_GTFS,23040,MTC,S73T R,Thiruverkadu to  Ambattur Industrial Estate,bus,3,operational
GTFS_ROUTE_23044,CHENNAI_COMMUNITY_GTFS,23044,MTC,10A,K.K.Nagar TO Saidapet West,bus,3,operational
GTFS_ROUTE_23048,CHENNAI_COMMUNITY_GTFS,23048,MTC,18S,Kilambakkam B.S TO Ngo Colony,bus,3,operational
GTFS_ROUTE_23049,CHENNAI_COMMUNITY_GTFS,23049,MTC,9M,Thyagaraya Nagar TO A.G.S.Officer'S Colony,bus,3,operational
GTFS_ROUTE_23050,CHENNAI_COMMUNITY_GTFS,23050,MTC,9M,A.G.S.Officer'S Colony TO Thyagaraya Nagar,bus,3,operational
GTFS_ROUTE_23065,CHENNAI_COMMUNITY_GTFS,23065,MTC,S13,Velachery B.T TO Guindy R.S,bus,3,operational
GTFS_ROUTE_23052,CHENNAI_COMMUNITY_GTFS,23052,MTC,S18D,Keelkattalai TO Saidapet,bus,3,operational
GTFS_ROUTE_23053,CHENNAI_COMMUNITY_GTFS,23053,MTC,S18D,Saidapet TO Keelkattalai,bus,3,operational
GTFS_ROUTE_23054,CHENNAI_COMMUNITY_GTFS,23054,MTC,18S,Ngo Colony TO Kilambakkam B.S,bus,3,operational
GTFS_ROUTE_23055,CHENNAI_COMMUNITY_GTFS,23055,MTC,45A,Vivekananda House TO Madipakkam B.T,bus,3,operational
GTFS_ROUTE_23056,CHENNAI_COMMUNITY_GTFS,23056,MTC,45A,Madipakkam B.T TO Vivekananda House,bus,3,operational
GTFS_ROUTE_23059,CHENNAI_COMMUNITY_GTFS,23059,MTC,51M,Thyagaraya Nagar TO Madipakkam B.T,bus,3,operational
GTFS_ROUTE_23060,CHENNAI_COMMUNITY_GTFS,23060,MTC,51M,Madipakkam B.T TO Thyagaraya Nagar,bus,3,operational
GTFS_ROUTE_23061,CHENNAI_COMMUNITY_GTFS,23061,MTC,552K,Keelkattalai TO Thiruporur,bus,3,operational
GTFS_ROUTE_23062,CHENNAI_COMMUNITY_GTFS,23062,MTC,552K,Thiruporur TO Keelkattalai,bus,3,operational
GTFS_ROUTE_23063,CHENNAI_COMMUNITY_GTFS,23063,MTC,91R,Velachery B.T TO Kilambakkam B.T,bus,3,operational
GTFS_ROUTE_23064,CHENNAI_COMMUNITY_GTFS,23064,MTC,91R,Kilambakkam B.T TO Velachery B.T,bus,3,operational
GTFS_ROUTE_23066,CHENNAI_COMMUNITY_GTFS,23066,MTC,S13,Guindy R.S TO Velachery B.T,bus,3,operational
GTFS_ROUTE_23067,CHENNAI_COMMUNITY_GTFS,23067,MTC,D70,Velachery B.T TO Ambattur I.E,bus,3,operational
GTFS_ROUTE_23068,CHENNAI_COMMUNITY_GTFS,23068,MTC,D70,Ambattur I.E TO Velachery B.T,bus,3,operational
GTFS_ROUTE_23069,CHENNAI_COMMUNITY_GTFS,23069,MTC,J51 CT,Velachery B.T TO Venkadamangalam,bus,3,operational
GTFS_ROUTE_23071,CHENNAI_COMMUNITY_GTFS,23071,MTC,J51 CT,Venkadamangalam TO Velachery B.T,bus,3,operational
GTFS_ROUTE_23072,CHENNAI_COMMUNITY_GTFS,23072,MTC,J51,Velachery B.T TO Tambaram West,bus,3,operational
GTFS_ROUTE_23073,CHENNAI_COMMUNITY_GTFS,23073,MTC,J51,Tambaram West TO Velachery B.T,bus,3,operational
GTFS_ROUTE_23074,CHENNAI_COMMUNITY_GTFS,23074,MTC,M18C,Keelkattalai TO Thyagaraya Nagar,bus,3,operational
GTFS_ROUTE_23075,CHENNAI_COMMUNITY_GTFS,23075,MTC,91 R1,Tambaram West TO Thiruvanmiyur,bus,3,operational
GTFS_ROUTE_23076,CHENNAI_COMMUNITY_GTFS,23076,MTC,91 R1,Thiruvanmiyur TO Tambaram West,bus,3,operational
GTFS_ROUTE_23078,CHENNAI_COMMUNITY_GTFS,23078,MTC,9MEt,Royapuram TO A.G.S.Officer'S Colony,bus,3,operational
GTFS_ROUTE_23079,CHENNAI_COMMUNITY_GTFS,23079,MTC,9MEt,A.G.S.Officer'S Colony TO Royapuram,bus,3,operational
GTFS_ROUTE_23080,CHENNAI_COMMUNITY_GTFS,23080,MTC,18D,Royapuram to Keelkattalai,bus,3,operational
GTFS_ROUTE_23081,CHENNAI_COMMUNITY_GTFS,23081,MTC,18D,Keelkattalai to Royapuram,bus,3,operational
GTFS_ROUTE_23082,CHENNAI_COMMUNITY_GTFS,23082,MTC,21G CT6,Kilambakkam B.T TO Tambaram West,bus,3,operational
GTFS_ROUTE_23083,CHENNAI_COMMUNITY_GTFS,23083,MTC,56A R,Ennore TO Vallalar Nagar,bus,3,operational
GTFS_ROUTE_23092,CHENNAI_COMMUNITY_GTFS,23092,MTC,18K ct,Kk Nagar TO Saidapet West,bus,3,operational
GTFS_ROUTE_23085,CHENNAI_COMMUNITY_GTFS,23085,MTC,56A R1,Vallalar Nagar TO Ennore,bus,3,operational
GTFS_ROUTE_23087,CHENNAI_COMMUNITY_GTFS,23087,MTC,104C,Anna Nagar West TO M.G.R.Koyambedu,bus,3,operational
GTFS_ROUTE_23089,CHENNAI_COMMUNITY_GTFS,23089,MTC,10A,Saidapet West TO K.K.Nagar,bus,3,operational
GTFS_ROUTE_23090,CHENNAI_COMMUNITY_GTFS,23090,MTC,121 ct1,Anna Nagar West TO M.G.R.Koyambedu,bus,3,operational
GTFS_ROUTE_23093,CHENNAI_COMMUNITY_GTFS,23093,MTC,155A,Nehru Nagar Pozhichalur (Towards Sivan Kovil Pozhichalur) TO Chrompet-1 Depot (Towards Depot),bus,3,operational
GTFS_ROUTE_23095,CHENNAI_COMMUNITY_GTFS,23095,MTC,515A cut,Tambaram West TO Chrompet-2,bus,3,operational
GTFS_ROUTE_23096,CHENNAI_COMMUNITY_GTFS,23096,MTC,72 ct,Thiyagarayanagar Terminus TO Todd Hunter Nagar,bus,3,operational
GTFS_ROUTE_23097,CHENNAI_COMMUNITY_GTFS,23097,MTC,72 ct,Todd Hunter Nagar TO Thiyagarayanagar Terminus,bus,3,operational
GTFS_ROUTE_23098,CHENNAI_COMMUNITY_GTFS,23098,MTC,S44 ct,Otteri Police Station TO Perambur Bus Terminus,bus,3,operational
GTFS_ROUTE_23101,CHENNAI_COMMUNITY_GTFS,23101,MTC,4 R,Ennore TO Island ground,bus,3,operational
GTFS_ROUTE_23103,CHENNAI_COMMUNITY_GTFS,23103,MTC,157E,Ennore TO Redhills,bus,3,operational
GTFS_ROUTE_23104,CHENNAI_COMMUNITY_GTFS,23104,MTC,18K CT,Saidapet West TO Kk Nagar,bus,3,operational
GTFS_ROUTE_23108,CHENNAI_COMMUNITY_GTFS,23108,MTC,S18K,K.K Nagar Depot TO Saidapet West Parsn Nagar,bus,3,operational
GTFS_ROUTE_23109,CHENNAI_COMMUNITY_GTFS,23109,MTC,29AEt CT,Otteri Police Station TO Anna Square,bus,3,operational
GTFS_ROUTE_23110,CHENNAI_COMMUNITY_GTFS,23110,MTC,56ACt R,Ennore TO Thangal Tollgate,bus,3,operational
GTFS_ROUTE_23111,CHENNAI_COMMUNITY_GTFS,23111,MTC,56ACt R1,Thangal Tollgate TO Ennore,bus,3,operational
GTFS_ROUTE_23112,CHENNAI_COMMUNITY_GTFS,23112,MTC,C56C R1,Thiruvottriyur TO Island ground,bus,3,operational
GTFS_ROUTE_23113,CHENNAI_COMMUNITY_GTFS,23113,MTC,102M,Adyar B.T TO Manamathi,bus,3,operational
GTFS_ROUTE_23115,CHENNAI_COMMUNITY_GTFS,23115,MTC,19C,Thyagaraya Nagar TO Okk.Thoraipakm Sec.Colony,bus,3,operational
GTFS_ROUTE_23116,CHENNAI_COMMUNITY_GTFS,23116,MTC,19C,Okk.Thoraipakm Sec.Colony TO Thyagaraya Nagar,bus,3,operational
GTFS_ROUTE_23117,CHENNAI_COMMUNITY_GTFS,23117,MTC,19T,Thyagaraya Nagar TO Kovalam,bus,3,operational
GTFS_ROUTE_23118,CHENNAI_COMMUNITY_GTFS,23118,MTC,19T,Kovalam TO Thyagaraya Nagar,bus,3,operational
GTFS_ROUTE_23119,CHENNAI_COMMUNITY_GTFS,23119,MTC,T29C,Thiruvanmiyur TO Perambur Bus Terminus,bus,3,operational
GTFS_ROUTE_23120,CHENNAI_COMMUNITY_GTFS,23120,MTC,T29C,Perambur Bus Terminus TO Thiruvanmiyur,bus,3,operational
GTFS_ROUTE_23121,CHENNAI_COMMUNITY_GTFS,23121,MTC,29C R,Besant Nagar TO Perambur B.T,bus,3,operational
GTFS_ROUTE_23122,CHENNAI_COMMUNITY_GTFS,23122,MTC,47,Besant Nagar TO Villivakkam,bus,3,operational
GTFS_ROUTE_23123,CHENNAI_COMMUNITY_GTFS,23123,MTC,47,Villivakkam TO Besant Nagar,bus,3,operational
GTFS_ROUTE_23124,CHENNAI_COMMUNITY_GTFS,23124,MTC,109Ct,Adyar B.T TO Kovalam,bus,3,operational
GTFS_ROUTE_23125,CHENNAI_COMMUNITY_GTFS,23125,MTC,109Ct,Kovalam TO Adyar B.T,bus,3,operational
GTFS_ROUTE_23126,CHENNAI_COMMUNITY_GTFS,23126,MTC,96 R,Adyar Gandhi Nagar TO  Tambaram West,bus,3,operational
GTFS_ROUTE_23127,CHENNAI_COMMUNITY_GTFS,23127,MTC,96 R1,Tambaram West TO  Adyar Gandhi Nagar,bus,3,operational
GTFS_ROUTE_23131,CHENNAI_COMMUNITY_GTFS,23131,MTC,19 CT6,Kelambakkam TO Thyagaraya Nagar,bus,3,operational
GTFS_ROUTE_23132,CHENNAI_COMMUNITY_GTFS,23132,MTC,19 CT4,Thiruporur TO Kannagi Nagar S.C.B,bus,3,operational
GTFS_ROUTE_23136,CHENNAI_COMMUNITY_GTFS,23136,MTC,95 CT,Tambaram West TO Thiruvanmiyur,bus,3,operational
GTFS_ROUTE_23137,CHENNAI_COMMUNITY_GTFS,23137,MTC,95,Tambaram East TO Thiruvanmiyur Bs,bus,3,operational
GTFS_ROUTE_23138,CHENNAI_COMMUNITY_GTFS,23138,MTC,95 R,Tambaram East TO Thiruvanmiyur,bus,3,operational
GTFS_ROUTE_23140,CHENNAI_COMMUNITY_GTFS,23140,MTC,102 CT16,Siruseri I.T Park TO Island ground Terminus,bus,3,operational
GTFS_ROUTE_23141,CHENNAI_COMMUNITY_GTFS,23141,MTC,119 CT,Semmancheri S.C.B TO Cement Road,bus,3,operational
GTFS_ROUTE_23142,CHENNAI_COMMUNITY_GTFS,23142,MTC,119 R1,Semmancheri S.C.B TO Guindy Tvk Estate,bus,3,operational
GTFS_ROUTE_23143,CHENNAI_COMMUNITY_GTFS,23143,MTC,119 CT2,Semmancheri S.C.B TO K.K.Nagar,bus,3,operational
GTFS_ROUTE_23144,CHENNAI_COMMUNITY_GTFS,23144,MTC,119 CT4,Semmancheri S.C.B TO Velachery B.T,bus,3,operational
GTFS_ROUTE_23145,CHENNAI_COMMUNITY_GTFS,23145,MTC,221,Kelambakkam TO Saidapet,bus,3,operational
GTFS_ROUTE_23146,CHENNAI_COMMUNITY_GTFS,23146,MTC,221 CT1,Kelambakkam TO M.G.R.Central,bus,3,operational
GTFS_ROUTE_23147,CHENNAI_COMMUNITY_GTFS,23147,MTC,221 CT7,Thiruporur Bus Stand TO M.G.R.Koyambedu,bus,3,operational
GTFS_ROUTE_23148,CHENNAI_COMMUNITY_GTFS,23148,MTC,221 RE1,Thiruporur TO M.G.R.Central,bus,3,operational
GTFS_ROUTE_23149,CHENNAI_COMMUNITY_GTFS,23149,MTC,523 CT,Mullipakkam TO Thiruvanmiyur,bus,3,operational
GTFS_ROUTE_23151,CHENNAI_COMMUNITY_GTFS,23151,MTC,570 CT4,Kelambakkam TO Adyar Depot,bus,3,operational
GTFS_ROUTE_23152,CHENNAI_COMMUNITY_GTFS,23152,MTC,570 CT3,Siruseri I.T Park TO K.K.Nagar,bus,3,operational
GTFS_ROUTE_23155,CHENNAI_COMMUNITY_GTFS,23155,MTC,102A,Pudupakkam Rd.Jn TO Thiruvanmiyur,bus,3,operational
GTFS_ROUTE_23156,CHENNAI_COMMUNITY_GTFS,23156,MTC,102C R2,Semmancheri TO  Island ground,bus,3,operational
GTFS_ROUTE_23157,CHENNAI_COMMUNITY_GTFS,23157,MTC,102C,Semmancheri TO M.G.R.Central,bus,3,operational
GTFS_ROUTE_23158,CHENNAI_COMMUNITY_GTFS,23158,MTC,102C CT4,Semmancheri TO Santhome Church,bus,3,operational
GTFS_ROUTE_23159,CHENNAI_COMMUNITY_GTFS,23159,MTC,102C CT7,Semmancheri to Tidel Park,bus,3,operational
GTFS_ROUTE_23160,CHENNAI_COMMUNITY_GTFS,23160,MTC,102C CT8,Semmancheri TO  Santhome,bus,3,operational
GTFS_ROUTE_23161,CHENNAI_COMMUNITY_GTFS,23161,MTC,102CT R1,Siruseri It Park TO  Thiruvanmiyur Depot,bus,3,operational
GTFS_ROUTE_23154,CHENNAI_COMMUNITY_GTFS,23154,MTC,570 CT3,Siruseri To  Guindy B.S,bus,3,operational
GTFS_ROUTE_23162,CHENNAI_COMMUNITY_GTFS,23162,MTC,102 CT1,Thaiyur Koman Nagar TO Adyar B.T,bus,3,operational
GTFS_ROUTE_23163,CHENNAI_COMMUNITY_GTFS,23163,MTC,102CT CT7,Siruseri I.T Park TO Adyar B.T,bus,3,operational
GTFS_ROUTE_23164,CHENNAI_COMMUNITY_GTFS,23164,MTC,102 CT,Siruseri I.T Park TO Tidel Park,bus,3,operational
GTFS_ROUTE_23165,CHENNAI_COMMUNITY_GTFS,23165,MTC,102 CT3,Kelambakkam TO Thiruvanmiyur,bus,3,operational
GTFS_ROUTE_23168,CHENNAI_COMMUNITY_GTFS,23168,MTC,102M,Manamathi TO Adyar B.T,bus,3,operational
GTFS_ROUTE_23169,CHENNAI_COMMUNITY_GTFS,23169,MTC,102P CT30,Perumpakkam Scb TO Thiruvanmiyur,bus,3,operational
GTFS_ROUTE_23171,CHENNAI_COMMUNITY_GTFS,23171,MTC,102P CT4,Perumbakkam TO Adyar B.S,bus,3,operational
GTFS_ROUTE_23172,CHENNAI_COMMUNITY_GTFS,23172,MTC,102P CT5,Perumbakkam Scb TO Vivekananda House,bus,3,operational
GTFS_ROUTE_23173,CHENNAI_COMMUNITY_GTFS,23173,MTC,102P CT8,Perumbakkam Scb TO Kannagi Nagar B.S,bus,3,operational
GTFS_ROUTE_23174,CHENNAI_COMMUNITY_GTFS,23174,MTC,102P CT15,Perumpakkam S.C.B TO Greams Road,bus,3,operational
GTFS_ROUTE_23175,CHENNAI_COMMUNITY_GTFS,23175,MTC,102S,Kelambakkam TO Kannagi Nagar S.C.B,bus,3,operational
GTFS_ROUTE_23176,CHENNAI_COMMUNITY_GTFS,23176,MTC,102X CT1,Perumpakkam S.C.B TO Thiruvanmiyur,bus,3,operational
GTFS_ROUTE_23178,CHENNAI_COMMUNITY_GTFS,23178,MTC,102X CT,Thiruporur TO M.G.R.Central,bus,3,operational
GTFS_ROUTE_23179,CHENNAI_COMMUNITY_GTFS,23179,MTC,102X CT,Thiruporur TO Adyar,bus,3,operational
GTFS_ROUTE_23180,CHENNAI_COMMUNITY_GTFS,23180,MTC,102X CT3,Thiruporur B.S TO Kannagi Nagar B.S,bus,3,operational
GTFS_ROUTE_23181,CHENNAI_COMMUNITY_GTFS,23181,MTC,102X CT7,Thiruporur TO Thiruvanmiyur,bus,3,operational
GTFS_ROUTE_23185,CHENNAI_COMMUNITY_GTFS,23185,MTC,19AX,Perumbakkam Scb to Thiyagarayanagar Terminus,bus,3,operational
GTFS_ROUTE_23186,CHENNAI_COMMUNITY_GTFS,23186,MTC,19B,Siruseri I.T Park TO Saidapet,bus,3,operational
GTFS_ROUTE_23187,CHENNAI_COMMUNITY_GTFS,23187,MTC,19BEt CT1,Perumpakkam S.C.B TO Saidapet,bus,3,operational
GTFS_ROUTE_23189,CHENNAI_COMMUNITY_GTFS,23189,MTC,19BEt CT,Thiruporur B.S TO Thiyagarayanagar Terminus,bus,3,operational
GTFS_ROUTE_23190,CHENNAI_COMMUNITY_GTFS,23190,MTC,19D,Semmancheri S.C.B TO Adyar B.T,bus,3,operational
GTFS_ROUTE_23191,CHENNAI_COMMUNITY_GTFS,23191,MTC,19D CT1,Semmancheri S.C.B TO Mandaveli,bus,3,operational
GTFS_ROUTE_23192,CHENNAI_COMMUNITY_GTFS,23192,MTC,19D CT,Perumpakkam S.C.B TO Adyar Gate,bus,3,operational
GTFS_ROUTE_23193,CHENNAI_COMMUNITY_GTFS,23193,MTC,23C CT,Perumpakkam S.C.B TO Ayanavaram B.T,bus,3,operational
GTFS_ROUTE_23194,CHENNAI_COMMUNITY_GTFS,23194,MTC,523A,Devi Karumariamman Temple TO Thiruvanmiyur,bus,3,operational
GTFS_ROUTE_23195,CHENNAI_COMMUNITY_GTFS,23195,MTC,523A CT,Karumbakkam TO Thiruvanmiyur,bus,3,operational
GTFS_ROUTE_23196,CHENNAI_COMMUNITY_GTFS,23196,MTC,570P CT,Thiruporur TO M.G.R.Koyambedu,bus,3,operational
GTFS_ROUTE_23197,CHENNAI_COMMUNITY_GTFS,23197,MTC,570P CT,Kelambakkam TO M.G.R.Koyambedu,bus,3,operational
GTFS_ROUTE_23198,CHENNAI_COMMUNITY_GTFS,23198,MTC,570P CT1,Perumpakkam S.C.B TO M.G.R.Koyambedu,bus,3,operational
GTFS_ROUTE_23199,CHENNAI_COMMUNITY_GTFS,23199,MTC,570V,Kelambakkam TO Vadapalani,bus,3,operational
GTFS_ROUTE_23212,CHENNAI_COMMUNITY_GTFS,23212,MTC,101 R,Poonamallee TO Thiruvottriyur,bus,3,operational
GTFS_ROUTE_23202,CHENNAI_COMMUNITY_GTFS,23202,MTC,99X,Semmancheri B.S TO Adyar,bus,3,operational
GTFS_ROUTE_23204,CHENNAI_COMMUNITY_GTFS,23204,MTC,M51DCT,Pudupakkam TO Saidapet BS,bus,3,operational
GTFS_ROUTE_23207,CHENNAI_COMMUNITY_GTFS,23207,MTC,19A CT1,Adyar B.S TO Thiyagarayanagar,bus,3,operational
GTFS_ROUTE_23208,CHENNAI_COMMUNITY_GTFS,23208,MTC,19A R,Semmancheri S.C.B TO Thyagaraya Nagar,bus,3,operational
GTFS_ROUTE_23210,CHENNAI_COMMUNITY_GTFS,23210,MTC,101 R1,Thiruvotriyur TO Poonamallee,bus,3,operational
GTFS_ROUTE_23213,CHENNAI_COMMUNITY_GTFS,23213,MTC,101 CT7,Thiruvottriyur TO  M.G.R.Koyambedu,bus,3,operational
GTFS_ROUTE_23215,CHENNAI_COMMUNITY_GTFS,23215,MTC,101 CT5,M.G.R.Koyambedu TO  Thiruvottriyur,bus,3,operational
GTFS_ROUTE_23216,CHENNAI_COMMUNITY_GTFS,23216,MTC,101 CT2,Royapuram terminus TO Poonamallee,bus,3,operational
GTFS_ROUTE_23217,CHENNAI_COMMUNITY_GTFS,23217,MTC,101CT1,Tondairpet TO Thiruvottriyur,bus,3,operational
GTFS_ROUTE_23221,CHENNAI_COMMUNITY_GTFS,23221,MTC,101CT1,Thiruvottriyur TO Tondiarpet,bus,3,operational
GTFS_ROUTE_23223,CHENNAI_COMMUNITY_GTFS,23223,MTC,119 R,Guindy Tvk Estate TO Semmancheri S.C.B,bus,3,operational
GTFS_ROUTE_23224,CHENNAI_COMMUNITY_GTFS,23224,MTC,119 CT,K.K.Nagar TO Guindy Industrial Estate Terminius,bus,3,operational
GTFS_ROUTE_23236,CHENNAI_COMMUNITY_GTFS,23236,MTC,56P CT9,Minjur N.T TO Tondiarpet,bus,3,operational
GTFS_ROUTE_23229,CHENNAI_COMMUNITY_GTFS,23229,MTC,6D R1,Thiruvanmiyur TO Thangal Tollgate,bus,3,operational
GTFS_ROUTE_23245,CHENNAI_COMMUNITY_GTFS,23245,MTC,1C R1,Ennore TO Thiruvanmiyur,bus,3,operational
GTFS_ROUTE_23232,CHENNAI_COMMUNITY_GTFS,23232,MTC,6D CT2,Tondairpet TO 1 Depot TO Tollgate,bus,3,operational
GTFS_ROUTE_23233,CHENNAI_COMMUNITY_GTFS,23233,MTC,56P R,Island ground TO  Minjur Bus Terminus (,bus,3,operational
GTFS_ROUTE_23234,CHENNAI_COMMUNITY_GTFS,23234,MTC,56P R2,Minjur Bus Terminus TO Island ground Terminus,bus,3,operational
GTFS_ROUTE_23235,CHENNAI_COMMUNITY_GTFS,23235,MTC,56P CT14,Tondiarpet TO Minjur,bus,3,operational
GTFS_ROUTE_23238,CHENNAI_COMMUNITY_GTFS,23238,MTC,44Ct R,Island ground TO  Tondiarpet,bus,3,operational
GTFS_ROUTE_23242,CHENNAI_COMMUNITY_GTFS,23242,MTC,101E,Tondiarpet TO Poonamallee,bus,3,operational
GTFS_ROUTE_23240,CHENNAI_COMMUNITY_GTFS,23240,MTC,44Ct R,Tondiarpet TO Island ground,bus,3,operational
GTFS_ROUTE_23241,CHENNAI_COMMUNITY_GTFS,23241,MTC,101E,Poonamallee TO Tondiarpet,bus,3,operational
GTFS_ROUTE_23243,CHENNAI_COMMUNITY_GTFS,23243,MTC,159B,Tondairpet TO M.G.R.Koyambedu,bus,3,operational
GTFS_ROUTE_23244,CHENNAI_COMMUNITY_GTFS,23244,MTC,159B,M.G.R.Koyambedu TO Tondiarpet,bus,3,operational
GTFS_ROUTE_23246,CHENNAI_COMMUNITY_GTFS,23246,MTC,1C R,Thiruvanmiyur TO Ennore,bus,3,operational
GTFS_ROUTE_23247,CHENNAI_COMMUNITY_GTFS,23247,MTC,1,THIRUVOTRIYUR B.T TO THIRUVANMIYUR,bus,3,operational
GTFS_ROUTE_23249,CHENNAI_COMMUNITY_GTFS,23249,MTC,1,THIRUVANMIYUR TO THIRUVOTRIYUR B.T,bus,3,operational
GTFS_ROUTE_23250,CHENNAI_COMMUNITY_GTFS,23250,MTC,56D R1,Manali TO  Island ground,bus,3,operational
GTFS_ROUTE_23253,CHENNAI_COMMUNITY_GTFS,23253,MTC,56D R,Island ground TO Manali,bus,3,operational
GTFS_ROUTE_23263,CHENNAI_COMMUNITY_GTFS,23263,MTC,17D R,K.K.Nagar TO  Island ground,bus,3,operational
GTFS_ROUTE_23268,CHENNAI_COMMUNITY_GTFS,23268,MTC,B18,Tondairpet TO Kilambakkam,bus,3,operational
GTFS_ROUTE_23269,CHENNAI_COMMUNITY_GTFS,23269,MTC,B18,kilambakkam TO Tondairpet,bus,3,operational
GTFS_ROUTE_23270,CHENNAI_COMMUNITY_GTFS,23270,MTC,28B,Ennore TO Tollgate,bus,3,operational
GTFS_ROUTE_23266,CHENNAI_COMMUNITY_GTFS,23266,MTC,32A,V House TO Tondairpet,bus,3,operational
GTFS_ROUTE_23271,CHENNAI_COMMUNITY_GTFS,23271,MTC,28B,Tollgate TO Ennore,bus,3,operational
GTFS_ROUTE_23273,CHENNAI_COMMUNITY_GTFS,23273,MTC,44CT,Manali TO Tondairpet,bus,3,operational
GTFS_ROUTE_23277,CHENNAI_COMMUNITY_GTFS,23277,MTC,1CT,Tondairpet TO Thiruvanmiyur,bus,3,operational
GTFS_ROUTE_23279,CHENNAI_COMMUNITY_GTFS,23279,MTC,1CT,Thiruvanmiyur TO Tondairpet,bus,3,operational
GTFS_ROUTE_23280,CHENNAI_COMMUNITY_GTFS,23280,MTC,157T,Tondairpet TO Redhills,bus,3,operational
GTFS_ROUTE_23281,CHENNAI_COMMUNITY_GTFS,23281,MTC,157T,Redhills TO Tondairpet,bus,3,operational
GTFS_ROUTE_23282,CHENNAI_COMMUNITY_GTFS,23282,MTC,44CT,Tondairpet TO Manali,bus,3,operational
GTFS_ROUTE_23283,CHENNAI_COMMUNITY_GTFS,23283,MTC,32A,Tondairpet TO V House,bus,3,operational
GTFS_ROUTE_23295,CHENNAI_COMMUNITY_GTFS,23295,MTC,500Et R1,Chitlapakkam TO Chengalpet,bus,3,operational
GTFS_ROUTE_23285,CHENNAI_COMMUNITY_GTFS,23285,MTC,56CT,Ennore TO Tondairpet,bus,3,operational
GTFS_ROUTE_23296,CHENNAI_COMMUNITY_GTFS,23296,MTC,52 CT1,Hasthinapuram TO Pozhichalur,bus,3,operational
GTFS_ROUTE_23304,CHENNAI_COMMUNITY_GTFS,23304,MTC,60D R1,Guduvanchery TO Hasthinapuram,bus,3,operational
GTFS_ROUTE_23298,CHENNAI_COMMUNITY_GTFS,23298,MTC,52 CT,Koyambedu Market TO Pozhichalur,bus,3,operational
GTFS_ROUTE_23294,CHENNAI_COMMUNITY_GTFS,23294,MTC,60H R3,Sankara Health Centre TO Hasthinapuram,bus,3,operational
GTFS_ROUTE_23299,CHENNAI_COMMUNITY_GTFS,23299,MTC,52 CT3,Pozhichalur TO Koyambedu Market,bus,3,operational
GTFS_ROUTE_23302,CHENNAI_COMMUNITY_GTFS,23302,MTC,52 CT2,Pozhichalur TO Hasthinapuram,bus,3,operational
GTFS_ROUTE_23303,CHENNAI_COMMUNITY_GTFS,23303,MTC,60D CT,Guduvanchery TO Pammal Kamarajapuram,bus,3,operational
GTFS_ROUTE_23305,CHENNAI_COMMUNITY_GTFS,23305,MTC,60D R2,Hasthinapuram TO Pammal Kamarajapuram,bus,3,operational
GTFS_ROUTE_23308,CHENNAI_COMMUNITY_GTFS,23308,MTC,60D CT1,Pammal Kamarajapuram TO Guduvanchery,bus,3,operational
GTFS_ROUTE_23340,CHENNAI_COMMUNITY_GTFS,23340,MTC,52 R1,Pozhichalur TO Royapuram terminus,bus,3,operational
GTFS_ROUTE_23327,CHENNAI_COMMUNITY_GTFS,23327,MTC,6D CT,Tollgate TO Tondairpet TO 1 Depot,bus,3,operational
GTFS_ROUTE_23334,CHENNAI_COMMUNITY_GTFS,23334,MTC,56CT,Tondiarpet TO Ennore,bus,3,operational
GTFS_ROUTE_23337,CHENNAI_COMMUNITY_GTFS,23337,MTC,21G R2,Besant Nagar Terminus TO  Tambaram West,bus,3,operational
GTFS_ROUTE_23331,CHENNAI_COMMUNITY_GTFS,23331,MTC,20 ct,Ayanavaram TO Villivakkam,bus,3,operational
GTFS_ROUTE_23335,CHENNAI_COMMUNITY_GTFS,23335,MTC,10E R1,Saidapet West Bus Stand TO  Royapuram terminus,bus,3,operational
GTFS_ROUTE_23336,CHENNAI_COMMUNITY_GTFS,23336,MTC,10E R,Royapuram terminus TO  Saidapet West Bus Stand,bus,3,operational
GTFS_ROUTE_23338,CHENNAI_COMMUNITY_GTFS,23338,MTC,26 R1,Poonamallee Terminus TO Royapuram terminus,bus,3,operational
GTFS_ROUTE_23339,CHENNAI_COMMUNITY_GTFS,23339,MTC,26 R2,Royapuram terminus  TO Poonamallee terminus,bus,3,operational
GTFS_ROUTE_23342,CHENNAI_COMMUNITY_GTFS,23342,MTC,52 R2,Royapuram terminus TO  Pozhichalur,bus,3,operational
GTFS_ROUTE_23343,CHENNAI_COMMUNITY_GTFS,23343,MTC,60D R3,Kilambakkam Bus Terminus TO  Pammal Kamarajapuram,bus,3,operational
GTFS_ROUTE_23344,CHENNAI_COMMUNITY_GTFS,23344,MTC,60D R4,Pammal Kamarajapuram TO  Kilambakkam Bus Terminus,bus,3,operational
GTFS_ROUTE_23345,CHENNAI_COMMUNITY_GTFS,23345,MTC,60D R3,Royapuram terminus TO  Pammal Kamarajapuram,bus,3,operational
GTFS_ROUTE_23346,CHENNAI_COMMUNITY_GTFS,23346,MTC,60D R4,Pammal Kamarajapuram TO Royapuram terminus,bus,3,operational
GTFS_ROUTE_23347,CHENNAI_COMMUNITY_GTFS,23347,MTC,60G R1,Island ground Terminus TO  Pozhichalur,bus,3,operational
GTFS_ROUTE_23348,CHENNAI_COMMUNITY_GTFS,23348,MTC,60G R2,Pozhichalur TO  Island ground Terminus,bus,3,operational
GTFS_ROUTE_23349,CHENNAI_COMMUNITY_GTFS,23349,MTC,60H R,Royapuram terminus TO  Sankara Health Centre,bus,3,operational
GTFS_ROUTE_23350,CHENNAI_COMMUNITY_GTFS,23350,MTC,60H R1,Sankara Health Centre TO Royapuram terminus,bus,3,operational
GTFS_ROUTE_23351,CHENNAI_COMMUNITY_GTFS,23351,MTC,109 CT,Island ground TO  Central Depot,bus,3,operational
GTFS_ROUTE_23352,CHENNAI_COMMUNITY_GTFS,23352,MTC,142B CT,Island ground TO Perambur,bus,3,operational
GTFS_ROUTE_23353,CHENNAI_COMMUNITY_GTFS,23353,MTC,20 CT,Island ground TO Ayanavaram Bus,bus,3,operational
GTFS_ROUTE_23354,CHENNAI_COMMUNITY_GTFS,23354,MTC,27B CT1,Anna Square TO  Central Depot,bus,3,operational
GTFS_ROUTE_23355,CHENNAI_COMMUNITY_GTFS,23355,MTC,27B CT4,Central Depot  TO  Anna Square,bus,3,operational
GTFS_ROUTE_23356,CHENNAI_COMMUNITY_GTFS,23356,MTC,27B CT7,M.G.R.Koyambedu Bus Terminus TO Annanagar Depot,bus,3,operational
GTFS_ROUTE_23357,CHENNAI_COMMUNITY_GTFS,23357,MTC,4 CT5,Secretariat TO  Ennore Bus Terminus,bus,3,operational
GTFS_ROUTE_23358,CHENNAI_COMMUNITY_GTFS,23358,MTC,54L CT1,M.G.R.Koyambedu TO  Royapuram,bus,3,operational
GTFS_ROUTE_23359,CHENNAI_COMMUNITY_GTFS,23359,MTC,56P CT,Minjur TO  Secretariat,bus,3,operational
GTFS_ROUTE_23360,CHENNAI_COMMUNITY_GTFS,23360,MTC,101 CT3,Tondairpet TO 2 Depot TO Tollgate,bus,3,operational
GTFS_ROUTE_23361,CHENNAI_COMMUNITY_GTFS,23361,MTC,101 CT1,Tollgate TO Tondairpet TO 2 Depot,bus,3,operational
GTFS_ROUTE_23365,CHENNAI_COMMUNITY_GTFS,23365,MTC,104 CT1,Padiyanallur Depot TO Redhills Bus Terminus,bus,3,operational
GTFS_ROUTE_23364,CHENNAI_COMMUNITY_GTFS,23364,MTC,102CT CT1,Adyar (Depot) TO Thiruvanmiyur,bus,3,operational
GTFS_ROUTE_23366,CHENNAI_COMMUNITY_GTFS,23366,MTC,104 CT1,Redhills Bus Terminus TO Padiyanallur Depot,bus,3,operational
GTFS_ROUTE_23367,CHENNAI_COMMUNITY_GTFS,23367,MTC,104 CT2,Redhills TO Padiyanallur Depot,bus,3,operational
GTFS_ROUTE_23368,CHENNAI_COMMUNITY_GTFS,23368,MTC,104 CT2,Padiyanallur Depot TO Redhills,bus,3,operational
GTFS_ROUTE_23369,CHENNAI_COMMUNITY_GTFS,23369,MTC,104C CT,M.G.R.Koyambedu TO Anna Nagar West Depot,bus,3,operational
GTFS_ROUTE_23370,CHENNAI_COMMUNITY_GTFS,23370,MTC,104C CT1,M.G.R.Koyambedu TO Anna Nagar West Depot,bus,3,operational
GTFS_ROUTE_23372,CHENNAI_COMMUNITY_GTFS,23372,MTC,153C R1,Poonamallee Bus Terminus TO Pattabiram Terminus,bus,3,operational
GTFS_ROUTE_23373,CHENNAI_COMMUNITY_GTFS,23373,MTC,153C R2,Pattabiram Terminus TO  Poonamallee Bus Terminus,bus,3,operational
GTFS_ROUTE_23374,CHENNAI_COMMUNITY_GTFS,23374,MTC,104C CT2,M.G.R.Koyambedu TO Anna Nagar West Depot,bus,3,operational
GTFS_ROUTE_23376,CHENNAI_COMMUNITY_GTFS,23376,MTC,40L CT1,Anna Nagar West TO J.J.Nagar West,bus,3,operational
GTFS_ROUTE_23377,CHENNAI_COMMUNITY_GTFS,23377,MTC,27B CT8,Anna Nagar West TO M.G.R.Koyambedu,bus,3,operational
GTFS_ROUTE_23378,CHENNAI_COMMUNITY_GTFS,23378,MTC,27B CT9,Egmore R.S TO M.G.R.Koyambedu,bus,3,operational
GTFS_ROUTE_23379,CHENNAI_COMMUNITY_GTFS,23379,MTC,105 CT,Tambaram West Bus Stand TO Chrompet TO 2 Depot,bus,3,operational
GTFS_ROUTE_23381,CHENNAI_COMMUNITY_GTFS,23381,MTC,105,Tambaram West Bus Stand TO Chrompet TO 1 Depot,bus,3,operational
GTFS_ROUTE_23387,CHENNAI_COMMUNITY_GTFS,23387,MTC,114 CT6,M.G.R.Koyambedum TO Anna Nagar West Depot,bus,3,operational
GTFS_ROUTE_23383,CHENNAI_COMMUNITY_GTFS,23383,MTC,105A CT,Tambaram West Bus Stand TO Chrompet TO 2 Depot,bus,3,operational
GTFS_ROUTE_23384,CHENNAI_COMMUNITY_GTFS,23384,MTC,105A CT,Chrompet TO 2 Depot TO Tambaram West Bus Stand,bus,3,operational
GTFS_ROUTE_23385,CHENNAI_COMMUNITY_GTFS,23385,MTC,109T CT,Thangal Tollgate TO Tondairpet TO 2 Depot,bus,3,operational
GTFS_ROUTE_23386,CHENNAI_COMMUNITY_GTFS,23386,MTC,114 CT3,Padiyanallur Depot TO Redhills Bus Terminus,bus,3,operational
GTFS_ROUTE_23388,CHENNAI_COMMUNITY_GTFS,23388,MTC,114 CT7,Anna Nagar West Depot TO M.G.R.Koyambedu,bus,3,operational
GTFS_ROUTE_23389,CHENNAI_COMMUNITY_GTFS,23389,MTC,114P CT,Anna Nagar West  Depot TO M.G.R.Koyambedu,bus,3,operational
GTFS_ROUTE_23390,CHENNAI_COMMUNITY_GTFS,23390,MTC,114P CT1,M.G.R.Koyambedu TO Anna Nagar West Depot,bus,3,operational
GTFS_ROUTE_23392,CHENNAI_COMMUNITY_GTFS,23392,MTC,118 CT,Chrompet TO 2 Depot TO Tambaram West Bus Stand,bus,3,operational
GTFS_ROUTE_23393,CHENNAI_COMMUNITY_GTFS,23393,MTC,118 CT,Tambaram West Bus Stand TO Chrompet-2 Depo,bus,3,operational
GTFS_ROUTE_23394,CHENNAI_COMMUNITY_GTFS,23394,MTC,119,Guindy Bus Terminus TO Saidapet Depot,bus,3,operational
GTFS_ROUTE_23395,CHENNAI_COMMUNITY_GTFS,23395,MTC,121 CT,M.G.R.Koyambedu TO Anna Nagar West Depot,bus,3,operational
GTFS_ROUTE_23396,CHENNAI_COMMUNITY_GTFS,23396,MTC,121C CT1,M.G.R.Koyambedu TO Anna Nagar West Depot,bus,3,operational
GTFS_ROUTE_23397,CHENNAI_COMMUNITY_GTFS,23397,MTC,121C CT,Anna Nagar West Depot TO M.G.R.Koyambedu,bus,3,operational
GTFS_ROUTE_23398,CHENNAI_COMMUNITY_GTFS,23398,MTC,121Ct CT,M.G.R.Koyambedu TO Anna Nagar West,bus,3,operational
GTFS_ROUTE_23399,CHENNAI_COMMUNITY_GTFS,23399,MTC,121Ct CT,Anna Nagar West Depot TO M.G.R.Koyambedu,bus,3,operational
GTFS_ROUTE_23400,CHENNAI_COMMUNITY_GTFS,23400,MTC,121G,K.Kannadasan Nagar TO Madhavaram Depot,bus,3,operational
GTFS_ROUTE_23401,CHENNAI_COMMUNITY_GTFS,23401,MTC,121G CT1,M.G.R.Koyambedu TO Anna Nagar West Depot,bus,3,operational
GTFS_ROUTE_23402,CHENNAI_COMMUNITY_GTFS,23402,MTC,121G,Anna Nagar  Depot TO M.G.R.Koyambedu,bus,3,operational
GTFS_ROUTE_23403,CHENNAI_COMMUNITY_GTFS,23403,MTC,153,M.G.R.Koyambedu TO Anna Nagar East Depot,bus,3,operational
GTFS_ROUTE_23404,CHENNAI_COMMUNITY_GTFS,23404,MTC,153P,M.G.R.Koyambedu TO Anna Nagar West Depot,bus,3,operational
GTFS_ROUTE_23405,CHENNAI_COMMUNITY_GTFS,23405,MTC,153P,Anna Nagar West Depot TO M.G.R.Koyambedu,bus,3,operational
GTFS_ROUTE_23406,CHENNAI_COMMUNITY_GTFS,23406,MTC,155A,Chrompet TO 1 Depot (Towards Depot) TO Nehru Nagar Pozhichalur (Towards Sivan Kovil Pozhichalur),bus,3,operational
GTFS_ROUTE_23408,CHENNAI_COMMUNITY_GTFS,23408,MTC,159 CT,M.G.R.Koyambedu TO Vadapalani Depot,bus,3,operational
GTFS_ROUTE_23409,CHENNAI_COMMUNITY_GTFS,23409,MTC,159 CT2,Vadapalani Depot TO M.G.R.Koyambedu,bus,3,operational
GTFS_ROUTE_23410,CHENNAI_COMMUNITY_GTFS,23410,MTC,15BEt,Tondairpet TO 1 Depot TO Tollgate,bus,3,operational
GTFS_ROUTE_23411,CHENNAI_COMMUNITY_GTFS,23411,MTC,15BEt CT,Tollgate TO Tondairpet-1 Depot,bus,3,operational
GTFS_ROUTE_23412,CHENNAI_COMMUNITY_GTFS,23412,MTC,15G,M.G.R.Koyambedu TO Anna Nagar West Depot,bus,3,operational
GTFS_ROUTE_23413,CHENNAI_COMMUNITY_GTFS,23413,MTC,15G,Anna Nagar West Depot TO M.G.R.Koyambedu,bus,3,operational
GTFS_ROUTE_23414,CHENNAI_COMMUNITY_GTFS,23414,MTC,16J,Anna Nagar West Depot TO M.G.R.Koyambedu,bus,3,operational
GTFS_ROUTE_23415,CHENNAI_COMMUNITY_GTFS,23415,MTC,16J CT,M.G.R.Koyambedu TO Anna Nagar West Depot,bus,3,operational
GTFS_ROUTE_23416,CHENNAI_COMMUNITY_GTFS,23416,MTC,16J CT1,Vadapalani Depot TO M.G.R.Koyambedu,bus,3,operational
GTFS_ROUTE_23417,CHENNAI_COMMUNITY_GTFS,23417,MTC,16J CT,M.G.R.Koyambedu TO Vadapalani Depot,bus,3,operational
GTFS_ROUTE_23418,CHENNAI_COMMUNITY_GTFS,23418,MTC,16K CT,Anna Nagar West Depot TO M.G.R.Koyambedu,bus,3,operational
GTFS_ROUTE_23419,CHENNAI_COMMUNITY_GTFS,23419,MTC,16K CT,M.G.R.Koyambedu TO Anna Nagar West Depot,bus,3,operational
GTFS_ROUTE_23421,CHENNAI_COMMUNITY_GTFS,23421,MTC,170A,M.M.B.T TO Madhavaram Depot,bus,3,operational
GTFS_ROUTE_23423,CHENNAI_COMMUNITY_GTFS,23423,MTC,42B R,Island ground  TO Poompuhar,bus,3,operational
GTFS_ROUTE_23424,CHENNAI_COMMUNITY_GTFS,23424,MTC,170A,Madhavaram Depot TO M.M.B.T,bus,3,operational
GTFS_ROUTE_23425,CHENNAI_COMMUNITY_GTFS,23425,MTC,170C CT,T.V.K.Nagar TO Madhavaram Depot,bus,3,operational
GTFS_ROUTE_23426,CHENNAI_COMMUNITY_GTFS,23426,MTC,170C CT2,Madhavaram Depot TO T.V.K.Nagar,bus,3,operational
GTFS_ROUTE_23427,CHENNAI_COMMUNITY_GTFS,23427,MTC,19T CT,Adyar (Depot) TO Kovalam,bus,3,operational
GTFS_ROUTE_23428,CHENNAI_COMMUNITY_GTFS,23428,MTC,19T CT,Kovalam TO Adyar (Depot),bus,3,operational
GTFS_ROUTE_23429,CHENNAI_COMMUNITY_GTFS,23429,MTC,1C,Tondairpet TO 1 Depot TO Tollgate,bus,3,operational
GTFS_ROUTE_23430,CHENNAI_COMMUNITY_GTFS,23430,MTC,1C CT1,Tondairpet-1 TO Tollgate,bus,3,operational
GTFS_ROUTE_23431,CHENNAI_COMMUNITY_GTFS,23431,MTC,27B CT1,M.G.R.Koyambedu TO Anna Nagar West Depot,bus,3,operational
GTFS_ROUTE_23432,CHENNAI_COMMUNITY_GTFS,23432,MTC,27B CT2,Anna Nagar West Depot TO M.G.R.Koyambedu,bus,3,operational
GTFS_ROUTE_23433,CHENNAI_COMMUNITY_GTFS,23433,MTC,28A,Tondairpet TO 1 Depot TO Tollgate,bus,3,operational
GTFS_ROUTE_23434,CHENNAI_COMMUNITY_GTFS,23434,MTC,28A,Tollgate TO Tondairpet TO 1 Depot,bus,3,operational
GTFS_ROUTE_23435,CHENNAI_COMMUNITY_GTFS,23435,MTC,28B CT,Tondairpet TO 2 Depot TO Thangal Tollgate,bus,3,operational
GTFS_ROUTE_23436,CHENNAI_COMMUNITY_GTFS,23436,MTC,28B CT2,Central Depot TO Egmore R.S,bus,3,operational
GTFS_ROUTE_23437,CHENNAI_COMMUNITY_GTFS,23437,MTC,28B CT2,Tondiarpet Bus Depot TO Tollgate,bus,3,operational
GTFS_ROUTE_23438,CHENNAI_COMMUNITY_GTFS,23438,MTC,3 CT5,Adyar TO Thiruvanmiyur,bus,3,operational
GTFS_ROUTE_23439,CHENNAI_COMMUNITY_GTFS,23439,MTC,3 CT6,Saidapet Depot TO Thiyagarayanagar  B.S,bus,3,operational
GTFS_ROUTE_23440,CHENNAI_COMMUNITY_GTFS,23440,MTC,3 CT8,Thiruvanmiyur TO Adyar Depot,bus,3,operational
GTFS_ROUTE_23441,CHENNAI_COMMUNITY_GTFS,23441,MTC,32A,Tondairpet-1 Depo TO Tollgate,bus,3,operational
GTFS_ROUTE_23442,CHENNAI_COMMUNITY_GTFS,23442,MTC,32A,Tollgate TO Tondairpet TO 1 Depot,bus,3,operational
GTFS_ROUTE_23443,CHENNAI_COMMUNITY_GTFS,23443,MTC,36K CT,Thangal Tollgate TO Tondairpet TO 2 Depot,bus,3,operational
GTFS_ROUTE_23444,CHENNAI_COMMUNITY_GTFS,23444,MTC,36K CT,Tondairpet TO 2 Depot TO Thangal Tollgate,bus,3,operational
GTFS_ROUTE_23445,CHENNAI_COMMUNITY_GTFS,23445,MTC,37 CT,Basin Bridge Depot TO Vallalar Nagar,bus,3,operational
GTFS_ROUTE_23446,CHENNAI_COMMUNITY_GTFS,23446,MTC,38C CT,Perambur Depot TO T.V.K.Nagar,bus,3,operational
GTFS_ROUTE_23447,CHENNAI_COMMUNITY_GTFS,23447,MTC,38C CT,T.V.K.Nagar TO Perambur Depot,bus,3,operational
GTFS_ROUTE_23448,CHENNAI_COMMUNITY_GTFS,23448,MTC,4 CT3,M.G.R.Central TO Basin Bridge Depot,bus,3,operational
GTFS_ROUTE_23449,CHENNAI_COMMUNITY_GTFS,23449,MTC,4 CT2,Basin Bridge Depot TO M.G.R.Central,bus,3,operational
GTFS_ROUTE_23459,CHENNAI_COMMUNITY_GTFS,23459,MTC,47 CT,Adyar (Depot) TO Besant Nagar,bus,3,operational
GTFS_ROUTE_23454,CHENNAI_COMMUNITY_GTFS,23454,MTC,44Ct CT,Tondairpet-2 Depot TO I.O.C,bus,3,operational
GTFS_ROUTE_23455,CHENNAI_COMMUNITY_GTFS,23455,MTC,46G CT2,M.G.R.Koyambedu TO Anna Nagar Depot,bus,3,operational
GTFS_ROUTE_23456,CHENNAI_COMMUNITY_GTFS,23456,MTC,46G CT2,Anna Nagar Depot TO M.G.R.Koyambedu,bus,3,operational
GTFS_ROUTE_23457,CHENNAI_COMMUNITY_GTFS,23457,MTC,46G CT4,M.K.B.Nagar TO Madhavaram Depot,bus,3,operational
GTFS_ROUTE_23458,CHENNAI_COMMUNITY_GTFS,23458,MTC,95 R2,Thiruvanmiyur TO Tambaram East,bus,3,operational
GTFS_ROUTE_23460,CHENNAI_COMMUNITY_GTFS,23460,MTC,48BX CT,Basin Bridge Depot TO Vallalar Nagar,bus,3,operational
GTFS_ROUTE_23461,CHENNAI_COMMUNITY_GTFS,23461,MTC,48C CT,Basin Bridge Depot TO Vallalar Nagar,bus,3,operational
GTFS_ROUTE_23462,CHENNAI_COMMUNITY_GTFS,23462,MTC,500A CT,Hasthinapuram (Towards Hasthinapuram) TO Chrompet-1 Depot (Towards Depot),bus,3,operational
GTFS_ROUTE_23463,CHENNAI_COMMUNITY_GTFS,23463,MTC,517K CT,Chrompet-1 Depot TO Pallavaram,bus,3,operational
GTFS_ROUTE_23464,CHENNAI_COMMUNITY_GTFS,23464,MTC,51A CT,Chrompet-2 Depot TO Tambaram East,bus,3,operational
GTFS_ROUTE_23465,CHENNAI_COMMUNITY_GTFS,23465,MTC,52B CT,Hasthinapuram TO Chrompet TO 1 Depot,bus,3,operational
GTFS_ROUTE_23466,CHENNAI_COMMUNITY_GTFS,23466,MTC,52B CT,Chrompet TO 1 Depot (Towards Depot) TO Hasthinapuram (Towards Hasthinapuram),bus,3,operational
GTFS_ROUTE_23467,CHENNAI_COMMUNITY_GTFS,23467,MTC,52C CT,Hasthinapuram TO Chrompet TO 1 Depot,bus,3,operational
GTFS_ROUTE_23468,CHENNAI_COMMUNITY_GTFS,23468,MTC,52C CT,Chrompet TO 1 Depot TO Hasthinapuram,bus,3,operational
GTFS_ROUTE_23469,CHENNAI_COMMUNITY_GTFS,23469,MTC,52H CT,Hasthinapuram TO Chrompet-1 Depot,bus,3,operational
GTFS_ROUTE_23470,CHENNAI_COMMUNITY_GTFS,23470,MTC,52H CT,Chrompet TO 1 Depot TO Hasthinapuram,bus,3,operational
GTFS_ROUTE_23471,CHENNAI_COMMUNITY_GTFS,23471,MTC,54 CT,Central Depot TO Royapuram,bus,3,operational
GTFS_ROUTE_23472,CHENNAI_COMMUNITY_GTFS,23472,MTC,54 CT,Royapuram TO Central Depot,bus,3,operational
GTFS_ROUTE_23473,CHENNAI_COMMUNITY_GTFS,23473,MTC,553W,K.K Nagar Depot TO Saidapet West Bus Stand,bus,3,operational
GTFS_ROUTE_23474,CHENNAI_COMMUNITY_GTFS,23474,MTC,553W,Saidapet West Bus Stand TO K.K Nagar Depot,bus,3,operational
GTFS_ROUTE_23475,CHENNAI_COMMUNITY_GTFS,23475,MTC,554B,Saidapet TO K.K Nagar Depot,bus,3,operational
GTFS_ROUTE_23476,CHENNAI_COMMUNITY_GTFS,23476,MTC,554B CT,K.K Nagar Depot TO Saidapet,bus,3,operational
GTFS_ROUTE_23478,CHENNAI_COMMUNITY_GTFS,23478,MTC,17E R,Royapuram TO Saligramam,bus,3,operational
GTFS_ROUTE_23487,CHENNAI_COMMUNITY_GTFS,23487,MTC,CU2,Central Depot  TO MGR CHENNAI CENTRAL,bus,3,operational
GTFS_ROUTE_23497,CHENNAI_COMMUNITY_GTFS,23497,MTC,555N CT,Chrompet TO 1 Depot TO Tambaram West,bus,3,operational
GTFS_ROUTE_23499,CHENNAI_COMMUNITY_GTFS,23499,MTC,555N CT,Tambaram West TO Chrompet TO 1 Depot,bus,3,operational
GTFS_ROUTE_23500,CHENNAI_COMMUNITY_GTFS,23500,MTC,556 CT1,Tondairpet TO 2 Depot TO Thangal Tollgate,bus,3,operational
GTFS_ROUTE_23501,CHENNAI_COMMUNITY_GTFS,23501,MTC,556 CT1,Thangal Tollgate TO Tondairpet TO 2 Depot,bus,3,operational
GTFS_ROUTE_23502,CHENNAI_COMMUNITY_GTFS,23502,MTC,570 CT4,M.G.R.Koyambedu TO Anna Nagar West Depot,bus,3,operational
GTFS_ROUTE_23503,CHENNAI_COMMUNITY_GTFS,23503,MTC,570 CT5,Anna Nagar West Depot TO M.G.R.Koyambedu,bus,3,operational
GTFS_ROUTE_23504,CHENNAI_COMMUNITY_GTFS,23504,MTC,588 CT,Thiruvanmiyur TO Adyar (Depot),bus,3,operational
GTFS_ROUTE_23505,CHENNAI_COMMUNITY_GTFS,23505,MTC,588 CT,Adyar (Depot) TO Thiruvanmiyur,bus,3,operational
GTFS_ROUTE_23506,CHENNAI_COMMUNITY_GTFS,23506,MTC,5B,Mylapore Tank TO Mandaveli Depot,bus,3,operational
GTFS_ROUTE_23507,CHENNAI_COMMUNITY_GTFS,23507,MTC,60D,Chrompet TO 1 Depot TO Hasthinapuram,bus,3,operational
GTFS_ROUTE_23508,CHENNAI_COMMUNITY_GTFS,23508,MTC,60D,Hasthinapuram TO Chrompet TO 1 Depot,bus,3,operational
GTFS_ROUTE_23509,CHENNAI_COMMUNITY_GTFS,23509,MTC,60G,Hasthinapuram TO Chrompet TO 1 Depot,bus,3,operational
GTFS_ROUTE_23510,CHENNAI_COMMUNITY_GTFS,23510,MTC,60G,Chrompet-1 Depot TO Hasthinapuram,bus,3,operational
GTFS_ROUTE_23511,CHENNAI_COMMUNITY_GTFS,23511,MTC,60H CT,Hasthinapuram TO Chrompet-1,bus,3,operational
GTFS_ROUTE_23512,CHENNAI_COMMUNITY_GTFS,23512,MTC,62M,Madhavaram TO M.M.B.T,bus,3,operational
GTFS_ROUTE_23513,CHENNAI_COMMUNITY_GTFS,23513,MTC,64M,M.M.B.T TO Madhavaram Depot,bus,3,operational
GTFS_ROUTE_23514,CHENNAI_COMMUNITY_GTFS,23514,MTC,64M,Madhavaram Depot TO M.M.B.T,bus,3,operational
GTFS_ROUTE_23516,CHENNAI_COMMUNITY_GTFS,23516,MTC,70H,Chrompet-2 Depot TO Hasthinapuram,bus,3,operational
GTFS_ROUTE_23517,CHENNAI_COMMUNITY_GTFS,23517,MTC,70H,Hasthinapuram TO Chrompet-2 Depot,bus,3,operational
GTFS_ROUTE_23518,CHENNAI_COMMUNITY_GTFS,23518,MTC,76 CT,Velachery TO Alandur Depot,bus,3,operational
GTFS_ROUTE_23519,CHENNAI_COMMUNITY_GTFS,23519,MTC,76 CT1,Vadapalani Depot TO M.G.R.Koyambedu,bus,3,operational
GTFS_ROUTE_23520,CHENNAI_COMMUNITY_GTFS,23520,MTC,76 CT2,Alandur Depot TO Velachery,bus,3,operational
GTFS_ROUTE_23521,CHENNAI_COMMUNITY_GTFS,23521,MTC,76 CT1,M.G.R.Koyambedu TO Vadapalani Depot,bus,3,operational
GTFS_ROUTE_23522,CHENNAI_COMMUNITY_GTFS,23522,MTC,77,M.G.R.Koyambedu TO Anna Nagar West Depot,bus,3,operational
GTFS_ROUTE_23523,CHENNAI_COMMUNITY_GTFS,23523,MTC,77 CT,Anna Nagar West Depot TO M.G.R.Koyambedu,bus,3,operational
GTFS_ROUTE_23524,CHENNAI_COMMUNITY_GTFS,23524,MTC,78 CT1,Adyar (Depot) TO Thiruvanmiyur,bus,3,operational
GTFS_ROUTE_23525,CHENNAI_COMMUNITY_GTFS,23525,MTC,88D,K.K Nagar Depot TO Saidapet West Bus Stand,bus,3,operational
GTFS_ROUTE_23526,CHENNAI_COMMUNITY_GTFS,23526,MTC,88D,Saidapet West Bus Stand TO K.K Nagar Depot,bus,3,operational
GTFS_ROUTE_23528,CHENNAI_COMMUNITY_GTFS,23528,MTC,89TCt,Kundrathur Depot TO Kundrathur Bus Depot,bus,3,operational
GTFS_ROUTE_23529,CHENNAI_COMMUNITY_GTFS,23529,MTC,89TCt,Kundrathur Bus Depot TO Kundrathur Depot,bus,3,operational
GTFS_ROUTE_23530,CHENNAI_COMMUNITY_GTFS,23530,MTC,8ACT,Tondairpet TO 1 Depot TO Tollgate,bus,3,operational
GTFS_ROUTE_23531,CHENNAI_COMMUNITY_GTFS,23531,MTC,8ACT,Tollgate TO Tondairpet TO 1 Depot,bus,3,operational
GTFS_ROUTE_23532,CHENNAI_COMMUNITY_GTFS,23532,MTC,91A,Chrompet TO 1 Depot TO Hasthinapuram,bus,3,operational
GTFS_ROUTE_23533,CHENNAI_COMMUNITY_GTFS,23533,MTC,91A CT,Chrompet-2 Depot TO Hasthinapuram,bus,3,operational
GTFS_ROUTE_23534,CHENNAI_COMMUNITY_GTFS,23534,MTC,95 CT,Tambaram West Bus Stand TO Chrompet TO 1 Depot,bus,3,operational
GTFS_ROUTE_23535,CHENNAI_COMMUNITY_GTFS,23535,MTC,95 CT1,Tambaram Railway Station East TO Chrompet TO 1 Depot,bus,3,operational
GTFS_ROUTE_23536,CHENNAI_COMMUNITY_GTFS,23536,MTC,95 CT1,Chrompet TO 1 Depot TO Tambaram Railway Station East,bus,3,operational
GTFS_ROUTE_23538,CHENNAI_COMMUNITY_GTFS,23538,MTC,95X CT4,Chrompet TO 1 Depot TO Tambaram West,bus,3,operational
GTFS_ROUTE_23540,CHENNAI_COMMUNITY_GTFS,23540,MTC,95X CT5,Tambaram West TO Chrompet TO 1 Depot,bus,3,operational
GTFS_ROUTE_23541,CHENNAI_COMMUNITY_GTFS,23541,MTC,C33,Madhavaram Depot TO Kaviarasu Kannadasan Nagar,bus,3,operational
GTFS_ROUTE_23542,CHENNAI_COMMUNITY_GTFS,23542,MTC,C33,Kaviarasu Kannadasan Nagar TO Madhavaram Depot,bus,3,operational
GTFS_ROUTE_23543,CHENNAI_COMMUNITY_GTFS,23543,MTC,C64 CT1,Madhavaram Depot TO Kaviarasu Kannadasan Nagar Bus Stand,bus,3,operational
GTFS_ROUTE_23544,CHENNAI_COMMUNITY_GTFS,23544,MTC,F70,K.K Nagar Depot TO Guindy Bus Terminus,bus,3,operational
GTFS_ROUTE_23545,CHENNAI_COMMUNITY_GTFS,23545,MTC,S35 CT,Defence Colony TO K.K Nagar Depot,bus,3,operational
GTFS_ROUTE_23546,CHENNAI_COMMUNITY_GTFS,23546,MTC,S35 CT,K.K Nagar Depot TO Defence Colony,bus,3,operational
GTFS_ROUTE_23547,CHENNAI_COMMUNITY_GTFS,23547,MTC,S4,Chrompet-1 Depot TO Medavakkam,bus,3,operational
GTFS_ROUTE_23548,CHENNAI_COMMUNITY_GTFS,23548,MTC,S4 CT,Medavakkam TO Chrompet-1 Depot,bus,3,operational
GTFS_ROUTE_23549,CHENNAI_COMMUNITY_GTFS,23549,MTC,V51 CT3,Saidapet Depot TO Thiyagaraya Nagar,bus,3,operational
GTFS_ROUTE_23551,CHENNAI_COMMUNITY_GTFS,23551,MTC,S169,Tondairpet TO 1 Depot TO Thangal Toll Gate,bus,3,operational
GTFS_ROUTE_23557,CHENNAI_COMMUNITY_GTFS,23557,MTC,129C CT,Perambur Bus Terminus TO Perambur Depot,bus,3,operational
GTFS_ROUTE_23558,CHENNAI_COMMUNITY_GTFS,23558,MTC,129C CT,Perambur Depot TO Perambur Bus Terminus,bus,3,operational
GTFS_ROUTE_23555,CHENNAI_COMMUNITY_GTFS,23555,MTC,102S R1,Island ground Terminus TO  Okk.Thoraipakm Sec.Colony,bus,3,operational
GTFS_ROUTE_23556,CHENNAI_COMMUNITY_GTFS,23556,MTC,102S R2,Okk.Thoraipakm Sec.Colony TO  Island ground Terminus,bus,3,operational
GTFS_ROUTE_23559,CHENNAI_COMMUNITY_GTFS,23559,MTC,242,Perambur Bus Terminus TO Perambur Depot,bus,3,operational
GTFS_ROUTE_23560,CHENNAI_COMMUNITY_GTFS,23560,MTC,29CEX CT,Perambur Bus Terminus TO Perambur Depot,bus,3,operational
GTFS_ROUTE_23561,CHENNAI_COMMUNITY_GTFS,23561,MTC,29CEX CT,Perambur Depot TO Perambur Bus Terminus,bus,3,operational
GTFS_ROUTE_23562,CHENNAI_COMMUNITY_GTFS,23562,MTC,29Et CT,Perambur Bus Terminus TO Perambur Depot,bus,3,operational
GTFS_ROUTE_23563,CHENNAI_COMMUNITY_GTFS,23563,MTC,29Et CT,Perambur Depot TO Perambur Bus Terminus,bus,3,operational
GTFS_ROUTE_23564,CHENNAI_COMMUNITY_GTFS,23564,MTC,29NEt CT1,Perambur Bus Terminus TO Perambur Depot,bus,3,operational
GTFS_ROUTE_23565,CHENNAI_COMMUNITY_GTFS,23565,MTC,29NEt CT1,Perambur Depot TO Perambur Bus Terminus,bus,3,operational
GTFS_ROUTE_23566,CHENNAI_COMMUNITY_GTFS,23566,MTC,114 CT1,Redhills Bus Terminus TO Padiyanallur Depot,bus,3,operational
GTFS_ROUTE_23567,CHENNAI_COMMUNITY_GTFS,23567,MTC,114 CT6,Padiyanallur Depot TO Redhills,bus,3,operational
GTFS_ROUTE_23568,CHENNAI_COMMUNITY_GTFS,23568,MTC,114D CT,Padiyanallur Depot TO Redhills,bus,3,operational
GTFS_ROUTE_23569,CHENNAI_COMMUNITY_GTFS,23569,MTC,114D CT,Redhills TO Padiyanallur Depot,bus,3,operational
GTFS_ROUTE_23570,CHENNAI_COMMUNITY_GTFS,23570,MTC,114E CT,Redhills TO Padiyanallur,bus,3,operational
GTFS_ROUTE_23571,CHENNAI_COMMUNITY_GTFS,23571,MTC,114E CT,Padiyanallur TO Redhills,bus,3,operational
GTFS_ROUTE_23572,CHENNAI_COMMUNITY_GTFS,23572,MTC,121D CT1,Tondairpet TO 2 Depot TO Tollgate,bus,3,operational
GTFS_ROUTE_23573,CHENNAI_COMMUNITY_GTFS,23573,MTC,48BX CT,Vallalar Nagar TO Basin Bridge Depot,bus,3,operational
GTFS_ROUTE_23574,CHENNAI_COMMUNITY_GTFS,23574,MTC,48C CT,Vallalar Nagar TO Basin Bridge Depot,bus,3,operational
GTFS_ROUTE_23575,CHENNAI_COMMUNITY_GTFS,23575,MTC,505 CT,Padiyanallur TO Redhills,bus,3,operational
GTFS_ROUTE_23576,CHENNAI_COMMUNITY_GTFS,23576,MTC,512 CT,Redhills TO Padiyanallur Depo,bus,3,operational
GTFS_ROUTE_23577,CHENNAI_COMMUNITY_GTFS,23577,MTC,512 CT,Padiyanallur Depot TO Redhills,bus,3,operational
GTFS_ROUTE_23579,CHENNAI_COMMUNITY_GTFS,23579,MTC,547 CT,Redhills TO Padiyanallur,bus,3,operational
GTFS_ROUTE_23580,CHENNAI_COMMUNITY_GTFS,23580,MTC,547 CT1,Padiyanallur Depot TO Redhills,bus,3,operational
GTFS_ROUTE_23586,CHENNAI_COMMUNITY_GTFS,23586,MTC,547 R,Periyapalayam TO Redhills,bus,3,operational
GTFS_ROUTE_23587,CHENNAI_COMMUNITY_GTFS,23587,MTC,547 R,Redhills TO Periyapalayam,bus,3,operational
GTFS_ROUTE_23589,CHENNAI_COMMUNITY_GTFS,23589,MTC,242 R,Island groundTO Redhills,bus,3,operational
GTFS_ROUTE_23591,CHENNAI_COMMUNITY_GTFS,23591,MTC,7M R,Island ground TO J J Nagar West,bus,3,operational
GTFS_ROUTE_23600,CHENNAI_COMMUNITY_GTFS,23600,MTC,109 R,Island ground TO  Kovalam,bus,3,operational
GTFS_ROUTE_23601,CHENNAI_COMMUNITY_GTFS,23601,MTC,109,Island ground TO  Thiruporur,bus,3,operational
GTFS_ROUTE_23608,CHENNAI_COMMUNITY_GTFS,23608,MTC,51B CT2,Medavakkam Junction TO Karanai,bus,3,operational
GTFS_ROUTE_23596,CHENNAI_COMMUNITY_GTFS,23596,MTC,6D R,Thangal Tollgate TO Thiruvanmiyur,bus,3,operational
GTFS_ROUTE_23597,CHENNAI_COMMUNITY_GTFS,23597,MTC,21G R,Island ground TO Kilambakkam,bus,3,operational
GTFS_ROUTE_23598,CHENNAI_COMMUNITY_GTFS,23598,MTC,6 R,Island ground TO Thiruvanmiyur,bus,3,operational
GTFS_ROUTE_23609,CHENNAI_COMMUNITY_GTFS,23609,MTC,51B CT12,Pudupakkam Law College TO Saidapet,bus,3,operational
GTFS_ROUTE_23612,CHENNAI_COMMUNITY_GTFS,23612,MTC,583 R1,Tambaram  New B.S TO Sriperumbudur B.S,bus,3,operational
GTFS_ROUTE_23613,CHENNAI_COMMUNITY_GTFS,23613,MTC,583 R2,Sriperumbudur TO Tambaram Sanatorium,bus,3,operational
GTFS_ROUTE_23614,CHENNAI_COMMUNITY_GTFS,23614,MTC,583 CT2,Poonamallee B.T TO Sriperumbudur,bus,3,operational
GTFS_ROUTE_23615,CHENNAI_COMMUNITY_GTFS,23615,MTC,583 CT5,Sriperumbudur TO Poonamallee B.T,bus,3,operational
GTFS_ROUTE_23617,CHENNAI_COMMUNITY_GTFS,23617,MTC,77 R,Avadi B.T TO M.G.R.Koyambedu,bus,3,operational
GTFS_ROUTE_23618,CHENNAI_COMMUNITY_GTFS,23618,MTC,7M RE,J J Nagar West TO  Island ground,bus,3,operational
GTFS_ROUTE_23619,CHENNAI_COMMUNITY_GTFS,23619,MTC,114 R2,Redhills TO M.G.R.Koyambedu,bus,3,operational
GTFS_ROUTE_23620,CHENNAI_COMMUNITY_GTFS,23620,MTC,114 R4,M.G.R.Koyambedu TO Redhills,bus,3,operational
GTFS_ROUTE_23621,CHENNAI_COMMUNITY_GTFS,23621,MTC,114 CT8,M.G.R.Koyambedu B.T TO M.K.B.Nagar,bus,3,operational
GTFS_ROUTE_23622,CHENNAI_COMMUNITY_GTFS,23622,MTC,114 CT9,M.K.B.Nagar TO M.G.R.Koyambedu,bus,3,operational
GTFS_ROUTE_23624,CHENNAI_COMMUNITY_GTFS,23624,MTC,164 R1,Minjur N.T TO Perambur B.T,bus,3,operational
GTFS_ROUTE_23625,CHENNAI_COMMUNITY_GTFS,23625,MTC,164 CT2,Minjur B.S TO M.K.B.Nagar,bus,3,operational
GTFS_ROUTE_23626,CHENNAI_COMMUNITY_GTFS,23626,MTC,164 R2,Perambur B.T TO Minjur N.T,bus,3,operational
GTFS_ROUTE_23630,CHENNAI_COMMUNITY_GTFS,23630,MTC,21P R,Puzhuthivakkam TO  Island ground Terminus,bus,3,operational
GTFS_ROUTE_23631,CHENNAI_COMMUNITY_GTFS,23631,MTC,21P R1,Island ground Terminus TO Puzhuthivakkam,bus,3,operational
GTFS_ROUTE_23636,CHENNAI_COMMUNITY_GTFS,23636,MTC,P91,Thiruvanmiyur TO Kilambakkam,bus,3,operational
GTFS_ROUTE_23638,CHENNAI_COMMUNITY_GTFS,23638,MTC,P91,Kilambakkam TO  Thiruvanmiyur,bus,3,operational
GTFS_ROUTE_23655,CHENNAI_COMMUNITY_GTFS,23655,MTC,P570S CT2,Poonamallee Depot EV TO M.G.R.Koyambedu Bus Terminus,bus,3,operational
GTFS_ROUTE_23656,CHENNAI_COMMUNITY_GTFS,23656,MTC,P570S CT3,M.G.R.Koyambedu Bus Terminus TO Poonamallee Depot EV,bus,3,operational
GTFS_ROUTE_23660,CHENNAI_COMMUNITY_GTFS,23660,MTC,202 CT2,Poonamallee Depot EV TO Poonamallee,bus,3,operational
GTFS_ROUTE_23669,CHENNAI_COMMUNITY_GTFS,23669,MTC,202 CT4,Tambaram Sanatorium B.T TO  Poonamallee Bus Terminus,bus,3,operational
GTFS_ROUTE_23666,CHENNAI_COMMUNITY_GTFS,23666,MTC,202 CT5,Poonamallee Bus Terminus TO Tambaram Sanatorium B.T,bus,3,operational
GTFS_ROUTE_23667,CHENNAI_COMMUNITY_GTFS,23667,MTC,202 R5,Avadi Bus Terminus TO   Poonamallee B.T,bus,3,operational
GTFS_ROUTE_23668,CHENNAI_COMMUNITY_GTFS,23668,MTC,202 R6,Poonamallee B.T TO  Avadi Bus Terminus,bus,3,operational
GTFS_ROUTE_23672,CHENNAI_COMMUNITY_GTFS,23672,MTC,91V CT2,Tambaram West Bus Stand TO Thiruvanmiyur Bus Stand,bus,3,operational
GTFS_ROUTE_23674,CHENNAI_COMMUNITY_GTFS,23674,MTC,91V CT1,Thiruvanmiyur Bus Stand TO Tambaram West Bus Stand,bus,3,operational
GTFS_ROUTE_23719,CHENNAI_COMMUNITY_GTFS,23719,MTC,21C R,Kannagi Nagar TO  Royapuram,bus,3,operational
GTFS_ROUTE_23720,CHENNAI_COMMUNITY_GTFS,23720,MTC,21C CT8,Kannagi Nagar S.C.B TO Mylapore Tank,bus,3,operational
GTFS_ROUTE_23721,CHENNAI_COMMUNITY_GTFS,23721,MTC,21C CT4,Adyar B.S TO Kannagi Nagar Bus Stand S.C.B,bus,3,operational
GTFS_ROUTE_23722,CHENNAI_COMMUNITY_GTFS,23722,MTC,21C CT1,Kannagi Nagar Bus Stand S.C.B TO Adyar B.S,bus,3,operational
GTFS_ROUTE_23723,CHENNAI_COMMUNITY_GTFS,23723,MTC,21C CT3,Mylapore Tank TO Kannagi Nagar S.C.B,bus,3,operational
GTFS_ROUTE_23724,CHENNAI_COMMUNITY_GTFS,23724,MTC,66,Tambaram West TO Poonamallee B.T,bus,3,operational
GTFS_ROUTE_23726,CHENNAI_COMMUNITY_GTFS,23726,MTC,12M,Iyyappanthangal TO Mandaveli,bus,3,operational
GTFS_ROUTE_23711,CHENNAI_COMMUNITY_GTFS,23711,MTC,578,Sunguvarchathiram TO Poonamallee B.T,bus,3,operational
GTFS_ROUTE_23689,CHENNAI_COMMUNITY_GTFS,23689,MTC,57P R,Vallalar Nagar TO  Pudukuppam,bus,3,operational
GTFS_ROUTE_23693,CHENNAI_COMMUNITY_GTFS,23693,MTC,51 CT2,Saidapet Depot  TO Velachery,bus,3,operational
GTFS_ROUTE_23694,CHENNAI_COMMUNITY_GTFS,23694,MTC,51 CT1,Velachery TO Saidapet Depot,bus,3,operational
GTFS_ROUTE_23708,CHENNAI_COMMUNITY_GTFS,23708,MTC,91V R9,Guduvancheri Bus Terminus TO Thiruvanmiyur  Bus Stand,bus,3,operational
GTFS_ROUTE_23709,CHENNAI_COMMUNITY_GTFS,23709,MTC,91V  R,Thiruvanmiyur Bus Stand TO Guduvancheri Bus Terminus,bus,3,operational
GTFS_ROUTE_23718,CHENNAI_COMMUNITY_GTFS,23718,MTC,21C R,Royapuram TO  Kannagi Nagar,bus,3,operational
GTFS_ROUTE_CMRL_1,CHENNAI_COMMUNITY_GTFS,CMRL_1,1,CMRL,Blue Line,bus,Blue Line — Wimco Nagar Depot ↔ Airport,operational
GTFS_ROUTE_CMRL_2,CHENNAI_COMMUNITY_GTFS,CMRL_2,1,CMRL,Green Line,bus,Green Line — MGR Central ↔ St. Thomas Mount,operational
GTFS_ROUTE_CMRL_3,CHENNAI_COMMUNITY_GTFS,CMRL_3,1,CMRL,Inter-Corridor,bus,Inter-Corridor — MGR Central ↔ Airport,operational
