fare_id,origin_stop_id,destination_stop_id,origin_station_name,destination_station_name,origin_chart_label,destination_chart_label,token_fare,discounted_fare,currency,agency_id,effective_date,source_id
FARE_CMRL_METRO_CHENNAI_INTERNATIONAL_AIRPORT_TO_METRO_CHENNAI_INTERNATIONAL_AIRPORT,METRO_CHENNAI_INTERNATIONAL_AIRPORT,METRO_CHENNAI_INTERNATIONAL_AIRPORT,Chennai International Airport,Chennai International Airport,AIRPORT,AIRPORT,0.0,0.0,INR,CMRL,2021-02-22,CMRL_OFFICIAL
FARE_CMRL_METRO_CHENNAI_INTERNATIONAL_AIRPORT_TO_METRO_MEENAMBAKKAM,METRO_CHENNAI_INTERNATIONAL_AIRPORT,METRO_MEENAMBAKKAM,Chennai International Airport,Meenambakkam,AIRPORT,MEENAMBAKKAM,10.0,8.0,INR,CMRL,2021-02-22,CMRL_OFFICIAL
FARE_CMRL_METRO_CHENNAI_INTERNATIONAL_AIRPORT_TO_METRO_OTA_NANGANALLUR_ROAD,METRO_CHENNAI_INTERNATIONAL_AIRPORT,METRO_OTA_NANGANALLUR_ROAD,Chennai International Airport,OTA-Nanganallur Road,AIRPORT,NANGANALLUR ROAD,20.0,16.0,INR,CMRL,2021-02-22,CMRL_OFFICIAL
FARE_CMRL_METRO_CHENNAI_INTERNATIONAL_AIRPORT_TO_METRO_ARIGNAR_ANNA_ALANDUR,METRO_CHENNAI_INTERNATIONAL_AIRPORT,METRO_ARIGNAR_ANNA_ALANDUR,Chennai International Airport,Arignar Anna Alandur Metro,AIRPORT,ARIGNAR ANNA ALANDUR METRO,20.0,16.0,INR,CMRL,2021-02-22,CMRL_OFFICIAL
FARE_CMRL_METRO_CHENNAI_INTERNATIONAL_AIRPORT_TO_METRO_GUINDY,METRO_CHENNAI_INTERNATIONAL_AIRPORT,METRO_GUINDY,Chennai International Airport,Guindy,AIRPORT,GUINDY,30.0,24.0,INR,CMRL,2021-02-22,CMRL_OFFICIAL
FARE_CMRL_METRO_CHENNAI_INTERNATIONAL_AIRPORT_TO_METRO_LITTLE_MOUNT,METRO_CHENNAI_INTERNATIONAL_AIRPORT,METRO_LITTLE_MOUNT,Chennai International Airport,Little Mount,AIRPORT,LITTLE MOUNT,30.0,24.0,INR,CMRL,2021-02-22,CMRL_OFFICIAL
FARE_CMRL_METRO_CHENNAI_INTERNATIONAL_AIRPORT_TO_METRO_SAIDAPET,METRO_CHENNAI_INTERNATIONAL_AIRPORT,METRO_SAIDAPET,Chennai International Airport,Saidapet Metro,AIRPORT,SAIDAPET,30.0,24.0,INR,CMRL,2021-02-22,CMRL_OFFICIAL
FARE_CMRL_METRO_CHENNAI_INTERNATIONAL_AIRPORT_TO_METRO_NANDANAM,METRO_CHENNAI_INTERNATIONAL_AIRPORT,METRO_NANDANAM,Chennai International Airport,Nandanam,AIRPORT,NANDANAM,30.0,24.0,INR,CMRL,2021-02-22,CMRL_OFFICIAL
FARE_CMRL_METRO_CHENNAI_INTERNATIONAL_AIRPORT_TO_METRO_TEYNAMPET,METRO_CHENNAI_INTERNATIONAL_AIRPORT,METRO_TEYNAMPET,Chennai International Airport,Teynampet,AIRPORT,TEYNAMPET,30.0,24.0,INR,CMRL,2021-02-22,CMRL_OFFICIAL
FARE_CMRL_METRO_CHENNAI_INTERNATIONAL_AIRPORT_TO_METRO_AG___8211__DMS,METRO_CHENNAI_INTERNATIONAL_AIRPORT,METRO_AG___8211__DMS,Chennai International Airport,AG – DMS,AIRPORT,AG-DMS,40.0,32.0,INR,CMRL,2021-02-22,CMRL_OFFICIAL
FARE_CMRL_METRO_CHENNAI_INTERNATIONAL_AIRPORT_TO_METRO_THOUSAND_LIGHTS,METRO_CHENNAI_INTERNATIONAL_AIRPORT,METRO_THOUSAND_LIGHTS,Chennai International Airport,Thousand Lights,AIRPORT,THOUSAND LIGHTS,40.0,32.0,INR,CMRL,2021-02-22,CMRL_OFFICIAL
FARE_CMRL_METRO_CHENNAI_INTERNATIONAL_AIRPORT_TO_METRO_LIC,METRO_CHENNAI_INTERNATIONAL_AIRPORT,METRO_LIC,Chennai International Airport,LIC,AIRPORT,LIC,40.0,32.0,INR,CMRL,2021-02-22,CMRL_OFFICIAL
FARE_CMRL_METRO_CHENNAI_INTERNATIONAL_AIRPORT_TO_METRO_GOVERNMENT_ESTATE,METRO_CHENNAI_INTERNATIONAL_AIRPORT,METRO_GOVERNMENT_ESTATE,Chennai International Airport,Government Estate,AIRPORT,GOVERNMENT ESTATE,40.0,32.0,INR,CMRL,2021-02-22,CMRL_OFFICIAL
FARE_CMRL_METRO_CHENNAI_INTERNATIONAL_AIRPORT_TO_METRO_PURATCHI_THALAIVAR_DR__M_G_RAMACHANDRAN_CENTRAL,METRO_CHENNAI_INTERNATIONAL_AIRPORT,METRO_PURATCHI_THALAIVAR_DR__M_G_RAMACHANDRAN_CENTRAL,Chennai International Airport,Puratchi Thalaivar Dr. M.G.Ramachandran Central Metro,AIRPORT,PURATCHI THALAIVAR DR.M.G.RAMACHANDRAN CENTRAL METRO,40.0,32.0,INR,CMRL,2021-02-22,CMRL_OFFICIAL
FARE_CMRL_METRO_CHENNAI_INTERNATIONAL_AIRPORT_TO_METRO_HIGHCOURT,METRO_CHENNAI_INTERNATIONAL_AIRPORT,METRO_HIGHCOURT,Chennai International Airport,Highcourt,AIRPORT,HIGH COURT,40.0,32.0,INR,CMRL,2021-02-22,CMRL_OFFICIAL
FARE_CMRL_METRO_CHENNAI_INTERNATIONAL_AIRPORT_TO_METRO_MANNADI,METRO_CHENNAI_INTERNATIONAL_AIRPORT,METRO_MANNADI,Chennai International Airport,Mannadi,AIRPORT,MANNADI,40.0,32.0,INR,CMRL,2021-02-22,CMRL_OFFICIAL
FARE_CMRL_METRO_CHENNAI_INTERNATIONAL_AIRPORT_TO_METRO_WASHERMENPET,METRO_CHENNAI_INTERNATIONAL_AIRPORT,METRO_WASHERMENPET,Chennai International Airport,Washermenpet,AIRPORT,WASHERMENPET,50.0,40.0,INR,CMRL,2021-02-22,CMRL_OFFICIAL
FARE_CMRL_METRO_CHENNAI_INTERNATIONAL_AIRPORT_TO_METRO_SIR_THIYAGARAYA_COLLEGE,METRO_CHENNAI_INTERNATIONAL_AIRPORT,METRO_SIR_THIYAGARAYA_COLLEGE,Chennai International Airport,Sir Theagaraya College,AIRPORT,THYAGARAYA COLLEGE,50.0,40.0,INR,CMRL,2021-02-22,CMRL_OFFICIAL
FARE_CMRL_METRO_CHENNAI_INTERNATIONAL_AIRPORT_TO_METRO_TONDIARPET,METRO_CHENNAI_INTERNATIONAL_AIRPORT,METRO_TONDIARPET,Chennai International Airport,Tondiarpet,AIRPORT,TONDIARPET,50.0,40.0,INR,CMRL,2021-02-22,CMRL_OFFICIAL
FARE_CMRL_METRO_CHENNAI_INTERNATIONAL_AIRPORT_TO_METRO_NEW_WASHERMENPET,METRO_CHENNAI_INTERNATIONAL_AIRPORT,METRO_NEW_WASHERMENPET,Chennai International Airport,New Washermenpet,AIRPORT,NEW WASHERMENPET,50.0,40.0,INR,CMRL,2021-02-22,CMRL_OFFICIAL
FARE_CMRL_METRO_CHENNAI_INTERNATIONAL_AIRPORT_TO_METRO_TOLLGATE,METRO_CHENNAI_INTERNATIONAL_AIRPORT,METRO_TOLLGATE,Chennai International Airport,Tollgate,AIRPORT,TOLL GATE,50.0,40.0,INR,CMRL,2021-02-22,CMRL_OFFICIAL
FARE_CMRL_METRO_CHENNAI_INTERNATIONAL_AIRPORT_TO_METRO_KALADIPET,METRO_CHENNAI_INTERNATIONAL_AIRPORT,METRO_KALADIPET,Chennai International Airport,Kaladipet,AIRPORT,KALADIPET,50.0,40.0,INR,CMRL,2021-02-22,CMRL_OFFICIAL
FARE_CMRL_METRO_CHENNAI_INTERNATIONAL_AIRPORT_TO_METRO_THIRUVOTTRIYUR_THERADI,METRO_CHENNAI_INTERNATIONAL_AIRPORT,METRO_THIRUVOTTRIYUR_THERADI,Chennai International Airport,Thiruvottiyur Theradi,AIRPORT,THIRUVOTRIYUR THEREDI,50.0,40.0,INR,CMRL,2021-02-22,CMRL_OFFICIAL
FARE_CMRL_METRO_CHENNAI_INTERNATIONAL_AIRPORT_TO_METRO_THIRUVOTRIYUR,METRO_CHENNAI_INTERNATIONAL_AIRPORT,METRO_THIRUVOTRIYUR,Chennai International Airport,Thiruvottriyur,AIRPORT,THIRUVOTRIYUR,50.0,40.0,INR,CMRL,2021-02-22,CMRL_OFFICIAL
FARE_CMRL_METRO_CHENNAI_INTERNATIONAL_AIRPORT_TO_METRO_WIMCO_NAGAR_6738,METRO_CHENNAI_INTERNATIONAL_AIRPORT,METRO_WIMCO_NAGAR_6738,Chennai International Airport,Wimco Nagar,AIRPORT,WIMCO NAGAR,50.0,40.0,INR,CMRL,2021-02-22,CMRL_OFFICIAL
FARE_CMRL_METRO_CHENNAI_INTERNATIONAL_AIRPORT_TO_METRO_WIMCO_NAGAR,METRO_CHENNAI_INTERNATIONAL_AIRPORT,METRO_WIMCO_NAGAR,Chennai International Airport,Wimco Nagar Depot,AIRPORT,WIMCO NAGAR DEPOT,50.0,40.0,INR,CMRL,2021-02-22,CMRL_OFFICIAL
FARE_CMRL_METRO_CHENNAI_INTERNATIONAL_AIRPORT_TO_METRO_EKKATTUTHANGAL,METRO_CHENNAI_INTERNATIONAL_AIRPORT,METRO_EKKATTUTHANGAL,Chennai International Airport,Ekkattuthangal,AIRPORT,EKKATTUTHANGAL,30.0,24.0,INR,CMRL,2021-02-22,CMRL_OFFICIAL
FARE_CMRL_METRO_CHENNAI_INTERNATIONAL_AIRPORT_TO_METRO_ASHOK_NAGAR,METRO_CHENNAI_INTERNATIONAL_AIRPORT,METRO_ASHOK_NAGAR,Chennai International Airport,Ashok Nagar,AIRPORT,ASHOK NAGAR,30.0,24.0,INR,CMRL,2021-02-22,CMRL_OFFICIAL
FARE_CMRL_METRO_CHENNAI_INTERNATIONAL_AIRPORT_TO_METRO_VADAPALANI,METRO_CHENNAI_INTERNATIONAL_AIRPORT,METRO_VADAPALANI,Chennai International Airport,Vadapalani,AIRPORT,VADAPALANI,30.0,24.0,INR,CMRL,2021-02-22,CMRL_OFFICIAL
FARE_CMRL_METRO_CHENNAI_INTERNATIONAL_AIRPORT_TO_METRO_ARUMBAKKAM,METRO_CHENNAI_INTERNATIONAL_AIRPORT,METRO_ARUMBAKKAM,Chennai International Airport,Arumbakkam,AIRPORT,ARUMBAKKAM,30.0,24.0,INR,CMRL,2021-02-22,CMRL_OFFICIAL
FARE_CMRL_METRO_CHENNAI_INTERNATIONAL_AIRPORT_TO_METRO_PURATCHI_THALAIVI_DR_J_JAYALALITHAA_CMBT,METRO_CHENNAI_INTERNATIONAL_AIRPORT,METRO_PURATCHI_THALAIVI_DR_J_JAYALALITHAA_CMBT,Chennai International Airport,Puratchi Thalaivi Dr.J.Jayalalithaa CMBT Metro,AIRPORT,PURATCHI THALAIVI DR.J.JAYALALITHAA CMBT METRO,40.0,32.0,INR,CMRL,2021-02-22,CMRL_OFFICIAL
FARE_CMRL_METRO_CHENNAI_INTERNATIONAL_AIRPORT_TO_METRO_KOYAMBEDU,METRO_CHENNAI_INTERNATIONAL_AIRPORT,METRO_KOYAMBEDU,Chennai International Airport,Koyambedu,AIRPORT,KOYAMBEDU,40.0,32.0,INR,CMRL,2021-02-22,CMRL_OFFICIAL
FARE_CMRL_METRO_CHENNAI_INTERNATIONAL_AIRPORT_TO_METRO_THIRUMANGALAM,METRO_CHENNAI_INTERNATIONAL_AIRPORT,METRO_THIRUMANGALAM,Chennai International Airport,Thirumangalam,AIRPORT,THIRUMANGALAM,40.0,32.0,INR,CMRL,2021-02-22,CMRL_OFFICIAL
FARE_CMRL_METRO_CHENNAI_INTERNATIONAL_AIRPORT_TO_METRO_ANNA_NAGAR_TOWER,METRO_CHENNAI_INTERNATIONAL_AIRPORT,METRO_ANNA_NAGAR_TOWER,Chennai International Airport,Anna Nagar Tower,AIRPORT,ANNA NAGAR TOWER,40.0,32.0,INR,CMRL,2021-02-22,CMRL_OFFICIAL
FARE_CMRL_METRO_CHENNAI_INTERNATIONAL_AIRPORT_TO_METRO_ANNA_NAGAR_EAST,METRO_CHENNAI_INTERNATIONAL_AIRPORT,METRO_ANNA_NAGAR_EAST,Chennai International Airport,Anna Nagar East,AIRPORT,ANNA NAGAR EAST,40.0,32.0,INR,CMRL,2021-02-22,CMRL_OFFICIAL
FARE_CMRL_METRO_CHENNAI_INTERNATIONAL_AIRPORT_TO_METRO_SHENOY_NAGAR,METRO_CHENNAI_INTERNATIONAL_AIRPORT,METRO_SHENOY_NAGAR,Chennai International Airport,Shenoy Nagar,AIRPORT,SHENOY NAGAR,40.0,32.0,INR,CMRL,2021-02-22,CMRL_OFFICIAL
FARE_CMRL_METRO_CHENNAI_INTERNATIONAL_AIRPORT_TO_METRO_PACHAIYAPPA_S_COLLEGE,METRO_CHENNAI_INTERNATIONAL_AIRPORT,METRO_PACHAIYAPPA_S_COLLEGE,Chennai International Airport,Pachaiyappa's College,AIRPORT,PACHIAPPAS COLLEGE,40.0,32.0,INR,CMRL,2021-02-22,CMRL_OFFICIAL
FARE_CMRL_METRO_CHENNAI_INTERNATIONAL_AIRPORT_TO_METRO_KILPAUK,METRO_CHENNAI_INTERNATIONAL_AIRPORT,METRO_KILPAUK,Chennai International Airport,Kilpauk,AIRPORT,KILPAUK,50.0,40.0,INR,CMRL,2021-02-22,CMRL_OFFICIAL
FARE_CMRL_METRO_CHENNAI_INTERNATIONAL_AIRPORT_TO_METRO_NEHRU_PARK,METRO_CHENNAI_INTERNATIONAL_AIRPORT,METRO_NEHRU_PARK,Chennai International Airport,Nehru Park,AIRPORT,NEHRU PARK,40.0,32.0,INR,CMRL,2021-02-22,CMRL_OFFICIAL
FARE_CMRL_METRO_CHENNAI_INTERNATIONAL_AIRPORT_TO_METRO_EGMORE,METRO_CHENNAI_INTERNATIONAL_AIRPORT,METRO_EGMORE,Chennai International Airport,Egmore,AIRPORT,EGMORE,40.0,32.0,INR,CMRL,2021-02-22,CMRL_OFFICIAL
FARE_CMRL_METRO_CHENNAI_INTERNATIONAL_AIRPORT_TO_METRO_ST__THOMAS_MOUNT,METRO_CHENNAI_INTERNATIONAL_AIRPORT,METRO_ST__THOMAS_MOUNT,Chennai International Airport,St. Thomas Mount,AIRPORT,ST. THOMAS MOUNT,30.0,24.0,INR,CMRL,2021-02-22,CMRL_OFFICIAL
FARE_CMRL_METRO_MEENAMBAKKAM_TO_METRO_CHENNAI_INTERNATIONAL_AIRPORT,METRO_MEENAMBAKKAM,METRO_CHENNAI_INTERNATIONAL_AIRPORT,Meenambakkam,Chennai International Airport,MEENAMBAKKAM,AIRPORT,10.0,8.0,INR,CMRL,2021-02-22,CMRL_OFFICIAL
FARE_CMRL_METRO_MEENAMBAKKAM_TO_METRO_MEENAMBAKKAM,METRO_MEENAMBAKKAM,METRO_MEENAMBAKKAM,Meenambakkam,Meenambakkam,MEENAMBAKKAM,MEENAMBAKKAM,0.0,0.0,INR,CMRL,2021-02-22,CMRL_OFFICIAL
FARE_CMRL_METRO_MEENAMBAKKAM_TO_METRO_OTA_NANGANALLUR_ROAD,METRO_MEENAMBAKKAM,METRO_OTA_NANGANALLUR_ROAD,Meenambakkam,OTA-Nanganallur Road,MEENAMBAKKAM,NANGANALLUR ROAD,20.0,16.0,INR,CMRL,2021-02-22,CMRL_OFFICIAL
FARE_CMRL_METRO_MEENAMBAKKAM_TO_METRO_ARIGNAR_ANNA_ALANDUR,METRO_MEENAMBAKKAM,METRO_ARIGNAR_ANNA_ALANDUR,Meenambakkam,Arignar Anna Alandur Metro,MEENAMBAKKAM,ARIGNAR ANNA ALANDUR METRO,20.0,16.0,INR,CMRL,2021-02-22,CMRL_OFFICIAL
FARE_CMRL_METRO_MEENAMBAKKAM_TO_METRO_GUINDY,METRO_MEENAMBAKKAM,METRO_GUINDY,Meenambakkam,Guindy,MEENAMBAKKAM,GUINDY,20.0,16.0,INR,CMRL,2021-02-22,CMRL_OFFICIAL
FARE_CMRL_METRO_MEENAMBAKKAM_TO_METRO_LITTLE_MOUNT,METRO_MEENAMBAKKAM,METRO_LITTLE_MOUNT,Meenambakkam,Little Mount,MEENAMBAKKAM,LITTLE MOUNT,30.0,24.0,INR,CMRL,2021-02-22,CMRL_OFFICIAL
FARE_CMRL_METRO_MEENAMBAKKAM_TO_METRO_SAIDAPET,METRO_MEENAMBAKKAM,METRO_SAIDAPET,Meenambakkam,Saidapet Metro,MEENAMBAKKAM,SAIDAPET,30.0,24.0,INR,CMRL,2021-02-22,CMRL_OFFICIAL
FARE_CMRL_METRO_MEENAMBAKKAM_TO_METRO_NANDANAM,METRO_MEENAMBAKKAM,METRO_NANDANAM,Meenambakkam,Nandanam,MEENAMBAKKAM,NANDANAM,30.0,24.0,INR,CMRL,2021-02-22,CMRL_OFFICIAL
FARE_CMRL_METRO_MEENAMBAKKAM_TO_METRO_TEYNAMPET,METRO_MEENAMBAKKAM,METRO_TEYNAMPET,Meenambakkam,Teynampet,MEENAMBAKKAM,TEYNAMPET,30.0,24.0,INR,CMRL,2021-02-22,CMRL_OFFICIAL
FARE_CMRL_METRO_MEENAMBAKKAM_TO_METRO_AG___8211__DMS,METRO_MEENAMBAKKAM,METRO_AG___8211__DMS,Meenambakkam,AG – DMS,MEENAMBAKKAM,AG-DMS,30.0,24.0,INR,CMRL,2021-02-22,CMRL_OFFICIAL
FARE_CMRL_METRO_MEENAMBAKKAM_TO_METRO_THOUSAND_LIGHTS,METRO_MEENAMBAKKAM,METRO_THOUSAND_LIGHTS,Meenambakkam,Thousand Lights,MEENAMBAKKAM,THOUSAND LIGHTS,40.0,32.0,INR,CMRL,2021-02-22,CMRL_OFFICIAL
FARE_CMRL_METRO_MEENAMBAKKAM_TO_METRO_LIC,METRO_MEENAMBAKKAM,METRO_LIC,Meenambakkam,LIC,MEENAMBAKKAM,LIC,40.0,32.0,INR,CMRL,2021-02-22,CMRL_OFFICIAL
FARE_CMRL_METRO_MEENAMBAKKAM_TO_METRO_GOVERNMENT_ESTATE,METRO_MEENAMBAKKAM,METRO_GOVERNMENT_ESTATE,Meenambakkam,Government Estate,MEENAMBAKKAM,GOVERNMENT ESTATE,40.0,32.0,INR,CMRL,2021-02-22,CMRL_OFFICIAL
FARE_CMRL_METRO_MEENAMBAKKAM_TO_METRO_PURATCHI_THALAIVAR_DR__M_G_RAMACHANDRAN_CENTRAL,METRO_MEENAMBAKKAM,METRO_PURATCHI_THALAIVAR_DR__M_G_RAMACHANDRAN_CENTRAL,Meenambakkam,Puratchi Thalaivar Dr. M.G.Ramachandran Central Metro,MEENAMBAKKAM,PURATCHI THALAIVAR DR.M.G.RAMACHANDRAN CENTRAL METRO,40.0,32.0,INR,CMRL,2021-02-22,CMRL_OFFICIAL
FARE_CMRL_METRO_MEENAMBAKKAM_TO_METRO_HIGHCOURT,METRO_MEENAMBAKKAM,METRO_HIGHCOURT,Meenambakkam,Highcourt,MEENAMBAKKAM,HIGH COURT,40.0,32.0,INR,CMRL,2021-02-22,CMRL_OFFICIAL
FARE_CMRL_METRO_MEENAMBAKKAM_TO_METRO_MANNADI,METRO_MEENAMBAKKAM,METRO_MANNADI,Meenambakkam,Mannadi,MEENAMBAKKAM,MANNADI,40.0,32.0,INR,CMRL,2021-02-22,CMRL_OFFICIAL
FARE_CMRL_METRO_MEENAMBAKKAM_TO_METRO_WASHERMENPET,METRO_MEENAMBAKKAM,METRO_WASHERMENPET,Meenambakkam,Washermenpet,MEENAMBAKKAM,WASHERMENPET,40.0,32.0,INR,CMRL,2021-02-22,CMRL_OFFICIAL
FARE_CMRL_METRO_MEENAMBAKKAM_TO_METRO_SIR_THIYAGARAYA_COLLEGE,METRO_MEENAMBAKKAM,METRO_SIR_THIYAGARAYA_COLLEGE,Meenambakkam,Sir Theagaraya College,MEENAMBAKKAM,THYAGARAYA COLLEGE,50.0,40.0,INR,CMRL,2021-02-22,CMRL_OFFICIAL
FARE_CMRL_METRO_MEENAMBAKKAM_TO_METRO_TONDIARPET,METRO_MEENAMBAKKAM,METRO_TONDIARPET,Meenambakkam,Tondiarpet,MEENAMBAKKAM,TONDIARPET,50.0,40.0,INR,CMRL,2021-02-22,CMRL_OFFICIAL
FARE_CMRL_METRO_MEENAMBAKKAM_TO_METRO_NEW_WASHERMENPET,METRO_MEENAMBAKKAM,METRO_NEW_WASHERMENPET,Meenambakkam,New Washermenpet,MEENAMBAKKAM,NEW WASHERMENPET,50.0,40.0,INR,CMRL,2021-02-22,CMRL_OFFICIAL
FARE_CMRL_METRO_MEENAMBAKKAM_TO_METRO_TOLLGATE,METRO_MEENAMBAKKAM,METRO_TOLLGATE,Meenambakkam,Tollgate,MEENAMBAKKAM,TOLL GATE,50.0,40.0,INR,CMRL,2021-02-22,CMRL_OFFICIAL
FARE_CMRL_METRO_MEENAMBAKKAM_TO_METRO_KALADIPET,METRO_MEENAMBAKKAM,METRO_KALADIPET,Meenambakkam,Kaladipet,MEENAMBAKKAM,KALADIPET,50.0,40.0,INR,CMRL,2021-02-22,CMRL_OFFICIAL
FARE_CMRL_METRO_MEENAMBAKKAM_TO_METRO_THIRUVOTTRIYUR_THERADI,METRO_MEENAMBAKKAM,METRO_THIRUVOTTRIYUR_THERADI,Meenambakkam,Thiruvottiyur Theradi,MEENAMBAKKAM,THIRUVOTRIYUR THEREDI,50.0,40.0,INR,CMRL,2021-02-22,CMRL_OFFICIAL
FARE_CMRL_METRO_MEENAMBAKKAM_TO_METRO_THIRUVOTRIYUR,METRO_MEENAMBAKKAM,METRO_THIRUVOTRIYUR,Meenambakkam,Thiruvottriyur,MEENAMBAKKAM,THIRUVOTRIYUR,50.0,40.0,INR,CMRL,2021-02-22,CMRL_OFFICIAL
FARE_CMRL_METRO_MEENAMBAKKAM_TO_METRO_WIMCO_NAGAR_6738,METRO_MEENAMBAKKAM,METRO_WIMCO_NAGAR_6738,Meenambakkam,Wimco Nagar,MEENAMBAKKAM,WIMCO NAGAR,50.0,40.0,INR,CMRL,2021-02-22,CMRL_OFFICIAL
FARE_CMRL_METRO_MEENAMBAKKAM_TO_METRO_WIMCO_NAGAR,METRO_MEENAMBAKKAM,METRO_WIMCO_NAGAR,Meenambakkam,Wimco Nagar Depot,MEENAMBAKKAM,WIMCO NAGAR DEPOT,50.0,40.0,INR,CMRL,2021-02-22,CMRL_OFFICIAL
FARE_CMRL_METRO_MEENAMBAKKAM_TO_METRO_EKKATTUTHANGAL,METRO_MEENAMBAKKAM,METRO_EKKATTUTHANGAL,Meenambakkam,Ekkattuthangal,MEENAMBAKKAM,EKKATTUTHANGAL,20.0,16.0,INR,CMRL,2021-02-22,CMRL_OFFICIAL
FARE_CMRL_METRO_MEENAMBAKKAM_TO_METRO_ASHOK_NAGAR,METRO_MEENAMBAKKAM,METRO_ASHOK_NAGAR,Meenambakkam,Ashok Nagar,MEENAMBAKKAM,ASHOK NAGAR,30.0,24.0,INR,CMRL,2021-02-22,CMRL_OFFICIAL
FARE_CMRL_METRO_MEENAMBAKKAM_TO_METRO_VADAPALANI,METRO_MEENAMBAKKAM,METRO_VADAPALANI,Meenambakkam,Vadapalani,MEENAMBAKKAM,VADAPALANI,30.0,24.0,INR,CMRL,2021-02-22,CMRL_OFFICIAL
FARE_CMRL_METRO_MEENAMBAKKAM_TO_METRO_ARUMBAKKAM,METRO_MEENAMBAKKAM,METRO_ARUMBAKKAM,Meenambakkam,Arumbakkam,MEENAMBAKKAM,ARUMBAKKAM,30.0,24.0,INR,CMRL,2021-02-22,CMRL_OFFICIAL
FARE_CMRL_METRO_MEENAMBAKKAM_TO_METRO_PURATCHI_THALAIVI_DR_J_JAYALALITHAA_CMBT,METRO_MEENAMBAKKAM,METRO_PURATCHI_THALAIVI_DR_J_JAYALALITHAA_CMBT,Meenambakkam,Puratchi Thalaivi Dr.J.Jayalalithaa CMBT Metro,MEENAMBAKKAM,PURATCHI THALAIVI DR.J.JAYALALITHAA CMBT METRO,30.0,24.0,INR,CMRL,2021-02-22,CMRL_OFFICIAL
FARE_CMRL_METRO_MEENAMBAKKAM_TO_METRO_KOYAMBEDU,METRO_MEENAMBAKKAM,METRO_KOYAMBEDU,Meenambakkam,Koyambedu,MEENAMBAKKAM,KOYAMBEDU,40.0,32.0,INR,CMRL,2021-02-22,CMRL_OFFICIAL
FARE_CMRL_METRO_MEENAMBAKKAM_TO_METRO_THIRUMANGALAM,METRO_MEENAMBAKKAM,METRO_THIRUMANGALAM,Meenambakkam,Thirumangalam,MEENAMBAKKAM,THIRUMANGALAM,40.0,32.0,INR,CMRL,2021-02-22,CMRL_OFFICIAL
FARE_CMRL_METRO_MEENAMBAKKAM_TO_METRO_ANNA_NAGAR_TOWER,METRO_MEENAMBAKKAM,METRO_ANNA_NAGAR_TOWER,Meenambakkam,Anna Nagar Tower,MEENAMBAKKAM,ANNA NAGAR TOWER,40.0,32.0,INR,CMRL,2021-02-22,CMRL_OFFICIAL
FARE_CMRL_METRO_MEENAMBAKKAM_TO_METRO_ANNA_NAGAR_EAST,METRO_MEENAMBAKKAM,METRO_ANNA_NAGAR_EAST,Meenambakkam,Anna Nagar East,MEENAMBAKKAM,ANNA NAGAR EAST,40.0,32.0,INR,CMRL,2021-02-22,CMRL_OFFICIAL
FARE_CMRL_METRO_MEENAMBAKKAM_TO_METRO_SHENOY_NAGAR,METRO_MEENAMBAKKAM,METRO_SHENOY_NAGAR,Meenambakkam,Shenoy Nagar,MEENAMBAKKAM,SHENOY NAGAR,40.0,32.0,INR,CMRL,2021-02-22,CMRL_OFFICIAL
FARE_CMRL_METRO_MEENAMBAKKAM_TO_METRO_PACHAIYAPPA_S_COLLEGE,METRO_MEENAMBAKKAM,METRO_PACHAIYAPPA_S_COLLEGE,Meenambakkam,Pachaiyappa's College,MEENAMBAKKAM,PACHIAPPAS COLLEGE,40.0,32.0,INR,CMRL,2021-02-22,CMRL_OFFICIAL
FARE_CMRL_METRO_MEENAMBAKKAM_TO_METRO_KILPAUK,METRO_MEENAMBAKKAM,METRO_KILPAUK,Meenambakkam,Kilpauk,MEENAMBAKKAM,KILPAUK,40.0,32.0,INR,CMRL,2021-02-22,CMRL_OFFICIAL
FARE_CMRL_METRO_MEENAMBAKKAM_TO_METRO_NEHRU_PARK,METRO_MEENAMBAKKAM,METRO_NEHRU_PARK,Meenambakkam,Nehru Park,MEENAMBAKKAM,NEHRU PARK,40.0,32.0,INR,CMRL,2021-02-22,CMRL_OFFICIAL
FARE_CMRL_METRO_MEENAMBAKKAM_TO_METRO_EGMORE,METRO_MEENAMBAKKAM,METRO_EGMORE,Meenambakkam,Egmore,MEENAMBAKKAM,EGMORE,40.0,32.0,INR,CMRL,2021-02-22,CMRL_OFFICIAL
FARE_CMRL_METRO_MEENAMBAKKAM_TO_METRO_ST__THOMAS_MOUNT,METRO_MEENAMBAKKAM,METRO_ST__THOMAS_MOUNT,Meenambakkam,St. Thomas Mount,MEENAMBAKKAM,ST. THOMAS MOUNT,20.0,16.0,INR,CMRL,2021-02-22,CMRL_OFFICIAL
FARE_CMRL_METRO_OTA_NANGANALLUR_ROAD_TO_METRO_CHENNAI_INTERNATIONAL_AIRPORT,METRO_OTA_NANGANALLUR_ROAD,METRO_CHENNAI_INTERNATIONAL_AIRPORT,OTA-Nanganallur Road,Chennai International Airport,NANGANALLUR ROAD,AIRPORT,20.0,16.0,INR,CMRL,2021-02-22,CMRL_OFFICIAL
FARE_CMRL_METRO_OTA_NANGANALLUR_ROAD_TO_METRO_MEENAMBAKKAM,METRO_OTA_NANGANALLUR_ROAD,METRO_MEENAMBAKKAM,OTA-Nanganallur Road,Meenambakkam,NANGANALLUR ROAD,MEENAMBAKKAM,20.0,16.0,INR,CMRL,2021-02-22,CMRL_OFFICIAL
FARE_CMRL_METRO_OTA_NANGANALLUR_ROAD_TO_METRO_OTA_NANGANALLUR_ROAD,METRO_OTA_NANGANALLUR_ROAD,METRO_OTA_NANGANALLUR_ROAD,OTA-Nanganallur Road,OTA-Nanganallur Road,NANGANALLUR ROAD,NANGANALLUR ROAD,0.0,0.0,INR,CMRL,2021-02-22,CMRL_OFFICIAL
FARE_CMRL_METRO_OTA_NANGANALLUR_ROAD_TO_METRO_ARIGNAR_ANNA_ALANDUR,METRO_OTA_NANGANALLUR_ROAD,METRO_ARIGNAR_ANNA_ALANDUR,OTA-Nanganallur Road,Arignar Anna Alandur Metro,NANGANALLUR ROAD,ARIGNAR ANNA ALANDUR METRO,10.0,8.0,INR,CMRL,2021-02-22,CMRL_OFFICIAL
FARE_CMRL_METRO_OTA_NANGANALLUR_ROAD_TO_METRO_GUINDY,METRO_OTA_NANGANALLUR_ROAD,METRO_GUINDY,OTA-Nanganallur Road,Guindy,NANGANALLUR ROAD,GUINDY,20.0,16.0,INR,CMRL,2021-02-22,CMRL_OFFICIAL
FARE_CMRL_METRO_OTA_NANGANALLUR_ROAD_TO_METRO_LITTLE_MOUNT,METRO_OTA_NANGANALLUR_ROAD,METRO_LITTLE_MOUNT,OTA-Nanganallur Road,Little Mount,NANGANALLUR ROAD,LITTLE MOUNT,20.0,16.0,INR,CMRL,2021-02-22,CMRL_OFFICIAL
FARE_CMRL_METRO_OTA_NANGANALLUR_ROAD_TO_METRO_SAIDAPET,METRO_OTA_NANGANALLUR_ROAD,METRO_SAIDAPET,OTA-Nanganallur Road,Saidapet Metro,NANGANALLUR ROAD,SAIDAPET,20.0,16.0,INR,CMRL,2021-02-22,CMRL_OFFICIAL
FARE_CMRL_METRO_OTA_NANGANALLUR_ROAD_TO_METRO_NANDANAM,METRO_OTA_NANGANALLUR_ROAD,METRO_NANDANAM,OTA-Nanganallur Road,Nandanam,NANGANALLUR ROAD,NANDANAM,30.0,24.0,INR,CMRL,2021-02-22,CMRL_OFFICIAL
FARE_CMRL_METRO_OTA_NANGANALLUR_ROAD_TO_METRO_TEYNAMPET,METRO_OTA_NANGANALLUR_ROAD,METRO_TEYNAMPET,OTA-Nanganallur Road,Teynampet,NANGANALLUR ROAD,TEYNAMPET,30.0,24.0,INR,CMRL,2021-02-22,CMRL_OFFICIAL
FARE_CMRL_METRO_OTA_NANGANALLUR_ROAD_TO_METRO_AG___8211__DMS,METRO_OTA_NANGANALLUR_ROAD,METRO_AG___8211__DMS,OTA-Nanganallur Road,AG – DMS,NANGANALLUR ROAD,AG-DMS,30.0,24.0,INR,CMRL,2021-02-22,CMRL_OFFICIAL
FARE_CMRL_METRO_OTA_NANGANALLUR_ROAD_TO_METRO_THOUSAND_LIGHTS,METRO_OTA_NANGANALLUR_ROAD,METRO_THOUSAND_LIGHTS,OTA-Nanganallur Road,Thousand Lights,NANGANALLUR ROAD,THOUSAND LIGHTS,30.0,24.0,INR,CMRL,2021-02-22,CMRL_OFFICIAL
FARE_CMRL_METRO_OTA_NANGANALLUR_ROAD_TO_METRO_LIC,METRO_OTA_NANGANALLUR_ROAD,METRO_LIC,OTA-Nanganallur Road,LIC,NANGANALLUR ROAD,LIC,30.0,24.0,INR,CMRL,2021-02-22,CMRL_OFFICIAL
FARE_CMRL_METRO_OTA_NANGANALLUR_ROAD_TO_METRO_GOVERNMENT_ESTATE,METRO_OTA_NANGANALLUR_ROAD,METRO_GOVERNMENT_ESTATE,OTA-Nanganallur Road,Government Estate,NANGANALLUR ROAD,GOVERNMENT ESTATE,40.0,32.0,INR,CMRL,2021-02-22,CMRL_OFFICIAL
FARE_CMRL_METRO_OTA_NANGANALLUR_ROAD_TO_METRO_PURATCHI_THALAIVAR_DR__M_G_RAMACHANDRAN_CENTRAL,METRO_OTA_NANGANALLUR_ROAD,METRO_PURATCHI_THALAIVAR_DR__M_G_RAMACHANDRAN_CENTRAL,OTA-Nanganallur Road,Puratchi Thalaivar Dr. M.G.Ramachandran Central Metro,NANGANALLUR ROAD,PURATCHI THALAIVAR DR.M.G.RAMACHANDRAN CENTRAL METRO,40.0,32.0,INR,CMRL,2021-02-22,CMRL_OFFICIAL
FARE_CMRL_METRO_OTA_NANGANALLUR_ROAD_TO_METRO_HIGHCOURT,METRO_OTA_NANGANALLUR_ROAD,METRO_HIGHCOURT,OTA-Nanganallur Road,Highcourt,NANGANALLUR ROAD,HIGH COURT,40.0,32.0,INR,CMRL,2021-02-22,CMRL_OFFICIAL
FARE_CMRL_METRO_OTA_NANGANALLUR_ROAD_TO_METRO_MANNADI,METRO_OTA_NANGANALLUR_ROAD,METRO_MANNADI,OTA-Nanganallur Road,Mannadi,NANGANALLUR ROAD,MANNADI,40.0,32.0,INR,CMRL,2021-02-22,CMRL_OFFICIAL
FARE_CMRL_METRO_OTA_NANGANALLUR_ROAD_TO_METRO_WASHERMENPET,METRO_OTA_NANGANALLUR_ROAD,METRO_WASHERMENPET,OTA-Nanganallur Road,Washermenpet,NANGANALLUR ROAD,WASHERMENPET,40.0,32.0,INR,CMRL,2021-02-22,CMRL_OFFICIAL
FARE_CMRL_METRO_OTA_NANGANALLUR_ROAD_TO_METRO_SIR_THIYAGARAYA_COLLEGE,METRO_OTA_NANGANALLUR_ROAD,METRO_SIR_THIYAGARAYA_COLLEGE,OTA-Nanganallur Road,Sir Theagaraya College,NANGANALLUR ROAD,THYAGARAYA COLLEGE,40.0,32.0,INR,CMRL,2021-02-22,CMRL_OFFICIAL
FARE_CMRL_METRO_OTA_NANGANALLUR_ROAD_TO_METRO_TONDIARPET,METRO_OTA_NANGANALLUR_ROAD,METRO_TONDIARPET,OTA-Nanganallur Road,Tondiarpet,NANGANALLUR ROAD,TONDIARPET,40.0,32.0,INR,CMRL,2021-02-22,CMRL_OFFICIAL
FARE_CMRL_METRO_OTA_NANGANALLUR_ROAD_TO_METRO_NEW_WASHERMENPET,METRO_OTA_NANGANALLUR_ROAD,METRO_NEW_WASHERMENPET,OTA-Nanganallur Road,New Washermenpet,NANGANALLUR ROAD,NEW WASHERMENPET,50.0,40.0,INR,CMRL,2021-02-22,CMRL_OFFICIAL
FARE_CMRL_METRO_OTA_NANGANALLUR_ROAD_TO_METRO_TOLLGATE,METRO_OTA_NANGANALLUR_ROAD,METRO_TOLLGATE,OTA-Nanganallur Road,Tollgate,NANGANALLUR ROAD,TOLL GATE,50.0,40.0,INR,CMRL,2021-02-22,CMRL_OFFICIAL
FARE_CMRL_METRO_OTA_NANGANALLUR_ROAD_TO_METRO_KALADIPET,METRO_OTA_NANGANALLUR_ROAD,METRO_KALADIPET,OTA-Nanganallur Road,Kaladipet,NANGANALLUR ROAD,KALADIPET,50.0,40.0,INR,CMRL,2021-02-22,CMRL_OFFICIAL
FARE_CMRL_METRO_OTA_NANGANALLUR_ROAD_TO_METRO_THIRUVOTTRIYUR_THERADI,METRO_OTA_NANGANALLUR_ROAD,METRO_THIRUVOTTRIYUR_THERADI,OTA-Nanganallur Road,Thiruvottiyur Theradi,NANGANALLUR ROAD,THIRUVOTRIYUR THEREDI,50.0,40.0,INR,CMRL,2021-02-22,CMRL_OFFICIAL
FARE_CMRL_METRO_OTA_NANGANALLUR_ROAD_TO_METRO_THIRUVOTRIYUR,METRO_OTA_NANGANALLUR_ROAD,METRO_THIRUVOTRIYUR,OTA-Nanganallur Road,Thiruvottriyur,NANGANALLUR ROAD,THIRUVOTRIYUR,50.0,40.0,INR,CMRL,2021-02-22,CMRL_OFFICIAL
FARE_CMRL_METRO_OTA_NANGANALLUR_ROAD_TO_METRO_WIMCO_NAGAR_6738,METRO_OTA_NANGANALLUR_ROAD,METRO_WIMCO_NAGAR_6738,OTA-Nanganallur Road,Wimco Nagar,NANGANALLUR ROAD,WIMCO NAGAR,50.0,40.0,INR,CMRL,2021-02-22,CMRL_OFFICIAL
FARE_CMRL_METRO_OTA_NANGANALLUR_ROAD_TO_METRO_WIMCO_NAGAR,METRO_OTA_NANGANALLUR_ROAD,METRO_WIMCO_NAGAR,OTA-Nanganallur Road,Wimco Nagar Depot,NANGANALLUR ROAD,WIMCO NAGAR DEPOT,50.0,40.0,INR,CMRL,2021-02-22,CMRL_OFFICIAL
FARE_CMRL_METRO_OTA_NANGANALLUR_ROAD_TO_METRO_EKKATTUTHANGAL,METRO_OTA_NANGANALLUR_ROAD,METRO_EKKATTUTHANGAL,OTA-Nanganallur Road,Ekkattuthangal,NANGANALLUR ROAD,EKKATTUTHANGAL,20.0,16.0,INR,CMRL,2021-02-22,CMRL_OFFICIAL
FARE_CMRL_METRO_OTA_NANGANALLUR_ROAD_TO_METRO_ASHOK_NAGAR,METRO_OTA_NANGANALLUR_ROAD,METRO_ASHOK_NAGAR,OTA-Nanganallur Road,Ashok Nagar,NANGANALLUR ROAD,ASHOK NAGAR,20.0,16.0,INR,CMRL,2021-02-22,CMRL_OFFICIAL
FARE_CMRL_METRO_OTA_NANGANALLUR_ROAD_TO_METRO_VADAPALANI,METRO_OTA_NANGANALLUR_ROAD,METRO_VADAPALANI,OTA-Nanganallur Road,Vadapalani,NANGANALLUR ROAD,VADAPALANI,30.0,24.0,INR,CMRL,2021-02-22,CMRL_OFFICIAL
FARE_CMRL_METRO_OTA_NANGANALLUR_ROAD_TO_METRO_ARUMBAKKAM,METRO_OTA_NANGANALLUR_ROAD,METRO_ARUMBAKKAM,OTA-Nanganallur Road,Arumbakkam,NANGANALLUR ROAD,ARUMBAKKAM,30.0,24.0,INR,CMRL,2021-02-22,CMRL_OFFICIAL
FARE_CMRL_METRO_OTA_NANGANALLUR_ROAD_TO_METRO_PURATCHI_THALAIVI_DR_J_JAYALALITHAA_CMBT,METRO_OTA_NANGANALLUR_ROAD,METRO_PURATCHI_THALAIVI_DR_J_JAYALALITHAA_CMBT,OTA-Nanganallur Road,Puratchi Thalaivi Dr.J.Jayalalithaa CMBT Metro,NANGANALLUR ROAD,PURATCHI THALAIVI DR.J.JAYALALITHAA CMBT METRO,30.0,24.0,INR,CMRL,2021-02-22,CMRL_OFFICIAL
FARE_CMRL_METRO_OTA_NANGANALLUR_ROAD_TO_METRO_KOYAMBEDU,METRO_OTA_NANGANALLUR_ROAD,METRO_KOYAMBEDU,OTA-Nanganallur Road,Koyambedu,NANGANALLUR ROAD,KOYAMBEDU,30.0,24.0,INR,CMRL,2021-02-22,CMRL_OFFICIAL
FARE_CMRL_METRO_OTA_NANGANALLUR_ROAD_TO_METRO_THIRUMANGALAM,METRO_OTA_NANGANALLUR_ROAD,METRO_THIRUMANGALAM,OTA-Nanganallur Road,Thirumangalam,NANGANALLUR ROAD,THIRUMANGALAM,40.0,32.0,INR,CMRL,2021-02-22,CMRL_OFFICIAL
FARE_CMRL_METRO_OTA_NANGANALLUR_ROAD_TO_METRO_ANNA_NAGAR_TOWER,METRO_OTA_NANGANALLUR_ROAD,METRO_ANNA_NAGAR_TOWER,OTA-Nanganallur Road,Anna Nagar Tower,NANGANALLUR ROAD,ANNA NAGAR TOWER,40.0,32.0,INR,CMRL,2021-02-22,CMRL_OFFICIAL
FARE_CMRL_METRO_OTA_NANGANALLUR_ROAD_TO_METRO_ANNA_NAGAR_EAST,METRO_OTA_NANGANALLUR_ROAD,METRO_ANNA_NAGAR_EAST,OTA-Nanganallur Road,Anna Nagar East,NANGANALLUR ROAD,ANNA NAGAR EAST,40.0,32.0,INR,CMRL,2021-02-22,CMRL_OFFICIAL
FARE_CMRL_METRO_OTA_NANGANALLUR_ROAD_TO_METRO_SHENOY_NAGAR,METRO_OTA_NANGANALLUR_ROAD,METRO_SHENOY_NAGAR,OTA-Nanganallur Road,Shenoy Nagar,NANGANALLUR ROAD,SHENOY NAGAR,40.0,32.0,INR,CMRL,2021-02-22,CMRL_OFFICIAL
FARE_CMRL_METRO_OTA_NANGANALLUR_ROAD_TO_METRO_PACHAIYAPPA_S_COLLEGE,METRO_OTA_NANGANALLUR_ROAD,METRO_PACHAIYAPPA_S_COLLEGE,OTA-Nanganallur Road,Pachaiyappa's College,NANGANALLUR ROAD,PACHIAPPAS COLLEGE,40.0,32.0,INR,CMRL,2021-02-22,CMRL_OFFICIAL
FARE_CMRL_METRO_OTA_NANGANALLUR_ROAD_TO_METRO_KILPAUK,METRO_OTA_NANGANALLUR_ROAD,METRO_KILPAUK,OTA-Nanganallur Road,Kilpauk,NANGANALLUR ROAD,KILPAUK,40.0,32.0,INR,CMRL,2021-02-22,CMRL_OFFICIAL
FARE_CMRL_METRO_OTA_NANGANALLUR_ROAD_TO_METRO_NEHRU_PARK,METRO_OTA_NANGANALLUR_ROAD,METRO_NEHRU_PARK,OTA-Nanganallur Road,Nehru Park,NANGANALLUR ROAD,NEHRU PARK,40.0,32.0,INR,CMRL,2021-02-22,CMRL_OFFICIAL
FARE_CMRL_METRO_OTA_NANGANALLUR_ROAD_TO_METRO_EGMORE,METRO_OTA_NANGANALLUR_ROAD,METRO_EGMORE,OTA-Nanganallur Road,Egmore,NANGANALLUR ROAD,EGMORE,40.0,32.0,INR,CMRL,2021-02-22,CMRL_OFFICIAL
FARE_CMRL_METRO_OTA_NANGANALLUR_ROAD_TO_METRO_ST__THOMAS_MOUNT,METRO_OTA_NANGANALLUR_ROAD,METRO_ST__THOMAS_MOUNT,OTA-Nanganallur Road,St. Thomas Mount,NANGANALLUR ROAD,ST. THOMAS MOUNT,20.0,16.0,INR,CMRL,2021-02-22,CMRL_OFFICIAL
FARE_CMRL_METRO_ARIGNAR_ANNA_ALANDUR_TO_METRO_CHENNAI_INTERNATIONAL_AIRPORT,METRO_ARIGNAR_ANNA_ALANDUR,METRO_CHENNAI_INTERNATIONAL_AIRPORT,Arignar Anna Alandur Metro,Chennai International Airport,ARIGNAR ANNA ALANDUR METRO,AIRPORT,20.0,16.0,INR,CMRL,2021-02-22,CMRL_OFFICIAL
FARE_CMRL_METRO_ARIGNAR_ANNA_ALANDUR_TO_METRO_MEENAMBAKKAM,METRO_ARIGNAR_ANNA_ALANDUR,METRO_MEENAMBAKKAM,Arignar Anna Alandur Metro,Meenambakkam,ARIGNAR ANNA ALANDUR METRO,MEENAMBAKKAM,20.0,16.0,INR,CMRL,2021-02-22,CMRL_OFFICIAL
FARE_CMRL_METRO_ARIGNAR_ANNA_ALANDUR_TO_METRO_OTA_NANGANALLUR_ROAD,METRO_ARIGNAR_ANNA_ALANDUR,METRO_OTA_NANGANALLUR_ROAD,Arignar Anna Alandur Metro,OTA-Nanganallur Road,ARIGNAR ANNA ALANDUR METRO,NANGANALLUR ROAD,10.0,8.0,INR,CMRL,2021-02-22,CMRL_OFFICIAL
FARE_CMRL_METRO_ARIGNAR_ANNA_ALANDUR_TO_METRO_ARIGNAR_ANNA_ALANDUR,METRO_ARIGNAR_ANNA_ALANDUR,METRO_ARIGNAR_ANNA_ALANDUR,Arignar Anna Alandur Metro,Arignar Anna Alandur Metro,ARIGNAR ANNA ALANDUR METRO,ARIGNAR ANNA ALANDUR METRO,0.0,0.0,INR,CMRL,2021-02-22,CMRL_OFFICIAL
FARE_CMRL_METRO_ARIGNAR_ANNA_ALANDUR_TO_METRO_GUINDY,METRO_ARIGNAR_ANNA_ALANDUR,METRO_GUINDY,Arignar Anna Alandur Metro,Guindy,ARIGNAR ANNA ALANDUR METRO,GUINDY,10.0,8.0,INR,CMRL,2021-02-22,CMRL_OFFICIAL
FARE_CMRL_METRO_ARIGNAR_ANNA_ALANDUR_TO_METRO_LITTLE_MOUNT,METRO_ARIGNAR_ANNA_ALANDUR,METRO_LITTLE_MOUNT,Arignar Anna Alandur Metro,Little Mount,ARIGNAR ANNA ALANDUR METRO,LITTLE MOUNT,20.0,16.0,INR,CMRL,2021-02-22,CMRL_OFFICIAL
FARE_CMRL_METRO_ARIGNAR_ANNA_ALANDUR_TO_METRO_SAIDAPET,METRO_ARIGNAR_ANNA_ALANDUR,METRO_SAIDAPET,Arignar Anna Alandur Metro,Saidapet Metro,ARIGNAR ANNA ALANDUR METRO,SAIDAPET,20.0,16.0,INR,CMRL,2021-02-22,CMRL_OFFICIAL
FARE_CMRL_METRO_ARIGNAR_ANNA_ALANDUR_TO_METRO_NANDANAM,METRO_ARIGNAR_ANNA_ALANDUR,METRO_NANDANAM,Arignar Anna Alandur Metro,Nandanam,ARIGNAR ANNA ALANDUR METRO,NANDANAM,30.0,24.0,INR,CMRL,2021-02-22,CMRL_OFFICIAL
FARE_CMRL_METRO_ARIGNAR_ANNA_ALANDUR_TO_METRO_TEYNAMPET,METRO_ARIGNAR_ANNA_ALANDUR,METRO_TEYNAMPET,Arignar Anna Alandur Metro,Teynampet,ARIGNAR ANNA ALANDUR METRO,TEYNAMPET,30.0,24.0,INR,CMRL,2021-02-22,CMRL_OFFICIAL
FARE_CMRL_METRO_ARIGNAR_ANNA_ALANDUR_TO_METRO_AG___8211__DMS,METRO_ARIGNAR_ANNA_ALANDUR,METRO_AG___8211__DMS,Arignar Anna Alandur Metro,AG – DMS,ARIGNAR ANNA ALANDUR METRO,AG-DMS,30.0,24.0,INR,CMRL,2021-02-22,CMRL_OFFICIAL
FARE_CMRL_METRO_ARIGNAR_ANNA_ALANDUR_TO_METRO_THOUSAND_LIGHTS,METRO_ARIGNAR_ANNA_ALANDUR,METRO_THOUSAND_LIGHTS,Arignar Anna Alandur Metro,Thousand Lights,ARIGNAR ANNA ALANDUR METRO,THOUSAND LIGHTS,30.0,24.0,INR,CMRL,2021-02-22,CMRL_OFFICIAL
FARE_CMRL_METRO_ARIGNAR_ANNA_ALANDUR_TO_METRO_LIC,METRO_ARIGNAR_ANNA_ALANDUR,METRO_LIC,Arignar Anna Alandur Metro,LIC,ARIGNAR ANNA ALANDUR METRO,LIC,30.0,24.0,INR,CMRL,2021-02-22,CMRL_OFFICIAL
FARE_CMRL_METRO_ARIGNAR_ANNA_ALANDUR_TO_METRO_GOVERNMENT_ESTATE,METRO_ARIGNAR_ANNA_ALANDUR,METRO_GOVERNMENT_ESTATE,Arignar Anna Alandur Metro,Government Estate,ARIGNAR ANNA ALANDUR METRO,GOVERNMENT ESTATE,30.0,24.0,INR,CMRL,2021-02-22,CMRL_OFFICIAL
FARE_CMRL_METRO_ARIGNAR_ANNA_ALANDUR_TO_METRO_PURATCHI_THALAIVAR_DR__M_G_RAMACHANDRAN_CENTRAL,METRO_ARIGNAR_ANNA_ALANDUR,METRO_PURATCHI_THALAIVAR_DR__M_G_RAMACHANDRAN_CENTRAL,Arignar Anna Alandur Metro,Puratchi Thalaivar Dr. M.G.Ramachandran Central Metro,ARIGNAR ANNA ALANDUR METRO,PURATCHI THALAIVAR DR.M.G.RAMACHANDRAN CENTRAL METRO,40.0,32.0,INR,CMRL,2021-02-22,CMRL_OFFICIAL
FARE_CMRL_METRO_ARIGNAR_ANNA_ALANDUR_TO_METRO_HIGHCOURT,METRO_ARIGNAR_ANNA_ALANDUR,METRO_HIGHCOURT,Arignar Anna Alandur Metro,Highcourt,ARIGNAR ANNA ALANDUR METRO,HIGH COURT,40.0,32.0,INR,CMRL,2021-02-22,CMRL_OFFICIAL
FARE_CMRL_METRO_ARIGNAR_ANNA_ALANDUR_TO_METRO_MANNADI,METRO_ARIGNAR_ANNA_ALANDUR,METRO_MANNADI,Arignar Anna Alandur Metro,Mannadi,ARIGNAR ANNA ALANDUR METRO,MANNADI,40.0,32.0,INR,CMRL,2021-02-22,CMRL_OFFICIAL
FARE_CMRL_METRO_ARIGNAR_ANNA_ALANDUR_TO_METRO_WASHERMENPET,METRO_ARIGNAR_ANNA_ALANDUR,METRO_WASHERMENPET,Arignar Anna Alandur Metro,Washermenpet,ARIGNAR ANNA ALANDUR METRO,WASHERMENPET,40.0,32.0,INR,CMRL,2021-02-22,CMRL_OFFICIAL
FARE_CMRL_METRO_ARIGNAR_ANNA_ALANDUR_TO_METRO_SIR_THIYAGARAYA_COLLEGE,METRO_ARIGNAR_ANNA_ALANDUR,METRO_SIR_THIYAGARAYA_COLLEGE,Arignar Anna Alandur Metro,Sir Theagaraya College,ARIGNAR ANNA ALANDUR METRO,THYAGARAYA COLLEGE,40.0,32.0,INR,CMRL,2021-02-22,CMRL_OFFICIAL
FARE_CMRL_METRO_ARIGNAR_ANNA_ALANDUR_TO_METRO_TONDIARPET,METRO_ARIGNAR_ANNA_ALANDUR,METRO_TONDIARPET,Arignar Anna Alandur Metro,Tondiarpet,ARIGNAR ANNA ALANDUR METRO,TONDIARPET,40.0,32.0,INR,CMRL,2021-02-22,CMRL_OFFICIAL
FARE_CMRL_METRO_ARIGNAR_ANNA_ALANDUR_TO_METRO_NEW_WASHERMENPET,METRO_ARIGNAR_ANNA_ALANDUR,METRO_NEW_WASHERMENPET,Arignar Anna Alandur Metro,New Washermenpet,ARIGNAR ANNA ALANDUR METRO,NEW WASHERMENPET,40.0,32.0,INR,CMRL,2021-02-22,CMRL_OFFICIAL
FARE_CMRL_METRO_ARIGNAR_ANNA_ALANDUR_TO_METRO_TOLLGATE,METRO_ARIGNAR_ANNA_ALANDUR,METRO_TOLLGATE,Arignar Anna Alandur Metro,Tollgate,ARIGNAR ANNA ALANDUR METRO,TOLL GATE,50.0,40.0,INR,CMRL,2021-02-22,CMRL_OFFICIAL
FARE_CMRL_METRO_ARIGNAR_ANNA_ALANDUR_TO_METRO_KALADIPET,METRO_ARIGNAR_ANNA_ALANDUR,METRO_KALADIPET,Arignar Anna Alandur Metro,Kaladipet,ARIGNAR ANNA ALANDUR METRO,KALADIPET,50.0,40.0,INR,CMRL,2021-02-22,CMRL_OFFICIAL
FARE_CMRL_METRO_ARIGNAR_ANNA_ALANDUR_TO_METRO_THIRUVOTTRIYUR_THERADI,METRO_ARIGNAR_ANNA_ALANDUR,METRO_THIRUVOTTRIYUR_THERADI,Arignar Anna Alandur Metro,Thiruvottiyur Theradi,ARIGNAR ANNA ALANDUR METRO,THIRUVOTRIYUR THEREDI,50.0,40.0,INR,CMRL,2021-02-22,CMRL_OFFICIAL
FARE_CMRL_METRO_ARIGNAR_ANNA_ALANDUR_TO_METRO_THIRUVOTRIYUR,METRO_ARIGNAR_ANNA_ALANDUR,METRO_THIRUVOTRIYUR,Arignar Anna Alandur Metro,Thiruvottriyur,ARIGNAR ANNA ALANDUR METRO,THIRUVOTRIYUR,50.0,40.0,INR,CMRL,2021-02-22,CMRL_OFFICIAL
FARE_CMRL_METRO_ARIGNAR_ANNA_ALANDUR_TO_METRO_WIMCO_NAGAR_6738,METRO_ARIGNAR_ANNA_ALANDUR,METRO_WIMCO_NAGAR_6738,Arignar Anna Alandur Metro,Wimco Nagar,ARIGNAR ANNA ALANDUR METRO,WIMCO NAGAR,50.0,40.0,INR,CMRL,2021-02-22,CMRL_OFFICIAL
FARE_CMRL_METRO_ARIGNAR_ANNA_ALANDUR_TO_METRO_WIMCO_NAGAR,METRO_ARIGNAR_ANNA_ALANDUR,METRO_WIMCO_NAGAR,Arignar Anna Alandur Metro,Wimco Nagar Depot,ARIGNAR ANNA ALANDUR METRO,WIMCO NAGAR DEPOT,50.0,40.0,INR,CMRL,2021-02-22,CMRL_OFFICIAL
FARE_CMRL_METRO_ARIGNAR_ANNA_ALANDUR_TO_METRO_EKKATTUTHANGAL,METRO_ARIGNAR_ANNA_ALANDUR,METRO_EKKATTUTHANGAL,Arignar Anna Alandur Metro,Ekkattuthangal,ARIGNAR ANNA ALANDUR METRO,EKKATTUTHANGAL,10.0,8.0,INR,CMRL,2021-02-22,CMRL_OFFICIAL
FARE_CMRL_METRO_ARIGNAR_ANNA_ALANDUR_TO_METRO_ASHOK_NAGAR,METRO_ARIGNAR_ANNA_ALANDUR,METRO_ASHOK_NAGAR,Arignar Anna Alandur Metro,Ashok Nagar,ARIGNAR ANNA ALANDUR METRO,ASHOK NAGAR,20.0,16.0,INR,CMRL,2021-02-22,CMRL_OFFICIAL
FARE_CMRL_METRO_ARIGNAR_ANNA_ALANDUR_TO_METRO_VADAPALANI,METRO_ARIGNAR_ANNA_ALANDUR,METRO_VADAPALANI,Arignar Anna Alandur Metro,Vadapalani,ARIGNAR ANNA ALANDUR METRO,VADAPALANI,30.0,24.0,INR,CMRL,2021-02-22,CMRL_OFFICIAL
FARE_CMRL_METRO_ARIGNAR_ANNA_ALANDUR_TO_METRO_ARUMBAKKAM,METRO_ARIGNAR_ANNA_ALANDUR,METRO_ARUMBAKKAM,Arignar Anna Alandur Metro,Arumbakkam,ARIGNAR ANNA ALANDUR METRO,ARUMBAKKAM,30.0,24.0,INR,CMRL,2021-02-22,CMRL_OFFICIAL
FARE_CMRL_METRO_ARIGNAR_ANNA_ALANDUR_TO_METRO_PURATCHI_THALAIVI_DR_J_JAYALALITHAA_CMBT,METRO_ARIGNAR_ANNA_ALANDUR,METRO_PURATCHI_THALAIVI_DR_J_JAYALALITHAA_CMBT,Arignar Anna Alandur Metro,Puratchi Thalaivi Dr.J.Jayalalithaa CMBT Metro,ARIGNAR ANNA ALANDUR METRO,PURATCHI THALAIVI DR.J.JAYALALITHAA CMBT METRO,30.0,24.0,INR,CMRL,2021-02-22,CMRL_OFFICIAL
FARE_CMRL_METRO_ARIGNAR_ANNA_ALANDUR_TO_METRO_KOYAMBEDU,METRO_ARIGNAR_ANNA_ALANDUR,METRO_KOYAMBEDU,Arignar Anna Alandur Metro,Koyambedu,ARIGNAR ANNA ALANDUR METRO,KOYAMBEDU,30.0,24.0,INR,CMRL,2021-02-22,CMRL_OFFICIAL
FARE_CMRL_METRO_ARIGNAR_ANNA_ALANDUR_TO_METRO_THIRUMANGALAM,METRO_ARIGNAR_ANNA_ALANDUR,METRO_THIRUMANGALAM,Arignar Anna Alandur Metro,Thirumangalam,ARIGNAR ANNA ALANDUR METRO,THIRUMANGALAM,30.0,24.0,INR,CMRL,2021-02-22,CMRL_OFFICIAL
FARE_CMRL_METRO_ARIGNAR_ANNA_ALANDUR_TO_METRO_ANNA_NAGAR_TOWER,METRO_ARIGNAR_ANNA_ALANDUR,METRO_ANNA_NAGAR_TOWER,Arignar Anna Alandur Metro,Anna Nagar Tower,ARIGNAR ANNA ALANDUR METRO,ANNA NAGAR TOWER,30.0,24.0,INR,CMRL,2021-02-22,CMRL_OFFICIAL
FARE_CMRL_METRO_ARIGNAR_ANNA_ALANDUR_TO_METRO_ANNA_NAGAR_EAST,METRO_ARIGNAR_ANNA_ALANDUR,METRO_ANNA_NAGAR_EAST,Arignar Anna Alandur Metro,Anna Nagar East,ARIGNAR ANNA ALANDUR METRO,ANNA NAGAR EAST,40.0,32.0,INR,CMRL,2021-02-22,CMRL_OFFICIAL
FARE_CMRL_METRO_ARIGNAR_ANNA_ALANDUR_TO_METRO_SHENOY_NAGAR,METRO_ARIGNAR_ANNA_ALANDUR,METRO_SHENOY_NAGAR,Arignar Anna Alandur Metro,Shenoy Nagar,ARIGNAR ANNA ALANDUR METRO,SHENOY NAGAR,40.0,32.0,INR,CMRL,2021-02-22,CMRL_OFFICIAL
FARE_CMRL_METRO_ARIGNAR_ANNA_ALANDUR_TO_METRO_PACHAIYAPPA_S_COLLEGE,METRO_ARIGNAR_ANNA_ALANDUR,METRO_PACHAIYAPPA_S_COLLEGE,Arignar Anna Alandur Metro,Pachaiyappa's College,ARIGNAR ANNA ALANDUR METRO,PACHIAPPAS COLLEGE,40.0,32.0,INR,CMRL,2021-02-22,CMRL_OFFICIAL
FARE_CMRL_METRO_ARIGNAR_ANNA_ALANDUR_TO_METRO_KILPAUK,METRO_ARIGNAR_ANNA_ALANDUR,METRO_KILPAUK,Arignar Anna Alandur Metro,Kilpauk,ARIGNAR ANNA ALANDUR METRO,KILPAUK,40.0,32.0,INR,CMRL,2021-02-22,CMRL_OFFICIAL
FARE_CMRL_METRO_ARIGNAR_ANNA_ALANDUR_TO_METRO_NEHRU_PARK,METRO_ARIGNAR_ANNA_ALANDUR,METRO_NEHRU_PARK,Arignar Anna Alandur Metro,Nehru Park,ARIGNAR ANNA ALANDUR METRO,NEHRU PARK,40.0,32.0,INR,CMRL,2021-02-22,CMRL_OFFICIAL
FARE_CMRL_METRO_ARIGNAR_ANNA_ALANDUR_TO_METRO_EGMORE,METRO_ARIGNAR_ANNA_ALANDUR,METRO_EGMORE,Arignar Anna Alandur Metro,Egmore,ARIGNAR ANNA ALANDUR METRO,EGMORE,40.0,32.0,INR,CMRL,2021-02-22,CMRL_OFFICIAL
FARE_CMRL_METRO_ARIGNAR_ANNA_ALANDUR_TO_METRO_ST__THOMAS_MOUNT,METRO_ARIGNAR_ANNA_ALANDUR,METRO_ST__THOMAS_MOUNT,Arignar Anna Alandur Metro,St. Thomas Mount,ARIGNAR ANNA ALANDUR METRO,ST. THOMAS MOUNT,10.0,8.0,INR,CMRL,2021-02-22,CMRL_OFFICIAL
FARE_CMRL_METRO_GUINDY_TO_METRO_CHENNAI_INTERNATIONAL_AIRPORT,METRO_GUINDY,METRO_CHENNAI_INTERNATIONAL_AIRPORT,Guindy,Chennai International Airport,GUINDY,AIRPORT,30.0,24.0,INR,CMRL,2021-02-22,CMRL_OFFICIAL
FARE_CMRL_METRO_GUINDY_TO_METRO_MEENAMBAKKAM,METRO_GUINDY,METRO_MEENAMBAKKAM,Guindy,Meenambakkam,GUINDY,MEENAMBAKKAM,20.0,16.0,INR,CMRL,2021-02-22,CMRL_OFFICIAL
FARE_CMRL_METRO_GUINDY_TO_METRO_OTA_NANGANALLUR_ROAD,METRO_GUINDY,METRO_OTA_NANGANALLUR_ROAD,Guindy,OTA-Nanganallur Road,GUINDY,NANGANALLUR ROAD,20.0,16.0,INR,CMRL,2021-02-22,CMRL_OFFICIAL
FARE_CMRL_METRO_GUINDY_TO_METRO_ARIGNAR_ANNA_ALANDUR,METRO_GUINDY,METRO_ARIGNAR_ANNA_ALANDUR,Guindy,Arignar Anna Alandur Metro,GUINDY,ARIGNAR ANNA ALANDUR METRO,10.0,8.0,INR,CMRL,2021-02-22,CMRL_OFFICIAL
FARE_CMRL_METRO_GUINDY_TO_METRO_GUINDY,METRO_GUINDY,METRO_GUINDY,Guindy,Guindy,GUINDY,GUINDY,0.0,0.0,INR,CMRL,2021-02-22,CMRL_OFFICIAL
FARE_CMRL_METRO_GUINDY_TO_METRO_LITTLE_MOUNT,METRO_GUINDY,METRO_LITTLE_MOUNT,Guindy,Little Mount,GUINDY,LITTLE MOUNT,10.0,8.0,INR,CMRL,2021-02-22,CMRL_OFFICIAL
FARE_CMRL_METRO_GUINDY_TO_METRO_SAIDAPET,METRO_GUINDY,METRO_SAIDAPET,Guindy,Saidapet Metro,GUINDY,SAIDAPET,20.0,16.0,INR,CMRL,2021-02-22,CMRL_OFFICIAL
FARE_CMRL_METRO_GUINDY_TO_METRO_NANDANAM,METRO_GUINDY,METRO_NANDANAM,Guindy,Nandanam,GUINDY,NANDANAM,20.0,16.0,INR,CMRL,2021-02-22,CMRL_OFFICIAL
FARE_CMRL_METRO_GUINDY_TO_METRO_TEYNAMPET,METRO_GUINDY,METRO_TEYNAMPET,Guindy,Teynampet,GUINDY,TEYNAMPET,20.0,16.0,INR,CMRL,2021-02-22,CMRL_OFFICIAL
FARE_CMRL_METRO_GUINDY_TO_METRO_AG___8211__DMS,METRO_GUINDY,METRO_AG___8211__DMS,Guindy,AG – DMS,GUINDY,AG-DMS,30.0,24.0,INR,CMRL,2021-02-22,CMRL_OFFICIAL
FARE_CMRL_METRO_GUINDY_TO_METRO_THOUSAND_LIGHTS,METRO_GUINDY,METRO_THOUSAND_LIGHTS,Guindy,Thousand Lights,GUINDY,THOUSAND LIGHTS,30.0,24.0,INR,CMRL,2021-02-22,CMRL_OFFICIAL
FARE_CMRL_METRO_GUINDY_TO_METRO_LIC,METRO_GUINDY,METRO_LIC,Guindy,LIC,GUINDY,LIC,30.0,24.0,INR,CMRL,2021-02-22,CMRL_OFFICIAL
FARE_CMRL_METRO_GUINDY_TO_METRO_GOVERNMENT_ESTATE,METRO_GUINDY,METRO_GOVERNMENT_ESTATE,Guindy,Government Estate,GUINDY,GOVERNMENT ESTATE,30.0,24.0,INR,CMRL,2021-02-22,CMRL_OFFICIAL
FARE_CMRL_METRO_GUINDY_TO_METRO_PURATCHI_THALAIVAR_DR__M_G_RAMACHANDRAN_CENTRAL,METRO_GUINDY,METRO_PURATCHI_THALAIVAR_DR__M_G_RAMACHANDRAN_CENTRAL,Guindy,Puratchi Thalaivar Dr. M.G.Ramachandran Central Metro,GUINDY,PURATCHI THALAIVAR DR.M.G.RAMACHANDRAN CENTRAL METRO,30.0,24.0,INR,CMRL,2021-02-22,CMRL_OFFICIAL
FARE_CMRL_METRO_GUINDY_TO_METRO_HIGHCOURT,METRO_GUINDY,METRO_HIGHCOURT,Guindy,Highcourt,GUINDY,HIGH COURT,40.0,32.0,INR,CMRL,2021-02-22,CMRL_OFFICIAL
FARE_CMRL_METRO_GUINDY_TO_METRO_MANNADI,METRO_GUINDY,METRO_MANNADI,Guindy,Mannadi,GUINDY,MANNADI,40.0,32.0,INR,CMRL,2021-02-22,CMRL_OFFICIAL
FARE_CMRL_METRO_GUINDY_TO_METRO_WASHERMENPET,METRO_GUINDY,METRO_WASHERMENPET,Guindy,Washermenpet,GUINDY,WASHERMENPET,40.0,32.0,INR,CMRL,2021-02-22,CMRL_OFFICIAL
FARE_CMRL_METRO_GUINDY_TO_METRO_SIR_THIYAGARAYA_COLLEGE,METRO_GUINDY,METRO_SIR_THIYAGARAYA_COLLEGE,Guindy,Sir Theagaraya College,GUINDY,THYAGARAYA COLLEGE,40.0,32.0,INR,CMRL,2021-02-22,CMRL_OFFICIAL
FARE_CMRL_METRO_GUINDY_TO_METRO_TONDIARPET,METRO_GUINDY,METRO_TONDIARPET,Guindy,Tondiarpet,GUINDY,TONDIARPET,40.0,32.0,INR,CMRL,2021-02-22,CMRL_OFFICIAL
FARE_CMRL_METRO_GUINDY_TO_METRO_NEW_WASHERMENPET,METRO_GUINDY,METRO_NEW_WASHERMENPET,Guindy,New Washermenpet,GUINDY,NEW WASHERMENPET,40.0,32.0,INR,CMRL,2021-02-22,CMRL_OFFICIAL
FARE_CMRL_METRO_GUINDY_TO_METRO_TOLLGATE,METRO_GUINDY,METRO_TOLLGATE,Guindy,Tollgate,GUINDY,TOLL GATE,40.0,32.0,INR,CMRL,2021-02-22,CMRL_OFFICIAL
FARE_CMRL_METRO_GUINDY_TO_METRO_KALADIPET,METRO_GUINDY,METRO_KALADIPET,Guindy,Kaladipet,GUINDY,KALADIPET,40.0,32.0,INR,CMRL,2021-02-22,CMRL_OFFICIAL
FARE_CMRL_METRO_GUINDY_TO_METRO_THIRUVOTTRIYUR_THERADI,METRO_GUINDY,METRO_THIRUVOTTRIYUR_THERADI,Guindy,Thiruvottiyur Theradi,GUINDY,THIRUVOTRIYUR THEREDI,50.0,40.0,INR,CMRL,2021-02-22,CMRL_OFFICIAL
FARE_CMRL_METRO_GUINDY_TO_METRO_THIRUVOTRIYUR,METRO_GUINDY,METRO_THIRUVOTRIYUR,Guindy,Thiruvottriyur,GUINDY,THIRUVOTRIYUR,50.0,40.0,INR,CMRL,2021-02-22,CMRL_OFFICIAL
FARE_CMRL_METRO_GUINDY_TO_METRO_WIMCO_NAGAR_6738,METRO_GUINDY,METRO_WIMCO_NAGAR_6738,Guindy,Wimco Nagar,GUINDY,WIMCO NAGAR,50.0,40.0,INR,CMRL,2021-02-22,CMRL_OFFICIAL
FARE_CMRL_METRO_GUINDY_TO_METRO_WIMCO_NAGAR,METRO_GUINDY,METRO_WIMCO_NAGAR,Guindy,Wimco Nagar Depot,GUINDY,WIMCO NAGAR DEPOT,50.0,40.0,INR,CMRL,2021-02-22,CMRL_OFFICIAL
FARE_CMRL_METRO_GUINDY_TO_METRO_EKKATTUTHANGAL,METRO_GUINDY,METRO_EKKATTUTHANGAL,Guindy,Ekkattuthangal,GUINDY,EKKATTUTHANGAL,20.0,16.0,INR,CMRL,2021-02-22,CMRL_OFFICIAL
FARE_CMRL_METRO_GUINDY_TO_METRO_ASHOK_NAGAR,METRO_GUINDY,METRO_ASHOK_NAGAR,Guindy,Ashok Nagar,GUINDY,ASHOK NAGAR,20.0,16.0,INR,CMRL,2021-02-22,CMRL_OFFICIAL
FARE_CMRL_METRO_GUINDY_TO_METRO_VADAPALANI,METRO_GUINDY,METRO_VADAPALANI,Guindy,Vadapalani,GUINDY,VADAPALANI,30.0,24.0,INR,CMRL,2021-02-22,CMRL_OFFICIAL
FARE_CMRL_METRO_GUINDY_TO_METRO_ARUMBAKKAM,METRO_GUINDY,METRO_ARUMBAKKAM,Guindy,Arumbakkam,GUINDY,ARUMBAKKAM,30.0,24.0,INR,CMRL,2021-02-22,CMRL_OFFICIAL
FARE_CMRL_METRO_GUINDY_TO_METRO_PURATCHI_THALAIVI_DR_J_JAYALALITHAA_CMBT,METRO_GUINDY,METRO_PURATCHI_THALAIVI_DR_J_JAYALALITHAA_CMBT,Guindy,Puratchi Thalaivi Dr.J.Jayalalithaa CMBT Metro,GUINDY,PURATCHI THALAIVI DR.J.JAYALALITHAA CMBT METRO,30.0,24.0,INR,CMRL,2021-02-22,CMRL_OFFICIAL
FARE_CMRL_METRO_GUINDY_TO_METRO_KOYAMBEDU,METRO_GUINDY,METRO_KOYAMBEDU,Guindy,Koyambedu,GUINDY,KOYAMBEDU,30.0,24.0,INR,CMRL,2021-02-22,CMRL_OFFICIAL
FARE_CMRL_METRO_GUINDY_TO_METRO_THIRUMANGALAM,METRO_GUINDY,METRO_THIRUMANGALAM,Guindy,Thirumangalam,GUINDY,THIRUMANGALAM,40.0,32.0,INR,CMRL,2021-02-22,CMRL_OFFICIAL
FARE_CMRL_METRO_GUINDY_TO_METRO_ANNA_NAGAR_TOWER,METRO_GUINDY,METRO_ANNA_NAGAR_TOWER,Guindy,Anna Nagar Tower,GUINDY,ANNA NAGAR TOWER,40.0,32.0,INR,CMRL,2021-02-22,CMRL_OFFICIAL
FARE_CMRL_METRO_GUINDY_TO_METRO_ANNA_NAGAR_EAST,METRO_GUINDY,METRO_ANNA_NAGAR_EAST,Guindy,Anna Nagar East,GUINDY,ANNA NAGAR EAST,40.0,32.0,INR,CMRL,2021-02-22,CMRL_OFFICIAL
FARE_CMRL_METRO_GUINDY_TO_METRO_SHENOY_NAGAR,METRO_GUINDY,METRO_SHENOY_NAGAR,Guindy,Shenoy Nagar,GUINDY,SHENOY NAGAR,40.0,32.0,INR,CMRL,2021-02-22,CMRL_OFFICIAL
FARE_CMRL_METRO_GUINDY_TO_METRO_PACHAIYAPPA_S_COLLEGE,METRO_GUINDY,METRO_PACHAIYAPPA_S_COLLEGE,Guindy,Pachaiyappa's College,GUINDY,PACHIAPPAS COLLEGE,40.0,32.0,INR,CMRL,2021-02-22,CMRL_OFFICIAL
FARE_CMRL_METRO_GUINDY_TO_METRO_KILPAUK,METRO_GUINDY,METRO_KILPAUK,Guindy,Kilpauk,GUINDY,KILPAUK,40.0,32.0,INR,CMRL,2021-02-22,CMRL_OFFICIAL
FARE_CMRL_METRO_GUINDY_TO_METRO_NEHRU_PARK,METRO_GUINDY,METRO_NEHRU_PARK,Guindy,Nehru Park,GUINDY,NEHRU PARK,40.0,32.0,INR,CMRL,2021-02-22,CMRL_OFFICIAL
FARE_CMRL_METRO_GUINDY_TO_METRO_EGMORE,METRO_GUINDY,METRO_EGMORE,Guindy,Egmore,GUINDY,EGMORE,40.0,32.0,INR,CMRL,2021-02-22,CMRL_OFFICIAL
FARE_CMRL_METRO_GUINDY_TO_METRO_ST__THOMAS_MOUNT,METRO_GUINDY,METRO_ST__THOMAS_MOUNT,Guindy,St. Thomas Mount,GUINDY,ST. THOMAS MOUNT,20.0,16.0,INR,CMRL,2021-02-22,CMRL_OFFICIAL
FARE_CMRL_METRO_LITTLE_MOUNT_TO_METRO_CHENNAI_INTERNATIONAL_AIRPORT,METRO_LITTLE_MOUNT,METRO_CHENNAI_INTERNATIONAL_AIRPORT,Little Mount,Chennai International Airport,LITTLE MOUNT,AIRPORT,30.0,24.0,INR,CMRL,2021-02-22,CMRL_OFFICIAL
FARE_CMRL_METRO_LITTLE_MOUNT_TO_METRO_MEENAMBAKKAM,METRO_LITTLE_MOUNT,METRO_MEENAMBAKKAM,Little Mount,Meenambakkam,LITTLE MOUNT,MEENAMBAKKAM,30.0,24.0,INR,CMRL,2021-02-22,CMRL_OFFICIAL
FARE_CMRL_METRO_LITTLE_MOUNT_TO_METRO_OTA_NANGANALLUR_ROAD,METRO_LITTLE_MOUNT,METRO_OTA_NANGANALLUR_ROAD,Little Mount,OTA-Nanganallur Road,LITTLE MOUNT,NANGANALLUR ROAD,20.0,16.0,INR,CMRL,2021-02-22,CMRL_OFFICIAL
FARE_CMRL_METRO_LITTLE_MOUNT_TO_METRO_ARIGNAR_ANNA_ALANDUR,METRO_LITTLE_MOUNT,METRO_ARIGNAR_ANNA_ALANDUR,Little Mount,Arignar Anna Alandur Metro,LITTLE MOUNT,ARIGNAR ANNA ALANDUR METRO,20.0,16.0,INR,CMRL,2021-02-22,CMRL_OFFICIAL
FARE_CMRL_METRO_LITTLE_MOUNT_TO_METRO_GUINDY,METRO_LITTLE_MOUNT,METRO_GUINDY,Little Mount,Guindy,LITTLE MOUNT,GUINDY,10.0,8.0,INR,CMRL,2021-02-22,CMRL_OFFICIAL
FARE_CMRL_METRO_LITTLE_MOUNT_TO_METRO_LITTLE_MOUNT,METRO_LITTLE_MOUNT,METRO_LITTLE_MOUNT,Little Mount,Little Mount,LITTLE MOUNT,LITTLE MOUNT,0.0,0.0,INR,CMRL,2021-02-22,CMRL_OFFICIAL
FARE_CMRL_METRO_LITTLE_MOUNT_TO_METRO_SAIDAPET,METRO_LITTLE_MOUNT,METRO_SAIDAPET,Little Mount,Saidapet Metro,LITTLE MOUNT,SAIDAPET,10.0,8.0,INR,CMRL,2021-02-22,CMRL_OFFICIAL
FARE_CMRL_METRO_LITTLE_MOUNT_TO_METRO_NANDANAM,METRO_LITTLE_MOUNT,METRO_NANDANAM,Little Mount,Nandanam,LITTLE MOUNT,NANDANAM,20.0,16.0,INR,CMRL,2021-02-22,CMRL_OFFICIAL
FARE_CMRL_METRO_LITTLE_MOUNT_TO_METRO_TEYNAMPET,METRO_LITTLE_MOUNT,METRO_TEYNAMPET,Little Mount,Teynampet,LITTLE MOUNT,TEYNAMPET,20.0,16.0,INR,CMRL,2021-02-22,CMRL_OFFICIAL
FARE_CMRL_METRO_LITTLE_MOUNT_TO_METRO_AG___8211__DMS,METRO_LITTLE_MOUNT,METRO_AG___8211__DMS,Little Mount,AG – DMS,LITTLE MOUNT,AG-DMS,20.0,16.0,INR,CMRL,2021-02-22,CMRL_OFFICIAL
FARE_CMRL_METRO_LITTLE_MOUNT_TO_METRO_THOUSAND_LIGHTS,METRO_LITTLE_MOUNT,METRO_THOUSAND_LIGHTS,Little Mount,Thousand Lights,LITTLE MOUNT,THOUSAND LIGHTS,30.0,24.0,INR,CMRL,2021-02-22,CMRL_OFFICIAL
FARE_CMRL_METRO_LITTLE_MOUNT_TO_METRO_LIC,METRO_LITTLE_MOUNT,METRO_LIC,Little Mount,LIC,LITTLE MOUNT,LIC,30.0,24.0,INR,CMRL,2021-02-22,CMRL_OFFICIAL
FARE_CMRL_METRO_LITTLE_MOUNT_TO_METRO_GOVERNMENT_ESTATE,METRO_LITTLE_MOUNT,METRO_GOVERNMENT_ESTATE,Little Mount,Government Estate,LITTLE MOUNT,GOVERNMENT ESTATE,30.0,24.0,INR,CMRL,2021-02-22,CMRL_OFFICIAL
FARE_CMRL_METRO_LITTLE_MOUNT_TO_METRO_PURATCHI_THALAIVAR_DR__M_G_RAMACHANDRAN_CENTRAL,METRO_LITTLE_MOUNT,METRO_PURATCHI_THALAIVAR_DR__M_G_RAMACHANDRAN_CENTRAL,Little Mount,Puratchi Thalaivar Dr. M.G.Ramachandran Central Metro,LITTLE MOUNT,PURATCHI THALAIVAR DR.M.G.RAMACHANDRAN CENTRAL METRO,30.0,24.0,INR,CMRL,2021-02-22,CMRL_OFFICIAL
FARE_CMRL_METRO_LITTLE_MOUNT_TO_METRO_HIGHCOURT,METRO_LITTLE_MOUNT,METRO_HIGHCOURT,Little Mount,Highcourt,LITTLE MOUNT,HIGH COURT,30.0,24.0,INR,CMRL,2021-02-22,CMRL_OFFICIAL
FARE_CMRL_METRO_LITTLE_MOUNT_TO_METRO_MANNADI,METRO_LITTLE_MOUNT,METRO_MANNADI,Little Mount,Mannadi,LITTLE MOUNT,MANNADI,40.0,32.0,INR,CMRL,2021-02-22,CMRL_OFFICIAL
FARE_CMRL_METRO_LITTLE_MOUNT_TO_METRO_WASHERMENPET,METRO_LITTLE_MOUNT,METRO_WASHERMENPET,Little Mount,Washermenpet,LITTLE MOUNT,WASHERMENPET,40.0,32.0,INR,CMRL,2021-02-22,CMRL_OFFICIAL
FARE_CMRL_METRO_LITTLE_MOUNT_TO_METRO_SIR_THIYAGARAYA_COLLEGE,METRO_LITTLE_MOUNT,METRO_SIR_THIYAGARAYA_COLLEGE,Little Mount,Sir Theagaraya College,LITTLE MOUNT,THYAGARAYA COLLEGE,40.0,32.0,INR,CMRL,2021-02-22,CMRL_OFFICIAL
FARE_CMRL_METRO_LITTLE_MOUNT_TO_METRO_TONDIARPET,METRO_LITTLE_MOUNT,METRO_TONDIARPET,Little Mount,Tondiarpet,LITTLE MOUNT,TONDIARPET,40.0,32.0,INR,CMRL,2021-02-22,CMRL_OFFICIAL
FARE_CMRL_METRO_LITTLE_MOUNT_TO_METRO_NEW_WASHERMENPET,METRO_LITTLE_MOUNT,METRO_NEW_WASHERMENPET,Little Mount,New Washermenpet,LITTLE MOUNT,NEW WASHERMENPET,40.0,32.0,INR,CMRL,2021-02-22,CMRL_OFFICIAL
FARE_CMRL_METRO_LITTLE_MOUNT_TO_METRO_TOLLGATE,METRO_LITTLE_MOUNT,METRO_TOLLGATE,Little Mount,Tollgate,LITTLE MOUNT,TOLL GATE,40.0,32.0,INR,CMRL,2021-02-22,CMRL_OFFICIAL
FARE_CMRL_METRO_LITTLE_MOUNT_TO_METRO_KALADIPET,METRO_LITTLE_MOUNT,METRO_KALADIPET,Little Mount,Kaladipet,LITTLE MOUNT,KALADIPET,40.0,32.0,INR,CMRL,2021-02-22,CMRL_OFFICIAL
FARE_CMRL_METRO_LITTLE_MOUNT_TO_METRO_THIRUVOTTRIYUR_THERADI,METRO_LITTLE_MOUNT,METRO_THIRUVOTTRIYUR_THERADI,Little Mount,Thiruvottiyur Theradi,LITTLE MOUNT,THIRUVOTRIYUR THEREDI,40.0,32.0,INR,CMRL,2021-02-22,CMRL_OFFICIAL
FARE_CMRL_METRO_LITTLE_MOUNT_TO_METRO_THIRUVOTRIYUR,METRO_LITTLE_MOUNT,METRO_THIRUVOTRIYUR,Little Mount,Thiruvottriyur,LITTLE MOUNT,THIRUVOTRIYUR,50.0,40.0,INR,CMRL,2021-02-22,CMRL_OFFICIAL
FARE_CMRL_METRO_LITTLE_MOUNT_TO_METRO_WIMCO_NAGAR_6738,METRO_LITTLE_MOUNT,METRO_WIMCO_NAGAR_6738,Little Mount,Wimco Nagar,LITTLE MOUNT,WIMCO NAGAR,50.0,40.0,INR,CMRL,2021-02-22,CMRL_OFFICIAL
FARE_CMRL_METRO_LITTLE_MOUNT_TO_METRO_WIMCO_NAGAR,METRO_LITTLE_MOUNT,METRO_WIMCO_NAGAR,Little Mount,Wimco Nagar Depot,LITTLE MOUNT,WIMCO NAGAR DEPOT,50.0,40.0,INR,CMRL,2021-02-22,CMRL_OFFICIAL
FARE_CMRL_METRO_LITTLE_MOUNT_TO_METRO_EKKATTUTHANGAL,METRO_LITTLE_MOUNT,METRO_EKKATTUTHANGAL,Little Mount,Ekkattuthangal,LITTLE MOUNT,EKKATTUTHANGAL,20.0,16.0,INR,CMRL,2021-02-22,CMRL_OFFICIAL
FARE_CMRL_METRO_LITTLE_MOUNT_TO_METRO_ASHOK_NAGAR,METRO_LITTLE_MOUNT,METRO_ASHOK_NAGAR,Little Mount,Ashok Nagar,LITTLE MOUNT,ASHOK NAGAR,30.0,24.0,INR,CMRL,2021-02-22,CMRL_OFFICIAL
FARE_CMRL_METRO_LITTLE_MOUNT_TO_METRO_VADAPALANI,METRO_LITTLE_MOUNT,METRO_VADAPALANI,Little Mount,Vadapalani,LITTLE MOUNT,VADAPALANI,30.0,24.0,INR,CMRL,2021-02-22,CMRL_OFFICIAL
FARE_CMRL_METRO_LITTLE_MOUNT_TO_METRO_ARUMBAKKAM,METRO_LITTLE_MOUNT,METRO_ARUMBAKKAM,Little Mount,Arumbakkam,LITTLE MOUNT,ARUMBAKKAM,30.0,24.0,INR,CMRL,2021-02-22,CMRL_OFFICIAL
FARE_CMRL_METRO_LITTLE_MOUNT_TO_METRO_PURATCHI_THALAIVI_DR_J_JAYALALITHAA_CMBT,METRO_LITTLE_MOUNT,METRO_PURATCHI_THALAIVI_DR_J_JAYALALITHAA_CMBT,Little Mount,Puratchi Thalaivi Dr.J.Jayalalithaa CMBT Metro,LITTLE MOUNT,PURATCHI THALAIVI DR.J.JAYALALITHAA CMBT METRO,30.0,24.0,INR,CMRL,2021-02-22,CMRL_OFFICIAL
FARE_CMRL_METRO_LITTLE_MOUNT_TO_METRO_KOYAMBEDU,METRO_LITTLE_MOUNT,METRO_KOYAMBEDU,Little Mount,Koyambedu,LITTLE MOUNT,KOYAMBEDU,30.0,24.0,INR,CMRL,2021-02-22,CMRL_OFFICIAL
FARE_CMRL_METRO_LITTLE_MOUNT_TO_METRO_THIRUMANGALAM,METRO_LITTLE_MOUNT,METRO_THIRUMANGALAM,Little Mount,Thirumangalam,LITTLE MOUNT,THIRUMANGALAM,40.0,32.0,INR,CMRL,2021-02-22,CMRL_OFFICIAL
FARE_CMRL_METRO_LITTLE_MOUNT_TO_METRO_ANNA_NAGAR_TOWER,METRO_LITTLE_MOUNT,METRO_ANNA_NAGAR_TOWER,Little Mount,Anna Nagar Tower,LITTLE MOUNT,ANNA NAGAR TOWER,40.0,32.0,INR,CMRL,2021-02-22,CMRL_OFFICIAL
FARE_CMRL_METRO_LITTLE_MOUNT_TO_METRO_ANNA_NAGAR_EAST,METRO_LITTLE_MOUNT,METRO_ANNA_NAGAR_EAST,Little Mount,Anna Nagar East,LITTLE MOUNT,ANNA NAGAR EAST,40.0,32.0,INR,CMRL,2021-02-22,CMRL_OFFICIAL
FARE_CMRL_METRO_LITTLE_MOUNT_TO_METRO_SHENOY_NAGAR,METRO_LITTLE_MOUNT,METRO_SHENOY_NAGAR,Little Mount,Shenoy Nagar,LITTLE MOUNT,SHENOY NAGAR,40.0,32.0,INR,CMRL,2021-02-22,CMRL_OFFICIAL
FARE_CMRL_METRO_LITTLE_MOUNT_TO_METRO_PACHAIYAPPA_S_COLLEGE,METRO_LITTLE_MOUNT,METRO_PACHAIYAPPA_S_COLLEGE,Little Mount,Pachaiyappa's College,LITTLE MOUNT,PACHIAPPAS COLLEGE,40.0,32.0,INR,CMRL,2021-02-22,CMRL_OFFICIAL
FARE_CMRL_METRO_LITTLE_MOUNT_TO_METRO_KILPAUK,METRO_LITTLE_MOUNT,METRO_KILPAUK,Little Mount,Kilpauk,LITTLE MOUNT,KILPAUK,40.0,32.0,INR,CMRL,2021-02-22,CMRL_OFFICIAL
FARE_CMRL_METRO_LITTLE_MOUNT_TO_METRO_NEHRU_PARK,METRO_LITTLE_MOUNT,METRO_NEHRU_PARK,Little Mount,Nehru Park,LITTLE MOUNT,NEHRU PARK,40.0,32.0,INR,CMRL,2021-02-22,CMRL_OFFICIAL
FARE_CMRL_METRO_LITTLE_MOUNT_TO_METRO_EGMORE,METRO_LITTLE_MOUNT,METRO_EGMORE,Little Mount,Egmore,LITTLE MOUNT,EGMORE,30.0,24.0,INR,CMRL,2021-02-22,CMRL_OFFICIAL
FARE_CMRL_METRO_LITTLE_MOUNT_TO_METRO_ST__THOMAS_MOUNT,METRO_LITTLE_MOUNT,METRO_ST__THOMAS_MOUNT,Little Mount,St. Thomas Mount,LITTLE MOUNT,ST. THOMAS MOUNT,20.0,16.0,INR,CMRL,2021-02-22,CMRL_OFFICIAL
FARE_CMRL_METRO_SAIDAPET_TO_METRO_CHENNAI_INTERNATIONAL_AIRPORT,METRO_SAIDAPET,METRO_CHENNAI_INTERNATIONAL_AIRPORT,Saidapet Metro,Chennai International Airport,SAIDAPET,AIRPORT,30.0,24.0,INR,CMRL,2021-02-22,CMRL_OFFICIAL
FARE_CMRL_METRO_SAIDAPET_TO_METRO_MEENAMBAKKAM,METRO_SAIDAPET,METRO_MEENAMBAKKAM,Saidapet Metro,Meenambakkam,SAIDAPET,MEENAMBAKKAM,30.0,24.0,INR,CMRL,2021-02-22,CMRL_OFFICIAL
FARE_CMRL_METRO_SAIDAPET_TO_METRO_OTA_NANGANALLUR_ROAD,METRO_SAIDAPET,METRO_OTA_NANGANALLUR_ROAD,Saidapet Metro,OTA-Nanganallur Road,SAIDAPET,NANGANALLUR ROAD,20.0,16.0,INR,CMRL,2021-02-22,CMRL_OFFICIAL
FARE_CMRL_METRO_SAIDAPET_TO_METRO_ARIGNAR_ANNA_ALANDUR,METRO_SAIDAPET,METRO_ARIGNAR_ANNA_ALANDUR,Saidapet Metro,Arignar Anna Alandur Metro,SAIDAPET,ARIGNAR ANNA ALANDUR METRO,20.0,16.0,INR,CMRL,2021-02-22,CMRL_OFFICIAL
FARE_CMRL_METRO_SAIDAPET_TO_METRO_GUINDY,METRO_SAIDAPET,METRO_GUINDY,Saidapet Metro,Guindy,SAIDAPET,GUINDY,20.0,16.0,INR,CMRL,2021-02-22,CMRL_OFFICIAL
FARE_CMRL_METRO_SAIDAPET_TO_METRO_LITTLE_MOUNT,METRO_SAIDAPET,METRO_LITTLE_MOUNT,Saidapet Metro,Little Mount,SAIDAPET,LITTLE MOUNT,10.0,8.0,INR,CMRL,2021-02-22,CMRL_OFFICIAL
FARE_CMRL_METRO_SAIDAPET_TO_METRO_SAIDAPET,METRO_SAIDAPET,METRO_SAIDAPET,Saidapet Metro,Saidapet Metro,SAIDAPET,SAIDAPET,0.0,0.0,INR,CMRL,2021-02-22,CMRL_OFFICIAL
FARE_CMRL_METRO_SAIDAPET_TO_METRO_NANDANAM,METRO_SAIDAPET,METRO_NANDANAM,Saidapet Metro,Nandanam,SAIDAPET,NANDANAM,10.0,8.0,INR,CMRL,2021-02-22,CMRL_OFFICIAL
FARE_CMRL_METRO_SAIDAPET_TO_METRO_TEYNAMPET,METRO_SAIDAPET,METRO_TEYNAMPET,Saidapet Metro,Teynampet,SAIDAPET,TEYNAMPET,20.0,16.0,INR,CMRL,2021-02-22,CMRL_OFFICIAL
FARE_CMRL_METRO_SAIDAPET_TO_METRO_AG___8211__DMS,METRO_SAIDAPET,METRO_AG___8211__DMS,Saidapet Metro,AG – DMS,SAIDAPET,AG-DMS,20.0,16.0,INR,CMRL,2021-02-22,CMRL_OFFICIAL
FARE_CMRL_METRO_SAIDAPET_TO_METRO_THOUSAND_LIGHTS,METRO_SAIDAPET,METRO_THOUSAND_LIGHTS,Saidapet Metro,Thousand Lights,SAIDAPET,THOUSAND LIGHTS,30.0,24.0,INR,CMRL,2021-02-22,CMRL_OFFICIAL
FARE_CMRL_METRO_SAIDAPET_TO_METRO_LIC,METRO_SAIDAPET,METRO_LIC,Saidapet Metro,LIC,SAIDAPET,LIC,30.0,24.0,INR,CMRL,2021-02-22,CMRL_OFFICIAL
FARE_CMRL_METRO_SAIDAPET_TO_METRO_GOVERNMENT_ESTATE,METRO_SAIDAPET,METRO_GOVERNMENT_ESTATE,Saidapet Metro,Government Estate,SAIDAPET,GOVERNMENT ESTATE,30.0,24.0,INR,CMRL,2021-02-22,CMRL_OFFICIAL
FARE_CMRL_METRO_SAIDAPET_TO_METRO_PURATCHI_THALAIVAR_DR__M_G_RAMACHANDRAN_CENTRAL,METRO_SAIDAPET,METRO_PURATCHI_THALAIVAR_DR__M_G_RAMACHANDRAN_CENTRAL,Saidapet Metro,Puratchi Thalaivar Dr. M.G.Ramachandran Central Metro,SAIDAPET,PURATCHI THALAIVAR DR.M.G.RAMACHANDRAN CENTRAL METRO,30.0,24.0,INR,CMRL,2021-02-22,CMRL_OFFICIAL
FARE_CMRL_METRO_SAIDAPET_TO_METRO_HIGHCOURT,METRO_SAIDAPET,METRO_HIGHCOURT,Saidapet Metro,Highcourt,SAIDAPET,HIGH COURT,30.0,24.0,INR,CMRL,2021-02-22,CMRL_OFFICIAL
FARE_CMRL_METRO_SAIDAPET_TO_METRO_MANNADI,METRO_SAIDAPET,METRO_MANNADI,Saidapet Metro,Mannadi,SAIDAPET,MANNADI,30.0,24.0,INR,CMRL,2021-02-22,CMRL_OFFICIAL
FARE_CMRL_METRO_SAIDAPET_TO_METRO_WASHERMENPET,METRO_SAIDAPET,METRO_WASHERMENPET,Saidapet Metro,Washermenpet,SAIDAPET,WASHERMENPET,40.0,32.0,INR,CMRL,2021-02-22,CMRL_OFFICIAL
FARE_CMRL_METRO_SAIDAPET_TO_METRO_SIR_THIYAGARAYA_COLLEGE,METRO_SAIDAPET,METRO_SIR_THIYAGARAYA_COLLEGE,Saidapet Metro,Sir Theagaraya College,SAIDAPET,THYAGARAYA COLLEGE,40.0,32.0,INR,CMRL,2021-02-22,CMRL_OFFICIAL
FARE_CMRL_METRO_SAIDAPET_TO_METRO_TONDIARPET,METRO_SAIDAPET,METRO_TONDIARPET,Saidapet Metro,Tondiarpet,SAIDAPET,TONDIARPET,40.0,32.0,INR,CMRL,2021-02-22,CMRL_OFFICIAL
FARE_CMRL_METRO_SAIDAPET_TO_METRO_NEW_WASHERMENPET,METRO_SAIDAPET,METRO_NEW_WASHERMENPET,Saidapet Metro,New Washermenpet,SAIDAPET,NEW WASHERMENPET,40.0,32.0,INR,CMRL,2021-02-22,CMRL_OFFICIAL
FARE_CMRL_METRO_SAIDAPET_TO_METRO_TOLLGATE,METRO_SAIDAPET,METRO_TOLLGATE,Saidapet Metro,Tollgate,SAIDAPET,TOLL GATE,40.0,32.0,INR,CMRL,2021-02-22,CMRL_OFFICIAL
FARE_CMRL_METRO_SAIDAPET_TO_METRO_KALADIPET,METRO_SAIDAPET,METRO_KALADIPET,Saidapet Metro,Kaladipet,SAIDAPET,KALADIPET,40.0,32.0,INR,CMRL,2021-02-22,CMRL_OFFICIAL
FARE_CMRL_METRO_SAIDAPET_TO_METRO_THIRUVOTTRIYUR_THERADI,METRO_SAIDAPET,METRO_THIRUVOTTRIYUR_THERADI,Saidapet Metro,Thiruvottiyur Theradi,SAIDAPET,THIRUVOTRIYUR THEREDI,40.0,32.0,INR,CMRL,2021-02-22,CMRL_OFFICIAL
FARE_CMRL_METRO_SAIDAPET_TO_METRO_THIRUVOTRIYUR,METRO_SAIDAPET,METRO_THIRUVOTRIYUR,Saidapet Metro,Thiruvottriyur,SAIDAPET,THIRUVOTRIYUR,40.0,32.0,INR,CMRL,2021-02-22,CMRL_OFFICIAL
FARE_CMRL_METRO_SAIDAPET_TO_METRO_WIMCO_NAGAR_6738,METRO_SAIDAPET,METRO_WIMCO_NAGAR_6738,Saidapet Metro,Wimco Nagar,SAIDAPET,WIMCO NAGAR,50.0,40.0,INR,CMRL,2021-02-22,CMRL_OFFICIAL
FARE_CMRL_METRO_SAIDAPET_TO_METRO_WIMCO_NAGAR,METRO_SAIDAPET,METRO_WIMCO_NAGAR,Saidapet Metro,Wimco Nagar Depot,SAIDAPET,WIMCO NAGAR DEPOT,50.0,40.0,INR,CMRL,2021-02-22,CMRL_OFFICIAL
FARE_CMRL_METRO_SAIDAPET_TO_METRO_EKKATTUTHANGAL,METRO_SAIDAPET,METRO_EKKATTUTHANGAL,Saidapet Metro,Ekkattuthangal,SAIDAPET,EKKATTUTHANGAL,30.0,24.0,INR,CMRL,2021-02-22,CMRL_OFFICIAL
FARE_CMRL_METRO_SAIDAPET_TO_METRO_ASHOK_NAGAR,METRO_SAIDAPET,METRO_ASHOK_NAGAR,Saidapet Metro,Ashok Nagar,SAIDAPET,ASHOK NAGAR,30.0,24.0,INR,CMRL,2021-02-22,CMRL_OFFICIAL
FARE_CMRL_METRO_SAIDAPET_TO_METRO_VADAPALANI,METRO_SAIDAPET,METRO_VADAPALANI,Saidapet Metro,Vadapalani,SAIDAPET,VADAPALANI,30.0,24.0,INR,CMRL,2021-02-22,CMRL_OFFICIAL
FARE_CMRL_METRO_SAIDAPET_TO_METRO_ARUMBAKKAM,METRO_SAIDAPET,METRO_ARUMBAKKAM,Saidapet Metro,Arumbakkam,SAIDAPET,ARUMBAKKAM,30.0,24.0,INR,CMRL,2021-02-22,CMRL_OFFICIAL
FARE_CMRL_METRO_SAIDAPET_TO_METRO_PURATCHI_THALAIVI_DR_J_JAYALALITHAA_CMBT,METRO_SAIDAPET,METRO_PURATCHI_THALAIVI_DR_J_JAYALALITHAA_CMBT,Saidapet Metro,Puratchi Thalaivi Dr.J.Jayalalithaa CMBT Metro,SAIDAPET,PURATCHI THALAIVI DR.J.JAYALALITHAA CMBT METRO,30.0,24.0,INR,CMRL,2021-02-22,CMRL_OFFICIAL
FARE_CMRL_METRO_SAIDAPET_TO_METRO_KOYAMBEDU,METRO_SAIDAPET,METRO_KOYAMBEDU,Saidapet Metro,Koyambedu,SAIDAPET,KOYAMBEDU,40.0,32.0,INR,CMRL,2021-02-22,CMRL_OFFICIAL
FARE_CMRL_METRO_SAIDAPET_TO_METRO_THIRUMANGALAM,METRO_SAIDAPET,METRO_THIRUMANGALAM,Saidapet Metro,Thirumangalam,SAIDAPET,THIRUMANGALAM,40.0,32.0,INR,CMRL,2021-02-22,CMRL_OFFICIAL
FARE_CMRL_METRO_SAIDAPET_TO_METRO_ANNA_NAGAR_TOWER,METRO_SAIDAPET,METRO_ANNA_NAGAR_TOWER,Saidapet Metro,Anna Nagar Tower,SAIDAPET,ANNA NAGAR TOWER,40.0,32.0,INR,CMRL,2021-02-22,CMRL_OFFICIAL
FARE_CMRL_METRO_SAIDAPET_TO_METRO_ANNA_NAGAR_EAST,METRO_SAIDAPET,METRO_ANNA_NAGAR_EAST,Saidapet Metro,Anna Nagar East,SAIDAPET,ANNA NAGAR EAST,40.0,32.0,INR,CMRL,2021-02-22,CMRL_OFFICIAL
FARE_CMRL_METRO_SAIDAPET_TO_METRO_SHENOY_NAGAR,METRO_SAIDAPET,METRO_SHENOY_NAGAR,Saidapet Metro,Shenoy Nagar,SAIDAPET,SHENOY NAGAR,40.0,32.0,INR,CMRL,2021-02-22,CMRL_OFFICIAL
FARE_CMRL_METRO_SAIDAPET_TO_METRO_PACHAIYAPPA_S_COLLEGE,METRO_SAIDAPET,METRO_PACHAIYAPPA_S_COLLEGE,Saidapet Metro,Pachaiyappa's College,SAIDAPET,PACHIAPPAS COLLEGE,40.0,32.0,INR,CMRL,2021-02-22,CMRL_OFFICIAL
FARE_CMRL_METRO_SAIDAPET_TO_METRO_KILPAUK,METRO_SAIDAPET,METRO_KILPAUK,Saidapet Metro,Kilpauk,SAIDAPET,KILPAUK,40.0,32.0,INR,CMRL,2021-02-22,CMRL_OFFICIAL
FARE_CMRL_METRO_SAIDAPET_TO_METRO_NEHRU_PARK,METRO_SAIDAPET,METRO_NEHRU_PARK,Saidapet Metro,Nehru Park,SAIDAPET,NEHRU PARK,30.0,24.0,INR,CMRL,2021-02-22,CMRL_OFFICIAL
FARE_CMRL_METRO_SAIDAPET_TO_METRO_EGMORE,METRO_SAIDAPET,METRO_EGMORE,Saidapet Metro,Egmore,SAIDAPET,EGMORE,30.0,24.0,INR,CMRL,2021-02-22,CMRL_OFFICIAL
FARE_CMRL_METRO_SAIDAPET_TO_METRO_ST__THOMAS_MOUNT,METRO_SAIDAPET,METRO_ST__THOMAS_MOUNT,Saidapet Metro,St. Thomas Mount,SAIDAPET,ST. THOMAS MOUNT,30.0,24.0,INR,CMRL,2021-02-22,CMRL_OFFICIAL
FARE_CMRL_METRO_NANDANAM_TO_METRO_CHENNAI_INTERNATIONAL_AIRPORT,METRO_NANDANAM,METRO_CHENNAI_INTERNATIONAL_AIRPORT,Nandanam,Chennai International Airport,NANDANAM,AIRPORT,30.0,24.0,INR,CMRL,2021-02-22,CMRL_OFFICIAL
FARE_CMRL_METRO_NANDANAM_TO_METRO_MEENAMBAKKAM,METRO_NANDANAM,METRO_MEENAMBAKKAM,Nandanam,Meenambakkam,NANDANAM,MEENAMBAKKAM,30.0,24.0,INR,CMRL,2021-02-22,CMRL_OFFICIAL
FARE_CMRL_METRO_NANDANAM_TO_METRO_OTA_NANGANALLUR_ROAD,METRO_NANDANAM,METRO_OTA_NANGANALLUR_ROAD,Nandanam,OTA-Nanganallur Road,NANDANAM,NANGANALLUR ROAD,30.0,24.0,INR,CMRL,2021-02-22,CMRL_OFFICIAL
FARE_CMRL_METRO_NANDANAM_TO_METRO_ARIGNAR_ANNA_ALANDUR,METRO_NANDANAM,METRO_ARIGNAR_ANNA_ALANDUR,Nandanam,Arignar Anna Alandur Metro,NANDANAM,ARIGNAR ANNA ALANDUR METRO,30.0,24.0,INR,CMRL,2021-02-22,CMRL_OFFICIAL
FARE_CMRL_METRO_NANDANAM_TO_METRO_GUINDY,METRO_NANDANAM,METRO_GUINDY,Nandanam,Guindy,NANDANAM,GUINDY,20.0,16.0,INR,CMRL,2021-02-22,CMRL_OFFICIAL
FARE_CMRL_METRO_NANDANAM_TO_METRO_LITTLE_MOUNT,METRO_NANDANAM,METRO_LITTLE_MOUNT,Nandanam,Little Mount,NANDANAM,LITTLE MOUNT,20.0,16.0,INR,CMRL,2021-02-22,CMRL_OFFICIAL
FARE_CMRL_METRO_NANDANAM_TO_METRO_SAIDAPET,METRO_NANDANAM,METRO_SAIDAPET,Nandanam,Saidapet Metro,NANDANAM,SAIDAPET,10.0,8.0,INR,CMRL,2021-02-22,CMRL_OFFICIAL
FARE_CMRL_METRO_NANDANAM_TO_METRO_NANDANAM,METRO_NANDANAM,METRO_NANDANAM,Nandanam,Nandanam,NANDANAM,NANDANAM,0.0,0.0,INR,CMRL,2021-02-22,CMRL_OFFICIAL
FARE_CMRL_METRO_NANDANAM_TO_METRO_TEYNAMPET,METRO_NANDANAM,METRO_TEYNAMPET,Nandanam,Teynampet,NANDANAM,TEYNAMPET,10.0,8.0,INR,CMRL,2021-02-22,CMRL_OFFICIAL
FARE_CMRL_METRO_NANDANAM_TO_METRO_AG___8211__DMS,METRO_NANDANAM,METRO_AG___8211__DMS,Nandanam,AG – DMS,NANDANAM,AG-DMS,10.0,8.0,INR,CMRL,2021-02-22,CMRL_OFFICIAL
FARE_CMRL_METRO_NANDANAM_TO_METRO_THOUSAND_LIGHTS,METRO_NANDANAM,METRO_THOUSAND_LIGHTS,Nandanam,Thousand Lights,NANDANAM,THOUSAND LIGHTS,20.0,16.0,INR,CMRL,2021-02-22,CMRL_OFFICIAL
FARE_CMRL_METRO_NANDANAM_TO_METRO_LIC,METRO_NANDANAM,METRO_LIC,Nandanam,LIC,NANDANAM,LIC,20.0,16.0,INR,CMRL,2021-02-22,CMRL_OFFICIAL
FARE_CMRL_METRO_NANDANAM_TO_METRO_GOVERNMENT_ESTATE,METRO_NANDANAM,METRO_GOVERNMENT_ESTATE,Nandanam,Government Estate,NANDANAM,GOVERNMENT ESTATE,30.0,24.0,INR,CMRL,2021-02-22,CMRL_OFFICIAL
FARE_CMRL_METRO_NANDANAM_TO_METRO_PURATCHI_THALAIVAR_DR__M_G_RAMACHANDRAN_CENTRAL,METRO_NANDANAM,METRO_PURATCHI_THALAIVAR_DR__M_G_RAMACHANDRAN_CENTRAL,Nandanam,Puratchi Thalaivar Dr. M.G.Ramachandran Central Metro,NANDANAM,PURATCHI THALAIVAR DR.M.G.RAMACHANDRAN CENTRAL METRO,30.0,24.0,INR,CMRL,2021-02-22,CMRL_OFFICIAL
FARE_CMRL_METRO_NANDANAM_TO_METRO_HIGHCOURT,METRO_NANDANAM,METRO_HIGHCOURT,Nandanam,Highcourt,NANDANAM,HIGH COURT,30.0,24.0,INR,CMRL,2021-02-22,CMRL_OFFICIAL
FARE_CMRL_METRO_NANDANAM_TO_METRO_MANNADI,METRO_NANDANAM,METRO_MANNADI,Nandanam,Mannadi,NANDANAM,MANNADI,30.0,24.0,INR,CMRL,2021-02-22,CMRL_OFFICIAL
FARE_CMRL_METRO_NANDANAM_TO_METRO_WASHERMENPET,METRO_NANDANAM,METRO_WASHERMENPET,Nandanam,Washermenpet,NANDANAM,WASHERMENPET,30.0,24.0,INR,CMRL,2021-02-22,CMRL_OFFICIAL
FARE_CMRL_METRO_NANDANAM_TO_METRO_SIR_THIYAGARAYA_COLLEGE,METRO_NANDANAM,METRO_SIR_THIYAGARAYA_COLLEGE,Nandanam,Sir Theagaraya College,NANDANAM,THYAGARAYA COLLEGE,40.0,32.0,INR,CMRL,2021-02-22,CMRL_OFFICIAL
FARE_CMRL_METRO_NANDANAM_TO_METRO_TONDIARPET,METRO_NANDANAM,METRO_TONDIARPET,Nandanam,Tondiarpet,NANDANAM,TONDIARPET,40.0,32.0,INR,CMRL,2021-02-22,CMRL_OFFICIAL
FARE_CMRL_METRO_NANDANAM_TO_METRO_NEW_WASHERMENPET,METRO_NANDANAM,METRO_NEW_WASHERMENPET,Nandanam,New Washermenpet,NANDANAM,NEW WASHERMENPET,40.0,32.0,INR,CMRL,2021-02-22,CMRL_OFFICIAL
FARE_CMRL_METRO_NANDANAM_TO_METRO_TOLLGATE,METRO_NANDANAM,METRO_TOLLGATE,Nandanam,Tollgate,NANDANAM,TOLL GATE,40.0,32.0,INR,CMRL,2021-02-22,CMRL_OFFICIAL
FARE_CMRL_METRO_NANDANAM_TO_METRO_KALADIPET,METRO_NANDANAM,METRO_KALADIPET,Nandanam,Kaladipet,NANDANAM,KALADIPET,40.0,32.0,INR,CMRL,2021-02-22,CMRL_OFFICIAL
FARE_CMRL_METRO_NANDANAM_TO_METRO_THIRUVOTTRIYUR_THERADI,METRO_NANDANAM,METRO_THIRUVOTTRIYUR_THERADI,Nandanam,Thiruvottiyur Theradi,NANDANAM,THIRUVOTRIYUR THEREDI,40.0,32.0,INR,CMRL,2021-02-22,CMRL_OFFICIAL
FARE_CMRL_METRO_NANDANAM_TO_METRO_THIRUVOTRIYUR,METRO_NANDANAM,METRO_THIRUVOTRIYUR,Nandanam,Thiruvottriyur,NANDANAM,THIRUVOTRIYUR,40.0,32.0,INR,CMRL,2021-02-22,CMRL_OFFICIAL
FARE_CMRL_METRO_NANDANAM_TO_METRO_WIMCO_NAGAR_6738,METRO_NANDANAM,METRO_WIMCO_NAGAR_6738,Nandanam,Wimco Nagar,NANDANAM,WIMCO NAGAR,40.0,32.0,INR,CMRL,2021-02-22,CMRL_OFFICIAL
FARE_CMRL_METRO_NANDANAM_TO_METRO_WIMCO_NAGAR,METRO_NANDANAM,METRO_WIMCO_NAGAR,Nandanam,Wimco Nagar Depot,NANDANAM,WIMCO NAGAR DEPOT,40.0,32.0,INR,CMRL,2021-02-22,CMRL_OFFICIAL
FARE_CMRL_METRO_NANDANAM_TO_METRO_EKKATTUTHANGAL,METRO_NANDANAM,METRO_EKKATTUTHANGAL,Nandanam,Ekkattuthangal,NANDANAM,EKKATTUTHANGAL,30.0,24.0,INR,CMRL,2021-02-22,CMRL_OFFICIAL
FARE_CMRL_METRO_NANDANAM_TO_METRO_ASHOK_NAGAR,METRO_NANDANAM,METRO_ASHOK_NAGAR,Nandanam,Ashok Nagar,NANDANAM,ASHOK NAGAR,30.0,24.0,INR,CMRL,2021-02-22,CMRL_OFFICIAL
FARE_CMRL_METRO_NANDANAM_TO_METRO_VADAPALANI,METRO_NANDANAM,METRO_VADAPALANI,Nandanam,Vadapalani,NANDANAM,VADAPALANI,30.0,24.0,INR,CMRL,2021-02-22,CMRL_OFFICIAL
FARE_CMRL_METRO_NANDANAM_TO_METRO_ARUMBAKKAM,METRO_NANDANAM,METRO_ARUMBAKKAM,Nandanam,Arumbakkam,NANDANAM,ARUMBAKKAM,40.0,32.0,INR,CMRL,2021-02-22,CMRL_OFFICIAL
FARE_CMRL_METRO_NANDANAM_TO_METRO_PURATCHI_THALAIVI_DR_J_JAYALALITHAA_CMBT,METRO_NANDANAM,METRO_PURATCHI_THALAIVI_DR_J_JAYALALITHAA_CMBT,Nandanam,Puratchi Thalaivi Dr.J.Jayalalithaa CMBT Metro,NANDANAM,PURATCHI THALAIVI DR.J.JAYALALITHAA CMBT METRO,40.0,32.0,INR,CMRL,2021-02-22,CMRL_OFFICIAL
FARE_CMRL_METRO_NANDANAM_TO_METRO_KOYAMBEDU,METRO_NANDANAM,METRO_KOYAMBEDU,Nandanam,Koyambedu,NANDANAM,KOYAMBEDU,40.0,32.0,INR,CMRL,2021-02-22,CMRL_OFFICIAL
FARE_CMRL_METRO_NANDANAM_TO_METRO_THIRUMANGALAM,METRO_NANDANAM,METRO_THIRUMANGALAM,Nandanam,Thirumangalam,NANDANAM,THIRUMANGALAM,40.0,32.0,INR,CMRL,2021-02-22,CMRL_OFFICIAL
FARE_CMRL_METRO_NANDANAM_TO_METRO_ANNA_NAGAR_TOWER,METRO_NANDANAM,METRO_ANNA_NAGAR_TOWER,Nandanam,Anna Nagar Tower,NANDANAM,ANNA NAGAR TOWER,40.0,32.0,INR,CMRL,2021-02-22,CMRL_OFFICIAL
FARE_CMRL_METRO_NANDANAM_TO_METRO_ANNA_NAGAR_EAST,METRO_NANDANAM,METRO_ANNA_NAGAR_EAST,Nandanam,Anna Nagar East,NANDANAM,ANNA NAGAR EAST,40.0,32.0,INR,CMRL,2021-02-22,CMRL_OFFICIAL
FARE_CMRL_METRO_NANDANAM_TO_METRO_SHENOY_NAGAR,METRO_NANDANAM,METRO_SHENOY_NAGAR,Nandanam,Shenoy Nagar,NANDANAM,SHENOY NAGAR,40.0,32.0,INR,CMRL,2021-02-22,CMRL_OFFICIAL
FARE_CMRL_METRO_NANDANAM_TO_METRO_PACHAIYAPPA_S_COLLEGE,METRO_NANDANAM,METRO_PACHAIYAPPA_S_COLLEGE,Nandanam,Pachaiyappa's College,NANDANAM,PACHIAPPAS COLLEGE,30.0,24.0,INR,CMRL,2021-02-22,CMRL_OFFICIAL
FARE_CMRL_METRO_NANDANAM_TO_METRO_KILPAUK,METRO_NANDANAM,METRO_KILPAUK,Nandanam,Kilpauk,NANDANAM,KILPAUK,30.0,24.0,INR,CMRL,2021-02-22,CMRL_OFFICIAL
FARE_CMRL_METRO_NANDANAM_TO_METRO_NEHRU_PARK,METRO_NANDANAM,METRO_NEHRU_PARK,Nandanam,Nehru Park,NANDANAM,NEHRU PARK,30.0,24.0,INR,CMRL,2021-02-22,CMRL_OFFICIAL
FARE_CMRL_METRO_NANDANAM_TO_METRO_EGMORE,METRO_NANDANAM,METRO_EGMORE,Nandanam,Egmore,NANDANAM,EGMORE,30.0,24.0,INR,CMRL,2021-02-22,CMRL_OFFICIAL
FARE_CMRL_METRO_NANDANAM_TO_METRO_ST__THOMAS_MOUNT,METRO_NANDANAM,METRO_ST__THOMAS_MOUNT,Nandanam,St. Thomas Mount,NANDANAM,ST. THOMAS MOUNT,30.0,24.0,INR,CMRL,2021-02-22,CMRL_OFFICIAL
FARE_CMRL_METRO_TEYNAMPET_TO_METRO_CHENNAI_INTERNATIONAL_AIRPORT,METRO_TEYNAMPET,METRO_CHENNAI_INTERNATIONAL_AIRPORT,Teynampet,Chennai International Airport,TEYNAMPET,AIRPORT,30.0,24.0,INR,CMRL,2021-02-22,CMRL_OFFICIAL
FARE_CMRL_METRO_TEYNAMPET_TO_METRO_MEENAMBAKKAM,METRO_TEYNAMPET,METRO_MEENAMBAKKAM,Teynampet,Meenambakkam,TEYNAMPET,MEENAMBAKKAM,30.0,24.0,INR,CMRL,2021-02-22,CMRL_OFFICIAL
FARE_CMRL_METRO_TEYNAMPET_TO_METRO_OTA_NANGANALLUR_ROAD,METRO_TEYNAMPET,METRO_OTA_NANGANALLUR_ROAD,Teynampet,OTA-Nanganallur Road,TEYNAMPET,NANGANALLUR ROAD,30.0,24.0,INR,CMRL,2021-02-22,CMRL_OFFICIAL
FARE_CMRL_METRO_TEYNAMPET_TO_METRO_ARIGNAR_ANNA_ALANDUR,METRO_TEYNAMPET,METRO_ARIGNAR_ANNA_ALANDUR,Teynampet,Arignar Anna Alandur Metro,TEYNAMPET,ARIGNAR ANNA ALANDUR METRO,30.0,24.0,INR,CMRL,2021-02-22,CMRL_OFFICIAL
FARE_CMRL_METRO_TEYNAMPET_TO_METRO_GUINDY,METRO_TEYNAMPET,METRO_GUINDY,Teynampet,Guindy,TEYNAMPET,GUINDY,20.0,16.0,INR,CMRL,2021-02-22,CMRL_OFFICIAL
FARE_CMRL_METRO_TEYNAMPET_TO_METRO_LITTLE_MOUNT,METRO_TEYNAMPET,METRO_LITTLE_MOUNT,Teynampet,Little Mount,TEYNAMPET,LITTLE MOUNT,20.0,16.0,INR,CMRL,2021-02-22,CMRL_OFFICIAL
FARE_CMRL_METRO_TEYNAMPET_TO_METRO_SAIDAPET,METRO_TEYNAMPET,METRO_SAIDAPET,Teynampet,Saidapet Metro,TEYNAMPET,SAIDAPET,20.0,16.0,INR,CMRL,2021-02-22,CMRL_OFFICIAL
FARE_CMRL_METRO_TEYNAMPET_TO_METRO_NANDANAM,METRO_TEYNAMPET,METRO_NANDANAM,Teynampet,Nandanam,TEYNAMPET,NANDANAM,10.0,8.0,INR,CMRL,2021-02-22,CMRL_OFFICIAL
FARE_CMRL_METRO_TEYNAMPET_TO_METRO_TEYNAMPET,METRO_TEYNAMPET,METRO_TEYNAMPET,Teynampet,Teynampet,TEYNAMPET,TEYNAMPET,0.0,0.0,INR,CMRL,2021-02-22,CMRL_OFFICIAL
FARE_CMRL_METRO_TEYNAMPET_TO_METRO_AG___8211__DMS,METRO_TEYNAMPET,METRO_AG___8211__DMS,Teynampet,AG – DMS,TEYNAMPET,AG-DMS,10.0,8.0,INR,CMRL,2021-02-22,CMRL_OFFICIAL
FARE_CMRL_METRO_TEYNAMPET_TO_METRO_THOUSAND_LIGHTS,METRO_TEYNAMPET,METRO_THOUSAND_LIGHTS,Teynampet,Thousand Lights,TEYNAMPET,THOUSAND LIGHTS,20.0,16.0,INR,CMRL,2021-02-22,CMRL_OFFICIAL
FARE_CMRL_METRO_TEYNAMPET_TO_METRO_LIC,METRO_TEYNAMPET,METRO_LIC,Teynampet,LIC,TEYNAMPET,LIC,20.0,16.0,INR,CMRL,2021-02-22,CMRL_OFFICIAL
FARE_CMRL_METRO_TEYNAMPET_TO_METRO_GOVERNMENT_ESTATE,METRO_TEYNAMPET,METRO_GOVERNMENT_ESTATE,Teynampet,Government Estate,TEYNAMPET,GOVERNMENT ESTATE,20.0,16.0,INR,CMRL,2021-02-22,CMRL_OFFICIAL
FARE_CMRL_METRO_TEYNAMPET_TO_METRO_PURATCHI_THALAIVAR_DR__M_G_RAMACHANDRAN_CENTRAL,METRO_TEYNAMPET,METRO_PURATCHI_THALAIVAR_DR__M_G_RAMACHANDRAN_CENTRAL,Teynampet,Puratchi Thalaivar Dr. M.G.Ramachandran Central Metro,TEYNAMPET,PURATCHI THALAIVAR DR.M.G.RAMACHANDRAN CENTRAL METRO,30.0,24.0,INR,CMRL,2021-02-22,CMRL_OFFICIAL
FARE_CMRL_METRO_TEYNAMPET_TO_METRO_HIGHCOURT,METRO_TEYNAMPET,METRO_HIGHCOURT,Teynampet,Highcourt,TEYNAMPET,HIGH COURT,30.0,24.0,INR,CMRL,2021-02-22,CMRL_OFFICIAL
FARE_CMRL_METRO_TEYNAMPET_TO_METRO_MANNADI,METRO_TEYNAMPET,METRO_MANNADI,Teynampet,Mannadi,TEYNAMPET,MANNADI,30.0,24.0,INR,CMRL,2021-02-22,CMRL_OFFICIAL
FARE_CMRL_METRO_TEYNAMPET_TO_METRO_WASHERMENPET,METRO_TEYNAMPET,METRO_WASHERMENPET,Teynampet,Washermenpet,TEYNAMPET,WASHERMENPET,30.0,24.0,INR,CMRL,2021-02-22,CMRL_OFFICIAL
FARE_CMRL_METRO_TEYNAMPET_TO_METRO_SIR_THIYAGARAYA_COLLEGE,METRO_TEYNAMPET,METRO_SIR_THIYAGARAYA_COLLEGE,Teynampet,Sir Theagaraya College,TEYNAMPET,THYAGARAYA COLLEGE,30.0,24.0,INR,CMRL,2021-02-22,CMRL_OFFICIAL
FARE_CMRL_METRO_TEYNAMPET_TO_METRO_TONDIARPET,METRO_TEYNAMPET,METRO_TONDIARPET,Teynampet,Tondiarpet,TEYNAMPET,TONDIARPET,40.0,32.0,INR,CMRL,2021-02-22,CMRL_OFFICIAL
FARE_CMRL_METRO_TEYNAMPET_TO_METRO_NEW_WASHERMENPET,METRO_TEYNAMPET,METRO_NEW_WASHERMENPET,Teynampet,New Washermenpet,TEYNAMPET,NEW WASHERMENPET,40.0,32.0,INR,CMRL,2021-02-22,CMRL_OFFICIAL
FARE_CMRL_METRO_TEYNAMPET_TO_METRO_TOLLGATE,METRO_TEYNAMPET,METRO_TOLLGATE,Teynampet,Tollgate,TEYNAMPET,TOLL GATE,40.0,32.0,INR,CMRL,2021-02-22,CMRL_OFFICIAL
FARE_CMRL_METRO_TEYNAMPET_TO_METRO_KALADIPET,METRO_TEYNAMPET,METRO_KALADIPET,Teynampet,Kaladipet,TEYNAMPET,KALADIPET,40.0,32.0,INR,CMRL,2021-02-22,CMRL_OFFICIAL
FARE_CMRL_METRO_TEYNAMPET_TO_METRO_THIRUVOTTRIYUR_THERADI,METRO_TEYNAMPET,METRO_THIRUVOTTRIYUR_THERADI,Teynampet,Thiruvottiyur Theradi,TEYNAMPET,THIRUVOTRIYUR THEREDI,40.0,32.0,INR,CMRL,2021-02-22,CMRL_OFFICIAL
FARE_CMRL_METRO_TEYNAMPET_TO_METRO_THIRUVOTRIYUR,METRO_TEYNAMPET,METRO_THIRUVOTRIYUR,Teynampet,Thiruvottriyur,TEYNAMPET,THIRUVOTRIYUR,40.0,32.0,INR,CMRL,2021-02-22,CMRL_OFFICIAL
FARE_CMRL_METRO_TEYNAMPET_TO_METRO_WIMCO_NAGAR_6738,METRO_TEYNAMPET,METRO_WIMCO_NAGAR_6738,Teynampet,Wimco Nagar,TEYNAMPET,WIMCO NAGAR,40.0,32.0,INR,CMRL,2021-02-22,CMRL_OFFICIAL
FARE_CMRL_METRO_TEYNAMPET_TO_METRO_WIMCO_NAGAR,METRO_TEYNAMPET,METRO_WIMCO_NAGAR,Teynampet,Wimco Nagar Depot,TEYNAMPET,WIMCO NAGAR DEPOT,40.0,32.0,INR,CMRL,2021-02-22,CMRL_OFFICIAL
FARE_CMRL_METRO_TEYNAMPET_TO_METRO_EKKATTUTHANGAL,METRO_TEYNAMPET,METRO_EKKATTUTHANGAL,Teynampet,Ekkattuthangal,TEYNAMPET,EKKATTUTHANGAL,30.0,24.0,INR,CMRL,2021-02-22,CMRL_OFFICIAL
FARE_CMRL_METRO_TEYNAMPET_TO_METRO_ASHOK_NAGAR,METRO_TEYNAMPET,METRO_ASHOK_NAGAR,Teynampet,Ashok Nagar,TEYNAMPET,ASHOK NAGAR,30.0,24.0,INR,CMRL,2021-02-22,CMRL_OFFICIAL
FARE_CMRL_METRO_TEYNAMPET_TO_METRO_VADAPALANI,METRO_TEYNAMPET,METRO_VADAPALANI,Teynampet,Vadapalani,TEYNAMPET,VADAPALANI,30.0,24.0,INR,CMRL,2021-02-22,CMRL_OFFICIAL
FARE_CMRL_METRO_TEYNAMPET_TO_METRO_ARUMBAKKAM,METRO_TEYNAMPET,METRO_ARUMBAKKAM,Teynampet,Arumbakkam,TEYNAMPET,ARUMBAKKAM,40.0,32.0,INR,CMRL,2021-02-22,CMRL_OFFICIAL
FARE_CMRL_METRO_TEYNAMPET_TO_METRO_PURATCHI_THALAIVI_DR_J_JAYALALITHAA_CMBT,METRO_TEYNAMPET,METRO_PURATCHI_THALAIVI_DR_J_JAYALALITHAA_CMBT,Teynampet,Puratchi Thalaivi Dr.J.Jayalalithaa CMBT Metro,TEYNAMPET,PURATCHI THALAIVI DR.J.JAYALALITHAA CMBT METRO,40.0,32.0,INR,CMRL,2021-02-22,CMRL_OFFICIAL
FARE_CMRL_METRO_TEYNAMPET_TO_METRO_KOYAMBEDU,METRO_TEYNAMPET,METRO_KOYAMBEDU,Teynampet,Koyambedu,TEYNAMPET,KOYAMBEDU,40.0,32.0,INR,CMRL,2021-02-22,CMRL_OFFICIAL
FARE_CMRL_METRO_TEYNAMPET_TO_METRO_THIRUMANGALAM,METRO_TEYNAMPET,METRO_THIRUMANGALAM,Teynampet,Thirumangalam,TEYNAMPET,THIRUMANGALAM,40.0,32.0,INR,CMRL,2021-02-22,CMRL_OFFICIAL
FARE_CMRL_METRO_TEYNAMPET_TO_METRO_ANNA_NAGAR_TOWER,METRO_TEYNAMPET,METRO_ANNA_NAGAR_TOWER,Teynampet,Anna Nagar Tower,TEYNAMPET,ANNA NAGAR TOWER,40.0,32.0,INR,CMRL,2021-02-22,CMRL_OFFICIAL
FARE_CMRL_METRO_TEYNAMPET_TO_METRO_ANNA_NAGAR_EAST,METRO_TEYNAMPET,METRO_ANNA_NAGAR_EAST,Teynampet,Anna Nagar East,TEYNAMPET,ANNA NAGAR EAST,40.0,32.0,INR,CMRL,2021-02-22,CMRL_OFFICIAL
FARE_CMRL_METRO_TEYNAMPET_TO_METRO_SHENOY_NAGAR,METRO_TEYNAMPET,METRO_SHENOY_NAGAR,Teynampet,Shenoy Nagar,TEYNAMPET,SHENOY NAGAR,40.0,32.0,INR,CMRL,2021-02-22,CMRL_OFFICIAL
FARE_CMRL_METRO_TEYNAMPET_TO_METRO_PACHAIYAPPA_S_COLLEGE,METRO_TEYNAMPET,METRO_PACHAIYAPPA_S_COLLEGE,Teynampet,Pachaiyappa's College,TEYNAMPET,PACHIAPPAS COLLEGE,30.0,24.0,INR,CMRL,2021-02-22,CMRL_OFFICIAL
FARE_CMRL_METRO_TEYNAMPET_TO_METRO_KILPAUK,METRO_TEYNAMPET,METRO_KILPAUK,Teynampet,Kilpauk,TEYNAMPET,KILPAUK,30.0,24.0,INR,CMRL,2021-02-22,CMRL_OFFICIAL
FARE_CMRL_METRO_TEYNAMPET_TO_METRO_NEHRU_PARK,METRO_TEYNAMPET,METRO_NEHRU_PARK,Teynampet,Nehru Park,TEYNAMPET,NEHRU PARK,30.0,24.0,INR,CMRL,2021-02-22,CMRL_OFFICIAL
FARE_CMRL_METRO_TEYNAMPET_TO_METRO_EGMORE,METRO_TEYNAMPET,METRO_EGMORE,Teynampet,Egmore,TEYNAMPET,EGMORE,30.0,24.0,INR,CMRL,2021-02-22,CMRL_OFFICIAL
FARE_CMRL_METRO_TEYNAMPET_TO_METRO_ST__THOMAS_MOUNT,METRO_TEYNAMPET,METRO_ST__THOMAS_MOUNT,Teynampet,St. Thomas Mount,TEYNAMPET,ST. THOMAS MOUNT,30.0,24.0,INR,CMRL,2021-02-22,CMRL_OFFICIAL
FARE_CMRL_METRO_AG___8211__DMS_TO_METRO_CHENNAI_INTERNATIONAL_AIRPORT,METRO_AG___8211__DMS,METRO_CHENNAI_INTERNATIONAL_AIRPORT,AG – DMS,Chennai International Airport,AG-DMS,AIRPORT,40.0,32.0,INR,CMRL,2021-02-22,CMRL_OFFICIAL
FARE_CMRL_METRO_AG___8211__DMS_TO_METRO_MEENAMBAKKAM,METRO_AG___8211__DMS,METRO_MEENAMBAKKAM,AG – DMS,Meenambakkam,AG-DMS,MEENAMBAKKAM,30.0,24.0,INR,CMRL,2021-02-22,CMRL_OFFICIAL
FARE_CMRL_METRO_AG___8211__DMS_TO_METRO_OTA_NANGANALLUR_ROAD,METRO_AG___8211__DMS,METRO_OTA_NANGANALLUR_ROAD,AG – DMS,OTA-Nanganallur Road,AG-DMS,NANGANALLUR ROAD,30.0,24.0,INR,CMRL,2021-02-22,CMRL_OFFICIAL
FARE_CMRL_METRO_AG___8211__DMS_TO_METRO_ARIGNAR_ANNA_ALANDUR,METRO_AG___8211__DMS,METRO_ARIGNAR_ANNA_ALANDUR,AG – DMS,Arignar Anna Alandur Metro,AG-DMS,ARIGNAR ANNA ALANDUR METRO,30.0,24.0,INR,CMRL,2021-02-22,CMRL_OFFICIAL
FARE_CMRL_METRO_AG___8211__DMS_TO_METRO_GUINDY,METRO_AG___8211__DMS,METRO_GUINDY,AG – DMS,Guindy,AG-DMS,GUINDY,30.0,24.0,INR,CMRL,2021-02-22,CMRL_OFFICIAL
FARE_CMRL_METRO_AG___8211__DMS_TO_METRO_LITTLE_MOUNT,METRO_AG___8211__DMS,METRO_LITTLE_MOUNT,AG – DMS,Little Mount,AG-DMS,LITTLE MOUNT,20.0,16.0,INR,CMRL,2021-02-22,CMRL_OFFICIAL
FARE_CMRL_METRO_AG___8211__DMS_TO_METRO_SAIDAPET,METRO_AG___8211__DMS,METRO_SAIDAPET,AG – DMS,Saidapet Metro,AG-DMS,SAIDAPET,20.0,16.0,INR,CMRL,2021-02-22,CMRL_OFFICIAL
FARE_CMRL_METRO_AG___8211__DMS_TO_METRO_NANDANAM,METRO_AG___8211__DMS,METRO_NANDANAM,AG – DMS,Nandanam,AG-DMS,NANDANAM,10.0,8.0,INR,CMRL,2021-02-22,CMRL_OFFICIAL
FARE_CMRL_METRO_AG___8211__DMS_TO_METRO_TEYNAMPET,METRO_AG___8211__DMS,METRO_TEYNAMPET,AG – DMS,Teynampet,AG-DMS,TEYNAMPET,10.0,8.0,INR,CMRL,2021-02-22,CMRL_OFFICIAL
FARE_CMRL_METRO_AG___8211__DMS_TO_METRO_AG___8211__DMS,METRO_AG___8211__DMS,METRO_AG___8211__DMS,AG – DMS,AG – DMS,AG-DMS,AG-DMS,0.0,0.0,INR,CMRL,2021-02-22,CMRL_OFFICIAL
FARE_CMRL_METRO_AG___8211__DMS_TO_METRO_THOUSAND_LIGHTS,METRO_AG___8211__DMS,METRO_THOUSAND_LIGHTS,AG – DMS,Thousand Lights,AG-DMS,THOUSAND LIGHTS,10.0,8.0,INR,CMRL,2021-02-22,CMRL_OFFICIAL
FARE_CMRL_METRO_AG___8211__DMS_TO_METRO_LIC,METRO_AG___8211__DMS,METRO_LIC,AG – DMS,LIC,AG-DMS,LIC,20.0,16.0,INR,CMRL,2021-02-22,CMRL_OFFICIAL
FARE_CMRL_METRO_AG___8211__DMS_TO_METRO_GOVERNMENT_ESTATE,METRO_AG___8211__DMS,METRO_GOVERNMENT_ESTATE,AG – DMS,Government Estate,AG-DMS,GOVERNMENT ESTATE,20.0,16.0,INR,CMRL,2021-02-22,CMRL_OFFICIAL
FARE_CMRL_METRO_AG___8211__DMS_TO_METRO_PURATCHI_THALAIVAR_DR__M_G_RAMACHANDRAN_CENTRAL,METRO_AG___8211__DMS,METRO_PURATCHI_THALAIVAR_DR__M_G_RAMACHANDRAN_CENTRAL,AG – DMS,Puratchi Thalaivar Dr. M.G.Ramachandran Central Metro,AG-DMS,PURATCHI THALAIVAR DR.M.G.RAMACHANDRAN CENTRAL METRO,30.0,24.0,INR,CMRL,2021-02-22,CMRL_OFFICIAL
FARE_CMRL_METRO_AG___8211__DMS_TO_METRO_HIGHCOURT,METRO_AG___8211__DMS,METRO_HIGHCOURT,AG – DMS,Highcourt,AG-DMS,HIGH COURT,30.0,24.0,INR,CMRL,2021-02-22,CMRL_OFFICIAL
FARE_CMRL_METRO_AG___8211__DMS_TO_METRO_MANNADI,METRO_AG___8211__DMS,METRO_MANNADI,AG – DMS,Mannadi,AG-DMS,MANNADI,30.0,24.0,INR,CMRL,2021-02-22,CMRL_OFFICIAL
FARE_CMRL_METRO_AG___8211__DMS_TO_METRO_WASHERMENPET,METRO_AG___8211__DMS,METRO_WASHERMENPET,AG – DMS,Washermenpet,AG-DMS,WASHERMENPET,30.0,24.0,INR,CMRL,2021-02-22,CMRL_OFFICIAL
FARE_CMRL_METRO_AG___8211__DMS_TO_METRO_SIR_THIYAGARAYA_COLLEGE,METRO_AG___8211__DMS,METRO_SIR_THIYAGARAYA_COLLEGE,AG – DMS,Sir Theagaraya College,AG-DMS,THYAGARAYA COLLEGE,30.0,24.0,INR,CMRL,2021-02-22,CMRL_OFFICIAL
FARE_CMRL_METRO_AG___8211__DMS_TO_METRO_TONDIARPET,METRO_AG___8211__DMS,METRO_TONDIARPET,AG – DMS,Tondiarpet,AG-DMS,TONDIARPET,30.0,24.0,INR,CMRL,2021-02-22,CMRL_OFFICIAL
FARE_CMRL_METRO_AG___8211__DMS_TO_METRO_NEW_WASHERMENPET,METRO_AG___8211__DMS,METRO_NEW_WASHERMENPET,AG – DMS,New Washermenpet,AG-DMS,NEW WASHERMENPET,40.0,32.0,INR,CMRL,2021-02-22,CMRL_OFFICIAL
FARE_CMRL_METRO_AG___8211__DMS_TO_METRO_TOLLGATE,METRO_AG___8211__DMS,METRO_TOLLGATE,AG – DMS,Tollgate,AG-DMS,TOLL GATE,40.0,32.0,INR,CMRL,2021-02-22,CMRL_OFFICIAL
FARE_CMRL_METRO_AG___8211__DMS_TO_METRO_KALADIPET,METRO_AG___8211__DMS,METRO_KALADIPET,AG – DMS,Kaladipet,AG-DMS,KALADIPET,40.0,32.0,INR,CMRL,2021-02-22,CMRL_OFFICIAL
FARE_CMRL_METRO_AG___8211__DMS_TO_METRO_THIRUVOTTRIYUR_THERADI,METRO_AG___8211__DMS,METRO_THIRUVOTTRIYUR_THERADI,AG – DMS,Thiruvottiyur Theradi,AG-DMS,THIRUVOTRIYUR THEREDI,40.0,32.0,INR,CMRL,2021-02-22,CMRL_OFFICIAL
FARE_CMRL_METRO_AG___8211__DMS_TO_METRO_THIRUVOTRIYUR,METRO_AG___8211__DMS,METRO_THIRUVOTRIYUR,AG – DMS,Thiruvottriyur,AG-DMS,THIRUVOTRIYUR,40.0,32.0,INR,CMRL,2021-02-22,CMRL_OFFICIAL
FARE_CMRL_METRO_AG___8211__DMS_TO_METRO_WIMCO_NAGAR_6738,METRO_AG___8211__DMS,METRO_WIMCO_NAGAR_6738,AG – DMS,Wimco Nagar,AG-DMS,WIMCO NAGAR,40.0,32.0,INR,CMRL,2021-02-22,CMRL_OFFICIAL
FARE_CMRL_METRO_AG___8211__DMS_TO_METRO_WIMCO_NAGAR,METRO_AG___8211__DMS,METRO_WIMCO_NAGAR,AG – DMS,Wimco Nagar Depot,AG-DMS,WIMCO NAGAR DEPOT,40.0,32.0,INR,CMRL,2021-02-22,CMRL_OFFICIAL
FARE_CMRL_METRO_AG___8211__DMS_TO_METRO_EKKATTUTHANGAL,METRO_AG___8211__DMS,METRO_EKKATTUTHANGAL,AG – DMS,Ekkattuthangal,AG-DMS,EKKATTUTHANGAL,30.0,24.0,INR,CMRL,2021-02-22,CMRL_OFFICIAL
FARE_CMRL_METRO_AG___8211__DMS_TO_METRO_ASHOK_NAGAR,METRO_AG___8211__DMS,METRO_ASHOK_NAGAR,AG – DMS,Ashok Nagar,AG-DMS,ASHOK NAGAR,30.0,24.0,INR,CMRL,2021-02-22,CMRL_OFFICIAL
FARE_CMRL_METRO_AG___8211__DMS_TO_METRO_VADAPALANI,METRO_AG___8211__DMS,METRO_VADAPALANI,AG – DMS,Vadapalani,AG-DMS,VADAPALANI,40.0,32.0,INR,CMRL,2021-02-22,CMRL_OFFICIAL
FARE_CMRL_METRO_AG___8211__DMS_TO_METRO_ARUMBAKKAM,METRO_AG___8211__DMS,METRO_ARUMBAKKAM,AG – DMS,Arumbakkam,AG-DMS,ARUMBAKKAM,40.0,32.0,INR,CMRL,2021-02-22,CMRL_OFFICIAL
FARE_CMRL_METRO_AG___8211__DMS_TO_METRO_PURATCHI_THALAIVI_DR_J_JAYALALITHAA_CMBT,METRO_AG___8211__DMS,METRO_PURATCHI_THALAIVI_DR_J_JAYALALITHAA_CMBT,AG – DMS,Puratchi Thalaivi Dr.J.Jayalalithaa CMBT Metro,AG-DMS,PURATCHI THALAIVI DR.J.JAYALALITHAA CMBT METRO,40.0,32.0,INR,CMRL,2021-02-22,CMRL_OFFICIAL
FARE_CMRL_METRO_AG___8211__DMS_TO_METRO_KOYAMBEDU,METRO_AG___8211__DMS,METRO_KOYAMBEDU,AG – DMS,Koyambedu,AG-DMS,KOYAMBEDU,40.0,32.0,INR,CMRL,2021-02-22,CMRL_OFFICIAL
FARE_CMRL_METRO_AG___8211__DMS_TO_METRO_THIRUMANGALAM,METRO_AG___8211__DMS,METRO_THIRUMANGALAM,AG – DMS,Thirumangalam,AG-DMS,THIRUMANGALAM,40.0,32.0,INR,CMRL,2021-02-22,CMRL_OFFICIAL
FARE_CMRL_METRO_AG___8211__DMS_TO_METRO_ANNA_NAGAR_TOWER,METRO_AG___8211__DMS,METRO_ANNA_NAGAR_TOWER,AG – DMS,Anna Nagar Tower,AG-DMS,ANNA NAGAR TOWER,40.0,32.0,INR,CMRL,2021-02-22,CMRL_OFFICIAL
FARE_CMRL_METRO_AG___8211__DMS_TO_METRO_ANNA_NAGAR_EAST,METRO_AG___8211__DMS,METRO_ANNA_NAGAR_EAST,AG – DMS,Anna Nagar East,AG-DMS,ANNA NAGAR EAST,40.0,32.0,INR,CMRL,2021-02-22,CMRL_OFFICIAL
FARE_CMRL_METRO_AG___8211__DMS_TO_METRO_SHENOY_NAGAR,METRO_AG___8211__DMS,METRO_SHENOY_NAGAR,AG – DMS,Shenoy Nagar,AG-DMS,SHENOY NAGAR,30.0,24.0,INR,CMRL,2021-02-22,CMRL_OFFICIAL
FARE_CMRL_METRO_AG___8211__DMS_TO_METRO_PACHAIYAPPA_S_COLLEGE,METRO_AG___8211__DMS,METRO_PACHAIYAPPA_S_COLLEGE,AG – DMS,Pachaiyappa's College,AG-DMS,PACHIAPPAS COLLEGE,30.0,24.0,INR,CMRL,2021-02-22,CMRL_OFFICIAL
FARE_CMRL_METRO_AG___8211__DMS_TO_METRO_KILPAUK,METRO_AG___8211__DMS,METRO_KILPAUK,AG – DMS,Kilpauk,AG-DMS,KILPAUK,30.0,24.0,INR,CMRL,2021-02-22,CMRL_OFFICIAL
FARE_CMRL_METRO_AG___8211__DMS_TO_METRO_NEHRU_PARK,METRO_AG___8211__DMS,METRO_NEHRU_PARK,AG – DMS,Nehru Park,AG-DMS,NEHRU PARK,30.0,24.0,INR,CMRL,2021-02-22,CMRL_OFFICIAL
FARE_CMRL_METRO_AG___8211__DMS_TO_METRO_EGMORE,METRO_AG___8211__DMS,METRO_EGMORE,AG – DMS,Egmore,AG-DMS,EGMORE,30.0,24.0,INR,CMRL,2021-02-22,CMRL_OFFICIAL
FARE_CMRL_METRO_AG___8211__DMS_TO_METRO_ST__THOMAS_MOUNT,METRO_AG___8211__DMS,METRO_ST__THOMAS_MOUNT,AG – DMS,St. Thomas Mount,AG-DMS,ST. THOMAS MOUNT,30.0,24.0,INR,CMRL,2021-02-22,CMRL_OFFICIAL
FARE_CMRL_METRO_THOUSAND_LIGHTS_TO_METRO_CHENNAI_INTERNATIONAL_AIRPORT,METRO_THOUSAND_LIGHTS,METRO_CHENNAI_INTERNATIONAL_AIRPORT,Thousand Lights,Chennai International Airport,THOUSAND LIGHTS,AIRPORT,40.0,32.0,INR,CMRL,2021-02-22,CMRL_OFFICIAL
FARE_CMRL_METRO_THOUSAND_LIGHTS_TO_METRO_MEENAMBAKKAM,METRO_THOUSAND_LIGHTS,METRO_MEENAMBAKKAM,Thousand Lights,Meenambakkam,THOUSAND LIGHTS,MEENAMBAKKAM,40.0,32.0,INR,CMRL,2021-02-22,CMRL_OFFICIAL
FARE_CMRL_METRO_THOUSAND_LIGHTS_TO_METRO_OTA_NANGANALLUR_ROAD,METRO_THOUSAND_LIGHTS,METRO_OTA_NANGANALLUR_ROAD,Thousand Lights,OTA-Nanganallur Road,THOUSAND LIGHTS,NANGANALLUR ROAD,30.0,24.0,INR,CMRL,2021-02-22,CMRL_OFFICIAL
FARE_CMRL_METRO_THOUSAND_LIGHTS_TO_METRO_ARIGNAR_ANNA_ALANDUR,METRO_THOUSAND_LIGHTS,METRO_ARIGNAR_ANNA_ALANDUR,Thousand Lights,Arignar Anna Alandur Metro,THOUSAND LIGHTS,ARIGNAR ANNA ALANDUR METRO,30.0,24.0,INR,CMRL,2021-02-22,CMRL_OFFICIAL
FARE_CMRL_METRO_THOUSAND_LIGHTS_TO_METRO_GUINDY,METRO_THOUSAND_LIGHTS,METRO_GUINDY,Thousand Lights,Guindy,THOUSAND LIGHTS,GUINDY,30.0,24.0,INR,CMRL,2021-02-22,CMRL_OFFICIAL
FARE_CMRL_METRO_THOUSAND_LIGHTS_TO_METRO_LITTLE_MOUNT,METRO_THOUSAND_LIGHTS,METRO_LITTLE_MOUNT,Thousand Lights,Little Mount,THOUSAND LIGHTS,LITTLE MOUNT,30.0,24.0,INR,CMRL,2021-02-22,CMRL_OFFICIAL
FARE_CMRL_METRO_THOUSAND_LIGHTS_TO_METRO_SAIDAPET,METRO_THOUSAND_LIGHTS,METRO_SAIDAPET,Thousand Lights,Saidapet Metro,THOUSAND LIGHTS,SAIDAPET,30.0,24.0,INR,CMRL,2021-02-22,CMRL_OFFICIAL
FARE_CMRL_METRO_THOUSAND_LIGHTS_TO_METRO_NANDANAM,METRO_THOUSAND_LIGHTS,METRO_NANDANAM,Thousand Lights,Nandanam,THOUSAND LIGHTS,NANDANAM,20.0,16.0,INR,CMRL,2021-02-22,CMRL_OFFICIAL
FARE_CMRL_METRO_THOUSAND_LIGHTS_TO_METRO_TEYNAMPET,METRO_THOUSAND_LIGHTS,METRO_TEYNAMPET,Thousand Lights,Teynampet,THOUSAND LIGHTS,TEYNAMPET,20.0,16.0,INR,CMRL,2021-02-22,CMRL_OFFICIAL
FARE_CMRL_METRO_THOUSAND_LIGHTS_TO_METRO_AG___8211__DMS,METRO_THOUSAND_LIGHTS,METRO_AG___8211__DMS,Thousand Lights,AG – DMS,THOUSAND LIGHTS,AG-DMS,10.0,8.0,INR,CMRL,2021-02-22,CMRL_OFFICIAL
FARE_CMRL_METRO_THOUSAND_LIGHTS_TO_METRO_THOUSAND_LIGHTS,METRO_THOUSAND_LIGHTS,METRO_THOUSAND_LIGHTS,Thousand Lights,Thousand Lights,THOUSAND LIGHTS,THOUSAND LIGHTS,0.0,0.0,INR,CMRL,2021-02-22,CMRL_OFFICIAL
FARE_CMRL_METRO_THOUSAND_LIGHTS_TO_METRO_LIC,METRO_THOUSAND_LIGHTS,METRO_LIC,Thousand Lights,LIC,THOUSAND LIGHTS,LIC,10.0,8.0,INR,CMRL,2021-02-22,CMRL_OFFICIAL
FARE_CMRL_METRO_THOUSAND_LIGHTS_TO_METRO_GOVERNMENT_ESTATE,METRO_THOUSAND_LIGHTS,METRO_GOVERNMENT_ESTATE,Thousand Lights,Government Estate,THOUSAND LIGHTS,GOVERNMENT ESTATE,10.0,8.0,INR,CMRL,2021-02-22,CMRL_OFFICIAL
FARE_CMRL_METRO_THOUSAND_LIGHTS_TO_METRO_PURATCHI_THALAIVAR_DR__M_G_RAMACHANDRAN_CENTRAL,METRO_THOUSAND_LIGHTS,METRO_PURATCHI_THALAIVAR_DR__M_G_RAMACHANDRAN_CENTRAL,Thousand Lights,Puratchi Thalaivar Dr. M.G.Ramachandran Central Metro,THOUSAND LIGHTS,PURATCHI THALAIVAR DR.M.G.RAMACHANDRAN CENTRAL METRO,20.0,16.0,INR,CMRL,2021-02-22,CMRL_OFFICIAL
FARE_CMRL_METRO_THOUSAND_LIGHTS_TO_METRO_HIGHCOURT,METRO_THOUSAND_LIGHTS,METRO_HIGHCOURT,Thousand Lights,Highcourt,THOUSAND LIGHTS,HIGH COURT,30.0,24.0,INR,CMRL,2021-02-22,CMRL_OFFICIAL
FARE_CMRL_METRO_THOUSAND_LIGHTS_TO_METRO_MANNADI,METRO_THOUSAND_LIGHTS,METRO_MANNADI,Thousand Lights,Mannadi,THOUSAND LIGHTS,MANNADI,30.0,24.0,INR,CMRL,2021-02-22,CMRL_OFFICIAL
FARE_CMRL_METRO_THOUSAND_LIGHTS_TO_METRO_WASHERMENPET,METRO_THOUSAND_LIGHTS,METRO_WASHERMENPET,Thousand Lights,Washermenpet,THOUSAND LIGHTS,WASHERMENPET,30.0,24.0,INR,CMRL,2021-02-22,CMRL_OFFICIAL
FARE_CMRL_METRO_THOUSAND_LIGHTS_TO_METRO_SIR_THIYAGARAYA_COLLEGE,METRO_THOUSAND_LIGHTS,METRO_SIR_THIYAGARAYA_COLLEGE,Thousand Lights,Sir Theagaraya College,THOUSAND LIGHTS,THYAGARAYA COLLEGE,30.0,24.0,INR,CMRL,2021-02-22,CMRL_OFFICIAL
FARE_CMRL_METRO_THOUSAND_LIGHTS_TO_METRO_TONDIARPET,METRO_THOUSAND_LIGHTS,METRO_TONDIARPET,Thousand Lights,Tondiarpet,THOUSAND LIGHTS,TONDIARPET,30.0,24.0,INR,CMRL,2021-02-22,CMRL_OFFICIAL
FARE_CMRL_METRO_THOUSAND_LIGHTS_TO_METRO_NEW_WASHERMENPET,METRO_THOUSAND_LIGHTS,METRO_NEW_WASHERMENPET,Thousand Lights,New Washermenpet,THOUSAND LIGHTS,NEW WASHERMENPET,30.0,24.0,INR,CMRL,2021-02-22,CMRL_OFFICIAL
FARE_CMRL_METRO_THOUSAND_LIGHTS_TO_METRO_TOLLGATE,METRO_THOUSAND_LIGHTS,METRO_TOLLGATE,Thousand Lights,Tollgate,THOUSAND LIGHTS,TOLL GATE,40.0,32.0,INR,CMRL,2021-02-22,CMRL_OFFICIAL
FARE_CMRL_METRO_THOUSAND_LIGHTS_TO_METRO_KALADIPET,METRO_THOUSAND_LIGHTS,METRO_KALADIPET,Thousand Lights,Kaladipet,THOUSAND LIGHTS,KALADIPET,40.0,32.0,INR,CMRL,2021-02-22,CMRL_OFFICIAL
FARE_CMRL_METRO_THOUSAND_LIGHTS_TO_METRO_THIRUVOTTRIYUR_THERADI,METRO_THOUSAND_LIGHTS,METRO_THIRUVOTTRIYUR_THERADI,Thousand Lights,Thiruvottiyur Theradi,THOUSAND LIGHTS,THIRUVOTRIYUR THEREDI,40.0,32.0,INR,CMRL,2021-02-22,CMRL_OFFICIAL
FARE_CMRL_METRO_THOUSAND_LIGHTS_TO_METRO_THIRUVOTRIYUR,METRO_THOUSAND_LIGHTS,METRO_THIRUVOTRIYUR,Thousand Lights,Thiruvottriyur,THOUSAND LIGHTS,THIRUVOTRIYUR,40.0,32.0,INR,CMRL,2021-02-22,CMRL_OFFICIAL
FARE_CMRL_METRO_THOUSAND_LIGHTS_TO_METRO_WIMCO_NAGAR_6738,METRO_THOUSAND_LIGHTS,METRO_WIMCO_NAGAR_6738,Thousand Lights,Wimco Nagar,THOUSAND LIGHTS,WIMCO NAGAR,40.0,32.0,INR,CMRL,2021-02-22,CMRL_OFFICIAL
FARE_CMRL_METRO_THOUSAND_LIGHTS_TO_METRO_WIMCO_NAGAR,METRO_THOUSAND_LIGHTS,METRO_WIMCO_NAGAR,Thousand Lights,Wimco Nagar Depot,THOUSAND LIGHTS,WIMCO NAGAR DEPOT,40.0,32.0,INR,CMRL,2021-02-22,CMRL_OFFICIAL
FARE_CMRL_METRO_THOUSAND_LIGHTS_TO_METRO_EKKATTUTHANGAL,METRO_THOUSAND_LIGHTS,METRO_EKKATTUTHANGAL,Thousand Lights,Ekkattuthangal,THOUSAND LIGHTS,EKKATTUTHANGAL,30.0,24.0,INR,CMRL,2021-02-22,CMRL_OFFICIAL
FARE_CMRL_METRO_THOUSAND_LIGHTS_TO_METRO_ASHOK_NAGAR,METRO_THOUSAND_LIGHTS,METRO_ASHOK_NAGAR,Thousand Lights,Ashok Nagar,THOUSAND LIGHTS,ASHOK NAGAR,40.0,32.0,INR,CMRL,2021-02-22,CMRL_OFFICIAL
FARE_CMRL_METRO_THOUSAND_LIGHTS_TO_METRO_VADAPALANI,METRO_THOUSAND_LIGHTS,METRO_VADAPALANI,Thousand Lights,Vadapalani,THOUSAND LIGHTS,VADAPALANI,40.0,32.0,INR,CMRL,2021-02-22,CMRL_OFFICIAL
FARE_CMRL_METRO_THOUSAND_LIGHTS_TO_METRO_ARUMBAKKAM,METRO_THOUSAND_LIGHTS,METRO_ARUMBAKKAM,Thousand Lights,Arumbakkam,THOUSAND LIGHTS,ARUMBAKKAM,40.0,32.0,INR,CMRL,2021-02-22,CMRL_OFFICIAL
FARE_CMRL_METRO_THOUSAND_LIGHTS_TO_METRO_PURATCHI_THALAIVI_DR_J_JAYALALITHAA_CMBT,METRO_THOUSAND_LIGHTS,METRO_PURATCHI_THALAIVI_DR_J_JAYALALITHAA_CMBT,Thousand Lights,Puratchi Thalaivi Dr.J.Jayalalithaa CMBT Metro,THOUSAND LIGHTS,PURATCHI THALAIVI DR.J.JAYALALITHAA CMBT METRO,40.0,32.0,INR,CMRL,2021-02-22,CMRL_OFFICIAL
FARE_CMRL_METRO_THOUSAND_LIGHTS_TO_METRO_KOYAMBEDU,METRO_THOUSAND_LIGHTS,METRO_KOYAMBEDU,Thousand Lights,Koyambedu,THOUSAND LIGHTS,KOYAMBEDU,40.0,32.0,INR,CMRL,2021-02-22,CMRL_OFFICIAL
FARE_CMRL_METRO_THOUSAND_LIGHTS_TO_METRO_THIRUMANGALAM,METRO_THOUSAND_LIGHTS,METRO_THIRUMANGALAM,Thousand Lights,Thirumangalam,THOUSAND LIGHTS,THIRUMANGALAM,40.0,32.0,INR,CMRL,2021-02-22,CMRL_OFFICIAL
FARE_CMRL_METRO_THOUSAND_LIGHTS_TO_METRO_ANNA_NAGAR_TOWER,METRO_THOUSAND_LIGHTS,METRO_ANNA_NAGAR_TOWER,Thousand Lights,Anna Nagar Tower,THOUSAND LIGHTS,ANNA NAGAR TOWER,30.0,24.0,INR,CMRL,2021-02-22,CMRL_OFFICIAL
FARE_CMRL_METRO_THOUSAND_LIGHTS_TO_METRO_ANNA_NAGAR_EAST,METRO_THOUSAND_LIGHTS,METRO_ANNA_NAGAR_EAST,Thousand Lights,Anna Nagar East,THOUSAND LIGHTS,ANNA NAGAR EAST,30.0,24.0,INR,CMRL,2021-02-22,CMRL_OFFICIAL
FARE_CMRL_METRO_THOUSAND_LIGHTS_TO_METRO_SHENOY_NAGAR,METRO_THOUSAND_LIGHTS,METRO_SHENOY_NAGAR,Thousand Lights,Shenoy Nagar,THOUSAND LIGHTS,SHENOY NAGAR,30.0,24.0,INR,CMRL,2021-02-22,CMRL_OFFICIAL
FARE_CMRL_METRO_THOUSAND_LIGHTS_TO_METRO_PACHAIYAPPA_S_COLLEGE,METRO_THOUSAND_LIGHTS,METRO_PACHAIYAPPA_S_COLLEGE,Thousand Lights,Pachaiyappa's College,THOUSAND LIGHTS,PACHIAPPAS COLLEGE,30.0,24.0,INR,CMRL,2021-02-22,CMRL_OFFICIAL
FARE_CMRL_METRO_THOUSAND_LIGHTS_TO_METRO_KILPAUK,METRO_THOUSAND_LIGHTS,METRO_KILPAUK,Thousand Lights,Kilpauk,THOUSAND LIGHTS,KILPAUK,30.0,24.0,INR,CMRL,2021-02-22,CMRL_OFFICIAL
FARE_CMRL_METRO_THOUSAND_LIGHTS_TO_METRO_NEHRU_PARK,METRO_THOUSAND_LIGHTS,METRO_NEHRU_PARK,Thousand Lights,Nehru Park,THOUSAND LIGHTS,NEHRU PARK,30.0,24.0,INR,CMRL,2021-02-22,CMRL_OFFICIAL
FARE_CMRL_METRO_THOUSAND_LIGHTS_TO_METRO_EGMORE,METRO_THOUSAND_LIGHTS,METRO_EGMORE,Thousand Lights,Egmore,THOUSAND LIGHTS,EGMORE,30.0,24.0,INR,CMRL,2021-02-22,CMRL_OFFICIAL
FARE_CMRL_METRO_THOUSAND_LIGHTS_TO_METRO_ST__THOMAS_MOUNT,METRO_THOUSAND_LIGHTS,METRO_ST__THOMAS_MOUNT,Thousand Lights,St. Thomas Mount,THOUSAND LIGHTS,ST. THOMAS MOUNT,30.0,24.0,INR,CMRL,2021-02-22,CMRL_OFFICIAL
FARE_CMRL_METRO_LIC_TO_METRO_CHENNAI_INTERNATIONAL_AIRPORT,METRO_LIC,METRO_CHENNAI_INTERNATIONAL_AIRPORT,LIC,Chennai International Airport,LIC,AIRPORT,40.0,32.0,INR,CMRL,2021-02-22,CMRL_OFFICIAL
FARE_CMRL_METRO_LIC_TO_METRO_MEENAMBAKKAM,METRO_LIC,METRO_MEENAMBAKKAM,LIC,Meenambakkam,LIC,MEENAMBAKKAM,40.0,32.0,INR,CMRL,2021-02-22,CMRL_OFFICIAL
FARE_CMRL_METRO_LIC_TO_METRO_OTA_NANGANALLUR_ROAD,METRO_LIC,METRO_OTA_NANGANALLUR_ROAD,LIC,OTA-Nanganallur Road,LIC,NANGANALLUR ROAD,30.0,24.0,INR,CMRL,2021-02-22,CMRL_OFFICIAL
FARE_CMRL_METRO_LIC_TO_METRO_ARIGNAR_ANNA_ALANDUR,METRO_LIC,METRO_ARIGNAR_ANNA_ALANDUR,LIC,Arignar Anna Alandur Metro,LIC,ARIGNAR ANNA ALANDUR METRO,30.0,24.0,INR,CMRL,2021-02-22,CMRL_OFFICIAL
FARE_CMRL_METRO_LIC_TO_METRO_GUINDY,METRO_LIC,METRO_GUINDY,LIC,Guindy,LIC,GUINDY,30.0,24.0,INR,CMRL,2021-02-22,CMRL_OFFICIAL
FARE_CMRL_METRO_LIC_TO_METRO_LITTLE_MOUNT,METRO_LIC,METRO_LITTLE_MOUNT,LIC,Little Mount,LIC,LITTLE MOUNT,30.0,24.0,INR,CMRL,2021-02-22,CMRL_OFFICIAL
FARE_CMRL_METRO_LIC_TO_METRO_SAIDAPET,METRO_LIC,METRO_SAIDAPET,LIC,Saidapet Metro,LIC,SAIDAPET,30.0,24.0,INR,CMRL,2021-02-22,CMRL_OFFICIAL
FARE_CMRL_METRO_LIC_TO_METRO_NANDANAM,METRO_LIC,METRO_NANDANAM,LIC,Nandanam,LIC,NANDANAM,20.0,16.0,INR,CMRL,2021-02-22,CMRL_OFFICIAL
FARE_CMRL_METRO_LIC_TO_METRO_TEYNAMPET,METRO_LIC,METRO_TEYNAMPET,LIC,Teynampet,LIC,TEYNAMPET,20.0,16.0,INR,CMRL,2021-02-22,CMRL_OFFICIAL
FARE_CMRL_METRO_LIC_TO_METRO_AG___8211__DMS,METRO_LIC,METRO_AG___8211__DMS,LIC,AG – DMS,LIC,AG-DMS,20.0,16.0,INR,CMRL,2021-02-22,CMRL_OFFICIAL
FARE_CMRL_METRO_LIC_TO_METRO_THOUSAND_LIGHTS,METRO_LIC,METRO_THOUSAND_LIGHTS,LIC,Thousand Lights,LIC,THOUSAND LIGHTS,10.0,8.0,INR,CMRL,2021-02-22,CMRL_OFFICIAL
FARE_CMRL_METRO_LIC_TO_METRO_LIC,METRO_LIC,METRO_LIC,LIC,LIC,LIC,LIC,0.0,0.0,INR,CMRL,2021-02-22,CMRL_OFFICIAL
FARE_CMRL_METRO_LIC_TO_METRO_GOVERNMENT_ESTATE,METRO_LIC,METRO_GOVERNMENT_ESTATE,LIC,Government Estate,LIC,GOVERNMENT ESTATE,10.0,8.0,INR,CMRL,2021-02-22,CMRL_OFFICIAL
FARE_CMRL_METRO_LIC_TO_METRO_PURATCHI_THALAIVAR_DR__M_G_RAMACHANDRAN_CENTRAL,METRO_LIC,METRO_PURATCHI_THALAIVAR_DR__M_G_RAMACHANDRAN_CENTRAL,LIC,Puratchi Thalaivar Dr. M.G.Ramachandran Central Metro,LIC,PURATCHI THALAIVAR DR.M.G.RAMACHANDRAN CENTRAL METRO,20.0,16.0,INR,CMRL,2021-02-22,CMRL_OFFICIAL
FARE_CMRL_METRO_LIC_TO_METRO_HIGHCOURT,METRO_LIC,METRO_HIGHCOURT,LIC,Highcourt,LIC,HIGH COURT,20.0,16.0,INR,CMRL,2021-02-22,CMRL_OFFICIAL
FARE_CMRL_METRO_LIC_TO_METRO_MANNADI,METRO_LIC,METRO_MANNADI,LIC,Mannadi,LIC,MANNADI,30.0,24.0,INR,CMRL,2021-02-22,CMRL_OFFICIAL
FARE_CMRL_METRO_LIC_TO_METRO_WASHERMENPET,METRO_LIC,METRO_WASHERMENPET,LIC,Washermenpet,LIC,WASHERMENPET,30.0,24.0,INR,CMRL,2021-02-22,CMRL_OFFICIAL
FARE_CMRL_METRO_LIC_TO_METRO_SIR_THIYAGARAYA_COLLEGE,METRO_LIC,METRO_SIR_THIYAGARAYA_COLLEGE,LIC,Sir Theagaraya College,LIC,THYAGARAYA COLLEGE,30.0,24.0,INR,CMRL,2021-02-22,CMRL_OFFICIAL
FARE_CMRL_METRO_LIC_TO_METRO_TONDIARPET,METRO_LIC,METRO_TONDIARPET,LIC,Tondiarpet,LIC,TONDIARPET,30.0,24.0,INR,CMRL,2021-02-22,CMRL_OFFICIAL
FARE_CMRL_METRO_LIC_TO_METRO_NEW_WASHERMENPET,METRO_LIC,METRO_NEW_WASHERMENPET,LIC,New Washermenpet,LIC,NEW WASHERMENPET,30.0,24.0,INR,CMRL,2021-02-22,CMRL_OFFICIAL
FARE_CMRL_METRO_LIC_TO_METRO_TOLLGATE,METRO_LIC,METRO_TOLLGATE,LIC,Tollgate,LIC,TOLL GATE,30.0,24.0,INR,CMRL,2021-02-22,CMRL_OFFICIAL
FARE_CMRL_METRO_LIC_TO_METRO_KALADIPET,METRO_LIC,METRO_KALADIPET,LIC,Kaladipet,LIC,KALADIPET,30.0,24.0,INR,CMRL,2021-02-22,CMRL_OFFICIAL
FARE_CMRL_METRO_LIC_TO_METRO_THIRUVOTTRIYUR_THERADI,METRO_LIC,METRO_THIRUVOTTRIYUR_THERADI,LIC,Thiruvottiyur Theradi,LIC,THIRUVOTRIYUR THEREDI,40.0,32.0,INR,CMRL,2021-02-22,CMRL_OFFICIAL
FARE_CMRL_METRO_LIC_TO_METRO_THIRUVOTRIYUR,METRO_LIC,METRO_THIRUVOTRIYUR,LIC,Thiruvottriyur,LIC,THIRUVOTRIYUR,40.0,32.0,INR,CMRL,2021-02-22,CMRL_OFFICIAL
FARE_CMRL_METRO_LIC_TO_METRO_WIMCO_NAGAR_6738,METRO_LIC,METRO_WIMCO_NAGAR_6738,LIC,Wimco Nagar,LIC,WIMCO NAGAR,40.0,32.0,INR,CMRL,2021-02-22,CMRL_OFFICIAL
FARE_CMRL_METRO_LIC_TO_METRO_WIMCO_NAGAR,METRO_LIC,METRO_WIMCO_NAGAR,LIC,Wimco Nagar Depot,LIC,WIMCO NAGAR DEPOT,40.0,32.0,INR,CMRL,2021-02-22,CMRL_OFFICIAL
FARE_CMRL_METRO_LIC_TO_METRO_EKKATTUTHANGAL,METRO_LIC,METRO_EKKATTUTHANGAL,LIC,Ekkattuthangal,LIC,EKKATTUTHANGAL,30.0,24.0,INR,CMRL,2021-02-22,CMRL_OFFICIAL
FARE_CMRL_METRO_LIC_TO_METRO_ASHOK_NAGAR,METRO_LIC,METRO_ASHOK_NAGAR,LIC,Ashok Nagar,LIC,ASHOK NAGAR,40.0,32.0,INR,CMRL,2021-02-22,CMRL_OFFICIAL
FARE_CMRL_METRO_LIC_TO_METRO_VADAPALANI,METRO_LIC,METRO_VADAPALANI,LIC,Vadapalani,LIC,VADAPALANI,40.0,32.0,INR,CMRL,2021-02-22,CMRL_OFFICIAL
FARE_CMRL_METRO_LIC_TO_METRO_ARUMBAKKAM,METRO_LIC,METRO_ARUMBAKKAM,LIC,Arumbakkam,LIC,ARUMBAKKAM,40.0,32.0,INR,CMRL,2021-02-22,CMRL_OFFICIAL
FARE_CMRL_METRO_LIC_TO_METRO_PURATCHI_THALAIVI_DR_J_JAYALALITHAA_CMBT,METRO_LIC,METRO_PURATCHI_THALAIVI_DR_J_JAYALALITHAA_CMBT,LIC,Puratchi Thalaivi Dr.J.Jayalalithaa CMBT Metro,LIC,PURATCHI THALAIVI DR.J.JAYALALITHAA CMBT METRO,40.0,32.0,INR,CMRL,2021-02-22,CMRL_OFFICIAL
FARE_CMRL_METRO_LIC_TO_METRO_KOYAMBEDU,METRO_LIC,METRO_KOYAMBEDU,LIC,Koyambedu,LIC,KOYAMBEDU,40.0,32.0,INR,CMRL,2021-02-22,CMRL_OFFICIAL
FARE_CMRL_METRO_LIC_TO_METRO_THIRUMANGALAM,METRO_LIC,METRO_THIRUMANGALAM,LIC,Thirumangalam,LIC,THIRUMANGALAM,30.0,24.0,INR,CMRL,2021-02-22,CMRL_OFFICIAL
FARE_CMRL_METRO_LIC_TO_METRO_ANNA_NAGAR_TOWER,METRO_LIC,METRO_ANNA_NAGAR_TOWER,LIC,Anna Nagar Tower,LIC,ANNA NAGAR TOWER,30.0,24.0,INR,CMRL,2021-02-22,CMRL_OFFICIAL
FARE_CMRL_METRO_LIC_TO_METRO_ANNA_NAGAR_EAST,METRO_LIC,METRO_ANNA_NAGAR_EAST,LIC,Anna Nagar East,LIC,ANNA NAGAR EAST,30.0,24.0,INR,CMRL,2021-02-22,CMRL_OFFICIAL
FARE_CMRL_METRO_LIC_TO_METRO_SHENOY_NAGAR,METRO_LIC,METRO_SHENOY_NAGAR,LIC,Shenoy Nagar,LIC,SHENOY NAGAR,30.0,24.0,INR,CMRL,2021-02-22,CMRL_OFFICIAL
FARE_CMRL_METRO_LIC_TO_METRO_PACHAIYAPPA_S_COLLEGE,METRO_LIC,METRO_PACHAIYAPPA_S_COLLEGE,LIC,Pachaiyappa's College,LIC,PACHIAPPAS COLLEGE,30.0,24.0,INR,CMRL,2021-02-22,CMRL_OFFICIAL
FARE_CMRL_METRO_LIC_TO_METRO_KILPAUK,METRO_LIC,METRO_KILPAUK,LIC,Kilpauk,LIC,KILPAUK,30.0,24.0,INR,CMRL,2021-02-22,CMRL_OFFICIAL
FARE_CMRL_METRO_LIC_TO_METRO_NEHRU_PARK,METRO_LIC,METRO_NEHRU_PARK,LIC,Nehru Park,LIC,NEHRU PARK,30.0,24.0,INR,CMRL,2021-02-22,CMRL_OFFICIAL
FARE_CMRL_METRO_LIC_TO_METRO_EGMORE,METRO_LIC,METRO_EGMORE,LIC,Egmore,LIC,EGMORE,20.0,16.0,INR,CMRL,2021-02-22,CMRL_OFFICIAL
FARE_CMRL_METRO_LIC_TO_METRO_ST__THOMAS_MOUNT,METRO_LIC,METRO_ST__THOMAS_MOUNT,LIC,St. Thomas Mount,LIC,ST. THOMAS MOUNT,30.0,24.0,INR,CMRL,2021-02-22,CMRL_OFFICIAL
FARE_CMRL_METRO_GOVERNMENT_ESTATE_TO_METRO_CHENNAI_INTERNATIONAL_AIRPORT,METRO_GOVERNMENT_ESTATE,METRO_CHENNAI_INTERNATIONAL_AIRPORT,Government Estate,Chennai International Airport,GOVERNMENT ESTATE,AIRPORT,40.0,32.0,INR,CMRL,2021-02-22,CMRL_OFFICIAL
FARE_CMRL_METRO_GOVERNMENT_ESTATE_TO_METRO_MEENAMBAKKAM,METRO_GOVERNMENT_ESTATE,METRO_MEENAMBAKKAM,Government Estate,Meenambakkam,GOVERNMENT ESTATE,MEENAMBAKKAM,40.0,32.0,INR,CMRL,2021-02-22,CMRL_OFFICIAL
FARE_CMRL_METRO_GOVERNMENT_ESTATE_TO_METRO_OTA_NANGANALLUR_ROAD,METRO_GOVERNMENT_ESTATE,METRO_OTA_NANGANALLUR_ROAD,Government Estate,OTA-Nanganallur Road,GOVERNMENT ESTATE,NANGANALLUR ROAD,40.0,32.0,INR,CMRL,2021-02-22,CMRL_OFFICIAL
FARE_CMRL_METRO_GOVERNMENT_ESTATE_TO_METRO_ARIGNAR_ANNA_ALANDUR,METRO_GOVERNMENT_ESTATE,METRO_ARIGNAR_ANNA_ALANDUR,Government Estate,Arignar Anna Alandur Metro,GOVERNMENT ESTATE,ARIGNAR ANNA ALANDUR METRO,30.0,24.0,INR,CMRL,2021-02-22,CMRL_OFFICIAL
FARE_CMRL_METRO_GOVERNMENT_ESTATE_TO_METRO_GUINDY,METRO_GOVERNMENT_ESTATE,METRO_GUINDY,Government Estate,Guindy,GOVERNMENT ESTATE,GUINDY,30.0,24.0,INR,CMRL,2021-02-22,CMRL_OFFICIAL
FARE_CMRL_METRO_GOVERNMENT_ESTATE_TO_METRO_LITTLE_MOUNT,METRO_GOVERNMENT_ESTATE,METRO_LITTLE_MOUNT,Government Estate,Little Mount,GOVERNMENT ESTATE,LITTLE MOUNT,30.0,24.0,INR,CMRL,2021-02-22,CMRL_OFFICIAL
FARE_CMRL_METRO_GOVERNMENT_ESTATE_TO_METRO_SAIDAPET,METRO_GOVERNMENT_ESTATE,METRO_SAIDAPET,Government Estate,Saidapet Metro,GOVERNMENT ESTATE,SAIDAPET,30.0,24.0,INR,CMRL,2021-02-22,CMRL_OFFICIAL
FARE_CMRL_METRO_GOVERNMENT_ESTATE_TO_METRO_NANDANAM,METRO_GOVERNMENT_ESTATE,METRO_NANDANAM,Government Estate,Nandanam,GOVERNMENT ESTATE,NANDANAM,30.0,24.0,INR,CMRL,2021-02-22,CMRL_OFFICIAL
FARE_CMRL_METRO_GOVERNMENT_ESTATE_TO_METRO_TEYNAMPET,METRO_GOVERNMENT_ESTATE,METRO_TEYNAMPET,Government Estate,Teynampet,GOVERNMENT ESTATE,TEYNAMPET,20.0,16.0,INR,CMRL,2021-02-22,CMRL_OFFICIAL
FARE_CMRL_METRO_GOVERNMENT_ESTATE_TO_METRO_AG___8211__DMS,METRO_GOVERNMENT_ESTATE,METRO_AG___8211__DMS,Government Estate,AG – DMS,GOVERNMENT ESTATE,AG-DMS,20.0,16.0,INR,CMRL,2021-02-22,CMRL_OFFICIAL
FARE_CMRL_METRO_GOVERNMENT_ESTATE_TO_METRO_THOUSAND_LIGHTS,METRO_GOVERNMENT_ESTATE,METRO_THOUSAND_LIGHTS,Government Estate,Thousand Lights,GOVERNMENT ESTATE,THOUSAND LIGHTS,10.0,8.0,INR,CMRL,2021-02-22,CMRL_OFFICIAL
FARE_CMRL_METRO_GOVERNMENT_ESTATE_TO_METRO_LIC,METRO_GOVERNMENT_ESTATE,METRO_LIC,Government Estate,LIC,GOVERNMENT ESTATE,LIC,10.0,8.0,INR,CMRL,2021-02-22,CMRL_OFFICIAL
FARE_CMRL_METRO_GOVERNMENT_ESTATE_TO_METRO_GOVERNMENT_ESTATE,METRO_GOVERNMENT_ESTATE,METRO_GOVERNMENT_ESTATE,Government Estate,Government Estate,GOVERNMENT ESTATE,GOVERNMENT ESTATE,0.0,0.0,INR,CMRL,2021-02-22,CMRL_OFFICIAL
FARE_CMRL_METRO_GOVERNMENT_ESTATE_TO_METRO_PURATCHI_THALAIVAR_DR__M_G_RAMACHANDRAN_CENTRAL,METRO_GOVERNMENT_ESTATE,METRO_PURATCHI_THALAIVAR_DR__M_G_RAMACHANDRAN_CENTRAL,Government Estate,Puratchi Thalaivar Dr. M.G.Ramachandran Central Metro,GOVERNMENT ESTATE,PURATCHI THALAIVAR DR.M.G.RAMACHANDRAN CENTRAL METRO,10.0,8.0,INR,CMRL,2021-02-22,CMRL_OFFICIAL
FARE_CMRL_METRO_GOVERNMENT_ESTATE_TO_METRO_HIGHCOURT,METRO_GOVERNMENT_ESTATE,METRO_HIGHCOURT,Government Estate,Highcourt,GOVERNMENT ESTATE,HIGH COURT,20.0,16.0,INR,CMRL,2021-02-22,CMRL_OFFICIAL
FARE_CMRL_METRO_GOVERNMENT_ESTATE_TO_METRO_MANNADI,METRO_GOVERNMENT_ESTATE,METRO_MANNADI,Government Estate,Mannadi,GOVERNMENT ESTATE,MANNADI,20.0,16.0,INR,CMRL,2021-02-22,CMRL_OFFICIAL
FARE_CMRL_METRO_GOVERNMENT_ESTATE_TO_METRO_WASHERMENPET,METRO_GOVERNMENT_ESTATE,METRO_WASHERMENPET,Government Estate,Washermenpet,GOVERNMENT ESTATE,WASHERMENPET,30.0,24.0,INR,CMRL,2021-02-22,CMRL_OFFICIAL
FARE_CMRL_METRO_GOVERNMENT_ESTATE_TO_METRO_SIR_THIYAGARAYA_COLLEGE,METRO_GOVERNMENT_ESTATE,METRO_SIR_THIYAGARAYA_COLLEGE,Government Estate,Sir Theagaraya College,GOVERNMENT ESTATE,THYAGARAYA COLLEGE,30.0,24.0,INR,CMRL,2021-02-22,CMRL_OFFICIAL
FARE_CMRL_METRO_GOVERNMENT_ESTATE_TO_METRO_TONDIARPET,METRO_GOVERNMENT_ESTATE,METRO_TONDIARPET,Government Estate,Tondiarpet,GOVERNMENT ESTATE,TONDIARPET,30.0,24.0,INR,CMRL,2021-02-22,CMRL_OFFICIAL
FARE_CMRL_METRO_GOVERNMENT_ESTATE_TO_METRO_NEW_WASHERMENPET,METRO_GOVERNMENT_ESTATE,METRO_NEW_WASHERMENPET,Government Estate,New Washermenpet,GOVERNMENT ESTATE,NEW WASHERMENPET,30.0,24.0,INR,CMRL,2021-02-22,CMRL_OFFICIAL
FARE_CMRL_METRO_GOVERNMENT_ESTATE_TO_METRO_TOLLGATE,METRO_GOVERNMENT_ESTATE,METRO_TOLLGATE,Government Estate,Tollgate,GOVERNMENT ESTATE,TOLL GATE,30.0,24.0,INR,CMRL,2021-02-22,CMRL_OFFICIAL
FARE_CMRL_METRO_GOVERNMENT_ESTATE_TO_METRO_KALADIPET,METRO_GOVERNMENT_ESTATE,METRO_KALADIPET,Government Estate,Kaladipet,GOVERNMENT ESTATE,KALADIPET,30.0,24.0,INR,CMRL,2021-02-22,CMRL_OFFICIAL
FARE_CMRL_METRO_GOVERNMENT_ESTATE_TO_METRO_THIRUVOTTRIYUR_THERADI,METRO_GOVERNMENT_ESTATE,METRO_THIRUVOTTRIYUR_THERADI,Government Estate,Thiruvottiyur Theradi,GOVERNMENT ESTATE,THIRUVOTRIYUR THEREDI,40.0,32.0,INR,CMRL,2021-02-22,CMRL_OFFICIAL
FARE_CMRL_METRO_GOVERNMENT_ESTATE_TO_METRO_THIRUVOTRIYUR,METRO_GOVERNMENT_ESTATE,METRO_THIRUVOTRIYUR,Government Estate,Thiruvottriyur,GOVERNMENT ESTATE,THIRUVOTRIYUR,40.0,32.0,INR,CMRL,2021-02-22,CMRL_OFFICIAL
FARE_CMRL_METRO_GOVERNMENT_ESTATE_TO_METRO_WIMCO_NAGAR_6738,METRO_GOVERNMENT_ESTATE,METRO_WIMCO_NAGAR_6738,Government Estate,Wimco Nagar,GOVERNMENT ESTATE,WIMCO NAGAR,40.0,32.0,INR,CMRL,2021-02-22,CMRL_OFFICIAL
FARE_CMRL_METRO_GOVERNMENT_ESTATE_TO_METRO_WIMCO_NAGAR,METRO_GOVERNMENT_ESTATE,METRO_WIMCO_NAGAR,Government Estate,Wimco Nagar Depot,GOVERNMENT ESTATE,WIMCO NAGAR DEPOT,40.0,32.0,INR,CMRL,2021-02-22,CMRL_OFFICIAL
FARE_CMRL_METRO_GOVERNMENT_ESTATE_TO_METRO_EKKATTUTHANGAL,METRO_GOVERNMENT_ESTATE,METRO_EKKATTUTHANGAL,Government Estate,Ekkattuthangal,GOVERNMENT ESTATE,EKKATTUTHANGAL,40.0,32.0,INR,CMRL,2021-02-22,CMRL_OFFICIAL
FARE_CMRL_METRO_GOVERNMENT_ESTATE_TO_METRO_ASHOK_NAGAR,METRO_GOVERNMENT_ESTATE,METRO_ASHOK_NAGAR,Government Estate,Ashok Nagar,GOVERNMENT ESTATE,ASHOK NAGAR,40.0,32.0,INR,CMRL,2021-02-22,CMRL_OFFICIAL
FARE_CMRL_METRO_GOVERNMENT_ESTATE_TO_METRO_VADAPALANI,METRO_GOVERNMENT_ESTATE,METRO_VADAPALANI,Government Estate,Vadapalani,GOVERNMENT ESTATE,VADAPALANI,40.0,32.0,INR,CMRL,2021-02-22,CMRL_OFFICIAL
FARE_CMRL_METRO_GOVERNMENT_ESTATE_TO_METRO_ARUMBAKKAM,METRO_GOVERNMENT_ESTATE,METRO_ARUMBAKKAM,Government Estate,Arumbakkam,GOVERNMENT ESTATE,ARUMBAKKAM,40.0,32.0,INR,CMRL,2021-02-22,CMRL_OFFICIAL
FARE_CMRL_METRO_GOVERNMENT_ESTATE_TO_METRO_PURATCHI_THALAIVI_DR_J_JAYALALITHAA_CMBT,METRO_GOVERNMENT_ESTATE,METRO_PURATCHI_THALAIVI_DR_J_JAYALALITHAA_CMBT,Government Estate,Puratchi Thalaivi Dr.J.Jayalalithaa CMBT Metro,GOVERNMENT ESTATE,PURATCHI THALAIVI DR.J.JAYALALITHAA CMBT METRO,40.0,32.0,INR,CMRL,2021-02-22,CMRL_OFFICIAL
FARE_CMRL_METRO_GOVERNMENT_ESTATE_TO_METRO_KOYAMBEDU,METRO_GOVERNMENT_ESTATE,METRO_KOYAMBEDU,Government Estate,Koyambedu,GOVERNMENT ESTATE,KOYAMBEDU,40.0,32.0,INR,CMRL,2021-02-22,CMRL_OFFICIAL
FARE_CMRL_METRO_GOVERNMENT_ESTATE_TO_METRO_THIRUMANGALAM,METRO_GOVERNMENT_ESTATE,METRO_THIRUMANGALAM,Government Estate,Thirumangalam,GOVERNMENT ESTATE,THIRUMANGALAM,30.0,24.0,INR,CMRL,2021-02-22,CMRL_OFFICIAL
FARE_CMRL_METRO_GOVERNMENT_ESTATE_TO_METRO_ANNA_NAGAR_TOWER,METRO_GOVERNMENT_ESTATE,METRO_ANNA_NAGAR_TOWER,Government Estate,Anna Nagar Tower,GOVERNMENT ESTATE,ANNA NAGAR TOWER,30.0,24.0,INR,CMRL,2021-02-22,CMRL_OFFICIAL
FARE_CMRL_METRO_GOVERNMENT_ESTATE_TO_METRO_ANNA_NAGAR_EAST,METRO_GOVERNMENT_ESTATE,METRO_ANNA_NAGAR_EAST,Government Estate,Anna Nagar East,GOVERNMENT ESTATE,ANNA NAGAR EAST,30.0,24.0,INR,CMRL,2021-02-22,CMRL_OFFICIAL
FARE_CMRL_METRO_GOVERNMENT_ESTATE_TO_METRO_SHENOY_NAGAR,METRO_GOVERNMENT_ESTATE,METRO_SHENOY_NAGAR,Government Estate,Shenoy Nagar,GOVERNMENT ESTATE,SHENOY NAGAR,30.0,24.0,INR,CMRL,2021-02-22,CMRL_OFFICIAL
FARE_CMRL_METRO_GOVERNMENT_ESTATE_TO_METRO_PACHAIYAPPA_S_COLLEGE,METRO_GOVERNMENT_ESTATE,METRO_PACHAIYAPPA_S_COLLEGE,Government Estate,Pachaiyappa's College,GOVERNMENT ESTATE,PACHIAPPAS COLLEGE,30.0,24.0,INR,CMRL,2021-02-22,CMRL_OFFICIAL
FARE_CMRL_METRO_GOVERNMENT_ESTATE_TO_METRO_KILPAUK,METRO_GOVERNMENT_ESTATE,METRO_KILPAUK,Government Estate,Kilpauk,GOVERNMENT ESTATE,KILPAUK,30.0,24.0,INR,CMRL,2021-02-22,CMRL_OFFICIAL
FARE_CMRL_METRO_GOVERNMENT_ESTATE_TO_METRO_NEHRU_PARK,METRO_GOVERNMENT_ESTATE,METRO_NEHRU_PARK,Government Estate,Nehru Park,GOVERNMENT ESTATE,NEHRU PARK,20.0,16.0,INR,CMRL,2021-02-22,CMRL_OFFICIAL
FARE_CMRL_METRO_GOVERNMENT_ESTATE_TO_METRO_EGMORE,METRO_GOVERNMENT_ESTATE,METRO_EGMORE,Government Estate,Egmore,GOVERNMENT ESTATE,EGMORE,20.0,16.0,INR,CMRL,2021-02-22,CMRL_OFFICIAL
FARE_CMRL_METRO_GOVERNMENT_ESTATE_TO_METRO_ST__THOMAS_MOUNT,METRO_GOVERNMENT_ESTATE,METRO_ST__THOMAS_MOUNT,Government Estate,St. Thomas Mount,GOVERNMENT ESTATE,ST. THOMAS MOUNT,40.0,32.0,INR,CMRL,2021-02-22,CMRL_OFFICIAL
FARE_CMRL_METRO_PURATCHI_THALAIVAR_DR__M_G_RAMACHANDRAN_CENTRAL_TO_METRO_CHENNAI_INTERNATIONAL_AIRPORT,METRO_PURATCHI_THALAIVAR_DR__M_G_RAMACHANDRAN_CENTRAL,METRO_CHENNAI_INTERNATIONAL_AIRPORT,Puratchi Thalaivar Dr. M.G.Ramachandran Central Metro,Chennai International Airport,PURATCHI THALAIVAR DR.M.G.RAMACHANDRAN CENTRAL METRO,AIRPORT,40.0,32.0,INR,CMRL,2021-02-22,CMRL_OFFICIAL
FARE_CMRL_METRO_PURATCHI_THALAIVAR_DR__M_G_RAMACHANDRAN_CENTRAL_TO_METRO_MEENAMBAKKAM,METRO_PURATCHI_THALAIVAR_DR__M_G_RAMACHANDRAN_CENTRAL,METRO_MEENAMBAKKAM,Puratchi Thalaivar Dr. M.G.Ramachandran Central Metro,Meenambakkam,PURATCHI THALAIVAR DR.M.G.RAMACHANDRAN CENTRAL METRO,MEENAMBAKKAM,40.0,32.0,INR,CMRL,2021-02-22,CMRL_OFFICIAL
FARE_CMRL_METRO_PURATCHI_THALAIVAR_DR__M_G_RAMACHANDRAN_CENTRAL_TO_METRO_OTA_NANGANALLUR_ROAD,METRO_PURATCHI_THALAIVAR_DR__M_G_RAMACHANDRAN_CENTRAL,METRO_OTA_NANGANALLUR_ROAD,Puratchi Thalaivar Dr. M.G.Ramachandran Central Metro,OTA-Nanganallur Road,PURATCHI THALAIVAR DR.M.G.RAMACHANDRAN CENTRAL METRO,NANGANALLUR ROAD,40.0,32.0,INR,CMRL,2021-02-22,CMRL_OFFICIAL
FARE_CMRL_METRO_PURATCHI_THALAIVAR_DR__M_G_RAMACHANDRAN_CENTRAL_TO_METRO_ARIGNAR_ANNA_ALANDUR,METRO_PURATCHI_THALAIVAR_DR__M_G_RAMACHANDRAN_CENTRAL,METRO_ARIGNAR_ANNA_ALANDUR,Puratchi Thalaivar Dr. M.G.Ramachandran Central Metro,Arignar Anna Alandur Metro,PURATCHI THALAIVAR DR.M.G.RAMACHANDRAN CENTRAL METRO,ARIGNAR ANNA ALANDUR METRO,40.0,32.0,INR,CMRL,2021-02-22,CMRL_OFFICIAL
FARE_CMRL_METRO_PURATCHI_THALAIVAR_DR__M_G_RAMACHANDRAN_CENTRAL_TO_METRO_GUINDY,METRO_PURATCHI_THALAIVAR_DR__M_G_RAMACHANDRAN_CENTRAL,METRO_GUINDY,Puratchi Thalaivar Dr. M.G.Ramachandran Central Metro,Guindy,PURATCHI THALAIVAR DR.M.G.RAMACHANDRAN CENTRAL METRO,GUINDY,30.0,24.0,INR,CMRL,2021-02-22,CMRL_OFFICIAL
FARE_CMRL_METRO_PURATCHI_THALAIVAR_DR__M_G_RAMACHANDRAN_CENTRAL_TO_METRO_LITTLE_MOUNT,METRO_PURATCHI_THALAIVAR_DR__M_G_RAMACHANDRAN_CENTRAL,METRO_LITTLE_MOUNT,Puratchi Thalaivar Dr. M.G.Ramachandran Central Metro,Little Mount,PURATCHI THALAIVAR DR.M.G.RAMACHANDRAN CENTRAL METRO,LITTLE MOUNT,30.0,24.0,INR,CMRL,2021-02-22,CMRL_OFFICIAL
FARE_CMRL_METRO_PURATCHI_THALAIVAR_DR__M_G_RAMACHANDRAN_CENTRAL_TO_METRO_SAIDAPET,METRO_PURATCHI_THALAIVAR_DR__M_G_RAMACHANDRAN_CENTRAL,METRO_SAIDAPET,Puratchi Thalaivar Dr. M.G.Ramachandran Central Metro,Saidapet Metro,PURATCHI THALAIVAR DR.M.G.RAMACHANDRAN CENTRAL METRO,SAIDAPET,30.0,24.0,INR,CMRL,2021-02-22,CMRL_OFFICIAL
FARE_CMRL_METRO_PURATCHI_THALAIVAR_DR__M_G_RAMACHANDRAN_CENTRAL_TO_METRO_NANDANAM,METRO_PURATCHI_THALAIVAR_DR__M_G_RAMACHANDRAN_CENTRAL,METRO_NANDANAM,Puratchi Thalaivar Dr. M.G.Ramachandran Central Metro,Nandanam,PURATCHI THALAIVAR DR.M.G.RAMACHANDRAN CENTRAL METRO,NANDANAM,30.0,24.0,INR,CMRL,2021-02-22,CMRL_OFFICIAL
FARE_CMRL_METRO_PURATCHI_THALAIVAR_DR__M_G_RAMACHANDRAN_CENTRAL_TO_METRO_TEYNAMPET,METRO_PURATCHI_THALAIVAR_DR__M_G_RAMACHANDRAN_CENTRAL,METRO_TEYNAMPET,Puratchi Thalaivar Dr. M.G.Ramachandran Central Metro,Teynampet,PURATCHI THALAIVAR DR.M.G.RAMACHANDRAN CENTRAL METRO,TEYNAMPET,30.0,24.0,INR,CMRL,2021-02-22,CMRL_OFFICIAL
FARE_CMRL_METRO_PURATCHI_THALAIVAR_DR__M_G_RAMACHANDRAN_CENTRAL_TO_METRO_AG___8211__DMS,METRO_PURATCHI_THALAIVAR_DR__M_G_RAMACHANDRAN_CENTRAL,METRO_AG___8211__DMS,Puratchi Thalaivar Dr. M.G.Ramachandran Central Metro,AG – DMS,PURATCHI THALAIVAR DR.M.G.RAMACHANDRAN CENTRAL METRO,AG-DMS,30.0,24.0,INR,CMRL,2021-02-22,CMRL_OFFICIAL
FARE_CMRL_METRO_PURATCHI_THALAIVAR_DR__M_G_RAMACHANDRAN_CENTRAL_TO_METRO_THOUSAND_LIGHTS,METRO_PURATCHI_THALAIVAR_DR__M_G_RAMACHANDRAN_CENTRAL,METRO_THOUSAND_LIGHTS,Puratchi Thalaivar Dr. M.G.Ramachandran Central Metro,Thousand Lights,PURATCHI THALAIVAR DR.M.G.RAMACHANDRAN CENTRAL METRO,THOUSAND LIGHTS,20.0,16.0,INR,CMRL,2021-02-22,CMRL_OFFICIAL
FARE_CMRL_METRO_PURATCHI_THALAIVAR_DR__M_G_RAMACHANDRAN_CENTRAL_TO_METRO_LIC,METRO_PURATCHI_THALAIVAR_DR__M_G_RAMACHANDRAN_CENTRAL,METRO_LIC,Puratchi Thalaivar Dr. M.G.Ramachandran Central Metro,LIC,PURATCHI THALAIVAR DR.M.G.RAMACHANDRAN CENTRAL METRO,LIC,20.0,16.0,INR,CMRL,2021-02-22,CMRL_OFFICIAL
FARE_CMRL_METRO_PURATCHI_THALAIVAR_DR__M_G_RAMACHANDRAN_CENTRAL_TO_METRO_GOVERNMENT_ESTATE,METRO_PURATCHI_THALAIVAR_DR__M_G_RAMACHANDRAN_CENTRAL,METRO_GOVERNMENT_ESTATE,Puratchi Thalaivar Dr. M.G.Ramachandran Central Metro,Government Estate,PURATCHI THALAIVAR DR.M.G.RAMACHANDRAN CENTRAL METRO,GOVERNMENT ESTATE,10.0,8.0,INR,CMRL,2021-02-22,CMRL_OFFICIAL
FARE_CMRL_METRO_PURATCHI_THALAIVAR_DR__M_G_RAMACHANDRAN_CENTRAL_TO_METRO_PURATCHI_THALAIVAR_DR__M_G_RAMACHANDRAN_CENTRAL,METRO_PURATCHI_THALAIVAR_DR__M_G_RAMACHANDRAN_CENTRAL,METRO_PURATCHI_THALAIVAR_DR__M_G_RAMACHANDRAN_CENTRAL,Puratchi Thalaivar Dr. M.G.Ramachandran Central Metro,Puratchi Thalaivar Dr. M.G.Ramachandran Central Metro,PURATCHI THALAIVAR DR.M.G.RAMACHANDRAN CENTRAL METRO,PURATCHI THALAIVAR DR.M.G.RAMACHANDRAN CENTRAL METRO,0.0,0.0,INR,CMRL,2021-02-22,CMRL_OFFICIAL
FARE_CMRL_METRO_PURATCHI_THALAIVAR_DR__M_G_RAMACHANDRAN_CENTRAL_TO_METRO_HIGHCOURT,METRO_PURATCHI_THALAIVAR_DR__M_G_RAMACHANDRAN_CENTRAL,METRO_HIGHCOURT,Puratchi Thalaivar Dr. M.G.Ramachandran Central Metro,Highcourt,PURATCHI THALAIVAR DR.M.G.RAMACHANDRAN CENTRAL METRO,HIGH COURT,10.0,8.0,INR,CMRL,2021-02-22,CMRL_OFFICIAL
FARE_CMRL_METRO_PURATCHI_THALAIVAR_DR__M_G_RAMACHANDRAN_CENTRAL_TO_METRO_MANNADI,METRO_PURATCHI_THALAIVAR_DR__M_G_RAMACHANDRAN_CENTRAL,METRO_MANNADI,Puratchi Thalaivar Dr. M.G.Ramachandran Central Metro,Mannadi,PURATCHI THALAIVAR DR.M.G.RAMACHANDRAN CENTRAL METRO,MANNADI,20.0,16.0,INR,CMRL,2021-02-22,CMRL_OFFICIAL
FARE_CMRL_METRO_PURATCHI_THALAIVAR_DR__M_G_RAMACHANDRAN_CENTRAL_TO_METRO_WASHERMENPET,METRO_PURATCHI_THALAIVAR_DR__M_G_RAMACHANDRAN_CENTRAL,METRO_WASHERMENPET,Puratchi Thalaivar Dr. M.G.Ramachandran Central Metro,Washermenpet,PURATCHI THALAIVAR DR.M.G.RAMACHANDRAN CENTRAL METRO,WASHERMENPET,20.0,16.0,INR,CMRL,2021-02-22,CMRL_OFFICIAL
FARE_CMRL_METRO_PURATCHI_THALAIVAR_DR__M_G_RAMACHANDRAN_CENTRAL_TO_METRO_SIR_THIYAGARAYA_COLLEGE,METRO_PURATCHI_THALAIVAR_DR__M_G_RAMACHANDRAN_CENTRAL,METRO_SIR_THIYAGARAYA_COLLEGE,Puratchi Thalaivar Dr. M.G.Ramachandran Central Metro,Sir Theagaraya College,PURATCHI THALAIVAR DR.M.G.RAMACHANDRAN CENTRAL METRO,THYAGARAYA COLLEGE,30.0,24.0,INR,CMRL,2021-02-22,CMRL_OFFICIAL
FARE_CMRL_METRO_PURATCHI_THALAIVAR_DR__M_G_RAMACHANDRAN_CENTRAL_TO_METRO_TONDIARPET,METRO_PURATCHI_THALAIVAR_DR__M_G_RAMACHANDRAN_CENTRAL,METRO_TONDIARPET,Puratchi Thalaivar Dr. M.G.Ramachandran Central Metro,Tondiarpet,PURATCHI THALAIVAR DR.M.G.RAMACHANDRAN CENTRAL METRO,TONDIARPET,30.0,24.0,INR,CMRL,2021-02-22,CMRL_OFFICIAL
FARE_CMRL_METRO_PURATCHI_THALAIVAR_DR__M_G_RAMACHANDRAN_CENTRAL_TO_METRO_NEW_WASHERMENPET,METRO_PURATCHI_THALAIVAR_DR__M_G_RAMACHANDRAN_CENTRAL,METRO_NEW_WASHERMENPET,Puratchi Thalaivar Dr. M.G.Ramachandran Central Metro,New Washermenpet,PURATCHI THALAIVAR DR.M.G.RAMACHANDRAN CENTRAL METRO,NEW WASHERMENPET,30.0,24.0,INR,CMRL,2021-02-22,CMRL_OFFICIAL
FARE_CMRL_METRO_PURATCHI_THALAIVAR_DR__M_G_RAMACHANDRAN_CENTRAL_TO_METRO_TOLLGATE,METRO_PURATCHI_THALAIVAR_DR__M_G_RAMACHANDRAN_CENTRAL,METRO_TOLLGATE,Puratchi Thalaivar Dr. M.G.Ramachandran Central Metro,Tollgate,PURATCHI THALAIVAR DR.M.G.RAMACHANDRAN CENTRAL METRO,TOLL GATE,30.0,24.0,INR,CMRL,2021-02-22,CMRL_OFFICIAL
FARE_CMRL_METRO_PURATCHI_THALAIVAR_DR__M_G_RAMACHANDRAN_CENTRAL_TO_METRO_KALADIPET,METRO_PURATCHI_THALAIVAR_DR__M_G_RAMACHANDRAN_CENTRAL,METRO_KALADIPET,Puratchi Thalaivar Dr. M.G.Ramachandran Central Metro,Kaladipet,PURATCHI THALAIVAR DR.M.G.RAMACHANDRAN CENTRAL METRO,KALADIPET,30.0,24.0,INR,CMRL,2021-02-22,CMRL_OFFICIAL
FARE_CMRL_METRO_PURATCHI_THALAIVAR_DR__M_G_RAMACHANDRAN_CENTRAL_TO_METRO_THIRUVOTTRIYUR_THERADI,METRO_PURATCHI_THALAIVAR_DR__M_G_RAMACHANDRAN_CENTRAL,METRO_THIRUVOTTRIYUR_THERADI,Puratchi Thalaivar Dr. M.G.Ramachandran Central Metro,Thiruvottiyur Theradi,PURATCHI THALAIVAR DR.M.G.RAMACHANDRAN CENTRAL METRO,THIRUVOTRIYUR THEREDI,30.0,24.0,INR,CMRL,2021-02-22,CMRL_OFFICIAL
FARE_CMRL_METRO_PURATCHI_THALAIVAR_DR__M_G_RAMACHANDRAN_CENTRAL_TO_METRO_THIRUVOTRIYUR,METRO_PURATCHI_THALAIVAR_DR__M_G_RAMACHANDRAN_CENTRAL,METRO_THIRUVOTRIYUR,Puratchi Thalaivar Dr. M.G.Ramachandran Central Metro,Thiruvottriyur,PURATCHI THALAIVAR DR.M.G.RAMACHANDRAN CENTRAL METRO,THIRUVOTRIYUR,30.0,24.0,INR,CMRL,2021-02-22,CMRL_OFFICIAL
FARE_CMRL_METRO_PURATCHI_THALAIVAR_DR__M_G_RAMACHANDRAN_CENTRAL_TO_METRO_WIMCO_NAGAR_6738,METRO_PURATCHI_THALAIVAR_DR__M_G_RAMACHANDRAN_CENTRAL,METRO_WIMCO_NAGAR_6738,Puratchi Thalaivar Dr. M.G.Ramachandran Central Metro,Wimco Nagar,PURATCHI THALAIVAR DR.M.G.RAMACHANDRAN CENTRAL METRO,WIMCO NAGAR,40.0,32.0,INR,CMRL,2021-02-22,CMRL_OFFICIAL
FARE_CMRL_METRO_PURATCHI_THALAIVAR_DR__M_G_RAMACHANDRAN_CENTRAL_TO_METRO_WIMCO_NAGAR,METRO_PURATCHI_THALAIVAR_DR__M_G_RAMACHANDRAN_CENTRAL,METRO_WIMCO_NAGAR,Puratchi Thalaivar Dr. M.G.Ramachandran Central Metro,Wimco Nagar Depot,PURATCHI THALAIVAR DR.M.G.RAMACHANDRAN CENTRAL METRO,WIMCO NAGAR DEPOT,40.0,32.0,INR,CMRL,2021-02-22,CMRL_OFFICIAL
FARE_CMRL_METRO_PURATCHI_THALAIVAR_DR__M_G_RAMACHANDRAN_CENTRAL_TO_METRO_EKKATTUTHANGAL,METRO_PURATCHI_THALAIVAR_DR__M_G_RAMACHANDRAN_CENTRAL,METRO_EKKATTUTHANGAL,Puratchi Thalaivar Dr. M.G.Ramachandran Central Metro,Ekkattuthangal,PURATCHI THALAIVAR DR.M.G.RAMACHANDRAN CENTRAL METRO,EKKATTUTHANGAL,40.0,32.0,INR,CMRL,2021-02-22,CMRL_OFFICIAL
FARE_CMRL_METRO_PURATCHI_THALAIVAR_DR__M_G_RAMACHANDRAN_CENTRAL_TO_METRO_ASHOK_NAGAR,METRO_PURATCHI_THALAIVAR_DR__M_G_RAMACHANDRAN_CENTRAL,METRO_ASHOK_NAGAR,Puratchi Thalaivar Dr. M.G.Ramachandran Central Metro,Ashok Nagar,PURATCHI THALAIVAR DR.M.G.RAMACHANDRAN CENTRAL METRO,ASHOK NAGAR,40.0,32.0,INR,CMRL,2021-02-22,CMRL_OFFICIAL
FARE_CMRL_METRO_PURATCHI_THALAIVAR_DR__M_G_RAMACHANDRAN_CENTRAL_TO_METRO_VADAPALANI,METRO_PURATCHI_THALAIVAR_DR__M_G_RAMACHANDRAN_CENTRAL,METRO_VADAPALANI,Puratchi Thalaivar Dr. M.G.Ramachandran Central Metro,Vadapalani,PURATCHI THALAIVAR DR.M.G.RAMACHANDRAN CENTRAL METRO,VADAPALANI,40.0,32.0,INR,CMRL,2021-02-22,CMRL_OFFICIAL
FARE_CMRL_METRO_PURATCHI_THALAIVAR_DR__M_G_RAMACHANDRAN_CENTRAL_TO_METRO_ARUMBAKKAM,METRO_PURATCHI_THALAIVAR_DR__M_G_RAMACHANDRAN_CENTRAL,METRO_ARUMBAKKAM,Puratchi Thalaivar Dr. M.G.Ramachandran Central Metro,Arumbakkam,PURATCHI THALAIVAR DR.M.G.RAMACHANDRAN CENTRAL METRO,ARUMBAKKAM,40.0,32.0,INR,CMRL,2021-02-22,CMRL_OFFICIAL
FARE_CMRL_METRO_PURATCHI_THALAIVAR_DR__M_G_RAMACHANDRAN_CENTRAL_TO_METRO_PURATCHI_THALAIVI_DR_J_JAYALALITHAA_CMBT,METRO_PURATCHI_THALAIVAR_DR__M_G_RAMACHANDRAN_CENTRAL,METRO_PURATCHI_THALAIVI_DR_J_JAYALALITHAA_CMBT,Puratchi Thalaivar Dr. M.G.Ramachandran Central Metro,Puratchi Thalaivi Dr.J.Jayalalithaa CMBT Metro,PURATCHI THALAIVAR DR.M.G.RAMACHANDRAN CENTRAL METRO,PURATCHI THALAIVI DR.J.JAYALALITHAA CMBT METRO,30.0,24.0,INR,CMRL,2021-02-22,CMRL_OFFICIAL
FARE_CMRL_METRO_PURATCHI_THALAIVAR_DR__M_G_RAMACHANDRAN_CENTRAL_TO_METRO_KOYAMBEDU,METRO_PURATCHI_THALAIVAR_DR__M_G_RAMACHANDRAN_CENTRAL,METRO_KOYAMBEDU,Puratchi Thalaivar Dr. M.G.Ramachandran Central Metro,Koyambedu,PURATCHI THALAIVAR DR.M.G.RAMACHANDRAN CENTRAL METRO,KOYAMBEDU,30.0,24.0,INR,CMRL,2021-02-22,CMRL_OFFICIAL
FARE_CMRL_METRO_PURATCHI_THALAIVAR_DR__M_G_RAMACHANDRAN_CENTRAL_TO_METRO_THIRUMANGALAM,METRO_PURATCHI_THALAIVAR_DR__M_G_RAMACHANDRAN_CENTRAL,METRO_THIRUMANGALAM,Puratchi Thalaivar Dr. M.G.Ramachandran Central Metro,Thirumangalam,PURATCHI THALAIVAR DR.M.G.RAMACHANDRAN CENTRAL METRO,THIRUMANGALAM,30.0,24.0,INR,CMRL,2021-02-22,CMRL_OFFICIAL
FARE_CMRL_METRO_PURATCHI_THALAIVAR_DR__M_G_RAMACHANDRAN_CENTRAL_TO_METRO_ANNA_NAGAR_TOWER,METRO_PURATCHI_THALAIVAR_DR__M_G_RAMACHANDRAN_CENTRAL,METRO_ANNA_NAGAR_TOWER,Puratchi Thalaivar Dr. M.G.Ramachandran Central Metro,Anna Nagar Tower,PURATCHI THALAIVAR DR.M.G.RAMACHANDRAN CENTRAL METRO,ANNA NAGAR TOWER,30.0,24.0,INR,CMRL,2021-02-22,CMRL_OFFICIAL
FARE_CMRL_METRO_PURATCHI_THALAIVAR_DR__M_G_RAMACHANDRAN_CENTRAL_TO_METRO_ANNA_NAGAR_EAST,METRO_PURATCHI_THALAIVAR_DR__M_G_RAMACHANDRAN_CENTRAL,METRO_ANNA_NAGAR_EAST,Puratchi Thalaivar Dr. M.G.Ramachandran Central Metro,Anna Nagar East,PURATCHI THALAIVAR DR.M.G.RAMACHANDRAN CENTRAL METRO,ANNA NAGAR EAST,30.0,24.0,INR,CMRL,2021-02-22,CMRL_OFFICIAL
FARE_CMRL_METRO_PURATCHI_THALAIVAR_DR__M_G_RAMACHANDRAN_CENTRAL_TO_METRO_SHENOY_NAGAR,METRO_PURATCHI_THALAIVAR_DR__M_G_RAMACHANDRAN_CENTRAL,METRO_SHENOY_NAGAR,Puratchi Thalaivar Dr. M.G.Ramachandran Central Metro,Shenoy Nagar,PURATCHI THALAIVAR DR.M.G.RAMACHANDRAN CENTRAL METRO,SHENOY NAGAR,30.0,24.0,INR,CMRL,2021-02-22,CMRL_OFFICIAL
FARE_CMRL_METRO_PURATCHI_THALAIVAR_DR__M_G_RAMACHANDRAN_CENTRAL_TO_METRO_PACHAIYAPPA_S_COLLEGE,METRO_PURATCHI_THALAIVAR_DR__M_G_RAMACHANDRAN_CENTRAL,METRO_PACHAIYAPPA_S_COLLEGE,Puratchi Thalaivar Dr. M.G.Ramachandran Central Metro,Pachaiyappa's College,PURATCHI THALAIVAR DR.M.G.RAMACHANDRAN CENTRAL METRO,PACHIAPPAS COLLEGE,20.0,16.0,INR,CMRL,2021-02-22,CMRL_OFFICIAL
FARE_CMRL_METRO_PURATCHI_THALAIVAR_DR__M_G_RAMACHANDRAN_CENTRAL_TO_METRO_KILPAUK,METRO_PURATCHI_THALAIVAR_DR__M_G_RAMACHANDRAN_CENTRAL,METRO_KILPAUK,Puratchi Thalaivar Dr. M.G.Ramachandran Central Metro,Kilpauk,PURATCHI THALAIVAR DR.M.G.RAMACHANDRAN CENTRAL METRO,KILPAUK,20.0,16.0,INR,CMRL,2021-02-22,CMRL_OFFICIAL
FARE_CMRL_METRO_PURATCHI_THALAIVAR_DR__M_G_RAMACHANDRAN_CENTRAL_TO_METRO_NEHRU_PARK,METRO_PURATCHI_THALAIVAR_DR__M_G_RAMACHANDRAN_CENTRAL,METRO_NEHRU_PARK,Puratchi Thalaivar Dr. M.G.Ramachandran Central Metro,Nehru Park,PURATCHI THALAIVAR DR.M.G.RAMACHANDRAN CENTRAL METRO,NEHRU PARK,20.0,16.0,INR,CMRL,2021-02-22,CMRL_OFFICIAL
FARE_CMRL_METRO_PURATCHI_THALAIVAR_DR__M_G_RAMACHANDRAN_CENTRAL_TO_METRO_EGMORE,METRO_PURATCHI_THALAIVAR_DR__M_G_RAMACHANDRAN_CENTRAL,METRO_EGMORE,Puratchi Thalaivar Dr. M.G.Ramachandran Central Metro,Egmore,PURATCHI THALAIVAR DR.M.G.RAMACHANDRAN CENTRAL METRO,EGMORE,10.0,8.0,INR,CMRL,2021-02-22,CMRL_OFFICIAL
FARE_CMRL_METRO_PURATCHI_THALAIVAR_DR__M_G_RAMACHANDRAN_CENTRAL_TO_METRO_ST__THOMAS_MOUNT,METRO_PURATCHI_THALAIVAR_DR__M_G_RAMACHANDRAN_CENTRAL,METRO_ST__THOMAS_MOUNT,Puratchi Thalaivar Dr. M.G.Ramachandran Central Metro,St. Thomas Mount,PURATCHI THALAIVAR DR.M.G.RAMACHANDRAN CENTRAL METRO,ST. THOMAS MOUNT,40.0,32.0,INR,CMRL,2021-02-22,CMRL_OFFICIAL
FARE_CMRL_METRO_HIGHCOURT_TO_METRO_CHENNAI_INTERNATIONAL_AIRPORT,METRO_HIGHCOURT,METRO_CHENNAI_INTERNATIONAL_AIRPORT,Highcourt,Chennai International Airport,HIGH COURT,AIRPORT,40.0,32.0,INR,CMRL,2021-02-22,CMRL_OFFICIAL
FARE_CMRL_METRO_HIGHCOURT_TO_METRO_MEENAMBAKKAM,METRO_HIGHCOURT,METRO_MEENAMBAKKAM,Highcourt,Meenambakkam,HIGH COURT,MEENAMBAKKAM,40.0,32.0,INR,CMRL,2021-02-22,CMRL_OFFICIAL
FARE_CMRL_METRO_HIGHCOURT_TO_METRO_OTA_NANGANALLUR_ROAD,METRO_HIGHCOURT,METRO_OTA_NANGANALLUR_ROAD,Highcourt,OTA-Nanganallur Road,HIGH COURT,NANGANALLUR ROAD,40.0,32.0,INR,CMRL,2021-02-22,CMRL_OFFICIAL
FARE_CMRL_METRO_HIGHCOURT_TO_METRO_ARIGNAR_ANNA_ALANDUR,METRO_HIGHCOURT,METRO_ARIGNAR_ANNA_ALANDUR,Highcourt,Arignar Anna Alandur Metro,HIGH COURT,ARIGNAR ANNA ALANDUR METRO,40.0,32.0,INR,CMRL,2021-02-22,CMRL_OFFICIAL
FARE_CMRL_METRO_HIGHCOURT_TO_METRO_GUINDY,METRO_HIGHCOURT,METRO_GUINDY,Highcourt,Guindy,HIGH COURT,GUINDY,40.0,32.0,INR,CMRL,2021-02-22,CMRL_OFFICIAL
FARE_CMRL_METRO_HIGHCOURT_TO_METRO_LITTLE_MOUNT,METRO_HIGHCOURT,METRO_LITTLE_MOUNT,Highcourt,Little Mount,HIGH COURT,LITTLE MOUNT,30.0,24.0,INR,CMRL,2021-02-22,CMRL_OFFICIAL
FARE_CMRL_METRO_HIGHCOURT_TO_METRO_SAIDAPET,METRO_HIGHCOURT,METRO_SAIDAPET,Highcourt,Saidapet Metro,HIGH COURT,SAIDAPET,30.0,24.0,INR,CMRL,2021-02-22,CMRL_OFFICIAL
FARE_CMRL_METRO_HIGHCOURT_TO_METRO_NANDANAM,METRO_HIGHCOURT,METRO_NANDANAM,Highcourt,Nandanam,HIGH COURT,NANDANAM,30.0,24.0,INR,CMRL,2021-02-22,CMRL_OFFICIAL
FARE_CMRL_METRO_HIGHCOURT_TO_METRO_TEYNAMPET,METRO_HIGHCOURT,METRO_TEYNAMPET,Highcourt,Teynampet,HIGH COURT,TEYNAMPET,30.0,24.0,INR,CMRL,2021-02-22,CMRL_OFFICIAL
FARE_CMRL_METRO_HIGHCOURT_TO_METRO_AG___8211__DMS,METRO_HIGHCOURT,METRO_AG___8211__DMS,Highcourt,AG – DMS,HIGH COURT,AG-DMS,30.0,24.0,INR,CMRL,2021-02-22,CMRL_OFFICIAL
FARE_CMRL_METRO_HIGHCOURT_TO_METRO_THOUSAND_LIGHTS,METRO_HIGHCOURT,METRO_THOUSAND_LIGHTS,Highcourt,Thousand Lights,HIGH COURT,THOUSAND LIGHTS,30.0,24.0,INR,CMRL,2021-02-22,CMRL_OFFICIAL
FARE_CMRL_METRO_HIGHCOURT_TO_METRO_LIC,METRO_HIGHCOURT,METRO_LIC,Highcourt,LIC,HIGH COURT,LIC,20.0,16.0,INR,CMRL,2021-02-22,CMRL_OFFICIAL
FARE_CMRL_METRO_HIGHCOURT_TO_METRO_GOVERNMENT_ESTATE,METRO_HIGHCOURT,METRO_GOVERNMENT_ESTATE,Highcourt,Government Estate,HIGH COURT,GOVERNMENT ESTATE,20.0,16.0,INR,CMRL,2021-02-22,CMRL_OFFICIAL
FARE_CMRL_METRO_HIGHCOURT_TO_METRO_PURATCHI_THALAIVAR_DR__M_G_RAMACHANDRAN_CENTRAL,METRO_HIGHCOURT,METRO_PURATCHI_THALAIVAR_DR__M_G_RAMACHANDRAN_CENTRAL,Highcourt,Puratchi Thalaivar Dr. M.G.Ramachandran Central Metro,HIGH COURT,PURATCHI THALAIVAR DR.M.G.RAMACHANDRAN CENTRAL METRO,10.0,8.0,INR,CMRL,2021-02-22,CMRL_OFFICIAL
FARE_CMRL_METRO_HIGHCOURT_TO_METRO_HIGHCOURT,METRO_HIGHCOURT,METRO_HIGHCOURT,Highcourt,Highcourt,HIGH COURT,HIGH COURT,0.0,0.0,INR,CMRL,2021-02-22,CMRL_OFFICIAL
FARE_CMRL_METRO_HIGHCOURT_TO_METRO_MANNADI,METRO_HIGHCOURT,METRO_MANNADI,Highcourt,Mannadi,HIGH COURT,MANNADI,10.0,8.0,INR,CMRL,2021-02-22,CMRL_OFFICIAL
FARE_CMRL_METRO_HIGHCOURT_TO_METRO_WASHERMENPET,METRO_HIGHCOURT,METRO_WASHERMENPET,Highcourt,Washermenpet,HIGH COURT,WASHERMENPET,20.0,16.0,INR,CMRL,2021-02-22,CMRL_OFFICIAL
FARE_CMRL_METRO_HIGHCOURT_TO_METRO_SIR_THIYAGARAYA_COLLEGE,METRO_HIGHCOURT,METRO_SIR_THIYAGARAYA_COLLEGE,Highcourt,Sir Theagaraya College,HIGH COURT,THYAGARAYA COLLEGE,20.0,16.0,INR,CMRL,2021-02-22,CMRL_OFFICIAL
FARE_CMRL_METRO_HIGHCOURT_TO_METRO_TONDIARPET,METRO_HIGHCOURT,METRO_TONDIARPET,Highcourt,Tondiarpet,HIGH COURT,TONDIARPET,20.0,16.0,INR,CMRL,2021-02-22,CMRL_OFFICIAL
FARE_CMRL_METRO_HIGHCOURT_TO_METRO_NEW_WASHERMENPET,METRO_HIGHCOURT,METRO_NEW_WASHERMENPET,Highcourt,New Washermenpet,HIGH COURT,NEW WASHERMENPET,30.0,24.0,INR,CMRL,2021-02-22,CMRL_OFFICIAL
FARE_CMRL_METRO_HIGHCOURT_TO_METRO_TOLLGATE,METRO_HIGHCOURT,METRO_TOLLGATE,Highcourt,Tollgate,HIGH COURT,TOLL GATE,30.0,24.0,INR,CMRL,2021-02-22,CMRL_OFFICIAL
FARE_CMRL_METRO_HIGHCOURT_TO_METRO_KALADIPET,METRO_HIGHCOURT,METRO_KALADIPET,Highcourt,Kaladipet,HIGH COURT,KALADIPET,30.0,24.0,INR,CMRL,2021-02-22,CMRL_OFFICIAL
FARE_CMRL_METRO_HIGHCOURT_TO_METRO_THIRUVOTTRIYUR_THERADI,METRO_HIGHCOURT,METRO_THIRUVOTTRIYUR_THERADI,Highcourt,Thiruvottiyur Theradi,HIGH COURT,THIRUVOTRIYUR THEREDI,30.0,24.0,INR,CMRL,2021-02-22,CMRL_OFFICIAL
FARE_CMRL_METRO_HIGHCOURT_TO_METRO_THIRUVOTRIYUR,METRO_HIGHCOURT,METRO_THIRUVOTRIYUR,Highcourt,Thiruvottriyur,HIGH COURT,THIRUVOTRIYUR,30.0,24.0,INR,CMRL,2021-02-22,CMRL_OFFICIAL
FARE_CMRL_METRO_HIGHCOURT_TO_METRO_WIMCO_NAGAR_6738,METRO_HIGHCOURT,METRO_WIMCO_NAGAR_6738,Highcourt,Wimco Nagar,HIGH COURT,WIMCO NAGAR,30.0,24.0,INR,CMRL,2021-02-22,CMRL_OFFICIAL
FARE_CMRL_METRO_HIGHCOURT_TO_METRO_WIMCO_NAGAR,METRO_HIGHCOURT,METRO_WIMCO_NAGAR,Highcourt,Wimco Nagar Depot,HIGH COURT,WIMCO NAGAR DEPOT,30.0,24.0,INR,CMRL,2021-02-22,CMRL_OFFICIAL
FARE_CMRL_METRO_HIGHCOURT_TO_METRO_EKKATTUTHANGAL,METRO_HIGHCOURT,METRO_EKKATTUTHANGAL,Highcourt,Ekkattuthangal,HIGH COURT,EKKATTUTHANGAL,40.0,32.0,INR,CMRL,2021-02-22,CMRL_OFFICIAL
FARE_CMRL_METRO_HIGHCOURT_TO_METRO_ASHOK_NAGAR,METRO_HIGHCOURT,METRO_ASHOK_NAGAR,Highcourt,Ashok Nagar,HIGH COURT,ASHOK NAGAR,40.0,32.0,INR,CMRL,2021-02-22,CMRL_OFFICIAL
FARE_CMRL_METRO_HIGHCOURT_TO_METRO_VADAPALANI,METRO_HIGHCOURT,METRO_VADAPALANI,Highcourt,Vadapalani,HIGH COURT,VADAPALANI,40.0,32.0,INR,CMRL,2021-02-22,CMRL_OFFICIAL
FARE_CMRL_METRO_HIGHCOURT_TO_METRO_ARUMBAKKAM,METRO_HIGHCOURT,METRO_ARUMBAKKAM,Highcourt,Arumbakkam,HIGH COURT,ARUMBAKKAM,40.0,32.0,INR,CMRL,2021-02-22,CMRL_OFFICIAL
FARE_CMRL_METRO_HIGHCOURT_TO_METRO_PURATCHI_THALAIVI_DR_J_JAYALALITHAA_CMBT,METRO_HIGHCOURT,METRO_PURATCHI_THALAIVI_DR_J_JAYALALITHAA_CMBT,Highcourt,Puratchi Thalaivi Dr.J.Jayalalithaa CMBT Metro,HIGH COURT,PURATCHI THALAIVI DR.J.JAYALALITHAA CMBT METRO,40.0,32.0,INR,CMRL,2021-02-22,CMRL_OFFICIAL
FARE_CMRL_METRO_HIGHCOURT_TO_METRO_KOYAMBEDU,METRO_HIGHCOURT,METRO_KOYAMBEDU,Highcourt,Koyambedu,HIGH COURT,KOYAMBEDU,40.0,32.0,INR,CMRL,2021-02-22,CMRL_OFFICIAL
FARE_CMRL_METRO_HIGHCOURT_TO_METRO_THIRUMANGALAM,METRO_HIGHCOURT,METRO_THIRUMANGALAM,Highcourt,Thirumangalam,HIGH COURT,THIRUMANGALAM,30.0,24.0,INR,CMRL,2021-02-22,CMRL_OFFICIAL
FARE_CMRL_METRO_HIGHCOURT_TO_METRO_ANNA_NAGAR_TOWER,METRO_HIGHCOURT,METRO_ANNA_NAGAR_TOWER,Highcourt,Anna Nagar Tower,HIGH COURT,ANNA NAGAR TOWER,30.0,24.0,INR,CMRL,2021-02-22,CMRL_OFFICIAL
FARE_CMRL_METRO_HIGHCOURT_TO_METRO_ANNA_NAGAR_EAST,METRO_HIGHCOURT,METRO_ANNA_NAGAR_EAST,Highcourt,Anna Nagar East,HIGH COURT,ANNA NAGAR EAST,30.0,24.0,INR,CMRL,2021-02-22,CMRL_OFFICIAL
FARE_CMRL_METRO_HIGHCOURT_TO_METRO_SHENOY_NAGAR,METRO_HIGHCOURT,METRO_SHENOY_NAGAR,Highcourt,Shenoy Nagar,HIGH COURT,SHENOY NAGAR,30.0,24.0,INR,CMRL,2021-02-22,CMRL_OFFICIAL
FARE_CMRL_METRO_HIGHCOURT_TO_METRO_PACHAIYAPPA_S_COLLEGE,METRO_HIGHCOURT,METRO_PACHAIYAPPA_S_COLLEGE,Highcourt,Pachaiyappa's College,HIGH COURT,PACHIAPPAS COLLEGE,30.0,24.0,INR,CMRL,2021-02-22,CMRL_OFFICIAL
FARE_CMRL_METRO_HIGHCOURT_TO_METRO_KILPAUK,METRO_HIGHCOURT,METRO_KILPAUK,Highcourt,Kilpauk,HIGH COURT,KILPAUK,20.0,16.0,INR,CMRL,2021-02-22,CMRL_OFFICIAL
FARE_CMRL_METRO_HIGHCOURT_TO_METRO_NEHRU_PARK,METRO_HIGHCOURT,METRO_NEHRU_PARK,Highcourt,Nehru Park,HIGH COURT,NEHRU PARK,20.0,16.0,INR,CMRL,2021-02-22,CMRL_OFFICIAL
FARE_CMRL_METRO_HIGHCOURT_TO_METRO_EGMORE,METRO_HIGHCOURT,METRO_EGMORE,Highcourt,Egmore,HIGH COURT,EGMORE,20.0,16.0,INR,CMRL,2021-02-22,CMRL_OFFICIAL
FARE_CMRL_METRO_HIGHCOURT_TO_METRO_ST__THOMAS_MOUNT,METRO_HIGHCOURT,METRO_ST__THOMAS_MOUNT,Highcourt,St. Thomas Mount,HIGH COURT,ST. THOMAS MOUNT,40.0,32.0,INR,CMRL,2021-02-22,CMRL_OFFICIAL
FARE_CMRL_METRO_MANNADI_TO_METRO_CHENNAI_INTERNATIONAL_AIRPORT,METRO_MANNADI,METRO_CHENNAI_INTERNATIONAL_AIRPORT,Mannadi,Chennai International Airport,MANNADI,AIRPORT,40.0,32.0,INR,CMRL,2021-02-22,CMRL_OFFICIAL
FARE_CMRL_METRO_MANNADI_TO_METRO_MEENAMBAKKAM,METRO_MANNADI,METRO_MEENAMBAKKAM,Mannadi,Meenambakkam,MANNADI,MEENAMBAKKAM,40.0,32.0,INR,CMRL,2021-02-22,CMRL_OFFICIAL
FARE_CMRL_METRO_MANNADI_TO_METRO_OTA_NANGANALLUR_ROAD,METRO_MANNADI,METRO_OTA_NANGANALLUR_ROAD,Mannadi,OTA-Nanganallur Road,MANNADI,NANGANALLUR ROAD,40.0,32.0,INR,CMRL,2021-02-22,CMRL_OFFICIAL
FARE_CMRL_METRO_MANNADI_TO_METRO_ARIGNAR_ANNA_ALANDUR,METRO_MANNADI,METRO_ARIGNAR_ANNA_ALANDUR,Mannadi,Arignar Anna Alandur Metro,MANNADI,ARIGNAR ANNA ALANDUR METRO,40.0,32.0,INR,CMRL,2021-02-22,CMRL_OFFICIAL
FARE_CMRL_METRO_MANNADI_TO_METRO_GUINDY,METRO_MANNADI,METRO_GUINDY,Mannadi,Guindy,MANNADI,GUINDY,40.0,32.0,INR,CMRL,2021-02-22,CMRL_OFFICIAL
FARE_CMRL_METRO_MANNADI_TO_METRO_LITTLE_MOUNT,METRO_MANNADI,METRO_LITTLE_MOUNT,Mannadi,Little Mount,MANNADI,LITTLE MOUNT,40.0,32.0,INR,CMRL,2021-02-22,CMRL_OFFICIAL
FARE_CMRL_METRO_MANNADI_TO_METRO_SAIDAPET,METRO_MANNADI,METRO_SAIDAPET,Mannadi,Saidapet Metro,MANNADI,SAIDAPET,30.0,24.0,INR,CMRL,2021-02-22,CMRL_OFFICIAL
FARE_CMRL_METRO_MANNADI_TO_METRO_NANDANAM,METRO_MANNADI,METRO_NANDANAM,Mannadi,Nandanam,MANNADI,NANDANAM,30.0,24.0,INR,CMRL,2021-02-22,CMRL_OFFICIAL
FARE_CMRL_METRO_MANNADI_TO_METRO_TEYNAMPET,METRO_MANNADI,METRO_TEYNAMPET,Mannadi,Teynampet,MANNADI,TEYNAMPET,30.0,24.0,INR,CMRL,2021-02-22,CMRL_OFFICIAL
FARE_CMRL_METRO_MANNADI_TO_METRO_AG___8211__DMS,METRO_MANNADI,METRO_AG___8211__DMS,Mannadi,AG – DMS,MANNADI,AG-DMS,30.0,24.0,INR,CMRL,2021-02-22,CMRL_OFFICIAL
FARE_CMRL_METRO_MANNADI_TO_METRO_THOUSAND_LIGHTS,METRO_MANNADI,METRO_THOUSAND_LIGHTS,Mannadi,Thousand Lights,MANNADI,THOUSAND LIGHTS,30.0,24.0,INR,CMRL,2021-02-22,CMRL_OFFICIAL
FARE_CMRL_METRO_MANNADI_TO_METRO_LIC,METRO_MANNADI,METRO_LIC,Mannadi,LIC,MANNADI,LIC,30.0,24.0,INR,CMRL,2021-02-22,CMRL_OFFICIAL
FARE_CMRL_METRO_MANNADI_TO_METRO_GOVERNMENT_ESTATE,METRO_MANNADI,METRO_GOVERNMENT_ESTATE,Mannadi,Government Estate,MANNADI,GOVERNMENT ESTATE,20.0,16.0,INR,CMRL,2021-02-22,CMRL_OFFICIAL
FARE_CMRL_METRO_MANNADI_TO_METRO_PURATCHI_THALAIVAR_DR__M_G_RAMACHANDRAN_CENTRAL,METRO_MANNADI,METRO_PURATCHI_THALAIVAR_DR__M_G_RAMACHANDRAN_CENTRAL,Mannadi,Puratchi Thalaivar Dr. M.G.Ramachandran Central Metro,MANNADI,PURATCHI THALAIVAR DR.M.G.RAMACHANDRAN CENTRAL METRO,20.0,16.0,INR,CMRL,2021-02-22,CMRL_OFFICIAL
FARE_CMRL_METRO_MANNADI_TO_METRO_HIGHCOURT,METRO_MANNADI,METRO_HIGHCOURT,Mannadi,Highcourt,MANNADI,HIGH COURT,10.0,8.0,INR,CMRL,2021-02-22,CMRL_OFFICIAL
FARE_CMRL_METRO_MANNADI_TO_METRO_MANNADI,METRO_MANNADI,METRO_MANNADI,Mannadi,Mannadi,MANNADI,MANNADI,0.0,0.0,INR,CMRL,2021-02-22,CMRL_OFFICIAL
FARE_CMRL_METRO_MANNADI_TO_METRO_WASHERMENPET,METRO_MANNADI,METRO_WASHERMENPET,Mannadi,Washermenpet,MANNADI,WASHERMENPET,10.0,8.0,INR,CMRL,2021-02-22,CMRL_OFFICIAL
FARE_CMRL_METRO_MANNADI_TO_METRO_SIR_THIYAGARAYA_COLLEGE,METRO_MANNADI,METRO_SIR_THIYAGARAYA_COLLEGE,Mannadi,Sir Theagaraya College,MANNADI,THYAGARAYA COLLEGE,20.0,16.0,INR,CMRL,2021-02-22,CMRL_OFFICIAL
FARE_CMRL_METRO_MANNADI_TO_METRO_TONDIARPET,METRO_MANNADI,METRO_TONDIARPET,Mannadi,Tondiarpet,MANNADI,TONDIARPET,20.0,16.0,INR,CMRL,2021-02-22,CMRL_OFFICIAL
FARE_CMRL_METRO_MANNADI_TO_METRO_NEW_WASHERMENPET,METRO_MANNADI,METRO_NEW_WASHERMENPET,Mannadi,New Washermenpet,MANNADI,NEW WASHERMENPET,20.0,16.0,INR,CMRL,2021-02-22,CMRL_OFFICIAL
FARE_CMRL_METRO_MANNADI_TO_METRO_TOLLGATE,METRO_MANNADI,METRO_TOLLGATE,Mannadi,Tollgate,MANNADI,TOLL GATE,30.0,24.0,INR,CMRL,2021-02-22,CMRL_OFFICIAL
FARE_CMRL_METRO_MANNADI_TO_METRO_KALADIPET,METRO_MANNADI,METRO_KALADIPET,Mannadi,Kaladipet,MANNADI,KALADIPET,30.0,24.0,INR,CMRL,2021-02-22,CMRL_OFFICIAL
FARE_CMRL_METRO_MANNADI_TO_METRO_THIRUVOTTRIYUR_THERADI,METRO_MANNADI,METRO_THIRUVOTTRIYUR_THERADI,Mannadi,Thiruvottiyur Theradi,MANNADI,THIRUVOTRIYUR THEREDI,30.0,24.0,INR,CMRL,2021-02-22,CMRL_OFFICIAL
FARE_CMRL_METRO_MANNADI_TO_METRO_THIRUVOTRIYUR,METRO_MANNADI,METRO_THIRUVOTRIYUR,Mannadi,Thiruvottriyur,MANNADI,THIRUVOTRIYUR,30.0,24.0,INR,CMRL,2021-02-22,CMRL_OFFICIAL
FARE_CMRL_METRO_MANNADI_TO_METRO_WIMCO_NAGAR_6738,METRO_MANNADI,METRO_WIMCO_NAGAR_6738,Mannadi,Wimco Nagar,MANNADI,WIMCO NAGAR,30.0,24.0,INR,CMRL,2021-02-22,CMRL_OFFICIAL
FARE_CMRL_METRO_MANNADI_TO_METRO_WIMCO_NAGAR,METRO_MANNADI,METRO_WIMCO_NAGAR,Mannadi,Wimco Nagar Depot,MANNADI,WIMCO NAGAR DEPOT,30.0,24.0,INR,CMRL,2021-02-22,CMRL_OFFICIAL
FARE_CMRL_METRO_MANNADI_TO_METRO_EKKATTUTHANGAL,METRO_MANNADI,METRO_EKKATTUTHANGAL,Mannadi,Ekkattuthangal,MANNADI,EKKATTUTHANGAL,40.0,32.0,INR,CMRL,2021-02-22,CMRL_OFFICIAL
FARE_CMRL_METRO_MANNADI_TO_METRO_ASHOK_NAGAR,METRO_MANNADI,METRO_ASHOK_NAGAR,Mannadi,Ashok Nagar,MANNADI,ASHOK NAGAR,40.0,32.0,INR,CMRL,2021-02-22,CMRL_OFFICIAL
FARE_CMRL_METRO_MANNADI_TO_METRO_VADAPALANI,METRO_MANNADI,METRO_VADAPALANI,Mannadi,Vadapalani,MANNADI,VADAPALANI,40.0,32.0,INR,CMRL,2021-02-22,CMRL_OFFICIAL
FARE_CMRL_METRO_MANNADI_TO_METRO_ARUMBAKKAM,METRO_MANNADI,METRO_ARUMBAKKAM,Mannadi,Arumbakkam,MANNADI,ARUMBAKKAM,40.0,32.0,INR,CMRL,2021-02-22,CMRL_OFFICIAL
FARE_CMRL_METRO_MANNADI_TO_METRO_PURATCHI_THALAIVI_DR_J_JAYALALITHAA_CMBT,METRO_MANNADI,METRO_PURATCHI_THALAIVI_DR_J_JAYALALITHAA_CMBT,Mannadi,Puratchi Thalaivi Dr.J.Jayalalithaa CMBT Metro,MANNADI,PURATCHI THALAIVI DR.J.JAYALALITHAA CMBT METRO,40.0,32.0,INR,CMRL,2021-02-22,CMRL_OFFICIAL
FARE_CMRL_METRO_MANNADI_TO_METRO_KOYAMBEDU,METRO_MANNADI,METRO_KOYAMBEDU,Mannadi,Koyambedu,MANNADI,KOYAMBEDU,40.0,32.0,INR,CMRL,2021-02-22,CMRL_OFFICIAL
FARE_CMRL_METRO_MANNADI_TO_METRO_THIRUMANGALAM,METRO_MANNADI,METRO_THIRUMANGALAM,Mannadi,Thirumangalam,MANNADI,THIRUMANGALAM,30.0,24.0,INR,CMRL,2021-02-22,CMRL_OFFICIAL
FARE_CMRL_METRO_MANNADI_TO_METRO_ANNA_NAGAR_TOWER,METRO_MANNADI,METRO_ANNA_NAGAR_TOWER,Mannadi,Anna Nagar Tower,MANNADI,ANNA NAGAR TOWER,30.0,24.0,INR,CMRL,2021-02-22,CMRL_OFFICIAL
FARE_CMRL_METRO_MANNADI_TO_METRO_ANNA_NAGAR_EAST,METRO_MANNADI,METRO_ANNA_NAGAR_EAST,Mannadi,Anna Nagar East,MANNADI,ANNA NAGAR EAST,30.0,24.0,INR,CMRL,2021-02-22,CMRL_OFFICIAL
FARE_CMRL_METRO_MANNADI_TO_METRO_SHENOY_NAGAR,METRO_MANNADI,METRO_SHENOY_NAGAR,Mannadi,Shenoy Nagar,MANNADI,SHENOY NAGAR,30.0,24.0,INR,CMRL,2021-02-22,CMRL_OFFICIAL
FARE_CMRL_METRO_MANNADI_TO_METRO_PACHAIYAPPA_S_COLLEGE,METRO_MANNADI,METRO_PACHAIYAPPA_S_COLLEGE,Mannadi,Pachaiyappa's College,MANNADI,PACHIAPPAS COLLEGE,30.0,24.0,INR,CMRL,2021-02-22,CMRL_OFFICIAL
FARE_CMRL_METRO_MANNADI_TO_METRO_KILPAUK,METRO_MANNADI,METRO_KILPAUK,Mannadi,Kilpauk,MANNADI,KILPAUK,30.0,24.0,INR,CMRL,2021-02-22,CMRL_OFFICIAL
FARE_CMRL_METRO_MANNADI_TO_METRO_NEHRU_PARK,METRO_MANNADI,METRO_NEHRU_PARK,Mannadi,Nehru Park,MANNADI,NEHRU PARK,20.0,16.0,INR,CMRL,2021-02-22,CMRL_OFFICIAL
FARE_CMRL_METRO_MANNADI_TO_METRO_EGMORE,METRO_MANNADI,METRO_EGMORE,Mannadi,Egmore,MANNADI,EGMORE,20.0,16.0,INR,CMRL,2021-02-22,CMRL_OFFICIAL
FARE_CMRL_METRO_MANNADI_TO_METRO_ST__THOMAS_MOUNT,METRO_MANNADI,METRO_ST__THOMAS_MOUNT,Mannadi,St. Thomas Mount,MANNADI,ST. THOMAS MOUNT,40.0,32.0,INR,CMRL,2021-02-22,CMRL_OFFICIAL
FARE_CMRL_METRO_WASHERMENPET_TO_METRO_CHENNAI_INTERNATIONAL_AIRPORT,METRO_WASHERMENPET,METRO_CHENNAI_INTERNATIONAL_AIRPORT,Washermenpet,Chennai International Airport,WASHERMENPET,AIRPORT,50.0,40.0,INR,CMRL,2021-02-22,CMRL_OFFICIAL
FARE_CMRL_METRO_WASHERMENPET_TO_METRO_MEENAMBAKKAM,METRO_WASHERMENPET,METRO_MEENAMBAKKAM,Washermenpet,Meenambakkam,WASHERMENPET,MEENAMBAKKAM,40.0,32.0,INR,CMRL,2021-02-22,CMRL_OFFICIAL
FARE_CMRL_METRO_WASHERMENPET_TO_METRO_OTA_NANGANALLUR_ROAD,METRO_WASHERMENPET,METRO_OTA_NANGANALLUR_ROAD,Washermenpet,OTA-Nanganallur Road,WASHERMENPET,NANGANALLUR ROAD,40.0,32.0,INR,CMRL,2021-02-22,CMRL_OFFICIAL
FARE_CMRL_METRO_WASHERMENPET_TO_METRO_ARIGNAR_ANNA_ALANDUR,METRO_WASHERMENPET,METRO_ARIGNAR_ANNA_ALANDUR,Washermenpet,Arignar Anna Alandur Metro,WASHERMENPET,ARIGNAR ANNA ALANDUR METRO,40.0,32.0,INR,CMRL,2021-02-22,CMRL_OFFICIAL
FARE_CMRL_METRO_WASHERMENPET_TO_METRO_GUINDY,METRO_WASHERMENPET,METRO_GUINDY,Washermenpet,Guindy,WASHERMENPET,GUINDY,40.0,32.0,INR,CMRL,2021-02-22,CMRL_OFFICIAL
FARE_CMRL_METRO_WASHERMENPET_TO_METRO_LITTLE_MOUNT,METRO_WASHERMENPET,METRO_LITTLE_MOUNT,Washermenpet,Little Mount,WASHERMENPET,LITTLE MOUNT,40.0,32.0,INR,CMRL,2021-02-22,CMRL_OFFICIAL
FARE_CMRL_METRO_WASHERMENPET_TO_METRO_SAIDAPET,METRO_WASHERMENPET,METRO_SAIDAPET,Washermenpet,Saidapet Metro,WASHERMENPET,SAIDAPET,40.0,32.0,INR,CMRL,2021-02-22,CMRL_OFFICIAL
FARE_CMRL_METRO_WASHERMENPET_TO_METRO_NANDANAM,METRO_WASHERMENPET,METRO_NANDANAM,Washermenpet,Nandanam,WASHERMENPET,NANDANAM,30.0,24.0,INR,CMRL,2021-02-22,CMRL_OFFICIAL
FARE_CMRL_METRO_WASHERMENPET_TO_METRO_TEYNAMPET,METRO_WASHERMENPET,METRO_TEYNAMPET,Washermenpet,Teynampet,WASHERMENPET,TEYNAMPET,30.0,24.0,INR,CMRL,2021-02-22,CMRL_OFFICIAL
FARE_CMRL_METRO_WASHERMENPET_TO_METRO_AG___8211__DMS,METRO_WASHERMENPET,METRO_AG___8211__DMS,Washermenpet,AG – DMS,WASHERMENPET,AG-DMS,30.0,24.0,INR,CMRL,2021-02-22,CMRL_OFFICIAL
FARE_CMRL_METRO_WASHERMENPET_TO_METRO_THOUSAND_LIGHTS,METRO_WASHERMENPET,METRO_THOUSAND_LIGHTS,Washermenpet,Thousand Lights,WASHERMENPET,THOUSAND LIGHTS,30.0,24.0,INR,CMRL,2021-02-22,CMRL_OFFICIAL
FARE_CMRL_METRO_WASHERMENPET_TO_METRO_LIC,METRO_WASHERMENPET,METRO_LIC,Washermenpet,LIC,WASHERMENPET,LIC,30.0,24.0,INR,CMRL,2021-02-22,CMRL_OFFICIAL
FARE_CMRL_METRO_WASHERMENPET_TO_METRO_GOVERNMENT_ESTATE,METRO_WASHERMENPET,METRO_GOVERNMENT_ESTATE,Washermenpet,Government Estate,WASHERMENPET,GOVERNMENT ESTATE,30.0,24.0,INR,CMRL,2021-02-22,CMRL_OFFICIAL
FARE_CMRL_METRO_WASHERMENPET_TO_METRO_PURATCHI_THALAIVAR_DR__M_G_RAMACHANDRAN_CENTRAL,METRO_WASHERMENPET,METRO_PURATCHI_THALAIVAR_DR__M_G_RAMACHANDRAN_CENTRAL,Washermenpet,Puratchi Thalaivar Dr. M.G.Ramachandran Central Metro,WASHERMENPET,PURATCHI THALAIVAR DR.M.G.RAMACHANDRAN CENTRAL METRO,20.0,16.0,INR,CMRL,2021-02-22,CMRL_OFFICIAL
FARE_CMRL_METRO_WASHERMENPET_TO_METRO_HIGHCOURT,METRO_WASHERMENPET,METRO_HIGHCOURT,Washermenpet,Highcourt,WASHERMENPET,HIGH COURT,20.0,16.0,INR,CMRL,2021-02-22,CMRL_OFFICIAL
FARE_CMRL_METRO_WASHERMENPET_TO_METRO_MANNADI,METRO_WASHERMENPET,METRO_MANNADI,Washermenpet,Mannadi,WASHERMENPET,MANNADI,10.0,8.0,INR,CMRL,2021-02-22,CMRL_OFFICIAL
FARE_CMRL_METRO_WASHERMENPET_TO_METRO_WASHERMENPET,METRO_WASHERMENPET,METRO_WASHERMENPET,Washermenpet,Washermenpet,WASHERMENPET,WASHERMENPET,0.0,0.0,INR,CMRL,2021-02-22,CMRL_OFFICIAL
FARE_CMRL_METRO_WASHERMENPET_TO_METRO_SIR_THIYAGARAYA_COLLEGE,METRO_WASHERMENPET,METRO_SIR_THIYAGARAYA_COLLEGE,Washermenpet,Sir Theagaraya College,WASHERMENPET,THYAGARAYA COLLEGE,10.0,8.0,INR,CMRL,2021-02-22,CMRL_OFFICIAL
FARE_CMRL_METRO_WASHERMENPET_TO_METRO_TONDIARPET,METRO_WASHERMENPET,METRO_TONDIARPET,Washermenpet,Tondiarpet,WASHERMENPET,TONDIARPET,10.0,8.0,INR,CMRL,2021-02-22,CMRL_OFFICIAL
FARE_CMRL_METRO_WASHERMENPET_TO_METRO_NEW_WASHERMENPET,METRO_WASHERMENPET,METRO_NEW_WASHERMENPET,Washermenpet,New Washermenpet,WASHERMENPET,NEW WASHERMENPET,20.0,16.0,INR,CMRL,2021-02-22,CMRL_OFFICIAL
FARE_CMRL_METRO_WASHERMENPET_TO_METRO_TOLLGATE,METRO_WASHERMENPET,METRO_TOLLGATE,Washermenpet,Tollgate,WASHERMENPET,TOLL GATE,20.0,16.0,INR,CMRL,2021-02-22,CMRL_OFFICIAL
FARE_CMRL_METRO_WASHERMENPET_TO_METRO_KALADIPET,METRO_WASHERMENPET,METRO_KALADIPET,Washermenpet,Kaladipet,WASHERMENPET,KALADIPET,20.0,16.0,INR,CMRL,2021-02-22,CMRL_OFFICIAL
FARE_CMRL_METRO_WASHERMENPET_TO_METRO_THIRUVOTTRIYUR_THERADI,METRO_WASHERMENPET,METRO_THIRUVOTTRIYUR_THERADI,Washermenpet,Thiruvottiyur Theradi,WASHERMENPET,THIRUVOTRIYUR THEREDI,30.0,24.0,INR,CMRL,2021-02-22,CMRL_OFFICIAL
FARE_CMRL_METRO_WASHERMENPET_TO_METRO_THIRUVOTRIYUR,METRO_WASHERMENPET,METRO_THIRUVOTRIYUR,Washermenpet,Thiruvottriyur,WASHERMENPET,THIRUVOTRIYUR,30.0,24.0,INR,CMRL,2021-02-22,CMRL_OFFICIAL
FARE_CMRL_METRO_WASHERMENPET_TO_METRO_WIMCO_NAGAR_6738,METRO_WASHERMENPET,METRO_WIMCO_NAGAR_6738,Washermenpet,Wimco Nagar,WASHERMENPET,WIMCO NAGAR,30.0,24.0,INR,CMRL,2021-02-22,CMRL_OFFICIAL
FARE_CMRL_METRO_WASHERMENPET_TO_METRO_WIMCO_NAGAR,METRO_WASHERMENPET,METRO_WIMCO_NAGAR,Washermenpet,Wimco Nagar Depot,WASHERMENPET,WIMCO NAGAR DEPOT,30.0,24.0,INR,CMRL,2021-02-22,CMRL_OFFICIAL
FARE_CMRL_METRO_WASHERMENPET_TO_METRO_EKKATTUTHANGAL,METRO_WASHERMENPET,METRO_EKKATTUTHANGAL,Washermenpet,Ekkattuthangal,WASHERMENPET,EKKATTUTHANGAL,40.0,32.0,INR,CMRL,2021-02-22,CMRL_OFFICIAL
FARE_CMRL_METRO_WASHERMENPET_TO_METRO_ASHOK_NAGAR,METRO_WASHERMENPET,METRO_ASHOK_NAGAR,Washermenpet,Ashok Nagar,WASHERMENPET,ASHOK NAGAR,40.0,32.0,INR,CMRL,2021-02-22,CMRL_OFFICIAL
FARE_CMRL_METRO_WASHERMENPET_TO_METRO_VADAPALANI,METRO_WASHERMENPET,METRO_VADAPALANI,Washermenpet,Vadapalani,WASHERMENPET,VADAPALANI,40.0,32.0,INR,CMRL,2021-02-22,CMRL_OFFICIAL
FARE_CMRL_METRO_WASHERMENPET_TO_METRO_ARUMBAKKAM,METRO_WASHERMENPET,METRO_ARUMBAKKAM,Washermenpet,Arumbakkam,WASHERMENPET,ARUMBAKKAM,40.0,32.0,INR,CMRL,2021-02-22,CMRL_OFFICIAL
FARE_CMRL_METRO_WASHERMENPET_TO_METRO_PURATCHI_THALAIVI_DR_J_JAYALALITHAA_CMBT,METRO_WASHERMENPET,METRO_PURATCHI_THALAIVI_DR_J_JAYALALITHAA_CMBT,Washermenpet,Puratchi Thalaivi Dr.J.Jayalalithaa CMBT Metro,WASHERMENPET,PURATCHI THALAIVI DR.J.JAYALALITHAA CMBT METRO,40.0,32.0,INR,CMRL,2021-02-22,CMRL_OFFICIAL
FARE_CMRL_METRO_WASHERMENPET_TO_METRO_KOYAMBEDU,METRO_WASHERMENPET,METRO_KOYAMBEDU,Washermenpet,Koyambedu,WASHERMENPET,KOYAMBEDU,40.0,32.0,INR,CMRL,2021-02-22,CMRL_OFFICIAL
FARE_CMRL_METRO_WASHERMENPET_TO_METRO_THIRUMANGALAM,METRO_WASHERMENPET,METRO_THIRUMANGALAM,Washermenpet,Thirumangalam,WASHERMENPET,THIRUMANGALAM,40.0,32.0,INR,CMRL,2021-02-22,CMRL_OFFICIAL
FARE_CMRL_METRO_WASHERMENPET_TO_METRO_ANNA_NAGAR_TOWER,METRO_WASHERMENPET,METRO_ANNA_NAGAR_TOWER,Washermenpet,Anna Nagar Tower,WASHERMENPET,ANNA NAGAR TOWER,40.0,32.0,INR,CMRL,2021-02-22,CMRL_OFFICIAL
FARE_CMRL_METRO_WASHERMENPET_TO_METRO_ANNA_NAGAR_EAST,METRO_WASHERMENPET,METRO_ANNA_NAGAR_EAST,Washermenpet,Anna Nagar East,WASHERMENPET,ANNA NAGAR EAST,30.0,24.0,INR,CMRL,2021-02-22,CMRL_OFFICIAL
FARE_CMRL_METRO_WASHERMENPET_TO_METRO_SHENOY_NAGAR,METRO_WASHERMENPET,METRO_SHENOY_NAGAR,Washermenpet,Shenoy Nagar,WASHERMENPET,SHENOY NAGAR,30.0,24.0,INR,CMRL,2021-02-22,CMRL_OFFICIAL
FARE_CMRL_METRO_WASHERMENPET_TO_METRO_PACHAIYAPPA_S_COLLEGE,METRO_WASHERMENPET,METRO_PACHAIYAPPA_S_COLLEGE,Washermenpet,Pachaiyappa's College,WASHERMENPET,PACHIAPPAS COLLEGE,30.0,24.0,INR,CMRL,2021-02-22,CMRL_OFFICIAL
FARE_CMRL_METRO_WASHERMENPET_TO_METRO_KILPAUK,METRO_WASHERMENPET,METRO_KILPAUK,Washermenpet,Kilpauk,WASHERMENPET,KILPAUK,30.0,24.0,INR,CMRL,2021-02-22,CMRL_OFFICIAL
FARE_CMRL_METRO_WASHERMENPET_TO_METRO_NEHRU_PARK,METRO_WASHERMENPET,METRO_NEHRU_PARK,Washermenpet,Nehru Park,WASHERMENPET,NEHRU PARK,30.0,24.0,INR,CMRL,2021-02-22,CMRL_OFFICIAL
FARE_CMRL_METRO_WASHERMENPET_TO_METRO_EGMORE,METRO_WASHERMENPET,METRO_EGMORE,Washermenpet,Egmore,WASHERMENPET,EGMORE,30.0,24.0,INR,CMRL,2021-02-22,CMRL_OFFICIAL
FARE_CMRL_METRO_WASHERMENPET_TO_METRO_ST__THOMAS_MOUNT,METRO_WASHERMENPET,METRO_ST__THOMAS_MOUNT,Washermenpet,St. Thomas Mount,WASHERMENPET,ST. THOMAS MOUNT,40.0,32.0,INR,CMRL,2021-02-22,CMRL_OFFICIAL
FARE_CMRL_METRO_SIR_THIYAGARAYA_COLLEGE_TO_METRO_CHENNAI_INTERNATIONAL_AIRPORT,METRO_SIR_THIYAGARAYA_COLLEGE,METRO_CHENNAI_INTERNATIONAL_AIRPORT,Sir Theagaraya College,Chennai International Airport,THYAGARAYA COLLEGE,AIRPORT,50.0,40.0,INR,CMRL,2021-02-22,CMRL_OFFICIAL
FARE_CMRL_METRO_SIR_THIYAGARAYA_COLLEGE_TO_METRO_MEENAMBAKKAM,METRO_SIR_THIYAGARAYA_COLLEGE,METRO_MEENAMBAKKAM,Sir Theagaraya College,Meenambakkam,THYAGARAYA COLLEGE,MEENAMBAKKAM,50.0,40.0,INR,CMRL,2021-02-22,CMRL_OFFICIAL
FARE_CMRL_METRO_SIR_THIYAGARAYA_COLLEGE_TO_METRO_OTA_NANGANALLUR_ROAD,METRO_SIR_THIYAGARAYA_COLLEGE,METRO_OTA_NANGANALLUR_ROAD,Sir Theagaraya College,OTA-Nanganallur Road,THYAGARAYA COLLEGE,NANGANALLUR ROAD,40.0,32.0,INR,CMRL,2021-02-22,CMRL_OFFICIAL
FARE_CMRL_METRO_SIR_THIYAGARAYA_COLLEGE_TO_METRO_ARIGNAR_ANNA_ALANDUR,METRO_SIR_THIYAGARAYA_COLLEGE,METRO_ARIGNAR_ANNA_ALANDUR,Sir Theagaraya College,Arignar Anna Alandur Metro,THYAGARAYA COLLEGE,ARIGNAR ANNA ALANDUR METRO,40.0,32.0,INR,CMRL,2021-02-22,CMRL_OFFICIAL
FARE_CMRL_METRO_SIR_THIYAGARAYA_COLLEGE_TO_METRO_GUINDY,METRO_SIR_THIYAGARAYA_COLLEGE,METRO_GUINDY,Sir Theagaraya College,Guindy,THYAGARAYA COLLEGE,GUINDY,40.0,32.0,INR,CMRL,2021-02-22,CMRL_OFFICIAL
FARE_CMRL_METRO_SIR_THIYAGARAYA_COLLEGE_TO_METRO_LITTLE_MOUNT,METRO_SIR_THIYAGARAYA_COLLEGE,METRO_LITTLE_MOUNT,Sir Theagaraya College,Little Mount,THYAGARAYA COLLEGE,LITTLE MOUNT,40.0,32.0,INR,CMRL,2021-02-22,CMRL_OFFICIAL
FARE_CMRL_METRO_SIR_THIYAGARAYA_COLLEGE_TO_METRO_SAIDAPET,METRO_SIR_THIYAGARAYA_COLLEGE,METRO_SAIDAPET,Sir Theagaraya College,Saidapet Metro,THYAGARAYA COLLEGE,SAIDAPET,40.0,32.0,INR,CMRL,2021-02-22,CMRL_OFFICIAL
FARE_CMRL_METRO_SIR_THIYAGARAYA_COLLEGE_TO_METRO_NANDANAM,METRO_SIR_THIYAGARAYA_COLLEGE,METRO_NANDANAM,Sir Theagaraya College,Nandanam,THYAGARAYA COLLEGE,NANDANAM,40.0,32.0,INR,CMRL,2021-02-22,CMRL_OFFICIAL
FARE_CMRL_METRO_SIR_THIYAGARAYA_COLLEGE_TO_METRO_TEYNAMPET,METRO_SIR_THIYAGARAYA_COLLEGE,METRO_TEYNAMPET,Sir Theagaraya College,Teynampet,THYAGARAYA COLLEGE,TEYNAMPET,30.0,24.0,INR,CMRL,2021-02-22,CMRL_OFFICIAL
FARE_CMRL_METRO_SIR_THIYAGARAYA_COLLEGE_TO_METRO_AG___8211__DMS,METRO_SIR_THIYAGARAYA_COLLEGE,METRO_AG___8211__DMS,Sir Theagaraya College,AG – DMS,THYAGARAYA COLLEGE,AG-DMS,30.0,24.0,INR,CMRL,2021-02-22,CMRL_OFFICIAL
FARE_CMRL_METRO_SIR_THIYAGARAYA_COLLEGE_TO_METRO_THOUSAND_LIGHTS,METRO_SIR_THIYAGARAYA_COLLEGE,METRO_THOUSAND_LIGHTS,Sir Theagaraya College,Thousand Lights,THYAGARAYA COLLEGE,THOUSAND LIGHTS,30.0,24.0,INR,CMRL,2021-02-22,CMRL_OFFICIAL
FARE_CMRL_METRO_SIR_THIYAGARAYA_COLLEGE_TO_METRO_LIC,METRO_SIR_THIYAGARAYA_COLLEGE,METRO_LIC,Sir Theagaraya College,LIC,THYAGARAYA COLLEGE,LIC,30.0,24.0,INR,CMRL,2021-02-22,CMRL_OFFICIAL
FARE_CMRL_METRO_SIR_THIYAGARAYA_COLLEGE_TO_METRO_GOVERNMENT_ESTATE,METRO_SIR_THIYAGARAYA_COLLEGE,METRO_GOVERNMENT_ESTATE,Sir Theagaraya College,Government Estate,THYAGARAYA COLLEGE,GOVERNMENT ESTATE,30.0,24.0,INR,CMRL,2021-02-22,CMRL_OFFICIAL
FARE_CMRL_METRO_SIR_THIYAGARAYA_COLLEGE_TO_METRO_PURATCHI_THALAIVAR_DR__M_G_RAMACHANDRAN_CENTRAL,METRO_SIR_THIYAGARAYA_COLLEGE,METRO_PURATCHI_THALAIVAR_DR__M_G_RAMACHANDRAN_CENTRAL,Sir Theagaraya College,Puratchi Thalaivar Dr. M.G.Ramachandran Central Metro,THYAGARAYA COLLEGE,PURATCHI THALAIVAR DR.M.G.RAMACHANDRAN CENTRAL METRO,30.0,24.0,INR,CMRL,2021-02-22,CMRL_OFFICIAL
FARE_CMRL_METRO_SIR_THIYAGARAYA_COLLEGE_TO_METRO_HIGHCOURT,METRO_SIR_THIYAGARAYA_COLLEGE,METRO_HIGHCOURT,Sir Theagaraya College,Highcourt,THYAGARAYA COLLEGE,HIGH COURT,20.0,16.0,INR,CMRL,2021-02-22,CMRL_OFFICIAL
FARE_CMRL_METRO_SIR_THIYAGARAYA_COLLEGE_TO_METRO_MANNADI,METRO_SIR_THIYAGARAYA_COLLEGE,METRO_MANNADI,Sir Theagaraya College,Mannadi,THYAGARAYA COLLEGE,MANNADI,20.0,16.0,INR,CMRL,2021-02-22,CMRL_OFFICIAL
FARE_CMRL_METRO_SIR_THIYAGARAYA_COLLEGE_TO_METRO_WASHERMENPET,METRO_SIR_THIYAGARAYA_COLLEGE,METRO_WASHERMENPET,Sir Theagaraya College,Washermenpet,THYAGARAYA COLLEGE,WASHERMENPET,10.0,8.0,INR,CMRL,2021-02-22,CMRL_OFFICIAL
FARE_CMRL_METRO_SIR_THIYAGARAYA_COLLEGE_TO_METRO_SIR_THIYAGARAYA_COLLEGE,METRO_SIR_THIYAGARAYA_COLLEGE,METRO_SIR_THIYAGARAYA_COLLEGE,Sir Theagaraya College,Sir Theagaraya College,THYAGARAYA COLLEGE,THYAGARAYA COLLEGE,0.0,0.0,INR,CMRL,2021-02-22,CMRL_OFFICIAL
FARE_CMRL_METRO_SIR_THIYAGARAYA_COLLEGE_TO_METRO_TONDIARPET,METRO_SIR_THIYAGARAYA_COLLEGE,METRO_TONDIARPET,Sir Theagaraya College,Tondiarpet,THYAGARAYA COLLEGE,TONDIARPET,10.0,8.0,INR,CMRL,2021-02-22,CMRL_OFFICIAL
FARE_CMRL_METRO_SIR_THIYAGARAYA_COLLEGE_TO_METRO_NEW_WASHERMENPET,METRO_SIR_THIYAGARAYA_COLLEGE,METRO_NEW_WASHERMENPET,Sir Theagaraya College,New Washermenpet,THYAGARAYA COLLEGE,NEW WASHERMENPET,10.0,8.0,INR,CMRL,2021-02-22,CMRL_OFFICIAL
FARE_CMRL_METRO_SIR_THIYAGARAYA_COLLEGE_TO_METRO_TOLLGATE,METRO_SIR_THIYAGARAYA_COLLEGE,METRO_TOLLGATE,Sir Theagaraya College,Tollgate,THYAGARAYA COLLEGE,TOLL GATE,20.0,16.0,INR,CMRL,2021-02-22,CMRL_OFFICIAL
FARE_CMRL_METRO_SIR_THIYAGARAYA_COLLEGE_TO_METRO_KALADIPET,METRO_SIR_THIYAGARAYA_COLLEGE,METRO_KALADIPET,Sir Theagaraya College,Kaladipet,THYAGARAYA COLLEGE,KALADIPET,20.0,16.0,INR,CMRL,2021-02-22,CMRL_OFFICIAL
FARE_CMRL_METRO_SIR_THIYAGARAYA_COLLEGE_TO_METRO_THIRUVOTTRIYUR_THERADI,METRO_SIR_THIYAGARAYA_COLLEGE,METRO_THIRUVOTTRIYUR_THERADI,Sir Theagaraya College,Thiruvottiyur Theradi,THYAGARAYA COLLEGE,THIRUVOTRIYUR THEREDI,20.0,16.0,INR,CMRL,2021-02-22,CMRL_OFFICIAL
FARE_CMRL_METRO_SIR_THIYAGARAYA_COLLEGE_TO_METRO_THIRUVOTRIYUR,METRO_SIR_THIYAGARAYA_COLLEGE,METRO_THIRUVOTRIYUR,Sir Theagaraya College,Thiruvottriyur,THYAGARAYA COLLEGE,THIRUVOTRIYUR,30.0,24.0,INR,CMRL,2021-02-22,CMRL_OFFICIAL
FARE_CMRL_METRO_SIR_THIYAGARAYA_COLLEGE_TO_METRO_WIMCO_NAGAR_6738,METRO_SIR_THIYAGARAYA_COLLEGE,METRO_WIMCO_NAGAR_6738,Sir Theagaraya College,Wimco Nagar,THYAGARAYA COLLEGE,WIMCO NAGAR,30.0,24.0,INR,CMRL,2021-02-22,CMRL_OFFICIAL
FARE_CMRL_METRO_SIR_THIYAGARAYA_COLLEGE_TO_METRO_WIMCO_NAGAR,METRO_SIR_THIYAGARAYA_COLLEGE,METRO_WIMCO_NAGAR,Sir Theagaraya College,Wimco Nagar Depot,THYAGARAYA COLLEGE,WIMCO NAGAR DEPOT,30.0,24.0,INR,CMRL,2021-02-22,CMRL_OFFICIAL
FARE_CMRL_METRO_SIR_THIYAGARAYA_COLLEGE_TO_METRO_EKKATTUTHANGAL,METRO_SIR_THIYAGARAYA_COLLEGE,METRO_EKKATTUTHANGAL,Sir Theagaraya College,Ekkattuthangal,THYAGARAYA COLLEGE,EKKATTUTHANGAL,40.0,32.0,INR,CMRL,2021-02-22,CMRL_OFFICIAL
FARE_CMRL_METRO_SIR_THIYAGARAYA_COLLEGE_TO_METRO_ASHOK_NAGAR,METRO_SIR_THIYAGARAYA_COLLEGE,METRO_ASHOK_NAGAR,Sir Theagaraya College,Ashok Nagar,THYAGARAYA COLLEGE,ASHOK NAGAR,50.0,40.0,INR,CMRL,2021-02-22,CMRL_OFFICIAL
FARE_CMRL_METRO_SIR_THIYAGARAYA_COLLEGE_TO_METRO_VADAPALANI,METRO_SIR_THIYAGARAYA_COLLEGE,METRO_VADAPALANI,Sir Theagaraya College,Vadapalani,THYAGARAYA COLLEGE,VADAPALANI,40.0,32.0,INR,CMRL,2021-02-22,CMRL_OFFICIAL
FARE_CMRL_METRO_SIR_THIYAGARAYA_COLLEGE_TO_METRO_ARUMBAKKAM,METRO_SIR_THIYAGARAYA_COLLEGE,METRO_ARUMBAKKAM,Sir Theagaraya College,Arumbakkam,THYAGARAYA COLLEGE,ARUMBAKKAM,40.0,32.0,INR,CMRL,2021-02-22,CMRL_OFFICIAL
FARE_CMRL_METRO_SIR_THIYAGARAYA_COLLEGE_TO_METRO_PURATCHI_THALAIVI_DR_J_JAYALALITHAA_CMBT,METRO_SIR_THIYAGARAYA_COLLEGE,METRO_PURATCHI_THALAIVI_DR_J_JAYALALITHAA_CMBT,Sir Theagaraya College,Puratchi Thalaivi Dr.J.Jayalalithaa CMBT Metro,THYAGARAYA COLLEGE,PURATCHI THALAIVI DR.J.JAYALALITHAA CMBT METRO,40.0,32.0,INR,CMRL,2021-02-22,CMRL_OFFICIAL
FARE_CMRL_METRO_SIR_THIYAGARAYA_COLLEGE_TO_METRO_KOYAMBEDU,METRO_SIR_THIYAGARAYA_COLLEGE,METRO_KOYAMBEDU,Sir Theagaraya College,Koyambedu,THYAGARAYA COLLEGE,KOYAMBEDU,40.0,32.0,INR,CMRL,2021-02-22,CMRL_OFFICIAL
FARE_CMRL_METRO_SIR_THIYAGARAYA_COLLEGE_TO_METRO_THIRUMANGALAM,METRO_SIR_THIYAGARAYA_COLLEGE,METRO_THIRUMANGALAM,Sir Theagaraya College,Thirumangalam,THYAGARAYA COLLEGE,THIRUMANGALAM,40.0,32.0,INR,CMRL,2021-02-22,CMRL_OFFICIAL
FARE_CMRL_METRO_SIR_THIYAGARAYA_COLLEGE_TO_METRO_ANNA_NAGAR_TOWER,METRO_SIR_THIYAGARAYA_COLLEGE,METRO_ANNA_NAGAR_TOWER,Sir Theagaraya College,Anna Nagar Tower,THYAGARAYA COLLEGE,ANNA NAGAR TOWER,40.0,32.0,INR,CMRL,2021-02-22,CMRL_OFFICIAL
FARE_CMRL_METRO_SIR_THIYAGARAYA_COLLEGE_TO_METRO_ANNA_NAGAR_EAST,METRO_SIR_THIYAGARAYA_COLLEGE,METRO_ANNA_NAGAR_EAST,Sir Theagaraya College,Anna Nagar East,THYAGARAYA COLLEGE,ANNA NAGAR EAST,30.0,24.0,INR,CMRL,2021-02-22,CMRL_OFFICIAL
FARE_CMRL_METRO_SIR_THIYAGARAYA_COLLEGE_TO_METRO_SHENOY_NAGAR,METRO_SIR_THIYAGARAYA_COLLEGE,METRO_SHENOY_NAGAR,Sir Theagaraya College,Shenoy Nagar,THYAGARAYA COLLEGE,SHENOY NAGAR,30.0,24.0,INR,CMRL,2021-02-22,CMRL_OFFICIAL
FARE_CMRL_METRO_SIR_THIYAGARAYA_COLLEGE_TO_METRO_PACHAIYAPPA_S_COLLEGE,METRO_SIR_THIYAGARAYA_COLLEGE,METRO_PACHAIYAPPA_S_COLLEGE,Sir Theagaraya College,Pachaiyappa's College,THYAGARAYA COLLEGE,PACHIAPPAS COLLEGE,30.0,24.0,INR,CMRL,2021-02-22,CMRL_OFFICIAL
FARE_CMRL_METRO_SIR_THIYAGARAYA_COLLEGE_TO_METRO_KILPAUK,METRO_SIR_THIYAGARAYA_COLLEGE,METRO_KILPAUK,Sir Theagaraya College,Kilpauk,THYAGARAYA COLLEGE,KILPAUK,30.0,24.0,INR,CMRL,2021-02-22,CMRL_OFFICIAL
FARE_CMRL_METRO_SIR_THIYAGARAYA_COLLEGE_TO_METRO_NEHRU_PARK,METRO_SIR_THIYAGARAYA_COLLEGE,METRO_NEHRU_PARK,Sir Theagaraya College,Nehru Park,THYAGARAYA COLLEGE,NEHRU PARK,30.0,24.0,INR,CMRL,2021-02-22,CMRL_OFFICIAL
FARE_CMRL_METRO_SIR_THIYAGARAYA_COLLEGE_TO_METRO_EGMORE,METRO_SIR_THIYAGARAYA_COLLEGE,METRO_EGMORE,Sir Theagaraya College,Egmore,THYAGARAYA COLLEGE,EGMORE,30.0,24.0,INR,CMRL,2021-02-22,CMRL_OFFICIAL
FARE_CMRL_METRO_SIR_THIYAGARAYA_COLLEGE_TO_METRO_ST__THOMAS_MOUNT,METRO_SIR_THIYAGARAYA_COLLEGE,METRO_ST__THOMAS_MOUNT,Sir Theagaraya College,St. Thomas Mount,THYAGARAYA COLLEGE,ST. THOMAS MOUNT,40.0,32.0,INR,CMRL,2021-02-22,CMRL_OFFICIAL
FARE_CMRL_METRO_TONDIARPET_TO_METRO_CHENNAI_INTERNATIONAL_AIRPORT,METRO_TONDIARPET,METRO_CHENNAI_INTERNATIONAL_AIRPORT,Tondiarpet,Chennai International Airport,TONDIARPET,AIRPORT,50.0,40.0,INR,CMRL,2021-02-22,CMRL_OFFICIAL
FARE_CMRL_METRO_TONDIARPET_TO_METRO_MEENAMBAKKAM,METRO_TONDIARPET,METRO_MEENAMBAKKAM,Tondiarpet,Meenambakkam,TONDIARPET,MEENAMBAKKAM,50.0,40.0,INR,CMRL,2021-02-22,CMRL_OFFICIAL
FARE_CMRL_METRO_TONDIARPET_TO_METRO_OTA_NANGANALLUR_ROAD,METRO_TONDIARPET,METRO_OTA_NANGANALLUR_ROAD,Tondiarpet,OTA-Nanganallur Road,TONDIARPET,NANGANALLUR ROAD,40.0,32.0,INR,CMRL,2021-02-22,CMRL_OFFICIAL
FARE_CMRL_METRO_TONDIARPET_TO_METRO_ARIGNAR_ANNA_ALANDUR,METRO_TONDIARPET,METRO_ARIGNAR_ANNA_ALANDUR,Tondiarpet,Arignar Anna Alandur Metro,TONDIARPET,ARIGNAR ANNA ALANDUR METRO,40.0,32.0,INR,CMRL,2021-02-22,CMRL_OFFICIAL
FARE_CMRL_METRO_TONDIARPET_TO_METRO_GUINDY,METRO_TONDIARPET,METRO_GUINDY,Tondiarpet,Guindy,TONDIARPET,GUINDY,40.0,32.0,INR,CMRL,2021-02-22,CMRL_OFFICIAL
FARE_CMRL_METRO_TONDIARPET_TO_METRO_LITTLE_MOUNT,METRO_TONDIARPET,METRO_LITTLE_MOUNT,Tondiarpet,Little Mount,TONDIARPET,LITTLE MOUNT,40.0,32.0,INR,CMRL,2021-02-22,CMRL_OFFICIAL
FARE_CMRL_METRO_TONDIARPET_TO_METRO_SAIDAPET,METRO_TONDIARPET,METRO_SAIDAPET,Tondiarpet,Saidapet Metro,TONDIARPET,SAIDAPET,40.0,32.0,INR,CMRL,2021-02-22,CMRL_OFFICIAL
FARE_CMRL_METRO_TONDIARPET_TO_METRO_NANDANAM,METRO_TONDIARPET,METRO_NANDANAM,Tondiarpet,Nandanam,TONDIARPET,NANDANAM,40.0,32.0,INR,CMRL,2021-02-22,CMRL_OFFICIAL
FARE_CMRL_METRO_TONDIARPET_TO_METRO_TEYNAMPET,METRO_TONDIARPET,METRO_TEYNAMPET,Tondiarpet,Teynampet,TONDIARPET,TEYNAMPET,40.0,32.0,INR,CMRL,2021-02-22,CMRL_OFFICIAL
FARE_CMRL_METRO_TONDIARPET_TO_METRO_AG___8211__DMS,METRO_TONDIARPET,METRO_AG___8211__DMS,Tondiarpet,AG – DMS,TONDIARPET,AG-DMS,30.0,24.0,INR,CMRL,2021-02-22,CMRL_OFFICIAL
FARE_CMRL_METRO_TONDIARPET_TO_METRO_THOUSAND_LIGHTS,METRO_TONDIARPET,METRO_THOUSAND_LIGHTS,Tondiarpet,Thousand Lights,TONDIARPET,THOUSAND LIGHTS,30.0,24.0,INR,CMRL,2021-02-22,CMRL_OFFICIAL
FARE_CMRL_METRO_TONDIARPET_TO_METRO_LIC,METRO_TONDIARPET,METRO_LIC,Tondiarpet,LIC,TONDIARPET,LIC,30.0,24.0,INR,CMRL,2021-02-22,CMRL_OFFICIAL
FARE_CMRL_METRO_TONDIARPET_TO_METRO_GOVERNMENT_ESTATE,METRO_TONDIARPET,METRO_GOVERNMENT_ESTATE,Tondiarpet,Government Estate,TONDIARPET,GOVERNMENT ESTATE,30.0,24.0,INR,CMRL,2021-02-22,CMRL_OFFICIAL
FARE_CMRL_METRO_TONDIARPET_TO_METRO_PURATCHI_THALAIVAR_DR__M_G_RAMACHANDRAN_CENTRAL,METRO_TONDIARPET,METRO_PURATCHI_THALAIVAR_DR__M_G_RAMACHANDRAN_CENTRAL,Tondiarpet,Puratchi Thalaivar Dr. M.G.Ramachandran Central Metro,TONDIARPET,PURATCHI THALAIVAR DR.M.G.RAMACHANDRAN CENTRAL METRO,30.0,24.0,INR,CMRL,2021-02-22,CMRL_OFFICIAL
FARE_CMRL_METRO_TONDIARPET_TO_METRO_HIGHCOURT,METRO_TONDIARPET,METRO_HIGHCOURT,Tondiarpet,Highcourt,TONDIARPET,HIGH COURT,20.0,16.0,INR,CMRL,2021-02-22,CMRL_OFFICIAL
FARE_CMRL_METRO_TONDIARPET_TO_METRO_MANNADI,METRO_TONDIARPET,METRO_MANNADI,Tondiarpet,Mannadi,TONDIARPET,MANNADI,20.0,16.0,INR,CMRL,2021-02-22,CMRL_OFFICIAL
FARE_CMRL_METRO_TONDIARPET_TO_METRO_WASHERMENPET,METRO_TONDIARPET,METRO_WASHERMENPET,Tondiarpet,Washermenpet,TONDIARPET,WASHERMENPET,10.0,8.0,INR,CMRL,2021-02-22,CMRL_OFFICIAL
FARE_CMRL_METRO_TONDIARPET_TO_METRO_SIR_THIYAGARAYA_COLLEGE,METRO_TONDIARPET,METRO_SIR_THIYAGARAYA_COLLEGE,Tondiarpet,Sir Theagaraya College,TONDIARPET,THYAGARAYA COLLEGE,10.0,8.0,INR,CMRL,2021-02-22,CMRL_OFFICIAL
FARE_CMRL_METRO_TONDIARPET_TO_METRO_TONDIARPET,METRO_TONDIARPET,METRO_TONDIARPET,Tondiarpet,Tondiarpet,TONDIARPET,TONDIARPET,0.0,0.0,INR,CMRL,2021-02-22,CMRL_OFFICIAL
FARE_CMRL_METRO_TONDIARPET_TO_METRO_NEW_WASHERMENPET,METRO_TONDIARPET,METRO_NEW_WASHERMENPET,Tondiarpet,New Washermenpet,TONDIARPET,NEW WASHERMENPET,10.0,8.0,INR,CMRL,2021-02-22,CMRL_OFFICIAL
FARE_CMRL_METRO_TONDIARPET_TO_METRO_TOLLGATE,METRO_TONDIARPET,METRO_TOLLGATE,Tondiarpet,Tollgate,TONDIARPET,TOLL GATE,20.0,16.0,INR,CMRL,2021-02-22,CMRL_OFFICIAL
FARE_CMRL_METRO_TONDIARPET_TO_METRO_KALADIPET,METRO_TONDIARPET,METRO_KALADIPET,Tondiarpet,Kaladipet,TONDIARPET,KALADIPET,20.0,16.0,INR,CMRL,2021-02-22,CMRL_OFFICIAL
FARE_CMRL_METRO_TONDIARPET_TO_METRO_THIRUVOTTRIYUR_THERADI,METRO_TONDIARPET,METRO_THIRUVOTTRIYUR_THERADI,Tondiarpet,Thiruvottiyur Theradi,TONDIARPET,THIRUVOTRIYUR THEREDI,20.0,16.0,INR,CMRL,2021-02-22,CMRL_OFFICIAL
FARE_CMRL_METRO_TONDIARPET_TO_METRO_THIRUVOTRIYUR,METRO_TONDIARPET,METRO_THIRUVOTRIYUR,Tondiarpet,Thiruvottriyur,TONDIARPET,THIRUVOTRIYUR,30.0,24.0,INR,CMRL,2021-02-22,CMRL_OFFICIAL
FARE_CMRL_METRO_TONDIARPET_TO_METRO_WIMCO_NAGAR_6738,METRO_TONDIARPET,METRO_WIMCO_NAGAR_6738,Tondiarpet,Wimco Nagar,TONDIARPET,WIMCO NAGAR,30.0,24.0,INR,CMRL,2021-02-22,CMRL_OFFICIAL
FARE_CMRL_METRO_TONDIARPET_TO_METRO_WIMCO_NAGAR,METRO_TONDIARPET,METRO_WIMCO_NAGAR,Tondiarpet,Wimco Nagar Depot,TONDIARPET,WIMCO NAGAR DEPOT,30.0,24.0,INR,CMRL,2021-02-22,CMRL_OFFICIAL
FARE_CMRL_METRO_TONDIARPET_TO_METRO_EKKATTUTHANGAL,METRO_TONDIARPET,METRO_EKKATTUTHANGAL,Tondiarpet,Ekkattuthangal,TONDIARPET,EKKATTUTHANGAL,40.0,32.0,INR,CMRL,2021-02-22,CMRL_OFFICIAL
FARE_CMRL_METRO_TONDIARPET_TO_METRO_ASHOK_NAGAR,METRO_TONDIARPET,METRO_ASHOK_NAGAR,Tondiarpet,Ashok Nagar,TONDIARPET,ASHOK NAGAR,50.0,40.0,INR,CMRL,2021-02-22,CMRL_OFFICIAL
FARE_CMRL_METRO_TONDIARPET_TO_METRO_VADAPALANI,METRO_TONDIARPET,METRO_VADAPALANI,Tondiarpet,Vadapalani,TONDIARPET,VADAPALANI,40.0,32.0,INR,CMRL,2021-02-22,CMRL_OFFICIAL
FARE_CMRL_METRO_TONDIARPET_TO_METRO_ARUMBAKKAM,METRO_TONDIARPET,METRO_ARUMBAKKAM,Tondiarpet,Arumbakkam,TONDIARPET,ARUMBAKKAM,40.0,32.0,INR,CMRL,2021-02-22,CMRL_OFFICIAL
FARE_CMRL_METRO_TONDIARPET_TO_METRO_PURATCHI_THALAIVI_DR_J_JAYALALITHAA_CMBT,METRO_TONDIARPET,METRO_PURATCHI_THALAIVI_DR_J_JAYALALITHAA_CMBT,Tondiarpet,Puratchi Thalaivi Dr.J.Jayalalithaa CMBT Metro,TONDIARPET,PURATCHI THALAIVI DR.J.JAYALALITHAA CMBT METRO,40.0,32.0,INR,CMRL,2021-02-22,CMRL_OFFICIAL
FARE_CMRL_METRO_TONDIARPET_TO_METRO_KOYAMBEDU,METRO_TONDIARPET,METRO_KOYAMBEDU,Tondiarpet,Koyambedu,TONDIARPET,KOYAMBEDU,40.0,32.0,INR,CMRL,2021-02-22,CMRL_OFFICIAL
FARE_CMRL_METRO_TONDIARPET_TO_METRO_THIRUMANGALAM,METRO_TONDIARPET,METRO_THIRUMANGALAM,Tondiarpet,Thirumangalam,TONDIARPET,THIRUMANGALAM,40.0,32.0,INR,CMRL,2021-02-22,CMRL_OFFICIAL
FARE_CMRL_METRO_TONDIARPET_TO_METRO_ANNA_NAGAR_TOWER,METRO_TONDIARPET,METRO_ANNA_NAGAR_TOWER,Tondiarpet,Anna Nagar Tower,TONDIARPET,ANNA NAGAR TOWER,40.0,32.0,INR,CMRL,2021-02-22,CMRL_OFFICIAL
FARE_CMRL_METRO_TONDIARPET_TO_METRO_ANNA_NAGAR_EAST,METRO_TONDIARPET,METRO_ANNA_NAGAR_EAST,Tondiarpet,Anna Nagar East,TONDIARPET,ANNA NAGAR EAST,40.0,32.0,INR,CMRL,2021-02-22,CMRL_OFFICIAL
FARE_CMRL_METRO_TONDIARPET_TO_METRO_SHENOY_NAGAR,METRO_TONDIARPET,METRO_SHENOY_NAGAR,Tondiarpet,Shenoy Nagar,TONDIARPET,SHENOY NAGAR,30.0,24.0,INR,CMRL,2021-02-22,CMRL_OFFICIAL
FARE_CMRL_METRO_TONDIARPET_TO_METRO_PACHAIYAPPA_S_COLLEGE,METRO_TONDIARPET,METRO_PACHAIYAPPA_S_COLLEGE,Tondiarpet,Pachaiyappa's College,TONDIARPET,PACHIAPPAS COLLEGE,30.0,24.0,INR,CMRL,2021-02-22,CMRL_OFFICIAL
FARE_CMRL_METRO_TONDIARPET_TO_METRO_KILPAUK,METRO_TONDIARPET,METRO_KILPAUK,Tondiarpet,Kilpauk,TONDIARPET,KILPAUK,30.0,24.0,INR,CMRL,2021-02-22,CMRL_OFFICIAL
FARE_CMRL_METRO_TONDIARPET_TO_METRO_NEHRU_PARK,METRO_TONDIARPET,METRO_NEHRU_PARK,Tondiarpet,Nehru Park,TONDIARPET,NEHRU PARK,30.0,24.0,INR,CMRL,2021-02-22,CMRL_OFFICIAL
FARE_CMRL_METRO_TONDIARPET_TO_METRO_EGMORE,METRO_TONDIARPET,METRO_EGMORE,Tondiarpet,Egmore,TONDIARPET,EGMORE,30.0,24.0,INR,CMRL,2021-02-22,CMRL_OFFICIAL
FARE_CMRL_METRO_TONDIARPET_TO_METRO_ST__THOMAS_MOUNT,METRO_TONDIARPET,METRO_ST__THOMAS_MOUNT,Tondiarpet,St. Thomas Mount,TONDIARPET,ST. THOMAS MOUNT,40.0,32.0,INR,CMRL,2021-02-22,CMRL_OFFICIAL
FARE_CMRL_METRO_NEW_WASHERMENPET_TO_METRO_CHENNAI_INTERNATIONAL_AIRPORT,METRO_NEW_WASHERMENPET,METRO_CHENNAI_INTERNATIONAL_AIRPORT,New Washermenpet,Chennai International Airport,NEW WASHERMENPET,AIRPORT,50.0,40.0,INR,CMRL,2021-02-22,CMRL_OFFICIAL
FARE_CMRL_METRO_NEW_WASHERMENPET_TO_METRO_MEENAMBAKKAM,METRO_NEW_WASHERMENPET,METRO_MEENAMBAKKAM,New Washermenpet,Meenambakkam,NEW WASHERMENPET,MEENAMBAKKAM,50.0,40.0,INR,CMRL,2021-02-22,CMRL_OFFICIAL
FARE_CMRL_METRO_NEW_WASHERMENPET_TO_METRO_OTA_NANGANALLUR_ROAD,METRO_NEW_WASHERMENPET,METRO_OTA_NANGANALLUR_ROAD,New Washermenpet,OTA-Nanganallur Road,NEW WASHERMENPET,NANGANALLUR ROAD,50.0,40.0,INR,CMRL,2021-02-22,CMRL_OFFICIAL
FARE_CMRL_METRO_NEW_WASHERMENPET_TO_METRO_ARIGNAR_ANNA_ALANDUR,METRO_NEW_WASHERMENPET,METRO_ARIGNAR_ANNA_ALANDUR,New Washermenpet,Arignar Anna Alandur Metro,NEW WASHERMENPET,ARIGNAR ANNA ALANDUR METRO,40.0,32.0,INR,CMRL,2021-02-22,CMRL_OFFICIAL
FARE_CMRL_METRO_NEW_WASHERMENPET_TO_METRO_GUINDY,METRO_NEW_WASHERMENPET,METRO_GUINDY,New Washermenpet,Guindy,NEW WASHERMENPET,GUINDY,40.0,32.0,INR,CMRL,2021-02-22,CMRL_OFFICIAL
FARE_CMRL_METRO_NEW_WASHERMENPET_TO_METRO_LITTLE_MOUNT,METRO_NEW_WASHERMENPET,METRO_LITTLE_MOUNT,New Washermenpet,Little Mount,NEW WASHERMENPET,LITTLE MOUNT,40.0,32.0,INR,CMRL,2021-02-22,CMRL_OFFICIAL
FARE_CMRL_METRO_NEW_WASHERMENPET_TO_METRO_SAIDAPET,METRO_NEW_WASHERMENPET,METRO_SAIDAPET,New Washermenpet,Saidapet Metro,NEW WASHERMENPET,SAIDAPET,40.0,32.0,INR,CMRL,2021-02-22,CMRL_OFFICIAL
FARE_CMRL_METRO_NEW_WASHERMENPET_TO_METRO_NANDANAM,METRO_NEW_WASHERMENPET,METRO_NANDANAM,New Washermenpet,Nandanam,NEW WASHERMENPET,NANDANAM,40.0,32.0,INR,CMRL,2021-02-22,CMRL_OFFICIAL
FARE_CMRL_METRO_NEW_WASHERMENPET_TO_METRO_TEYNAMPET,METRO_NEW_WASHERMENPET,METRO_TEYNAMPET,New Washermenpet,Teynampet,NEW WASHERMENPET,TEYNAMPET,40.0,32.0,INR,CMRL,2021-02-22,CMRL_OFFICIAL
FARE_CMRL_METRO_NEW_WASHERMENPET_TO_METRO_AG___8211__DMS,METRO_NEW_WASHERMENPET,METRO_AG___8211__DMS,New Washermenpet,AG – DMS,NEW WASHERMENPET,AG-DMS,40.0,32.0,INR,CMRL,2021-02-22,CMRL_OFFICIAL
FARE_CMRL_METRO_NEW_WASHERMENPET_TO_METRO_THOUSAND_LIGHTS,METRO_NEW_WASHERMENPET,METRO_THOUSAND_LIGHTS,New Washermenpet,Thousand Lights,NEW WASHERMENPET,THOUSAND LIGHTS,30.0,24.0,INR,CMRL,2021-02-22,CMRL_OFFICIAL
FARE_CMRL_METRO_NEW_WASHERMENPET_TO_METRO_LIC,METRO_NEW_WASHERMENPET,METRO_LIC,New Washermenpet,LIC,NEW WASHERMENPET,LIC,30.0,24.0,INR,CMRL,2021-02-22,CMRL_OFFICIAL
FARE_CMRL_METRO_NEW_WASHERMENPET_TO_METRO_GOVERNMENT_ESTATE,METRO_NEW_WASHERMENPET,METRO_GOVERNMENT_ESTATE,New Washermenpet,Government Estate,NEW WASHERMENPET,GOVERNMENT ESTATE,30.0,24.0,INR,CMRL,2021-02-22,CMRL_OFFICIAL
FARE_CMRL_METRO_NEW_WASHERMENPET_TO_METRO_PURATCHI_THALAIVAR_DR__M_G_RAMACHANDRAN_CENTRAL,METRO_NEW_WASHERMENPET,METRO_PURATCHI_THALAIVAR_DR__M_G_RAMACHANDRAN_CENTRAL,New Washermenpet,Puratchi Thalaivar Dr. M.G.Ramachandran Central Metro,NEW WASHERMENPET,PURATCHI THALAIVAR DR.M.G.RAMACHANDRAN CENTRAL METRO,30.0,24.0,INR,CMRL,2021-02-22,CMRL_OFFICIAL
FARE_CMRL_METRO_NEW_WASHERMENPET_TO_METRO_HIGHCOURT,METRO_NEW_WASHERMENPET,METRO_HIGHCOURT,New Washermenpet,Highcourt,NEW WASHERMENPET,HIGH COURT,30.0,24.0,INR,CMRL,2021-02-22,CMRL_OFFICIAL
FARE_CMRL_METRO_NEW_WASHERMENPET_TO_METRO_MANNADI,METRO_NEW_WASHERMENPET,METRO_MANNADI,New Washermenpet,Mannadi,NEW WASHERMENPET,MANNADI,20.0,16.0,INR,CMRL,2021-02-22,CMRL_OFFICIAL
FARE_CMRL_METRO_NEW_WASHERMENPET_TO_METRO_WASHERMENPET,METRO_NEW_WASHERMENPET,METRO_WASHERMENPET,New Washermenpet,Washermenpet,NEW WASHERMENPET,WASHERMENPET,20.0,16.0,INR,CMRL,2021-02-22,CMRL_OFFICIAL
FARE_CMRL_METRO_NEW_WASHERMENPET_TO_METRO_SIR_THIYAGARAYA_COLLEGE,METRO_NEW_WASHERMENPET,METRO_SIR_THIYAGARAYA_COLLEGE,New Washermenpet,Sir Theagaraya College,NEW WASHERMENPET,THYAGARAYA COLLEGE,10.0,8.0,INR,CMRL,2021-02-22,CMRL_OFFICIAL
FARE_CMRL_METRO_NEW_WASHERMENPET_TO_METRO_TONDIARPET,METRO_NEW_WASHERMENPET,METRO_TONDIARPET,New Washermenpet,Tondiarpet,NEW WASHERMENPET,TONDIARPET,10.0,8.0,INR,CMRL,2021-02-22,CMRL_OFFICIAL
FARE_CMRL_METRO_NEW_WASHERMENPET_TO_METRO_NEW_WASHERMENPET,METRO_NEW_WASHERMENPET,METRO_NEW_WASHERMENPET,New Washermenpet,New Washermenpet,NEW WASHERMENPET,NEW WASHERMENPET,0.0,0.0,INR,CMRL,2021-02-22,CMRL_OFFICIAL
FARE_CMRL_METRO_NEW_WASHERMENPET_TO_METRO_TOLLGATE,METRO_NEW_WASHERMENPET,METRO_TOLLGATE,New Washermenpet,Tollgate,NEW WASHERMENPET,TOLL GATE,10.0,8.0,INR,CMRL,2021-02-22,CMRL_OFFICIAL
FARE_CMRL_METRO_NEW_WASHERMENPET_TO_METRO_KALADIPET,METRO_NEW_WASHERMENPET,METRO_KALADIPET,New Washermenpet,Kaladipet,NEW WASHERMENPET,KALADIPET,10.0,8.0,INR,CMRL,2021-02-22,CMRL_OFFICIAL
FARE_CMRL_METRO_NEW_WASHERMENPET_TO_METRO_THIRUVOTTRIYUR_THERADI,METRO_NEW_WASHERMENPET,METRO_THIRUVOTTRIYUR_THERADI,New Washermenpet,Thiruvottiyur Theradi,NEW WASHERMENPET,THIRUVOTRIYUR THEREDI,20.0,16.0,INR,CMRL,2021-02-22,CMRL_OFFICIAL
FARE_CMRL_METRO_NEW_WASHERMENPET_TO_METRO_THIRUVOTRIYUR,METRO_NEW_WASHERMENPET,METRO_THIRUVOTRIYUR,New Washermenpet,Thiruvottriyur,NEW WASHERMENPET,THIRUVOTRIYUR,20.0,16.0,INR,CMRL,2021-02-22,CMRL_OFFICIAL
FARE_CMRL_METRO_NEW_WASHERMENPET_TO_METRO_WIMCO_NAGAR_6738,METRO_NEW_WASHERMENPET,METRO_WIMCO_NAGAR_6738,New Washermenpet,Wimco Nagar,NEW WASHERMENPET,WIMCO NAGAR,30.0,24.0,INR,CMRL,2021-02-22,CMRL_OFFICIAL
FARE_CMRL_METRO_NEW_WASHERMENPET_TO_METRO_WIMCO_NAGAR,METRO_NEW_WASHERMENPET,METRO_WIMCO_NAGAR,New Washermenpet,Wimco Nagar Depot,NEW WASHERMENPET,WIMCO NAGAR DEPOT,30.0,24.0,INR,CMRL,2021-02-22,CMRL_OFFICIAL
FARE_CMRL_METRO_NEW_WASHERMENPET_TO_METRO_EKKATTUTHANGAL,METRO_NEW_WASHERMENPET,METRO_EKKATTUTHANGAL,New Washermenpet,Ekkattuthangal,NEW WASHERMENPET,EKKATTUTHANGAL,50.0,40.0,INR,CMRL,2021-02-22,CMRL_OFFICIAL
FARE_CMRL_METRO_NEW_WASHERMENPET_TO_METRO_ASHOK_NAGAR,METRO_NEW_WASHERMENPET,METRO_ASHOK_NAGAR,New Washermenpet,Ashok Nagar,NEW WASHERMENPET,ASHOK NAGAR,50.0,40.0,INR,CMRL,2021-02-22,CMRL_OFFICIAL
FARE_CMRL_METRO_NEW_WASHERMENPET_TO_METRO_VADAPALANI,METRO_NEW_WASHERMENPET,METRO_VADAPALANI,New Washermenpet,Vadapalani,NEW WASHERMENPET,VADAPALANI,50.0,40.0,INR,CMRL,2021-02-22,CMRL_OFFICIAL
FARE_CMRL_METRO_NEW_WASHERMENPET_TO_METRO_ARUMBAKKAM,METRO_NEW_WASHERMENPET,METRO_ARUMBAKKAM,New Washermenpet,Arumbakkam,NEW WASHERMENPET,ARUMBAKKAM,40.0,32.0,INR,CMRL,2021-02-22,CMRL_OFFICIAL
FARE_CMRL_METRO_NEW_WASHERMENPET_TO_METRO_PURATCHI_THALAIVI_DR_J_JAYALALITHAA_CMBT,METRO_NEW_WASHERMENPET,METRO_PURATCHI_THALAIVI_DR_J_JAYALALITHAA_CMBT,New Washermenpet,Puratchi Thalaivi Dr.J.Jayalalithaa CMBT Metro,NEW WASHERMENPET,PURATCHI THALAIVI DR.J.JAYALALITHAA CMBT METRO,40.0,32.0,INR,CMRL,2021-02-22,CMRL_OFFICIAL
FARE_CMRL_METRO_NEW_WASHERMENPET_TO_METRO_KOYAMBEDU,METRO_NEW_WASHERMENPET,METRO_KOYAMBEDU,New Washermenpet,Koyambedu,NEW WASHERMENPET,KOYAMBEDU,40.0,32.0,INR,CMRL,2021-02-22,CMRL_OFFICIAL
FARE_CMRL_METRO_NEW_WASHERMENPET_TO_METRO_THIRUMANGALAM,METRO_NEW_WASHERMENPET,METRO_THIRUMANGALAM,New Washermenpet,Thirumangalam,NEW WASHERMENPET,THIRUMANGALAM,40.0,32.0,INR,CMRL,2021-02-22,CMRL_OFFICIAL
FARE_CMRL_METRO_NEW_WASHERMENPET_TO_METRO_ANNA_NAGAR_TOWER,METRO_NEW_WASHERMENPET,METRO_ANNA_NAGAR_TOWER,New Washermenpet,Anna Nagar Tower,NEW WASHERMENPET,ANNA NAGAR TOWER,40.0,32.0,INR,CMRL,2021-02-22,CMRL_OFFICIAL
FARE_CMRL_METRO_NEW_WASHERMENPET_TO_METRO_ANNA_NAGAR_EAST,METRO_NEW_WASHERMENPET,METRO_ANNA_NAGAR_EAST,New Washermenpet,Anna Nagar East,NEW WASHERMENPET,ANNA NAGAR EAST,40.0,32.0,INR,CMRL,2021-02-22,CMRL_OFFICIAL
FARE_CMRL_METRO_NEW_WASHERMENPET_TO_METRO_SHENOY_NAGAR,METRO_NEW_WASHERMENPET,METRO_SHENOY_NAGAR,New Washermenpet,Shenoy Nagar,NEW WASHERMENPET,SHENOY NAGAR,40.0,32.0,INR,CMRL,2021-02-22,CMRL_OFFICIAL
FARE_CMRL_METRO_NEW_WASHERMENPET_TO_METRO_PACHAIYAPPA_S_COLLEGE,METRO_NEW_WASHERMENPET,METRO_PACHAIYAPPA_S_COLLEGE,New Washermenpet,Pachaiyappa's College,NEW WASHERMENPET,PACHIAPPAS COLLEGE,30.0,24.0,INR,CMRL,2021-02-22,CMRL_OFFICIAL
FARE_CMRL_METRO_NEW_WASHERMENPET_TO_METRO_KILPAUK,METRO_NEW_WASHERMENPET,METRO_KILPAUK,New Washermenpet,Kilpauk,NEW WASHERMENPET,KILPAUK,30.0,24.0,INR,CMRL,2021-02-22,CMRL_OFFICIAL
FARE_CMRL_METRO_NEW_WASHERMENPET_TO_METRO_NEHRU_PARK,METRO_NEW_WASHERMENPET,METRO_NEHRU_PARK,New Washermenpet,Nehru Park,NEW WASHERMENPET,NEHRU PARK,30.0,24.0,INR,CMRL,2021-02-22,CMRL_OFFICIAL
FARE_CMRL_METRO_NEW_WASHERMENPET_TO_METRO_EGMORE,METRO_NEW_WASHERMENPET,METRO_EGMORE,New Washermenpet,Egmore,NEW WASHERMENPET,EGMORE,30.0,24.0,INR,CMRL,2021-02-22,CMRL_OFFICIAL
FARE_CMRL_METRO_NEW_WASHERMENPET_TO_METRO_ST__THOMAS_MOUNT,METRO_NEW_WASHERMENPET,METRO_ST__THOMAS_MOUNT,New Washermenpet,St. Thomas Mount,NEW WASHERMENPET,ST. THOMAS MOUNT,50.0,40.0,INR,CMRL,2021-02-22,CMRL_OFFICIAL
FARE_CMRL_METRO_TOLLGATE_TO_METRO_CHENNAI_INTERNATIONAL_AIRPORT,METRO_TOLLGATE,METRO_CHENNAI_INTERNATIONAL_AIRPORT,Tollgate,Chennai International Airport,TOLL GATE,AIRPORT,50.0,40.0,INR,CMRL,2021-02-22,CMRL_OFFICIAL
FARE_CMRL_METRO_TOLLGATE_TO_METRO_MEENAMBAKKAM,METRO_TOLLGATE,METRO_MEENAMBAKKAM,Tollgate,Meenambakkam,TOLL GATE,MEENAMBAKKAM,50.0,40.0,INR,CMRL,2021-02-22,CMRL_OFFICIAL
FARE_CMRL_METRO_TOLLGATE_TO_METRO_OTA_NANGANALLUR_ROAD,METRO_TOLLGATE,METRO_OTA_NANGANALLUR_ROAD,Tollgate,OTA-Nanganallur Road,TOLL GATE,NANGANALLUR ROAD,50.0,40.0,INR,CMRL,2021-02-22,CMRL_OFFICIAL
FARE_CMRL_METRO_TOLLGATE_TO_METRO_ARIGNAR_ANNA_ALANDUR,METRO_TOLLGATE,METRO_ARIGNAR_ANNA_ALANDUR,Tollgate,Arignar Anna Alandur Metro,TOLL GATE,ARIGNAR ANNA ALANDUR METRO,50.0,40.0,INR,CMRL,2021-02-22,CMRL_OFFICIAL
FARE_CMRL_METRO_TOLLGATE_TO_METRO_GUINDY,METRO_TOLLGATE,METRO_GUINDY,Tollgate,Guindy,TOLL GATE,GUINDY,40.0,32.0,INR,CMRL,2021-02-22,CMRL_OFFICIAL
FARE_CMRL_METRO_TOLLGATE_TO_METRO_LITTLE_MOUNT,METRO_TOLLGATE,METRO_LITTLE_MOUNT,Tollgate,Little Mount,TOLL GATE,LITTLE MOUNT,40.0,32.0,INR,CMRL,2021-02-22,CMRL_OFFICIAL
FARE_CMRL_METRO_TOLLGATE_TO_METRO_SAIDAPET,METRO_TOLLGATE,METRO_SAIDAPET,Tollgate,Saidapet Metro,TOLL GATE,SAIDAPET,40.0,32.0,INR,CMRL,2021-02-22,CMRL_OFFICIAL
FARE_CMRL_METRO_TOLLGATE_TO_METRO_NANDANAM,METRO_TOLLGATE,METRO_NANDANAM,Tollgate,Nandanam,TOLL GATE,NANDANAM,40.0,32.0,INR,CMRL,2021-02-22,CMRL_OFFICIAL
FARE_CMRL_METRO_TOLLGATE_TO_METRO_TEYNAMPET,METRO_TOLLGATE,METRO_TEYNAMPET,Tollgate,Teynampet,TOLL GATE,TEYNAMPET,40.0,32.0,INR,CMRL,2021-02-22,CMRL_OFFICIAL
FARE_CMRL_METRO_TOLLGATE_TO_METRO_AG___8211__DMS,METRO_TOLLGATE,METRO_AG___8211__DMS,Tollgate,AG – DMS,TOLL GATE,AG-DMS,40.0,32.0,INR,CMRL,2021-02-22,CMRL_OFFICIAL
FARE_CMRL_METRO_TOLLGATE_TO_METRO_THOUSAND_LIGHTS,METRO_TOLLGATE,METRO_THOUSAND_LIGHTS,Tollgate,Thousand Lights,TOLL GATE,THOUSAND LIGHTS,40.0,32.0,INR,CMRL,2021-02-22,CMRL_OFFICIAL
FARE_CMRL_METRO_TOLLGATE_TO_METRO_LIC,METRO_TOLLGATE,METRO_LIC,Tollgate,LIC,TOLL GATE,LIC,30.0,24.0,INR,CMRL,2021-02-22,CMRL_OFFICIAL
FARE_CMRL_METRO_TOLLGATE_TO_METRO_GOVERNMENT_ESTATE,METRO_TOLLGATE,METRO_GOVERNMENT_ESTATE,Tollgate,Government Estate,TOLL GATE,GOVERNMENT ESTATE,30.0,24.0,INR,CMRL,2021-02-22,CMRL_OFFICIAL
FARE_CMRL_METRO_TOLLGATE_TO_METRO_PURATCHI_THALAIVAR_DR__M_G_RAMACHANDRAN_CENTRAL,METRO_TOLLGATE,METRO_PURATCHI_THALAIVAR_DR__M_G_RAMACHANDRAN_CENTRAL,Tollgate,Puratchi Thalaivar Dr. M.G.Ramachandran Central Metro,TOLL GATE,PURATCHI THALAIVAR DR.M.G.RAMACHANDRAN CENTRAL METRO,30.0,24.0,INR,CMRL,2021-02-22,CMRL_OFFICIAL
FARE_CMRL_METRO_TOLLGATE_TO_METRO_HIGHCOURT,METRO_TOLLGATE,METRO_HIGHCOURT,Tollgate,Highcourt,TOLL GATE,HIGH COURT,30.0,24.0,INR,CMRL,2021-02-22,CMRL_OFFICIAL
FARE_CMRL_METRO_TOLLGATE_TO_METRO_MANNADI,METRO_TOLLGATE,METRO_MANNADI,Tollgate,Mannadi,TOLL GATE,MANNADI,30.0,24.0,INR,CMRL,2021-02-22,CMRL_OFFICIAL
FARE_CMRL_METRO_TOLLGATE_TO_METRO_WASHERMENPET,METRO_TOLLGATE,METRO_WASHERMENPET,Tollgate,Washermenpet,TOLL GATE,WASHERMENPET,20.0,16.0,INR,CMRL,2021-02-22,CMRL_OFFICIAL
FARE_CMRL_METRO_TOLLGATE_TO_METRO_SIR_THIYAGARAYA_COLLEGE,METRO_TOLLGATE,METRO_SIR_THIYAGARAYA_COLLEGE,Tollgate,Sir Theagaraya College,TOLL GATE,THYAGARAYA COLLEGE,20.0,16.0,INR,CMRL,2021-02-22,CMRL_OFFICIAL
FARE_CMRL_METRO_TOLLGATE_TO_METRO_TONDIARPET,METRO_TOLLGATE,METRO_TONDIARPET,Tollgate,Tondiarpet,TOLL GATE,TONDIARPET,20.0,16.0,INR,CMRL,2021-02-22,CMRL_OFFICIAL
FARE_CMRL_METRO_TOLLGATE_TO_METRO_NEW_WASHERMENPET,METRO_TOLLGATE,METRO_NEW_WASHERMENPET,Tollgate,New Washermenpet,TOLL GATE,NEW WASHERMENPET,10.0,8.0,INR,CMRL,2021-02-22,CMRL_OFFICIAL
FARE_CMRL_METRO_TOLLGATE_TO_METRO_TOLLGATE,METRO_TOLLGATE,METRO_TOLLGATE,Tollgate,Tollgate,TOLL GATE,TOLL GATE,0.0,0.0,INR,CMRL,2021-02-22,CMRL_OFFICIAL
FARE_CMRL_METRO_TOLLGATE_TO_METRO_KALADIPET,METRO_TOLLGATE,METRO_KALADIPET,Tollgate,Kaladipet,TOLL GATE,KALADIPET,10.0,8.0,INR,CMRL,2021-02-22,CMRL_OFFICIAL
FARE_CMRL_METRO_TOLLGATE_TO_METRO_THIRUVOTTRIYUR_THERADI,METRO_TOLLGATE,METRO_THIRUVOTTRIYUR_THERADI,Tollgate,Thiruvottiyur Theradi,TOLL GATE,THIRUVOTRIYUR THEREDI,10.0,8.0,INR,CMRL,2021-02-22,CMRL_OFFICIAL
FARE_CMRL_METRO_TOLLGATE_TO_METRO_THIRUVOTRIYUR,METRO_TOLLGATE,METRO_THIRUVOTRIYUR,Tollgate,Thiruvottriyur,TOLL GATE,THIRUVOTRIYUR,20.0,16.0,INR,CMRL,2021-02-22,CMRL_OFFICIAL
FARE_CMRL_METRO_TOLLGATE_TO_METRO_WIMCO_NAGAR_6738,METRO_TOLLGATE,METRO_WIMCO_NAGAR_6738,Tollgate,Wimco Nagar,TOLL GATE,WIMCO NAGAR,20.0,16.0,INR,CMRL,2021-02-22,CMRL_OFFICIAL
FARE_CMRL_METRO_TOLLGATE_TO_METRO_WIMCO_NAGAR,METRO_TOLLGATE,METRO_WIMCO_NAGAR,Tollgate,Wimco Nagar Depot,TOLL GATE,WIMCO NAGAR DEPOT,20.0,16.0,INR,CMRL,2021-02-22,CMRL_OFFICIAL
FARE_CMRL_METRO_TOLLGATE_TO_METRO_EKKATTUTHANGAL,METRO_TOLLGATE,METRO_EKKATTUTHANGAL,Tollgate,Ekkattuthangal,TOLL GATE,EKKATTUTHANGAL,50.0,40.0,INR,CMRL,2021-02-22,CMRL_OFFICIAL
FARE_CMRL_METRO_TOLLGATE_TO_METRO_ASHOK_NAGAR,METRO_TOLLGATE,METRO_ASHOK_NAGAR,Tollgate,Ashok Nagar,TOLL GATE,ASHOK NAGAR,50.0,40.0,INR,CMRL,2021-02-22,CMRL_OFFICIAL
FARE_CMRL_METRO_TOLLGATE_TO_METRO_VADAPALANI,METRO_TOLLGATE,METRO_VADAPALANI,Tollgate,Vadapalani,TOLL GATE,VADAPALANI,50.0,40.0,INR,CMRL,2021-02-22,CMRL_OFFICIAL
FARE_CMRL_METRO_TOLLGATE_TO_METRO_ARUMBAKKAM,METRO_TOLLGATE,METRO_ARUMBAKKAM,Tollgate,Arumbakkam,TOLL GATE,ARUMBAKKAM,50.0,40.0,INR,CMRL,2021-02-22,CMRL_OFFICIAL
FARE_CMRL_METRO_TOLLGATE_TO_METRO_PURATCHI_THALAIVI_DR_J_JAYALALITHAA_CMBT,METRO_TOLLGATE,METRO_PURATCHI_THALAIVI_DR_J_JAYALALITHAA_CMBT,Tollgate,Puratchi Thalaivi Dr.J.Jayalalithaa CMBT Metro,TOLL GATE,PURATCHI THALAIVI DR.J.JAYALALITHAA CMBT METRO,40.0,32.0,INR,CMRL,2021-02-22,CMRL_OFFICIAL
FARE_CMRL_METRO_TOLLGATE_TO_METRO_KOYAMBEDU,METRO_TOLLGATE,METRO_KOYAMBEDU,Tollgate,Koyambedu,TOLL GATE,KOYAMBEDU,40.0,32.0,INR,CMRL,2021-02-22,CMRL_OFFICIAL
FARE_CMRL_METRO_TOLLGATE_TO_METRO_THIRUMANGALAM,METRO_TOLLGATE,METRO_THIRUMANGALAM,Tollgate,Thirumangalam,TOLL GATE,THIRUMANGALAM,40.0,32.0,INR,CMRL,2021-02-22,CMRL_OFFICIAL
FARE_CMRL_METRO_TOLLGATE_TO_METRO_ANNA_NAGAR_TOWER,METRO_TOLLGATE,METRO_ANNA_NAGAR_TOWER,Tollgate,Anna Nagar Tower,TOLL GATE,ANNA NAGAR TOWER,40.0,32.0,INR,CMRL,2021-02-22,CMRL_OFFICIAL
FARE_CMRL_METRO_TOLLGATE_TO_METRO_ANNA_NAGAR_EAST,METRO_TOLLGATE,METRO_ANNA_NAGAR_EAST,Tollgate,Anna Nagar East,TOLL GATE,ANNA NAGAR EAST,40.0,32.0,INR,CMRL,2021-02-22,CMRL_OFFICIAL
FARE_CMRL_METRO_TOLLGATE_TO_METRO_SHENOY_NAGAR,METRO_TOLLGATE,METRO_SHENOY_NAGAR,Tollgate,Shenoy Nagar,TOLL GATE,SHENOY NAGAR,40.0,32.0,INR,CMRL,2021-02-22,CMRL_OFFICIAL
FARE_CMRL_METRO_TOLLGATE_TO_METRO_PACHAIYAPPA_S_COLLEGE,METRO_TOLLGATE,METRO_PACHAIYAPPA_S_COLLEGE,Tollgate,Pachaiyappa's College,TOLL GATE,PACHIAPPAS COLLEGE,40.0,32.0,INR,CMRL,2021-02-22,CMRL_OFFICIAL
FARE_CMRL_METRO_TOLLGATE_TO_METRO_KILPAUK,METRO_TOLLGATE,METRO_KILPAUK,Tollgate,Kilpauk,TOLL GATE,KILPAUK,30.0,24.0,INR,CMRL,2021-02-22,CMRL_OFFICIAL
FARE_CMRL_METRO_TOLLGATE_TO_METRO_NEHRU_PARK,METRO_TOLLGATE,METRO_NEHRU_PARK,Tollgate,Nehru Park,TOLL GATE,NEHRU PARK,30.0,24.0,INR,CMRL,2021-02-22,CMRL_OFFICIAL
FARE_CMRL_METRO_TOLLGATE_TO_METRO_EGMORE,METRO_TOLLGATE,METRO_EGMORE,Tollgate,Egmore,TOLL GATE,EGMORE,30.0,24.0,INR,CMRL,2021-02-22,CMRL_OFFICIAL
FARE_CMRL_METRO_TOLLGATE_TO_METRO_ST__THOMAS_MOUNT,METRO_TOLLGATE,METRO_ST__THOMAS_MOUNT,Tollgate,St. Thomas Mount,TOLL GATE,ST. THOMAS MOUNT,50.0,40.0,INR,CMRL,2021-02-22,CMRL_OFFICIAL
FARE_CMRL_METRO_KALADIPET_TO_METRO_CHENNAI_INTERNATIONAL_AIRPORT,METRO_KALADIPET,METRO_CHENNAI_INTERNATIONAL_AIRPORT,Kaladipet,Chennai International Airport,KALADIPET,AIRPORT,50.0,40.0,INR,CMRL,2021-02-22,CMRL_OFFICIAL
FARE_CMRL_METRO_KALADIPET_TO_METRO_MEENAMBAKKAM,METRO_KALADIPET,METRO_MEENAMBAKKAM,Kaladipet,Meenambakkam,KALADIPET,MEENAMBAKKAM,50.0,40.0,INR,CMRL,2021-02-22,CMRL_OFFICIAL
FARE_CMRL_METRO_KALADIPET_TO_METRO_OTA_NANGANALLUR_ROAD,METRO_KALADIPET,METRO_OTA_NANGANALLUR_ROAD,Kaladipet,OTA-Nanganallur Road,KALADIPET,NANGANALLUR ROAD,50.0,40.0,INR,CMRL,2021-02-22,CMRL_OFFICIAL
FARE_CMRL_METRO_KALADIPET_TO_METRO_ARIGNAR_ANNA_ALANDUR,METRO_KALADIPET,METRO_ARIGNAR_ANNA_ALANDUR,Kaladipet,Arignar Anna Alandur Metro,KALADIPET,ARIGNAR ANNA ALANDUR METRO,50.0,40.0,INR,CMRL,2021-02-22,CMRL_OFFICIAL
FARE_CMRL_METRO_KALADIPET_TO_METRO_GUINDY,METRO_KALADIPET,METRO_GUINDY,Kaladipet,Guindy,KALADIPET,GUINDY,40.0,32.0,INR,CMRL,2021-02-22,CMRL_OFFICIAL
FARE_CMRL_METRO_KALADIPET_TO_METRO_LITTLE_MOUNT,METRO_KALADIPET,METRO_LITTLE_MOUNT,Kaladipet,Little Mount,KALADIPET,LITTLE MOUNT,40.0,32.0,INR,CMRL,2021-02-22,CMRL_OFFICIAL
FARE_CMRL_METRO_KALADIPET_TO_METRO_SAIDAPET,METRO_KALADIPET,METRO_SAIDAPET,Kaladipet,Saidapet Metro,KALADIPET,SAIDAPET,40.0,32.0,INR,CMRL,2021-02-22,CMRL_OFFICIAL
FARE_CMRL_METRO_KALADIPET_TO_METRO_NANDANAM,METRO_KALADIPET,METRO_NANDANAM,Kaladipet,Nandanam,KALADIPET,NANDANAM,40.0,32.0,INR,CMRL,2021-02-22,CMRL_OFFICIAL
FARE_CMRL_METRO_KALADIPET_TO_METRO_TEYNAMPET,METRO_KALADIPET,METRO_TEYNAMPET,Kaladipet,Teynampet,KALADIPET,TEYNAMPET,40.0,32.0,INR,CMRL,2021-02-22,CMRL_OFFICIAL
FARE_CMRL_METRO_KALADIPET_TO_METRO_AG___8211__DMS,METRO_KALADIPET,METRO_AG___8211__DMS,Kaladipet,AG – DMS,KALADIPET,AG-DMS,40.0,32.0,INR,CMRL,2021-02-22,CMRL_OFFICIAL
FARE_CMRL_METRO_KALADIPET_TO_METRO_THOUSAND_LIGHTS,METRO_KALADIPET,METRO_THOUSAND_LIGHTS,Kaladipet,Thousand Lights,KALADIPET,THOUSAND LIGHTS,40.0,32.0,INR,CMRL,2021-02-22,CMRL_OFFICIAL
FARE_CMRL_METRO_KALADIPET_TO_METRO_LIC,METRO_KALADIPET,METRO_LIC,Kaladipet,LIC,KALADIPET,LIC,30.0,24.0,INR,CMRL,2021-02-22,CMRL_OFFICIAL
FARE_CMRL_METRO_KALADIPET_TO_METRO_GOVERNMENT_ESTATE,METRO_KALADIPET,METRO_GOVERNMENT_ESTATE,Kaladipet,Government Estate,KALADIPET,GOVERNMENT ESTATE,30.0,24.0,INR,CMRL,2021-02-22,CMRL_OFFICIAL
FARE_CMRL_METRO_KALADIPET_TO_METRO_PURATCHI_THALAIVAR_DR__M_G_RAMACHANDRAN_CENTRAL,METRO_KALADIPET,METRO_PURATCHI_THALAIVAR_DR__M_G_RAMACHANDRAN_CENTRAL,Kaladipet,Puratchi Thalaivar Dr. M.G.Ramachandran Central Metro,KALADIPET,PURATCHI THALAIVAR DR.M.G.RAMACHANDRAN CENTRAL METRO,30.0,24.0,INR,CMRL,2021-02-22,CMRL_OFFICIAL
FARE_CMRL_METRO_KALADIPET_TO_METRO_HIGHCOURT,METRO_KALADIPET,METRO_HIGHCOURT,Kaladipet,Highcourt,KALADIPET,HIGH COURT,30.0,24.0,INR,CMRL,2021-02-22,CMRL_OFFICIAL
FARE_CMRL_METRO_KALADIPET_TO_METRO_MANNADI,METRO_KALADIPET,METRO_MANNADI,Kaladipet,Mannadi,KALADIPET,MANNADI,30.0,24.0,INR,CMRL,2021-02-22,CMRL_OFFICIAL
FARE_CMRL_METRO_KALADIPET_TO_METRO_WASHERMENPET,METRO_KALADIPET,METRO_WASHERMENPET,Kaladipet,Washermenpet,KALADIPET,WASHERMENPET,20.0,16.0,INR,CMRL,2021-02-22,CMRL_OFFICIAL
FARE_CMRL_METRO_KALADIPET_TO_METRO_SIR_THIYAGARAYA_COLLEGE,METRO_KALADIPET,METRO_SIR_THIYAGARAYA_COLLEGE,Kaladipet,Sir Theagaraya College,KALADIPET,THYAGARAYA COLLEGE,20.0,16.0,INR,CMRL,2021-02-22,CMRL_OFFICIAL
FARE_CMRL_METRO_KALADIPET_TO_METRO_TONDIARPET,METRO_KALADIPET,METRO_TONDIARPET,Kaladipet,Tondiarpet,KALADIPET,TONDIARPET,20.0,16.0,INR,CMRL,2021-02-22,CMRL_OFFICIAL
FARE_CMRL_METRO_KALADIPET_TO_METRO_NEW_WASHERMENPET,METRO_KALADIPET,METRO_NEW_WASHERMENPET,Kaladipet,New Washermenpet,KALADIPET,NEW WASHERMENPET,10.0,8.0,INR,CMRL,2021-02-22,CMRL_OFFICIAL
FARE_CMRL_METRO_KALADIPET_TO_METRO_TOLLGATE,METRO_KALADIPET,METRO_TOLLGATE,Kaladipet,Tollgate,KALADIPET,TOLL GATE,10.0,8.0,INR,CMRL,2021-02-22,CMRL_OFFICIAL
FARE_CMRL_METRO_KALADIPET_TO_METRO_KALADIPET,METRO_KALADIPET,METRO_KALADIPET,Kaladipet,Kaladipet,KALADIPET,KALADIPET,0.0,0.0,INR,CMRL,2021-02-22,CMRL_OFFICIAL
FARE_CMRL_METRO_KALADIPET_TO_METRO_THIRUVOTTRIYUR_THERADI,METRO_KALADIPET,METRO_THIRUVOTTRIYUR_THERADI,Kaladipet,Thiruvottiyur Theradi,KALADIPET,THIRUVOTRIYUR THEREDI,10.0,8.0,INR,CMRL,2021-02-22,CMRL_OFFICIAL
FARE_CMRL_METRO_KALADIPET_TO_METRO_THIRUVOTRIYUR,METRO_KALADIPET,METRO_THIRUVOTRIYUR,Kaladipet,Thiruvottriyur,KALADIPET,THIRUVOTRIYUR,20.0,16.0,INR,CMRL,2021-02-22,CMRL_OFFICIAL
FARE_CMRL_METRO_KALADIPET_TO_METRO_WIMCO_NAGAR_6738,METRO_KALADIPET,METRO_WIMCO_NAGAR_6738,Kaladipet,Wimco Nagar,KALADIPET,WIMCO NAGAR,20.0,16.0,INR,CMRL,2021-02-22,CMRL_OFFICIAL
FARE_CMRL_METRO_KALADIPET_TO_METRO_WIMCO_NAGAR,METRO_KALADIPET,METRO_WIMCO_NAGAR,Kaladipet,Wimco Nagar Depot,KALADIPET,WIMCO NAGAR DEPOT,20.0,16.0,INR,CMRL,2021-02-22,CMRL_OFFICIAL
FARE_CMRL_METRO_KALADIPET_TO_METRO_EKKATTUTHANGAL,METRO_KALADIPET,METRO_EKKATTUTHANGAL,Kaladipet,Ekkattuthangal,KALADIPET,EKKATTUTHANGAL,50.0,40.0,INR,CMRL,2021-02-22,CMRL_OFFICIAL
FARE_CMRL_METRO_KALADIPET_TO_METRO_ASHOK_NAGAR,METRO_KALADIPET,METRO_ASHOK_NAGAR,Kaladipet,Ashok Nagar,KALADIPET,ASHOK NAGAR,50.0,40.0,INR,CMRL,2021-02-22,CMRL_OFFICIAL
FARE_CMRL_METRO_KALADIPET_TO_METRO_VADAPALANI,METRO_KALADIPET,METRO_VADAPALANI,Kaladipet,Vadapalani,KALADIPET,VADAPALANI,50.0,40.0,INR,CMRL,2021-02-22,CMRL_OFFICIAL
FARE_CMRL_METRO_KALADIPET_TO_METRO_ARUMBAKKAM,METRO_KALADIPET,METRO_ARUMBAKKAM,Kaladipet,Arumbakkam,KALADIPET,ARUMBAKKAM,50.0,40.0,INR,CMRL,2021-02-22,CMRL_OFFICIAL
FARE_CMRL_METRO_KALADIPET_TO_METRO_PURATCHI_THALAIVI_DR_J_JAYALALITHAA_CMBT,METRO_KALADIPET,METRO_PURATCHI_THALAIVI_DR_J_JAYALALITHAA_CMBT,Kaladipet,Puratchi Thalaivi Dr.J.Jayalalithaa CMBT Metro,KALADIPET,PURATCHI THALAIVI DR.J.JAYALALITHAA CMBT METRO,50.0,40.0,INR,CMRL,2021-02-22,CMRL_OFFICIAL
FARE_CMRL_METRO_KALADIPET_TO_METRO_KOYAMBEDU,METRO_KALADIPET,METRO_KOYAMBEDU,Kaladipet,Koyambedu,KALADIPET,KOYAMBEDU,40.0,32.0,INR,CMRL,2021-02-22,CMRL_OFFICIAL
FARE_CMRL_METRO_KALADIPET_TO_METRO_THIRUMANGALAM,METRO_KALADIPET,METRO_THIRUMANGALAM,Kaladipet,Thirumangalam,KALADIPET,THIRUMANGALAM,40.0,32.0,INR,CMRL,2021-02-22,CMRL_OFFICIAL
FARE_CMRL_METRO_KALADIPET_TO_METRO_ANNA_NAGAR_TOWER,METRO_KALADIPET,METRO_ANNA_NAGAR_TOWER,Kaladipet,Anna Nagar Tower,KALADIPET,ANNA NAGAR TOWER,40.0,32.0,INR,CMRL,2021-02-22,CMRL_OFFICIAL
FARE_CMRL_METRO_KALADIPET_TO_METRO_ANNA_NAGAR_EAST,METRO_KALADIPET,METRO_ANNA_NAGAR_EAST,Kaladipet,Anna Nagar East,KALADIPET,ANNA NAGAR EAST,40.0,32.0,INR,CMRL,2021-02-22,CMRL_OFFICIAL
FARE_CMRL_METRO_KALADIPET_TO_METRO_SHENOY_NAGAR,METRO_KALADIPET,METRO_SHENOY_NAGAR,Kaladipet,Shenoy Nagar,KALADIPET,SHENOY NAGAR,40.0,32.0,INR,CMRL,2021-02-22,CMRL_OFFICIAL
FARE_CMRL_METRO_KALADIPET_TO_METRO_PACHAIYAPPA_S_COLLEGE,METRO_KALADIPET,METRO_PACHAIYAPPA_S_COLLEGE,Kaladipet,Pachaiyappa's College,KALADIPET,PACHIAPPAS COLLEGE,40.0,32.0,INR,CMRL,2021-02-22,CMRL_OFFICIAL
FARE_CMRL_METRO_KALADIPET_TO_METRO_KILPAUK,METRO_KALADIPET,METRO_KILPAUK,Kaladipet,Kilpauk,KALADIPET,KILPAUK,40.0,32.0,INR,CMRL,2021-02-22,CMRL_OFFICIAL
FARE_CMRL_METRO_KALADIPET_TO_METRO_NEHRU_PARK,METRO_KALADIPET,METRO_NEHRU_PARK,Kaladipet,Nehru Park,KALADIPET,NEHRU PARK,30.0,24.0,INR,CMRL,2021-02-22,CMRL_OFFICIAL
FARE_CMRL_METRO_KALADIPET_TO_METRO_EGMORE,METRO_KALADIPET,METRO_EGMORE,Kaladipet,Egmore,KALADIPET,EGMORE,30.0,24.0,INR,CMRL,2021-02-22,CMRL_OFFICIAL
FARE_CMRL_METRO_KALADIPET_TO_METRO_ST__THOMAS_MOUNT,METRO_KALADIPET,METRO_ST__THOMAS_MOUNT,Kaladipet,St. Thomas Mount,KALADIPET,ST. THOMAS MOUNT,50.0,40.0,INR,CMRL,2021-02-22,CMRL_OFFICIAL
FARE_CMRL_METRO_THIRUVOTTRIYUR_THERADI_TO_METRO_CHENNAI_INTERNATIONAL_AIRPORT,METRO_THIRUVOTTRIYUR_THERADI,METRO_CHENNAI_INTERNATIONAL_AIRPORT,Thiruvottiyur Theradi,Chennai International Airport,THIRUVOTRIYUR THEREDI,AIRPORT,50.0,40.0,INR,CMRL,2021-02-22,CMRL_OFFICIAL
FARE_CMRL_METRO_THIRUVOTTRIYUR_THERADI_TO_METRO_MEENAMBAKKAM,METRO_THIRUVOTTRIYUR_THERADI,METRO_MEENAMBAKKAM,Thiruvottiyur Theradi,Meenambakkam,THIRUVOTRIYUR THEREDI,MEENAMBAKKAM,50.0,40.0,INR,CMRL,2021-02-22,CMRL_OFFICIAL
FARE_CMRL_METRO_THIRUVOTTRIYUR_THERADI_TO_METRO_OTA_NANGANALLUR_ROAD,METRO_THIRUVOTTRIYUR_THERADI,METRO_OTA_NANGANALLUR_ROAD,Thiruvottiyur Theradi,OTA-Nanganallur Road,THIRUVOTRIYUR THEREDI,NANGANALLUR ROAD,50.0,40.0,INR,CMRL,2021-02-22,CMRL_OFFICIAL
FARE_CMRL_METRO_THIRUVOTTRIYUR_THERADI_TO_METRO_ARIGNAR_ANNA_ALANDUR,METRO_THIRUVOTTRIYUR_THERADI,METRO_ARIGNAR_ANNA_ALANDUR,Thiruvottiyur Theradi,Arignar Anna Alandur Metro,THIRUVOTRIYUR THEREDI,ARIGNAR ANNA ALANDUR METRO,50.0,40.0,INR,CMRL,2021-02-22,CMRL_OFFICIAL
FARE_CMRL_METRO_THIRUVOTTRIYUR_THERADI_TO_METRO_GUINDY,METRO_THIRUVOTTRIYUR_THERADI,METRO_GUINDY,Thiruvottiyur Theradi,Guindy,THIRUVOTRIYUR THEREDI,GUINDY,50.0,40.0,INR,CMRL,2021-02-22,CMRL_OFFICIAL
FARE_CMRL_METRO_THIRUVOTTRIYUR_THERADI_TO_METRO_LITTLE_MOUNT,METRO_THIRUVOTTRIYUR_THERADI,METRO_LITTLE_MOUNT,Thiruvottiyur Theradi,Little Mount,THIRUVOTRIYUR THEREDI,LITTLE MOUNT,40.0,32.0,INR,CMRL,2021-02-22,CMRL_OFFICIAL
FARE_CMRL_METRO_THIRUVOTTRIYUR_THERADI_TO_METRO_SAIDAPET,METRO_THIRUVOTTRIYUR_THERADI,METRO_SAIDAPET,Thiruvottiyur Theradi,Saidapet Metro,THIRUVOTRIYUR THEREDI,SAIDAPET,40.0,32.0,INR,CMRL,2021-02-22,CMRL_OFFICIAL
FARE_CMRL_METRO_THIRUVOTTRIYUR_THERADI_TO_METRO_NANDANAM,METRO_THIRUVOTTRIYUR_THERADI,METRO_NANDANAM,Thiruvottiyur Theradi,Nandanam,THIRUVOTRIYUR THEREDI,NANDANAM,40.0,32.0,INR,CMRL,2021-02-22,CMRL_OFFICIAL
FARE_CMRL_METRO_THIRUVOTTRIYUR_THERADI_TO_METRO_TEYNAMPET,METRO_THIRUVOTTRIYUR_THERADI,METRO_TEYNAMPET,Thiruvottiyur Theradi,Teynampet,THIRUVOTRIYUR THEREDI,TEYNAMPET,40.0,32.0,INR,CMRL,2021-02-22,CMRL_OFFICIAL
FARE_CMRL_METRO_THIRUVOTTRIYUR_THERADI_TO_METRO_AG___8211__DMS,METRO_THIRUVOTTRIYUR_THERADI,METRO_AG___8211__DMS,Thiruvottiyur Theradi,AG – DMS,THIRUVOTRIYUR THEREDI,AG-DMS,40.0,32.0,INR,CMRL,2021-02-22,CMRL_OFFICIAL
FARE_CMRL_METRO_THIRUVOTTRIYUR_THERADI_TO_METRO_THOUSAND_LIGHTS,METRO_THIRUVOTTRIYUR_THERADI,METRO_THOUSAND_LIGHTS,Thiruvottiyur Theradi,Thousand Lights,THIRUVOTRIYUR THEREDI,THOUSAND LIGHTS,40.0,32.0,INR,CMRL,2021-02-22,CMRL_OFFICIAL
FARE_CMRL_METRO_THIRUVOTTRIYUR_THERADI_TO_METRO_LIC,METRO_THIRUVOTTRIYUR_THERADI,METRO_LIC,Thiruvottiyur Theradi,LIC,THIRUVOTRIYUR THEREDI,LIC,40.0,32.0,INR,CMRL,2021-02-22,CMRL_OFFICIAL
FARE_CMRL_METRO_THIRUVOTTRIYUR_THERADI_TO_METRO_GOVERNMENT_ESTATE,METRO_THIRUVOTTRIYUR_THERADI,METRO_GOVERNMENT_ESTATE,Thiruvottiyur Theradi,Government Estate,THIRUVOTRIYUR THEREDI,GOVERNMENT ESTATE,40.0,32.0,INR,CMRL,2021-02-22,CMRL_OFFICIAL
FARE_CMRL_METRO_THIRUVOTTRIYUR_THERADI_TO_METRO_PURATCHI_THALAIVAR_DR__M_G_RAMACHANDRAN_CENTRAL,METRO_THIRUVOTTRIYUR_THERADI,METRO_PURATCHI_THALAIVAR_DR__M_G_RAMACHANDRAN_CENTRAL,Thiruvottiyur Theradi,Puratchi Thalaivar Dr. M.G.Ramachandran Central Metro,THIRUVOTRIYUR THEREDI,PURATCHI THALAIVAR DR.M.G.RAMACHANDRAN CENTRAL METRO,30.0,24.0,INR,CMRL,2021-02-22,CMRL_OFFICIAL
FARE_CMRL_METRO_THIRUVOTTRIYUR_THERADI_TO_METRO_HIGHCOURT,METRO_THIRUVOTTRIYUR_THERADI,METRO_HIGHCOURT,Thiruvottiyur Theradi,Highcourt,THIRUVOTRIYUR THEREDI,HIGH COURT,30.0,24.0,INR,CMRL,2021-02-22,CMRL_OFFICIAL
FARE_CMRL_METRO_THIRUVOTTRIYUR_THERADI_TO_METRO_MANNADI,METRO_THIRUVOTTRIYUR_THERADI,METRO_MANNADI,Thiruvottiyur Theradi,Mannadi,THIRUVOTRIYUR THEREDI,MANNADI,30.0,24.0,INR,CMRL,2021-02-22,CMRL_OFFICIAL
FARE_CMRL_METRO_THIRUVOTTRIYUR_THERADI_TO_METRO_WASHERMENPET,METRO_THIRUVOTTRIYUR_THERADI,METRO_WASHERMENPET,Thiruvottiyur Theradi,Washermenpet,THIRUVOTRIYUR THEREDI,WASHERMENPET,30.0,24.0,INR,CMRL,2021-02-22,CMRL_OFFICIAL
FARE_CMRL_METRO_THIRUVOTTRIYUR_THERADI_TO_METRO_SIR_THIYAGARAYA_COLLEGE,METRO_THIRUVOTTRIYUR_THERADI,METRO_SIR_THIYAGARAYA_COLLEGE,Thiruvottiyur Theradi,Sir Theagaraya College,THIRUVOTRIYUR THEREDI,THYAGARAYA COLLEGE,20.0,16.0,INR,CMRL,2021-02-22,CMRL_OFFICIAL
FARE_CMRL_METRO_THIRUVOTTRIYUR_THERADI_TO_METRO_TONDIARPET,METRO_THIRUVOTTRIYUR_THERADI,METRO_TONDIARPET,Thiruvottiyur Theradi,Tondiarpet,THIRUVOTRIYUR THEREDI,TONDIARPET,20.0,16.0,INR,CMRL,2021-02-22,CMRL_OFFICIAL
FARE_CMRL_METRO_THIRUVOTTRIYUR_THERADI_TO_METRO_NEW_WASHERMENPET,METRO_THIRUVOTTRIYUR_THERADI,METRO_NEW_WASHERMENPET,Thiruvottiyur Theradi,New Washermenpet,THIRUVOTRIYUR THEREDI,NEW WASHERMENPET,20.0,16.0,INR,CMRL,2021-02-22,CMRL_OFFICIAL
FARE_CMRL_METRO_THIRUVOTTRIYUR_THERADI_TO_METRO_TOLLGATE,METRO_THIRUVOTTRIYUR_THERADI,METRO_TOLLGATE,Thiruvottiyur Theradi,Tollgate,THIRUVOTRIYUR THEREDI,TOLL GATE,10.0,8.0,INR,CMRL,2021-02-22,CMRL_OFFICIAL
FARE_CMRL_METRO_THIRUVOTTRIYUR_THERADI_TO_METRO_KALADIPET,METRO_THIRUVOTTRIYUR_THERADI,METRO_KALADIPET,Thiruvottiyur Theradi,Kaladipet,THIRUVOTRIYUR THEREDI,KALADIPET,10.0,8.0,INR,CMRL,2021-02-22,CMRL_OFFICIAL
FARE_CMRL_METRO_THIRUVOTTRIYUR_THERADI_TO_METRO_THIRUVOTTRIYUR_THERADI,METRO_THIRUVOTTRIYUR_THERADI,METRO_THIRUVOTTRIYUR_THERADI,Thiruvottiyur Theradi,Thiruvottiyur Theradi,THIRUVOTRIYUR THEREDI,THIRUVOTRIYUR THEREDI,0.0,0.0,INR,CMRL,2021-02-22,CMRL_OFFICIAL
FARE_CMRL_METRO_THIRUVOTTRIYUR_THERADI_TO_METRO_THIRUVOTRIYUR,METRO_THIRUVOTTRIYUR_THERADI,METRO_THIRUVOTRIYUR,Thiruvottiyur Theradi,Thiruvottriyur,THIRUVOTRIYUR THEREDI,THIRUVOTRIYUR,10.0,8.0,INR,CMRL,2021-02-22,CMRL_OFFICIAL
FARE_CMRL_METRO_THIRUVOTTRIYUR_THERADI_TO_METRO_WIMCO_NAGAR_6738,METRO_THIRUVOTTRIYUR_THERADI,METRO_WIMCO_NAGAR_6738,Thiruvottiyur Theradi,Wimco Nagar,THIRUVOTRIYUR THEREDI,WIMCO NAGAR,20.0,16.0,INR,CMRL,2021-02-22,CMRL_OFFICIAL
FARE_CMRL_METRO_THIRUVOTTRIYUR_THERADI_TO_METRO_WIMCO_NAGAR,METRO_THIRUVOTTRIYUR_THERADI,METRO_WIMCO_NAGAR,Thiruvottiyur Theradi,Wimco Nagar Depot,THIRUVOTRIYUR THEREDI,WIMCO NAGAR DEPOT,20.0,16.0,INR,CMRL,2021-02-22,CMRL_OFFICIAL
FARE_CMRL_METRO_THIRUVOTTRIYUR_THERADI_TO_METRO_EKKATTUTHANGAL,METRO_THIRUVOTTRIYUR_THERADI,METRO_EKKATTUTHANGAL,Thiruvottiyur Theradi,Ekkattuthangal,THIRUVOTRIYUR THEREDI,EKKATTUTHANGAL,50.0,40.0,INR,CMRL,2021-02-22,CMRL_OFFICIAL
FARE_CMRL_METRO_THIRUVOTTRIYUR_THERADI_TO_METRO_ASHOK_NAGAR,METRO_THIRUVOTTRIYUR_THERADI,METRO_ASHOK_NAGAR,Thiruvottiyur Theradi,Ashok Nagar,THIRUVOTRIYUR THEREDI,ASHOK NAGAR,50.0,40.0,INR,CMRL,2021-02-22,CMRL_OFFICIAL
FARE_CMRL_METRO_THIRUVOTTRIYUR_THERADI_TO_METRO_VADAPALANI,METRO_THIRUVOTTRIYUR_THERADI,METRO_VADAPALANI,Thiruvottiyur Theradi,Vadapalani,THIRUVOTRIYUR THEREDI,VADAPALANI,50.0,40.0,INR,CMRL,2021-02-22,CMRL_OFFICIAL
FARE_CMRL_METRO_THIRUVOTTRIYUR_THERADI_TO_METRO_ARUMBAKKAM,METRO_THIRUVOTTRIYUR_THERADI,METRO_ARUMBAKKAM,Thiruvottiyur Theradi,Arumbakkam,THIRUVOTRIYUR THEREDI,ARUMBAKKAM,50.0,40.0,INR,CMRL,2021-02-22,CMRL_OFFICIAL
FARE_CMRL_METRO_THIRUVOTTRIYUR_THERADI_TO_METRO_PURATCHI_THALAIVI_DR_J_JAYALALITHAA_CMBT,METRO_THIRUVOTTRIYUR_THERADI,METRO_PURATCHI_THALAIVI_DR_J_JAYALALITHAA_CMBT,Thiruvottiyur Theradi,Puratchi Thalaivi Dr.J.Jayalalithaa CMBT Metro,THIRUVOTRIYUR THEREDI,PURATCHI THALAIVI DR.J.JAYALALITHAA CMBT METRO,50.0,40.0,INR,CMRL,2021-02-22,CMRL_OFFICIAL
FARE_CMRL_METRO_THIRUVOTTRIYUR_THERADI_TO_METRO_KOYAMBEDU,METRO_THIRUVOTTRIYUR_THERADI,METRO_KOYAMBEDU,Thiruvottiyur Theradi,Koyambedu,THIRUVOTRIYUR THEREDI,KOYAMBEDU,40.0,32.0,INR,CMRL,2021-02-22,CMRL_OFFICIAL
FARE_CMRL_METRO_THIRUVOTTRIYUR_THERADI_TO_METRO_THIRUMANGALAM,METRO_THIRUVOTTRIYUR_THERADI,METRO_THIRUMANGALAM,Thiruvottiyur Theradi,Thirumangalam,THIRUVOTRIYUR THEREDI,THIRUMANGALAM,40.0,32.0,INR,CMRL,2021-02-22,CMRL_OFFICIAL
FARE_CMRL_METRO_THIRUVOTTRIYUR_THERADI_TO_METRO_ANNA_NAGAR_TOWER,METRO_THIRUVOTTRIYUR_THERADI,METRO_ANNA_NAGAR_TOWER,Thiruvottiyur Theradi,Anna Nagar Tower,THIRUVOTRIYUR THEREDI,ANNA NAGAR TOWER,40.0,32.0,INR,CMRL,2021-02-22,CMRL_OFFICIAL
FARE_CMRL_METRO_THIRUVOTTRIYUR_THERADI_TO_METRO_ANNA_NAGAR_EAST,METRO_THIRUVOTTRIYUR_THERADI,METRO_ANNA_NAGAR_EAST,Thiruvottiyur Theradi,Anna Nagar East,THIRUVOTRIYUR THEREDI,ANNA NAGAR EAST,40.0,32.0,INR,CMRL,2021-02-22,CMRL_OFFICIAL
FARE_CMRL_METRO_THIRUVOTTRIYUR_THERADI_TO_METRO_SHENOY_NAGAR,METRO_THIRUVOTTRIYUR_THERADI,METRO_SHENOY_NAGAR,Thiruvottiyur Theradi,Shenoy Nagar,THIRUVOTRIYUR THEREDI,SHENOY NAGAR,40.0,32.0,INR,CMRL,2021-02-22,CMRL_OFFICIAL
FARE_CMRL_METRO_THIRUVOTTRIYUR_THERADI_TO_METRO_PACHAIYAPPA_S_COLLEGE,METRO_THIRUVOTTRIYUR_THERADI,METRO_PACHAIYAPPA_S_COLLEGE,Thiruvottiyur Theradi,Pachaiyappa's College,THIRUVOTRIYUR THEREDI,PACHIAPPAS COLLEGE,40.0,32.0,INR,CMRL,2021-02-22,CMRL_OFFICIAL
FARE_CMRL_METRO_THIRUVOTTRIYUR_THERADI_TO_METRO_KILPAUK,METRO_THIRUVOTTRIYUR_THERADI,METRO_KILPAUK,Thiruvottiyur Theradi,Kilpauk,THIRUVOTRIYUR THEREDI,KILPAUK,40.0,32.0,INR,CMRL,2021-02-22,CMRL_OFFICIAL
FARE_CMRL_METRO_THIRUVOTTRIYUR_THERADI_TO_METRO_NEHRU_PARK,METRO_THIRUVOTTRIYUR_THERADI,METRO_NEHRU_PARK,Thiruvottiyur Theradi,Nehru Park,THIRUVOTRIYUR THEREDI,NEHRU PARK,40.0,32.0,INR,CMRL,2021-02-22,CMRL_OFFICIAL
FARE_CMRL_METRO_THIRUVOTTRIYUR_THERADI_TO_METRO_EGMORE,METRO_THIRUVOTTRIYUR_THERADI,METRO_EGMORE,Thiruvottiyur Theradi,Egmore,THIRUVOTRIYUR THEREDI,EGMORE,30.0,24.0,INR,CMRL,2021-02-22,CMRL_OFFICIAL
FARE_CMRL_METRO_THIRUVOTTRIYUR_THERADI_TO_METRO_ST__THOMAS_MOUNT,METRO_THIRUVOTTRIYUR_THERADI,METRO_ST__THOMAS_MOUNT,Thiruvottiyur Theradi,St. Thomas Mount,THIRUVOTRIYUR THEREDI,ST. THOMAS MOUNT,50.0,40.0,INR,CMRL,2021-02-22,CMRL_OFFICIAL
FARE_CMRL_METRO_THIRUVOTRIYUR_TO_METRO_CHENNAI_INTERNATIONAL_AIRPORT,METRO_THIRUVOTRIYUR,METRO_CHENNAI_INTERNATIONAL_AIRPORT,Thiruvottriyur,Chennai International Airport,THIRUVOTRIYUR,AIRPORT,50.0,40.0,INR,CMRL,2021-02-22,CMRL_OFFICIAL
FARE_CMRL_METRO_THIRUVOTRIYUR_TO_METRO_MEENAMBAKKAM,METRO_THIRUVOTRIYUR,METRO_MEENAMBAKKAM,Thiruvottriyur,Meenambakkam,THIRUVOTRIYUR,MEENAMBAKKAM,50.0,40.0,INR,CMRL,2021-02-22,CMRL_OFFICIAL
FARE_CMRL_METRO_THIRUVOTRIYUR_TO_METRO_OTA_NANGANALLUR_ROAD,METRO_THIRUVOTRIYUR,METRO_OTA_NANGANALLUR_ROAD,Thiruvottriyur,OTA-Nanganallur Road,THIRUVOTRIYUR,NANGANALLUR ROAD,50.0,40.0,INR,CMRL,2021-02-22,CMRL_OFFICIAL
FARE_CMRL_METRO_THIRUVOTRIYUR_TO_METRO_ARIGNAR_ANNA_ALANDUR,METRO_THIRUVOTRIYUR,METRO_ARIGNAR_ANNA_ALANDUR,Thiruvottriyur,Arignar Anna Alandur Metro,THIRUVOTRIYUR,ARIGNAR ANNA ALANDUR METRO,50.0,40.0,INR,CMRL,2021-02-22,CMRL_OFFICIAL
FARE_CMRL_METRO_THIRUVOTRIYUR_TO_METRO_GUINDY,METRO_THIRUVOTRIYUR,METRO_GUINDY,Thiruvottriyur,Guindy,THIRUVOTRIYUR,GUINDY,50.0,40.0,INR,CMRL,2021-02-22,CMRL_OFFICIAL
FARE_CMRL_METRO_THIRUVOTRIYUR_TO_METRO_LITTLE_MOUNT,METRO_THIRUVOTRIYUR,METRO_LITTLE_MOUNT,Thiruvottriyur,Little Mount,THIRUVOTRIYUR,LITTLE MOUNT,50.0,40.0,INR,CMRL,2021-02-22,CMRL_OFFICIAL
FARE_CMRL_METRO_THIRUVOTRIYUR_TO_METRO_SAIDAPET,METRO_THIRUVOTRIYUR,METRO_SAIDAPET,Thiruvottriyur,Saidapet Metro,THIRUVOTRIYUR,SAIDAPET,40.0,32.0,INR,CMRL,2021-02-22,CMRL_OFFICIAL
FARE_CMRL_METRO_THIRUVOTRIYUR_TO_METRO_NANDANAM,METRO_THIRUVOTRIYUR,METRO_NANDANAM,Thiruvottriyur,Nandanam,THIRUVOTRIYUR,NANDANAM,40.0,32.0,INR,CMRL,2021-02-22,CMRL_OFFICIAL
FARE_CMRL_METRO_THIRUVOTRIYUR_TO_METRO_TEYNAMPET,METRO_THIRUVOTRIYUR,METRO_TEYNAMPET,Thiruvottriyur,Teynampet,THIRUVOTRIYUR,TEYNAMPET,40.0,32.0,INR,CMRL,2021-02-22,CMRL_OFFICIAL
FARE_CMRL_METRO_THIRUVOTRIYUR_TO_METRO_AG___8211__DMS,METRO_THIRUVOTRIYUR,METRO_AG___8211__DMS,Thiruvottriyur,AG – DMS,THIRUVOTRIYUR,AG-DMS,40.0,32.0,INR,CMRL,2021-02-22,CMRL_OFFICIAL
FARE_CMRL_METRO_THIRUVOTRIYUR_TO_METRO_THOUSAND_LIGHTS,METRO_THIRUVOTRIYUR,METRO_THOUSAND_LIGHTS,Thiruvottriyur,Thousand Lights,THIRUVOTRIYUR,THOUSAND LIGHTS,40.0,32.0,INR,CMRL,2021-02-22,CMRL_OFFICIAL
FARE_CMRL_METRO_THIRUVOTRIYUR_TO_METRO_LIC,METRO_THIRUVOTRIYUR,METRO_LIC,Thiruvottriyur,LIC,THIRUVOTRIYUR,LIC,40.0,32.0,INR,CMRL,2021-02-22,CMRL_OFFICIAL
FARE_CMRL_METRO_THIRUVOTRIYUR_TO_METRO_GOVERNMENT_ESTATE,METRO_THIRUVOTRIYUR,METRO_GOVERNMENT_ESTATE,Thiruvottriyur,Government Estate,THIRUVOTRIYUR,GOVERNMENT ESTATE,40.0,32.0,INR,CMRL,2021-02-22,CMRL_OFFICIAL
FARE_CMRL_METRO_THIRUVOTRIYUR_TO_METRO_PURATCHI_THALAIVAR_DR__M_G_RAMACHANDRAN_CENTRAL,METRO_THIRUVOTRIYUR,METRO_PURATCHI_THALAIVAR_DR__M_G_RAMACHANDRAN_CENTRAL,Thiruvottriyur,Puratchi Thalaivar Dr. M.G.Ramachandran Central Metro,THIRUVOTRIYUR,PURATCHI THALAIVAR DR.M.G.RAMACHANDRAN CENTRAL METRO,30.0,24.0,INR,CMRL,2021-02-22,CMRL_OFFICIAL
FARE_CMRL_METRO_THIRUVOTRIYUR_TO_METRO_HIGHCOURT,METRO_THIRUVOTRIYUR,METRO_HIGHCOURT,Thiruvottriyur,Highcourt,THIRUVOTRIYUR,HIGH COURT,30.0,24.0,INR,CMRL,2021-02-22,CMRL_OFFICIAL
FARE_CMRL_METRO_THIRUVOTRIYUR_TO_METRO_MANNADI,METRO_THIRUVOTRIYUR,METRO_MANNADI,Thiruvottriyur,Mannadi,THIRUVOTRIYUR,MANNADI,30.0,24.0,INR,CMRL,2021-02-22,CMRL_OFFICIAL
FARE_CMRL_METRO_THIRUVOTRIYUR_TO_METRO_WASHERMENPET,METRO_THIRUVOTRIYUR,METRO_WASHERMENPET,Thiruvottriyur,Washermenpet,THIRUVOTRIYUR,WASHERMENPET,30.0,24.0,INR,CMRL,2021-02-22,CMRL_OFFICIAL
FARE_CMRL_METRO_THIRUVOTRIYUR_TO_METRO_SIR_THIYAGARAYA_COLLEGE,METRO_THIRUVOTRIYUR,METRO_SIR_THIYAGARAYA_COLLEGE,Thiruvottriyur,Sir Theagaraya College,THIRUVOTRIYUR,THYAGARAYA COLLEGE,30.0,24.0,INR,CMRL,2021-02-22,CMRL_OFFICIAL
FARE_CMRL_METRO_THIRUVOTRIYUR_TO_METRO_TONDIARPET,METRO_THIRUVOTRIYUR,METRO_TONDIARPET,Thiruvottriyur,Tondiarpet,THIRUVOTRIYUR,TONDIARPET,30.0,24.0,INR,CMRL,2021-02-22,CMRL_OFFICIAL
FARE_CMRL_METRO_THIRUVOTRIYUR_TO_METRO_NEW_WASHERMENPET,METRO_THIRUVOTRIYUR,METRO_NEW_WASHERMENPET,Thiruvottriyur,New Washermenpet,THIRUVOTRIYUR,NEW WASHERMENPET,20.0,16.0,INR,CMRL,2021-02-22,CMRL_OFFICIAL
FARE_CMRL_METRO_THIRUVOTRIYUR_TO_METRO_TOLLGATE,METRO_THIRUVOTRIYUR,METRO_TOLLGATE,Thiruvottriyur,Tollgate,THIRUVOTRIYUR,TOLL GATE,20.0,16.0,INR,CMRL,2021-02-22,CMRL_OFFICIAL
FARE_CMRL_METRO_THIRUVOTRIYUR_TO_METRO_KALADIPET,METRO_THIRUVOTRIYUR,METRO_KALADIPET,Thiruvottriyur,Kaladipet,THIRUVOTRIYUR,KALADIPET,20.0,16.0,INR,CMRL,2021-02-22,CMRL_OFFICIAL
FARE_CMRL_METRO_THIRUVOTRIYUR_TO_METRO_THIRUVOTTRIYUR_THERADI,METRO_THIRUVOTRIYUR,METRO_THIRUVOTTRIYUR_THERADI,Thiruvottriyur,Thiruvottiyur Theradi,THIRUVOTRIYUR,THIRUVOTRIYUR THEREDI,10.0,8.0,INR,CMRL,2021-02-22,CMRL_OFFICIAL
FARE_CMRL_METRO_THIRUVOTRIYUR_TO_METRO_THIRUVOTRIYUR,METRO_THIRUVOTRIYUR,METRO_THIRUVOTRIYUR,Thiruvottriyur,Thiruvottriyur,THIRUVOTRIYUR,THIRUVOTRIYUR,0.0,0.0,INR,CMRL,2021-02-22,CMRL_OFFICIAL
FARE_CMRL_METRO_THIRUVOTRIYUR_TO_METRO_WIMCO_NAGAR_6738,METRO_THIRUVOTRIYUR,METRO_WIMCO_NAGAR_6738,Thiruvottriyur,Wimco Nagar,THIRUVOTRIYUR,WIMCO NAGAR,10.0,8.0,INR,CMRL,2021-02-22,CMRL_OFFICIAL
FARE_CMRL_METRO_THIRUVOTRIYUR_TO_METRO_WIMCO_NAGAR,METRO_THIRUVOTRIYUR,METRO_WIMCO_NAGAR,Thiruvottriyur,Wimco Nagar Depot,THIRUVOTRIYUR,WIMCO NAGAR DEPOT,10.0,8.0,INR,CMRL,2021-02-22,CMRL_OFFICIAL
FARE_CMRL_METRO_THIRUVOTRIYUR_TO_METRO_EKKATTUTHANGAL,METRO_THIRUVOTRIYUR,METRO_EKKATTUTHANGAL,Thiruvottriyur,Ekkattuthangal,THIRUVOTRIYUR,EKKATTUTHANGAL,50.0,40.0,INR,CMRL,2021-02-22,CMRL_OFFICIAL
FARE_CMRL_METRO_THIRUVOTRIYUR_TO_METRO_ASHOK_NAGAR,METRO_THIRUVOTRIYUR,METRO_ASHOK_NAGAR,Thiruvottriyur,Ashok Nagar,THIRUVOTRIYUR,ASHOK NAGAR,50.0,40.0,INR,CMRL,2021-02-22,CMRL_OFFICIAL
FARE_CMRL_METRO_THIRUVOTRIYUR_TO_METRO_VADAPALANI,METRO_THIRUVOTRIYUR,METRO_VADAPALANI,Thiruvottriyur,Vadapalani,THIRUVOTRIYUR,VADAPALANI,50.0,40.0,INR,CMRL,2021-02-22,CMRL_OFFICIAL
FARE_CMRL_METRO_THIRUVOTRIYUR_TO_METRO_ARUMBAKKAM,METRO_THIRUVOTRIYUR,METRO_ARUMBAKKAM,Thiruvottriyur,Arumbakkam,THIRUVOTRIYUR,ARUMBAKKAM,50.0,40.0,INR,CMRL,2021-02-22,CMRL_OFFICIAL
FARE_CMRL_METRO_THIRUVOTRIYUR_TO_METRO_PURATCHI_THALAIVI_DR_J_JAYALALITHAA_CMBT,METRO_THIRUVOTRIYUR,METRO_PURATCHI_THALAIVI_DR_J_JAYALALITHAA_CMBT,Thiruvottriyur,Puratchi Thalaivi Dr.J.Jayalalithaa CMBT Metro,THIRUVOTRIYUR,PURATCHI THALAIVI DR.J.JAYALALITHAA CMBT METRO,50.0,40.0,INR,CMRL,2021-02-22,CMRL_OFFICIAL
FARE_CMRL_METRO_THIRUVOTRIYUR_TO_METRO_KOYAMBEDU,METRO_THIRUVOTRIYUR,METRO_KOYAMBEDU,Thiruvottriyur,Koyambedu,THIRUVOTRIYUR,KOYAMBEDU,50.0,40.0,INR,CMRL,2021-02-22,CMRL_OFFICIAL
FARE_CMRL_METRO_THIRUVOTRIYUR_TO_METRO_THIRUMANGALAM,METRO_THIRUVOTRIYUR,METRO_THIRUMANGALAM,Thiruvottriyur,Thirumangalam,THIRUVOTRIYUR,THIRUMANGALAM,40.0,32.0,INR,CMRL,2021-02-22,CMRL_OFFICIAL
FARE_CMRL_METRO_THIRUVOTRIYUR_TO_METRO_ANNA_NAGAR_TOWER,METRO_THIRUVOTRIYUR,METRO_ANNA_NAGAR_TOWER,Thiruvottriyur,Anna Nagar Tower,THIRUVOTRIYUR,ANNA NAGAR TOWER,40.0,32.0,INR,CMRL,2021-02-22,CMRL_OFFICIAL
FARE_CMRL_METRO_THIRUVOTRIYUR_TO_METRO_ANNA_NAGAR_EAST,METRO_THIRUVOTRIYUR,METRO_ANNA_NAGAR_EAST,Thiruvottriyur,Anna Nagar East,THIRUVOTRIYUR,ANNA NAGAR EAST,40.0,32.0,INR,CMRL,2021-02-22,CMRL_OFFICIAL
FARE_CMRL_METRO_THIRUVOTRIYUR_TO_METRO_SHENOY_NAGAR,METRO_THIRUVOTRIYUR,METRO_SHENOY_NAGAR,Thiruvottriyur,Shenoy Nagar,THIRUVOTRIYUR,SHENOY NAGAR,40.0,32.0,INR,CMRL,2021-02-22,CMRL_OFFICIAL
FARE_CMRL_METRO_THIRUVOTRIYUR_TO_METRO_PACHAIYAPPA_S_COLLEGE,METRO_THIRUVOTRIYUR,METRO_PACHAIYAPPA_S_COLLEGE,Thiruvottriyur,Pachaiyappa's College,THIRUVOTRIYUR,PACHIAPPAS COLLEGE,40.0,32.0,INR,CMRL,2021-02-22,CMRL_OFFICIAL
FARE_CMRL_METRO_THIRUVOTRIYUR_TO_METRO_KILPAUK,METRO_THIRUVOTRIYUR,METRO_KILPAUK,Thiruvottriyur,Kilpauk,THIRUVOTRIYUR,KILPAUK,40.0,32.0,INR,CMRL,2021-02-22,CMRL_OFFICIAL
FARE_CMRL_METRO_THIRUVOTRIYUR_TO_METRO_NEHRU_PARK,METRO_THIRUVOTRIYUR,METRO_NEHRU_PARK,Thiruvottriyur,Nehru Park,THIRUVOTRIYUR,NEHRU PARK,40.0,32.0,INR,CMRL,2021-02-22,CMRL_OFFICIAL
FARE_CMRL_METRO_THIRUVOTRIYUR_TO_METRO_EGMORE,METRO_THIRUVOTRIYUR,METRO_EGMORE,Thiruvottriyur,Egmore,THIRUVOTRIYUR,EGMORE,40.0,32.0,INR,CMRL,2021-02-22,CMRL_OFFICIAL
FARE_CMRL_METRO_THIRUVOTRIYUR_TO_METRO_ST__THOMAS_MOUNT,METRO_THIRUVOTRIYUR,METRO_ST__THOMAS_MOUNT,Thiruvottriyur,St. Thomas Mount,THIRUVOTRIYUR,ST. THOMAS MOUNT,50.0,40.0,INR,CMRL,2021-02-22,CMRL_OFFICIAL
FARE_CMRL_METRO_WIMCO_NAGAR_6738_TO_METRO_CHENNAI_INTERNATIONAL_AIRPORT,METRO_WIMCO_NAGAR_6738,METRO_CHENNAI_INTERNATIONAL_AIRPORT,Wimco Nagar,Chennai International Airport,WIMCO NAGAR,AIRPORT,50.0,40.0,INR,CMRL,2021-02-22,CMRL_OFFICIAL
FARE_CMRL_METRO_WIMCO_NAGAR_6738_TO_METRO_MEENAMBAKKAM,METRO_WIMCO_NAGAR_6738,METRO_MEENAMBAKKAM,Wimco Nagar,Meenambakkam,WIMCO NAGAR,MEENAMBAKKAM,50.0,40.0,INR,CMRL,2021-02-22,CMRL_OFFICIAL
FARE_CMRL_METRO_WIMCO_NAGAR_6738_TO_METRO_OTA_NANGANALLUR_ROAD,METRO_WIMCO_NAGAR_6738,METRO_OTA_NANGANALLUR_ROAD,Wimco Nagar,OTA-Nanganallur Road,WIMCO NAGAR,NANGANALLUR ROAD,50.0,40.0,INR,CMRL,2021-02-22,CMRL_OFFICIAL
FARE_CMRL_METRO_WIMCO_NAGAR_6738_TO_METRO_ARIGNAR_ANNA_ALANDUR,METRO_WIMCO_NAGAR_6738,METRO_ARIGNAR_ANNA_ALANDUR,Wimco Nagar,Arignar Anna Alandur Metro,WIMCO NAGAR,ARIGNAR ANNA ALANDUR METRO,50.0,40.0,INR,CMRL,2021-02-22,CMRL_OFFICIAL
FARE_CMRL_METRO_WIMCO_NAGAR_6738_TO_METRO_GUINDY,METRO_WIMCO_NAGAR_6738,METRO_GUINDY,Wimco Nagar,Guindy,WIMCO NAGAR,GUINDY,50.0,40.0,INR,CMRL,2021-02-22,CMRL_OFFICIAL
FARE_CMRL_METRO_WIMCO_NAGAR_6738_TO_METRO_LITTLE_MOUNT,METRO_WIMCO_NAGAR_6738,METRO_LITTLE_MOUNT,Wimco Nagar,Little Mount,WIMCO NAGAR,LITTLE MOUNT,50.0,40.0,INR,CMRL,2021-02-22,CMRL_OFFICIAL
FARE_CMRL_METRO_WIMCO_NAGAR_6738_TO_METRO_SAIDAPET,METRO_WIMCO_NAGAR_6738,METRO_SAIDAPET,Wimco Nagar,Saidapet Metro,WIMCO NAGAR,SAIDAPET,50.0,40.0,INR,CMRL,2021-02-22,CMRL_OFFICIAL
FARE_CMRL_METRO_WIMCO_NAGAR_6738_TO_METRO_NANDANAM,METRO_WIMCO_NAGAR_6738,METRO_NANDANAM,Wimco Nagar,Nandanam,WIMCO NAGAR,NANDANAM,40.0,32.0,INR,CMRL,2021-02-22,CMRL_OFFICIAL
FARE_CMRL_METRO_WIMCO_NAGAR_6738_TO_METRO_TEYNAMPET,METRO_WIMCO_NAGAR_6738,METRO_TEYNAMPET,Wimco Nagar,Teynampet,WIMCO NAGAR,TEYNAMPET,40.0,32.0,INR,CMRL,2021-02-22,CMRL_OFFICIAL
FARE_CMRL_METRO_WIMCO_NAGAR_6738_TO_METRO_AG___8211__DMS,METRO_WIMCO_NAGAR_6738,METRO_AG___8211__DMS,Wimco Nagar,AG – DMS,WIMCO NAGAR,AG-DMS,40.0,32.0,INR,CMRL,2021-02-22,CMRL_OFFICIAL
FARE_CMRL_METRO_WIMCO_NAGAR_6738_TO_METRO_THOUSAND_LIGHTS,METRO_WIMCO_NAGAR_6738,METRO_THOUSAND_LIGHTS,Wimco Nagar,Thousand Lights,WIMCO NAGAR,THOUSAND LIGHTS,40.0,32.0,INR,CMRL,2021-02-22,CMRL_OFFICIAL
FARE_CMRL_METRO_WIMCO_NAGAR_6738_TO_METRO_LIC,METRO_WIMCO_NAGAR_6738,METRO_LIC,Wimco Nagar,LIC,WIMCO NAGAR,LIC,40.0,32.0,INR,CMRL,2021-02-22,CMRL_OFFICIAL
FARE_CMRL_METRO_WIMCO_NAGAR_6738_TO_METRO_GOVERNMENT_ESTATE,METRO_WIMCO_NAGAR_6738,METRO_GOVERNMENT_ESTATE,Wimco Nagar,Government Estate,WIMCO NAGAR,GOVERNMENT ESTATE,40.0,32.0,INR,CMRL,2021-02-22,CMRL_OFFICIAL
FARE_CMRL_METRO_WIMCO_NAGAR_6738_TO_METRO_PURATCHI_THALAIVAR_DR__M_G_RAMACHANDRAN_CENTRAL,METRO_WIMCO_NAGAR_6738,METRO_PURATCHI_THALAIVAR_DR__M_G_RAMACHANDRAN_CENTRAL,Wimco Nagar,Puratchi Thalaivar Dr. M.G.Ramachandran Central Metro,WIMCO NAGAR,PURATCHI THALAIVAR DR.M.G.RAMACHANDRAN CENTRAL METRO,40.0,32.0,INR,CMRL,2021-02-22,CMRL_OFFICIAL
FARE_CMRL_METRO_WIMCO_NAGAR_6738_TO_METRO_HIGHCOURT,METRO_WIMCO_NAGAR_6738,METRO_HIGHCOURT,Wimco Nagar,Highcourt,WIMCO NAGAR,HIGH COURT,30.0,24.0,INR,CMRL,2021-02-22,CMRL_OFFICIAL
FARE_CMRL_METRO_WIMCO_NAGAR_6738_TO_METRO_MANNADI,METRO_WIMCO_NAGAR_6738,METRO_MANNADI,Wimco Nagar,Mannadi,WIMCO NAGAR,MANNADI,30.0,24.0,INR,CMRL,2021-02-22,CMRL_OFFICIAL
FARE_CMRL_METRO_WIMCO_NAGAR_6738_TO_METRO_WASHERMENPET,METRO_WIMCO_NAGAR_6738,METRO_WASHERMENPET,Wimco Nagar,Washermenpet,WIMCO NAGAR,WASHERMENPET,30.0,24.0,INR,CMRL,2021-02-22,CMRL_OFFICIAL
FARE_CMRL_METRO_WIMCO_NAGAR_6738_TO_METRO_SIR_THIYAGARAYA_COLLEGE,METRO_WIMCO_NAGAR_6738,METRO_SIR_THIYAGARAYA_COLLEGE,Wimco Nagar,Sir Theagaraya College,WIMCO NAGAR,THYAGARAYA COLLEGE,30.0,24.0,INR,CMRL,2021-02-22,CMRL_OFFICIAL
FARE_CMRL_METRO_WIMCO_NAGAR_6738_TO_METRO_TONDIARPET,METRO_WIMCO_NAGAR_6738,METRO_TONDIARPET,Wimco Nagar,Tondiarpet,WIMCO NAGAR,TONDIARPET,30.0,24.0,INR,CMRL,2021-02-22,CMRL_OFFICIAL
FARE_CMRL_METRO_WIMCO_NAGAR_6738_TO_METRO_NEW_WASHERMENPET,METRO_WIMCO_NAGAR_6738,METRO_NEW_WASHERMENPET,Wimco Nagar,New Washermenpet,WIMCO NAGAR,NEW WASHERMENPET,30.0,24.0,INR,CMRL,2021-02-22,CMRL_OFFICIAL
FARE_CMRL_METRO_WIMCO_NAGAR_6738_TO_METRO_TOLLGATE,METRO_WIMCO_NAGAR_6738,METRO_TOLLGATE,Wimco Nagar,Tollgate,WIMCO NAGAR,TOLL GATE,20.0,16.0,INR,CMRL,2021-02-22,CMRL_OFFICIAL
FARE_CMRL_METRO_WIMCO_NAGAR_6738_TO_METRO_KALADIPET,METRO_WIMCO_NAGAR_6738,METRO_KALADIPET,Wimco Nagar,Kaladipet,WIMCO NAGAR,KALADIPET,20.0,16.0,INR,CMRL,2021-02-22,CMRL_OFFICIAL
FARE_CMRL_METRO_WIMCO_NAGAR_6738_TO_METRO_THIRUVOTTRIYUR_THERADI,METRO_WIMCO_NAGAR_6738,METRO_THIRUVOTTRIYUR_THERADI,Wimco Nagar,Thiruvottiyur Theradi,WIMCO NAGAR,THIRUVOTRIYUR THEREDI,20.0,16.0,INR,CMRL,2021-02-22,CMRL_OFFICIAL
FARE_CMRL_METRO_WIMCO_NAGAR_6738_TO_METRO_THIRUVOTRIYUR,METRO_WIMCO_NAGAR_6738,METRO_THIRUVOTRIYUR,Wimco Nagar,Thiruvottriyur,WIMCO NAGAR,THIRUVOTRIYUR,10.0,8.0,INR,CMRL,2021-02-22,CMRL_OFFICIAL
FARE_CMRL_METRO_WIMCO_NAGAR_6738_TO_METRO_WIMCO_NAGAR_6738,METRO_WIMCO_NAGAR_6738,METRO_WIMCO_NAGAR_6738,Wimco Nagar,Wimco Nagar,WIMCO NAGAR,WIMCO NAGAR,0.0,0.0,INR,CMRL,2021-02-22,CMRL_OFFICIAL
FARE_CMRL_METRO_WIMCO_NAGAR_6738_TO_METRO_WIMCO_NAGAR,METRO_WIMCO_NAGAR_6738,METRO_WIMCO_NAGAR,Wimco Nagar,Wimco Nagar Depot,WIMCO NAGAR,WIMCO NAGAR DEPOT,10.0,8.0,INR,CMRL,2021-02-22,CMRL_OFFICIAL
FARE_CMRL_METRO_WIMCO_NAGAR_6738_TO_METRO_EKKATTUTHANGAL,METRO_WIMCO_NAGAR_6738,METRO_EKKATTUTHANGAL,Wimco Nagar,Ekkattuthangal,WIMCO NAGAR,EKKATTUTHANGAL,50.0,40.0,INR,CMRL,2021-02-22,CMRL_OFFICIAL
FARE_CMRL_METRO_WIMCO_NAGAR_6738_TO_METRO_ASHOK_NAGAR,METRO_WIMCO_NAGAR_6738,METRO_ASHOK_NAGAR,Wimco Nagar,Ashok Nagar,WIMCO NAGAR,ASHOK NAGAR,50.0,40.0,INR,CMRL,2021-02-22,CMRL_OFFICIAL
FARE_CMRL_METRO_WIMCO_NAGAR_6738_TO_METRO_VADAPALANI,METRO_WIMCO_NAGAR_6738,METRO_VADAPALANI,Wimco Nagar,Vadapalani,WIMCO NAGAR,VADAPALANI,50.0,40.0,INR,CMRL,2021-02-22,CMRL_OFFICIAL
FARE_CMRL_METRO_WIMCO_NAGAR_6738_TO_METRO_ARUMBAKKAM,METRO_WIMCO_NAGAR_6738,METRO_ARUMBAKKAM,Wimco Nagar,Arumbakkam,WIMCO NAGAR,ARUMBAKKAM,50.0,40.0,INR,CMRL,2021-02-22,CMRL_OFFICIAL
FARE_CMRL_METRO_WIMCO_NAGAR_6738_TO_METRO_PURATCHI_THALAIVI_DR_J_JAYALALITHAA_CMBT,METRO_WIMCO_NAGAR_6738,METRO_PURATCHI_THALAIVI_DR_J_JAYALALITHAA_CMBT,Wimco Nagar,Puratchi Thalaivi Dr.J.Jayalalithaa CMBT Metro,WIMCO NAGAR,PURATCHI THALAIVI DR.J.JAYALALITHAA CMBT METRO,50.0,40.0,INR,CMRL,2021-02-22,CMRL_OFFICIAL
FARE_CMRL_METRO_WIMCO_NAGAR_6738_TO_METRO_KOYAMBEDU,METRO_WIMCO_NAGAR_6738,METRO_KOYAMBEDU,Wimco Nagar,Koyambedu,WIMCO NAGAR,KOYAMBEDU,50.0,40.0,INR,CMRL,2021-02-22,CMRL_OFFICIAL
FARE_CMRL_METRO_WIMCO_NAGAR_6738_TO_METRO_THIRUMANGALAM,METRO_WIMCO_NAGAR_6738,METRO_THIRUMANGALAM,Wimco Nagar,Thirumangalam,WIMCO NAGAR,THIRUMANGALAM,50.0,40.0,INR,CMRL,2021-02-22,CMRL_OFFICIAL
FARE_CMRL_METRO_WIMCO_NAGAR_6738_TO_METRO_ANNA_NAGAR_TOWER,METRO_WIMCO_NAGAR_6738,METRO_ANNA_NAGAR_TOWER,Wimco Nagar,Anna Nagar Tower,WIMCO NAGAR,ANNA NAGAR TOWER,40.0,32.0,INR,CMRL,2021-02-22,CMRL_OFFICIAL
FARE_CMRL_METRO_WIMCO_NAGAR_6738_TO_METRO_ANNA_NAGAR_EAST,METRO_WIMCO_NAGAR_6738,METRO_ANNA_NAGAR_EAST,Wimco Nagar,Anna Nagar East,WIMCO NAGAR,ANNA NAGAR EAST,40.0,32.0,INR,CMRL,2021-02-22,CMRL_OFFICIAL
FARE_CMRL_METRO_WIMCO_NAGAR_6738_TO_METRO_SHENOY_NAGAR,METRO_WIMCO_NAGAR_6738,METRO_SHENOY_NAGAR,Wimco Nagar,Shenoy Nagar,WIMCO NAGAR,SHENOY NAGAR,40.0,32.0,INR,CMRL,2021-02-22,CMRL_OFFICIAL
FARE_CMRL_METRO_WIMCO_NAGAR_6738_TO_METRO_PACHAIYAPPA_S_COLLEGE,METRO_WIMCO_NAGAR_6738,METRO_PACHAIYAPPA_S_COLLEGE,Wimco Nagar,Pachaiyappa's College,WIMCO NAGAR,PACHIAPPAS COLLEGE,40.0,32.0,INR,CMRL,2021-02-22,CMRL_OFFICIAL
FARE_CMRL_METRO_WIMCO_NAGAR_6738_TO_METRO_KILPAUK,METRO_WIMCO_NAGAR_6738,METRO_KILPAUK,Wimco Nagar,Kilpauk,WIMCO NAGAR,KILPAUK,40.0,32.0,INR,CMRL,2021-02-22,CMRL_OFFICIAL
FARE_CMRL_METRO_WIMCO_NAGAR_6738_TO_METRO_NEHRU_PARK,METRO_WIMCO_NAGAR_6738,METRO_NEHRU_PARK,Wimco Nagar,Nehru Park,WIMCO NAGAR,NEHRU PARK,40.0,32.0,INR,CMRL,2021-02-22,CMRL_OFFICIAL
FARE_CMRL_METRO_WIMCO_NAGAR_6738_TO_METRO_EGMORE,METRO_WIMCO_NAGAR_6738,METRO_EGMORE,Wimco Nagar,Egmore,WIMCO NAGAR,EGMORE,40.0,32.0,INR,CMRL,2021-02-22,CMRL_OFFICIAL
FARE_CMRL_METRO_WIMCO_NAGAR_6738_TO_METRO_ST__THOMAS_MOUNT,METRO_WIMCO_NAGAR_6738,METRO_ST__THOMAS_MOUNT,Wimco Nagar,St. Thomas Mount,WIMCO NAGAR,ST. THOMAS MOUNT,50.0,40.0,INR,CMRL,2021-02-22,CMRL_OFFICIAL
FARE_CMRL_METRO_WIMCO_NAGAR_TO_METRO_CHENNAI_INTERNATIONAL_AIRPORT,METRO_WIMCO_NAGAR,METRO_CHENNAI_INTERNATIONAL_AIRPORT,Wimco Nagar Depot,Chennai International Airport,WIMCO NAGAR DEPOT,AIRPORT,50.0,40.0,INR,CMRL,2021-02-22,CMRL_OFFICIAL
FARE_CMRL_METRO_WIMCO_NAGAR_TO_METRO_MEENAMBAKKAM,METRO_WIMCO_NAGAR,METRO_MEENAMBAKKAM,Wimco Nagar Depot,Meenambakkam,WIMCO NAGAR DEPOT,MEENAMBAKKAM,50.0,40.0,INR,CMRL,2021-02-22,CMRL_OFFICIAL
FARE_CMRL_METRO_WIMCO_NAGAR_TO_METRO_OTA_NANGANALLUR_ROAD,METRO_WIMCO_NAGAR,METRO_OTA_NANGANALLUR_ROAD,Wimco Nagar Depot,OTA-Nanganallur Road,WIMCO NAGAR DEPOT,NANGANALLUR ROAD,50.0,40.0,INR,CMRL,2021-02-22,CMRL_OFFICIAL
FARE_CMRL_METRO_WIMCO_NAGAR_TO_METRO_ARIGNAR_ANNA_ALANDUR,METRO_WIMCO_NAGAR,METRO_ARIGNAR_ANNA_ALANDUR,Wimco Nagar Depot,Arignar Anna Alandur Metro,WIMCO NAGAR DEPOT,ARIGNAR ANNA ALANDUR METRO,50.0,40.0,INR,CMRL,2021-02-22,CMRL_OFFICIAL
FARE_CMRL_METRO_WIMCO_NAGAR_TO_METRO_GUINDY,METRO_WIMCO_NAGAR,METRO_GUINDY,Wimco Nagar Depot,Guindy,WIMCO NAGAR DEPOT,GUINDY,50.0,40.0,INR,CMRL,2021-02-22,CMRL_OFFICIAL
FARE_CMRL_METRO_WIMCO_NAGAR_TO_METRO_LITTLE_MOUNT,METRO_WIMCO_NAGAR,METRO_LITTLE_MOUNT,Wimco Nagar Depot,Little Mount,WIMCO NAGAR DEPOT,LITTLE MOUNT,50.0,40.0,INR,CMRL,2021-02-22,CMRL_OFFICIAL
FARE_CMRL_METRO_WIMCO_NAGAR_TO_METRO_SAIDAPET,METRO_WIMCO_NAGAR,METRO_SAIDAPET,Wimco Nagar Depot,Saidapet Metro,WIMCO NAGAR DEPOT,SAIDAPET,50.0,40.0,INR,CMRL,2021-02-22,CMRL_OFFICIAL
FARE_CMRL_METRO_WIMCO_NAGAR_TO_METRO_NANDANAM,METRO_WIMCO_NAGAR,METRO_NANDANAM,Wimco Nagar Depot,Nandanam,WIMCO NAGAR DEPOT,NANDANAM,40.0,32.0,INR,CMRL,2021-02-22,CMRL_OFFICIAL
FARE_CMRL_METRO_WIMCO_NAGAR_TO_METRO_TEYNAMPET,METRO_WIMCO_NAGAR,METRO_TEYNAMPET,Wimco Nagar Depot,Teynampet,WIMCO NAGAR DEPOT,TEYNAMPET,40.0,32.0,INR,CMRL,2021-02-22,CMRL_OFFICIAL
FARE_CMRL_METRO_WIMCO_NAGAR_TO_METRO_AG___8211__DMS,METRO_WIMCO_NAGAR,METRO_AG___8211__DMS,Wimco Nagar Depot,AG – DMS,WIMCO NAGAR DEPOT,AG-DMS,40.0,32.0,INR,CMRL,2021-02-22,CMRL_OFFICIAL
FARE_CMRL_METRO_WIMCO_NAGAR_TO_METRO_THOUSAND_LIGHTS,METRO_WIMCO_NAGAR,METRO_THOUSAND_LIGHTS,Wimco Nagar Depot,Thousand Lights,WIMCO NAGAR DEPOT,THOUSAND LIGHTS,40.0,32.0,INR,CMRL,2021-02-22,CMRL_OFFICIAL
FARE_CMRL_METRO_WIMCO_NAGAR_TO_METRO_LIC,METRO_WIMCO_NAGAR,METRO_LIC,Wimco Nagar Depot,LIC,WIMCO NAGAR DEPOT,LIC,40.0,32.0,INR,CMRL,2021-02-22,CMRL_OFFICIAL
FARE_CMRL_METRO_WIMCO_NAGAR_TO_METRO_GOVERNMENT_ESTATE,METRO_WIMCO_NAGAR,METRO_GOVERNMENT_ESTATE,Wimco Nagar Depot,Government Estate,WIMCO NAGAR DEPOT,GOVERNMENT ESTATE,40.0,32.0,INR,CMRL,2021-02-22,CMRL_OFFICIAL
FARE_CMRL_METRO_WIMCO_NAGAR_TO_METRO_PURATCHI_THALAIVAR_DR__M_G_RAMACHANDRAN_CENTRAL,METRO_WIMCO_NAGAR,METRO_PURATCHI_THALAIVAR_DR__M_G_RAMACHANDRAN_CENTRAL,Wimco Nagar Depot,Puratchi Thalaivar Dr. M.G.Ramachandran Central Metro,WIMCO NAGAR DEPOT,PURATCHI THALAIVAR DR.M.G.RAMACHANDRAN CENTRAL METRO,40.0,32.0,INR,CMRL,2021-02-22,CMRL_OFFICIAL
FARE_CMRL_METRO_WIMCO_NAGAR_TO_METRO_HIGHCOURT,METRO_WIMCO_NAGAR,METRO_HIGHCOURT,Wimco Nagar Depot,Highcourt,WIMCO NAGAR DEPOT,HIGH COURT,30.0,24.0,INR,CMRL,2021-02-22,CMRL_OFFICIAL
FARE_CMRL_METRO_WIMCO_NAGAR_TO_METRO_MANNADI,METRO_WIMCO_NAGAR,METRO_MANNADI,Wimco Nagar Depot,Mannadi,WIMCO NAGAR DEPOT,MANNADI,30.0,24.0,INR,CMRL,2021-02-22,CMRL_OFFICIAL
FARE_CMRL_METRO_WIMCO_NAGAR_TO_METRO_WASHERMENPET,METRO_WIMCO_NAGAR,METRO_WASHERMENPET,Wimco Nagar Depot,Washermenpet,WIMCO NAGAR DEPOT,WASHERMENPET,30.0,24.0,INR,CMRL,2021-02-22,CMRL_OFFICIAL
FARE_CMRL_METRO_WIMCO_NAGAR_TO_METRO_SIR_THIYAGARAYA_COLLEGE,METRO_WIMCO_NAGAR,METRO_SIR_THIYAGARAYA_COLLEGE,Wimco Nagar Depot,Sir Theagaraya College,WIMCO NAGAR DEPOT,THYAGARAYA COLLEGE,30.0,24.0,INR,CMRL,2021-02-22,CMRL_OFFICIAL
FARE_CMRL_METRO_WIMCO_NAGAR_TO_METRO_TONDIARPET,METRO_WIMCO_NAGAR,METRO_TONDIARPET,Wimco Nagar Depot,Tondiarpet,WIMCO NAGAR DEPOT,TONDIARPET,30.0,24.0,INR,CMRL,2021-02-22,CMRL_OFFICIAL
FARE_CMRL_METRO_WIMCO_NAGAR_TO_METRO_NEW_WASHERMENPET,METRO_WIMCO_NAGAR,METRO_NEW_WASHERMENPET,Wimco Nagar Depot,New Washermenpet,WIMCO NAGAR DEPOT,NEW WASHERMENPET,30.0,24.0,INR,CMRL,2021-02-22,CMRL_OFFICIAL
FARE_CMRL_METRO_WIMCO_NAGAR_TO_METRO_TOLLGATE,METRO_WIMCO_NAGAR,METRO_TOLLGATE,Wimco Nagar Depot,Tollgate,WIMCO NAGAR DEPOT,TOLL GATE,20.0,16.0,INR,CMRL,2021-02-22,CMRL_OFFICIAL
FARE_CMRL_METRO_WIMCO_NAGAR_TO_METRO_KALADIPET,METRO_WIMCO_NAGAR,METRO_KALADIPET,Wimco Nagar Depot,Kaladipet,WIMCO NAGAR DEPOT,KALADIPET,20.0,16.0,INR,CMRL,2021-02-22,CMRL_OFFICIAL
FARE_CMRL_METRO_WIMCO_NAGAR_TO_METRO_THIRUVOTTRIYUR_THERADI,METRO_WIMCO_NAGAR,METRO_THIRUVOTTRIYUR_THERADI,Wimco Nagar Depot,Thiruvottiyur Theradi,WIMCO NAGAR DEPOT,THIRUVOTRIYUR THEREDI,20.0,16.0,INR,CMRL,2021-02-22,CMRL_OFFICIAL
FARE_CMRL_METRO_WIMCO_NAGAR_TO_METRO_THIRUVOTRIYUR,METRO_WIMCO_NAGAR,METRO_THIRUVOTRIYUR,Wimco Nagar Depot,Thiruvottriyur,WIMCO NAGAR DEPOT,THIRUVOTRIYUR,10.0,8.0,INR,CMRL,2021-02-22,CMRL_OFFICIAL
FARE_CMRL_METRO_WIMCO_NAGAR_TO_METRO_WIMCO_NAGAR_6738,METRO_WIMCO_NAGAR,METRO_WIMCO_NAGAR_6738,Wimco Nagar Depot,Wimco Nagar,WIMCO NAGAR DEPOT,WIMCO NAGAR,10.0,8.0,INR,CMRL,2021-02-22,CMRL_OFFICIAL
FARE_CMRL_METRO_WIMCO_NAGAR_TO_METRO_WIMCO_NAGAR,METRO_WIMCO_NAGAR,METRO_WIMCO_NAGAR,Wimco Nagar Depot,Wimco Nagar Depot,WIMCO NAGAR DEPOT,WIMCO NAGAR DEPOT,0.0,0.0,INR,CMRL,2021-02-22,CMRL_OFFICIAL
FARE_CMRL_METRO_WIMCO_NAGAR_TO_METRO_EKKATTUTHANGAL,METRO_WIMCO_NAGAR,METRO_EKKATTUTHANGAL,Wimco Nagar Depot,Ekkattuthangal,WIMCO NAGAR DEPOT,EKKATTUTHANGAL,50.0,40.0,INR,CMRL,2021-02-22,CMRL_OFFICIAL
FARE_CMRL_METRO_WIMCO_NAGAR_TO_METRO_ASHOK_NAGAR,METRO_WIMCO_NAGAR,METRO_ASHOK_NAGAR,Wimco Nagar Depot,Ashok Nagar,WIMCO NAGAR DEPOT,ASHOK NAGAR,50.0,40.0,INR,CMRL,2021-02-22,CMRL_OFFICIAL
FARE_CMRL_METRO_WIMCO_NAGAR_TO_METRO_VADAPALANI,METRO_WIMCO_NAGAR,METRO_VADAPALANI,Wimco Nagar Depot,Vadapalani,WIMCO NAGAR DEPOT,VADAPALANI,50.0,40.0,INR,CMRL,2021-02-22,CMRL_OFFICIAL
FARE_CMRL_METRO_WIMCO_NAGAR_TO_METRO_ARUMBAKKAM,METRO_WIMCO_NAGAR,METRO_ARUMBAKKAM,Wimco Nagar Depot,Arumbakkam,WIMCO NAGAR DEPOT,ARUMBAKKAM,50.0,40.0,INR,CMRL,2021-02-22,CMRL_OFFICIAL
FARE_CMRL_METRO_WIMCO_NAGAR_TO_METRO_PURATCHI_THALAIVI_DR_J_JAYALALITHAA_CMBT,METRO_WIMCO_NAGAR,METRO_PURATCHI_THALAIVI_DR_J_JAYALALITHAA_CMBT,Wimco Nagar Depot,Puratchi Thalaivi Dr.J.Jayalalithaa CMBT Metro,WIMCO NAGAR DEPOT,PURATCHI THALAIVI DR.J.JAYALALITHAA CMBT METRO,50.0,40.0,INR,CMRL,2021-02-22,CMRL_OFFICIAL
FARE_CMRL_METRO_WIMCO_NAGAR_TO_METRO_KOYAMBEDU,METRO_WIMCO_NAGAR,METRO_KOYAMBEDU,Wimco Nagar Depot,Koyambedu,WIMCO NAGAR DEPOT,KOYAMBEDU,50.0,40.0,INR,CMRL,2021-02-22,CMRL_OFFICIAL
FARE_CMRL_METRO_WIMCO_NAGAR_TO_METRO_THIRUMANGALAM,METRO_WIMCO_NAGAR,METRO_THIRUMANGALAM,Wimco Nagar Depot,Thirumangalam,WIMCO NAGAR DEPOT,THIRUMANGALAM,50.0,40.0,INR,CMRL,2021-02-22,CMRL_OFFICIAL
FARE_CMRL_METRO_WIMCO_NAGAR_TO_METRO_ANNA_NAGAR_TOWER,METRO_WIMCO_NAGAR,METRO_ANNA_NAGAR_TOWER,Wimco Nagar Depot,Anna Nagar Tower,WIMCO NAGAR DEPOT,ANNA NAGAR TOWER,50.0,40.0,INR,CMRL,2021-02-22,CMRL_OFFICIAL
FARE_CMRL_METRO_WIMCO_NAGAR_TO_METRO_ANNA_NAGAR_EAST,METRO_WIMCO_NAGAR,METRO_ANNA_NAGAR_EAST,Wimco Nagar Depot,Anna Nagar East,WIMCO NAGAR DEPOT,ANNA NAGAR EAST,40.0,32.0,INR,CMRL,2021-02-22,CMRL_OFFICIAL
FARE_CMRL_METRO_WIMCO_NAGAR_TO_METRO_SHENOY_NAGAR,METRO_WIMCO_NAGAR,METRO_SHENOY_NAGAR,Wimco Nagar Depot,Shenoy Nagar,WIMCO NAGAR DEPOT,SHENOY NAGAR,40.0,32.0,INR,CMRL,2021-02-22,CMRL_OFFICIAL
FARE_CMRL_METRO_WIMCO_NAGAR_TO_METRO_PACHAIYAPPA_S_COLLEGE,METRO_WIMCO_NAGAR,METRO_PACHAIYAPPA_S_COLLEGE,Wimco Nagar Depot,Pachaiyappa's College,WIMCO NAGAR DEPOT,PACHIAPPAS COLLEGE,40.0,32.0,INR,CMRL,2021-02-22,CMRL_OFFICIAL
FARE_CMRL_METRO_WIMCO_NAGAR_TO_METRO_KILPAUK,METRO_WIMCO_NAGAR,METRO_KILPAUK,Wimco Nagar Depot,Kilpauk,WIMCO NAGAR DEPOT,KILPAUK,40.0,32.0,INR,CMRL,2021-02-22,CMRL_OFFICIAL
FARE_CMRL_METRO_WIMCO_NAGAR_TO_METRO_NEHRU_PARK,METRO_WIMCO_NAGAR,METRO_NEHRU_PARK,Wimco Nagar Depot,Nehru Park,WIMCO NAGAR DEPOT,NEHRU PARK,40.0,32.0,INR,CMRL,2021-02-22,CMRL_OFFICIAL
FARE_CMRL_METRO_WIMCO_NAGAR_TO_METRO_EGMORE,METRO_WIMCO_NAGAR,METRO_EGMORE,Wimco Nagar Depot,Egmore,WIMCO NAGAR DEPOT,EGMORE,40.0,32.0,INR,CMRL,2021-02-22,CMRL_OFFICIAL
FARE_CMRL_METRO_WIMCO_NAGAR_TO_METRO_ST__THOMAS_MOUNT,METRO_WIMCO_NAGAR,METRO_ST__THOMAS_MOUNT,Wimco Nagar Depot,St. Thomas Mount,WIMCO NAGAR DEPOT,ST. THOMAS MOUNT,50.0,40.0,INR,CMRL,2021-02-22,CMRL_OFFICIAL
FARE_CMRL_METRO_EKKATTUTHANGAL_TO_METRO_CHENNAI_INTERNATIONAL_AIRPORT,METRO_EKKATTUTHANGAL,METRO_CHENNAI_INTERNATIONAL_AIRPORT,Ekkattuthangal,Chennai International Airport,EKKATTUTHANGAL,AIRPORT,30.0,24.0,INR,CMRL,2021-02-22,CMRL_OFFICIAL
FARE_CMRL_METRO_EKKATTUTHANGAL_TO_METRO_MEENAMBAKKAM,METRO_EKKATTUTHANGAL,METRO_MEENAMBAKKAM,Ekkattuthangal,Meenambakkam,EKKATTUTHANGAL,MEENAMBAKKAM,20.0,16.0,INR,CMRL,2021-02-22,CMRL_OFFICIAL
FARE_CMRL_METRO_EKKATTUTHANGAL_TO_METRO_OTA_NANGANALLUR_ROAD,METRO_EKKATTUTHANGAL,METRO_OTA_NANGANALLUR_ROAD,Ekkattuthangal,OTA-Nanganallur Road,EKKATTUTHANGAL,NANGANALLUR ROAD,20.0,16.0,INR,CMRL,2021-02-22,CMRL_OFFICIAL
FARE_CMRL_METRO_EKKATTUTHANGAL_TO_METRO_ARIGNAR_ANNA_ALANDUR,METRO_EKKATTUTHANGAL,METRO_ARIGNAR_ANNA_ALANDUR,Ekkattuthangal,Arignar Anna Alandur Metro,EKKATTUTHANGAL,ARIGNAR ANNA ALANDUR METRO,10.0,8.0,INR,CMRL,2021-02-22,CMRL_OFFICIAL
FARE_CMRL_METRO_EKKATTUTHANGAL_TO_METRO_GUINDY,METRO_EKKATTUTHANGAL,METRO_GUINDY,Ekkattuthangal,Guindy,EKKATTUTHANGAL,GUINDY,20.0,16.0,INR,CMRL,2021-02-22,CMRL_OFFICIAL
FARE_CMRL_METRO_EKKATTUTHANGAL_TO_METRO_LITTLE_MOUNT,METRO_EKKATTUTHANGAL,METRO_LITTLE_MOUNT,Ekkattuthangal,Little Mount,EKKATTUTHANGAL,LITTLE MOUNT,20.0,16.0,INR,CMRL,2021-02-22,CMRL_OFFICIAL
FARE_CMRL_METRO_EKKATTUTHANGAL_TO_METRO_SAIDAPET,METRO_EKKATTUTHANGAL,METRO_SAIDAPET,Ekkattuthangal,Saidapet Metro,EKKATTUTHANGAL,SAIDAPET,30.0,24.0,INR,CMRL,2021-02-22,CMRL_OFFICIAL
FARE_CMRL_METRO_EKKATTUTHANGAL_TO_METRO_NANDANAM,METRO_EKKATTUTHANGAL,METRO_NANDANAM,Ekkattuthangal,Nandanam,EKKATTUTHANGAL,NANDANAM,30.0,24.0,INR,CMRL,2021-02-22,CMRL_OFFICIAL
FARE_CMRL_METRO_EKKATTUTHANGAL_TO_METRO_TEYNAMPET,METRO_EKKATTUTHANGAL,METRO_TEYNAMPET,Ekkattuthangal,Teynampet,EKKATTUTHANGAL,TEYNAMPET,30.0,24.0,INR,CMRL,2021-02-22,CMRL_OFFICIAL
FARE_CMRL_METRO_EKKATTUTHANGAL_TO_METRO_AG___8211__DMS,METRO_EKKATTUTHANGAL,METRO_AG___8211__DMS,Ekkattuthangal,AG – DMS,EKKATTUTHANGAL,AG-DMS,30.0,24.0,INR,CMRL,2021-02-22,CMRL_OFFICIAL
FARE_CMRL_METRO_EKKATTUTHANGAL_TO_METRO_THOUSAND_LIGHTS,METRO_EKKATTUTHANGAL,METRO_THOUSAND_LIGHTS,Ekkattuthangal,Thousand Lights,EKKATTUTHANGAL,THOUSAND LIGHTS,30.0,24.0,INR,CMRL,2021-02-22,CMRL_OFFICIAL
FARE_CMRL_METRO_EKKATTUTHANGAL_TO_METRO_LIC,METRO_EKKATTUTHANGAL,METRO_LIC,Ekkattuthangal,LIC,EKKATTUTHANGAL,LIC,30.0,24.0,INR,CMRL,2021-02-22,CMRL_OFFICIAL
FARE_CMRL_METRO_EKKATTUTHANGAL_TO_METRO_GOVERNMENT_ESTATE,METRO_EKKATTUTHANGAL,METRO_GOVERNMENT_ESTATE,Ekkattuthangal,Government Estate,EKKATTUTHANGAL,GOVERNMENT ESTATE,40.0,32.0,INR,CMRL,2021-02-22,CMRL_OFFICIAL
FARE_CMRL_METRO_EKKATTUTHANGAL_TO_METRO_PURATCHI_THALAIVAR_DR__M_G_RAMACHANDRAN_CENTRAL,METRO_EKKATTUTHANGAL,METRO_PURATCHI_THALAIVAR_DR__M_G_RAMACHANDRAN_CENTRAL,Ekkattuthangal,Puratchi Thalaivar Dr. M.G.Ramachandran Central Metro,EKKATTUTHANGAL,PURATCHI THALAIVAR DR.M.G.RAMACHANDRAN CENTRAL METRO,40.0,32.0,INR,CMRL,2021-02-22,CMRL_OFFICIAL
FARE_CMRL_METRO_EKKATTUTHANGAL_TO_METRO_HIGHCOURT,METRO_EKKATTUTHANGAL,METRO_HIGHCOURT,Ekkattuthangal,Highcourt,EKKATTUTHANGAL,HIGH COURT,40.0,32.0,INR,CMRL,2021-02-22,CMRL_OFFICIAL
FARE_CMRL_METRO_EKKATTUTHANGAL_TO_METRO_MANNADI,METRO_EKKATTUTHANGAL,METRO_MANNADI,Ekkattuthangal,Mannadi,EKKATTUTHANGAL,MANNADI,40.0,32.0,INR,CMRL,2021-02-22,CMRL_OFFICIAL
FARE_CMRL_METRO_EKKATTUTHANGAL_TO_METRO_WASHERMENPET,METRO_EKKATTUTHANGAL,METRO_WASHERMENPET,Ekkattuthangal,Washermenpet,EKKATTUTHANGAL,WASHERMENPET,40.0,32.0,INR,CMRL,2021-02-22,CMRL_OFFICIAL
FARE_CMRL_METRO_EKKATTUTHANGAL_TO_METRO_SIR_THIYAGARAYA_COLLEGE,METRO_EKKATTUTHANGAL,METRO_SIR_THIYAGARAYA_COLLEGE,Ekkattuthangal,Sir Theagaraya College,EKKATTUTHANGAL,THYAGARAYA COLLEGE,40.0,32.0,INR,CMRL,2021-02-22,CMRL_OFFICIAL
FARE_CMRL_METRO_EKKATTUTHANGAL_TO_METRO_TONDIARPET,METRO_EKKATTUTHANGAL,METRO_TONDIARPET,Ekkattuthangal,Tondiarpet,EKKATTUTHANGAL,TONDIARPET,40.0,32.0,INR,CMRL,2021-02-22,CMRL_OFFICIAL
FARE_CMRL_METRO_EKKATTUTHANGAL_TO_METRO_NEW_WASHERMENPET,METRO_EKKATTUTHANGAL,METRO_NEW_WASHERMENPET,Ekkattuthangal,New Washermenpet,EKKATTUTHANGAL,NEW WASHERMENPET,50.0,40.0,INR,CMRL,2021-02-22,CMRL_OFFICIAL
FARE_CMRL_METRO_EKKATTUTHANGAL_TO_METRO_TOLLGATE,METRO_EKKATTUTHANGAL,METRO_TOLLGATE,Ekkattuthangal,Tollgate,EKKATTUTHANGAL,TOLL GATE,50.0,40.0,INR,CMRL,2021-02-22,CMRL_OFFICIAL
FARE_CMRL_METRO_EKKATTUTHANGAL_TO_METRO_KALADIPET,METRO_EKKATTUTHANGAL,METRO_KALADIPET,Ekkattuthangal,Kaladipet,EKKATTUTHANGAL,KALADIPET,50.0,40.0,INR,CMRL,2021-02-22,CMRL_OFFICIAL
FARE_CMRL_METRO_EKKATTUTHANGAL_TO_METRO_THIRUVOTTRIYUR_THERADI,METRO_EKKATTUTHANGAL,METRO_THIRUVOTTRIYUR_THERADI,Ekkattuthangal,Thiruvottiyur Theradi,EKKATTUTHANGAL,THIRUVOTRIYUR THEREDI,50.0,40.0,INR,CMRL,2021-02-22,CMRL_OFFICIAL
FARE_CMRL_METRO_EKKATTUTHANGAL_TO_METRO_THIRUVOTRIYUR,METRO_EKKATTUTHANGAL,METRO_THIRUVOTRIYUR,Ekkattuthangal,Thiruvottriyur,EKKATTUTHANGAL,THIRUVOTRIYUR,50.0,40.0,INR,CMRL,2021-02-22,CMRL_OFFICIAL
FARE_CMRL_METRO_EKKATTUTHANGAL_TO_METRO_WIMCO_NAGAR_6738,METRO_EKKATTUTHANGAL,METRO_WIMCO_NAGAR_6738,Ekkattuthangal,Wimco Nagar,EKKATTUTHANGAL,WIMCO NAGAR,50.0,40.0,INR,CMRL,2021-02-22,CMRL_OFFICIAL
FARE_CMRL_METRO_EKKATTUTHANGAL_TO_METRO_WIMCO_NAGAR,METRO_EKKATTUTHANGAL,METRO_WIMCO_NAGAR,Ekkattuthangal,Wimco Nagar Depot,EKKATTUTHANGAL,WIMCO NAGAR DEPOT,50.0,40.0,INR,CMRL,2021-02-22,CMRL_OFFICIAL
FARE_CMRL_METRO_EKKATTUTHANGAL_TO_METRO_EKKATTUTHANGAL,METRO_EKKATTUTHANGAL,METRO_EKKATTUTHANGAL,Ekkattuthangal,Ekkattuthangal,EKKATTUTHANGAL,EKKATTUTHANGAL,0.0,0.0,INR,CMRL,2021-02-22,CMRL_OFFICIAL
FARE_CMRL_METRO_EKKATTUTHANGAL_TO_METRO_ASHOK_NAGAR,METRO_EKKATTUTHANGAL,METRO_ASHOK_NAGAR,Ekkattuthangal,Ashok Nagar,EKKATTUTHANGAL,ASHOK NAGAR,20.0,16.0,INR,CMRL,2021-02-22,CMRL_OFFICIAL
FARE_CMRL_METRO_EKKATTUTHANGAL_TO_METRO_VADAPALANI,METRO_EKKATTUTHANGAL,METRO_VADAPALANI,Ekkattuthangal,Vadapalani,EKKATTUTHANGAL,VADAPALANI,20.0,16.0,INR,CMRL,2021-02-22,CMRL_OFFICIAL
FARE_CMRL_METRO_EKKATTUTHANGAL_TO_METRO_ARUMBAKKAM,METRO_EKKATTUTHANGAL,METRO_ARUMBAKKAM,Ekkattuthangal,Arumbakkam,EKKATTUTHANGAL,ARUMBAKKAM,30.0,24.0,INR,CMRL,2021-02-22,CMRL_OFFICIAL
FARE_CMRL_METRO_EKKATTUTHANGAL_TO_METRO_PURATCHI_THALAIVI_DR_J_JAYALALITHAA_CMBT,METRO_EKKATTUTHANGAL,METRO_PURATCHI_THALAIVI_DR_J_JAYALALITHAA_CMBT,Ekkattuthangal,Puratchi Thalaivi Dr.J.Jayalalithaa CMBT Metro,EKKATTUTHANGAL,PURATCHI THALAIVI DR.J.JAYALALITHAA CMBT METRO,30.0,24.0,INR,CMRL,2021-02-22,CMRL_OFFICIAL
FARE_CMRL_METRO_EKKATTUTHANGAL_TO_METRO_KOYAMBEDU,METRO_EKKATTUTHANGAL,METRO_KOYAMBEDU,Ekkattuthangal,Koyambedu,EKKATTUTHANGAL,KOYAMBEDU,30.0,24.0,INR,CMRL,2021-02-22,CMRL_OFFICIAL
FARE_CMRL_METRO_EKKATTUTHANGAL_TO_METRO_THIRUMANGALAM,METRO_EKKATTUTHANGAL,METRO_THIRUMANGALAM,Ekkattuthangal,Thirumangalam,EKKATTUTHANGAL,THIRUMANGALAM,30.0,24.0,INR,CMRL,2021-02-22,CMRL_OFFICIAL
FARE_CMRL_METRO_EKKATTUTHANGAL_TO_METRO_ANNA_NAGAR_TOWER,METRO_EKKATTUTHANGAL,METRO_ANNA_NAGAR_TOWER,Ekkattuthangal,Anna Nagar Tower,EKKATTUTHANGAL,ANNA NAGAR TOWER,30.0,24.0,INR,CMRL,2021-02-22,CMRL_OFFICIAL
FARE_CMRL_METRO_EKKATTUTHANGAL_TO_METRO_ANNA_NAGAR_EAST,METRO_EKKATTUTHANGAL,METRO_ANNA_NAGAR_EAST,Ekkattuthangal,Anna Nagar East,EKKATTUTHANGAL,ANNA NAGAR EAST,30.0,24.0,INR,CMRL,2021-02-22,CMRL_OFFICIAL
FARE_CMRL_METRO_EKKATTUTHANGAL_TO_METRO_SHENOY_NAGAR,METRO_EKKATTUTHANGAL,METRO_SHENOY_NAGAR,Ekkattuthangal,Shenoy Nagar,EKKATTUTHANGAL,SHENOY NAGAR,40.0,32.0,INR,CMRL,2021-02-22,CMRL_OFFICIAL
FARE_CMRL_METRO_EKKATTUTHANGAL_TO_METRO_PACHAIYAPPA_S_COLLEGE,METRO_EKKATTUTHANGAL,METRO_PACHAIYAPPA_S_COLLEGE,Ekkattuthangal,Pachaiyappa's College,EKKATTUTHANGAL,PACHIAPPAS COLLEGE,40.0,32.0,INR,CMRL,2021-02-22,CMRL_OFFICIAL
FARE_CMRL_METRO_EKKATTUTHANGAL_TO_METRO_KILPAUK,METRO_EKKATTUTHANGAL,METRO_KILPAUK,Ekkattuthangal,Kilpauk,EKKATTUTHANGAL,KILPAUK,40.0,32.0,INR,CMRL,2021-02-22,CMRL_OFFICIAL
FARE_CMRL_METRO_EKKATTUTHANGAL_TO_METRO_NEHRU_PARK,METRO_EKKATTUTHANGAL,METRO_NEHRU_PARK,Ekkattuthangal,Nehru Park,EKKATTUTHANGAL,NEHRU PARK,40.0,32.0,INR,CMRL,2021-02-22,CMRL_OFFICIAL
FARE_CMRL_METRO_EKKATTUTHANGAL_TO_METRO_EGMORE,METRO_EKKATTUTHANGAL,METRO_EGMORE,Ekkattuthangal,Egmore,EKKATTUTHANGAL,EGMORE,40.0,32.0,INR,CMRL,2021-02-22,CMRL_OFFICIAL
FARE_CMRL_METRO_EKKATTUTHANGAL_TO_METRO_ST__THOMAS_MOUNT,METRO_EKKATTUTHANGAL,METRO_ST__THOMAS_MOUNT,Ekkattuthangal,St. Thomas Mount,EKKATTUTHANGAL,ST. THOMAS MOUNT,20.0,16.0,INR,CMRL,2021-02-22,CMRL_OFFICIAL
FARE_CMRL_METRO_ASHOK_NAGAR_TO_METRO_CHENNAI_INTERNATIONAL_AIRPORT,METRO_ASHOK_NAGAR,METRO_CHENNAI_INTERNATIONAL_AIRPORT,Ashok Nagar,Chennai International Airport,ASHOK NAGAR,AIRPORT,30.0,24.0,INR,CMRL,2021-02-22,CMRL_OFFICIAL
FARE_CMRL_METRO_ASHOK_NAGAR_TO_METRO_MEENAMBAKKAM,METRO_ASHOK_NAGAR,METRO_MEENAMBAKKAM,Ashok Nagar,Meenambakkam,ASHOK NAGAR,MEENAMBAKKAM,30.0,24.0,INR,CMRL,2021-02-22,CMRL_OFFICIAL
FARE_CMRL_METRO_ASHOK_NAGAR_TO_METRO_OTA_NANGANALLUR_ROAD,METRO_ASHOK_NAGAR,METRO_OTA_NANGANALLUR_ROAD,Ashok Nagar,OTA-Nanganallur Road,ASHOK NAGAR,NANGANALLUR ROAD,20.0,16.0,INR,CMRL,2021-02-22,CMRL_OFFICIAL
FARE_CMRL_METRO_ASHOK_NAGAR_TO_METRO_ARIGNAR_ANNA_ALANDUR,METRO_ASHOK_NAGAR,METRO_ARIGNAR_ANNA_ALANDUR,Ashok Nagar,Arignar Anna Alandur Metro,ASHOK NAGAR,ARIGNAR ANNA ALANDUR METRO,20.0,16.0,INR,CMRL,2021-02-22,CMRL_OFFICIAL
FARE_CMRL_METRO_ASHOK_NAGAR_TO_METRO_GUINDY,METRO_ASHOK_NAGAR,METRO_GUINDY,Ashok Nagar,Guindy,ASHOK NAGAR,GUINDY,20.0,16.0,INR,CMRL,2021-02-22,CMRL_OFFICIAL
FARE_CMRL_METRO_ASHOK_NAGAR_TO_METRO_LITTLE_MOUNT,METRO_ASHOK_NAGAR,METRO_LITTLE_MOUNT,Ashok Nagar,Little Mount,ASHOK NAGAR,LITTLE MOUNT,30.0,24.0,INR,CMRL,2021-02-22,CMRL_OFFICIAL
FARE_CMRL_METRO_ASHOK_NAGAR_TO_METRO_SAIDAPET,METRO_ASHOK_NAGAR,METRO_SAIDAPET,Ashok Nagar,Saidapet Metro,ASHOK NAGAR,SAIDAPET,30.0,24.0,INR,CMRL,2021-02-22,CMRL_OFFICIAL
FARE_CMRL_METRO_ASHOK_NAGAR_TO_METRO_NANDANAM,METRO_ASHOK_NAGAR,METRO_NANDANAM,Ashok Nagar,Nandanam,ASHOK NAGAR,NANDANAM,30.0,24.0,INR,CMRL,2021-02-22,CMRL_OFFICIAL
FARE_CMRL_METRO_ASHOK_NAGAR_TO_METRO_TEYNAMPET,METRO_ASHOK_NAGAR,METRO_TEYNAMPET,Ashok Nagar,Teynampet,ASHOK NAGAR,TEYNAMPET,30.0,24.0,INR,CMRL,2021-02-22,CMRL_OFFICIAL
FARE_CMRL_METRO_ASHOK_NAGAR_TO_METRO_AG___8211__DMS,METRO_ASHOK_NAGAR,METRO_AG___8211__DMS,Ashok Nagar,AG – DMS,ASHOK NAGAR,AG-DMS,30.0,24.0,INR,CMRL,2021-02-22,CMRL_OFFICIAL
FARE_CMRL_METRO_ASHOK_NAGAR_TO_METRO_THOUSAND_LIGHTS,METRO_ASHOK_NAGAR,METRO_THOUSAND_LIGHTS,Ashok Nagar,Thousand Lights,ASHOK NAGAR,THOUSAND LIGHTS,40.0,32.0,INR,CMRL,2021-02-22,CMRL_OFFICIAL
FARE_CMRL_METRO_ASHOK_NAGAR_TO_METRO_LIC,METRO_ASHOK_NAGAR,METRO_LIC,Ashok Nagar,LIC,ASHOK NAGAR,LIC,40.0,32.0,INR,CMRL,2021-02-22,CMRL_OFFICIAL
FARE_CMRL_METRO_ASHOK_NAGAR_TO_METRO_GOVERNMENT_ESTATE,METRO_ASHOK_NAGAR,METRO_GOVERNMENT_ESTATE,Ashok Nagar,Government Estate,ASHOK NAGAR,GOVERNMENT ESTATE,40.0,32.0,INR,CMRL,2021-02-22,CMRL_OFFICIAL
FARE_CMRL_METRO_ASHOK_NAGAR_TO_METRO_PURATCHI_THALAIVAR_DR__M_G_RAMACHANDRAN_CENTRAL,METRO_ASHOK_NAGAR,METRO_PURATCHI_THALAIVAR_DR__M_G_RAMACHANDRAN_CENTRAL,Ashok Nagar,Puratchi Thalaivar Dr. M.G.Ramachandran Central Metro,ASHOK NAGAR,PURATCHI THALAIVAR DR.M.G.RAMACHANDRAN CENTRAL METRO,40.0,32.0,INR,CMRL,2021-02-22,CMRL_OFFICIAL
FARE_CMRL_METRO_ASHOK_NAGAR_TO_METRO_HIGHCOURT,METRO_ASHOK_NAGAR,METRO_HIGHCOURT,Ashok Nagar,Highcourt,ASHOK NAGAR,HIGH COURT,40.0,32.0,INR,CMRL,2021-02-22,CMRL_OFFICIAL
FARE_CMRL_METRO_ASHOK_NAGAR_TO_METRO_MANNADI,METRO_ASHOK_NAGAR,METRO_MANNADI,Ashok Nagar,Mannadi,ASHOK NAGAR,MANNADI,40.0,32.0,INR,CMRL,2021-02-22,CMRL_OFFICIAL
FARE_CMRL_METRO_ASHOK_NAGAR_TO_METRO_WASHERMENPET,METRO_ASHOK_NAGAR,METRO_WASHERMENPET,Ashok Nagar,Washermenpet,ASHOK NAGAR,WASHERMENPET,40.0,32.0,INR,CMRL,2021-02-22,CMRL_OFFICIAL
FARE_CMRL_METRO_ASHOK_NAGAR_TO_METRO_SIR_THIYAGARAYA_COLLEGE,METRO_ASHOK_NAGAR,METRO_SIR_THIYAGARAYA_COLLEGE,Ashok Nagar,Sir Theagaraya College,ASHOK NAGAR,THYAGARAYA COLLEGE,50.0,40.0,INR,CMRL,2021-02-22,CMRL_OFFICIAL
FARE_CMRL_METRO_ASHOK_NAGAR_TO_METRO_TONDIARPET,METRO_ASHOK_NAGAR,METRO_TONDIARPET,Ashok Nagar,Tondiarpet,ASHOK NAGAR,TONDIARPET,50.0,40.0,INR,CMRL,2021-02-22,CMRL_OFFICIAL
FARE_CMRL_METRO_ASHOK_NAGAR_TO_METRO_NEW_WASHERMENPET,METRO_ASHOK_NAGAR,METRO_NEW_WASHERMENPET,Ashok Nagar,New Washermenpet,ASHOK NAGAR,NEW WASHERMENPET,50.0,40.0,INR,CMRL,2021-02-22,CMRL_OFFICIAL
FARE_CMRL_METRO_ASHOK_NAGAR_TO_METRO_TOLLGATE,METRO_ASHOK_NAGAR,METRO_TOLLGATE,Ashok Nagar,Tollgate,ASHOK NAGAR,TOLL GATE,50.0,40.0,INR,CMRL,2021-02-22,CMRL_OFFICIAL
FARE_CMRL_METRO_ASHOK_NAGAR_TO_METRO_KALADIPET,METRO_ASHOK_NAGAR,METRO_KALADIPET,Ashok Nagar,Kaladipet,ASHOK NAGAR,KALADIPET,50.0,40.0,INR,CMRL,2021-02-22,CMRL_OFFICIAL
FARE_CMRL_METRO_ASHOK_NAGAR_TO_METRO_THIRUVOTTRIYUR_THERADI,METRO_ASHOK_NAGAR,METRO_THIRUVOTTRIYUR_THERADI,Ashok Nagar,Thiruvottiyur Theradi,ASHOK NAGAR,THIRUVOTRIYUR THEREDI,50.0,40.0,INR,CMRL,2021-02-22,CMRL_OFFICIAL
FARE_CMRL_METRO_ASHOK_NAGAR_TO_METRO_THIRUVOTRIYUR,METRO_ASHOK_NAGAR,METRO_THIRUVOTRIYUR,Ashok Nagar,Thiruvottriyur,ASHOK NAGAR,THIRUVOTRIYUR,50.0,40.0,INR,CMRL,2021-02-22,CMRL_OFFICIAL
FARE_CMRL_METRO_ASHOK_NAGAR_TO_METRO_WIMCO_NAGAR_6738,METRO_ASHOK_NAGAR,METRO_WIMCO_NAGAR_6738,Ashok Nagar,Wimco Nagar,ASHOK NAGAR,WIMCO NAGAR,50.0,40.0,INR,CMRL,2021-02-22,CMRL_OFFICIAL
FARE_CMRL_METRO_ASHOK_NAGAR_TO_METRO_WIMCO_NAGAR,METRO_ASHOK_NAGAR,METRO_WIMCO_NAGAR,Ashok Nagar,Wimco Nagar Depot,ASHOK NAGAR,WIMCO NAGAR DEPOT,50.0,40.0,INR,CMRL,2021-02-22,CMRL_OFFICIAL
FARE_CMRL_METRO_ASHOK_NAGAR_TO_METRO_EKKATTUTHANGAL,METRO_ASHOK_NAGAR,METRO_EKKATTUTHANGAL,Ashok Nagar,Ekkattuthangal,ASHOK NAGAR,EKKATTUTHANGAL,20.0,16.0,INR,CMRL,2021-02-22,CMRL_OFFICIAL
FARE_CMRL_METRO_ASHOK_NAGAR_TO_METRO_ASHOK_NAGAR,METRO_ASHOK_NAGAR,METRO_ASHOK_NAGAR,Ashok Nagar,Ashok Nagar,ASHOK NAGAR,ASHOK NAGAR,0.0,0.0,INR,CMRL,2021-02-22,CMRL_OFFICIAL
FARE_CMRL_METRO_ASHOK_NAGAR_TO_METRO_VADAPALANI,METRO_ASHOK_NAGAR,METRO_VADAPALANI,Ashok Nagar,Vadapalani,ASHOK NAGAR,VADAPALANI,10.0,8.0,INR,CMRL,2021-02-22,CMRL_OFFICIAL
FARE_CMRL_METRO_ASHOK_NAGAR_TO_METRO_ARUMBAKKAM,METRO_ASHOK_NAGAR,METRO_ARUMBAKKAM,Ashok Nagar,Arumbakkam,ASHOK NAGAR,ARUMBAKKAM,20.0,16.0,INR,CMRL,2021-02-22,CMRL_OFFICIAL
FARE_CMRL_METRO_ASHOK_NAGAR_TO_METRO_PURATCHI_THALAIVI_DR_J_JAYALALITHAA_CMBT,METRO_ASHOK_NAGAR,METRO_PURATCHI_THALAIVI_DR_J_JAYALALITHAA_CMBT,Ashok Nagar,Puratchi Thalaivi Dr.J.Jayalalithaa CMBT Metro,ASHOK NAGAR,PURATCHI THALAIVI DR.J.JAYALALITHAA CMBT METRO,20.0,16.0,INR,CMRL,2021-02-22,CMRL_OFFICIAL
FARE_CMRL_METRO_ASHOK_NAGAR_TO_METRO_KOYAMBEDU,METRO_ASHOK_NAGAR,METRO_KOYAMBEDU,Ashok Nagar,Koyambedu,ASHOK NAGAR,KOYAMBEDU,30.0,24.0,INR,CMRL,2021-02-22,CMRL_OFFICIAL
FARE_CMRL_METRO_ASHOK_NAGAR_TO_METRO_THIRUMANGALAM,METRO_ASHOK_NAGAR,METRO_THIRUMANGALAM,Ashok Nagar,Thirumangalam,ASHOK NAGAR,THIRUMANGALAM,30.0,24.0,INR,CMRL,2021-02-22,CMRL_OFFICIAL
FARE_CMRL_METRO_ASHOK_NAGAR_TO_METRO_ANNA_NAGAR_TOWER,METRO_ASHOK_NAGAR,METRO_ANNA_NAGAR_TOWER,Ashok Nagar,Anna Nagar Tower,ASHOK NAGAR,ANNA NAGAR TOWER,30.0,24.0,INR,CMRL,2021-02-22,CMRL_OFFICIAL
FARE_CMRL_METRO_ASHOK_NAGAR_TO_METRO_ANNA_NAGAR_EAST,METRO_ASHOK_NAGAR,METRO_ANNA_NAGAR_EAST,Ashok Nagar,Anna Nagar East,ASHOK NAGAR,ANNA NAGAR EAST,30.0,24.0,INR,CMRL,2021-02-22,CMRL_OFFICIAL
FARE_CMRL_METRO_ASHOK_NAGAR_TO_METRO_SHENOY_NAGAR,METRO_ASHOK_NAGAR,METRO_SHENOY_NAGAR,Ashok Nagar,Shenoy Nagar,ASHOK NAGAR,SHENOY NAGAR,30.0,24.0,INR,CMRL,2021-02-22,CMRL_OFFICIAL
FARE_CMRL_METRO_ASHOK_NAGAR_TO_METRO_PACHAIYAPPA_S_COLLEGE,METRO_ASHOK_NAGAR,METRO_PACHAIYAPPA_S_COLLEGE,Ashok Nagar,Pachaiyappa's College,ASHOK NAGAR,PACHIAPPAS COLLEGE,30.0,24.0,INR,CMRL,2021-02-22,CMRL_OFFICIAL
FARE_CMRL_METRO_ASHOK_NAGAR_TO_METRO_KILPAUK,METRO_ASHOK_NAGAR,METRO_KILPAUK,Ashok Nagar,Kilpauk,ASHOK NAGAR,KILPAUK,40.0,32.0,INR,CMRL,2021-02-22,CMRL_OFFICIAL
FARE_CMRL_METRO_ASHOK_NAGAR_TO_METRO_NEHRU_PARK,METRO_ASHOK_NAGAR,METRO_NEHRU_PARK,Ashok Nagar,Nehru Park,ASHOK NAGAR,NEHRU PARK,40.0,32.0,INR,CMRL,2021-02-22,CMRL_OFFICIAL
FARE_CMRL_METRO_ASHOK_NAGAR_TO_METRO_EGMORE,METRO_ASHOK_NAGAR,METRO_EGMORE,Ashok Nagar,Egmore,ASHOK NAGAR,EGMORE,40.0,32.0,INR,CMRL,2021-02-22,CMRL_OFFICIAL
FARE_CMRL_METRO_ASHOK_NAGAR_TO_METRO_ST__THOMAS_MOUNT,METRO_ASHOK_NAGAR,METRO_ST__THOMAS_MOUNT,Ashok Nagar,St. Thomas Mount,ASHOK NAGAR,ST. THOMAS MOUNT,20.0,16.0,INR,CMRL,2021-02-22,CMRL_OFFICIAL
FARE_CMRL_METRO_VADAPALANI_TO_METRO_CHENNAI_INTERNATIONAL_AIRPORT,METRO_VADAPALANI,METRO_CHENNAI_INTERNATIONAL_AIRPORT,Vadapalani,Chennai International Airport,VADAPALANI,AIRPORT,30.0,24.0,INR,CMRL,2021-02-22,CMRL_OFFICIAL
FARE_CMRL_METRO_VADAPALANI_TO_METRO_MEENAMBAKKAM,METRO_VADAPALANI,METRO_MEENAMBAKKAM,Vadapalani,Meenambakkam,VADAPALANI,MEENAMBAKKAM,30.0,24.0,INR,CMRL,2021-02-22,CMRL_OFFICIAL
FARE_CMRL_METRO_VADAPALANI_TO_METRO_OTA_NANGANALLUR_ROAD,METRO_VADAPALANI,METRO_OTA_NANGANALLUR_ROAD,Vadapalani,OTA-Nanganallur Road,VADAPALANI,NANGANALLUR ROAD,30.0,24.0,INR,CMRL,2021-02-22,CMRL_OFFICIAL
FARE_CMRL_METRO_VADAPALANI_TO_METRO_ARIGNAR_ANNA_ALANDUR,METRO_VADAPALANI,METRO_ARIGNAR_ANNA_ALANDUR,Vadapalani,Arignar Anna Alandur Metro,VADAPALANI,ARIGNAR ANNA ALANDUR METRO,30.0,24.0,INR,CMRL,2021-02-22,CMRL_OFFICIAL
FARE_CMRL_METRO_VADAPALANI_TO_METRO_GUINDY,METRO_VADAPALANI,METRO_GUINDY,Vadapalani,Guindy,VADAPALANI,GUINDY,30.0,24.0,INR,CMRL,2021-02-22,CMRL_OFFICIAL
FARE_CMRL_METRO_VADAPALANI_TO_METRO_LITTLE_MOUNT,METRO_VADAPALANI,METRO_LITTLE_MOUNT,Vadapalani,Little Mount,VADAPALANI,LITTLE MOUNT,30.0,24.0,INR,CMRL,2021-02-22,CMRL_OFFICIAL
FARE_CMRL_METRO_VADAPALANI_TO_METRO_SAIDAPET,METRO_VADAPALANI,METRO_SAIDAPET,Vadapalani,Saidapet Metro,VADAPALANI,SAIDAPET,30.0,24.0,INR,CMRL,2021-02-22,CMRL_OFFICIAL
FARE_CMRL_METRO_VADAPALANI_TO_METRO_NANDANAM,METRO_VADAPALANI,METRO_NANDANAM,Vadapalani,Nandanam,VADAPALANI,NANDANAM,30.0,24.0,INR,CMRL,2021-02-22,CMRL_OFFICIAL
FARE_CMRL_METRO_VADAPALANI_TO_METRO_TEYNAMPET,METRO_VADAPALANI,METRO_TEYNAMPET,Vadapalani,Teynampet,VADAPALANI,TEYNAMPET,30.0,24.0,INR,CMRL,2021-02-22,CMRL_OFFICIAL
FARE_CMRL_METRO_VADAPALANI_TO_METRO_AG___8211__DMS,METRO_VADAPALANI,METRO_AG___8211__DMS,Vadapalani,AG – DMS,VADAPALANI,AG-DMS,40.0,32.0,INR,CMRL,2021-02-22,CMRL_OFFICIAL
FARE_CMRL_METRO_VADAPALANI_TO_METRO_THOUSAND_LIGHTS,METRO_VADAPALANI,METRO_THOUSAND_LIGHTS,Vadapalani,Thousand Lights,VADAPALANI,THOUSAND LIGHTS,40.0,32.0,INR,CMRL,2021-02-22,CMRL_OFFICIAL
FARE_CMRL_METRO_VADAPALANI_TO_METRO_LIC,METRO_VADAPALANI,METRO_LIC,Vadapalani,LIC,VADAPALANI,LIC,40.0,32.0,INR,CMRL,2021-02-22,CMRL_OFFICIAL
FARE_CMRL_METRO_VADAPALANI_TO_METRO_GOVERNMENT_ESTATE,METRO_VADAPALANI,METRO_GOVERNMENT_ESTATE,Vadapalani,Government Estate,VADAPALANI,GOVERNMENT ESTATE,40.0,32.0,INR,CMRL,2021-02-22,CMRL_OFFICIAL
FARE_CMRL_METRO_VADAPALANI_TO_METRO_PURATCHI_THALAIVAR_DR__M_G_RAMACHANDRAN_CENTRAL,METRO_VADAPALANI,METRO_PURATCHI_THALAIVAR_DR__M_G_RAMACHANDRAN_CENTRAL,Vadapalani,Puratchi Thalaivar Dr. M.G.Ramachandran Central Metro,VADAPALANI,PURATCHI THALAIVAR DR.M.G.RAMACHANDRAN CENTRAL METRO,40.0,32.0,INR,CMRL,2021-02-22,CMRL_OFFICIAL
FARE_CMRL_METRO_VADAPALANI_TO_METRO_HIGHCOURT,METRO_VADAPALANI,METRO_HIGHCOURT,Vadapalani,Highcourt,VADAPALANI,HIGH COURT,40.0,32.0,INR,CMRL,2021-02-22,CMRL_OFFICIAL
FARE_CMRL_METRO_VADAPALANI_TO_METRO_MANNADI,METRO_VADAPALANI,METRO_MANNADI,Vadapalani,Mannadi,VADAPALANI,MANNADI,40.0,32.0,INR,CMRL,2021-02-22,CMRL_OFFICIAL
FARE_CMRL_METRO_VADAPALANI_TO_METRO_WASHERMENPET,METRO_VADAPALANI,METRO_WASHERMENPET,Vadapalani,Washermenpet,VADAPALANI,WASHERMENPET,40.0,32.0,INR,CMRL,2021-02-22,CMRL_OFFICIAL
FARE_CMRL_METRO_VADAPALANI_TO_METRO_SIR_THIYAGARAYA_COLLEGE,METRO_VADAPALANI,METRO_SIR_THIYAGARAYA_COLLEGE,Vadapalani,Sir Theagaraya College,VADAPALANI,THYAGARAYA COLLEGE,40.0,32.0,INR,CMRL,2021-02-22,CMRL_OFFICIAL
FARE_CMRL_METRO_VADAPALANI_TO_METRO_TONDIARPET,METRO_VADAPALANI,METRO_TONDIARPET,Vadapalani,Tondiarpet,VADAPALANI,TONDIARPET,40.0,32.0,INR,CMRL,2021-02-22,CMRL_OFFICIAL
FARE_CMRL_METRO_VADAPALANI_TO_METRO_NEW_WASHERMENPET,METRO_VADAPALANI,METRO_NEW_WASHERMENPET,Vadapalani,New Washermenpet,VADAPALANI,NEW WASHERMENPET,50.0,40.0,INR,CMRL,2021-02-22,CMRL_OFFICIAL
FARE_CMRL_METRO_VADAPALANI_TO_METRO_TOLLGATE,METRO_VADAPALANI,METRO_TOLLGATE,Vadapalani,Tollgate,VADAPALANI,TOLL GATE,50.0,40.0,INR,CMRL,2021-02-22,CMRL_OFFICIAL
FARE_CMRL_METRO_VADAPALANI_TO_METRO_KALADIPET,METRO_VADAPALANI,METRO_KALADIPET,Vadapalani,Kaladipet,VADAPALANI,KALADIPET,50.0,40.0,INR,CMRL,2021-02-22,CMRL_OFFICIAL
FARE_CMRL_METRO_VADAPALANI_TO_METRO_THIRUVOTTRIYUR_THERADI,METRO_VADAPALANI,METRO_THIRUVOTTRIYUR_THERADI,Vadapalani,Thiruvottiyur Theradi,VADAPALANI,THIRUVOTRIYUR THEREDI,50.0,40.0,INR,CMRL,2021-02-22,CMRL_OFFICIAL
FARE_CMRL_METRO_VADAPALANI_TO_METRO_THIRUVOTRIYUR,METRO_VADAPALANI,METRO_THIRUVOTRIYUR,Vadapalani,Thiruvottriyur,VADAPALANI,THIRUVOTRIYUR,50.0,40.0,INR,CMRL,2021-02-22,CMRL_OFFICIAL
FARE_CMRL_METRO_VADAPALANI_TO_METRO_WIMCO_NAGAR_6738,METRO_VADAPALANI,METRO_WIMCO_NAGAR_6738,Vadapalani,Wimco Nagar,VADAPALANI,WIMCO NAGAR,50.0,40.0,INR,CMRL,2021-02-22,CMRL_OFFICIAL
FARE_CMRL_METRO_VADAPALANI_TO_METRO_WIMCO_NAGAR,METRO_VADAPALANI,METRO_WIMCO_NAGAR,Vadapalani,Wimco Nagar Depot,VADAPALANI,WIMCO NAGAR DEPOT,50.0,40.0,INR,CMRL,2021-02-22,CMRL_OFFICIAL
FARE_CMRL_METRO_VADAPALANI_TO_METRO_EKKATTUTHANGAL,METRO_VADAPALANI,METRO_EKKATTUTHANGAL,Vadapalani,Ekkattuthangal,VADAPALANI,EKKATTUTHANGAL,20.0,16.0,INR,CMRL,2021-02-22,CMRL_OFFICIAL
FARE_CMRL_METRO_VADAPALANI_TO_METRO_ASHOK_NAGAR,METRO_VADAPALANI,METRO_ASHOK_NAGAR,Vadapalani,Ashok Nagar,VADAPALANI,ASHOK NAGAR,10.0,8.0,INR,CMRL,2021-02-22,CMRL_OFFICIAL
FARE_CMRL_METRO_VADAPALANI_TO_METRO_VADAPALANI,METRO_VADAPALANI,METRO_VADAPALANI,Vadapalani,Vadapalani,VADAPALANI,VADAPALANI,0.0,0.0,INR,CMRL,2021-02-22,CMRL_OFFICIAL
FARE_CMRL_METRO_VADAPALANI_TO_METRO_ARUMBAKKAM,METRO_VADAPALANI,METRO_ARUMBAKKAM,Vadapalani,Arumbakkam,VADAPALANI,ARUMBAKKAM,10.0,8.0,INR,CMRL,2021-02-22,CMRL_OFFICIAL
FARE_CMRL_METRO_VADAPALANI_TO_METRO_PURATCHI_THALAIVI_DR_J_JAYALALITHAA_CMBT,METRO_VADAPALANI,METRO_PURATCHI_THALAIVI_DR_J_JAYALALITHAA_CMBT,Vadapalani,Puratchi Thalaivi Dr.J.Jayalalithaa CMBT Metro,VADAPALANI,PURATCHI THALAIVI DR.J.JAYALALITHAA CMBT METRO,20.0,16.0,INR,CMRL,2021-02-22,CMRL_OFFICIAL
FARE_CMRL_METRO_VADAPALANI_TO_METRO_KOYAMBEDU,METRO_VADAPALANI,METRO_KOYAMBEDU,Vadapalani,Koyambedu,VADAPALANI,KOYAMBEDU,20.0,16.0,INR,CMRL,2021-02-22,CMRL_OFFICIAL
FARE_CMRL_METRO_VADAPALANI_TO_METRO_THIRUMANGALAM,METRO_VADAPALANI,METRO_THIRUMANGALAM,Vadapalani,Thirumangalam,VADAPALANI,THIRUMANGALAM,30.0,24.0,INR,CMRL,2021-02-22,CMRL_OFFICIAL
FARE_CMRL_METRO_VADAPALANI_TO_METRO_ANNA_NAGAR_TOWER,METRO_VADAPALANI,METRO_ANNA_NAGAR_TOWER,Vadapalani,Anna Nagar Tower,VADAPALANI,ANNA NAGAR TOWER,30.0,24.0,INR,CMRL,2021-02-22,CMRL_OFFICIAL
FARE_CMRL_METRO_VADAPALANI_TO_METRO_ANNA_NAGAR_EAST,METRO_VADAPALANI,METRO_ANNA_NAGAR_EAST,Vadapalani,Anna Nagar East,VADAPALANI,ANNA NAGAR EAST,30.0,24.0,INR,CMRL,2021-02-22,CMRL_OFFICIAL
FARE_CMRL_METRO_VADAPALANI_TO_METRO_SHENOY_NAGAR,METRO_VADAPALANI,METRO_SHENOY_NAGAR,Vadapalani,Shenoy Nagar,VADAPALANI,SHENOY NAGAR,30.0,24.0,INR,CMRL,2021-02-22,CMRL_OFFICIAL
FARE_CMRL_METRO_VADAPALANI_TO_METRO_PACHAIYAPPA_S_COLLEGE,METRO_VADAPALANI,METRO_PACHAIYAPPA_S_COLLEGE,Vadapalani,Pachaiyappa's College,VADAPALANI,PACHIAPPAS COLLEGE,30.0,24.0,INR,CMRL,2021-02-22,CMRL_OFFICIAL
FARE_CMRL_METRO_VADAPALANI_TO_METRO_KILPAUK,METRO_VADAPALANI,METRO_KILPAUK,Vadapalani,Kilpauk,VADAPALANI,KILPAUK,30.0,24.0,INR,CMRL,2021-02-22,CMRL_OFFICIAL
FARE_CMRL_METRO_VADAPALANI_TO_METRO_NEHRU_PARK,METRO_VADAPALANI,METRO_NEHRU_PARK,Vadapalani,Nehru Park,VADAPALANI,NEHRU PARK,30.0,24.0,INR,CMRL,2021-02-22,CMRL_OFFICIAL
FARE_CMRL_METRO_VADAPALANI_TO_METRO_EGMORE,METRO_VADAPALANI,METRO_EGMORE,Vadapalani,Egmore,VADAPALANI,EGMORE,40.0,32.0,INR,CMRL,2021-02-22,CMRL_OFFICIAL
FARE_CMRL_METRO_VADAPALANI_TO_METRO_ST__THOMAS_MOUNT,METRO_VADAPALANI,METRO_ST__THOMAS_MOUNT,Vadapalani,St. Thomas Mount,VADAPALANI,ST. THOMAS MOUNT,30.0,24.0,INR,CMRL,2021-02-22,CMRL_OFFICIAL
FARE_CMRL_METRO_ARUMBAKKAM_TO_METRO_CHENNAI_INTERNATIONAL_AIRPORT,METRO_ARUMBAKKAM,METRO_CHENNAI_INTERNATIONAL_AIRPORT,Arumbakkam,Chennai International Airport,ARUMBAKKAM,AIRPORT,30.0,24.0,INR,CMRL,2021-02-22,CMRL_OFFICIAL
FARE_CMRL_METRO_ARUMBAKKAM_TO_METRO_MEENAMBAKKAM,METRO_ARUMBAKKAM,METRO_MEENAMBAKKAM,Arumbakkam,Meenambakkam,ARUMBAKKAM,MEENAMBAKKAM,30.0,24.0,INR,CMRL,2021-02-22,CMRL_OFFICIAL
FARE_CMRL_METRO_ARUMBAKKAM_TO_METRO_OTA_NANGANALLUR_ROAD,METRO_ARUMBAKKAM,METRO_OTA_NANGANALLUR_ROAD,Arumbakkam,OTA-Nanganallur Road,ARUMBAKKAM,NANGANALLUR ROAD,30.0,24.0,INR,CMRL,2021-02-22,CMRL_OFFICIAL
FARE_CMRL_METRO_ARUMBAKKAM_TO_METRO_ARIGNAR_ANNA_ALANDUR,METRO_ARUMBAKKAM,METRO_ARIGNAR_ANNA_ALANDUR,Arumbakkam,Arignar Anna Alandur Metro,ARUMBAKKAM,ARIGNAR ANNA ALANDUR METRO,30.0,24.0,INR,CMRL,2021-02-22,CMRL_OFFICIAL
FARE_CMRL_METRO_ARUMBAKKAM_TO_METRO_GUINDY,METRO_ARUMBAKKAM,METRO_GUINDY,Arumbakkam,Guindy,ARUMBAKKAM,GUINDY,30.0,24.0,INR,CMRL,2021-02-22,CMRL_OFFICIAL
FARE_CMRL_METRO_ARUMBAKKAM_TO_METRO_LITTLE_MOUNT,METRO_ARUMBAKKAM,METRO_LITTLE_MOUNT,Arumbakkam,Little Mount,ARUMBAKKAM,LITTLE MOUNT,30.0,24.0,INR,CMRL,2021-02-22,CMRL_OFFICIAL
FARE_CMRL_METRO_ARUMBAKKAM_TO_METRO_SAIDAPET,METRO_ARUMBAKKAM,METRO_SAIDAPET,Arumbakkam,Saidapet Metro,ARUMBAKKAM,SAIDAPET,30.0,24.0,INR,CMRL,2021-02-22,CMRL_OFFICIAL
FARE_CMRL_METRO_ARUMBAKKAM_TO_METRO_NANDANAM,METRO_ARUMBAKKAM,METRO_NANDANAM,Arumbakkam,Nandanam,ARUMBAKKAM,NANDANAM,40.0,32.0,INR,CMRL,2021-02-22,CMRL_OFFICIAL
FARE_CMRL_METRO_ARUMBAKKAM_TO_METRO_TEYNAMPET,METRO_ARUMBAKKAM,METRO_TEYNAMPET,Arumbakkam,Teynampet,ARUMBAKKAM,TEYNAMPET,40.0,32.0,INR,CMRL,2021-02-22,CMRL_OFFICIAL
FARE_CMRL_METRO_ARUMBAKKAM_TO_METRO_AG___8211__DMS,METRO_ARUMBAKKAM,METRO_AG___8211__DMS,Arumbakkam,AG – DMS,ARUMBAKKAM,AG-DMS,40.0,32.0,INR,CMRL,2021-02-22,CMRL_OFFICIAL
FARE_CMRL_METRO_ARUMBAKKAM_TO_METRO_THOUSAND_LIGHTS,METRO_ARUMBAKKAM,METRO_THOUSAND_LIGHTS,Arumbakkam,Thousand Lights,ARUMBAKKAM,THOUSAND LIGHTS,40.0,32.0,INR,CMRL,2021-02-22,CMRL_OFFICIAL
FARE_CMRL_METRO_ARUMBAKKAM_TO_METRO_LIC,METRO_ARUMBAKKAM,METRO_LIC,Arumbakkam,LIC,ARUMBAKKAM,LIC,40.0,32.0,INR,CMRL,2021-02-22,CMRL_OFFICIAL
FARE_CMRL_METRO_ARUMBAKKAM_TO_METRO_GOVERNMENT_ESTATE,METRO_ARUMBAKKAM,METRO_GOVERNMENT_ESTATE,Arumbakkam,Government Estate,ARUMBAKKAM,GOVERNMENT ESTATE,40.0,32.0,INR,CMRL,2021-02-22,CMRL_OFFICIAL
FARE_CMRL_METRO_ARUMBAKKAM_TO_METRO_PURATCHI_THALAIVAR_DR__M_G_RAMACHANDRAN_CENTRAL,METRO_ARUMBAKKAM,METRO_PURATCHI_THALAIVAR_DR__M_G_RAMACHANDRAN_CENTRAL,Arumbakkam,Puratchi Thalaivar Dr. M.G.Ramachandran Central Metro,ARUMBAKKAM,PURATCHI THALAIVAR DR.M.G.RAMACHANDRAN CENTRAL METRO,40.0,32.0,INR,CMRL,2021-02-22,CMRL_OFFICIAL
FARE_CMRL_METRO_ARUMBAKKAM_TO_METRO_HIGHCOURT,METRO_ARUMBAKKAM,METRO_HIGHCOURT,Arumbakkam,Highcourt,ARUMBAKKAM,HIGH COURT,40.0,32.0,INR,CMRL,2021-02-22,CMRL_OFFICIAL
FARE_CMRL_METRO_ARUMBAKKAM_TO_METRO_MANNADI,METRO_ARUMBAKKAM,METRO_MANNADI,Arumbakkam,Mannadi,ARUMBAKKAM,MANNADI,40.0,32.0,INR,CMRL,2021-02-22,CMRL_OFFICIAL
FARE_CMRL_METRO_ARUMBAKKAM_TO_METRO_WASHERMENPET,METRO_ARUMBAKKAM,METRO_WASHERMENPET,Arumbakkam,Washermenpet,ARUMBAKKAM,WASHERMENPET,40.0,32.0,INR,CMRL,2021-02-22,CMRL_OFFICIAL
FARE_CMRL_METRO_ARUMBAKKAM_TO_METRO_SIR_THIYAGARAYA_COLLEGE,METRO_ARUMBAKKAM,METRO_SIR_THIYAGARAYA_COLLEGE,Arumbakkam,Sir Theagaraya College,ARUMBAKKAM,THYAGARAYA COLLEGE,40.0,32.0,INR,CMRL,2021-02-22,CMRL_OFFICIAL
FARE_CMRL_METRO_ARUMBAKKAM_TO_METRO_TONDIARPET,METRO_ARUMBAKKAM,METRO_TONDIARPET,Arumbakkam,Tondiarpet,ARUMBAKKAM,TONDIARPET,40.0,32.0,INR,CMRL,2021-02-22,CMRL_OFFICIAL
FARE_CMRL_METRO_ARUMBAKKAM_TO_METRO_NEW_WASHERMENPET,METRO_ARUMBAKKAM,METRO_NEW_WASHERMENPET,Arumbakkam,New Washermenpet,ARUMBAKKAM,NEW WASHERMENPET,40.0,32.0,INR,CMRL,2021-02-22,CMRL_OFFICIAL
FARE_CMRL_METRO_ARUMBAKKAM_TO_METRO_TOLLGATE,METRO_ARUMBAKKAM,METRO_TOLLGATE,Arumbakkam,Tollgate,ARUMBAKKAM,TOLL GATE,50.0,40.0,INR,CMRL,2021-02-22,CMRL_OFFICIAL
FARE_CMRL_METRO_ARUMBAKKAM_TO_METRO_KALADIPET,METRO_ARUMBAKKAM,METRO_KALADIPET,Arumbakkam,Kaladipet,ARUMBAKKAM,KALADIPET,50.0,40.0,INR,CMRL,2021-02-22,CMRL_OFFICIAL
FARE_CMRL_METRO_ARUMBAKKAM_TO_METRO_THIRUVOTTRIYUR_THERADI,METRO_ARUMBAKKAM,METRO_THIRUVOTTRIYUR_THERADI,Arumbakkam,Thiruvottiyur Theradi,ARUMBAKKAM,THIRUVOTRIYUR THEREDI,50.0,40.0,INR,CMRL,2021-02-22,CMRL_OFFICIAL
FARE_CMRL_METRO_ARUMBAKKAM_TO_METRO_THIRUVOTRIYUR,METRO_ARUMBAKKAM,METRO_THIRUVOTRIYUR,Arumbakkam,Thiruvottriyur,ARUMBAKKAM,THIRUVOTRIYUR,50.0,40.0,INR,CMRL,2021-02-22,CMRL_OFFICIAL
FARE_CMRL_METRO_ARUMBAKKAM_TO_METRO_WIMCO_NAGAR_6738,METRO_ARUMBAKKAM,METRO_WIMCO_NAGAR_6738,Arumbakkam,Wimco Nagar,ARUMBAKKAM,WIMCO NAGAR,50.0,40.0,INR,CMRL,2021-02-22,CMRL_OFFICIAL
FARE_CMRL_METRO_ARUMBAKKAM_TO_METRO_WIMCO_NAGAR,METRO_ARUMBAKKAM,METRO_WIMCO_NAGAR,Arumbakkam,Wimco Nagar Depot,ARUMBAKKAM,WIMCO NAGAR DEPOT,50.0,40.0,INR,CMRL,2021-02-22,CMRL_OFFICIAL
FARE_CMRL_METRO_ARUMBAKKAM_TO_METRO_EKKATTUTHANGAL,METRO_ARUMBAKKAM,METRO_EKKATTUTHANGAL,Arumbakkam,Ekkattuthangal,ARUMBAKKAM,EKKATTUTHANGAL,30.0,24.0,INR,CMRL,2021-02-22,CMRL_OFFICIAL
FARE_CMRL_METRO_ARUMBAKKAM_TO_METRO_ASHOK_NAGAR,METRO_ARUMBAKKAM,METRO_ASHOK_NAGAR,Arumbakkam,Ashok Nagar,ARUMBAKKAM,ASHOK NAGAR,20.0,16.0,INR,CMRL,2021-02-22,CMRL_OFFICIAL
FARE_CMRL_METRO_ARUMBAKKAM_TO_METRO_VADAPALANI,METRO_ARUMBAKKAM,METRO_VADAPALANI,Arumbakkam,Vadapalani,ARUMBAKKAM,VADAPALANI,10.0,8.0,INR,CMRL,2021-02-22,CMRL_OFFICIAL
FARE_CMRL_METRO_ARUMBAKKAM_TO_METRO_ARUMBAKKAM,METRO_ARUMBAKKAM,METRO_ARUMBAKKAM,Arumbakkam,Arumbakkam,ARUMBAKKAM,ARUMBAKKAM,0.0,0.0,INR,CMRL,2021-02-22,CMRL_OFFICIAL
FARE_CMRL_METRO_ARUMBAKKAM_TO_METRO_PURATCHI_THALAIVI_DR_J_JAYALALITHAA_CMBT,METRO_ARUMBAKKAM,METRO_PURATCHI_THALAIVI_DR_J_JAYALALITHAA_CMBT,Arumbakkam,Puratchi Thalaivi Dr.J.Jayalalithaa CMBT Metro,ARUMBAKKAM,PURATCHI THALAIVI DR.J.JAYALALITHAA CMBT METRO,10.0,8.0,INR,CMRL,2021-02-22,CMRL_OFFICIAL
FARE_CMRL_METRO_ARUMBAKKAM_TO_METRO_KOYAMBEDU,METRO_ARUMBAKKAM,METRO_KOYAMBEDU,Arumbakkam,Koyambedu,ARUMBAKKAM,KOYAMBEDU,20.0,16.0,INR,CMRL,2021-02-22,CMRL_OFFICIAL
FARE_CMRL_METRO_ARUMBAKKAM_TO_METRO_THIRUMANGALAM,METRO_ARUMBAKKAM,METRO_THIRUMANGALAM,Arumbakkam,Thirumangalam,ARUMBAKKAM,THIRUMANGALAM,20.0,16.0,INR,CMRL,2021-02-22,CMRL_OFFICIAL
FARE_CMRL_METRO_ARUMBAKKAM_TO_METRO_ANNA_NAGAR_TOWER,METRO_ARUMBAKKAM,METRO_ANNA_NAGAR_TOWER,Arumbakkam,Anna Nagar Tower,ARUMBAKKAM,ANNA NAGAR TOWER,30.0,24.0,INR,CMRL,2021-02-22,CMRL_OFFICIAL
FARE_CMRL_METRO_ARUMBAKKAM_TO_METRO_ANNA_NAGAR_EAST,METRO_ARUMBAKKAM,METRO_ANNA_NAGAR_EAST,Arumbakkam,Anna Nagar East,ARUMBAKKAM,ANNA NAGAR EAST,30.0,24.0,INR,CMRL,2021-02-22,CMRL_OFFICIAL
FARE_CMRL_METRO_ARUMBAKKAM_TO_METRO_SHENOY_NAGAR,METRO_ARUMBAKKAM,METRO_SHENOY_NAGAR,Arumbakkam,Shenoy Nagar,ARUMBAKKAM,SHENOY NAGAR,30.0,24.0,INR,CMRL,2021-02-22,CMRL_OFFICIAL
FARE_CMRL_METRO_ARUMBAKKAM_TO_METRO_PACHAIYAPPA_S_COLLEGE,METRO_ARUMBAKKAM,METRO_PACHAIYAPPA_S_COLLEGE,Arumbakkam,Pachaiyappa's College,ARUMBAKKAM,PACHIAPPAS COLLEGE,30.0,24.0,INR,CMRL,2021-02-22,CMRL_OFFICIAL
FARE_CMRL_METRO_ARUMBAKKAM_TO_METRO_KILPAUK,METRO_ARUMBAKKAM,METRO_KILPAUK,Arumbakkam,Kilpauk,ARUMBAKKAM,KILPAUK,30.0,24.0,INR,CMRL,2021-02-22,CMRL_OFFICIAL
FARE_CMRL_METRO_ARUMBAKKAM_TO_METRO_NEHRU_PARK,METRO_ARUMBAKKAM,METRO_NEHRU_PARK,Arumbakkam,Nehru Park,ARUMBAKKAM,NEHRU PARK,30.0,24.0,INR,CMRL,2021-02-22,CMRL_OFFICIAL
FARE_CMRL_METRO_ARUMBAKKAM_TO_METRO_EGMORE,METRO_ARUMBAKKAM,METRO_EGMORE,Arumbakkam,Egmore,ARUMBAKKAM,EGMORE,30.0,24.0,INR,CMRL,2021-02-22,CMRL_OFFICIAL
FARE_CMRL_METRO_ARUMBAKKAM_TO_METRO_ST__THOMAS_MOUNT,METRO_ARUMBAKKAM,METRO_ST__THOMAS_MOUNT,Arumbakkam,St. Thomas Mount,ARUMBAKKAM,ST. THOMAS MOUNT,30.0,24.0,INR,CMRL,2021-02-22,CMRL_OFFICIAL
FARE_CMRL_METRO_PURATCHI_THALAIVI_DR_J_JAYALALITHAA_CMBT_TO_METRO_CHENNAI_INTERNATIONAL_AIRPORT,METRO_PURATCHI_THALAIVI_DR_J_JAYALALITHAA_CMBT,METRO_CHENNAI_INTERNATIONAL_AIRPORT,Puratchi Thalaivi Dr.J.Jayalalithaa CMBT Metro,Chennai International Airport,PURATCHI THALAIVI DR.J.JAYALALITHAA CMBT METRO,AIRPORT,40.0,32.0,INR,CMRL,2021-02-22,CMRL_OFFICIAL
FARE_CMRL_METRO_PURATCHI_THALAIVI_DR_J_JAYALALITHAA_CMBT_TO_METRO_MEENAMBAKKAM,METRO_PURATCHI_THALAIVI_DR_J_JAYALALITHAA_CMBT,METRO_MEENAMBAKKAM,Puratchi Thalaivi Dr.J.Jayalalithaa CMBT Metro,Meenambakkam,PURATCHI THALAIVI DR.J.JAYALALITHAA CMBT METRO,MEENAMBAKKAM,30.0,24.0,INR,CMRL,2021-02-22,CMRL_OFFICIAL
FARE_CMRL_METRO_PURATCHI_THALAIVI_DR_J_JAYALALITHAA_CMBT_TO_METRO_OTA_NANGANALLUR_ROAD,METRO_PURATCHI_THALAIVI_DR_J_JAYALALITHAA_CMBT,METRO_OTA_NANGANALLUR_ROAD,Puratchi Thalaivi Dr.J.Jayalalithaa CMBT Metro,OTA-Nanganallur Road,PURATCHI THALAIVI DR.J.JAYALALITHAA CMBT METRO,NANGANALLUR ROAD,30.0,24.0,INR,CMRL,2021-02-22,CMRL_OFFICIAL
FARE_CMRL_METRO_PURATCHI_THALAIVI_DR_J_JAYALALITHAA_CMBT_TO_METRO_ARIGNAR_ANNA_ALANDUR,METRO_PURATCHI_THALAIVI_DR_J_JAYALALITHAA_CMBT,METRO_ARIGNAR_ANNA_ALANDUR,Puratchi Thalaivi Dr.J.Jayalalithaa CMBT Metro,Arignar Anna Alandur Metro,PURATCHI THALAIVI DR.J.JAYALALITHAA CMBT METRO,ARIGNAR ANNA ALANDUR METRO,30.0,24.0,INR,CMRL,2021-02-22,CMRL_OFFICIAL
FARE_CMRL_METRO_PURATCHI_THALAIVI_DR_J_JAYALALITHAA_CMBT_TO_METRO_GUINDY,METRO_PURATCHI_THALAIVI_DR_J_JAYALALITHAA_CMBT,METRO_GUINDY,Puratchi Thalaivi Dr.J.Jayalalithaa CMBT Metro,Guindy,PURATCHI THALAIVI DR.J.JAYALALITHAA CMBT METRO,GUINDY,30.0,24.0,INR,CMRL,2021-02-22,CMRL_OFFICIAL
FARE_CMRL_METRO_PURATCHI_THALAIVI_DR_J_JAYALALITHAA_CMBT_TO_METRO_LITTLE_MOUNT,METRO_PURATCHI_THALAIVI_DR_J_JAYALALITHAA_CMBT,METRO_LITTLE_MOUNT,Puratchi Thalaivi Dr.J.Jayalalithaa CMBT Metro,Little Mount,PURATCHI THALAIVI DR.J.JAYALALITHAA CMBT METRO,LITTLE MOUNT,30.0,24.0,INR,CMRL,2021-02-22,CMRL_OFFICIAL
FARE_CMRL_METRO_PURATCHI_THALAIVI_DR_J_JAYALALITHAA_CMBT_TO_METRO_SAIDAPET,METRO_PURATCHI_THALAIVI_DR_J_JAYALALITHAA_CMBT,METRO_SAIDAPET,Puratchi Thalaivi Dr.J.Jayalalithaa CMBT Metro,Saidapet Metro,PURATCHI THALAIVI DR.J.JAYALALITHAA CMBT METRO,SAIDAPET,30.0,24.0,INR,CMRL,2021-02-22,CMRL_OFFICIAL
FARE_CMRL_METRO_PURATCHI_THALAIVI_DR_J_JAYALALITHAA_CMBT_TO_METRO_NANDANAM,METRO_PURATCHI_THALAIVI_DR_J_JAYALALITHAA_CMBT,METRO_NANDANAM,Puratchi Thalaivi Dr.J.Jayalalithaa CMBT Metro,Nandanam,PURATCHI THALAIVI DR.J.JAYALALITHAA CMBT METRO,NANDANAM,40.0,32.0,INR,CMRL,2021-02-22,CMRL_OFFICIAL
FARE_CMRL_METRO_PURATCHI_THALAIVI_DR_J_JAYALALITHAA_CMBT_TO_METRO_TEYNAMPET,METRO_PURATCHI_THALAIVI_DR_J_JAYALALITHAA_CMBT,METRO_TEYNAMPET,Puratchi Thalaivi Dr.J.Jayalalithaa CMBT Metro,Teynampet,PURATCHI THALAIVI DR.J.JAYALALITHAA CMBT METRO,TEYNAMPET,40.0,32.0,INR,CMRL,2021-02-22,CMRL_OFFICIAL
FARE_CMRL_METRO_PURATCHI_THALAIVI_DR_J_JAYALALITHAA_CMBT_TO_METRO_AG___8211__DMS,METRO_PURATCHI_THALAIVI_DR_J_JAYALALITHAA_CMBT,METRO_AG___8211__DMS,Puratchi Thalaivi Dr.J.Jayalalithaa CMBT Metro,AG – DMS,PURATCHI THALAIVI DR.J.JAYALALITHAA CMBT METRO,AG-DMS,40.0,32.0,INR,CMRL,2021-02-22,CMRL_OFFICIAL
FARE_CMRL_METRO_PURATCHI_THALAIVI_DR_J_JAYALALITHAA_CMBT_TO_METRO_THOUSAND_LIGHTS,METRO_PURATCHI_THALAIVI_DR_J_JAYALALITHAA_CMBT,METRO_THOUSAND_LIGHTS,Puratchi Thalaivi Dr.J.Jayalalithaa CMBT Metro,Thousand Lights,PURATCHI THALAIVI DR.J.JAYALALITHAA CMBT METRO,THOUSAND LIGHTS,40.0,32.0,INR,CMRL,2021-02-22,CMRL_OFFICIAL
FARE_CMRL_METRO_PURATCHI_THALAIVI_DR_J_JAYALALITHAA_CMBT_TO_METRO_LIC,METRO_PURATCHI_THALAIVI_DR_J_JAYALALITHAA_CMBT,METRO_LIC,Puratchi Thalaivi Dr.J.Jayalalithaa CMBT Metro,LIC,PURATCHI THALAIVI DR.J.JAYALALITHAA CMBT METRO,LIC,40.0,32.0,INR,CMRL,2021-02-22,CMRL_OFFICIAL
FARE_CMRL_METRO_PURATCHI_THALAIVI_DR_J_JAYALALITHAA_CMBT_TO_METRO_GOVERNMENT_ESTATE,METRO_PURATCHI_THALAIVI_DR_J_JAYALALITHAA_CMBT,METRO_GOVERNMENT_ESTATE,Puratchi Thalaivi Dr.J.Jayalalithaa CMBT Metro,Government Estate,PURATCHI THALAIVI DR.J.JAYALALITHAA CMBT METRO,GOVERNMENT ESTATE,40.0,32.0,INR,CMRL,2021-02-22,CMRL_OFFICIAL
FARE_CMRL_METRO_PURATCHI_THALAIVI_DR_J_JAYALALITHAA_CMBT_TO_METRO_PURATCHI_THALAIVAR_DR__M_G_RAMACHANDRAN_CENTRAL,METRO_PURATCHI_THALAIVI_DR_J_JAYALALITHAA_CMBT,METRO_PURATCHI_THALAIVAR_DR__M_G_RAMACHANDRAN_CENTRAL,Puratchi Thalaivi Dr.J.Jayalalithaa CMBT Metro,Puratchi Thalaivar Dr. M.G.Ramachandran Central Metro,PURATCHI THALAIVI DR.J.JAYALALITHAA CMBT METRO,PURATCHI THALAIVAR DR.M.G.RAMACHANDRAN CENTRAL METRO,30.0,24.0,INR,CMRL,2021-02-22,CMRL_OFFICIAL
FARE_CMRL_METRO_PURATCHI_THALAIVI_DR_J_JAYALALITHAA_CMBT_TO_METRO_HIGHCOURT,METRO_PURATCHI_THALAIVI_DR_J_JAYALALITHAA_CMBT,METRO_HIGHCOURT,Puratchi Thalaivi Dr.J.Jayalalithaa CMBT Metro,Highcourt,PURATCHI THALAIVI DR.J.JAYALALITHAA CMBT METRO,HIGH COURT,40.0,32.0,INR,CMRL,2021-02-22,CMRL_OFFICIAL
FARE_CMRL_METRO_PURATCHI_THALAIVI_DR_J_JAYALALITHAA_CMBT_TO_METRO_MANNADI,METRO_PURATCHI_THALAIVI_DR_J_JAYALALITHAA_CMBT,METRO_MANNADI,Puratchi Thalaivi Dr.J.Jayalalithaa CMBT Metro,Mannadi,PURATCHI THALAIVI DR.J.JAYALALITHAA CMBT METRO,MANNADI,40.0,32.0,INR,CMRL,2021-02-22,CMRL_OFFICIAL
FARE_CMRL_METRO_PURATCHI_THALAIVI_DR_J_JAYALALITHAA_CMBT_TO_METRO_WASHERMENPET,METRO_PURATCHI_THALAIVI_DR_J_JAYALALITHAA_CMBT,METRO_WASHERMENPET,Puratchi Thalaivi Dr.J.Jayalalithaa CMBT Metro,Washermenpet,PURATCHI THALAIVI DR.J.JAYALALITHAA CMBT METRO,WASHERMENPET,40.0,32.0,INR,CMRL,2021-02-22,CMRL_OFFICIAL
FARE_CMRL_METRO_PURATCHI_THALAIVI_DR_J_JAYALALITHAA_CMBT_TO_METRO_SIR_THIYAGARAYA_COLLEGE,METRO_PURATCHI_THALAIVI_DR_J_JAYALALITHAA_CMBT,METRO_SIR_THIYAGARAYA_COLLEGE,Puratchi Thalaivi Dr.J.Jayalalithaa CMBT Metro,Sir Theagaraya College,PURATCHI THALAIVI DR.J.JAYALALITHAA CMBT METRO,THYAGARAYA COLLEGE,40.0,32.0,INR,CMRL,2021-02-22,CMRL_OFFICIAL
FARE_CMRL_METRO_PURATCHI_THALAIVI_DR_J_JAYALALITHAA_CMBT_TO_METRO_TONDIARPET,METRO_PURATCHI_THALAIVI_DR_J_JAYALALITHAA_CMBT,METRO_TONDIARPET,Puratchi Thalaivi Dr.J.Jayalalithaa CMBT Metro,Tondiarpet,PURATCHI THALAIVI DR.J.JAYALALITHAA CMBT METRO,TONDIARPET,40.0,32.0,INR,CMRL,2021-02-22,CMRL_OFFICIAL
FARE_CMRL_METRO_PURATCHI_THALAIVI_DR_J_JAYALALITHAA_CMBT_TO_METRO_NEW_WASHERMENPET,METRO_PURATCHI_THALAIVI_DR_J_JAYALALITHAA_CMBT,METRO_NEW_WASHERMENPET,Puratchi Thalaivi Dr.J.Jayalalithaa CMBT Metro,New Washermenpet,PURATCHI THALAIVI DR.J.JAYALALITHAA CMBT METRO,NEW WASHERMENPET,40.0,32.0,INR,CMRL,2021-02-22,CMRL_OFFICIAL
FARE_CMRL_METRO_PURATCHI_THALAIVI_DR_J_JAYALALITHAA_CMBT_TO_METRO_TOLLGATE,METRO_PURATCHI_THALAIVI_DR_J_JAYALALITHAA_CMBT,METRO_TOLLGATE,Puratchi Thalaivi Dr.J.Jayalalithaa CMBT Metro,Tollgate,PURATCHI THALAIVI DR.J.JAYALALITHAA CMBT METRO,TOLL GATE,40.0,32.0,INR,CMRL,2021-02-22,CMRL_OFFICIAL
FARE_CMRL_METRO_PURATCHI_THALAIVI_DR_J_JAYALALITHAA_CMBT_TO_METRO_KALADIPET,METRO_PURATCHI_THALAIVI_DR_J_JAYALALITHAA_CMBT,METRO_KALADIPET,Puratchi Thalaivi Dr.J.Jayalalithaa CMBT Metro,Kaladipet,PURATCHI THALAIVI DR.J.JAYALALITHAA CMBT METRO,KALADIPET,50.0,40.0,INR,CMRL,2021-02-22,CMRL_OFFICIAL
FARE_CMRL_METRO_PURATCHI_THALAIVI_DR_J_JAYALALITHAA_CMBT_TO_METRO_THIRUVOTTRIYUR_THERADI,METRO_PURATCHI_THALAIVI_DR_J_JAYALALITHAA_CMBT,METRO_THIRUVOTTRIYUR_THERADI,Puratchi Thalaivi Dr.J.Jayalalithaa CMBT Metro,Thiruvottiyur Theradi,PURATCHI THALAIVI DR.J.JAYALALITHAA CMBT METRO,THIRUVOTRIYUR THEREDI,50.0,40.0,INR,CMRL,2021-02-22,CMRL_OFFICIAL
FARE_CMRL_METRO_PURATCHI_THALAIVI_DR_J_JAYALALITHAA_CMBT_TO_METRO_THIRUVOTRIYUR,METRO_PURATCHI_THALAIVI_DR_J_JAYALALITHAA_CMBT,METRO_THIRUVOTRIYUR,Puratchi Thalaivi Dr.J.Jayalalithaa CMBT Metro,Thiruvottriyur,PURATCHI THALAIVI DR.J.JAYALALITHAA CMBT METRO,THIRUVOTRIYUR,50.0,40.0,INR,CMRL,2021-02-22,CMRL_OFFICIAL
FARE_CMRL_METRO_PURATCHI_THALAIVI_DR_J_JAYALALITHAA_CMBT_TO_METRO_WIMCO_NAGAR_6738,METRO_PURATCHI_THALAIVI_DR_J_JAYALALITHAA_CMBT,METRO_WIMCO_NAGAR_6738,Puratchi Thalaivi Dr.J.Jayalalithaa CMBT Metro,Wimco Nagar,PURATCHI THALAIVI DR.J.JAYALALITHAA CMBT METRO,WIMCO NAGAR,50.0,40.0,INR,CMRL,2021-02-22,CMRL_OFFICIAL
FARE_CMRL_METRO_PURATCHI_THALAIVI_DR_J_JAYALALITHAA_CMBT_TO_METRO_WIMCO_NAGAR,METRO_PURATCHI_THALAIVI_DR_J_JAYALALITHAA_CMBT,METRO_WIMCO_NAGAR,Puratchi Thalaivi Dr.J.Jayalalithaa CMBT Metro,Wimco Nagar Depot,PURATCHI THALAIVI DR.J.JAYALALITHAA CMBT METRO,WIMCO NAGAR DEPOT,50.0,40.0,INR,CMRL,2021-02-22,CMRL_OFFICIAL
FARE_CMRL_METRO_PURATCHI_THALAIVI_DR_J_JAYALALITHAA_CMBT_TO_METRO_EKKATTUTHANGAL,METRO_PURATCHI_THALAIVI_DR_J_JAYALALITHAA_CMBT,METRO_EKKATTUTHANGAL,Puratchi Thalaivi Dr.J.Jayalalithaa CMBT Metro,Ekkattuthangal,PURATCHI THALAIVI DR.J.JAYALALITHAA CMBT METRO,EKKATTUTHANGAL,30.0,24.0,INR,CMRL,2021-02-22,CMRL_OFFICIAL
FARE_CMRL_METRO_PURATCHI_THALAIVI_DR_J_JAYALALITHAA_CMBT_TO_METRO_ASHOK_NAGAR,METRO_PURATCHI_THALAIVI_DR_J_JAYALALITHAA_CMBT,METRO_ASHOK_NAGAR,Puratchi Thalaivi Dr.J.Jayalalithaa CMBT Metro,Ashok Nagar,PURATCHI THALAIVI DR.J.JAYALALITHAA CMBT METRO,ASHOK NAGAR,20.0,16.0,INR,CMRL,2021-02-22,CMRL_OFFICIAL
FARE_CMRL_METRO_PURATCHI_THALAIVI_DR_J_JAYALALITHAA_CMBT_TO_METRO_VADAPALANI,METRO_PURATCHI_THALAIVI_DR_J_JAYALALITHAA_CMBT,METRO_VADAPALANI,Puratchi Thalaivi Dr.J.Jayalalithaa CMBT Metro,Vadapalani,PURATCHI THALAIVI DR.J.JAYALALITHAA CMBT METRO,VADAPALANI,20.0,16.0,INR,CMRL,2021-02-22,CMRL_OFFICIAL
FARE_CMRL_METRO_PURATCHI_THALAIVI_DR_J_JAYALALITHAA_CMBT_TO_METRO_ARUMBAKKAM,METRO_PURATCHI_THALAIVI_DR_J_JAYALALITHAA_CMBT,METRO_ARUMBAKKAM,Puratchi Thalaivi Dr.J.Jayalalithaa CMBT Metro,Arumbakkam,PURATCHI THALAIVI DR.J.JAYALALITHAA CMBT METRO,ARUMBAKKAM,10.0,8.0,INR,CMRL,2021-02-22,CMRL_OFFICIAL
FARE_CMRL_METRO_PURATCHI_THALAIVI_DR_J_JAYALALITHAA_CMBT_TO_METRO_PURATCHI_THALAIVI_DR_J_JAYALALITHAA_CMBT,METRO_PURATCHI_THALAIVI_DR_J_JAYALALITHAA_CMBT,METRO_PURATCHI_THALAIVI_DR_J_JAYALALITHAA_CMBT,Puratchi Thalaivi Dr.J.Jayalalithaa CMBT Metro,Puratchi Thalaivi Dr.J.Jayalalithaa CMBT Metro,PURATCHI THALAIVI DR.J.JAYALALITHAA CMBT METRO,PURATCHI THALAIVI DR.J.JAYALALITHAA CMBT METRO,0.0,0.0,INR,CMRL,2021-02-22,CMRL_OFFICIAL
FARE_CMRL_METRO_PURATCHI_THALAIVI_DR_J_JAYALALITHAA_CMBT_TO_METRO_KOYAMBEDU,METRO_PURATCHI_THALAIVI_DR_J_JAYALALITHAA_CMBT,METRO_KOYAMBEDU,Puratchi Thalaivi Dr.J.Jayalalithaa CMBT Metro,Koyambedu,PURATCHI THALAIVI DR.J.JAYALALITHAA CMBT METRO,KOYAMBEDU,10.0,8.0,INR,CMRL,2021-02-22,CMRL_OFFICIAL
FARE_CMRL_METRO_PURATCHI_THALAIVI_DR_J_JAYALALITHAA_CMBT_TO_METRO_THIRUMANGALAM,METRO_PURATCHI_THALAIVI_DR_J_JAYALALITHAA_CMBT,METRO_THIRUMANGALAM,Puratchi Thalaivi Dr.J.Jayalalithaa CMBT Metro,Thirumangalam,PURATCHI THALAIVI DR.J.JAYALALITHAA CMBT METRO,THIRUMANGALAM,20.0,16.0,INR,CMRL,2021-02-22,CMRL_OFFICIAL
FARE_CMRL_METRO_PURATCHI_THALAIVI_DR_J_JAYALALITHAA_CMBT_TO_METRO_ANNA_NAGAR_TOWER,METRO_PURATCHI_THALAIVI_DR_J_JAYALALITHAA_CMBT,METRO_ANNA_NAGAR_TOWER,Puratchi Thalaivi Dr.J.Jayalalithaa CMBT Metro,Anna Nagar Tower,PURATCHI THALAIVI DR.J.JAYALALITHAA CMBT METRO,ANNA NAGAR TOWER,20.0,16.0,INR,CMRL,2021-02-22,CMRL_OFFICIAL
FARE_CMRL_METRO_PURATCHI_THALAIVI_DR_J_JAYALALITHAA_CMBT_TO_METRO_ANNA_NAGAR_EAST,METRO_PURATCHI_THALAIVI_DR_J_JAYALALITHAA_CMBT,METRO_ANNA_NAGAR_EAST,Puratchi Thalaivi Dr.J.Jayalalithaa CMBT Metro,Anna Nagar East,PURATCHI THALAIVI DR.J.JAYALALITHAA CMBT METRO,ANNA NAGAR EAST,20.0,16.0,INR,CMRL,2021-02-22,CMRL_OFFICIAL
FARE_CMRL_METRO_PURATCHI_THALAIVI_DR_J_JAYALALITHAA_CMBT_TO_METRO_SHENOY_NAGAR,METRO_PURATCHI_THALAIVI_DR_J_JAYALALITHAA_CMBT,METRO_SHENOY_NAGAR,Puratchi Thalaivi Dr.J.Jayalalithaa CMBT Metro,Shenoy Nagar,PURATCHI THALAIVI DR.J.JAYALALITHAA CMBT METRO,SHENOY NAGAR,30.0,24.0,INR,CMRL,2021-02-22,CMRL_OFFICIAL
FARE_CMRL_METRO_PURATCHI_THALAIVI_DR_J_JAYALALITHAA_CMBT_TO_METRO_PACHAIYAPPA_S_COLLEGE,METRO_PURATCHI_THALAIVI_DR_J_JAYALALITHAA_CMBT,METRO_PACHAIYAPPA_S_COLLEGE,Puratchi Thalaivi Dr.J.Jayalalithaa CMBT Metro,Pachaiyappa's College,PURATCHI THALAIVI DR.J.JAYALALITHAA CMBT METRO,PACHIAPPAS COLLEGE,30.0,24.0,INR,CMRL,2021-02-22,CMRL_OFFICIAL
FARE_CMRL_METRO_PURATCHI_THALAIVI_DR_J_JAYALALITHAA_CMBT_TO_METRO_KILPAUK,METRO_PURATCHI_THALAIVI_DR_J_JAYALALITHAA_CMBT,METRO_KILPAUK,Puratchi Thalaivi Dr.J.Jayalalithaa CMBT Metro,Kilpauk,PURATCHI THALAIVI DR.J.JAYALALITHAA CMBT METRO,KILPAUK,30.0,24.0,INR,CMRL,2021-02-22,CMRL_OFFICIAL
FARE_CMRL_METRO_PURATCHI_THALAIVI_DR_J_JAYALALITHAA_CMBT_TO_METRO_NEHRU_PARK,METRO_PURATCHI_THALAIVI_DR_J_JAYALALITHAA_CMBT,METRO_NEHRU_PARK,Puratchi Thalaivi Dr.J.Jayalalithaa CMBT Metro,Nehru Park,PURATCHI THALAIVI DR.J.JAYALALITHAA CMBT METRO,NEHRU PARK,30.0,24.0,INR,CMRL,2021-02-22,CMRL_OFFICIAL
FARE_CMRL_METRO_PURATCHI_THALAIVI_DR_J_JAYALALITHAA_CMBT_TO_METRO_EGMORE,METRO_PURATCHI_THALAIVI_DR_J_JAYALALITHAA_CMBT,METRO_EGMORE,Puratchi Thalaivi Dr.J.Jayalalithaa CMBT Metro,Egmore,PURATCHI THALAIVI DR.J.JAYALALITHAA CMBT METRO,EGMORE,30.0,24.0,INR,CMRL,2021-02-22,CMRL_OFFICIAL
FARE_CMRL_METRO_PURATCHI_THALAIVI_DR_J_JAYALALITHAA_CMBT_TO_METRO_ST__THOMAS_MOUNT,METRO_PURATCHI_THALAIVI_DR_J_JAYALALITHAA_CMBT,METRO_ST__THOMAS_MOUNT,Puratchi Thalaivi Dr.J.Jayalalithaa CMBT Metro,St. Thomas Mount,PURATCHI THALAIVI DR.J.JAYALALITHAA CMBT METRO,ST. THOMAS MOUNT,30.0,24.0,INR,CMRL,2021-02-22,CMRL_OFFICIAL
FARE_CMRL_METRO_KOYAMBEDU_TO_METRO_CHENNAI_INTERNATIONAL_AIRPORT,METRO_KOYAMBEDU,METRO_CHENNAI_INTERNATIONAL_AIRPORT,Koyambedu,Chennai International Airport,KOYAMBEDU,AIRPORT,40.0,32.0,INR,CMRL,2021-02-22,CMRL_OFFICIAL
FARE_CMRL_METRO_KOYAMBEDU_TO_METRO_MEENAMBAKKAM,METRO_KOYAMBEDU,METRO_MEENAMBAKKAM,Koyambedu,Meenambakkam,KOYAMBEDU,MEENAMBAKKAM,40.0,32.0,INR,CMRL,2021-02-22,CMRL_OFFICIAL
FARE_CMRL_METRO_KOYAMBEDU_TO_METRO_OTA_NANGANALLUR_ROAD,METRO_KOYAMBEDU,METRO_OTA_NANGANALLUR_ROAD,Koyambedu,OTA-Nanganallur Road,KOYAMBEDU,NANGANALLUR ROAD,30.0,24.0,INR,CMRL,2021-02-22,CMRL_OFFICIAL
FARE_CMRL_METRO_KOYAMBEDU_TO_METRO_ARIGNAR_ANNA_ALANDUR,METRO_KOYAMBEDU,METRO_ARIGNAR_ANNA_ALANDUR,Koyambedu,Arignar Anna Alandur Metro,KOYAMBEDU,ARIGNAR ANNA ALANDUR METRO,30.0,24.0,INR,CMRL,2021-02-22,CMRL_OFFICIAL
FARE_CMRL_METRO_KOYAMBEDU_TO_METRO_GUINDY,METRO_KOYAMBEDU,METRO_GUINDY,Koyambedu,Guindy,KOYAMBEDU,GUINDY,30.0,24.0,INR,CMRL,2021-02-22,CMRL_OFFICIAL
FARE_CMRL_METRO_KOYAMBEDU_TO_METRO_LITTLE_MOUNT,METRO_KOYAMBEDU,METRO_LITTLE_MOUNT,Koyambedu,Little Mount,KOYAMBEDU,LITTLE MOUNT,30.0,24.0,INR,CMRL,2021-02-22,CMRL_OFFICIAL
FARE_CMRL_METRO_KOYAMBEDU_TO_METRO_SAIDAPET,METRO_KOYAMBEDU,METRO_SAIDAPET,Koyambedu,Saidapet Metro,KOYAMBEDU,SAIDAPET,40.0,32.0,INR,CMRL,2021-02-22,CMRL_OFFICIAL
FARE_CMRL_METRO_KOYAMBEDU_TO_METRO_NANDANAM,METRO_KOYAMBEDU,METRO_NANDANAM,Koyambedu,Nandanam,KOYAMBEDU,NANDANAM,40.0,32.0,INR,CMRL,2021-02-22,CMRL_OFFICIAL
FARE_CMRL_METRO_KOYAMBEDU_TO_METRO_TEYNAMPET,METRO_KOYAMBEDU,METRO_TEYNAMPET,Koyambedu,Teynampet,KOYAMBEDU,TEYNAMPET,40.0,32.0,INR,CMRL,2021-02-22,CMRL_OFFICIAL
FARE_CMRL_METRO_KOYAMBEDU_TO_METRO_AG___8211__DMS,METRO_KOYAMBEDU,METRO_AG___8211__DMS,Koyambedu,AG – DMS,KOYAMBEDU,AG-DMS,40.0,32.0,INR,CMRL,2021-02-22,CMRL_OFFICIAL
FARE_CMRL_METRO_KOYAMBEDU_TO_METRO_THOUSAND_LIGHTS,METRO_KOYAMBEDU,METRO_THOUSAND_LIGHTS,Koyambedu,Thousand Lights,KOYAMBEDU,THOUSAND LIGHTS,40.0,32.0,INR,CMRL,2021-02-22,CMRL_OFFICIAL
FARE_CMRL_METRO_KOYAMBEDU_TO_METRO_LIC,METRO_KOYAMBEDU,METRO_LIC,Koyambedu,LIC,KOYAMBEDU,LIC,40.0,32.0,INR,CMRL,2021-02-22,CMRL_OFFICIAL
FARE_CMRL_METRO_KOYAMBEDU_TO_METRO_GOVERNMENT_ESTATE,METRO_KOYAMBEDU,METRO_GOVERNMENT_ESTATE,Koyambedu,Government Estate,KOYAMBEDU,GOVERNMENT ESTATE,40.0,32.0,INR,CMRL,2021-02-22,CMRL_OFFICIAL
FARE_CMRL_METRO_KOYAMBEDU_TO_METRO_PURATCHI_THALAIVAR_DR__M_G_RAMACHANDRAN_CENTRAL,METRO_KOYAMBEDU,METRO_PURATCHI_THALAIVAR_DR__M_G_RAMACHANDRAN_CENTRAL,Koyambedu,Puratchi Thalaivar Dr. M.G.Ramachandran Central Metro,KOYAMBEDU,PURATCHI THALAIVAR DR.M.G.RAMACHANDRAN CENTRAL METRO,30.0,24.0,INR,CMRL,2021-02-22,CMRL_OFFICIAL
FARE_CMRL_METRO_KOYAMBEDU_TO_METRO_HIGHCOURT,METRO_KOYAMBEDU,METRO_HIGHCOURT,Koyambedu,Highcourt,KOYAMBEDU,HIGH COURT,40.0,32.0,INR,CMRL,2021-02-22,CMRL_OFFICIAL
FARE_CMRL_METRO_KOYAMBEDU_TO_METRO_MANNADI,METRO_KOYAMBEDU,METRO_MANNADI,Koyambedu,Mannadi,KOYAMBEDU,MANNADI,40.0,32.0,INR,CMRL,2021-02-22,CMRL_OFFICIAL
FARE_CMRL_METRO_KOYAMBEDU_TO_METRO_WASHERMENPET,METRO_KOYAMBEDU,METRO_WASHERMENPET,Koyambedu,Washermenpet,KOYAMBEDU,WASHERMENPET,40.0,32.0,INR,CMRL,2021-02-22,CMRL_OFFICIAL
FARE_CMRL_METRO_KOYAMBEDU_TO_METRO_SIR_THIYAGARAYA_COLLEGE,METRO_KOYAMBEDU,METRO_SIR_THIYAGARAYA_COLLEGE,Koyambedu,Sir Theagaraya College,KOYAMBEDU,THYAGARAYA COLLEGE,40.0,32.0,INR,CMRL,2021-02-22,CMRL_OFFICIAL
FARE_CMRL_METRO_KOYAMBEDU_TO_METRO_TONDIARPET,METRO_KOYAMBEDU,METRO_TONDIARPET,Koyambedu,Tondiarpet,KOYAMBEDU,TONDIARPET,40.0,32.0,INR,CMRL,2021-02-22,CMRL_OFFICIAL
FARE_CMRL_METRO_KOYAMBEDU_TO_METRO_NEW_WASHERMENPET,METRO_KOYAMBEDU,METRO_NEW_WASHERMENPET,Koyambedu,New Washermenpet,KOYAMBEDU,NEW WASHERMENPET,40.0,32.0,INR,CMRL,2021-02-22,CMRL_OFFICIAL
FARE_CMRL_METRO_KOYAMBEDU_TO_METRO_TOLLGATE,METRO_KOYAMBEDU,METRO_TOLLGATE,Koyambedu,Tollgate,KOYAMBEDU,TOLL GATE,40.0,32.0,INR,CMRL,2021-02-22,CMRL_OFFICIAL
FARE_CMRL_METRO_KOYAMBEDU_TO_METRO_KALADIPET,METRO_KOYAMBEDU,METRO_KALADIPET,Koyambedu,Kaladipet,KOYAMBEDU,KALADIPET,40.0,32.0,INR,CMRL,2021-02-22,CMRL_OFFICIAL
FARE_CMRL_METRO_KOYAMBEDU_TO_METRO_THIRUVOTTRIYUR_THERADI,METRO_KOYAMBEDU,METRO_THIRUVOTTRIYUR_THERADI,Koyambedu,Thiruvottiyur Theradi,KOYAMBEDU,THIRUVOTRIYUR THEREDI,40.0,32.0,INR,CMRL,2021-02-22,CMRL_OFFICIAL
FARE_CMRL_METRO_KOYAMBEDU_TO_METRO_THIRUVOTRIYUR,METRO_KOYAMBEDU,METRO_THIRUVOTRIYUR,Koyambedu,Thiruvottriyur,KOYAMBEDU,THIRUVOTRIYUR,50.0,40.0,INR,CMRL,2021-02-22,CMRL_OFFICIAL
FARE_CMRL_METRO_KOYAMBEDU_TO_METRO_WIMCO_NAGAR_6738,METRO_KOYAMBEDU,METRO_WIMCO_NAGAR_6738,Koyambedu,Wimco Nagar,KOYAMBEDU,WIMCO NAGAR,50.0,40.0,INR,CMRL,2021-02-22,CMRL_OFFICIAL
FARE_CMRL_METRO_KOYAMBEDU_TO_METRO_WIMCO_NAGAR,METRO_KOYAMBEDU,METRO_WIMCO_NAGAR,Koyambedu,Wimco Nagar Depot,KOYAMBEDU,WIMCO NAGAR DEPOT,50.0,40.0,INR,CMRL,2021-02-22,CMRL_OFFICIAL
FARE_CMRL_METRO_KOYAMBEDU_TO_METRO_EKKATTUTHANGAL,METRO_KOYAMBEDU,METRO_EKKATTUTHANGAL,Koyambedu,Ekkattuthangal,KOYAMBEDU,EKKATTUTHANGAL,30.0,24.0,INR,CMRL,2021-02-22,CMRL_OFFICIAL
FARE_CMRL_METRO_KOYAMBEDU_TO_METRO_ASHOK_NAGAR,METRO_KOYAMBEDU,METRO_ASHOK_NAGAR,Koyambedu,Ashok Nagar,KOYAMBEDU,ASHOK NAGAR,30.0,24.0,INR,CMRL,2021-02-22,CMRL_OFFICIAL
FARE_CMRL_METRO_KOYAMBEDU_TO_METRO_VADAPALANI,METRO_KOYAMBEDU,METRO_VADAPALANI,Koyambedu,Vadapalani,KOYAMBEDU,VADAPALANI,20.0,16.0,INR,CMRL,2021-02-22,CMRL_OFFICIAL
FARE_CMRL_METRO_KOYAMBEDU_TO_METRO_ARUMBAKKAM,METRO_KOYAMBEDU,METRO_ARUMBAKKAM,Koyambedu,Arumbakkam,KOYAMBEDU,ARUMBAKKAM,20.0,16.0,INR,CMRL,2021-02-22,CMRL_OFFICIAL
FARE_CMRL_METRO_KOYAMBEDU_TO_METRO_PURATCHI_THALAIVI_DR_J_JAYALALITHAA_CMBT,METRO_KOYAMBEDU,METRO_PURATCHI_THALAIVI_DR_J_JAYALALITHAA_CMBT,Koyambedu,Puratchi Thalaivi Dr.J.Jayalalithaa CMBT Metro,KOYAMBEDU,PURATCHI THALAIVI DR.J.JAYALALITHAA CMBT METRO,10.0,8.0,INR,CMRL,2021-02-22,CMRL_OFFICIAL
FARE_CMRL_METRO_KOYAMBEDU_TO_METRO_KOYAMBEDU,METRO_KOYAMBEDU,METRO_KOYAMBEDU,Koyambedu,Koyambedu,KOYAMBEDU,KOYAMBEDU,0.0,0.0,INR,CMRL,2021-02-22,CMRL_OFFICIAL
FARE_CMRL_METRO_KOYAMBEDU_TO_METRO_THIRUMANGALAM,METRO_KOYAMBEDU,METRO_THIRUMANGALAM,Koyambedu,Thirumangalam,KOYAMBEDU,THIRUMANGALAM,10.0,8.0,INR,CMRL,2021-02-22,CMRL_OFFICIAL
FARE_CMRL_METRO_KOYAMBEDU_TO_METRO_ANNA_NAGAR_TOWER,METRO_KOYAMBEDU,METRO_ANNA_NAGAR_TOWER,Koyambedu,Anna Nagar Tower,KOYAMBEDU,ANNA NAGAR TOWER,20.0,16.0,INR,CMRL,2021-02-22,CMRL_OFFICIAL
FARE_CMRL_METRO_KOYAMBEDU_TO_METRO_ANNA_NAGAR_EAST,METRO_KOYAMBEDU,METRO_ANNA_NAGAR_EAST,Koyambedu,Anna Nagar East,KOYAMBEDU,ANNA NAGAR EAST,20.0,16.0,INR,CMRL,2021-02-22,CMRL_OFFICIAL
FARE_CMRL_METRO_KOYAMBEDU_TO_METRO_SHENOY_NAGAR,METRO_KOYAMBEDU,METRO_SHENOY_NAGAR,Koyambedu,Shenoy Nagar,KOYAMBEDU,SHENOY NAGAR,20.0,16.0,INR,CMRL,2021-02-22,CMRL_OFFICIAL
FARE_CMRL_METRO_KOYAMBEDU_TO_METRO_PACHAIYAPPA_S_COLLEGE,METRO_KOYAMBEDU,METRO_PACHAIYAPPA_S_COLLEGE,Koyambedu,Pachaiyappa's College,KOYAMBEDU,PACHIAPPAS COLLEGE,30.0,24.0,INR,CMRL,2021-02-22,CMRL_OFFICIAL
FARE_CMRL_METRO_KOYAMBEDU_TO_METRO_KILPAUK,METRO_KOYAMBEDU,METRO_KILPAUK,Koyambedu,Kilpauk,KOYAMBEDU,KILPAUK,30.0,24.0,INR,CMRL,2021-02-22,CMRL_OFFICIAL
FARE_CMRL_METRO_KOYAMBEDU_TO_METRO_NEHRU_PARK,METRO_KOYAMBEDU,METRO_NEHRU_PARK,Koyambedu,Nehru Park,KOYAMBEDU,NEHRU PARK,30.0,24.0,INR,CMRL,2021-02-22,CMRL_OFFICIAL
FARE_CMRL_METRO_KOYAMBEDU_TO_METRO_EGMORE,METRO_KOYAMBEDU,METRO_EGMORE,Koyambedu,Egmore,KOYAMBEDU,EGMORE,30.0,24.0,INR,CMRL,2021-02-22,CMRL_OFFICIAL
FARE_CMRL_METRO_KOYAMBEDU_TO_METRO_ST__THOMAS_MOUNT,METRO_KOYAMBEDU,METRO_ST__THOMAS_MOUNT,Koyambedu,St. Thomas Mount,KOYAMBEDU,ST. THOMAS MOUNT,30.0,24.0,INR,CMRL,2021-02-22,CMRL_OFFICIAL
FARE_CMRL_METRO_THIRUMANGALAM_TO_METRO_CHENNAI_INTERNATIONAL_AIRPORT,METRO_THIRUMANGALAM,METRO_CHENNAI_INTERNATIONAL_AIRPORT,Thirumangalam,Chennai International Airport,THIRUMANGALAM,AIRPORT,40.0,32.0,INR,CMRL,2021-02-22,CMRL_OFFICIAL
FARE_CMRL_METRO_THIRUMANGALAM_TO_METRO_MEENAMBAKKAM,METRO_THIRUMANGALAM,METRO_MEENAMBAKKAM,Thirumangalam,Meenambakkam,THIRUMANGALAM,MEENAMBAKKAM,40.0,32.0,INR,CMRL,2021-02-22,CMRL_OFFICIAL
FARE_CMRL_METRO_THIRUMANGALAM_TO_METRO_OTA_NANGANALLUR_ROAD,METRO_THIRUMANGALAM,METRO_OTA_NANGANALLUR_ROAD,Thirumangalam,OTA-Nanganallur Road,THIRUMANGALAM,NANGANALLUR ROAD,40.0,32.0,INR,CMRL,2021-02-22,CMRL_OFFICIAL
FARE_CMRL_METRO_THIRUMANGALAM_TO_METRO_ARIGNAR_ANNA_ALANDUR,METRO_THIRUMANGALAM,METRO_ARIGNAR_ANNA_ALANDUR,Thirumangalam,Arignar Anna Alandur Metro,THIRUMANGALAM,ARIGNAR ANNA ALANDUR METRO,30.0,24.0,INR,CMRL,2021-02-22,CMRL_OFFICIAL
FARE_CMRL_METRO_THIRUMANGALAM_TO_METRO_GUINDY,METRO_THIRUMANGALAM,METRO_GUINDY,Thirumangalam,Guindy,THIRUMANGALAM,GUINDY,40.0,32.0,INR,CMRL,2021-02-22,CMRL_OFFICIAL
FARE_CMRL_METRO_THIRUMANGALAM_TO_METRO_LITTLE_MOUNT,METRO_THIRUMANGALAM,METRO_LITTLE_MOUNT,Thirumangalam,Little Mount,THIRUMANGALAM,LITTLE MOUNT,40.0,32.0,INR,CMRL,2021-02-22,CMRL_OFFICIAL
FARE_CMRL_METRO_THIRUMANGALAM_TO_METRO_SAIDAPET,METRO_THIRUMANGALAM,METRO_SAIDAPET,Thirumangalam,Saidapet Metro,THIRUMANGALAM,SAIDAPET,40.0,32.0,INR,CMRL,2021-02-22,CMRL_OFFICIAL
FARE_CMRL_METRO_THIRUMANGALAM_TO_METRO_NANDANAM,METRO_THIRUMANGALAM,METRO_NANDANAM,Thirumangalam,Nandanam,THIRUMANGALAM,NANDANAM,40.0,32.0,INR,CMRL,2021-02-22,CMRL_OFFICIAL
FARE_CMRL_METRO_THIRUMANGALAM_TO_METRO_TEYNAMPET,METRO_THIRUMANGALAM,METRO_TEYNAMPET,Thirumangalam,Teynampet,THIRUMANGALAM,TEYNAMPET,40.0,32.0,INR,CMRL,2021-02-22,CMRL_OFFICIAL
FARE_CMRL_METRO_THIRUMANGALAM_TO_METRO_AG___8211__DMS,METRO_THIRUMANGALAM,METRO_AG___8211__DMS,Thirumangalam,AG – DMS,THIRUMANGALAM,AG-DMS,40.0,32.0,INR,CMRL,2021-02-22,CMRL_OFFICIAL
FARE_CMRL_METRO_THIRUMANGALAM_TO_METRO_THOUSAND_LIGHTS,METRO_THIRUMANGALAM,METRO_THOUSAND_LIGHTS,Thirumangalam,Thousand Lights,THIRUMANGALAM,THOUSAND LIGHTS,40.0,32.0,INR,CMRL,2021-02-22,CMRL_OFFICIAL
FARE_CMRL_METRO_THIRUMANGALAM_TO_METRO_LIC,METRO_THIRUMANGALAM,METRO_LIC,Thirumangalam,LIC,THIRUMANGALAM,LIC,30.0,24.0,INR,CMRL,2021-02-22,CMRL_OFFICIAL
FARE_CMRL_METRO_THIRUMANGALAM_TO_METRO_GOVERNMENT_ESTATE,METRO_THIRUMANGALAM,METRO_GOVERNMENT_ESTATE,Thirumangalam,Government Estate,THIRUMANGALAM,GOVERNMENT ESTATE,30.0,24.0,INR,CMRL,2021-02-22,CMRL_OFFICIAL
FARE_CMRL_METRO_THIRUMANGALAM_TO_METRO_PURATCHI_THALAIVAR_DR__M_G_RAMACHANDRAN_CENTRAL,METRO_THIRUMANGALAM,METRO_PURATCHI_THALAIVAR_DR__M_G_RAMACHANDRAN_CENTRAL,Thirumangalam,Puratchi Thalaivar Dr. M.G.Ramachandran Central Metro,THIRUMANGALAM,PURATCHI THALAIVAR DR.M.G.RAMACHANDRAN CENTRAL METRO,30.0,24.0,INR,CMRL,2021-02-22,CMRL_OFFICIAL
FARE_CMRL_METRO_THIRUMANGALAM_TO_METRO_HIGHCOURT,METRO_THIRUMANGALAM,METRO_HIGHCOURT,Thirumangalam,Highcourt,THIRUMANGALAM,HIGH COURT,30.0,24.0,INR,CMRL,2021-02-22,CMRL_OFFICIAL
FARE_CMRL_METRO_THIRUMANGALAM_TO_METRO_MANNADI,METRO_THIRUMANGALAM,METRO_MANNADI,Thirumangalam,Mannadi,THIRUMANGALAM,MANNADI,30.0,24.0,INR,CMRL,2021-02-22,CMRL_OFFICIAL
FARE_CMRL_METRO_THIRUMANGALAM_TO_METRO_WASHERMENPET,METRO_THIRUMANGALAM,METRO_WASHERMENPET,Thirumangalam,Washermenpet,THIRUMANGALAM,WASHERMENPET,40.0,32.0,INR,CMRL,2021-02-22,CMRL_OFFICIAL
FARE_CMRL_METRO_THIRUMANGALAM_TO_METRO_SIR_THIYAGARAYA_COLLEGE,METRO_THIRUMANGALAM,METRO_SIR_THIYAGARAYA_COLLEGE,Thirumangalam,Sir Theagaraya College,THIRUMANGALAM,THYAGARAYA COLLEGE,40.0,32.0,INR,CMRL,2021-02-22,CMRL_OFFICIAL
FARE_CMRL_METRO_THIRUMANGALAM_TO_METRO_TONDIARPET,METRO_THIRUMANGALAM,METRO_TONDIARPET,Thirumangalam,Tondiarpet,THIRUMANGALAM,TONDIARPET,40.0,32.0,INR,CMRL,2021-02-22,CMRL_OFFICIAL
FARE_CMRL_METRO_THIRUMANGALAM_TO_METRO_NEW_WASHERMENPET,METRO_THIRUMANGALAM,METRO_NEW_WASHERMENPET,Thirumangalam,New Washermenpet,THIRUMANGALAM,NEW WASHERMENPET,40.0,32.0,INR,CMRL,2021-02-22,CMRL_OFFICIAL
FARE_CMRL_METRO_THIRUMANGALAM_TO_METRO_TOLLGATE,METRO_THIRUMANGALAM,METRO_TOLLGATE,Thirumangalam,Tollgate,THIRUMANGALAM,TOLL GATE,40.0,32.0,INR,CMRL,2021-02-22,CMRL_OFFICIAL
FARE_CMRL_METRO_THIRUMANGALAM_TO_METRO_KALADIPET,METRO_THIRUMANGALAM,METRO_KALADIPET,Thirumangalam,Kaladipet,THIRUMANGALAM,KALADIPET,40.0,32.0,INR,CMRL,2021-02-22,CMRL_OFFICIAL
FARE_CMRL_METRO_THIRUMANGALAM_TO_METRO_THIRUVOTTRIYUR_THERADI,METRO_THIRUMANGALAM,METRO_THIRUVOTTRIYUR_THERADI,Thirumangalam,Thiruvottiyur Theradi,THIRUMANGALAM,THIRUVOTRIYUR THEREDI,40.0,32.0,INR,CMRL,2021-02-22,CMRL_OFFICIAL
FARE_CMRL_METRO_THIRUMANGALAM_TO_METRO_THIRUVOTRIYUR,METRO_THIRUMANGALAM,METRO_THIRUVOTRIYUR,Thirumangalam,Thiruvottriyur,THIRUMANGALAM,THIRUVOTRIYUR,40.0,32.0,INR,CMRL,2021-02-22,CMRL_OFFICIAL
FARE_CMRL_METRO_THIRUMANGALAM_TO_METRO_WIMCO_NAGAR_6738,METRO_THIRUMANGALAM,METRO_WIMCO_NAGAR_6738,Thirumangalam,Wimco Nagar,THIRUMANGALAM,WIMCO NAGAR,50.0,40.0,INR,CMRL,2021-02-22,CMRL_OFFICIAL
FARE_CMRL_METRO_THIRUMANGALAM_TO_METRO_WIMCO_NAGAR,METRO_THIRUMANGALAM,METRO_WIMCO_NAGAR,Thirumangalam,Wimco Nagar Depot,THIRUMANGALAM,WIMCO NAGAR DEPOT,50.0,40.0,INR,CMRL,2021-02-22,CMRL_OFFICIAL
FARE_CMRL_METRO_THIRUMANGALAM_TO_METRO_EKKATTUTHANGAL,METRO_THIRUMANGALAM,METRO_EKKATTUTHANGAL,Thirumangalam,Ekkattuthangal,THIRUMANGALAM,EKKATTUTHANGAL,30.0,24.0,INR,CMRL,2021-02-22,CMRL_OFFICIAL
FARE_CMRL_METRO_THIRUMANGALAM_TO_METRO_ASHOK_NAGAR,METRO_THIRUMANGALAM,METRO_ASHOK_NAGAR,Thirumangalam,Ashok Nagar,THIRUMANGALAM,ASHOK NAGAR,30.0,24.0,INR,CMRL,2021-02-22,CMRL_OFFICIAL
FARE_CMRL_METRO_THIRUMANGALAM_TO_METRO_VADAPALANI,METRO_THIRUMANGALAM,METRO_VADAPALANI,Thirumangalam,Vadapalani,THIRUMANGALAM,VADAPALANI,30.0,24.0,INR,CMRL,2021-02-22,CMRL_OFFICIAL
FARE_CMRL_METRO_THIRUMANGALAM_TO_METRO_ARUMBAKKAM,METRO_THIRUMANGALAM,METRO_ARUMBAKKAM,Thirumangalam,Arumbakkam,THIRUMANGALAM,ARUMBAKKAM,20.0,16.0,INR,CMRL,2021-02-22,CMRL_OFFICIAL
FARE_CMRL_METRO_THIRUMANGALAM_TO_METRO_PURATCHI_THALAIVI_DR_J_JAYALALITHAA_CMBT,METRO_THIRUMANGALAM,METRO_PURATCHI_THALAIVI_DR_J_JAYALALITHAA_CMBT,Thirumangalam,Puratchi Thalaivi Dr.J.Jayalalithaa CMBT Metro,THIRUMANGALAM,PURATCHI THALAIVI DR.J.JAYALALITHAA CMBT METRO,20.0,16.0,INR,CMRL,2021-02-22,CMRL_OFFICIAL
FARE_CMRL_METRO_THIRUMANGALAM_TO_METRO_KOYAMBEDU,METRO_THIRUMANGALAM,METRO_KOYAMBEDU,Thirumangalam,Koyambedu,THIRUMANGALAM,KOYAMBEDU,10.0,8.0,INR,CMRL,2021-02-22,CMRL_OFFICIAL
FARE_CMRL_METRO_THIRUMANGALAM_TO_METRO_THIRUMANGALAM,METRO_THIRUMANGALAM,METRO_THIRUMANGALAM,Thirumangalam,Thirumangalam,THIRUMANGALAM,THIRUMANGALAM,0.0,0.0,INR,CMRL,2021-02-22,CMRL_OFFICIAL
FARE_CMRL_METRO_THIRUMANGALAM_TO_METRO_ANNA_NAGAR_TOWER,METRO_THIRUMANGALAM,METRO_ANNA_NAGAR_TOWER,Thirumangalam,Anna Nagar Tower,THIRUMANGALAM,ANNA NAGAR TOWER,10.0,8.0,INR,CMRL,2021-02-22,CMRL_OFFICIAL
FARE_CMRL_METRO_THIRUMANGALAM_TO_METRO_ANNA_NAGAR_EAST,METRO_THIRUMANGALAM,METRO_ANNA_NAGAR_EAST,Thirumangalam,Anna Nagar East,THIRUMANGALAM,ANNA NAGAR EAST,10.0,8.0,INR,CMRL,2021-02-22,CMRL_OFFICIAL
FARE_CMRL_METRO_THIRUMANGALAM_TO_METRO_SHENOY_NAGAR,METRO_THIRUMANGALAM,METRO_SHENOY_NAGAR,Thirumangalam,Shenoy Nagar,THIRUMANGALAM,SHENOY NAGAR,20.0,16.0,INR,CMRL,2021-02-22,CMRL_OFFICIAL
FARE_CMRL_METRO_THIRUMANGALAM_TO_METRO_PACHAIYAPPA_S_COLLEGE,METRO_THIRUMANGALAM,METRO_PACHAIYAPPA_S_COLLEGE,Thirumangalam,Pachaiyappa's College,THIRUMANGALAM,PACHIAPPAS COLLEGE,20.0,16.0,INR,CMRL,2021-02-22,CMRL_OFFICIAL
FARE_CMRL_METRO_THIRUMANGALAM_TO_METRO_KILPAUK,METRO_THIRUMANGALAM,METRO_KILPAUK,Thirumangalam,Kilpauk,THIRUMANGALAM,KILPAUK,30.0,24.0,INR,CMRL,2021-02-22,CMRL_OFFICIAL
FARE_CMRL_METRO_THIRUMANGALAM_TO_METRO_NEHRU_PARK,METRO_THIRUMANGALAM,METRO_NEHRU_PARK,Thirumangalam,Nehru Park,THIRUMANGALAM,NEHRU PARK,30.0,24.0,INR,CMRL,2021-02-22,CMRL_OFFICIAL
FARE_CMRL_METRO_THIRUMANGALAM_TO_METRO_EGMORE,METRO_THIRUMANGALAM,METRO_EGMORE,Thirumangalam,Egmore,THIRUMANGALAM,EGMORE,30.0,24.0,INR,CMRL,2021-02-22,CMRL_OFFICIAL
FARE_CMRL_METRO_THIRUMANGALAM_TO_METRO_ST__THOMAS_MOUNT,METRO_THIRUMANGALAM,METRO_ST__THOMAS_MOUNT,Thirumangalam,St. Thomas Mount,THIRUMANGALAM,ST. THOMAS MOUNT,40.0,32.0,INR,CMRL,2021-02-22,CMRL_OFFICIAL
FARE_CMRL_METRO_ANNA_NAGAR_TOWER_TO_METRO_CHENNAI_INTERNATIONAL_AIRPORT,METRO_ANNA_NAGAR_TOWER,METRO_CHENNAI_INTERNATIONAL_AIRPORT,Anna Nagar Tower,Chennai International Airport,ANNA NAGAR TOWER,AIRPORT,40.0,32.0,INR,CMRL,2021-02-22,CMRL_OFFICIAL
FARE_CMRL_METRO_ANNA_NAGAR_TOWER_TO_METRO_MEENAMBAKKAM,METRO_ANNA_NAGAR_TOWER,METRO_MEENAMBAKKAM,Anna Nagar Tower,Meenambakkam,ANNA NAGAR TOWER,MEENAMBAKKAM,40.0,32.0,INR,CMRL,2021-02-22,CMRL_OFFICIAL
FARE_CMRL_METRO_ANNA_NAGAR_TOWER_TO_METRO_OTA_NANGANALLUR_ROAD,METRO_ANNA_NAGAR_TOWER,METRO_OTA_NANGANALLUR_ROAD,Anna Nagar Tower,OTA-Nanganallur Road,ANNA NAGAR TOWER,NANGANALLUR ROAD,40.0,32.0,INR,CMRL,2021-02-22,CMRL_OFFICIAL
FARE_CMRL_METRO_ANNA_NAGAR_TOWER_TO_METRO_ARIGNAR_ANNA_ALANDUR,METRO_ANNA_NAGAR_TOWER,METRO_ARIGNAR_ANNA_ALANDUR,Anna Nagar Tower,Arignar Anna Alandur Metro,ANNA NAGAR TOWER,ARIGNAR ANNA ALANDUR METRO,30.0,24.0,INR,CMRL,2021-02-22,CMRL_OFFICIAL
FARE_CMRL_METRO_ANNA_NAGAR_TOWER_TO_METRO_GUINDY,METRO_ANNA_NAGAR_TOWER,METRO_GUINDY,Anna Nagar Tower,Guindy,ANNA NAGAR TOWER,GUINDY,40.0,32.0,INR,CMRL,2021-02-22,CMRL_OFFICIAL
FARE_CMRL_METRO_ANNA_NAGAR_TOWER_TO_METRO_LITTLE_MOUNT,METRO_ANNA_NAGAR_TOWER,METRO_LITTLE_MOUNT,Anna Nagar Tower,Little Mount,ANNA NAGAR TOWER,LITTLE MOUNT,40.0,32.0,INR,CMRL,2021-02-22,CMRL_OFFICIAL
FARE_CMRL_METRO_ANNA_NAGAR_TOWER_TO_METRO_SAIDAPET,METRO_ANNA_NAGAR_TOWER,METRO_SAIDAPET,Anna Nagar Tower,Saidapet Metro,ANNA NAGAR TOWER,SAIDAPET,40.0,32.0,INR,CMRL,2021-02-22,CMRL_OFFICIAL
FARE_CMRL_METRO_ANNA_NAGAR_TOWER_TO_METRO_NANDANAM,METRO_ANNA_NAGAR_TOWER,METRO_NANDANAM,Anna Nagar Tower,Nandanam,ANNA NAGAR TOWER,NANDANAM,40.0,32.0,INR,CMRL,2021-02-22,CMRL_OFFICIAL
FARE_CMRL_METRO_ANNA_NAGAR_TOWER_TO_METRO_TEYNAMPET,METRO_ANNA_NAGAR_TOWER,METRO_TEYNAMPET,Anna Nagar Tower,Teynampet,ANNA NAGAR TOWER,TEYNAMPET,40.0,32.0,INR,CMRL,2021-02-22,CMRL_OFFICIAL
FARE_CMRL_METRO_ANNA_NAGAR_TOWER_TO_METRO_AG___8211__DMS,METRO_ANNA_NAGAR_TOWER,METRO_AG___8211__DMS,Anna Nagar Tower,AG – DMS,ANNA NAGAR TOWER,AG-DMS,40.0,32.0,INR,CMRL,2021-02-22,CMRL_OFFICIAL
FARE_CMRL_METRO_ANNA_NAGAR_TOWER_TO_METRO_THOUSAND_LIGHTS,METRO_ANNA_NAGAR_TOWER,METRO_THOUSAND_LIGHTS,Anna Nagar Tower,Thousand Lights,ANNA NAGAR TOWER,THOUSAND LIGHTS,30.0,24.0,INR,CMRL,2021-02-22,CMRL_OFFICIAL
FARE_CMRL_METRO_ANNA_NAGAR_TOWER_TO_METRO_LIC,METRO_ANNA_NAGAR_TOWER,METRO_LIC,Anna Nagar Tower,LIC,ANNA NAGAR TOWER,LIC,30.0,24.0,INR,CMRL,2021-02-22,CMRL_OFFICIAL
FARE_CMRL_METRO_ANNA_NAGAR_TOWER_TO_METRO_GOVERNMENT_ESTATE,METRO_ANNA_NAGAR_TOWER,METRO_GOVERNMENT_ESTATE,Anna Nagar Tower,Government Estate,ANNA NAGAR TOWER,GOVERNMENT ESTATE,30.0,24.0,INR,CMRL,2021-02-22,CMRL_OFFICIAL
FARE_CMRL_METRO_ANNA_NAGAR_TOWER_TO_METRO_PURATCHI_THALAIVAR_DR__M_G_RAMACHANDRAN_CENTRAL,METRO_ANNA_NAGAR_TOWER,METRO_PURATCHI_THALAIVAR_DR__M_G_RAMACHANDRAN_CENTRAL,Anna Nagar Tower,Puratchi Thalaivar Dr. M.G.Ramachandran Central Metro,ANNA NAGAR TOWER,PURATCHI THALAIVAR DR.M.G.RAMACHANDRAN CENTRAL METRO,30.0,24.0,INR,CMRL,2021-02-22,CMRL_OFFICIAL
FARE_CMRL_METRO_ANNA_NAGAR_TOWER_TO_METRO_HIGHCOURT,METRO_ANNA_NAGAR_TOWER,METRO_HIGHCOURT,Anna Nagar Tower,Highcourt,ANNA NAGAR TOWER,HIGH COURT,30.0,24.0,INR,CMRL,2021-02-22,CMRL_OFFICIAL
FARE_CMRL_METRO_ANNA_NAGAR_TOWER_TO_METRO_MANNADI,METRO_ANNA_NAGAR_TOWER,METRO_MANNADI,Anna Nagar Tower,Mannadi,ANNA NAGAR TOWER,MANNADI,30.0,24.0,INR,CMRL,2021-02-22,CMRL_OFFICIAL
FARE_CMRL_METRO_ANNA_NAGAR_TOWER_TO_METRO_WASHERMENPET,METRO_ANNA_NAGAR_TOWER,METRO_WASHERMENPET,Anna Nagar Tower,Washermenpet,ANNA NAGAR TOWER,WASHERMENPET,40.0,32.0,INR,CMRL,2021-02-22,CMRL_OFFICIAL
FARE_CMRL_METRO_ANNA_NAGAR_TOWER_TO_METRO_SIR_THIYAGARAYA_COLLEGE,METRO_ANNA_NAGAR_TOWER,METRO_SIR_THIYAGARAYA_COLLEGE,Anna Nagar Tower,Sir Theagaraya College,ANNA NAGAR TOWER,THYAGARAYA COLLEGE,40.0,32.0,INR,CMRL,2021-02-22,CMRL_OFFICIAL
FARE_CMRL_METRO_ANNA_NAGAR_TOWER_TO_METRO_TONDIARPET,METRO_ANNA_NAGAR_TOWER,METRO_TONDIARPET,Anna Nagar Tower,Tondiarpet,ANNA NAGAR TOWER,TONDIARPET,40.0,32.0,INR,CMRL,2021-02-22,CMRL_OFFICIAL
FARE_CMRL_METRO_ANNA_NAGAR_TOWER_TO_METRO_NEW_WASHERMENPET,METRO_ANNA_NAGAR_TOWER,METRO_NEW_WASHERMENPET,Anna Nagar Tower,New Washermenpet,ANNA NAGAR TOWER,NEW WASHERMENPET,40.0,32.0,INR,CMRL,2021-02-22,CMRL_OFFICIAL
FARE_CMRL_METRO_ANNA_NAGAR_TOWER_TO_METRO_TOLLGATE,METRO_ANNA_NAGAR_TOWER,METRO_TOLLGATE,Anna Nagar Tower,Tollgate,ANNA NAGAR TOWER,TOLL GATE,40.0,32.0,INR,CMRL,2021-02-22,CMRL_OFFICIAL
FARE_CMRL_METRO_ANNA_NAGAR_TOWER_TO_METRO_KALADIPET,METRO_ANNA_NAGAR_TOWER,METRO_KALADIPET,Anna Nagar Tower,Kaladipet,ANNA NAGAR TOWER,KALADIPET,40.0,32.0,INR,CMRL,2021-02-22,CMRL_OFFICIAL
FARE_CMRL_METRO_ANNA_NAGAR_TOWER_TO_METRO_THIRUVOTTRIYUR_THERADI,METRO_ANNA_NAGAR_TOWER,METRO_THIRUVOTTRIYUR_THERADI,Anna Nagar Tower,Thiruvottiyur Theradi,ANNA NAGAR TOWER,THIRUVOTRIYUR THEREDI,40.0,32.0,INR,CMRL,2021-02-22,CMRL_OFFICIAL
FARE_CMRL_METRO_ANNA_NAGAR_TOWER_TO_METRO_THIRUVOTRIYUR,METRO_ANNA_NAGAR_TOWER,METRO_THIRUVOTRIYUR,Anna Nagar Tower,Thiruvottriyur,ANNA NAGAR TOWER,THIRUVOTRIYUR,40.0,32.0,INR,CMRL,2021-02-22,CMRL_OFFICIAL
FARE_CMRL_METRO_ANNA_NAGAR_TOWER_TO_METRO_WIMCO_NAGAR_6738,METRO_ANNA_NAGAR_TOWER,METRO_WIMCO_NAGAR_6738,Anna Nagar Tower,Wimco Nagar,ANNA NAGAR TOWER,WIMCO NAGAR,40.0,32.0,INR,CMRL,2021-02-22,CMRL_OFFICIAL
FARE_CMRL_METRO_ANNA_NAGAR_TOWER_TO_METRO_WIMCO_NAGAR,METRO_ANNA_NAGAR_TOWER,METRO_WIMCO_NAGAR,Anna Nagar Tower,Wimco Nagar Depot,ANNA NAGAR TOWER,WIMCO NAGAR DEPOT,50.0,40.0,INR,CMRL,2021-02-22,CMRL_OFFICIAL
FARE_CMRL_METRO_ANNA_NAGAR_TOWER_TO_METRO_EKKATTUTHANGAL,METRO_ANNA_NAGAR_TOWER,METRO_EKKATTUTHANGAL,Anna Nagar Tower,Ekkattuthangal,ANNA NAGAR TOWER,EKKATTUTHANGAL,30.0,24.0,INR,CMRL,2021-02-22,CMRL_OFFICIAL
FARE_CMRL_METRO_ANNA_NAGAR_TOWER_TO_METRO_ASHOK_NAGAR,METRO_ANNA_NAGAR_TOWER,METRO_ASHOK_NAGAR,Anna Nagar Tower,Ashok Nagar,ANNA NAGAR TOWER,ASHOK NAGAR,30.0,24.0,INR,CMRL,2021-02-22,CMRL_OFFICIAL
FARE_CMRL_METRO_ANNA_NAGAR_TOWER_TO_METRO_VADAPALANI,METRO_ANNA_NAGAR_TOWER,METRO_VADAPALANI,Anna Nagar Tower,Vadapalani,ANNA NAGAR TOWER,VADAPALANI,30.0,24.0,INR,CMRL,2021-02-22,CMRL_OFFICIAL
FARE_CMRL_METRO_ANNA_NAGAR_TOWER_TO_METRO_ARUMBAKKAM,METRO_ANNA_NAGAR_TOWER,METRO_ARUMBAKKAM,Anna Nagar Tower,Arumbakkam,ANNA NAGAR TOWER,ARUMBAKKAM,30.0,24.0,INR,CMRL,2021-02-22,CMRL_OFFICIAL
FARE_CMRL_METRO_ANNA_NAGAR_TOWER_TO_METRO_PURATCHI_THALAIVI_DR_J_JAYALALITHAA_CMBT,METRO_ANNA_NAGAR_TOWER,METRO_PURATCHI_THALAIVI_DR_J_JAYALALITHAA_CMBT,Anna Nagar Tower,Puratchi Thalaivi Dr.J.Jayalalithaa CMBT Metro,ANNA NAGAR TOWER,PURATCHI THALAIVI DR.J.JAYALALITHAA CMBT METRO,20.0,16.0,INR,CMRL,2021-02-22,CMRL_OFFICIAL
FARE_CMRL_METRO_ANNA_NAGAR_TOWER_TO_METRO_KOYAMBEDU,METRO_ANNA_NAGAR_TOWER,METRO_KOYAMBEDU,Anna Nagar Tower,Koyambedu,ANNA NAGAR TOWER,KOYAMBEDU,20.0,16.0,INR,CMRL,2021-02-22,CMRL_OFFICIAL
FARE_CMRL_METRO_ANNA_NAGAR_TOWER_TO_METRO_THIRUMANGALAM,METRO_ANNA_NAGAR_TOWER,METRO_THIRUMANGALAM,Anna Nagar Tower,Thirumangalam,ANNA NAGAR TOWER,THIRUMANGALAM,10.0,8.0,INR,CMRL,2021-02-22,CMRL_OFFICIAL
FARE_CMRL_METRO_ANNA_NAGAR_TOWER_TO_METRO_ANNA_NAGAR_TOWER,METRO_ANNA_NAGAR_TOWER,METRO_ANNA_NAGAR_TOWER,Anna Nagar Tower,Anna Nagar Tower,ANNA NAGAR TOWER,ANNA NAGAR TOWER,0.0,0.0,INR,CMRL,2021-02-22,CMRL_OFFICIAL
FARE_CMRL_METRO_ANNA_NAGAR_TOWER_TO_METRO_ANNA_NAGAR_EAST,METRO_ANNA_NAGAR_TOWER,METRO_ANNA_NAGAR_EAST,Anna Nagar Tower,Anna Nagar East,ANNA NAGAR TOWER,ANNA NAGAR EAST,10.0,8.0,INR,CMRL,2021-02-22,CMRL_OFFICIAL
FARE_CMRL_METRO_ANNA_NAGAR_TOWER_TO_METRO_SHENOY_NAGAR,METRO_ANNA_NAGAR_TOWER,METRO_SHENOY_NAGAR,Anna Nagar Tower,Shenoy Nagar,ANNA NAGAR TOWER,SHENOY NAGAR,20.0,16.0,INR,CMRL,2021-02-22,CMRL_OFFICIAL
FARE_CMRL_METRO_ANNA_NAGAR_TOWER_TO_METRO_PACHAIYAPPA_S_COLLEGE,METRO_ANNA_NAGAR_TOWER,METRO_PACHAIYAPPA_S_COLLEGE,Anna Nagar Tower,Pachaiyappa's College,ANNA NAGAR TOWER,PACHIAPPAS COLLEGE,20.0,16.0,INR,CMRL,2021-02-22,CMRL_OFFICIAL
FARE_CMRL_METRO_ANNA_NAGAR_TOWER_TO_METRO_KILPAUK,METRO_ANNA_NAGAR_TOWER,METRO_KILPAUK,Anna Nagar Tower,Kilpauk,ANNA NAGAR TOWER,KILPAUK,20.0,16.0,INR,CMRL,2021-02-22,CMRL_OFFICIAL
FARE_CMRL_METRO_ANNA_NAGAR_TOWER_TO_METRO_NEHRU_PARK,METRO_ANNA_NAGAR_TOWER,METRO_NEHRU_PARK,Anna Nagar Tower,Nehru Park,ANNA NAGAR TOWER,NEHRU PARK,30.0,24.0,INR,CMRL,2021-02-22,CMRL_OFFICIAL
FARE_CMRL_METRO_ANNA_NAGAR_TOWER_TO_METRO_EGMORE,METRO_ANNA_NAGAR_TOWER,METRO_EGMORE,Anna Nagar Tower,Egmore,ANNA NAGAR TOWER,EGMORE,30.0,24.0,INR,CMRL,2021-02-22,CMRL_OFFICIAL
FARE_CMRL_METRO_ANNA_NAGAR_TOWER_TO_METRO_ST__THOMAS_MOUNT,METRO_ANNA_NAGAR_TOWER,METRO_ST__THOMAS_MOUNT,Anna Nagar Tower,St. Thomas Mount,ANNA NAGAR TOWER,ST. THOMAS MOUNT,40.0,32.0,INR,CMRL,2021-02-22,CMRL_OFFICIAL
FARE_CMRL_METRO_ANNA_NAGAR_EAST_TO_METRO_CHENNAI_INTERNATIONAL_AIRPORT,METRO_ANNA_NAGAR_EAST,METRO_CHENNAI_INTERNATIONAL_AIRPORT,Anna Nagar East,Chennai International Airport,ANNA NAGAR EAST,AIRPORT,40.0,32.0,INR,CMRL,2021-02-22,CMRL_OFFICIAL
FARE_CMRL_METRO_ANNA_NAGAR_EAST_TO_METRO_MEENAMBAKKAM,METRO_ANNA_NAGAR_EAST,METRO_MEENAMBAKKAM,Anna Nagar East,Meenambakkam,ANNA NAGAR EAST,MEENAMBAKKAM,40.0,32.0,INR,CMRL,2021-02-22,CMRL_OFFICIAL
FARE_CMRL_METRO_ANNA_NAGAR_EAST_TO_METRO_OTA_NANGANALLUR_ROAD,METRO_ANNA_NAGAR_EAST,METRO_OTA_NANGANALLUR_ROAD,Anna Nagar East,OTA-Nanganallur Road,ANNA NAGAR EAST,NANGANALLUR ROAD,40.0,32.0,INR,CMRL,2021-02-22,CMRL_OFFICIAL
FARE_CMRL_METRO_ANNA_NAGAR_EAST_TO_METRO_ARIGNAR_ANNA_ALANDUR,METRO_ANNA_NAGAR_EAST,METRO_ARIGNAR_ANNA_ALANDUR,Anna Nagar East,Arignar Anna Alandur Metro,ANNA NAGAR EAST,ARIGNAR ANNA ALANDUR METRO,40.0,32.0,INR,CMRL,2021-02-22,CMRL_OFFICIAL
FARE_CMRL_METRO_ANNA_NAGAR_EAST_TO_METRO_GUINDY,METRO_ANNA_NAGAR_EAST,METRO_GUINDY,Anna Nagar East,Guindy,ANNA NAGAR EAST,GUINDY,40.0,32.0,INR,CMRL,2021-02-22,CMRL_OFFICIAL
FARE_CMRL_METRO_ANNA_NAGAR_EAST_TO_METRO_LITTLE_MOUNT,METRO_ANNA_NAGAR_EAST,METRO_LITTLE_MOUNT,Anna Nagar East,Little Mount,ANNA NAGAR EAST,LITTLE MOUNT,40.0,32.0,INR,CMRL,2021-02-22,CMRL_OFFICIAL
FARE_CMRL_METRO_ANNA_NAGAR_EAST_TO_METRO_SAIDAPET,METRO_ANNA_NAGAR_EAST,METRO_SAIDAPET,Anna Nagar East,Saidapet Metro,ANNA NAGAR EAST,SAIDAPET,40.0,32.0,INR,CMRL,2021-02-22,CMRL_OFFICIAL
FARE_CMRL_METRO_ANNA_NAGAR_EAST_TO_METRO_NANDANAM,METRO_ANNA_NAGAR_EAST,METRO_NANDANAM,Anna Nagar East,Nandanam,ANNA NAGAR EAST,NANDANAM,40.0,32.0,INR,CMRL,2021-02-22,CMRL_OFFICIAL
FARE_CMRL_METRO_ANNA_NAGAR_EAST_TO_METRO_TEYNAMPET,METRO_ANNA_NAGAR_EAST,METRO_TEYNAMPET,Anna Nagar East,Teynampet,ANNA NAGAR EAST,TEYNAMPET,40.0,32.0,INR,CMRL,2021-02-22,CMRL_OFFICIAL
FARE_CMRL_METRO_ANNA_NAGAR_EAST_TO_METRO_AG___8211__DMS,METRO_ANNA_NAGAR_EAST,METRO_AG___8211__DMS,Anna Nagar East,AG – DMS,ANNA NAGAR EAST,AG-DMS,40.0,32.0,INR,CMRL,2021-02-22,CMRL_OFFICIAL
FARE_CMRL_METRO_ANNA_NAGAR_EAST_TO_METRO_THOUSAND_LIGHTS,METRO_ANNA_NAGAR_EAST,METRO_THOUSAND_LIGHTS,Anna Nagar East,Thousand Lights,ANNA NAGAR EAST,THOUSAND LIGHTS,30.0,24.0,INR,CMRL,2021-02-22,CMRL_OFFICIAL
FARE_CMRL_METRO_ANNA_NAGAR_EAST_TO_METRO_LIC,METRO_ANNA_NAGAR_EAST,METRO_LIC,Anna Nagar East,LIC,ANNA NAGAR EAST,LIC,30.0,24.0,INR,CMRL,2021-02-22,CMRL_OFFICIAL
FARE_CMRL_METRO_ANNA_NAGAR_EAST_TO_METRO_GOVERNMENT_ESTATE,METRO_ANNA_NAGAR_EAST,METRO_GOVERNMENT_ESTATE,Anna Nagar East,Government Estate,ANNA NAGAR EAST,GOVERNMENT ESTATE,30.0,24.0,INR,CMRL,2021-02-22,CMRL_OFFICIAL
FARE_CMRL_METRO_ANNA_NAGAR_EAST_TO_METRO_PURATCHI_THALAIVAR_DR__M_G_RAMACHANDRAN_CENTRAL,METRO_ANNA_NAGAR_EAST,METRO_PURATCHI_THALAIVAR_DR__M_G_RAMACHANDRAN_CENTRAL,Anna Nagar East,Puratchi Thalaivar Dr. M.G.Ramachandran Central Metro,ANNA NAGAR EAST,PURATCHI THALAIVAR DR.M.G.RAMACHANDRAN CENTRAL METRO,30.0,24.0,INR,CMRL,2021-02-22,CMRL_OFFICIAL
FARE_CMRL_METRO_ANNA_NAGAR_EAST_TO_METRO_HIGHCOURT,METRO_ANNA_NAGAR_EAST,METRO_HIGHCOURT,Anna Nagar East,Highcourt,ANNA NAGAR EAST,HIGH COURT,30.0,24.0,INR,CMRL,2021-02-22,CMRL_OFFICIAL
FARE_CMRL_METRO_ANNA_NAGAR_EAST_TO_METRO_MANNADI,METRO_ANNA_NAGAR_EAST,METRO_MANNADI,Anna Nagar East,Mannadi,ANNA NAGAR EAST,MANNADI,30.0,24.0,INR,CMRL,2021-02-22,CMRL_OFFICIAL
FARE_CMRL_METRO_ANNA_NAGAR_EAST_TO_METRO_WASHERMENPET,METRO_ANNA_NAGAR_EAST,METRO_WASHERMENPET,Anna Nagar East,Washermenpet,ANNA NAGAR EAST,WASHERMENPET,30.0,24.0,INR,CMRL,2021-02-22,CMRL_OFFICIAL
FARE_CMRL_METRO_ANNA_NAGAR_EAST_TO_METRO_SIR_THIYAGARAYA_COLLEGE,METRO_ANNA_NAGAR_EAST,METRO_SIR_THIYAGARAYA_COLLEGE,Anna Nagar East,Sir Theagaraya College,ANNA NAGAR EAST,THYAGARAYA COLLEGE,30.0,24.0,INR,CMRL,2021-02-22,CMRL_OFFICIAL
FARE_CMRL_METRO_ANNA_NAGAR_EAST_TO_METRO_TONDIARPET,METRO_ANNA_NAGAR_EAST,METRO_TONDIARPET,Anna Nagar East,Tondiarpet,ANNA NAGAR EAST,TONDIARPET,40.0,32.0,INR,CMRL,2021-02-22,CMRL_OFFICIAL
FARE_CMRL_METRO_ANNA_NAGAR_EAST_TO_METRO_NEW_WASHERMENPET,METRO_ANNA_NAGAR_EAST,METRO_NEW_WASHERMENPET,Anna Nagar East,New Washermenpet,ANNA NAGAR EAST,NEW WASHERMENPET,40.0,32.0,INR,CMRL,2021-02-22,CMRL_OFFICIAL
FARE_CMRL_METRO_ANNA_NAGAR_EAST_TO_METRO_TOLLGATE,METRO_ANNA_NAGAR_EAST,METRO_TOLLGATE,Anna Nagar East,Tollgate,ANNA NAGAR EAST,TOLL GATE,40.0,32.0,INR,CMRL,2021-02-22,CMRL_OFFICIAL
FARE_CMRL_METRO_ANNA_NAGAR_EAST_TO_METRO_KALADIPET,METRO_ANNA_NAGAR_EAST,METRO_KALADIPET,Anna Nagar East,Kaladipet,ANNA NAGAR EAST,KALADIPET,40.0,32.0,INR,CMRL,2021-02-22,CMRL_OFFICIAL
FARE_CMRL_METRO_ANNA_NAGAR_EAST_TO_METRO_THIRUVOTTRIYUR_THERADI,METRO_ANNA_NAGAR_EAST,METRO_THIRUVOTTRIYUR_THERADI,Anna Nagar East,Thiruvottiyur Theradi,ANNA NAGAR EAST,THIRUVOTRIYUR THEREDI,40.0,32.0,INR,CMRL,2021-02-22,CMRL_OFFICIAL
FARE_CMRL_METRO_ANNA_NAGAR_EAST_TO_METRO_THIRUVOTRIYUR,METRO_ANNA_NAGAR_EAST,METRO_THIRUVOTRIYUR,Anna Nagar East,Thiruvottriyur,ANNA NAGAR EAST,THIRUVOTRIYUR,40.0,32.0,INR,CMRL,2021-02-22,CMRL_OFFICIAL
FARE_CMRL_METRO_ANNA_NAGAR_EAST_TO_METRO_WIMCO_NAGAR_6738,METRO_ANNA_NAGAR_EAST,METRO_WIMCO_NAGAR_6738,Anna Nagar East,Wimco Nagar,ANNA NAGAR EAST,WIMCO NAGAR,40.0,32.0,INR,CMRL,2021-02-22,CMRL_OFFICIAL
FARE_CMRL_METRO_ANNA_NAGAR_EAST_TO_METRO_WIMCO_NAGAR,METRO_ANNA_NAGAR_EAST,METRO_WIMCO_NAGAR,Anna Nagar East,Wimco Nagar Depot,ANNA NAGAR EAST,WIMCO NAGAR DEPOT,40.0,32.0,INR,CMRL,2021-02-22,CMRL_OFFICIAL
FARE_CMRL_METRO_ANNA_NAGAR_EAST_TO_METRO_EKKATTUTHANGAL,METRO_ANNA_NAGAR_EAST,METRO_EKKATTUTHANGAL,Anna Nagar East,Ekkattuthangal,ANNA NAGAR EAST,EKKATTUTHANGAL,30.0,24.0,INR,CMRL,2021-02-22,CMRL_OFFICIAL
FARE_CMRL_METRO_ANNA_NAGAR_EAST_TO_METRO_ASHOK_NAGAR,METRO_ANNA_NAGAR_EAST,METRO_ASHOK_NAGAR,Anna Nagar East,Ashok Nagar,ANNA NAGAR EAST,ASHOK NAGAR,30.0,24.0,INR,CMRL,2021-02-22,CMRL_OFFICIAL
FARE_CMRL_METRO_ANNA_NAGAR_EAST_TO_METRO_VADAPALANI,METRO_ANNA_NAGAR_EAST,METRO_VADAPALANI,Anna Nagar East,Vadapalani,ANNA NAGAR EAST,VADAPALANI,30.0,24.0,INR,CMRL,2021-02-22,CMRL_OFFICIAL
FARE_CMRL_METRO_ANNA_NAGAR_EAST_TO_METRO_ARUMBAKKAM,METRO_ANNA_NAGAR_EAST,METRO_ARUMBAKKAM,Anna Nagar East,Arumbakkam,ANNA NAGAR EAST,ARUMBAKKAM,30.0,24.0,INR,CMRL,2021-02-22,CMRL_OFFICIAL
FARE_CMRL_METRO_ANNA_NAGAR_EAST_TO_METRO_PURATCHI_THALAIVI_DR_J_JAYALALITHAA_CMBT,METRO_ANNA_NAGAR_EAST,METRO_PURATCHI_THALAIVI_DR_J_JAYALALITHAA_CMBT,Anna Nagar East,Puratchi Thalaivi Dr.J.Jayalalithaa CMBT Metro,ANNA NAGAR EAST,PURATCHI THALAIVI DR.J.JAYALALITHAA CMBT METRO,20.0,16.0,INR,CMRL,2021-02-22,CMRL_OFFICIAL
FARE_CMRL_METRO_ANNA_NAGAR_EAST_TO_METRO_KOYAMBEDU,METRO_ANNA_NAGAR_EAST,METRO_KOYAMBEDU,Anna Nagar East,Koyambedu,ANNA NAGAR EAST,KOYAMBEDU,20.0,16.0,INR,CMRL,2021-02-22,CMRL_OFFICIAL
FARE_CMRL_METRO_ANNA_NAGAR_EAST_TO_METRO_THIRUMANGALAM,METRO_ANNA_NAGAR_EAST,METRO_THIRUMANGALAM,Anna Nagar East,Thirumangalam,ANNA NAGAR EAST,THIRUMANGALAM,10.0,8.0,INR,CMRL,2021-02-22,CMRL_OFFICIAL
FARE_CMRL_METRO_ANNA_NAGAR_EAST_TO_METRO_ANNA_NAGAR_TOWER,METRO_ANNA_NAGAR_EAST,METRO_ANNA_NAGAR_TOWER,Anna Nagar East,Anna Nagar Tower,ANNA NAGAR EAST,ANNA NAGAR TOWER,10.0,8.0,INR,CMRL,2021-02-22,CMRL_OFFICIAL
FARE_CMRL_METRO_ANNA_NAGAR_EAST_TO_METRO_ANNA_NAGAR_EAST,METRO_ANNA_NAGAR_EAST,METRO_ANNA_NAGAR_EAST,Anna Nagar East,Anna Nagar East,ANNA NAGAR EAST,ANNA NAGAR EAST,0.0,0.0,INR,CMRL,2021-02-22,CMRL_OFFICIAL
FARE_CMRL_METRO_ANNA_NAGAR_EAST_TO_METRO_SHENOY_NAGAR,METRO_ANNA_NAGAR_EAST,METRO_SHENOY_NAGAR,Anna Nagar East,Shenoy Nagar,ANNA NAGAR EAST,SHENOY NAGAR,10.0,8.0,INR,CMRL,2021-02-22,CMRL_OFFICIAL
FARE_CMRL_METRO_ANNA_NAGAR_EAST_TO_METRO_PACHAIYAPPA_S_COLLEGE,METRO_ANNA_NAGAR_EAST,METRO_PACHAIYAPPA_S_COLLEGE,Anna Nagar East,Pachaiyappa's College,ANNA NAGAR EAST,PACHIAPPAS COLLEGE,20.0,16.0,INR,CMRL,2021-02-22,CMRL_OFFICIAL
FARE_CMRL_METRO_ANNA_NAGAR_EAST_TO_METRO_KILPAUK,METRO_ANNA_NAGAR_EAST,METRO_KILPAUK,Anna Nagar East,Kilpauk,ANNA NAGAR EAST,KILPAUK,20.0,16.0,INR,CMRL,2021-02-22,CMRL_OFFICIAL
FARE_CMRL_METRO_ANNA_NAGAR_EAST_TO_METRO_NEHRU_PARK,METRO_ANNA_NAGAR_EAST,METRO_NEHRU_PARK,Anna Nagar East,Nehru Park,ANNA NAGAR EAST,NEHRU PARK,20.0,16.0,INR,CMRL,2021-02-22,CMRL_OFFICIAL
FARE_CMRL_METRO_ANNA_NAGAR_EAST_TO_METRO_EGMORE,METRO_ANNA_NAGAR_EAST,METRO_EGMORE,Anna Nagar East,Egmore,ANNA NAGAR EAST,EGMORE,30.0,24.0,INR,CMRL,2021-02-22,CMRL_OFFICIAL
FARE_CMRL_METRO_ANNA_NAGAR_EAST_TO_METRO_ST__THOMAS_MOUNT,METRO_ANNA_NAGAR_EAST,METRO_ST__THOMAS_MOUNT,Anna Nagar East,St. Thomas Mount,ANNA NAGAR EAST,ST. THOMAS MOUNT,40.0,32.0,INR,CMRL,2021-02-22,CMRL_OFFICIAL
FARE_CMRL_METRO_SHENOY_NAGAR_TO_METRO_CHENNAI_INTERNATIONAL_AIRPORT,METRO_SHENOY_NAGAR,METRO_CHENNAI_INTERNATIONAL_AIRPORT,Shenoy Nagar,Chennai International Airport,SHENOY NAGAR,AIRPORT,40.0,32.0,INR,CMRL,2021-02-22,CMRL_OFFICIAL
FARE_CMRL_METRO_SHENOY_NAGAR_TO_METRO_MEENAMBAKKAM,METRO_SHENOY_NAGAR,METRO_MEENAMBAKKAM,Shenoy Nagar,Meenambakkam,SHENOY NAGAR,MEENAMBAKKAM,40.0,32.0,INR,CMRL,2021-02-22,CMRL_OFFICIAL
FARE_CMRL_METRO_SHENOY_NAGAR_TO_METRO_OTA_NANGANALLUR_ROAD,METRO_SHENOY_NAGAR,METRO_OTA_NANGANALLUR_ROAD,Shenoy Nagar,OTA-Nanganallur Road,SHENOY NAGAR,NANGANALLUR ROAD,40.0,32.0,INR,CMRL,2021-02-22,CMRL_OFFICIAL
FARE_CMRL_METRO_SHENOY_NAGAR_TO_METRO_ARIGNAR_ANNA_ALANDUR,METRO_SHENOY_NAGAR,METRO_ARIGNAR_ANNA_ALANDUR,Shenoy Nagar,Arignar Anna Alandur Metro,SHENOY NAGAR,ARIGNAR ANNA ALANDUR METRO,40.0,32.0,INR,CMRL,2021-02-22,CMRL_OFFICIAL
FARE_CMRL_METRO_SHENOY_NAGAR_TO_METRO_GUINDY,METRO_SHENOY_NAGAR,METRO_GUINDY,Shenoy Nagar,Guindy,SHENOY NAGAR,GUINDY,40.0,32.0,INR,CMRL,2021-02-22,CMRL_OFFICIAL
FARE_CMRL_METRO_SHENOY_NAGAR_TO_METRO_LITTLE_MOUNT,METRO_SHENOY_NAGAR,METRO_LITTLE_MOUNT,Shenoy Nagar,Little Mount,SHENOY NAGAR,LITTLE MOUNT,40.0,32.0,INR,CMRL,2021-02-22,CMRL_OFFICIAL
FARE_CMRL_METRO_SHENOY_NAGAR_TO_METRO_SAIDAPET,METRO_SHENOY_NAGAR,METRO_SAIDAPET,Shenoy Nagar,Saidapet Metro,SHENOY NAGAR,SAIDAPET,40.0,32.0,INR,CMRL,2021-02-22,CMRL_OFFICIAL
FARE_CMRL_METRO_SHENOY_NAGAR_TO_METRO_NANDANAM,METRO_SHENOY_NAGAR,METRO_NANDANAM,Shenoy Nagar,Nandanam,SHENOY NAGAR,NANDANAM,40.0,32.0,INR,CMRL,2021-02-22,CMRL_OFFICIAL
FARE_CMRL_METRO_SHENOY_NAGAR_TO_METRO_TEYNAMPET,METRO_SHENOY_NAGAR,METRO_TEYNAMPET,Shenoy Nagar,Teynampet,SHENOY NAGAR,TEYNAMPET,40.0,32.0,INR,CMRL,2021-02-22,CMRL_OFFICIAL
FARE_CMRL_METRO_SHENOY_NAGAR_TO_METRO_AG___8211__DMS,METRO_SHENOY_NAGAR,METRO_AG___8211__DMS,Shenoy Nagar,AG – DMS,SHENOY NAGAR,AG-DMS,30.0,24.0,INR,CMRL,2021-02-22,CMRL_OFFICIAL
FARE_CMRL_METRO_SHENOY_NAGAR_TO_METRO_THOUSAND_LIGHTS,METRO_SHENOY_NAGAR,METRO_THOUSAND_LIGHTS,Shenoy Nagar,Thousand Lights,SHENOY NAGAR,THOUSAND LIGHTS,30.0,24.0,INR,CMRL,2021-02-22,CMRL_OFFICIAL
FARE_CMRL_METRO_SHENOY_NAGAR_TO_METRO_LIC,METRO_SHENOY_NAGAR,METRO_LIC,Shenoy Nagar,LIC,SHENOY NAGAR,LIC,30.0,24.0,INR,CMRL,2021-02-22,CMRL_OFFICIAL
FARE_CMRL_METRO_SHENOY_NAGAR_TO_METRO_GOVERNMENT_ESTATE,METRO_SHENOY_NAGAR,METRO_GOVERNMENT_ESTATE,Shenoy Nagar,Government Estate,SHENOY NAGAR,GOVERNMENT ESTATE,30.0,24.0,INR,CMRL,2021-02-22,CMRL_OFFICIAL
FARE_CMRL_METRO_SHENOY_NAGAR_TO_METRO_PURATCHI_THALAIVAR_DR__M_G_RAMACHANDRAN_CENTRAL,METRO_SHENOY_NAGAR,METRO_PURATCHI_THALAIVAR_DR__M_G_RAMACHANDRAN_CENTRAL,Shenoy Nagar,Puratchi Thalaivar Dr. M.G.Ramachandran Central Metro,SHENOY NAGAR,PURATCHI THALAIVAR DR.M.G.RAMACHANDRAN CENTRAL METRO,30.0,24.0,INR,CMRL,2021-02-22,CMRL_OFFICIAL
FARE_CMRL_METRO_SHENOY_NAGAR_TO_METRO_HIGHCOURT,METRO_SHENOY_NAGAR,METRO_HIGHCOURT,Shenoy Nagar,Highcourt,SHENOY NAGAR,HIGH COURT,30.0,24.0,INR,CMRL,2021-02-22,CMRL_OFFICIAL
FARE_CMRL_METRO_SHENOY_NAGAR_TO_METRO_MANNADI,METRO_SHENOY_NAGAR,METRO_MANNADI,Shenoy Nagar,Mannadi,SHENOY NAGAR,MANNADI,30.0,24.0,INR,CMRL,2021-02-22,CMRL_OFFICIAL
FARE_CMRL_METRO_SHENOY_NAGAR_TO_METRO_WASHERMENPET,METRO_SHENOY_NAGAR,METRO_WASHERMENPET,Shenoy Nagar,Washermenpet,SHENOY NAGAR,WASHERMENPET,30.0,24.0,INR,CMRL,2021-02-22,CMRL_OFFICIAL
FARE_CMRL_METRO_SHENOY_NAGAR_TO_METRO_SIR_THIYAGARAYA_COLLEGE,METRO_SHENOY_NAGAR,METRO_SIR_THIYAGARAYA_COLLEGE,Shenoy Nagar,Sir Theagaraya College,SHENOY NAGAR,THYAGARAYA COLLEGE,30.0,24.0,INR,CMRL,2021-02-22,CMRL_OFFICIAL
FARE_CMRL_METRO_SHENOY_NAGAR_TO_METRO_TONDIARPET,METRO_SHENOY_NAGAR,METRO_TONDIARPET,Shenoy Nagar,Tondiarpet,SHENOY NAGAR,TONDIARPET,30.0,24.0,INR,CMRL,2021-02-22,CMRL_OFFICIAL
FARE_CMRL_METRO_SHENOY_NAGAR_TO_METRO_NEW_WASHERMENPET,METRO_SHENOY_NAGAR,METRO_NEW_WASHERMENPET,Shenoy Nagar,New Washermenpet,SHENOY NAGAR,NEW WASHERMENPET,40.0,32.0,INR,CMRL,2021-02-22,CMRL_OFFICIAL
FARE_CMRL_METRO_SHENOY_NAGAR_TO_METRO_TOLLGATE,METRO_SHENOY_NAGAR,METRO_TOLLGATE,Shenoy Nagar,Tollgate,SHENOY NAGAR,TOLL GATE,40.0,32.0,INR,CMRL,2021-02-22,CMRL_OFFICIAL
FARE_CMRL_METRO_SHENOY_NAGAR_TO_METRO_KALADIPET,METRO_SHENOY_NAGAR,METRO_KALADIPET,Shenoy Nagar,Kaladipet,SHENOY NAGAR,KALADIPET,40.0,32.0,INR,CMRL,2021-02-22,CMRL_OFFICIAL
FARE_CMRL_METRO_SHENOY_NAGAR_TO_METRO_THIRUVOTTRIYUR_THERADI,METRO_SHENOY_NAGAR,METRO_THIRUVOTTRIYUR_THERADI,Shenoy Nagar,Thiruvottiyur Theradi,SHENOY NAGAR,THIRUVOTRIYUR THEREDI,40.0,32.0,INR,CMRL,2021-02-22,CMRL_OFFICIAL
FARE_CMRL_METRO_SHENOY_NAGAR_TO_METRO_THIRUVOTRIYUR,METRO_SHENOY_NAGAR,METRO_THIRUVOTRIYUR,Shenoy Nagar,Thiruvottriyur,SHENOY NAGAR,THIRUVOTRIYUR,40.0,32.0,INR,CMRL,2021-02-22,CMRL_OFFICIAL
FARE_CMRL_METRO_SHENOY_NAGAR_TO_METRO_WIMCO_NAGAR_6738,METRO_SHENOY_NAGAR,METRO_WIMCO_NAGAR_6738,Shenoy Nagar,Wimco Nagar,SHENOY NAGAR,WIMCO NAGAR,40.0,32.0,INR,CMRL,2021-02-22,CMRL_OFFICIAL
FARE_CMRL_METRO_SHENOY_NAGAR_TO_METRO_WIMCO_NAGAR,METRO_SHENOY_NAGAR,METRO_WIMCO_NAGAR,Shenoy Nagar,Wimco Nagar Depot,SHENOY NAGAR,WIMCO NAGAR DEPOT,40.0,32.0,INR,CMRL,2021-02-22,CMRL_OFFICIAL
FARE_CMRL_METRO_SHENOY_NAGAR_TO_METRO_EKKATTUTHANGAL,METRO_SHENOY_NAGAR,METRO_EKKATTUTHANGAL,Shenoy Nagar,Ekkattuthangal,SHENOY NAGAR,EKKATTUTHANGAL,40.0,32.0,INR,CMRL,2021-02-22,CMRL_OFFICIAL
FARE_CMRL_METRO_SHENOY_NAGAR_TO_METRO_ASHOK_NAGAR,METRO_SHENOY_NAGAR,METRO_ASHOK_NAGAR,Shenoy Nagar,Ashok Nagar,SHENOY NAGAR,ASHOK NAGAR,30.0,24.0,INR,CMRL,2021-02-22,CMRL_OFFICIAL
FARE_CMRL_METRO_SHENOY_NAGAR_TO_METRO_VADAPALANI,METRO_SHENOY_NAGAR,METRO_VADAPALANI,Shenoy Nagar,Vadapalani,SHENOY NAGAR,VADAPALANI,30.0,24.0,INR,CMRL,2021-02-22,CMRL_OFFICIAL
FARE_CMRL_METRO_SHENOY_NAGAR_TO_METRO_ARUMBAKKAM,METRO_SHENOY_NAGAR,METRO_ARUMBAKKAM,Shenoy Nagar,Arumbakkam,SHENOY NAGAR,ARUMBAKKAM,30.0,24.0,INR,CMRL,2021-02-22,CMRL_OFFICIAL
FARE_CMRL_METRO_SHENOY_NAGAR_TO_METRO_PURATCHI_THALAIVI_DR_J_JAYALALITHAA_CMBT,METRO_SHENOY_NAGAR,METRO_PURATCHI_THALAIVI_DR_J_JAYALALITHAA_CMBT,Shenoy Nagar,Puratchi Thalaivi Dr.J.Jayalalithaa CMBT Metro,SHENOY NAGAR,PURATCHI THALAIVI DR.J.JAYALALITHAA CMBT METRO,30.0,24.0,INR,CMRL,2021-02-22,CMRL_OFFICIAL
FARE_CMRL_METRO_SHENOY_NAGAR_TO_METRO_KOYAMBEDU,METRO_SHENOY_NAGAR,METRO_KOYAMBEDU,Shenoy Nagar,Koyambedu,SHENOY NAGAR,KOYAMBEDU,20.0,16.0,INR,CMRL,2021-02-22,CMRL_OFFICIAL
FARE_CMRL_METRO_SHENOY_NAGAR_TO_METRO_THIRUMANGALAM,METRO_SHENOY_NAGAR,METRO_THIRUMANGALAM,Shenoy Nagar,Thirumangalam,SHENOY NAGAR,THIRUMANGALAM,20.0,16.0,INR,CMRL,2021-02-22,CMRL_OFFICIAL
FARE_CMRL_METRO_SHENOY_NAGAR_TO_METRO_ANNA_NAGAR_TOWER,METRO_SHENOY_NAGAR,METRO_ANNA_NAGAR_TOWER,Shenoy Nagar,Anna Nagar Tower,SHENOY NAGAR,ANNA NAGAR TOWER,20.0,16.0,INR,CMRL,2021-02-22,CMRL_OFFICIAL
FARE_CMRL_METRO_SHENOY_NAGAR_TO_METRO_ANNA_NAGAR_EAST,METRO_SHENOY_NAGAR,METRO_ANNA_NAGAR_EAST,Shenoy Nagar,Anna Nagar East,SHENOY NAGAR,ANNA NAGAR EAST,10.0,8.0,INR,CMRL,2021-02-22,CMRL_OFFICIAL
FARE_CMRL_METRO_SHENOY_NAGAR_TO_METRO_SHENOY_NAGAR,METRO_SHENOY_NAGAR,METRO_SHENOY_NAGAR,Shenoy Nagar,Shenoy Nagar,SHENOY NAGAR,SHENOY NAGAR,0.0,0.0,INR,CMRL,2021-02-22,CMRL_OFFICIAL
FARE_CMRL_METRO_SHENOY_NAGAR_TO_METRO_PACHAIYAPPA_S_COLLEGE,METRO_SHENOY_NAGAR,METRO_PACHAIYAPPA_S_COLLEGE,Shenoy Nagar,Pachaiyappa's College,SHENOY NAGAR,PACHIAPPAS COLLEGE,10.0,8.0,INR,CMRL,2021-02-22,CMRL_OFFICIAL
FARE_CMRL_METRO_SHENOY_NAGAR_TO_METRO_KILPAUK,METRO_SHENOY_NAGAR,METRO_KILPAUK,Shenoy Nagar,Kilpauk,SHENOY NAGAR,KILPAUK,20.0,16.0,INR,CMRL,2021-02-22,CMRL_OFFICIAL
FARE_CMRL_METRO_SHENOY_NAGAR_TO_METRO_NEHRU_PARK,METRO_SHENOY_NAGAR,METRO_NEHRU_PARK,Shenoy Nagar,Nehru Park,SHENOY NAGAR,NEHRU PARK,20.0,16.0,INR,CMRL,2021-02-22,CMRL_OFFICIAL
FARE_CMRL_METRO_SHENOY_NAGAR_TO_METRO_EGMORE,METRO_SHENOY_NAGAR,METRO_EGMORE,Shenoy Nagar,Egmore,SHENOY NAGAR,EGMORE,20.0,16.0,INR,CMRL,2021-02-22,CMRL_OFFICIAL
FARE_CMRL_METRO_SHENOY_NAGAR_TO_METRO_ST__THOMAS_MOUNT,METRO_SHENOY_NAGAR,METRO_ST__THOMAS_MOUNT,Shenoy Nagar,St. Thomas Mount,SHENOY NAGAR,ST. THOMAS MOUNT,40.0,32.0,INR,CMRL,2021-02-22,CMRL_OFFICIAL
FARE_CMRL_METRO_PACHAIYAPPA_S_COLLEGE_TO_METRO_CHENNAI_INTERNATIONAL_AIRPORT,METRO_PACHAIYAPPA_S_COLLEGE,METRO_CHENNAI_INTERNATIONAL_AIRPORT,Pachaiyappa's College,Chennai International Airport,PACHIAPPAS COLLEGE,AIRPORT,40.0,32.0,INR,CMRL,2021-02-22,CMRL_OFFICIAL
FARE_CMRL_METRO_PACHAIYAPPA_S_COLLEGE_TO_METRO_MEENAMBAKKAM,METRO_PACHAIYAPPA_S_COLLEGE,METRO_MEENAMBAKKAM,Pachaiyappa's College,Meenambakkam,PACHIAPPAS COLLEGE,MEENAMBAKKAM,40.0,32.0,INR,CMRL,2021-02-22,CMRL_OFFICIAL
FARE_CMRL_METRO_PACHAIYAPPA_S_COLLEGE_TO_METRO_OTA_NANGANALLUR_ROAD,METRO_PACHAIYAPPA_S_COLLEGE,METRO_OTA_NANGANALLUR_ROAD,Pachaiyappa's College,OTA-Nanganallur Road,PACHIAPPAS COLLEGE,NANGANALLUR ROAD,40.0,32.0,INR,CMRL,2021-02-22,CMRL_OFFICIAL
FARE_CMRL_METRO_PACHAIYAPPA_S_COLLEGE_TO_METRO_ARIGNAR_ANNA_ALANDUR,METRO_PACHAIYAPPA_S_COLLEGE,METRO_ARIGNAR_ANNA_ALANDUR,Pachaiyappa's College,Arignar Anna Alandur Metro,PACHIAPPAS COLLEGE,ARIGNAR ANNA ALANDUR METRO,40.0,32.0,INR,CMRL,2021-02-22,CMRL_OFFICIAL
FARE_CMRL_METRO_PACHAIYAPPA_S_COLLEGE_TO_METRO_GUINDY,METRO_PACHAIYAPPA_S_COLLEGE,METRO_GUINDY,Pachaiyappa's College,Guindy,PACHIAPPAS COLLEGE,GUINDY,40.0,32.0,INR,CMRL,2021-02-22,CMRL_OFFICIAL
FARE_CMRL_METRO_PACHAIYAPPA_S_COLLEGE_TO_METRO_LITTLE_MOUNT,METRO_PACHAIYAPPA_S_COLLEGE,METRO_LITTLE_MOUNT,Pachaiyappa's College,Little Mount,PACHIAPPAS COLLEGE,LITTLE MOUNT,40.0,32.0,INR,CMRL,2021-02-22,CMRL_OFFICIAL
FARE_CMRL_METRO_PACHAIYAPPA_S_COLLEGE_TO_METRO_SAIDAPET,METRO_PACHAIYAPPA_S_COLLEGE,METRO_SAIDAPET,Pachaiyappa's College,Saidapet Metro,PACHIAPPAS COLLEGE,SAIDAPET,40.0,32.0,INR,CMRL,2021-02-22,CMRL_OFFICIAL
FARE_CMRL_METRO_PACHAIYAPPA_S_COLLEGE_TO_METRO_NANDANAM,METRO_PACHAIYAPPA_S_COLLEGE,METRO_NANDANAM,Pachaiyappa's College,Nandanam,PACHIAPPAS COLLEGE,NANDANAM,30.0,24.0,INR,CMRL,2021-02-22,CMRL_OFFICIAL
FARE_CMRL_METRO_PACHAIYAPPA_S_COLLEGE_TO_METRO_TEYNAMPET,METRO_PACHAIYAPPA_S_COLLEGE,METRO_TEYNAMPET,Pachaiyappa's College,Teynampet,PACHIAPPAS COLLEGE,TEYNAMPET,30.0,24.0,INR,CMRL,2021-02-22,CMRL_OFFICIAL
FARE_CMRL_METRO_PACHAIYAPPA_S_COLLEGE_TO_METRO_AG___8211__DMS,METRO_PACHAIYAPPA_S_COLLEGE,METRO_AG___8211__DMS,Pachaiyappa's College,AG – DMS,PACHIAPPAS COLLEGE,AG-DMS,30.0,24.0,INR,CMRL,2021-02-22,CMRL_OFFICIAL
FARE_CMRL_METRO_PACHAIYAPPA_S_COLLEGE_TO_METRO_THOUSAND_LIGHTS,METRO_PACHAIYAPPA_S_COLLEGE,METRO_THOUSAND_LIGHTS,Pachaiyappa's College,Thousand Lights,PACHIAPPAS COLLEGE,THOUSAND LIGHTS,30.0,24.0,INR,CMRL,2021-02-22,CMRL_OFFICIAL
FARE_CMRL_METRO_PACHAIYAPPA_S_COLLEGE_TO_METRO_LIC,METRO_PACHAIYAPPA_S_COLLEGE,METRO_LIC,Pachaiyappa's College,LIC,PACHIAPPAS COLLEGE,LIC,30.0,24.0,INR,CMRL,2021-02-22,CMRL_OFFICIAL
FARE_CMRL_METRO_PACHAIYAPPA_S_COLLEGE_TO_METRO_GOVERNMENT_ESTATE,METRO_PACHAIYAPPA_S_COLLEGE,METRO_GOVERNMENT_ESTATE,Pachaiyappa's College,Government Estate,PACHIAPPAS COLLEGE,GOVERNMENT ESTATE,30.0,24.0,INR,CMRL,2021-02-22,CMRL_OFFICIAL
FARE_CMRL_METRO_PACHAIYAPPA_S_COLLEGE_TO_METRO_PURATCHI_THALAIVAR_DR__M_G_RAMACHANDRAN_CENTRAL,METRO_PACHAIYAPPA_S_COLLEGE,METRO_PURATCHI_THALAIVAR_DR__M_G_RAMACHANDRAN_CENTRAL,Pachaiyappa's College,Puratchi Thalaivar Dr. M.G.Ramachandran Central Metro,PACHIAPPAS COLLEGE,PURATCHI THALAIVAR DR.M.G.RAMACHANDRAN CENTRAL METRO,20.0,16.0,INR,CMRL,2021-02-22,CMRL_OFFICIAL
FARE_CMRL_METRO_PACHAIYAPPA_S_COLLEGE_TO_METRO_HIGHCOURT,METRO_PACHAIYAPPA_S_COLLEGE,METRO_HIGHCOURT,Pachaiyappa's College,Highcourt,PACHIAPPAS COLLEGE,HIGH COURT,30.0,24.0,INR,CMRL,2021-02-22,CMRL_OFFICIAL
FARE_CMRL_METRO_PACHAIYAPPA_S_COLLEGE_TO_METRO_MANNADI,METRO_PACHAIYAPPA_S_COLLEGE,METRO_MANNADI,Pachaiyappa's College,Mannadi,PACHIAPPAS COLLEGE,MANNADI,30.0,24.0,INR,CMRL,2021-02-22,CMRL_OFFICIAL
FARE_CMRL_METRO_PACHAIYAPPA_S_COLLEGE_TO_METRO_WASHERMENPET,METRO_PACHAIYAPPA_S_COLLEGE,METRO_WASHERMENPET,Pachaiyappa's College,Washermenpet,PACHIAPPAS COLLEGE,WASHERMENPET,30.0,24.0,INR,CMRL,2021-02-22,CMRL_OFFICIAL
FARE_CMRL_METRO_PACHAIYAPPA_S_COLLEGE_TO_METRO_SIR_THIYAGARAYA_COLLEGE,METRO_PACHAIYAPPA_S_COLLEGE,METRO_SIR_THIYAGARAYA_COLLEGE,Pachaiyappa's College,Sir Theagaraya College,PACHIAPPAS COLLEGE,THYAGARAYA COLLEGE,30.0,24.0,INR,CMRL,2021-02-22,CMRL_OFFICIAL
FARE_CMRL_METRO_PACHAIYAPPA_S_COLLEGE_TO_METRO_TONDIARPET,METRO_PACHAIYAPPA_S_COLLEGE,METRO_TONDIARPET,Pachaiyappa's College,Tondiarpet,PACHIAPPAS COLLEGE,TONDIARPET,30.0,24.0,INR,CMRL,2021-02-22,CMRL_OFFICIAL
FARE_CMRL_METRO_PACHAIYAPPA_S_COLLEGE_TO_METRO_NEW_WASHERMENPET,METRO_PACHAIYAPPA_S_COLLEGE,METRO_NEW_WASHERMENPET,Pachaiyappa's College,New Washermenpet,PACHIAPPAS COLLEGE,NEW WASHERMENPET,30.0,24.0,INR,CMRL,2021-02-22,CMRL_OFFICIAL
FARE_CMRL_METRO_PACHAIYAPPA_S_COLLEGE_TO_METRO_TOLLGATE,METRO_PACHAIYAPPA_S_COLLEGE,METRO_TOLLGATE,Pachaiyappa's College,Tollgate,PACHIAPPAS COLLEGE,TOLL GATE,40.0,32.0,INR,CMRL,2021-02-22,CMRL_OFFICIAL
FARE_CMRL_METRO_PACHAIYAPPA_S_COLLEGE_TO_METRO_KALADIPET,METRO_PACHAIYAPPA_S_COLLEGE,METRO_KALADIPET,Pachaiyappa's College,Kaladipet,PACHIAPPAS COLLEGE,KALADIPET,40.0,32.0,INR,CMRL,2021-02-22,CMRL_OFFICIAL
FARE_CMRL_METRO_PACHAIYAPPA_S_COLLEGE_TO_METRO_THIRUVOTTRIYUR_THERADI,METRO_PACHAIYAPPA_S_COLLEGE,METRO_THIRUVOTTRIYUR_THERADI,Pachaiyappa's College,Thiruvottiyur Theradi,PACHIAPPAS COLLEGE,THIRUVOTRIYUR THEREDI,40.0,32.0,INR,CMRL,2021-02-22,CMRL_OFFICIAL
FARE_CMRL_METRO_PACHAIYAPPA_S_COLLEGE_TO_METRO_THIRUVOTRIYUR,METRO_PACHAIYAPPA_S_COLLEGE,METRO_THIRUVOTRIYUR,Pachaiyappa's College,Thiruvottriyur,PACHIAPPAS COLLEGE,THIRUVOTRIYUR,40.0,32.0,INR,CMRL,2021-02-22,CMRL_OFFICIAL
FARE_CMRL_METRO_PACHAIYAPPA_S_COLLEGE_TO_METRO_WIMCO_NAGAR_6738,METRO_PACHAIYAPPA_S_COLLEGE,METRO_WIMCO_NAGAR_6738,Pachaiyappa's College,Wimco Nagar,PACHIAPPAS COLLEGE,WIMCO NAGAR,40.0,32.0,INR,CMRL,2021-02-22,CMRL_OFFICIAL
FARE_CMRL_METRO_PACHAIYAPPA_S_COLLEGE_TO_METRO_WIMCO_NAGAR,METRO_PACHAIYAPPA_S_COLLEGE,METRO_WIMCO_NAGAR,Pachaiyappa's College,Wimco Nagar Depot,PACHIAPPAS COLLEGE,WIMCO NAGAR DEPOT,40.0,32.0,INR,CMRL,2021-02-22,CMRL_OFFICIAL
FARE_CMRL_METRO_PACHAIYAPPA_S_COLLEGE_TO_METRO_EKKATTUTHANGAL,METRO_PACHAIYAPPA_S_COLLEGE,METRO_EKKATTUTHANGAL,Pachaiyappa's College,Ekkattuthangal,PACHIAPPAS COLLEGE,EKKATTUTHANGAL,40.0,32.0,INR,CMRL,2021-02-22,CMRL_OFFICIAL
FARE_CMRL_METRO_PACHAIYAPPA_S_COLLEGE_TO_METRO_ASHOK_NAGAR,METRO_PACHAIYAPPA_S_COLLEGE,METRO_ASHOK_NAGAR,Pachaiyappa's College,Ashok Nagar,PACHIAPPAS COLLEGE,ASHOK NAGAR,30.0,24.0,INR,CMRL,2021-02-22,CMRL_OFFICIAL
FARE_CMRL_METRO_PACHAIYAPPA_S_COLLEGE_TO_METRO_VADAPALANI,METRO_PACHAIYAPPA_S_COLLEGE,METRO_VADAPALANI,Pachaiyappa's College,Vadapalani,PACHIAPPAS COLLEGE,VADAPALANI,30.0,24.0,INR,CMRL,2021-02-22,CMRL_OFFICIAL
FARE_CMRL_METRO_PACHAIYAPPA_S_COLLEGE_TO_METRO_ARUMBAKKAM,METRO_PACHAIYAPPA_S_COLLEGE,METRO_ARUMBAKKAM,Pachaiyappa's College,Arumbakkam,PACHIAPPAS COLLEGE,ARUMBAKKAM,30.0,24.0,INR,CMRL,2021-02-22,CMRL_OFFICIAL
FARE_CMRL_METRO_PACHAIYAPPA_S_COLLEGE_TO_METRO_PURATCHI_THALAIVI_DR_J_JAYALALITHAA_CMBT,METRO_PACHAIYAPPA_S_COLLEGE,METRO_PURATCHI_THALAIVI_DR_J_JAYALALITHAA_CMBT,Pachaiyappa's College,Puratchi Thalaivi Dr.J.Jayalalithaa CMBT Metro,PACHIAPPAS COLLEGE,PURATCHI THALAIVI DR.J.JAYALALITHAA CMBT METRO,30.0,24.0,INR,CMRL,2021-02-22,CMRL_OFFICIAL
FARE_CMRL_METRO_PACHAIYAPPA_S_COLLEGE_TO_METRO_KOYAMBEDU,METRO_PACHAIYAPPA_S_COLLEGE,METRO_KOYAMBEDU,Pachaiyappa's College,Koyambedu,PACHIAPPAS COLLEGE,KOYAMBEDU,30.0,24.0,INR,CMRL,2021-02-22,CMRL_OFFICIAL
FARE_CMRL_METRO_PACHAIYAPPA_S_COLLEGE_TO_METRO_THIRUMANGALAM,METRO_PACHAIYAPPA_S_COLLEGE,METRO_THIRUMANGALAM,Pachaiyappa's College,Thirumangalam,PACHIAPPAS COLLEGE,THIRUMANGALAM,20.0,16.0,INR,CMRL,2021-02-22,CMRL_OFFICIAL
FARE_CMRL_METRO_PACHAIYAPPA_S_COLLEGE_TO_METRO_ANNA_NAGAR_TOWER,METRO_PACHAIYAPPA_S_COLLEGE,METRO_ANNA_NAGAR_TOWER,Pachaiyappa's College,Anna Nagar Tower,PACHIAPPAS COLLEGE,ANNA NAGAR TOWER,20.0,16.0,INR,CMRL,2021-02-22,CMRL_OFFICIAL
FARE_CMRL_METRO_PACHAIYAPPA_S_COLLEGE_TO_METRO_ANNA_NAGAR_EAST,METRO_PACHAIYAPPA_S_COLLEGE,METRO_ANNA_NAGAR_EAST,Pachaiyappa's College,Anna Nagar East,PACHIAPPAS COLLEGE,ANNA NAGAR EAST,20.0,16.0,INR,CMRL,2021-02-22,CMRL_OFFICIAL
FARE_CMRL_METRO_PACHAIYAPPA_S_COLLEGE_TO_METRO_SHENOY_NAGAR,METRO_PACHAIYAPPA_S_COLLEGE,METRO_SHENOY_NAGAR,Pachaiyappa's College,Shenoy Nagar,PACHIAPPAS COLLEGE,SHENOY NAGAR,10.0,8.0,INR,CMRL,2021-02-22,CMRL_OFFICIAL
FARE_CMRL_METRO_PACHAIYAPPA_S_COLLEGE_TO_METRO_PACHAIYAPPA_S_COLLEGE,METRO_PACHAIYAPPA_S_COLLEGE,METRO_PACHAIYAPPA_S_COLLEGE,Pachaiyappa's College,Pachaiyappa's College,PACHIAPPAS COLLEGE,PACHIAPPAS COLLEGE,0.0,0.0,INR,CMRL,2021-02-22,CMRL_OFFICIAL
FARE_CMRL_METRO_PACHAIYAPPA_S_COLLEGE_TO_METRO_KILPAUK,METRO_PACHAIYAPPA_S_COLLEGE,METRO_KILPAUK,Pachaiyappa's College,Kilpauk,PACHIAPPAS COLLEGE,KILPAUK,10.0,8.0,INR,CMRL,2021-02-22,CMRL_OFFICIAL
FARE_CMRL_METRO_PACHAIYAPPA_S_COLLEGE_TO_METRO_NEHRU_PARK,METRO_PACHAIYAPPA_S_COLLEGE,METRO_NEHRU_PARK,Pachaiyappa's College,Nehru Park,PACHIAPPAS COLLEGE,NEHRU PARK,10.0,8.0,INR,CMRL,2021-02-22,CMRL_OFFICIAL
FARE_CMRL_METRO_PACHAIYAPPA_S_COLLEGE_TO_METRO_EGMORE,METRO_PACHAIYAPPA_S_COLLEGE,METRO_EGMORE,Pachaiyappa's College,Egmore,PACHIAPPAS COLLEGE,EGMORE,20.0,16.0,INR,CMRL,2021-02-22,CMRL_OFFICIAL
FARE_CMRL_METRO_PACHAIYAPPA_S_COLLEGE_TO_METRO_ST__THOMAS_MOUNT,METRO_PACHAIYAPPA_S_COLLEGE,METRO_ST__THOMAS_MOUNT,Pachaiyappa's College,St. Thomas Mount,PACHIAPPAS COLLEGE,ST. THOMAS MOUNT,40.0,32.0,INR,CMRL,2021-02-22,CMRL_OFFICIAL
FARE_CMRL_METRO_KILPAUK_TO_METRO_CHENNAI_INTERNATIONAL_AIRPORT,METRO_KILPAUK,METRO_CHENNAI_INTERNATIONAL_AIRPORT,Kilpauk,Chennai International Airport,KILPAUK,AIRPORT,50.0,40.0,INR,CMRL,2021-02-22,CMRL_OFFICIAL
FARE_CMRL_METRO_KILPAUK_TO_METRO_MEENAMBAKKAM,METRO_KILPAUK,METRO_MEENAMBAKKAM,Kilpauk,Meenambakkam,KILPAUK,MEENAMBAKKAM,40.0,32.0,INR,CMRL,2021-02-22,CMRL_OFFICIAL
FARE_CMRL_METRO_KILPAUK_TO_METRO_OTA_NANGANALLUR_ROAD,METRO_KILPAUK,METRO_OTA_NANGANALLUR_ROAD,Kilpauk,OTA-Nanganallur Road,KILPAUK,NANGANALLUR ROAD,40.0,32.0,INR,CMRL,2021-02-22,CMRL_OFFICIAL
FARE_CMRL_METRO_KILPAUK_TO_METRO_ARIGNAR_ANNA_ALANDUR,METRO_KILPAUK,METRO_ARIGNAR_ANNA_ALANDUR,Kilpauk,Arignar Anna Alandur Metro,KILPAUK,ARIGNAR ANNA ALANDUR METRO,40.0,32.0,INR,CMRL,2021-02-22,CMRL_OFFICIAL
FARE_CMRL_METRO_KILPAUK_TO_METRO_GUINDY,METRO_KILPAUK,METRO_GUINDY,Kilpauk,Guindy,KILPAUK,GUINDY,40.0,32.0,INR,CMRL,2021-02-22,CMRL_OFFICIAL
FARE_CMRL_METRO_KILPAUK_TO_METRO_LITTLE_MOUNT,METRO_KILPAUK,METRO_LITTLE_MOUNT,Kilpauk,Little Mount,KILPAUK,LITTLE MOUNT,40.0,32.0,INR,CMRL,2021-02-22,CMRL_OFFICIAL
FARE_CMRL_METRO_KILPAUK_TO_METRO_SAIDAPET,METRO_KILPAUK,METRO_SAIDAPET,Kilpauk,Saidapet Metro,KILPAUK,SAIDAPET,40.0,32.0,INR,CMRL,2021-02-22,CMRL_OFFICIAL
FARE_CMRL_METRO_KILPAUK_TO_METRO_NANDANAM,METRO_KILPAUK,METRO_NANDANAM,Kilpauk,Nandanam,KILPAUK,NANDANAM,30.0,24.0,INR,CMRL,2021-02-22,CMRL_OFFICIAL
FARE_CMRL_METRO_KILPAUK_TO_METRO_TEYNAMPET,METRO_KILPAUK,METRO_TEYNAMPET,Kilpauk,Teynampet,KILPAUK,TEYNAMPET,30.0,24.0,INR,CMRL,2021-02-22,CMRL_OFFICIAL
FARE_CMRL_METRO_KILPAUK_TO_METRO_AG___8211__DMS,METRO_KILPAUK,METRO_AG___8211__DMS,Kilpauk,AG – DMS,KILPAUK,AG-DMS,30.0,24.0,INR,CMRL,2021-02-22,CMRL_OFFICIAL
FARE_CMRL_METRO_KILPAUK_TO_METRO_THOUSAND_LIGHTS,METRO_KILPAUK,METRO_THOUSAND_LIGHTS,Kilpauk,Thousand Lights,KILPAUK,THOUSAND LIGHTS,30.0,24.0,INR,CMRL,2021-02-22,CMRL_OFFICIAL
FARE_CMRL_METRO_KILPAUK_TO_METRO_LIC,METRO_KILPAUK,METRO_LIC,Kilpauk,LIC,KILPAUK,LIC,30.0,24.0,INR,CMRL,2021-02-22,CMRL_OFFICIAL
FARE_CMRL_METRO_KILPAUK_TO_METRO_GOVERNMENT_ESTATE,METRO_KILPAUK,METRO_GOVERNMENT_ESTATE,Kilpauk,Government Estate,KILPAUK,GOVERNMENT ESTATE,30.0,24.0,INR,CMRL,2021-02-22,CMRL_OFFICIAL
FARE_CMRL_METRO_KILPAUK_TO_METRO_PURATCHI_THALAIVAR_DR__M_G_RAMACHANDRAN_CENTRAL,METRO_KILPAUK,METRO_PURATCHI_THALAIVAR_DR__M_G_RAMACHANDRAN_CENTRAL,Kilpauk,Puratchi Thalaivar Dr. M.G.Ramachandran Central Metro,KILPAUK,PURATCHI THALAIVAR DR.M.G.RAMACHANDRAN CENTRAL METRO,20.0,16.0,INR,CMRL,2021-02-22,CMRL_OFFICIAL
FARE_CMRL_METRO_KILPAUK_TO_METRO_HIGHCOURT,METRO_KILPAUK,METRO_HIGHCOURT,Kilpauk,Highcourt,KILPAUK,HIGH COURT,20.0,16.0,INR,CMRL,2021-02-22,CMRL_OFFICIAL
FARE_CMRL_METRO_KILPAUK_TO_METRO_MANNADI,METRO_KILPAUK,METRO_MANNADI,Kilpauk,Mannadi,KILPAUK,MANNADI,30.0,24.0,INR,CMRL,2021-02-22,CMRL_OFFICIAL
FARE_CMRL_METRO_KILPAUK_TO_METRO_WASHERMENPET,METRO_KILPAUK,METRO_WASHERMENPET,Kilpauk,Washermenpet,KILPAUK,WASHERMENPET,30.0,24.0,INR,CMRL,2021-02-22,CMRL_OFFICIAL
FARE_CMRL_METRO_KILPAUK_TO_METRO_SIR_THIYAGARAYA_COLLEGE,METRO_KILPAUK,METRO_SIR_THIYAGARAYA_COLLEGE,Kilpauk,Sir Theagaraya College,KILPAUK,THYAGARAYA COLLEGE,30.0,24.0,INR,CMRL,2021-02-22,CMRL_OFFICIAL
FARE_CMRL_METRO_KILPAUK_TO_METRO_TONDIARPET,METRO_KILPAUK,METRO_TONDIARPET,Kilpauk,Tondiarpet,KILPAUK,TONDIARPET,30.0,24.0,INR,CMRL,2021-02-22,CMRL_OFFICIAL
FARE_CMRL_METRO_KILPAUK_TO_METRO_NEW_WASHERMENPET,METRO_KILPAUK,METRO_NEW_WASHERMENPET,Kilpauk,New Washermenpet,KILPAUK,NEW WASHERMENPET,30.0,24.0,INR,CMRL,2021-02-22,CMRL_OFFICIAL
FARE_CMRL_METRO_KILPAUK_TO_METRO_TOLLGATE,METRO_KILPAUK,METRO_TOLLGATE,Kilpauk,Tollgate,KILPAUK,TOLL GATE,30.0,24.0,INR,CMRL,2021-02-22,CMRL_OFFICIAL
FARE_CMRL_METRO_KILPAUK_TO_METRO_KALADIPET,METRO_KILPAUK,METRO_KALADIPET,Kilpauk,Kaladipet,KILPAUK,KALADIPET,40.0,32.0,INR,CMRL,2021-02-22,CMRL_OFFICIAL
FARE_CMRL_METRO_KILPAUK_TO_METRO_THIRUVOTTRIYUR_THERADI,METRO_KILPAUK,METRO_THIRUVOTTRIYUR_THERADI,Kilpauk,Thiruvottiyur Theradi,KILPAUK,THIRUVOTRIYUR THEREDI,40.0,32.0,INR,CMRL,2021-02-22,CMRL_OFFICIAL
FARE_CMRL_METRO_KILPAUK_TO_METRO_THIRUVOTRIYUR,METRO_KILPAUK,METRO_THIRUVOTRIYUR,Kilpauk,Thiruvottriyur,KILPAUK,THIRUVOTRIYUR,40.0,32.0,INR,CMRL,2021-02-22,CMRL_OFFICIAL
FARE_CMRL_METRO_KILPAUK_TO_METRO_WIMCO_NAGAR_6738,METRO_KILPAUK,METRO_WIMCO_NAGAR_6738,Kilpauk,Wimco Nagar,KILPAUK,WIMCO NAGAR,40.0,32.0,INR,CMRL,2021-02-22,CMRL_OFFICIAL
FARE_CMRL_METRO_KILPAUK_TO_METRO_WIMCO_NAGAR,METRO_KILPAUK,METRO_WIMCO_NAGAR,Kilpauk,Wimco Nagar Depot,KILPAUK,WIMCO NAGAR DEPOT,40.0,32.0,INR,CMRL,2021-02-22,CMRL_OFFICIAL
FARE_CMRL_METRO_KILPAUK_TO_METRO_EKKATTUTHANGAL,METRO_KILPAUK,METRO_EKKATTUTHANGAL,Kilpauk,Ekkattuthangal,KILPAUK,EKKATTUTHANGAL,40.0,32.0,INR,CMRL,2021-02-22,CMRL_OFFICIAL
FARE_CMRL_METRO_KILPAUK_TO_METRO_ASHOK_NAGAR,METRO_KILPAUK,METRO_ASHOK_NAGAR,Kilpauk,Ashok Nagar,KILPAUK,ASHOK NAGAR,40.0,32.0,INR,CMRL,2021-02-22,CMRL_OFFICIAL
FARE_CMRL_METRO_KILPAUK_TO_METRO_VADAPALANI,METRO_KILPAUK,METRO_VADAPALANI,Kilpauk,Vadapalani,KILPAUK,VADAPALANI,30.0,24.0,INR,CMRL,2021-02-22,CMRL_OFFICIAL
FARE_CMRL_METRO_KILPAUK_TO_METRO_ARUMBAKKAM,METRO_KILPAUK,METRO_ARUMBAKKAM,Kilpauk,Arumbakkam,KILPAUK,ARUMBAKKAM,30.0,24.0,INR,CMRL,2021-02-22,CMRL_OFFICIAL
FARE_CMRL_METRO_KILPAUK_TO_METRO_PURATCHI_THALAIVI_DR_J_JAYALALITHAA_CMBT,METRO_KILPAUK,METRO_PURATCHI_THALAIVI_DR_J_JAYALALITHAA_CMBT,Kilpauk,Puratchi Thalaivi Dr.J.Jayalalithaa CMBT Metro,KILPAUK,PURATCHI THALAIVI DR.J.JAYALALITHAA CMBT METRO,30.0,24.0,INR,CMRL,2021-02-22,CMRL_OFFICIAL
FARE_CMRL_METRO_KILPAUK_TO_METRO_KOYAMBEDU,METRO_KILPAUK,METRO_KOYAMBEDU,Kilpauk,Koyambedu,KILPAUK,KOYAMBEDU,30.0,24.0,INR,CMRL,2021-02-22,CMRL_OFFICIAL
FARE_CMRL_METRO_KILPAUK_TO_METRO_THIRUMANGALAM,METRO_KILPAUK,METRO_THIRUMANGALAM,Kilpauk,Thirumangalam,KILPAUK,THIRUMANGALAM,30.0,24.0,INR,CMRL,2021-02-22,CMRL_OFFICIAL
FARE_CMRL_METRO_KILPAUK_TO_METRO_ANNA_NAGAR_TOWER,METRO_KILPAUK,METRO_ANNA_NAGAR_TOWER,Kilpauk,Anna Nagar Tower,KILPAUK,ANNA NAGAR TOWER,20.0,16.0,INR,CMRL,2021-02-22,CMRL_OFFICIAL
FARE_CMRL_METRO_KILPAUK_TO_METRO_ANNA_NAGAR_EAST,METRO_KILPAUK,METRO_ANNA_NAGAR_EAST,Kilpauk,Anna Nagar East,KILPAUK,ANNA NAGAR EAST,20.0,16.0,INR,CMRL,2021-02-22,CMRL_OFFICIAL
FARE_CMRL_METRO_KILPAUK_TO_METRO_SHENOY_NAGAR,METRO_KILPAUK,METRO_SHENOY_NAGAR,Kilpauk,Shenoy Nagar,KILPAUK,SHENOY NAGAR,20.0,16.0,INR,CMRL,2021-02-22,CMRL_OFFICIAL
FARE_CMRL_METRO_KILPAUK_TO_METRO_PACHAIYAPPA_S_COLLEGE,METRO_KILPAUK,METRO_PACHAIYAPPA_S_COLLEGE,Kilpauk,Pachaiyappa's College,KILPAUK,PACHIAPPAS COLLEGE,10.0,8.0,INR,CMRL,2021-02-22,CMRL_OFFICIAL
FARE_CMRL_METRO_KILPAUK_TO_METRO_KILPAUK,METRO_KILPAUK,METRO_KILPAUK,Kilpauk,Kilpauk,KILPAUK,KILPAUK,0.0,0.0,INR,CMRL,2021-02-22,CMRL_OFFICIAL
FARE_CMRL_METRO_KILPAUK_TO_METRO_NEHRU_PARK,METRO_KILPAUK,METRO_NEHRU_PARK,Kilpauk,Nehru Park,KILPAUK,NEHRU PARK,10.0,8.0,INR,CMRL,2021-02-22,CMRL_OFFICIAL
FARE_CMRL_METRO_KILPAUK_TO_METRO_EGMORE,METRO_KILPAUK,METRO_EGMORE,Kilpauk,Egmore,KILPAUK,EGMORE,10.0,8.0,INR,CMRL,2021-02-22,CMRL_OFFICIAL
FARE_CMRL_METRO_KILPAUK_TO_METRO_ST__THOMAS_MOUNT,METRO_KILPAUK,METRO_ST__THOMAS_MOUNT,Kilpauk,St. Thomas Mount,KILPAUK,ST. THOMAS MOUNT,40.0,32.0,INR,CMRL,2021-02-22,CMRL_OFFICIAL
FARE_CMRL_METRO_NEHRU_PARK_TO_METRO_CHENNAI_INTERNATIONAL_AIRPORT,METRO_NEHRU_PARK,METRO_CHENNAI_INTERNATIONAL_AIRPORT,Nehru Park,Chennai International Airport,NEHRU PARK,AIRPORT,40.0,32.0,INR,CMRL,2021-02-22,CMRL_OFFICIAL
FARE_CMRL_METRO_NEHRU_PARK_TO_METRO_MEENAMBAKKAM,METRO_NEHRU_PARK,METRO_MEENAMBAKKAM,Nehru Park,Meenambakkam,NEHRU PARK,MEENAMBAKKAM,40.0,32.0,INR,CMRL,2021-02-22,CMRL_OFFICIAL
FARE_CMRL_METRO_NEHRU_PARK_TO_METRO_OTA_NANGANALLUR_ROAD,METRO_NEHRU_PARK,METRO_OTA_NANGANALLUR_ROAD,Nehru Park,OTA-Nanganallur Road,NEHRU PARK,NANGANALLUR ROAD,40.0,32.0,INR,CMRL,2021-02-22,CMRL_OFFICIAL
FARE_CMRL_METRO_NEHRU_PARK_TO_METRO_ARIGNAR_ANNA_ALANDUR,METRO_NEHRU_PARK,METRO_ARIGNAR_ANNA_ALANDUR,Nehru Park,Arignar Anna Alandur Metro,NEHRU PARK,ARIGNAR ANNA ALANDUR METRO,40.0,32.0,INR,CMRL,2021-02-22,CMRL_OFFICIAL
FARE_CMRL_METRO_NEHRU_PARK_TO_METRO_GUINDY,METRO_NEHRU_PARK,METRO_GUINDY,Nehru Park,Guindy,NEHRU PARK,GUINDY,40.0,32.0,INR,CMRL,2021-02-22,CMRL_OFFICIAL
FARE_CMRL_METRO_NEHRU_PARK_TO_METRO_LITTLE_MOUNT,METRO_NEHRU_PARK,METRO_LITTLE_MOUNT,Nehru Park,Little Mount,NEHRU PARK,LITTLE MOUNT,40.0,32.0,INR,CMRL,2021-02-22,CMRL_OFFICIAL
FARE_CMRL_METRO_NEHRU_PARK_TO_METRO_SAIDAPET,METRO_NEHRU_PARK,METRO_SAIDAPET,Nehru Park,Saidapet Metro,NEHRU PARK,SAIDAPET,30.0,24.0,INR,CMRL,2021-02-22,CMRL_OFFICIAL
FARE_CMRL_METRO_NEHRU_PARK_TO_METRO_NANDANAM,METRO_NEHRU_PARK,METRO_NANDANAM,Nehru Park,Nandanam,NEHRU PARK,NANDANAM,30.0,24.0,INR,CMRL,2021-02-22,CMRL_OFFICIAL
FARE_CMRL_METRO_NEHRU_PARK_TO_METRO_TEYNAMPET,METRO_NEHRU_PARK,METRO_TEYNAMPET,Nehru Park,Teynampet,NEHRU PARK,TEYNAMPET,30.0,24.0,INR,CMRL,2021-02-22,CMRL_OFFICIAL
FARE_CMRL_METRO_NEHRU_PARK_TO_METRO_AG___8211__DMS,METRO_NEHRU_PARK,METRO_AG___8211__DMS,Nehru Park,AG – DMS,NEHRU PARK,AG-DMS,30.0,24.0,INR,CMRL,2021-02-22,CMRL_OFFICIAL
FARE_CMRL_METRO_NEHRU_PARK_TO_METRO_THOUSAND_LIGHTS,METRO_NEHRU_PARK,METRO_THOUSAND_LIGHTS,Nehru Park,Thousand Lights,NEHRU PARK,THOUSAND LIGHTS,30.0,24.0,INR,CMRL,2021-02-22,CMRL_OFFICIAL
FARE_CMRL_METRO_NEHRU_PARK_TO_METRO_LIC,METRO_NEHRU_PARK,METRO_LIC,Nehru Park,LIC,NEHRU PARK,LIC,30.0,24.0,INR,CMRL,2021-02-22,CMRL_OFFICIAL
FARE_CMRL_METRO_NEHRU_PARK_TO_METRO_GOVERNMENT_ESTATE,METRO_NEHRU_PARK,METRO_GOVERNMENT_ESTATE,Nehru Park,Government Estate,NEHRU PARK,GOVERNMENT ESTATE,20.0,16.0,INR,CMRL,2021-02-22,CMRL_OFFICIAL
FARE_CMRL_METRO_NEHRU_PARK_TO_METRO_PURATCHI_THALAIVAR_DR__M_G_RAMACHANDRAN_CENTRAL,METRO_NEHRU_PARK,METRO_PURATCHI_THALAIVAR_DR__M_G_RAMACHANDRAN_CENTRAL,Nehru Park,Puratchi Thalaivar Dr. M.G.Ramachandran Central Metro,NEHRU PARK,PURATCHI THALAIVAR DR.M.G.RAMACHANDRAN CENTRAL METRO,20.0,16.0,INR,CMRL,2021-02-22,CMRL_OFFICIAL
FARE_CMRL_METRO_NEHRU_PARK_TO_METRO_HIGHCOURT,METRO_NEHRU_PARK,METRO_HIGHCOURT,Nehru Park,Highcourt,NEHRU PARK,HIGH COURT,20.0,16.0,INR,CMRL,2021-02-22,CMRL_OFFICIAL
FARE_CMRL_METRO_NEHRU_PARK_TO_METRO_MANNADI,METRO_NEHRU_PARK,METRO_MANNADI,Nehru Park,Mannadi,NEHRU PARK,MANNADI,20.0,16.0,INR,CMRL,2021-02-22,CMRL_OFFICIAL
FARE_CMRL_METRO_NEHRU_PARK_TO_METRO_WASHERMENPET,METRO_NEHRU_PARK,METRO_WASHERMENPET,Nehru Park,Washermenpet,NEHRU PARK,WASHERMENPET,30.0,24.0,INR,CMRL,2021-02-22,CMRL_OFFICIAL
FARE_CMRL_METRO_NEHRU_PARK_TO_METRO_SIR_THIYAGARAYA_COLLEGE,METRO_NEHRU_PARK,METRO_SIR_THIYAGARAYA_COLLEGE,Nehru Park,Sir Theagaraya College,NEHRU PARK,THYAGARAYA COLLEGE,30.0,24.0,INR,CMRL,2021-02-22,CMRL_OFFICIAL
FARE_CMRL_METRO_NEHRU_PARK_TO_METRO_TONDIARPET,METRO_NEHRU_PARK,METRO_TONDIARPET,Nehru Park,Tondiarpet,NEHRU PARK,TONDIARPET,30.0,24.0,INR,CMRL,2021-02-22,CMRL_OFFICIAL
FARE_CMRL_METRO_NEHRU_PARK_TO_METRO_NEW_WASHERMENPET,METRO_NEHRU_PARK,METRO_NEW_WASHERMENPET,Nehru Park,New Washermenpet,NEHRU PARK,NEW WASHERMENPET,30.0,24.0,INR,CMRL,2021-02-22,CMRL_OFFICIAL
FARE_CMRL_METRO_NEHRU_PARK_TO_METRO_TOLLGATE,METRO_NEHRU_PARK,METRO_TOLLGATE,Nehru Park,Tollgate,NEHRU PARK,TOLL GATE,30.0,24.0,INR,CMRL,2021-02-22,CMRL_OFFICIAL
FARE_CMRL_METRO_NEHRU_PARK_TO_METRO_KALADIPET,METRO_NEHRU_PARK,METRO_KALADIPET,Nehru Park,Kaladipet,NEHRU PARK,KALADIPET,30.0,24.0,INR,CMRL,2021-02-22,CMRL_OFFICIAL
FARE_CMRL_METRO_NEHRU_PARK_TO_METRO_THIRUVOTTRIYUR_THERADI,METRO_NEHRU_PARK,METRO_THIRUVOTTRIYUR_THERADI,Nehru Park,Thiruvottiyur Theradi,NEHRU PARK,THIRUVOTRIYUR THEREDI,40.0,32.0,INR,CMRL,2021-02-22,CMRL_OFFICIAL
FARE_CMRL_METRO_NEHRU_PARK_TO_METRO_THIRUVOTRIYUR,METRO_NEHRU_PARK,METRO_THIRUVOTRIYUR,Nehru Park,Thiruvottriyur,NEHRU PARK,THIRUVOTRIYUR,40.0,32.0,INR,CMRL,2021-02-22,CMRL_OFFICIAL
FARE_CMRL_METRO_NEHRU_PARK_TO_METRO_WIMCO_NAGAR_6738,METRO_NEHRU_PARK,METRO_WIMCO_NAGAR_6738,Nehru Park,Wimco Nagar,NEHRU PARK,WIMCO NAGAR,40.0,32.0,INR,CMRL,2021-02-22,CMRL_OFFICIAL
FARE_CMRL_METRO_NEHRU_PARK_TO_METRO_WIMCO_NAGAR,METRO_NEHRU_PARK,METRO_WIMCO_NAGAR,Nehru Park,Wimco Nagar Depot,NEHRU PARK,WIMCO NAGAR DEPOT,40.0,32.0,INR,CMRL,2021-02-22,CMRL_OFFICIAL
FARE_CMRL_METRO_NEHRU_PARK_TO_METRO_EKKATTUTHANGAL,METRO_NEHRU_PARK,METRO_EKKATTUTHANGAL,Nehru Park,Ekkattuthangal,NEHRU PARK,EKKATTUTHANGAL,40.0,32.0,INR,CMRL,2021-02-22,CMRL_OFFICIAL
FARE_CMRL_METRO_NEHRU_PARK_TO_METRO_ASHOK_NAGAR,METRO_NEHRU_PARK,METRO_ASHOK_NAGAR,Nehru Park,Ashok Nagar,NEHRU PARK,ASHOK NAGAR,40.0,32.0,INR,CMRL,2021-02-22,CMRL_OFFICIAL
FARE_CMRL_METRO_NEHRU_PARK_TO_METRO_VADAPALANI,METRO_NEHRU_PARK,METRO_VADAPALANI,Nehru Park,Vadapalani,NEHRU PARK,VADAPALANI,30.0,24.0,INR,CMRL,2021-02-22,CMRL_OFFICIAL
FARE_CMRL_METRO_NEHRU_PARK_TO_METRO_ARUMBAKKAM,METRO_NEHRU_PARK,METRO_ARUMBAKKAM,Nehru Park,Arumbakkam,NEHRU PARK,ARUMBAKKAM,30.0,24.0,INR,CMRL,2021-02-22,CMRL_OFFICIAL
FARE_CMRL_METRO_NEHRU_PARK_TO_METRO_PURATCHI_THALAIVI_DR_J_JAYALALITHAA_CMBT,METRO_NEHRU_PARK,METRO_PURATCHI_THALAIVI_DR_J_JAYALALITHAA_CMBT,Nehru Park,Puratchi Thalaivi Dr.J.Jayalalithaa CMBT Metro,NEHRU PARK,PURATCHI THALAIVI DR.J.JAYALALITHAA CMBT METRO,30.0,24.0,INR,CMRL,2021-02-22,CMRL_OFFICIAL
FARE_CMRL_METRO_NEHRU_PARK_TO_METRO_KOYAMBEDU,METRO_NEHRU_PARK,METRO_KOYAMBEDU,Nehru Park,Koyambedu,NEHRU PARK,KOYAMBEDU,30.0,24.0,INR,CMRL,2021-02-22,CMRL_OFFICIAL
FARE_CMRL_METRO_NEHRU_PARK_TO_METRO_THIRUMANGALAM,METRO_NEHRU_PARK,METRO_THIRUMANGALAM,Nehru Park,Thirumangalam,NEHRU PARK,THIRUMANGALAM,30.0,24.0,INR,CMRL,2021-02-22,CMRL_OFFICIAL
FARE_CMRL_METRO_NEHRU_PARK_TO_METRO_ANNA_NAGAR_TOWER,METRO_NEHRU_PARK,METRO_ANNA_NAGAR_TOWER,Nehru Park,Anna Nagar Tower,NEHRU PARK,ANNA NAGAR TOWER,30.0,24.0,INR,CMRL,2021-02-22,CMRL_OFFICIAL
FARE_CMRL_METRO_NEHRU_PARK_TO_METRO_ANNA_NAGAR_EAST,METRO_NEHRU_PARK,METRO_ANNA_NAGAR_EAST,Nehru Park,Anna Nagar East,NEHRU PARK,ANNA NAGAR EAST,20.0,16.0,INR,CMRL,2021-02-22,CMRL_OFFICIAL
FARE_CMRL_METRO_NEHRU_PARK_TO_METRO_SHENOY_NAGAR,METRO_NEHRU_PARK,METRO_SHENOY_NAGAR,Nehru Park,Shenoy Nagar,NEHRU PARK,SHENOY NAGAR,20.0,16.0,INR,CMRL,2021-02-22,CMRL_OFFICIAL
FARE_CMRL_METRO_NEHRU_PARK_TO_METRO_PACHAIYAPPA_S_COLLEGE,METRO_NEHRU_PARK,METRO_PACHAIYAPPA_S_COLLEGE,Nehru Park,Pachaiyappa's College,NEHRU PARK,PACHIAPPAS COLLEGE,10.0,8.0,INR,CMRL,2021-02-22,CMRL_OFFICIAL
FARE_CMRL_METRO_NEHRU_PARK_TO_METRO_KILPAUK,METRO_NEHRU_PARK,METRO_KILPAUK,Nehru Park,Kilpauk,NEHRU PARK,KILPAUK,10.0,8.0,INR,CMRL,2021-02-22,CMRL_OFFICIAL
FARE_CMRL_METRO_NEHRU_PARK_TO_METRO_NEHRU_PARK,METRO_NEHRU_PARK,METRO_NEHRU_PARK,Nehru Park,Nehru Park,NEHRU PARK,NEHRU PARK,0.0,0.0,INR,CMRL,2021-02-22,CMRL_OFFICIAL
FARE_CMRL_METRO_NEHRU_PARK_TO_METRO_EGMORE,METRO_NEHRU_PARK,METRO_EGMORE,Nehru Park,Egmore,NEHRU PARK,EGMORE,10.0,8.0,INR,CMRL,2021-02-22,CMRL_OFFICIAL
FARE_CMRL_METRO_NEHRU_PARK_TO_METRO_ST__THOMAS_MOUNT,METRO_NEHRU_PARK,METRO_ST__THOMAS_MOUNT,Nehru Park,St. Thomas Mount,NEHRU PARK,ST. THOMAS MOUNT,40.0,32.0,INR,CMRL,2021-02-22,CMRL_OFFICIAL
FARE_CMRL_METRO_EGMORE_TO_METRO_CHENNAI_INTERNATIONAL_AIRPORT,METRO_EGMORE,METRO_CHENNAI_INTERNATIONAL_AIRPORT,Egmore,Chennai International Airport,EGMORE,AIRPORT,40.0,32.0,INR,CMRL,2021-02-22,CMRL_OFFICIAL
FARE_CMRL_METRO_EGMORE_TO_METRO_MEENAMBAKKAM,METRO_EGMORE,METRO_MEENAMBAKKAM,Egmore,Meenambakkam,EGMORE,MEENAMBAKKAM,40.0,32.0,INR,CMRL,2021-02-22,CMRL_OFFICIAL
FARE_CMRL_METRO_EGMORE_TO_METRO_OTA_NANGANALLUR_ROAD,METRO_EGMORE,METRO_OTA_NANGANALLUR_ROAD,Egmore,OTA-Nanganallur Road,EGMORE,NANGANALLUR ROAD,40.0,32.0,INR,CMRL,2021-02-22,CMRL_OFFICIAL
FARE_CMRL_METRO_EGMORE_TO_METRO_ARIGNAR_ANNA_ALANDUR,METRO_EGMORE,METRO_ARIGNAR_ANNA_ALANDUR,Egmore,Arignar Anna Alandur Metro,EGMORE,ARIGNAR ANNA ALANDUR METRO,40.0,32.0,INR,CMRL,2021-02-22,CMRL_OFFICIAL
FARE_CMRL_METRO_EGMORE_TO_METRO_GUINDY,METRO_EGMORE,METRO_GUINDY,Egmore,Guindy,EGMORE,GUINDY,40.0,32.0,INR,CMRL,2021-02-22,CMRL_OFFICIAL
FARE_CMRL_METRO_EGMORE_TO_METRO_LITTLE_MOUNT,METRO_EGMORE,METRO_LITTLE_MOUNT,Egmore,Little Mount,EGMORE,LITTLE MOUNT,30.0,24.0,INR,CMRL,2021-02-22,CMRL_OFFICIAL
FARE_CMRL_METRO_EGMORE_TO_METRO_SAIDAPET,METRO_EGMORE,METRO_SAIDAPET,Egmore,Saidapet Metro,EGMORE,SAIDAPET,30.0,24.0,INR,CMRL,2021-02-22,CMRL_OFFICIAL
FARE_CMRL_METRO_EGMORE_TO_METRO_NANDANAM,METRO_EGMORE,METRO_NANDANAM,Egmore,Nandanam,EGMORE,NANDANAM,30.0,24.0,INR,CMRL,2021-02-22,CMRL_OFFICIAL
FARE_CMRL_METRO_EGMORE_TO_METRO_TEYNAMPET,METRO_EGMORE,METRO_TEYNAMPET,Egmore,Teynampet,EGMORE,TEYNAMPET,30.0,24.0,INR,CMRL,2021-02-22,CMRL_OFFICIAL
FARE_CMRL_METRO_EGMORE_TO_METRO_AG___8211__DMS,METRO_EGMORE,METRO_AG___8211__DMS,Egmore,AG – DMS,EGMORE,AG-DMS,30.0,24.0,INR,CMRL,2021-02-22,CMRL_OFFICIAL
FARE_CMRL_METRO_EGMORE_TO_METRO_THOUSAND_LIGHTS,METRO_EGMORE,METRO_THOUSAND_LIGHTS,Egmore,Thousand Lights,EGMORE,THOUSAND LIGHTS,30.0,24.0,INR,CMRL,2021-02-22,CMRL_OFFICIAL
FARE_CMRL_METRO_EGMORE_TO_METRO_LIC,METRO_EGMORE,METRO_LIC,Egmore,LIC,EGMORE,LIC,20.0,16.0,INR,CMRL,2021-02-22,CMRL_OFFICIAL
FARE_CMRL_METRO_EGMORE_TO_METRO_GOVERNMENT_ESTATE,METRO_EGMORE,METRO_GOVERNMENT_ESTATE,Egmore,Government Estate,EGMORE,GOVERNMENT ESTATE,20.0,16.0,INR,CMRL,2021-02-22,CMRL_OFFICIAL
FARE_CMRL_METRO_EGMORE_TO_METRO_PURATCHI_THALAIVAR_DR__M_G_RAMACHANDRAN_CENTRAL,METRO_EGMORE,METRO_PURATCHI_THALAIVAR_DR__M_G_RAMACHANDRAN_CENTRAL,Egmore,Puratchi Thalaivar Dr. M.G.Ramachandran Central Metro,EGMORE,PURATCHI THALAIVAR DR.M.G.RAMACHANDRAN CENTRAL METRO,10.0,8.0,INR,CMRL,2021-02-22,CMRL_OFFICIAL
FARE_CMRL_METRO_EGMORE_TO_METRO_HIGHCOURT,METRO_EGMORE,METRO_HIGHCOURT,Egmore,Highcourt,EGMORE,HIGH COURT,20.0,16.0,INR,CMRL,2021-02-22,CMRL_OFFICIAL
FARE_CMRL_METRO_EGMORE_TO_METRO_MANNADI,METRO_EGMORE,METRO_MANNADI,Egmore,Mannadi,EGMORE,MANNADI,20.0,16.0,INR,CMRL,2021-02-22,CMRL_OFFICIAL
FARE_CMRL_METRO_EGMORE_TO_METRO_WASHERMENPET,METRO_EGMORE,METRO_WASHERMENPET,Egmore,Washermenpet,EGMORE,WASHERMENPET,30.0,24.0,INR,CMRL,2021-02-22,CMRL_OFFICIAL
FARE_CMRL_METRO_EGMORE_TO_METRO_SIR_THIYAGARAYA_COLLEGE,METRO_EGMORE,METRO_SIR_THIYAGARAYA_COLLEGE,Egmore,Sir Theagaraya College,EGMORE,THYAGARAYA COLLEGE,30.0,24.0,INR,CMRL,2021-02-22,CMRL_OFFICIAL
FARE_CMRL_METRO_EGMORE_TO_METRO_TONDIARPET,METRO_EGMORE,METRO_TONDIARPET,Egmore,Tondiarpet,EGMORE,TONDIARPET,30.0,24.0,INR,CMRL,2021-02-22,CMRL_OFFICIAL
FARE_CMRL_METRO_EGMORE_TO_METRO_NEW_WASHERMENPET,METRO_EGMORE,METRO_NEW_WASHERMENPET,Egmore,New Washermenpet,EGMORE,NEW WASHERMENPET,30.0,24.0,INR,CMRL,2021-02-22,CMRL_OFFICIAL
FARE_CMRL_METRO_EGMORE_TO_METRO_TOLLGATE,METRO_EGMORE,METRO_TOLLGATE,Egmore,Tollgate,EGMORE,TOLL GATE,30.0,24.0,INR,CMRL,2021-02-22,CMRL_OFFICIAL
FARE_CMRL_METRO_EGMORE_TO_METRO_KALADIPET,METRO_EGMORE,METRO_KALADIPET,Egmore,Kaladipet,EGMORE,KALADIPET,30.0,24.0,INR,CMRL,2021-02-22,CMRL_OFFICIAL
FARE_CMRL_METRO_EGMORE_TO_METRO_THIRUVOTTRIYUR_THERADI,METRO_EGMORE,METRO_THIRUVOTTRIYUR_THERADI,Egmore,Thiruvottiyur Theradi,EGMORE,THIRUVOTRIYUR THEREDI,30.0,24.0,INR,CMRL,2021-02-22,CMRL_OFFICIAL
FARE_CMRL_METRO_EGMORE_TO_METRO_THIRUVOTRIYUR,METRO_EGMORE,METRO_THIRUVOTRIYUR,Egmore,Thiruvottriyur,EGMORE,THIRUVOTRIYUR,40.0,32.0,INR,CMRL,2021-02-22,CMRL_OFFICIAL
FARE_CMRL_METRO_EGMORE_TO_METRO_WIMCO_NAGAR_6738,METRO_EGMORE,METRO_WIMCO_NAGAR_6738,Egmore,Wimco Nagar,EGMORE,WIMCO NAGAR,40.0,32.0,INR,CMRL,2021-02-22,CMRL_OFFICIAL
FARE_CMRL_METRO_EGMORE_TO_METRO_WIMCO_NAGAR,METRO_EGMORE,METRO_WIMCO_NAGAR,Egmore,Wimco Nagar Depot,EGMORE,WIMCO NAGAR DEPOT,40.0,32.0,INR,CMRL,2021-02-22,CMRL_OFFICIAL
FARE_CMRL_METRO_EGMORE_TO_METRO_EKKATTUTHANGAL,METRO_EGMORE,METRO_EKKATTUTHANGAL,Egmore,Ekkattuthangal,EGMORE,EKKATTUTHANGAL,40.0,32.0,INR,CMRL,2021-02-22,CMRL_OFFICIAL
FARE_CMRL_METRO_EGMORE_TO_METRO_ASHOK_NAGAR,METRO_EGMORE,METRO_ASHOK_NAGAR,Egmore,Ashok Nagar,EGMORE,ASHOK NAGAR,40.0,32.0,INR,CMRL,2021-02-22,CMRL_OFFICIAL
FARE_CMRL_METRO_EGMORE_TO_METRO_VADAPALANI,METRO_EGMORE,METRO_VADAPALANI,Egmore,Vadapalani,EGMORE,VADAPALANI,40.0,32.0,INR,CMRL,2021-02-22,CMRL_OFFICIAL
FARE_CMRL_METRO_EGMORE_TO_METRO_ARUMBAKKAM,METRO_EGMORE,METRO_ARUMBAKKAM,Egmore,Arumbakkam,EGMORE,ARUMBAKKAM,30.0,24.0,INR,CMRL,2021-02-22,CMRL_OFFICIAL
FARE_CMRL_METRO_EGMORE_TO_METRO_PURATCHI_THALAIVI_DR_J_JAYALALITHAA_CMBT,METRO_EGMORE,METRO_PURATCHI_THALAIVI_DR_J_JAYALALITHAA_CMBT,Egmore,Puratchi Thalaivi Dr.J.Jayalalithaa CMBT Metro,EGMORE,PURATCHI THALAIVI DR.J.JAYALALITHAA CMBT METRO,30.0,24.0,INR,CMRL,2021-02-22,CMRL_OFFICIAL
FARE_CMRL_METRO_EGMORE_TO_METRO_KOYAMBEDU,METRO_EGMORE,METRO_KOYAMBEDU,Egmore,Koyambedu,EGMORE,KOYAMBEDU,30.0,24.0,INR,CMRL,2021-02-22,CMRL_OFFICIAL
FARE_CMRL_METRO_EGMORE_TO_METRO_THIRUMANGALAM,METRO_EGMORE,METRO_THIRUMANGALAM,Egmore,Thirumangalam,EGMORE,THIRUMANGALAM,30.0,24.0,INR,CMRL,2021-02-22,CMRL_OFFICIAL
FARE_CMRL_METRO_EGMORE_TO_METRO_ANNA_NAGAR_TOWER,METRO_EGMORE,METRO_ANNA_NAGAR_TOWER,Egmore,Anna Nagar Tower,EGMORE,ANNA NAGAR TOWER,30.0,24.0,INR,CMRL,2021-02-22,CMRL_OFFICIAL
FARE_CMRL_METRO_EGMORE_TO_METRO_ANNA_NAGAR_EAST,METRO_EGMORE,METRO_ANNA_NAGAR_EAST,Egmore,Anna Nagar East,EGMORE,ANNA NAGAR EAST,30.0,24.0,INR,CMRL,2021-02-22,CMRL_OFFICIAL
FARE_CMRL_METRO_EGMORE_TO_METRO_SHENOY_NAGAR,METRO_EGMORE,METRO_SHENOY_NAGAR,Egmore,Shenoy Nagar,EGMORE,SHENOY NAGAR,20.0,16.0,INR,CMRL,2021-02-22,CMRL_OFFICIAL
FARE_CMRL_METRO_EGMORE_TO_METRO_PACHAIYAPPA_S_COLLEGE,METRO_EGMORE,METRO_PACHAIYAPPA_S_COLLEGE,Egmore,Pachaiyappa's College,EGMORE,PACHIAPPAS COLLEGE,20.0,16.0,INR,CMRL,2021-02-22,CMRL_OFFICIAL
FARE_CMRL_METRO_EGMORE_TO_METRO_KILPAUK,METRO_EGMORE,METRO_KILPAUK,Egmore,Kilpauk,EGMORE,KILPAUK,10.0,8.0,INR,CMRL,2021-02-22,CMRL_OFFICIAL
FARE_CMRL_METRO_EGMORE_TO_METRO_NEHRU_PARK,METRO_EGMORE,METRO_NEHRU_PARK,Egmore,Nehru Park,EGMORE,NEHRU PARK,10.0,8.0,INR,CMRL,2021-02-22,CMRL_OFFICIAL
FARE_CMRL_METRO_EGMORE_TO_METRO_EGMORE,METRO_EGMORE,METRO_EGMORE,Egmore,Egmore,EGMORE,EGMORE,0.0,0.0,INR,CMRL,2021-02-22,CMRL_OFFICIAL
FARE_CMRL_METRO_EGMORE_TO_METRO_ST__THOMAS_MOUNT,METRO_EGMORE,METRO_ST__THOMAS_MOUNT,Egmore,St. Thomas Mount,EGMORE,ST. THOMAS MOUNT,40.0,32.0,INR,CMRL,2021-02-22,CMRL_OFFICIAL
FARE_CMRL_METRO_ST__THOMAS_MOUNT_TO_METRO_CHENNAI_INTERNATIONAL_AIRPORT,METRO_ST__THOMAS_MOUNT,METRO_CHENNAI_INTERNATIONAL_AIRPORT,St. Thomas Mount,Chennai International Airport,ST. THOMAS MOUNT,AIRPORT,30.0,24.0,INR,CMRL,2021-02-22,CMRL_OFFICIAL
FARE_CMRL_METRO_ST__THOMAS_MOUNT_TO_METRO_MEENAMBAKKAM,METRO_ST__THOMAS_MOUNT,METRO_MEENAMBAKKAM,St. Thomas Mount,Meenambakkam,ST. THOMAS MOUNT,MEENAMBAKKAM,20.0,16.0,INR,CMRL,2021-02-22,CMRL_OFFICIAL
FARE_CMRL_METRO_ST__THOMAS_MOUNT_TO_METRO_OTA_NANGANALLUR_ROAD,METRO_ST__THOMAS_MOUNT,METRO_OTA_NANGANALLUR_ROAD,St. Thomas Mount,OTA-Nanganallur Road,ST. THOMAS MOUNT,NANGANALLUR ROAD,20.0,16.0,INR,CMRL,2021-02-22,CMRL_OFFICIAL
FARE_CMRL_METRO_ST__THOMAS_MOUNT_TO_METRO_ARIGNAR_ANNA_ALANDUR,METRO_ST__THOMAS_MOUNT,METRO_ARIGNAR_ANNA_ALANDUR,St. Thomas Mount,Arignar Anna Alandur Metro,ST. THOMAS MOUNT,ARIGNAR ANNA ALANDUR METRO,10.0,8.0,INR,CMRL,2021-02-22,CMRL_OFFICIAL
FARE_CMRL_METRO_ST__THOMAS_MOUNT_TO_METRO_GUINDY,METRO_ST__THOMAS_MOUNT,METRO_GUINDY,St. Thomas Mount,Guindy,ST. THOMAS MOUNT,GUINDY,20.0,16.0,INR,CMRL,2021-02-22,CMRL_OFFICIAL
FARE_CMRL_METRO_ST__THOMAS_MOUNT_TO_METRO_LITTLE_MOUNT,METRO_ST__THOMAS_MOUNT,METRO_LITTLE_MOUNT,St. Thomas Mount,Little Mount,ST. THOMAS MOUNT,LITTLE MOUNT,20.0,16.0,INR,CMRL,2021-02-22,CMRL_OFFICIAL
FARE_CMRL_METRO_ST__THOMAS_MOUNT_TO_METRO_SAIDAPET,METRO_ST__THOMAS_MOUNT,METRO_SAIDAPET,St. Thomas Mount,Saidapet Metro,ST. THOMAS MOUNT,SAIDAPET,30.0,24.0,INR,CMRL,2021-02-22,CMRL_OFFICIAL
FARE_CMRL_METRO_ST__THOMAS_MOUNT_TO_METRO_NANDANAM,METRO_ST__THOMAS_MOUNT,METRO_NANDANAM,St. Thomas Mount,Nandanam,ST. THOMAS MOUNT,NANDANAM,30.0,24.0,INR,CMRL,2021-02-22,CMRL_OFFICIAL
FARE_CMRL_METRO_ST__THOMAS_MOUNT_TO_METRO_TEYNAMPET,METRO_ST__THOMAS_MOUNT,METRO_TEYNAMPET,St. Thomas Mount,Teynampet,ST. THOMAS MOUNT,TEYNAMPET,30.0,24.0,INR,CMRL,2021-02-22,CMRL_OFFICIAL
FARE_CMRL_METRO_ST__THOMAS_MOUNT_TO_METRO_AG___8211__DMS,METRO_ST__THOMAS_MOUNT,METRO_AG___8211__DMS,St. Thomas Mount,AG – DMS,ST. THOMAS MOUNT,AG-DMS,30.0,24.0,INR,CMRL,2021-02-22,CMRL_OFFICIAL
FARE_CMRL_METRO_ST__THOMAS_MOUNT_TO_METRO_THOUSAND_LIGHTS,METRO_ST__THOMAS_MOUNT,METRO_THOUSAND_LIGHTS,St. Thomas Mount,Thousand Lights,ST. THOMAS MOUNT,THOUSAND LIGHTS,30.0,24.0,INR,CMRL,2021-02-22,CMRL_OFFICIAL
FARE_CMRL_METRO_ST__THOMAS_MOUNT_TO_METRO_LIC,METRO_ST__THOMAS_MOUNT,METRO_LIC,St. Thomas Mount,LIC,ST. THOMAS MOUNT,LIC,30.0,24.0,INR,CMRL,2021-02-22,CMRL_OFFICIAL
FARE_CMRL_METRO_ST__THOMAS_MOUNT_TO_METRO_GOVERNMENT_ESTATE,METRO_ST__THOMAS_MOUNT,METRO_GOVERNMENT_ESTATE,St. Thomas Mount,Government Estate,ST. THOMAS MOUNT,GOVERNMENT ESTATE,40.0,32.0,INR,CMRL,2021-02-22,CMRL_OFFICIAL
FARE_CMRL_METRO_ST__THOMAS_MOUNT_TO_METRO_PURATCHI_THALAIVAR_DR__M_G_RAMACHANDRAN_CENTRAL,METRO_ST__THOMAS_MOUNT,METRO_PURATCHI_THALAIVAR_DR__M_G_RAMACHANDRAN_CENTRAL,St. Thomas Mount,Puratchi Thalaivar Dr. M.G.Ramachandran Central Metro,ST. THOMAS MOUNT,PURATCHI THALAIVAR DR.M.G.RAMACHANDRAN CENTRAL METRO,40.0,32.0,INR,CMRL,2021-02-22,CMRL_OFFICIAL
FARE_CMRL_METRO_ST__THOMAS_MOUNT_TO_METRO_HIGHCOURT,METRO_ST__THOMAS_MOUNT,METRO_HIGHCOURT,St. Thomas Mount,Highcourt,ST. THOMAS MOUNT,HIGH COURT,40.0,32.0,INR,CMRL,2021-02-22,CMRL_OFFICIAL
FARE_CMRL_METRO_ST__THOMAS_MOUNT_TO_METRO_MANNADI,METRO_ST__THOMAS_MOUNT,METRO_MANNADI,St. Thomas Mount,Mannadi,ST. THOMAS MOUNT,MANNADI,40.0,32.0,INR,CMRL,2021-02-22,CMRL_OFFICIAL
FARE_CMRL_METRO_ST__THOMAS_MOUNT_TO_METRO_WASHERMENPET,METRO_ST__THOMAS_MOUNT,METRO_WASHERMENPET,St. Thomas Mount,Washermenpet,ST. THOMAS MOUNT,WASHERMENPET,40.0,32.0,INR,CMRL,2021-02-22,CMRL_OFFICIAL
FARE_CMRL_METRO_ST__THOMAS_MOUNT_TO_METRO_SIR_THIYAGARAYA_COLLEGE,METRO_ST__THOMAS_MOUNT,METRO_SIR_THIYAGARAYA_COLLEGE,St. Thomas Mount,Sir Theagaraya College,ST. THOMAS MOUNT,THYAGARAYA COLLEGE,40.0,32.0,INR,CMRL,2021-02-22,CMRL_OFFICIAL
FARE_CMRL_METRO_ST__THOMAS_MOUNT_TO_METRO_TONDIARPET,METRO_ST__THOMAS_MOUNT,METRO_TONDIARPET,St. Thomas Mount,Tondiarpet,ST. THOMAS MOUNT,TONDIARPET,40.0,32.0,INR,CMRL,2021-02-22,CMRL_OFFICIAL
FARE_CMRL_METRO_ST__THOMAS_MOUNT_TO_METRO_NEW_WASHERMENPET,METRO_ST__THOMAS_MOUNT,METRO_NEW_WASHERMENPET,St. Thomas Mount,New Washermenpet,ST. THOMAS MOUNT,NEW WASHERMENPET,50.0,40.0,INR,CMRL,2021-02-22,CMRL_OFFICIAL
FARE_CMRL_METRO_ST__THOMAS_MOUNT_TO_METRO_TOLLGATE,METRO_ST__THOMAS_MOUNT,METRO_TOLLGATE,St. Thomas Mount,Tollgate,ST. THOMAS MOUNT,TOLL GATE,50.0,40.0,INR,CMRL,2021-02-22,CMRL_OFFICIAL
FARE_CMRL_METRO_ST__THOMAS_MOUNT_TO_METRO_KALADIPET,METRO_ST__THOMAS_MOUNT,METRO_KALADIPET,St. Thomas Mount,Kaladipet,ST. THOMAS MOUNT,KALADIPET,50.0,40.0,INR,CMRL,2021-02-22,CMRL_OFFICIAL
FARE_CMRL_METRO_ST__THOMAS_MOUNT_TO_METRO_THIRUVOTTRIYUR_THERADI,METRO_ST__THOMAS_MOUNT,METRO_THIRUVOTTRIYUR_THERADI,St. Thomas Mount,Thiruvottiyur Theradi,ST. THOMAS MOUNT,THIRUVOTRIYUR THEREDI,50.0,40.0,INR,CMRL,2021-02-22,CMRL_OFFICIAL
FARE_CMRL_METRO_ST__THOMAS_MOUNT_TO_METRO_THIRUVOTRIYUR,METRO_ST__THOMAS_MOUNT,METRO_THIRUVOTRIYUR,St. Thomas Mount,Thiruvottriyur,ST. THOMAS MOUNT,THIRUVOTRIYUR,50.0,40.0,INR,CMRL,2021-02-22,CMRL_OFFICIAL
FARE_CMRL_METRO_ST__THOMAS_MOUNT_TO_METRO_WIMCO_NAGAR_6738,METRO_ST__THOMAS_MOUNT,METRO_WIMCO_NAGAR_6738,St. Thomas Mount,Wimco Nagar,ST. THOMAS MOUNT,WIMCO NAGAR,50.0,40.0,INR,CMRL,2021-02-22,CMRL_OFFICIAL
FARE_CMRL_METRO_ST__THOMAS_MOUNT_TO_METRO_WIMCO_NAGAR,METRO_ST__THOMAS_MOUNT,METRO_WIMCO_NAGAR,St. Thomas Mount,Wimco Nagar Depot,ST. THOMAS MOUNT,WIMCO NAGAR DEPOT,50.0,40.0,INR,CMRL,2021-02-22,CMRL_OFFICIAL
FARE_CMRL_METRO_ST__THOMAS_MOUNT_TO_METRO_EKKATTUTHANGAL,METRO_ST__THOMAS_MOUNT,METRO_EKKATTUTHANGAL,St. Thomas Mount,Ekkattuthangal,ST. THOMAS MOUNT,EKKATTUTHANGAL,20.0,16.0,INR,CMRL,2021-02-22,CMRL_OFFICIAL
FARE_CMRL_METRO_ST__THOMAS_MOUNT_TO_METRO_ASHOK_NAGAR,METRO_ST__THOMAS_MOUNT,METRO_ASHOK_NAGAR,St. Thomas Mount,Ashok Nagar,ST. THOMAS MOUNT,ASHOK NAGAR,20.0,16.0,INR,CMRL,2021-02-22,CMRL_OFFICIAL
FARE_CMRL_METRO_ST__THOMAS_MOUNT_TO_METRO_VADAPALANI,METRO_ST__THOMAS_MOUNT,METRO_VADAPALANI,St. Thomas Mount,Vadapalani,ST. THOMAS MOUNT,VADAPALANI,30.0,24.0,INR,CMRL,2021-02-22,CMRL_OFFICIAL
FARE_CMRL_METRO_ST__THOMAS_MOUNT_TO_METRO_ARUMBAKKAM,METRO_ST__THOMAS_MOUNT,METRO_ARUMBAKKAM,St. Thomas Mount,Arumbakkam,ST. THOMAS MOUNT,ARUMBAKKAM,30.0,24.0,INR,CMRL,2021-02-22,CMRL_OFFICIAL
FARE_CMRL_METRO_ST__THOMAS_MOUNT_TO_METRO_PURATCHI_THALAIVI_DR_J_JAYALALITHAA_CMBT,METRO_ST__THOMAS_MOUNT,METRO_PURATCHI_THALAIVI_DR_J_JAYALALITHAA_CMBT,St. Thomas Mount,Puratchi Thalaivi Dr.J.Jayalalithaa CMBT Metro,ST. THOMAS MOUNT,PURATCHI THALAIVI DR.J.JAYALALITHAA CMBT METRO,30.0,24.0,INR,CMRL,2021-02-22,CMRL_OFFICIAL
FARE_CMRL_METRO_ST__THOMAS_MOUNT_TO_METRO_KOYAMBEDU,METRO_ST__THOMAS_MOUNT,METRO_KOYAMBEDU,St. Thomas Mount,Koyambedu,ST. THOMAS MOUNT,KOYAMBEDU,30.0,24.0,INR,CMRL,2021-02-22,CMRL_OFFICIAL
FARE_CMRL_METRO_ST__THOMAS_MOUNT_TO_METRO_THIRUMANGALAM,METRO_ST__THOMAS_MOUNT,METRO_THIRUMANGALAM,St. Thomas Mount,Thirumangalam,ST. THOMAS MOUNT,THIRUMANGALAM,40.0,32.0,INR,CMRL,2021-02-22,CMRL_OFFICIAL
FARE_CMRL_METRO_ST__THOMAS_MOUNT_TO_METRO_ANNA_NAGAR_TOWER,METRO_ST__THOMAS_MOUNT,METRO_ANNA_NAGAR_TOWER,St. Thomas Mount,Anna Nagar Tower,ST. THOMAS MOUNT,ANNA NAGAR TOWER,40.0,32.0,INR,CMRL,2021-02-22,CMRL_OFFICIAL
FARE_CMRL_METRO_ST__THOMAS_MOUNT_TO_METRO_ANNA_NAGAR_EAST,METRO_ST__THOMAS_MOUNT,METRO_ANNA_NAGAR_EAST,St. Thomas Mount,Anna Nagar East,ST. THOMAS MOUNT,ANNA NAGAR EAST,40.0,32.0,INR,CMRL,2021-02-22,CMRL_OFFICIAL
FARE_CMRL_METRO_ST__THOMAS_MOUNT_TO_METRO_SHENOY_NAGAR,METRO_ST__THOMAS_MOUNT,METRO_SHENOY_NAGAR,St. Thomas Mount,Shenoy Nagar,ST. THOMAS MOUNT,SHENOY NAGAR,40.0,32.0,INR,CMRL,2021-02-22,CMRL_OFFICIAL
FARE_CMRL_METRO_ST__THOMAS_MOUNT_TO_METRO_PACHAIYAPPA_S_COLLEGE,METRO_ST__THOMAS_MOUNT,METRO_PACHAIYAPPA_S_COLLEGE,St. Thomas Mount,Pachaiyappa's College,ST. THOMAS MOUNT,PACHIAPPAS COLLEGE,40.0,32.0,INR,CMRL,2021-02-22,CMRL_OFFICIAL
FARE_CMRL_METRO_ST__THOMAS_MOUNT_TO_METRO_KILPAUK,METRO_ST__THOMAS_MOUNT,METRO_KILPAUK,St. Thomas Mount,Kilpauk,ST. THOMAS MOUNT,KILPAUK,40.0,32.0,INR,CMRL,2021-02-22,CMRL_OFFICIAL
FARE_CMRL_METRO_ST__THOMAS_MOUNT_TO_METRO_NEHRU_PARK,METRO_ST__THOMAS_MOUNT,METRO_NEHRU_PARK,St. Thomas Mount,Nehru Park,ST. THOMAS MOUNT,NEHRU PARK,40.0,32.0,INR,CMRL,2021-02-22,CMRL_OFFICIAL
FARE_CMRL_METRO_ST__THOMAS_MOUNT_TO_METRO_EGMORE,METRO_ST__THOMAS_MOUNT,METRO_EGMORE,St. Thomas Mount,Egmore,ST. THOMAS MOUNT,EGMORE,40.0,32.0,INR,CMRL,2021-02-22,CMRL_OFFICIAL
FARE_CMRL_METRO_ST__THOMAS_MOUNT_TO_METRO_ST__THOMAS_MOUNT,METRO_ST__THOMAS_MOUNT,METRO_ST__THOMAS_MOUNT,St. Thomas Mount,St. Thomas Mount,ST. THOMAS MOUNT,ST. THOMAS MOUNT,0.0,0.0,INR,CMRL,2021-02-22,CMRL_OFFICIAL
